PickYear,LocProfileId,SourceLocation,PickUnits,PickLines,DistinctSKUs
2022,invalid,34-009Z,2464.0,2238,3
2022,invalid,34-012Z,2457.0,2302,5
2022,invalid,34-010Z,2415.0,2192,2
2022,invalid,34-005Z,2339.0,2234,4
2022,invalid,34-002Z,2188.0,2069,5
2022,invalid,34-003Z,1914.0,1812,4
2022,invalid,34-001Z,1618.0,1492,3
2022,invalid,34-007Z,1563.0,1472,4
2022,invalid,08-046X,1501.0,1451,5
2022,invalid,33-134C,1452.0,1074,3
2022,invalid,34-004Z,1222.0,1138,8
2022,invalid,26-140C,1206.0,1151,7
2022,invalid,31-134B,1194.0,1161,5
2022,invalid,29-139C,1190.0,1164,5
2022,invalid,24-140X,1168.0,1140,8
2022,invalid,27-139X,1165.0,929,1
2022,invalid,07-019C,1135.0,1104,10
2022,invalid,26-138X,1121.0,1060,5
2022,W001,07-116C,1120.0,1097,16
2022,invalid,32-138C,1109.0,1064,3
2022,invalid,16-128X,1047.0,1015,9
2022,invalid,34-006Z,1041.0,1001,3
2022,invalid,27-135W,1037.0,985,2
2022,invalid,28-134X,1014.0,974,5
2022,invalid,33-138C,1010.0,952,5
2022,invalid,31-139C,1002.0,957,6
2022,invalid,33-137C,994.0,738,2
2022,invalid,17-128C,981.0,962,13
2022,invalid,27-137X,978.0,920,6
2022,invalid,25-140B,974.0,959,3
2022,invalid,18-132B,971.0,958,12
2022,invalid,17-047Y,967.0,942,10
2022,invalid,27-140Y,954.0,919,2
2022,invalid,24-139C,951.0,856,4
2022,invalid,17-048W,938.0,922,12
2022,invalid,25-138C,938.0,843,7
2022,W001,07-065C,934.0,899,6
2022,invalid,27-134C,929.0,896,7
2022,invalid,18-139C,925.0,891,4
2022,invalid,17-133B,915.0,892,9
2022,invalid,30-137Y,892.0,856,4
2022,invalid,18-125C,886.0,870,16
2022,invalid,24-136C,882.0,825,8
2022,invalid,25-137C,882.0,851,6
2022,invalid,32-136C,874.0,860,4
2022,invalid,24-135C,872.0,853,4
2022,invalid,09-142C,864.0,838,12
2022,invalid,08-049X,862.0,834,7
2022,invalid,29-138X,858.0,831,7
2022,invalid,31-136C,855.0,828,7
2022,W001,07-028B,843.0,827,10
2022,invalid,17-130C,842.0,805,9
2022,invalid,33-140B,842.0,828,3
2022,invalid,18-130C,838.0,804,10
2022,invalid,18-133B,831.0,814,6
2022,W001,07-147X,829.0,821,24
2022,invalid,17-127C,828.0,801,8
2022,invalid,30-138C,823.0,812,2
2022,W001,07-140Y,816.0,798,3
2022,invalid,07-109C,812.0,793,7
2022,invalid,27-137C,812.0,772,9
2022,invalid,16-134X,801.0,789,8
2022,invalid,17-132Y,796.0,777,11
2022,invalid,27-138B,790.0,757,3
2022,invalid,17-043X,789.0,773,13
2022,invalid,16-127X,788.0,776,7
2022,invalid,34-013Z,788.0,746,1
2022,invalid,24-135X,787.0,775,4
2022,invalid,26-138C,784.0,771,5
2022,invalid,27-134X,777.0,760,6
2022,invalid,28-139C,774.0,758,5
2022,invalid,30-134X,774.0,760,8
2022,invalid,34-008Z,771.0,738,3
2022,invalid,17-131Z,763.0,755,15
2022,invalid,25-136X,763.0,746,4
2022,invalid,17-127D,757.0,746,12
2022,invalid,32-139C,751.0,736,7
2022,invalid,26-136B,750.0,737,1
2022,invalid,17-059C,749.0,729,9
2022,invalid,26-136C,743.0,730,5
2022,invalid,33-135C,743.0,725,6
2022,W001,07-054Y,742.0,716,12
2022,W001,07-078C,740.0,718,13
2022,invalid,28-138C,739.0,716,4
2022,invalid,18-129C,737.0,694,7
2022,invalid,08-109X,731.0,723,11
2022,invalid,31-139X,731.0,720,5
2022,invalid,25-134C,730.0,714,7
2022,invalid,18-131B,723.0,702,12
2022,invalid,27-137D,720.0,701,3
2022,invalid,17-129B,715.0,705,12
2022,invalid,29-135C,712.0,691,5
2022,W001,07-136C,709.0,690,16
2022,invalid,31-137C,709.0,667,4
2022,invalid,24-134C,708.0,644,6
2022,invalid,08-108Z,704.0,661,22
2022,invalid,16-137X,704.0,689,8
2022,invalid,31-137X,702.0,686,7
2022,invalid,32-135C,701.0,686,6
2022,invalid,24-140B,700.0,642,4
2022,invalid,17-044Y,698.0,678,14
2022,invalid,17-127B,698.0,680,11
2022,W001,07-139X,695.0,682,12
2022,invalid,18-120C,690.0,667,12
2022,invalid,17-130D,689.0,686,12
2022,invalid,27-137B,689.0,684,5
2022,W001,07-079Y,688.0,677,6
2022,invalid,16-135X,685.0,670,10
2022,invalid,17-129C,684.0,674,8
2022,W001,07-082C,681.0,660,3
2022,invalid,26-135C,680.0,665,8
2022,invalid,17-049W,677.0,601,10
2022,W001,07-088C,674.0,656,8
2022,invalid,16-139X,667.0,654,7
2022,invalid,08-110X,665.0,612,9
2022,invalid,17-098D,665.0,657,10
2022,invalid,17-129W,664.0,642,13
2022,invalid,18-128C,664.0,618,6
2022,invalid,17-047X,660.0,651,9
2022,invalid,17-048Y,659.0,641,8
2022,W001,07-025B,655.0,639,19
2022,invalid,31-135D,653.0,639,2
2022,invalid,30-135X,648.0,613,5
2022,invalid,32-135Y,647.0,550,5
2022,invalid,24-134X,640.0,616,7
2022,invalid,18-130B,637.0,622,13
2022,W001,07-103X,635.0,624,12
2022,W001,07-111X,634.0,626,4
2022,invalid,17-049X,634.0,617,7
2022,invalid,29-135B,634.0,627,4
2022,invalid,31-134C,634.0,621,6
2022,invalid,32-140C,634.0,620,2
2022,invalid,30-136D,633.0,564,2
2022,W001,07-118C,631.0,613,11
2022,invalid,25-137X,629.0,618,7
2022,invalid,08-046W,625.0,603,21
2022,invalid,07-004B,622.0,600,30
2022,invalid,28-138Y,617.0,611,2
2022,invalid,32-140B,615.0,594,8
2022,invalid,08-043X,614.0,592,31
2022,W001,07-078B,612.0,596,6
2022,invalid,18-138C,612.0,598,4
2022,invalid,27-135B,612.0,608,3
2022,invalid,20-137C,610.0,510,6
2022,invalid,17-131D,609.0,578,7
2022,invalid,17-132D,609.0,595,9
2022,invalid,24-135W,609.0,602,9
2022,invalid,32-138X,607.0,582,6
2022,W001,07-110C,604.0,594,14
2022,invalid,31-140X,604.0,591,5
2022,invalid,16-136W,603.0,592,5
2022,invalid,17-098A,603.0,597,19
2022,W001,07-079C,601.0,590,4
2022,invalid,27-140X,601.0,587,3
2022,invalid,08-110Z,600.0,582,15
2022,invalid,26-137C,599.0,567,6
2022,invalid,17-133Y,598.0,584,12
2022,invalid,28-138B,597.0,593,3
2022,invalid,32-140X,597.0,586,2
2022,invalid,17-139B,595.0,577,2
2022,invalid,32-137X,594.0,583,5
2022,invalid,17-133D,593.0,571,8
2022,invalid,28-134B,593.0,578,3
2022,invalid,09-143C,591.0,584,17
2022,invalid,25-136B,588.0,580,5
2022,W001,07-105C,581.0,572,13
2022,invalid,17-043Y,581.0,571,12
2022,W001,07-036C,580.0,571,5
2022,W001,07-067C,580.0,568,5
2022,invalid,07-040C,579.0,556,12
2022,invalid,18-123D,579.0,567,10
2022,invalid,18-124B,576.0,571,10
2022,invalid,08-049Y,575.0,551,10
2022,invalid,24-136X,575.0,571,1
2022,invalid,08-111X,574.0,558,18
2022,invalid,17-132X,573.0,564,5
2022,invalid,29-138C,573.0,463,2
2022,W001,07-128C,572.0,557,9
2022,W001,07-096C,570.0,557,6
2022,W001,07-045B,567.0,558,13
2022,W001,07-135Y,567.0,559,17
2022,invalid,26-135B,557.0,543,5
2022,W001,07-108X,553.0,519,7
2022,invalid,18-123B,548.0,539,13
2022,invalid,26-138B,547.0,531,5
2022,W001,07-061C,545.0,534,11
2022,invalid,27-140B,545.0,466,2
2022,invalid,17-133X,544.0,520,7
2022,invalid,30-136B,544.0,537,3
2022,invalid,27-139C,542.0,530,3
2022,invalid,30-138X,539.0,512,7
2022,invalid,18-121D,538.0,526,9
2022,invalid,17-127A,537.0,527,7
2022,invalid,28-136B,536.0,532,2
2022,invalid,31-135C,536.0,529,6
2022,invalid,08-106Y,535.0,508,38
2022,invalid,26-140X,535.0,512,4
2022,invalid,18-121B,534.0,521,7
2022,W001,07-063C,532.0,512,9
2022,invalid,08-045X,531.0,503,10
2022,invalid,18-132C,531.0,513,6
2022,invalid,18-133C,530.0,520,10
2022,invalid,17-138Y,529.0,522,5
2022,invalid,26-137X,527.0,507,5
2022,W001,07-136X,525.0,475,16
2022,W001,07-139C,525.0,515,9
2022,invalid,29-134Y,524.0,497,2
2022,invalid,30-140C,523.0,482,6
2022,invalid,08-107Z,521.0,494,25
2022,invalid,27-135X,520.0,515,6
2022,invalid,07-001B,519.0,513,32
2022,W001,07-082B,517.0,492,2
2022,W001,07-112C,517.0,489,5
2022,invalid,09-147C,516.0,485,5
2022,invalid,32-137C,515.0,507,5
2022,invalid,08-047X,508.0,466,10
2022,invalid,08-110W,508.0,441,22
2022,invalid,08-112X,508.0,499,26
2022,invalid,17-128A,508.0,499,9
2022,invalid,18-134C,507.0,496,6
2022,W001,07-083B,506.0,495,7
2022,invalid,12-098C,506.0,494,8
2022,invalid,30-053X,505.0,470,5
2022,W001,07-144X,504.0,501,26
2022,W001,07-064X,502.0,491,12
2022,W001,07-142X,502.0,486,18
2022,invalid,25-135B,502.0,491,5
2022,invalid,32-134B,502.0,477,3
2022,invalid,33-135B,502.0,468,2
2022,W001,07-034Y,501.0,493,8
2022,W001,07-115X,500.0,490,25
2022,invalid,17-129Y,500.0,491,10
2022,W001,07-080C,499.0,478,5
2022,W001,07-140C,499.0,490,18
2022,invalid,08-111Z,498.0,481,21
2022,invalid,26-137Y,497.0,494,3
2022,W001,07-075B,496.0,491,14
2022,invalid,08-048Y,495.0,478,18
2022,invalid,07-001C,494.0,476,7
2022,invalid,25-134Y,493.0,471,4
2022,invalid,34-014Z,491.0,458,1
2022,invalid,27-134D,489.0,482,1
2022,invalid,29-140B,487.0,478,3
2022,invalid,16-131X,486.0,473,11
2022,W001,07-131X,484.0,479,5
2022,W001,07-073X,483.0,469,24
2022,invalid,10-143X,483.0,476,10
2022,invalid,28-140C,482.0,467,6
2022,invalid,10-142X,481.0,473,15
2022,invalid,18-129D,480.0,470,9
2022,W001,07-067X,478.0,472,7
2022,invalid,17-059B,477.0,466,7
2022,invalid,08-047Y,474.0,451,9
2022,invalid,17-049Z,474.0,468,11
2022,invalid,07-006C,473.0,460,7
2022,W001,07-098X,472.0,452,12
2022,invalid,21-137C,471.0,452,6
2022,invalid,08-044Y,470.0,455,16
2022,invalid,30-139X,468.0,449,5
2022,W001,07-084X,466.0,459,28
2022,invalid,27-134Y,466.0,455,2
2022,invalid,07-016C,465.0,456,12
2022,invalid,25-136C,465.0,452,7
2022,invalid,25-137Y,465.0,452,2
2022,invalid,24-138X,464.0,461,6
2022,invalid,17-131X,462.0,447,6
2022,invalid,10-142C,461.0,458,5
2022,invalid,18-123C,461.0,456,9
2022,invalid,07-147C,459.0,454,7
2022,invalid,08-106W,459.0,447,24
2022,W001,07-034C,456.0,449,15
2022,invalid,28-139W,456.0,445,3
2022,W001,07-129X,455.0,451,26
2022,invalid,08-044X,455.0,426,5
2022,invalid,12-060C,455.0,447,14
2022,invalid,17-133C,454.0,445,6
2022,invalid,08-043Y,453.0,410,9
2022,invalid,17-128B,453.0,442,12
2022,invalid,29-140X,453.0,449,3
2022,invalid,17-045W,451.0,414,5
2022,W001,07-116X,450.0,444,10
2022,W001,07-031Y,449.0,446,28
2022,invalid,29-139Y,448.0,432,5
2022,W001,07-059B,447.0,435,19
2022,invalid,26-137B,447.0,419,5
2022,W001,07-111C,446.0,429,4
2022,invalid,25-138X,446.0,441,4
2022,invalid,08-106X,445.0,434,11
2022,invalid,16-138Y,445.0,436,3
2022,invalid,24-135Y,445.0,437,3
2022,invalid,30-134B,444.0,422,3
2022,W001,07-062C,443.0,432,28
2022,invalid,16-133W,442.0,428,5
2022,invalid,17-044W,442.0,438,13
2022,invalid,08-046Y,441.0,410,26
2022,invalid,18-122C,441.0,434,5
2022,invalid,30-138Y,440.0,431,3
2022,invalid,08-106Z,439.0,409,18
2022,invalid,24-137Y,439.0,436,11
2022,W001,07-065B,438.0,435,22
2022,W001,07-106C,438.0,436,9
2022,invalid,28-135Y,438.0,426,6
2022,W001,07-025X,437.0,432,10
2022,invalid,08-108X,437.0,432,17
2022,invalid,18-127B,437.0,424,7
2022,invalid,26-135X,437.0,432,2
2022,W001,07-076X,435.0,428,26
2022,W001,07-091X,435.0,423,28
2022,invalid,16-140X,434.0,424,5
2022,invalid,26-139X,433.0,420,2
2022,invalid,17-060B,432.0,418,8
2022,invalid,26-137W,431.0,388,1
2022,W001,07-113B,430.0,417,22
2022,invalid,17-132Z,430.0,426,16
2022,invalid,26-134C,430.0,401,7
2022,W001,07-052B,429.0,421,19
2022,W001,07-056C,429.0,422,5
2022,invalid,17-044X,429.0,415,10
2022,invalid,18-131A,428.0,417,17
2022,W001,07-099C,427.0,420,8
2022,W001,07-141X,426.0,421,13
2022,W001,07-145X,426.0,416,11
2022,invalid,17-136C,426.0,421,6
2022,invalid,21-138C,426.0,389,10
2022,invalid,27-138X,426.0,416,4
2022,invalid,16-131Y,425.0,416,6
2022,invalid,18-136Y,425.0,414,2
2022,invalid,32-139X,424.0,403,4
2022,W001,07-106X,423.0,411,9
2022,invalid,28-137C,422.0,413,6
2022,invalid,30-134C,422.0,410,6
2022,W001,07-021X,421.0,418,10
2022,W001,07-114C,421.0,410,7
2022,invalid,10-142B,421.0,403,9
2022,invalid,16-130X,421.0,415,6
2022,invalid,21-136C,420.0,414,9
2022,invalid,26-134D,420.0,413,2
2022,W001,07-129C,419.0,405,9
2022,invalid,25-139X,419.0,415,3
2022,invalid,17-137Y,418.0,412,4
2022,invalid,17-131A,417.0,413,3
2022,W001,07-085X,416.0,413,8
2022,invalid,08-045Y,416.0,403,29
2022,invalid,16-127Y,416.0,400,7
2022,W001,07-135X,415.0,407,18
2022,W001,07-147Y,415.0,400,16
2022,invalid,16-129Y,415.0,404,6
2022,invalid,31-140C,414.0,398,7
2022,invalid,33-136C,414.0,397,3
2022,W001,07-124C,412.0,400,24
2022,W001,07-125X,410.0,389,18
2022,invalid,18-120D,410.0,408,9
2022,invalid,31-134X,410.0,401,3
2022,W001,07-101X,409.0,400,25
2022,invalid,17-133W,409.0,401,11
2022,invalid,18-139W,409.0,405,1
2022,invalid,31-134D,409.0,404,3
2022,W001,07-085C,408.0,394,3
2022,invalid,17-098B,408.0,397,9
2022,W001,07-036X,407.0,398,5
2022,invalid,17-138B,407.0,383,5
2022,invalid,09-146X,405.0,400,14
2022,invalid,16-136Y,405.0,396,5
2022,invalid,24-138D,405.0,397,2
2022,W001,07-056B,402.0,392,26
2022,W001,07-032C,401.0,382,6
2022,W001,07-101C,401.0,388,7
2022,W001,07-104X,401.0,396,12
2022,W001,07-131Y,401.0,389,22
2022,invalid,17-140C,401.0,390,6
2022,invalid,20-136B,401.0,397,3
2022,invalid,18-120B,400.0,384,11
2022,invalid,18-126B,400.0,397,7
2022,invalid,30-137X,400.0,397,4
2022,W001,07-132C,399.0,395,4
2022,invalid,17-046Y,399.0,391,5
2022,invalid,29-135X,399.0,390,6
2022,invalid,29-140C,398.0,365,4
2022,invalid,18-124C,396.0,372,7
2022,invalid,28-136X,396.0,391,3
2022,W001,07-141Y,395.0,288,16
2022,W001,07-056Y,394.0,389,21
2022,invalid,16-129X,394.0,387,5
2022,W001,07-084B,392.0,389,19
2022,invalid,17-132C,392.0,377,3
2022,invalid,17-046X,391.0,382,10
2022,invalid,28-139D,390.0,383,3
2022,invalid,16-133X,389.0,381,7
2022,W001,07-040Y,388.0,385,5
2022,invalid,24-137B,388.0,374,5
2022,W001,07-049X,387.0,381,17
2022,invalid,17-128W,387.0,380,7
2022,invalid,30-137B,387.0,380,3
2022,invalid,10-141B,386.0,383,5
2022,invalid,17-130B,386.0,382,6
2022,invalid,18-129B,386.0,379,9
2022,invalid,22-140Y,386.0,378,2
2022,invalid,22-136C,385.0,370,6
2022,invalid,31-136B,385.0,383,6
2022,W001,07-070W,384.0,376,30
2022,invalid,17-131W,384.0,380,9
2022,invalid,24-138C,384.0,381,1
2022,invalid,20-140C,383.0,379,6
2022,W001,07-005X,382.0,370,22
2022,W001,07-077X,382.0,376,18
2022,W001,07-093C,382.0,366,5
2022,invalid,16-138X,382.0,379,4
2022,invalid,17-131C,382.0,361,5
2022,invalid,28-137D,382.0,367,2
2022,W001,07-107X,381.0,375,15
2022,invalid,25-139B,381.0,374,7
2022,W001,07-032B,379.0,370,17
2022,invalid,29-134D,379.0,355,3
2022,W001,07-105B,378.0,366,20
2022,invalid,28-140D,378.0,374,1
2022,W001,07-072B,376.0,368,16
2022,invalid,09-147X,376.0,370,16
2022,invalid,18-122B,376.0,372,10
2022,invalid,07-018C,375.0,369,7
2022,invalid,10-147C,375.0,357,8
2022,invalid,28-137X,375.0,359,3
2022,invalid,08-045W,374.0,366,7
2022,invalid,17-136X,374.0,371,3
2022,invalid,18-139B,374.0,367,1
2022,invalid,07-147B,372.0,342,26
2022,invalid,10-144B,372.0,370,5
2022,invalid,17-060D,372.0,363,10
2022,invalid,18-140D,372.0,362,4
2022,W001,07-087B,370.0,344,5
2022,W001,07-126B,370.0,363,4
2022,invalid,30-140B,370.0,363,3
2022,invalid,33-134B,370.0,351,3
2022,W001,07-117X,368.0,365,5
2022,invalid,17-127X,368.0,363,5
2022,W001,07-105Z,367.0,357,5
2022,invalid,19-140W,367.0,349,4
2022,invalid,32-139D,367.0,364,4
2022,W001,07-026X,365.0,359,22
2022,W001,07-084C,365.0,355,8
2022,invalid,08-110Y,364.0,348,23
2022,invalid,17-059D,364.0,357,7
2022,W001,07-088Y,363.0,357,23
2022,invalid,22-136Z,363.0,238,2
2022,invalid,32-134C,362.0,344,4
2022,W001,07-082Y,361.0,357,27
2022,invalid,17-129D,361.0,354,9
2022,invalid,17-134X,361.0,344,3
2022,invalid,32-135X,361.0,356,5
2022,invalid,31-139A,359.0,351,5
2022,W001,07-086B,358.0,353,13
2022,W001,07-051X,357.0,341,23
2022,W001,07-083X,357.0,351,20
2022,invalid,18-126C,357.0,335,7
2022,invalid,23-136C,356.0,349,4
2022,W001,07-138C,355.0,336,11
2022,W001,07-039B,354.0,351,10
2022,W001,07-139Y,354.0,353,21
2022,invalid,20-136C,354.0,348,4
2022,W001,07-058X,353.0,348,18
2022,W001,07-100X,353.0,347,8
2022,invalid,17-131B,351.0,344,7
2022,invalid,18-127A,351.0,344,2
2022,W001,07-025C,350.0,335,19
2022,W001,07-008X,349.0,345,29
2022,invalid,25-137D,349.0,342,3
2022,invalid,08-111Y,348.0,342,36
2022,W001,07-048X,346.0,339,3
2022,W001,07-093X,346.0,341,4
2022,invalid,22-137X,346.0,330,6
2022,invalid,22-138C,345.0,341,6
2022,invalid,26-140Y,345.0,342,2
2022,invalid,28-138Z,345.0,303,2
2022,W001,07-048C,343.0,338,9
2022,invalid,28-137Z,343.0,268,2
2022,invalid,18-131D,342.0,335,8
2022,invalid,28-139B,342.0,339,6
2022,W001,07-072C,339.0,318,7
2022,W001,07-138X,339.0,329,14
2022,W001,07-143A,339.0,328,19
2022,invalid,31-138X,339.0,335,6
2022,W001,07-126C,338.0,327,8
2022,invalid,08-107X,338.0,327,11
2022,invalid,16-137W,338.0,330,3
2022,invalid,17-060A,338.0,330,7
2022,invalid,08-048Z,337.0,326,12
2022,invalid,16-138W,336.0,332,3
2022,invalid,26-139D,336.0,328,2
2022,W001,07-130C,335.0,330,7
2022,invalid,19-137C,335.0,329,4
2022,W001,07-102B,333.0,325,21
2022,invalid,17-136Z,333.0,329,2
2022,W001,07-076B,332.0,307,2
2022,W001,07-112X,332.0,325,25
2022,invalid,22-139W,332.0,330,2
2022,invalid,16-135Y,330.0,322,5
2022,invalid,21-135C,330.0,313,8
2022,W001,07-063B,329.0,322,12
2022,invalid,16-133Y,329.0,324,5
2022,invalid,17-135B,329.0,319,4
2022,invalid,23-134B,329.0,318,1
2022,W001,07-122B,328.0,325,25
2022,invalid,08-107Y,328.0,310,12
2022,invalid,16-139Y,328.0,320,3
2022,invalid,20-137X,328.0,315,3
2022,invalid,33-138B,328.0,320,2
2022,W001,07-019Z,327.0,322,9
2022,W001,07-103C,326.0,318,15
2022,invalid,18-140C,326.0,320,6
2022,invalid,22-139Y,326.0,318,5
2022,W001,07-036B,325.0,322,13
2022,W001,07-090X,325.0,322,22
2022,invalid,17-134Y,325.0,317,2
2022,W001,07-039C,324.0,304,5
2022,W001,07-133B,324.0,320,9
2022,invalid,07-008B,324.0,317,21
2022,invalid,17-130X,324.0,313,9
2022,invalid,17-134A,324.0,317,3
2022,W001,07-029X,323.0,319,19
2022,invalid,17-129A,323.0,313,9
2022,invalid,18-136B,323.0,317,5
2022,invalid,24-135D,323.0,320,9
2022,W001,07-031B,322.0,299,19
2022,invalid,10-147Y,322.0,311,12
2022,W001,07-110B,320.0,309,19
2022,W001,07-089X,319.0,311,22
2022,W001,07-056X,318.0,312,20
2022,W001,07-143X,318.0,315,24
2022,invalid,23-136X,318.0,307,2
2022,invalid,20-135B,317.0,310,4
2022,invalid,27-139Y,316.0,313,2
2022,invalid,20-138Z,315.0,303,2
2022,invalid,28-135C,315.0,282,6
2022,W001,07-057X,314.0,298,11
2022,W001,07-061Y,314.0,313,7
2022,W001,07-130X,314.0,278,9
2022,invalid,32-134X,314.0,299,3
2022,invalid,10-145W,313.0,309,3
2022,invalid,30-136X,313.0,299,3
2022,invalid,18-136A,312.0,307,1
2022,invalid,28-136D,312.0,311,2
2022,invalid,33-137B,312.0,296,5
2022,invalid,07-011C,311.0,297,7
2022,invalid,17-137X,311.0,304,2
2022,W001,07-090C,310.0,299,5
2022,invalid,12-030C,308.0,298,6
2022,invalid,17-045X,308.0,307,5
2022,invalid,17-127Z,308.0,300,8
2022,invalid,22-139B,308.0,300,5
2022,invalid,25-140C,308.0,296,4
2022,W001,07-050C,307.0,294,13
2022,W001,07-054C,307.0,298,5
2022,invalid,19-140Y,307.0,302,3
2022,invalid,07-015C,306.0,303,3
2022,invalid,12-060B,306.0,294,7
2022,invalid,34-011Z,306.0,294,3
2022,W001,07-075C,305.0,294,11
2022,invalid,17-130A,305.0,300,10
2022,invalid,20-134X,305.0,296,2
2022,W001,07-081C,304.0,297,7
2022,W001,07-143C,304.0,299,6
2022,invalid,17-136B,304.0,302,4
2022,invalid,21-136W,304.0,300,4
2022,W001,07-100B,303.0,294,14
2022,invalid,16-137Y,303.0,298,4
2022,invalid,17-049Y,303.0,301,8
2022,W001,07-144C,302.0,295,5
2022,invalid,10-145C,302.0,294,3
2022,invalid,17-098C,302.0,296,9
2022,W001,07-067B,300.0,299,30
2022,invalid,10-143D,300.0,297,4
2022,invalid,18-137C,299.0,291,5
2022,invalid,20-135W,299.0,294,3
2022,invalid,31-138B,299.0,299,5
2022,invalid,08-112W,298.0,293,17
2022,invalid,17-129Z,298.0,292,11
2022,invalid,25-140X,298.0,293,3
2022,W001,07-053C,297.0,293,4
2022,W001,07-133C,297.0,290,24
2022,invalid,07-008C,297.0,293,4
2022,W001,07-031X,296.0,294,26
2022,invalid,19-136A,296.0,289,1
2022,invalid,25-135X,296.0,287,4
2022,invalid,31-139Z,296.0,290,6
2022,invalid,17-128D,295.0,293,12
2022,invalid,17-138D,295.0,286,3
2022,invalid,17-140D,295.0,283,3
2022,invalid,29-137X,295.0,286,4
2022,invalid,32-136Y,295.0,291,5
2022,W001,07-012X,294.0,293,3
2022,invalid,18-140Y,294.0,282,4
2022,invalid,23-138C,294.0,291,3
2022,invalid,24-136Y,294.0,289,4
2022,invalid,32-134Y,294.0,285,4
2022,W001,07-136D,293.0,290,22
2022,invalid,07-005C,293.0,282,22
2022,invalid,17-138C,293.0,282,5
2022,invalid,24-139D,293.0,283,3
2022,W001,07-038Y,292.0,288,5
2022,W001,07-122X,292.0,290,21
2022,invalid,18-122D,292.0,289,8
2022,W001,07-047C,291.0,272,7
2022,invalid,25-137B,291.0,286,4
2022,W001,07-119C,289.0,268,4
2022,invalid,08-048W,289.0,279,21
2022,W001,07-121C,288.0,278,3
2022,invalid,07-003B,288.0,285,32
2022,invalid,17-129X,288.0,283,7
2022,W001,07-033B,287.0,283,3
2022,W001,07-045X,287.0,282,28
2022,W001,07-122C,287.0,277,5
2022,W001,07-131C,287.0,276,3
2022,invalid,16-134Y,287.0,285,5
2022,invalid,16-139Z,287.0,282,2
2022,W001,07-053B,285.0,276,20
2022,W001,07-070B,285.0,259,3
2022,invalid,18-137D,285.0,281,3
2022,invalid,21-140C,285.0,264,4
2022,W001,07-078X,284.0,283,19
2022,W001,07-022C,283.0,280,5
2022,W001,07-028X,283.0,281,18
2022,invalid,16-130Y,283.0,269,6
2022,W001,07-003Y,282.0,276,33
2022,invalid,19-139C,282.0,277,4
2022,invalid,23-135B,282.0,279,2
2022,W001,07-096X,281.0,274,4
2022,W001,07-137C,281.0,277,7
2022,invalid,17-137D,281.0,277,4
2022,invalid,17-128Y,280.0,270,8
2022,invalid,21-135W,280.0,273,2
2022,W001,07-110Y,279.0,273,19
2022,W001,07-051C,278.0,264,9
2022,invalid,08-049W,278.0,266,30
2022,invalid,21-138X,278.0,260,4
2022,invalid,07-020C,277.0,255,16
2022,invalid,08-107W,277.0,257,21
2022,invalid,19-136C,276.0,271,4
2022,invalid,21-134C,276.0,266,7
2022,invalid,32-137Y,276.0,274,3
2022,W001,07-092X,274.0,270,13
2022,W001,07-119B,274.0,269,17
2022,W001,07-136B,274.0,269,26
2022,invalid,07-014C,274.0,269,6
2022,invalid,09-145C,274.0,270,4
2022,W001,07-045C,273.0,269,15
2022,invalid,23-138X,273.0,271,3
2022,invalid,24-137X,273.0,271,6
2022,invalid,09-146D,272.0,265,8
2022,invalid,20-135Y,272.0,259,4
2022,invalid,28-134Y,272.0,266,4
2022,invalid,10-141C,271.0,250,5
2022,W001,07-074C,270.0,257,6
2022,W001,07-114X,270.0,259,4
2022,invalid,07-108B,269.0,264,19
2022,invalid,18-130D,269.0,235,6
2022,invalid,31-136X,269.0,265,2
2022,invalid,20-139Y,268.0,267,3
2022,invalid,22-138B,268.0,264,2
2022,invalid,23-138W,268.0,266,3
2022,invalid,31-135B,268.0,266,3
2022,invalid,09-146B,267.0,258,21
2022,invalid,12-030D,267.0,257,18
2022,invalid,18-121A,267.0,264,9
2022,invalid,18-130A,267.0,264,13
2022,W001,07-115B,266.0,257,20
2022,W001,07-026B,265.0,258,17
2022,W001,07-059Y,265.0,262,24
2022,invalid,09-145X,265.0,258,4
2022,invalid,16-136X,265.0,264,3
2022,invalid,18-122A,265.0,261,10
2022,invalid,18-128A,265.0,259,11
2022,invalid,20-140A,265.0,260,2
2022,invalid,16-132Y,264.0,260,6
2022,invalid,17-130Z,264.0,260,12
2022,invalid,10-145Y,263.0,260,6
2022,invalid,19-137D,263.0,261,4
2022,invalid,23-137C,263.0,252,3
2022,W001,07-068B,262.0,260,31
2022,W001,07-145B,262.0,261,22
2022,invalid,21-137W,262.0,256,3
2022,invalid,23-136W,262.0,259,5
2022,W001,07-080B,261.0,257,23
2022,W001,07-118Y,261.0,259,11
2022,W001,07-145C,261.0,254,3
2022,invalid,07-004C,261.0,259,12
2022,invalid,10-142D,261.0,260,4
2022,invalid,24-134B,261.0,256,5
2022,invalid,20-135D,260.0,257,1
2022,invalid,30-137Z,260.0,253,2
2022,W001,07-087C,259.0,257,23
2022,invalid,16-134W,259.0,250,5
2022,invalid,16-138Z,259.0,257,3
2022,invalid,17-132A,259.0,256,12
2022,invalid,17-136D,259.0,235,1
2022,invalid,19-135B,259.0,258,4
2022,invalid,20-134W,259.0,254,3
2022,invalid,17-134Z,258.0,257,1
2022,W001,07-061B,257.0,249,15
2022,W001,07-113X,256.0,253,3
2022,invalid,08-112Y,256.0,246,13
2022,invalid,17-134D,256.0,232,3
2022,invalid,18-124D,256.0,253,13
2022,invalid,20-140B,256.0,253,3
2022,invalid,26-136Y,256.0,236,2
2022,invalid,33-139D,256.0,253,3
2022,W001,07-016X,254.0,245,8
2022,invalid,07-142C,254.0,234,6
2022,invalid,16-132W,252.0,246,5
2022,invalid,17-136Y,252.0,241,3
2022,invalid,17-136W,251.0,249,5
2022,invalid,18-136D,251.0,247,4
2022,invalid,07-017C,250.0,248,13
2022,invalid,09-141B,250.0,249,3
2022,W001,07-029W,249.0,239,19
2022,invalid,07-040B,249.0,244,5
2022,W001,07-019X,248.0,239,19
2022,W001,07-095B,248.0,243,24
2022,invalid,18-140B,248.0,245,5
2022,W001,07-054X,247.0,243,26
2022,W001,07-088X,247.0,247,32
2022,invalid,08-044Z,247.0,212,27
2022,invalid,19-138C,247.0,242,7
2022,invalid,21-136Y,247.0,235,2
2022,W001,07-071X,246.0,242,12
2022,W001,07-146Y,246.0,240,16
2022,invalid,18-135C,246.0,244,3
2022,W001,07-105Y,245.0,241,15
2022,invalid,16-140Z,245.0,241,3
2022,invalid,29-139D,245.0,232,2
2022,W001,07-132B,244.0,240,7
2022,invalid,08-044W,244.0,231,17
2022,invalid,28-136W,244.0,233,3
2022,invalid,17-046Z,243.0,240,14
2022,invalid,18-138Y,243.0,234,4
2022,W001,07-112B,242.0,235,5
2022,invalid,08-047W,242.0,224,21
2022,invalid,17-045Y,242.0,237,5
2022,W001,07-141B,241.0,207,4
2022,invalid,09-147D,241.0,233,17
2022,invalid,23-134W,241.0,229,2
2022,invalid,24-134D,241.0,231,3
2022,W001,07-020W,240.0,236,8
2022,W001,07-041B,240.0,235,12
2022,W001,07-078Y,240.0,233,15
2022,invalid,31-137B,240.0,239,9
2022,invalid,18-140A,239.0,236,2
2022,invalid,22-134C,239.0,236,6
2022,invalid,22-135Y,239.0,235,3
2022,W001,07-090Y,238.0,233,14
2022,invalid,19-134C,238.0,232,5
2022,W001,07-058B,237.0,234,23
2022,W001,07-037C,236.0,234,11
2022,invalid,17-134B,236.0,231,3
2022,invalid,25-140D,236.0,230,2
2022,W001,07-106D,235.0,232,22
2022,invalid,19-134B,235.0,231,4
2022,invalid,22-136X,235.0,225,2
2022,invalid,16-129W,234.0,228,3
2022,W001,07-081B,233.0,225,28
2022,invalid,26-138W,233.0,230,2
2022,invalid,27-136Z,233.0,228,3
2022,W001,07-006Z,232.0,227,15
2022,invalid,17-139D,232.0,229,2
2022,invalid,21-140Z,232.0,229,1
2022,invalid,27-134B,232.0,220,3
2022,W001,07-124Y,231.0,228,21
2022,W001,07-129B,231.0,223,12
2022,invalid,09-143Y,231.0,216,10
2022,W001,07-126X,230.0,225,4
2022,invalid,18-136C,230.0,221,6
2022,invalid,26-134W,230.0,226,2
2022,W001,07-086X,229.0,221,21
2022,invalid,26-134X,229.0,214,4
2022,invalid,30-134W,229.0,221,2
2022,W001,07-144B,228.0,196,4
2022,invalid,17-046W,228.0,222,12
2022,invalid,17-128X,228.0,220,7
2022,invalid,18-135Y,228.0,227,2
2022,invalid,22-135W,228.0,225,1
2022,invalid,31-140Y,228.0,225,7
2022,W001,07-090B,227.0,221,28
2022,invalid,18-133D,227.0,227,14
2022,invalid,19-139Z,226.0,207,2
2022,W001,07-082X,225.0,223,6
2022,invalid,21-138D,225.0,219,4
2022,invalid,22-137C,225.0,221,6
2022,W001,07-055C,224.0,223,11
2022,invalid,17-059A,224.0,219,7
2022,invalid,16-131Z,223.0,215,7
2022,invalid,16-139W,223.0,221,5
2022,invalid,24-137D,223.0,220,9
2022,W001,07-002Y,222.0,220,36
2022,W001,07-029B,222.0,215,8
2022,W001,07-060X,222.0,218,2
2022,W001,07-080X,222.0,221,11
2022,W001,07-091B,222.0,220,27
2022,W001,07-115C,222.0,212,3
2022,W001,07-105X,221.0,207,15
2022,W001,07-106Y,221.0,217,31
2022,invalid,16-133Z,221.0,218,4
2022,W001,07-043X,220.0,212,20
2022,W001,07-062B,220.0,209,19
2022,W001,07-117B,220.0,217,25
2022,W001,07-118X,220.0,213,5
2022,invalid,09-144B,220.0,217,3
2022,invalid,10-144C,220.0,218,4
2022,invalid,17-130Y,220.0,218,6
2022,invalid,17-139Y,220.0,216,2
2022,invalid,33-136B,220.0,219,3
2022,W001,07-147Z,219.0,215,24
2022,invalid,10-144Y,219.0,210,10
2022,invalid,20-135X,219.0,217,2
2022,invalid,28-134D,219.0,216,3
2022,invalid,28-137B,219.0,217,3
2022,invalid,29-139A,219.0,217,3
2022,W001,07-055X,218.0,213,31
2022,invalid,10-147B,218.0,214,4
2022,invalid,23-135X,218.0,213,1
2022,invalid,28-137Y,218.0,213,2
2022,invalid,30-134Z,218.0,210,3
2022,W001,07-021Y,217.0,199,1
2022,W001,07-083Y,217.0,215,29
2022,W001,07-098Y,217.0,215,24
2022,W001,07-120X,217.0,207,25
2022,W001,07-120Y,217.0,214,2
2022,W001,07-142Y,217.0,207,10
2022,W001,07-007W,216.0,211,28
2022,W001,07-023Y,216.0,212,13
2022,W001,07-109Y,216.0,212,3
2022,invalid,07-002B,216.0,213,14
2022,invalid,18-127C,216.0,210,6
2022,invalid,20-139X,216.0,207,2
2022,invalid,22-138X,216.0,211,4
2022,W001,07-003X,215.0,209,10
2022,invalid,17-130W,215.0,213,3
2022,W001,07-108Y,214.0,209,24
2022,invalid,21-135X,214.0,211,2
2022,invalid,29-136B,214.0,212,3
2022,W001,07-123B,213.0,209,29
2022,invalid,28-140Y,213.0,211,2
2022,invalid,16-131W,212.0,210,5
2022,invalid,16-140Y,212.0,209,3
2022,invalid,23-134Y,212.0,211,1
2022,W001,07-089B,211.0,201,5
2022,invalid,09-146W,211.0,210,4
2022,invalid,18-138B,211.0,207,5
2022,invalid,23-134X,211.0,210,2
2022,W001,07-042C,209.0,190,6
2022,W001,07-144Z,209.0,203,2
2022,invalid,17-132W,209.0,203,4
2022,invalid,20-138Y,209.0,195,3
2022,W001,07-116B,208.0,203,22
2022,invalid,09-142B,208.0,206,3
2022,invalid,16-135Z,208.0,203,4
2022,W001,07-059C,207.0,205,5
2022,invalid,09-145A,207.0,200,12
2022,invalid,30-140X,207.0,206,2
2022,W001,07-063Z,206.0,200,25
2022,W001,07-129D,206.0,201,3
2022,invalid,20-140X,206.0,204,5
2022,invalid,25-134X,206.0,202,3
2022,W001,07-094Y,205.0,192,21
2022,invalid,17-135D,205.0,197,3
2022,invalid,24-136W,205.0,202,11
2022,invalid,32-134D,205.0,203,5
2022,W001,07-033C,203.0,196,6
2022,W001,07-052C,202.0,199,3
2022,invalid,07-108D,202.0,201,17
2022,invalid,10-143B,202.0,192,3
2022,invalid,17-128Z,202.0,198,8
2022,invalid,18-133A,202.0,194,4
2022,invalid,26-135Y,202.0,197,2
2022,W001,07-136Y,201.0,196,13
2022,W001,07-141Z,201.0,194,15
2022,invalid,17-060C,201.0,198,2
2022,invalid,18-125D,201.0,196,8
2022,invalid,25-140Y,201.0,172,1
2022,invalid,28-138W,201.0,194,4
2022,invalid,08-043W,200.0,171,16
2022,invalid,12-030B,200.0,200,17
2022,invalid,19-139A,200.0,192,4
2022,W001,07-073C,199.0,195,3
2022,invalid,12-127D,199.0,196,4
2022,invalid,16-135W,199.0,198,5
2022,invalid,27-136B,199.0,185,2
2022,W001,07-001X,198.0,194,6
2022,W001,07-058C,198.0,196,15
2022,W001,07-119W,198.0,197,13
2022,invalid,20-138C,198.0,196,4
2022,invalid,28-136Z,198.0,190,2
2022,W001,07-011Z,197.0,189,18
2022,W001,07-035X,197.0,192,11
2022,invalid,16-128Y,197.0,197,3
2022,invalid,18-128B,197.0,193,7
2022,W001,07-059D,196.0,184,1
2022,invalid,20-136Z,196.0,189,2
2022,invalid,24-138B,196.0,184,12
2022,invalid,25-139C,196.0,190,2
2022,invalid,29-138B,196.0,190,1
2022,invalid,29-140D,196.0,186,2
2022,W001,07-023W,195.0,195,32
2022,W001,07-006X,194.0,193,18
2022,W001,07-054Z,194.0,192,27
2022,W001,07-121B,194.0,174,28
2022,invalid,08-108W,194.0,188,30
2022,invalid,31-138Z,194.0,185,5
2022,invalid,09-143B,193.0,192,3
2022,invalid,17-131Y,193.0,191,4
2022,invalid,23-140D,193.0,192,3
2022,invalid,24-135A,193.0,188,9
2022,invalid,30-138B,193.0,191,3
2022,W001,07-052Y,192.0,190,8
2022,W001,07-124X,191.0,189,28
2022,invalid,07-142B,191.0,189,32
2022,invalid,10-141D,191.0,189,10
2022,invalid,16-132X,191.0,185,5
2022,invalid,18-137X,191.0,186,3
2022,W001,07-041X,190.0,187,7
2022,W001,07-128B,190.0,155,26
2022,invalid,08-045Z,190.0,187,34
2022,invalid,10-144X,190.0,189,4
2022,invalid,18-136X,190.0,188,2
2022,invalid,07-021C,189.0,162,2
2022,W001,07-058Y,188.0,183,19
2022,W001,07-135D,188.0,184,13
2022,W001,07-139B,188.0,167,22
2022,invalid,30-138Z,188.0,185,2
2022,invalid,10-145B,187.0,185,14
2022,invalid,18-139A,187.0,181,2
2022,invalid,19-135W,187.0,186,4
2022,invalid,28-136Y,187.0,179,3
2022,invalid,29-136D,187.0,186,3
2022,invalid,32-134Z,187.0,183,2
2022,W001,07-143Y,186.0,180,10
2022,invalid,20-140D,186.0,185,4
2022,invalid,28-135B,186.0,183,3
2022,W001,07-095C,185.0,184,9
2022,W001,07-130Y,185.0,179,17
2022,invalid,10-147W,185.0,184,8
2022,invalid,18-135W,185.0,180,3
2022,invalid,23-137X,185.0,184,3
2022,invalid,25-139W,185.0,177,4
2022,invalid,33-140C,185.0,172,1
2022,W001,07-069Z,184.0,182,17
2022,invalid,25-134D,184.0,183,2
2022,invalid,32-140Z,184.0,179,2
2022,W001,07-043C,183.0,180,3
2022,invalid,07-014B,183.0,178,19
2022,W001,07-143Z,182.0,175,16
2022,invalid,18-128D,182.0,178,4
2022,invalid,24-140Y,182.0,178,2
2022,W001,07-135C,181.0,174,18
2022,W001,07-140W,181.0,178,19
2022,invalid,17-140Y,181.0,179,2
2022,W001,07-018Y,180.0,166,22
2022,invalid,19-138D,180.0,174,3
2022,invalid,31-139W,180.0,177,5
2022,W001,07-017Z,179.0,171,24
2022,W001,07-074B,179.0,178,7
2022,invalid,20-136W,179.0,176,3
2022,invalid,22-135B,179.0,178,5
2022,invalid,28-140B,179.0,179,1
2022,invalid,29-136Y,179.0,177,2
2022,W001,07-008Z,178.0,169,15
2022,W001,07-110X,178.0,173,22
2022,invalid,17-047W,178.0,174,10
2022,invalid,18-125A,178.0,175,12
2022,invalid,18-135X,178.0,176,5
2022,invalid,21-138Z,178.0,176,1
2022,invalid,22-140C,178.0,178,4
2022,invalid,25-138D,178.0,175,1
2022,W001,07-004X,177.0,174,15
2022,W001,07-042X,177.0,174,32
2022,W001,07-050X,177.0,169,27
2022,W001,07-097Y,177.0,173,25
2022,W001,07-105W,177.0,176,17
2022,W001,07-121Y,177.0,171,19
2022,W001,07-117Y,176.0,171,4
2022,invalid,18-138X,176.0,173,3
2022,invalid,21-139W,176.0,175,4
2022,invalid,27-140C,176.0,149,2
2022,W001,07-064C,175.0,175,3
2022,invalid,20-136X,174.0,165,3
2022,invalid,22-140B,174.0,167,4
2022,invalid,24-139X,174.0,158,2
2022,invalid,25-138B,174.0,167,5
2022,W001,07-109X,173.0,171,8
2022,W001,07-122D,173.0,164,21
2022,invalid,08-108Y,173.0,170,16
2022,invalid,22-134A,173.0,173,3
2022,invalid,27-136C,173.0,152,3
2022,W001,07-064B,172.0,170,2
2022,invalid,22-134Y,172.0,170,2
2022,invalid,22-136D,172.0,170,4
2022,invalid,29-135D,172.0,172,1
2022,invalid,29-137B,172.0,170,3
2022,W001,07-035C,171.0,166,5
2022,W001,07-079X,171.0,170,16
2022,W001,07-088A,171.0,159,13
2022,invalid,16-136Z,171.0,169,3
2022,invalid,20-138X,171.0,169,4
2022,W001,07-140D,170.0,167,24
2022,invalid,17-138X,170.0,167,3
2022,W001,07-020Y,169.0,168,10
2022,W001,07-092C,169.0,165,10
2022,invalid,10-141Y,169.0,167,4
2022,invalid,17-044Z,169.0,161,3
2022,invalid,21-140B,169.0,163,4
2022,invalid,22-134X,169.0,160,3
2022,invalid,22-134Z,169.0,167,3
2022,W001,07-008Y,168.0,166,14
2022,W001,07-038C,168.0,167,23
2022,W001,07-111B,168.0,165,22
2022,invalid,20-139A,168.0,159,2
2022,invalid,20-140Y,168.0,165,2
2022,invalid,30-139B,168.0,167,2
2022,W001,07-020X,167.0,167,27
2022,W001,07-076C,167.0,163,14
2022,W001,07-110D,167.0,162,12
2022,W001,07-126Z,167.0,166,23
2022,W001,07-134Y,167.0,161,27
2022,invalid,21-139C,167.0,161,5
2022,invalid,20-135Z,166.0,159,1
2022,invalid,29-140Y,166.0,165,4
2022,W001,07-066C,165.0,161,5
2022,W001,07-104B,165.0,162,24
2022,invalid,32-139Y,165.0,163,7
2022,W001,07-048B,164.0,162,23
2022,W001,07-107C,164.0,158,14
2022,invalid,19-140B,164.0,161,4
2022,invalid,19-140X,164.0,159,5
2022,invalid,23-134C,164.0,163,3
2022,W001,07-025W,163.0,154,20
2022,W001,07-070C,163.0,161,17
2022,invalid,07-008A,163.0,161,30
2022,invalid,18-126D,163.0,160,3
2022,invalid,21-134Z,163.0,160,1
2022,invalid,07-014A,162.0,156,9
2022,invalid,18-139D,162.0,157,4
2022,invalid,32-139A,162.0,160,3
2022,W001,07-133W,161.0,146,18
2022,invalid,19-137Y,161.0,159,2
2022,invalid,22-138A,161.0,157,3
2022,invalid,23-140B,161.0,160,2
2022,invalid,31-137A,161.0,150,6
2022,W001,07-066Y,160.0,159,4
2022,W001,07-137D,160.0,157,8
2022,invalid,08-111W,160.0,151,12
2022,invalid,16-129Z,160.0,157,3
2022,invalid,19-140C,160.0,160,3
2022,invalid,23-135D,160.0,160,2
2022,W001,07-099X,159.0,157,3
2022,invalid,09-145B,159.0,155,19
2022,invalid,30-138D,159.0,158,4
2022,W001,07-089Z,158.0,152,25
2022,invalid,29-138Z,158.0,147,3
2022,W001,07-052W,157.0,155,21
2022,W001,07-059W,157.0,156,30
2022,W001,07-138B,157.0,136,25
2022,invalid,09-143X,157.0,153,3
2022,invalid,09-146Y,157.0,148,5
2022,invalid,12-127A,157.0,149,8
2022,invalid,16-130W,157.0,157,2
2022,invalid,19-136B,157.0,153,3
2022,invalid,31-135W,157.0,154,3
2022,W001,07-069Y,156.0,155,18
2022,invalid,28-134W,156.0,153,2
2022,invalid,23-137W,155.0,148,4
2022,invalid,24-140C,155.0,149,3
2022,invalid,31-139B,155.0,153,5
2022,W001,07-037Z,154.0,152,32
2022,invalid,08-109Z,154.0,151,14
2022,invalid,19-138Y,154.0,152,4
2022,invalid,23-135W,154.0,152,4
2022,invalid,26-138D,154.0,154,1
2022,invalid,31-134Z,154.0,152,3
2022,invalid,31-137W,154.0,151,4
2022,W001,07-042D,153.0,150,11
2022,invalid,07-003C,153.0,148,10
2022,invalid,16-134Z,153.0,152,3
2022,invalid,16-137Z,153.0,151,2
2022,invalid,23-139C,153.0,151,2
2022,W001,07-027B,152.0,134,4
2022,W001,07-052X,152.0,137,30
2022,W001,07-134B,152.0,147,20
2022,invalid,17-047Z,152.0,149,7
2022,invalid,29-136Z,152.0,152,2
2022,W001,07-062X,151.0,147,1
2022,invalid,09-143D,151.0,149,16
2022,invalid,23-135Y,151.0,150,2
2022,W001,07-039X,150.0,148,4
2022,invalid,09-144W,150.0,119,8
2022,invalid,17-133Z,150.0,145,5
2022,invalid,18-139Z,150.0,150,2
2022,invalid,21-134B,150.0,149,4
2022,invalid,29-139Z,150.0,142,2
2022,W001,07-001Y,149.0,148,41
2022,W001,07-123C,149.0,147,3
2022,W001,07-146W,149.0,140,8
2022,invalid,07-013A,149.0,145,13
2022,invalid,19-137B,149.0,144,4
2022,invalid,25-138Y,149.0,147,2
2022,invalid,33-135D,149.0,145,3
2022,invalid,10-146B,148.0,147,2
2022,invalid,24-139W,148.0,124,8
2022,W001,07-124B,147.0,144,4
2022,W001,07-130W,147.0,146,22
2022,invalid,12-098B,147.0,143,6
2022,invalid,22-137B,147.0,146,3
2022,invalid,30-140Z,147.0,145,4
2022,W001,07-004Y,146.0,143,26
2022,W001,07-005Z,146.0,143,37
2022,W001,07-117D,146.0,142,2
2022,W001,07-125C,146.0,142,14
2022,invalid,07-012C,146.0,146,20
2022,invalid,10-146C,146.0,142,3
2022,invalid,25-136Y,146.0,143,4
2022,invalid,26-136Z,146.0,144,3
2022,W001,07-120B,145.0,144,18
2022,invalid,17-133A,145.0,141,4
2022,W001,07-050B,144.0,139,28
2022,invalid,10-143Y,144.0,126,1
2022,invalid,20-134D,144.0,142,3
2022,invalid,22-139X,144.0,143,1
2022,W001,07-043W,143.0,141,20
2022,invalid,20-134C,143.0,141,5
2022,invalid,24-136D,143.0,141,4
2022,W001,07-106B,142.0,138,11
2022,W001,07-140B,142.0,140,9
2022,invalid,10-145D,142.0,142,6
2022,invalid,23-139D,142.0,138,3
2022,W001,07-146B,141.0,141,3
2022,invalid,23-136D,141.0,136,3
2022,invalid,28-134C,141.0,133,4
2022,W001,07-089Y,140.0,137,20
2022,invalid,20-134Y,140.0,138,3
2022,invalid,27-139W,140.0,138,3
2022,invalid,28-138X,140.0,137,2
2022,invalid,29-140Z,140.0,128,2
2022,W001,07-038X,139.0,137,7
2022,W001,07-099Y,139.0,136,19
2022,invalid,07-016B,139.0,135,15
2022,W001,07-107B,138.0,138,11
2022,invalid,07-002C,138.0,133,3
2022,invalid,12-098A,138.0,136,4
2022,invalid,20-053X,138.0,136,2
2022,invalid,29-134B,138.0,136,3
2022,invalid,32-134A,138.0,136,5
2022,W001,07-130B,137.0,135,24
2022,invalid,22-136W,137.0,130,3
2022,invalid,27-138D,137.0,136,3
2022,W001,07-104W,136.0,127,4
2022,invalid,10-147A,136.0,132,4
2022,invalid,18-134X,136.0,133,2
2022,invalid,20-138W,136.0,133,2
2022,invalid,21-136D,136.0,128,2
2022,invalid,22-140X,136.0,132,1
2022,invalid,30-139W,136.0,131,1
2022,invalid,31-134A,136.0,133,6
2022,W001,07-104D,135.0,107,4
2022,W001,07-107Y,135.0,128,7
2022,W001,07-146A,135.0,132,2
2022,invalid,07-015B,135.0,127,10
2022,invalid,22-140D,135.0,134,2
2022,invalid,33-140D,135.0,120,3
2022,W001,07-007X,134.0,133,4
2022,invalid,18-134B,134.0,132,5
2022,invalid,18-134D,134.0,134,3
2022,invalid,19-134D,134.0,131,2
2022,invalid,31-137Y,134.0,130,5
2022,W001,07-076Y,133.0,125,7
2022,W001,07-092W,133.0,127,20
2022,invalid,19-137Z,133.0,132,1
2022,invalid,32-137B,133.0,131,3
2022,invalid,09-147Z,132.0,131,6
2022,invalid,10-143C,132.0,130,4
2022,invalid,20-137B,132.0,127,2
2022,invalid,20-140W,132.0,130,4
2022,W001,07-023Z,131.0,128,26
2022,invalid,07-109D,131.0,129,19
2022,invalid,17-135Y,131.0,129,3
2022,invalid,22-136Y,131.0,123,2
2022,invalid,27-135D,131.0,125,2
2022,invalid,32-138Y,131.0,126,1
2022,W001,07-145D,130.0,127,21
2022,invalid,17-140B,130.0,124,2
2022,invalid,22-137Y,130.0,104,3
2022,invalid,22-138Y,130.0,123,4
2022,W001,07-052A,129.0,122,20
2022,W001,07-091C,129.0,126,4
2022,W001,07-139D,129.0,126,9
2022,invalid,18-136W,129.0,127,5
2022,invalid,20-134B,129.0,126,1
2022,invalid,33-136D,129.0,126,2
2022,W001,07-097X,128.0,124,9
2022,invalid,17-127Y,128.0,128,5
2022,invalid,18-139Y,128.0,125,3
2022,invalid,22-136A,128.0,101,3
2022,invalid,23-138B,128.0,126,2
2022,invalid,23-139X,128.0,127,2
2022,invalid,27-139Z,128.0,126,3
2022,W001,07-033W,127.0,112,17
2022,W001,07-075X,127.0,121,3
2022,W001,07-078A,127.0,117,10
2022,W001,07-113C,127.0,127,1
2022,W001,07-118W,127.0,124,23
2022,W001,07-123Y,127.0,124,24
2022,W001,07-127X,127.0,127,4
2022,invalid,10-146X,127.0,116,5
2022,invalid,29-140A,127.0,123,2
2022,invalid,31-140D,127.0,125,2
2022,W001,07-114W,126.0,118,20
2022,invalid,18-123A,126.0,123,6
2022,invalid,18-137Y,126.0,123,3
2022,invalid,18-140W,126.0,119,2
2022,invalid,22-134W,126.0,125,3
2022,invalid,22-135C,126.0,120,4
2022,invalid,22-140A,126.0,125,3
2022,invalid,25-139Y,126.0,123,3
2022,invalid,28-135W,126.0,121,2
2022,invalid,29-137A,126.0,122,2
2022,invalid,29-138Y,126.0,125,4
2022,invalid,30-139D,126.0,113,3
2022,invalid,31-139Y,126.0,122,6
2022,invalid,32-138B,126.0,124,4
2022,W001,07-121D,125.0,123,20
2022,invalid,08-109W,125.0,124,5
2022,invalid,21-139D,125.0,124,4
2022,invalid,22-138D,125.0,123,2
2022,W001,07-005Y,124.0,124,17
2022,W001,07-028Z,124.0,123,8
2022,W001,07-046B,124.0,113,3
2022,W001,07-069C,124.0,121,3
2022,W001,07-074X,124.0,118,16
2022,W001,07-103Z,124.0,122,24
2022,invalid,09-146Z,124.0,122,2
2022,invalid,23-140X,124.0,73,1
2022,invalid,25-138A,124.0,120,2
2022,invalid,30-139Z,124.0,122,3
2022,W001,07-033X,123.0,118,16
2022,W001,07-116D,123.0,120,14
2022,W001,07-118D,123.0,122,30
2022,invalid,09-145W,123.0,122,17
2022,invalid,17-137W,123.0,121,4
2022,invalid,19-134Y,123.0,122,3
2022,invalid,19-135C,123.0,116,3
2022,invalid,19-137W,123.0,121,4
2022,invalid,19-138B,123.0,122,4
2022,invalid,21-134D,123.0,122,2
2022,invalid,22-134B,123.0,122,2
2022,invalid,26-140W,123.0,122,2
2022,W001,07-055B,122.0,122,8
2022,W001,07-113Z,122.0,121,11
2022,invalid,16-127Z,122.0,117,4
2022,invalid,17-045Z,122.0,122,13
2022,invalid,22-136B,122.0,116,2
2022,W001,07-043Y,121.0,119,22
2022,W001,07-074Y,121.0,120,5
2022,W001,07-112D,121.0,120,19
2022,invalid,08-047Z,121.0,117,5
2022,invalid,17-135X,121.0,110,3
2022,invalid,22-138Z,121.0,121,1
2022,invalid,22-139C,121.0,118,3
2022,invalid,23-138Y,121.0,120,2
2022,invalid,28-139Y,121.0,120,4
2022,invalid,29-134A,121.0,118,1
2022,W001,07-068X,120.0,119,12
2022,W001,07-123Z,120.0,119,23
2022,invalid,07-041C,120.0,116,4
2022,invalid,10-146Y,120.0,119,6
2022,invalid,16-132Z,120.0,113,3
2022,invalid,17-135W,120.0,119,4
2022,invalid,22-135A,120.0,120,4
2022,W001,07-102X,119.0,116,19
2022,W001,07-143B,119.0,110,3
2022,invalid,17-043W,119.0,111,4
2022,invalid,18-132D,119.0,119,4
2022,W001,07-072A,118.0,108,7
2022,W001,07-140X,118.0,116,14
2022,invalid,17-138W,118.0,118,2
2022,invalid,27-139B,118.0,114,2
2022,W001,07-126D,117.0,107,29
2022,W001,07-135B,117.0,116,8
2022,invalid,10-146W,117.0,110,7
2022,invalid,17-134W,117.0,92,4
2022,invalid,17-135Z,117.0,117,3
2022,invalid,19-135Y,117.0,113,4
2022,invalid,33-134A,117.0,109,2
2022,W001,07-094X,116.0,116,19
2022,W001,07-066B,115.0,115,21
2022,invalid,09-142Y,115.0,112,9
2022,invalid,18-132A,115.0,112,11
2022,invalid,18-135B,115.0,112,2
2022,invalid,20-137Y,115.0,109,4
2022,invalid,23-135C,115.0,115,2
2022,invalid,28-136A,115.0,114,2
2022,W001,07-032Z,114.0,109,11
2022,W001,07-101A,114.0,112,4
2022,W001,07-120W,114.0,105,14
2022,invalid,17-140Z,114.0,113,3
2022,invalid,18-134Y,114.0,114,3
2022,invalid,19-140D,114.0,113,3
2022,invalid,26-135Z,114.0,110,2
2022,invalid,26-139A,114.0,112,2
2022,invalid,30-136Z,114.0,113,2
2022,invalid,30-137W,114.0,112,1
2022,W001,07-040X,113.0,111,16
2022,W001,07-055Y,113.0,112,13
2022,W001,07-096W,113.0,112,15
2022,W001,07-100Y,113.0,112,19
2022,invalid,31-138A,113.0,112,5
2022,invalid,31-140Z,113.0,110,3
2022,W001,07-028C,112.0,112,3
2022,invalid,07-010A,112.0,110,13
2022,invalid,18-138D,112.0,109,2
2022,invalid,19-134X,112.0,111,2
2022,invalid,21-138W,112.0,108,3
2022,W001,07-132W,111.0,108,24
2022,invalid,07-007B,111.0,106,3
2022,invalid,16-140W,111.0,109,2
2022,W001,07-092Y,110.0,110,10
2022,W001,07-131B,110.0,108,15
2022,W001,07-132X,110.0,110,5
2022,W001,07-145W,110.0,104,6
2022,invalid,09-142X,110.0,109,2
2022,invalid,10-145A,110.0,107,2
2022,invalid,19-136D,110.0,107,3
2022,invalid,21-140X,110.0,105,3
2022,invalid,22-137W,110.0,110,1
2022,invalid,23-140Z,110.0,105,1
2022,invalid,30-135D,110.0,105,3
2022,W001,07-015X,109.0,107,11
2022,W001,07-015Z,109.0,107,26
2022,invalid,18-137W,109.0,107,3
2022,invalid,19-139B,109.0,108,3
2022,invalid,26-138Y,109.0,98,3
2022,invalid,29-138D,109.0,105,2
2022,invalid,30-137A,109.0,109,4
2022,W001,07-028A,108.0,108,10
2022,W001,07-060Y,108.0,108,24
2022,invalid,07-007C,108.0,97,4
2022,invalid,09-146A,108.0,108,13
2022,invalid,10-142Y,108.0,108,7
2022,invalid,30-134Y,108.0,101,3
2022,W001,07-024B,107.0,106,5
2022,W001,07-125B,107.0,107,4
2022,invalid,08-048X,107.0,105,3
2022,invalid,08-049Z,107.0,96,8
2022,invalid,09-145Y,107.0,107,4
2022,invalid,18-134W,107.0,105,2
2022,invalid,21-140W,107.0,107,3
2022,invalid,25-135Y,107.0,106,2
2022,invalid,25-139D,107.0,101,5
2022,W001,07-028Y,106.0,103,11
2022,invalid,19-136W,106.0,104,3
2022,invalid,20-137D,106.0,104,2
2022,invalid,21-138Y,106.0,104,5
2022,invalid,27-136W,106.0,106,2
2022,W001,07-039Y,105.0,105,13
2022,W001,07-125Y,105.0,105,14
2022,invalid,18-127D,105.0,104,9
2022,invalid,19-139Y,105.0,94,3
2022,invalid,21-139B,105.0,100,4
2022,invalid,22-134D,105.0,95,3
2022,invalid,31-134Y,105.0,104,4
2022,invalid,31-140W,105.0,105,5
2022,W001,07-024X,104.0,103,8
2022,W001,07-051B,104.0,100,12
2022,W001,07-069X,104.0,103,7
2022,invalid,09-144D,104.0,102,3
2022,invalid,17-048Z,104.0,103,6
2022,invalid,19-134W,104.0,102,4
2022,invalid,31-140B,104.0,104,1
2022,W001,07-104Y,103.0,102,23
2022,W001,07-111Y,103.0,96,15
2022,W001,07-122Y,103.0,102,6
2022,invalid,17-139W,103.0,100,3
2022,invalid,18-121C,103.0,100,2
2022,invalid,21-139X,103.0,102,3
2022,W001,07-115A,102.0,101,26
2022,invalid,09-144C,102.0,101,4
2022,invalid,19-135X,102.0,102,3
2022,invalid,23-139B,102.0,102,2
2022,invalid,27-134A,102.0,93,2
2022,invalid,32-136X,102.0,99,3
2022,W001,07-071W,101.0,100,11
2022,W001,07-117W,101.0,99,25
2022,W001,07-132Y,101.0,100,5
2022,W001,07-137W,101.0,99,29
2022,invalid,17-140X,101.0,100,2
2022,invalid,21-134W,101.0,93,4
2022,invalid,21-135B,101.0,100,4
2022,invalid,22-138W,101.0,98,3
2022,invalid,22-139D,101.0,100,5
2022,invalid,29-137Y,101.0,99,3
2022,invalid,30-136Y,101.0,96,4
2022,W001,07-007Y,100.0,99,14
2022,W001,07-051Y,100.0,98,29
2022,invalid,10-146D,100.0,93,5
2022,invalid,16-127W,100.0,99,4
2022,invalid,19-138Z,100.0,99,1
2022,invalid,29-139W,100.0,100,3
2022,W001,07-052D,99.0,96,24
2022,W001,07-113W,99.0,96,13
2022,W001,07-126W,99.0,95,11
2022,W001,07-135W,99.0,99,19
2022,invalid,07-109B,99.0,99,8
2022,invalid,19-137A,99.0,96,1
2022,invalid,24-140D,99.0,85,2
2022,W001,07-051D,98.0,97,26
2022,W001,07-068C,98.0,98,2
2022,invalid,21-138B,98.0,94,4
2022,invalid,32-136B,98.0,97,2
2022,W001,07-024Z,97.0,92,12
2022,W001,07-027C,97.0,94,6
2022,W001,07-122W,97.0,94,26
2022,W001,07-145Y,97.0,96,22
2022,invalid,17-127W,97.0,95,2
2022,W001,07-010Z,96.0,93,35
2022,W001,07-011Y,96.0,95,28
2022,invalid,09-142D,96.0,94,16
2022,invalid,22-137Z,96.0,66,1
2022,W001,07-022X,95.0,95,2
2022,W001,07-138D,95.0,93,21
2022,W001,07-142Z,95.0,91,12
2022,invalid,08-043Z,95.0,94,15
2022,invalid,09-143W,95.0,94,21
2022,invalid,17-132B,95.0,94,2
2022,invalid,19-134Z,95.0,95,2
2022,invalid,21-139Y,95.0,94,3
2022,invalid,22-135Z,95.0,95,2
2022,W001,07-022B,94.0,94,18
2022,W001,07-060Z,94.0,91,16
2022,W001,07-112A,94.0,91,3
2022,invalid,29-137W,94.0,90,1
2022,invalid,30-140A,94.0,91,4
2022,W001,07-018Z,93.0,91,25
2022,W001,07-042B,93.0,93,22
2022,W001,07-047A,93.0,90,18
2022,W001,07-065Y,93.0,91,2
2022,W001,07-114B,93.0,92,5
2022,invalid,12-098D,93.0,92,5
2022,invalid,21-136B,93.0,87,4
2022,invalid,26-137A,93.0,91,1
2022,W001,07-009Y,92.0,88,10
2022,W001,07-033Z,92.0,92,22
2022,W001,07-097C,92.0,88,10
2022,W001,07-144A,92.0,88,6
2022,invalid,07-007A,92.0,92,8
2022,invalid,07-108C,92.0,92,16
2022,invalid,21-140Y,92.0,85,2
2022,invalid,32-135A,92.0,91,7
2022,invalid,32-135D,92.0,92,1
2022,W001,07-073B,91.0,91,18
2022,W001,07-128Y,91.0,91,17
2022,invalid,16-060W,91.0,87,3
2022,invalid,21-134A,91.0,88,2
2022,invalid,24-134W,91.0,91,2
2022,invalid,24-137Z,91.0,90,11
2022,invalid,24-139B,91.0,86,1
2022,invalid,26-134A,91.0,91,2
2022,invalid,26-135A,91.0,91,2
2022,invalid,27-139A,91.0,90,2
2022,invalid,30-134D,91.0,80,3
2022,W001,07-100D,90.0,89,7
2022,W001,07-106W,90.0,85,17
2022,W001,07-136W,90.0,90,20
2022,invalid,20-053Y,90.0,89,2
2022,invalid,20-139D,90.0,72,3
2022,invalid,22-139A,90.0,89,3
2022,invalid,22-139Z,90.0,86,1
2022,invalid,24-134Y,90.0,90,4
2022,invalid,27-137Y,90.0,89,3
2022,invalid,30-138W,90.0,89,3
2022,W001,07-114Y,89.0,76,1
2022,W001,07-145A,89.0,87,17
2022,invalid,08-046Z,89.0,88,35
2022,invalid,17-137C,89.0,79,3
2022,invalid,29-138W,89.0,87,4
2022,W001,07-049Z,88.0,88,23
2022,invalid,09-147A,88.0,83,1
2022,invalid,10-143Z,88.0,86,9
2022,invalid,18-124A,88.0,87,5
2022,invalid,18-137B,88.0,87,4
2022,invalid,20-138D,88.0,86,4
2022,invalid,25-137A,88.0,86,2
2022,invalid,27-140W,88.0,84,4
2022,W001,07-093Y,87.0,87,11
2022,W001,07-114D,87.0,86,6
2022,invalid,10-141X,87.0,86,3
2022,invalid,17-048X,87.0,87,2
2022,invalid,26-140A,87.0,87,2
2022,invalid,28-137W,87.0,85,3
2022,invalid,28-140W,87.0,86,1
2022,invalid,30-136A,87.0,84,3
2022,W001,07-100C,86.0,84,12
2022,invalid,09-141Y,86.0,81,19
2022,invalid,19-140A,86.0,85,1
2022,invalid,21-138A,86.0,85,3
2022,invalid,24-135B,86.0,84,4
2022,invalid,26-136W,86.0,82,2
2022,W001,07-019Y,85.0,85,8
2022,invalid,17-137B,85.0,82,1
2022,invalid,18-120A,85.0,85,4
2022,invalid,19-137X,85.0,83,3
2022,invalid,20-140Z,85.0,83,2
2022,invalid,26-134Y,85.0,84,3
2022,invalid,33-137D,85.0,85,2
2022,invalid,09-144Z,84.0,84,12
2022,invalid,24-137W,84.0,84,4
2022,invalid,26-135W,84.0,83,1
2022,invalid,30-139A,84.0,83,1
2022,W001,07-003Z,83.0,82,4
2022,W001,07-044Z,83.0,80,17
2022,W001,07-046X,83.0,79,4
2022,invalid,09-143A,83.0,82,4
2022,invalid,17-139Z,83.0,83,1
2022,invalid,18-138W,83.0,83,2
2022,invalid,19-140Z,83.0,83,1
2022,invalid,22-135X,83.0,78,1
2022,invalid,30-135Z,83.0,83,3
2022,W001,07-134A,82.0,79,19
2022,invalid,07-021D,82.0,77,24
2022,invalid,10-141A,82.0,80,6
2022,invalid,20-139C,82.0,81,1
2022,invalid,21-137B,82.0,79,3
2022,invalid,23-136Y,82.0,82,1
2022,invalid,32-137A,82.0,79,3
2022,W001,07-086Y,81.0,79,15
2022,W001,07-102W,81.0,81,11
2022,W001,07-107D,81.0,80,19
2022,W001,07-124Z,81.0,81,2
2022,invalid,23-140Y,81.0,80,2
2022,invalid,31-135A,81.0,79,4
2022,invalid,21-137X,80.0,78,4
2022,invalid,31-139D,80.0,80,2
2022,invalid,32-138D,80.0,76,7
2022,W001,07-130D,79.0,79,11
2022,invalid,27-138W,79.0,78,2
2022,invalid,28-140Z,79.0,77,3
2022,W001,07-133Y,78.0,78,20
2022,invalid,20-139Z,78.0,74,1
2022,invalid,22-137A,78.0,73,3
2022,W001,07-030X,77.0,76,4
2022,W001,07-111D,77.0,75,5
2022,W001,07-134X,77.0,73,2
2022,W001,07-141W,77.0,74,12
2022,invalid,07-012B,77.0,72,5
2022,W001,07-061A,76.0,65,11
2022,W001,07-061X,76.0,74,2
2022,W001,07-123X,76.0,76,22
2022,invalid,21-136X,76.0,75,3
2022,invalid,31-137D,76.0,75,3
2022,W001,07-038D,75.0,67,25
2022,W001,07-086C,75.0,74,2
2022,invalid,21-140D,75.0,72,3
2022,invalid,25-140W,74.0,72,4
2022,invalid,27-137W,74.0,70,2
2022,W001,07-055Z,73.0,72,9
2022,W001,07-114Z,73.0,73,24
2022,W001,07-118B,73.0,73,22
2022,invalid,17-134C,73.0,72,4
2022,invalid,23-137B,73.0,72,1
2022,invalid,28-139A,73.0,72,2
2022,W001,07-079B,72.0,72,20
2022,W001,07-092A,72.0,65,19
2022,W001,07-125D,72.0,70,4
2022,invalid,28-140A,72.0,66,2
2022,invalid,32-138Z,72.0,70,3
2022,W001,07-016Y,71.0,70,10
2022,invalid,09-141W,71.0,71,10
2022,invalid,18-140X,71.0,69,3
2022,invalid,20-135A,71.0,70,1
2022,invalid,20-137A,71.0,62,2
2022,invalid,21-134X,71.0,69,3
2022,invalid,24-137A,71.0,69,7
2022,W001,07-017Y,70.0,70,22
2022,W001,07-081Y,70.0,70,1
2022,W001,07-131W,70.0,68,20
2022,invalid,17-138Z,70.0,70,2
2022,invalid,24-139Y,70.0,70,1
2022,W001,07-045D,69.0,68,23
2022,W001,07-047Y,69.0,64,21
2022,W001,07-053Z,69.0,65,16
2022,W001,07-114A,69.0,67,27
2022,invalid,17-137Z,69.0,69,2
2022,invalid,18-125B,69.0,65,2
2022,invalid,21-135D,69.0,66,3
2022,invalid,30-134A,69.0,66,1
2022,invalid,07-013B,68.0,66,14
2022,invalid,21-137D,68.0,68,2
2022,invalid,27-134W,68.0,68,3
2022,invalid,27-138A,68.0,68,2
2022,W001,07-138W,67.0,66,9
2022,invalid,07-015A,67.0,63,7
2022,invalid,26-136D,67.0,66,2
2022,invalid,30-135W,67.0,67,2
2022,invalid,30-140Y,67.0,64,2
2022,invalid,32-136A,67.0,65,8
2022,W001,07-056Z,66.0,64,6
2022,W001,07-085B,66.0,59,4
2022,W001,07-089D,66.0,65,19
2022,W001,07-107W,66.0,66,10
2022,W001,07-125W,66.0,62,10
2022,invalid,24-136B,66.0,65,7
2022,invalid,32-140A,66.0,63,3
2022,W001,07-068Z,65.0,63,14
2022,invalid,19-136Y,65.0,65,2
2022,invalid,20-135C,65.0,62,2
2022,invalid,20-137Z,65.0,65,2
2022,invalid,21-135Y,65.0,64,3
2022,invalid,25-134W,65.0,64,2
2022,invalid,31-135Y,65.0,64,1
2022,invalid,32-138W,65.0,65,1
2022,W001,07-005W,64.0,64,50
2022,W001,07-021W,64.0,58,8
2022,W001,07-033A,64.0,63,23
2022,W001,07-099B,64.0,58,19
2022,W001,07-101Y,64.0,55,13
2022,W001,07-140A,64.0,63,18
2022,invalid,30-135A,64.0,61,2
2022,invalid,30-140W,64.0,62,4
2022,invalid,31-137Z,64.0,59,7
2022,invalid,32-136W,64.0,62,8
2022,W001,07-021B,63.0,62,4
2022,W001,07-048Y,63.0,61,7
2022,W001,07-070Z,63.0,61,13
2022,W001,07-142W,63.0,58,22
2022,invalid,07-013C,63.0,63,2
2022,invalid,10-144D,63.0,62,8
2022,invalid,19-139X,63.0,63,2
2022,invalid,20-139W,63.0,61,3
2022,invalid,23-139W,63.0,57,3
2022,W001,07-044W,62.0,55,15
2022,W001,07-050D,62.0,61,17
2022,W001,07-127W,62.0,62,12
2022,invalid,07-004A,62.0,59,12
2022,invalid,07-011A,62.0,60,38
2022,invalid,12-060D,62.0,61,2
2022,invalid,18-135Z,62.0,62,2
2022,invalid,21-137Y,62.0,61,1
2022,invalid,22-137D,62.0,58,3
2022,invalid,24-138Y,62.0,62,1
2022,W001,07-046C,61.0,55,1
2022,W001,07-047B,61.0,60,13
2022,invalid,24-138W,61.0,57,8
2022,invalid,26-138Z,61.0,60,1
2022,invalid,30-135Y,61.0,60,5
2022,W001,07-047X,60.0,59,2
2022,W001,07-073Y,60.0,58,28
2022,W001,07-096B,60.0,60,12
2022,W001,07-103Y,60.0,60,16
2022,W001,07-137A,60.0,58,20
2022,W001,07-139W,60.0,59,8
2022,invalid,07-020D,60.0,56,3
2022,invalid,17-136A,60.0,60,2
2022,invalid,19-134A,60.0,60,1
2022,invalid,19-135D,60.0,60,2
2022,invalid,19-136Z,60.0,59,2
2022,invalid,26-137Z,60.0,60,1
2022,invalid,26-140D,60.0,60,1
2022,W001,07-009Z,59.0,59,41
2022,W001,07-026W,59.0,54,6
2022,W001,07-069W,59.0,59,36
2022,invalid,09-145D,59.0,59,10
2022,invalid,17-140A,59.0,59,1
2022,invalid,18-126A,59.0,59,1
2022,invalid,23-137D,59.0,58,2
2022,W001,07-049W,58.0,58,34
2022,W001,07-050W,58.0,56,31
2022,W001,07-111Z,58.0,54,6
2022,invalid,07-005D,58.0,58,41
2022,invalid,25-137Z,58.0,56,2
2022,invalid,30-139Y,58.0,57,2
2022,invalid,32-135B,58.0,56,2
2022,W001,07-004Z,57.0,55,28
2022,W001,07-011X,57.0,56,7
2022,W001,07-048D,57.0,57,35
2022,W001,07-131D,57.0,49,14
2022,W001,07-131Z,57.0,55,22
2022,W001,07-132A,57.0,53,20
2022,invalid,19-139D,57.0,57,1
2022,invalid,27-140A,57.0,55,3
2022,W001,07-018W,56.0,55,36
2022,W001,07-038B,56.0,54,2
2022,W001,07-103B,56.0,56,1
2022,W001,07-143D,56.0,54,27
2022,invalid,07-011D,56.0,56,12
2022,invalid,07-016A,56.0,55,33
2022,invalid,20-137W,56.0,53,3
2022,invalid,27-139D,56.0,56,1
2022,invalid,29-136A,56.0,52,3
2022,W001,07-020Z,55.0,54,35
2022,W001,07-075Y,55.0,52,8
2022,W001,07-029A,54.0,53,15
2022,W001,07-047D,54.0,54,31
2022,W001,07-097A,54.0,54,21
2022,invalid,07-014D,54.0,54,34
2022,invalid,07-040A,54.0,50,14
2022,invalid,17-138A,54.0,53,3
2022,invalid,17-139C,54.0,52,4
2022,invalid,21-137A,54.0,53,2
2022,invalid,21-139A,54.0,54,3
2022,invalid,24-134Z,54.0,53,7
2022,invalid,29-136W,54.0,54,2
2022,invalid,29-137Z,54.0,54,2
2022,invalid,33-140A,54.0,54,2
2022,W001,07-006W,53.0,52,16
2022,W001,07-036Y,53.0,52,39
2022,W001,07-037W,53.0,53,27
2022,W001,07-066D,53.0,53,26
2022,W001,07-084W,53.0,53,14
2022,W001,07-102Z,53.0,52,17
2022,W001,07-107A,53.0,53,6
2022,W001,07-117A,53.0,52,17
2022,W001,07-133Z,53.0,50,21
2022,invalid,10-144Z,53.0,50,6
2022,invalid,10-146A,53.0,52,9
2022,invalid,18-136Z,53.0,49,3
2022,invalid,19-138X,53.0,52,2
2022,invalid,25-136D,53.0,52,4
2022,invalid,27-140Z,53.0,51,3
2022,invalid,31-136Z,53.0,52,5
2022,invalid,33-134D,53.0,53,3
2022,W001,07-036A,52.0,52,41
2022,W001,07-044Y,52.0,50,15
2022,W001,07-143W,52.0,52,10
2022,W001,07-146Z,52.0,48,9
2022,invalid,03-098Y,52.0,51,1
2022,invalid,23-136B,52.0,52,1
2022,invalid,23-139Z,52.0,45,2
2022,invalid,29-138A,52.0,52,2
2022,invalid,30-135C,52.0,51,1
2022,W001,07-024D,51.0,51,38
2022,W001,07-038W,51.0,51,43
2022,W001,07-101W,51.0,50,28
2022,invalid,09-142W,51.0,49,12
2022,invalid,19-138W,51.0,50,2
2022,invalid,23-135Z,51.0,49,1
2022,invalid,23-140W,51.0,50,1
2022,invalid,27-140D,51.0,49,1
2022,invalid,28-138D,51.0,50,1
2022,invalid,29-134Z,51.0,51,2
2022,W001,07-001W,50.0,49,27
2022,W001,07-027Z,50.0,50,21
2022,W001,07-063Y,50.0,45,1
2022,W001,07-071Y,50.0,48,5
2022,W001,07-079W,50.0,50,28
2022,W001,07-080Y,50.0,49,28
2022,invalid,09-142A,50.0,49,1
2022,invalid,10-145X,50.0,49,4
2022,invalid,27-135Y,50.0,50,3
2022,W001,07-016Z,49.0,49,28
2022,W001,07-030W,49.0,47,30
2022,W001,07-050Y,49.0,47,4
2022,W001,07-083W,49.0,48,27
2022,W001,07-098Z,49.0,49,25
2022,W001,07-105D,49.0,48,12
2022,W001,07-110Z,49.0,47,23
2022,W001,07-124D,49.0,49,7
2022,W001,07-128W,49.0,48,7
2022,invalid,07-009D,49.0,49,26
2022,invalid,09-144Y,49.0,46,12
2022,invalid,12-060A,49.0,47,5
2022,invalid,18-135D,49.0,47,2
2022,invalid,23-134Z,49.0,48,1
2022,W001,07-022D,48.0,48,38
2022,W001,07-024A,48.0,48,34
2022,W001,07-026Z,48.0,48,38
2022,W001,07-029Y,48.0,47,26
2022,W001,07-044X,48.0,45,3
2022,W001,07-067W,48.0,48,32
2022,W001,07-082W,48.0,47,22
2022,W001,07-104C,48.0,45,4
2022,W001,07-106Z,48.0,47,30
2022,W001,07-127Y,48.0,45,14
2022,invalid,07-005A,48.0,47,38
2022,invalid,07-016D,48.0,48,20
2022,invalid,07-147A,48.0,47,11
2022,invalid,19-139W,48.0,46,3
2022,invalid,22-140Z,48.0,42,1
2022,invalid,23-138A,48.0,48,2
2022,invalid,29-135W,48.0,42,2
2022,W001,07-035W,47.0,47,32
2022,W001,07-039W,47.0,47,35
2022,W001,07-050A,47.0,47,31
2022,W001,07-068D,47.0,47,28
2022,W001,07-121X,47.0,44,3
2022,invalid,07-008D,47.0,47,33
2022,invalid,25-137W,47.0,46,4
2022,W001,07-003W,46.0,46,35
2022,W001,07-014W,46.0,46,41
2022,W001,07-025Z,46.0,45,24
2022,W001,07-032Y,46.0,46,30
2022,W001,07-075A,46.0,46,25
2022,W001,07-086Z,46.0,46,19
2022,W001,07-093Z,46.0,46,20
2022,W001,07-109W,46.0,45,1
2022,invalid,07-003A,46.0,45,25
2022,invalid,33-138A,46.0,46,2
2022,W001,07-030Z,45.0,45,29
2022,W001,07-043B,45.0,45,23
2022,W001,07-073W,45.0,44,10
2022,W001,07-074D,45.0,45,25
2022,W001,07-076W,45.0,44,30
2022,W001,07-101B,45.0,45,14
2022,W001,07-107Z,45.0,44,2
2022,W001,07-124W,45.0,43,12
2022,invalid,07-002A,45.0,45,24
2022,invalid,09-141C,45.0,44,2
2022,invalid,20-136A,45.0,45,2
2022,invalid,25-136W,45.0,45,1
2022,invalid,26-136A,45.0,45,1
2022,invalid,29-134X,45.0,42,1
2022,invalid,29-137C,45.0,45,1
2022,invalid,32-136Z,45.0,44,8
2022,W001,07-007Z,44.0,44,32
2022,W001,07-023A,44.0,44,13
2022,W001,07-044C,44.0,38,6
2022,W001,07-047Z,44.0,44,14
2022,W001,07-051A,44.0,44,29
2022,W001,07-086D,44.0,43,7
2022,W001,07-091Z,44.0,42,7
2022,W001,07-119Z,44.0,41,14
2022,invalid,07-041A,44.0,43,21
2022,invalid,10-144W,44.0,42,1
2022,invalid,16-130Z,44.0,44,2
2022,invalid,24-136A,44.0,44,9
2022,invalid,27-138Z,44.0,42,3
2022,W001,07-006Y,43.0,43,33
2022,W001,07-074A,43.0,43,22
2022,W001,07-075W,43.0,41,2
2022,W001,07-084D,43.0,42,12
2022,W001,07-094W,43.0,42,29
2022,invalid,07-071A,43.0,42,17
2022,invalid,26-134B,43.0,41,1
2022,invalid,27-136A,43.0,43,2
2022,invalid,29-135Z,43.0,42,2
2022,invalid,29-137D,43.0,40,2
2022,invalid,33-136A,43.0,42,1
2022,W001,07-012Z,42.0,41,17
2022,W001,07-027W,42.0,42,21
2022,W001,07-036D,42.0,39,24
2022,W001,07-041Z,42.0,42,35
2022,W001,07-042Z,42.0,41,30
2022,W001,07-049Y,42.0,42,19
2022,W001,07-053D,42.0,42,33
2022,W001,07-054B,42.0,42,7
2022,W001,07-100A,42.0,42,9
2022,W001,07-116Z,42.0,42,17
2022,invalid,19-136X,42.0,42,3
2022,W001,07-046A,41.0,41,22
2022,W001,07-054A,41.0,40,14
2022,W001,07-065X,41.0,41,19
2022,W001,07-087Y,41.0,38,6
2022,W001,07-097Z,41.0,41,3
2022,W001,07-125A,41.0,41,23
2022,W001,07-134Z,41.0,39,15
2022,invalid,18-139X,41.0,40,3
2022,invalid,22-140W,41.0,40,1
2022,invalid,23-137A,41.0,39,1
2022,invalid,24-140Z,41.0,41,9
2022,invalid,25-140Z,41.0,40,1
2022,invalid,30-137D,41.0,40,1
2022,invalid,32-140W,41.0,39,2
2022,W001,07-010Y,40.0,40,22
2022,W001,07-012Y,40.0,40,23
2022,W001,07-046W,40.0,40,35
2022,W001,07-047W,40.0,39,23
2022,W001,07-079A,40.0,40,26
2022,W001,07-089W,40.0,39,30
2022,W001,07-095A,40.0,40,26
2022,W001,07-134D,40.0,40,22
2022,invalid,24-140W,40.0,40,3
2022,W001,07-009W,39.0,39,1
2022,W001,07-013W,39.0,39,19
2022,W001,07-014X,39.0,39,20
2022,W001,07-022Z,39.0,39,34
2022,W001,07-024W,39.0,39,23
2022,W001,07-035A,39.0,39,30
2022,W001,07-040W,39.0,39,30
2022,W001,07-059Z,39.0,39,14
2022,W001,07-061W,39.0,39,15
2022,W001,07-063D,39.0,37,18
2022,W001,07-076A,39.0,39,34
2022,W001,07-102C,39.0,38,1
2022,invalid,07-017A,39.0,39,18
2022,invalid,07-018A,39.0,39,34
2022,invalid,07-018D,39.0,38,26
2022,invalid,17-139A,39.0,39,2
2022,invalid,18-134Z,39.0,38,2
2022,invalid,28-140X,39.0,35,1
2022,invalid,29-139B,39.0,38,1
2022,invalid,33-135A,39.0,39,2
2022,W001,07-026A,38.0,37,28
2022,W001,07-037B,38.0,35,2
2022,W001,07-040Z,38.0,38,28
2022,W001,07-043D,38.0,38,19
2022,W001,07-049B,38.0,38,11
2022,W001,07-051W,38.0,38,28
2022,W001,07-066W,38.0,38,24
2022,W001,07-082A,38.0,38,29
2022,W001,07-084A,38.0,37,16
2022,W001,07-090W,38.0,38,27
2022,W001,07-102D,38.0,37,14
2022,W001,07-121W,38.0,38,28
2022,invalid,07-007D,38.0,31,2
2022,invalid,07-010B,38.0,37,22
2022,invalid,07-040D,38.0,38,28
2022,invalid,12-030A,38.0,38,15
2022,invalid,22-135D,38.0,35,3
2022,invalid,26-140Z,38.0,38,1
2022,invalid,27-137A,38.0,38,2
2022,invalid,28-135Z,38.0,38,3
2022,W001,07-017X,37.0,37,22
2022,W001,07-025D,37.0,33,1
2022,W001,07-033Y,37.0,36,20
2022,W001,07-041D,37.0,35,13
2022,W001,07-057Y,37.0,37,13
2022,W001,07-065D,37.0,37,15
2022,W001,07-094Z,37.0,37,20
2022,W001,07-129W,37.0,36,7
2022,W001,07-139A,37.0,36,24
2022,W001,07-146C,37.0,34,1
2022,invalid,17-135C,37.0,35,2
2022,invalid,21-135A,37.0,37,1
2022,invalid,21-135Z,37.0,37,1
2022,W001,07-025A,36.0,36,28
2022,W001,07-032A,36.0,36,27
2022,W001,07-034A,36.0,36,30
2022,W001,07-038A,36.0,35,10
2022,W001,07-045W,36.0,36,25
2022,W001,07-048W,36.0,35,1
2022,W001,07-051Z,36.0,36,24
2022,W001,07-058W,36.0,36,28
2022,W001,07-069B,36.0,36,24
2022,W001,07-073D,36.0,36,27
2022,W001,07-099Z,36.0,36,20
2022,invalid,10-144A,36.0,35,10
2022,invalid,16-128W,36.0,35,2
2022,invalid,23-138Z,36.0,35,1
2022,invalid,28-139Z,36.0,36,1
2022,W001,07-012W,35.0,35,23
2022,W001,07-013Z,35.0,32,16
2022,W001,07-079Z,35.0,35,22
2022,W001,07-085W,35.0,35,29
2022,W001,07-090A,35.0,35,27
2022,W001,07-112Y,35.0,33,3
2022,W001,07-120Z,35.0,35,27
2022,W001,07-137Y,35.0,35,21
2022,invalid,07-002D,35.0,35,29
2022,invalid,07-010C,35.0,34,2
2022,invalid,07-071B,35.0,35,27
2022,invalid,07-071D,35.0,35,25
2022,invalid,26-139Z,35.0,34,1
2022,invalid,32-135W,35.0,35,6
2022,invalid,32-140Y,35.0,34,1
2022,W001,07-001Z,34.0,34,26
2022,W001,07-014Z,34.0,34,25
2022,W001,07-028W,34.0,33,18
2022,W001,07-037A,34.0,33,26
2022,W001,07-039D,34.0,34,26
2022,W001,07-046D,34.0,34,23
2022,W001,07-048Z,34.0,33,18
2022,W001,07-088B,34.0,34,17
2022,W001,07-091Y,34.0,34,21
2022,W001,07-130A,34.0,34,8
2022,invalid,07-012D,34.0,33,22
2022,invalid,21-140A,34.0,34,1
2022,W001,07-008W,33.0,31,3
2022,W001,07-023C,33.0,33,4
2022,W001,07-029Z,33.0,33,28
2022,W001,07-034B,33.0,32,23
2022,W001,07-039Z,33.0,33,27
2022,W001,07-055A,33.0,33,25
2022,W001,07-062A,33.0,33,24
2022,W001,07-087Z,33.0,33,13
2022,W001,07-088W,33.0,33,27
2022,W001,07-093W,33.0,32,10
2022,W001,07-097B,33.0,33,11
2022,W001,07-121Z,33.0,33,19
2022,invalid,07-018B,33.0,33,12
2022,invalid,07-142A,33.0,33,20
2022,invalid,07-142D,33.0,33,1
2022,invalid,18-135A,33.0,32,1
2022,invalid,24-139Z,33.0,33,5
2022,W001,07-036Z,32.0,32,19
2022,W001,07-038Z,32.0,32,21
2022,W001,07-054D,32.0,32,23
2022,W001,07-062D,32.0,32,24
2022,W001,07-064W,32.0,32,23
2022,W001,07-074W,32.0,32,11
2022,W001,07-075D,32.0,32,23
2022,W001,07-081D,32.0,31,26
2022,W001,07-096Z,32.0,32,23
2022,W001,07-099A,32.0,32,17
2022,W001,07-104A,32.0,32,23
2022,W001,07-116W,32.0,26,10
2022,W001,07-125Z,32.0,32,30
2022,W001,07-127Z,32.0,31,9
2022,W001,07-136Z,32.0,32,17
2022,invalid,07-006A,32.0,32,30
2022,invalid,32-138A,32.0,32,8
2022,W001,07-044A,31.0,31,23
2022,W001,07-046Y,31.0,30,16
2022,W001,07-050Z,31.0,30,16
2022,W001,07-083D,31.0,31,18
2022,W001,07-104Z,31.0,30,2
2022,W001,07-119Y,31.0,31,6
2022,W001,07-121A,31.0,30,18
2022,invalid,09-141A,31.0,31,14
2022,invalid,20-136Y,31.0,31,2
2022,invalid,23-138D,31.0,31,2
2022,invalid,28-138A,31.0,30,2
2022,invalid,31-136D,31.0,31,1
2022,W001,07-009X,30.0,29,6
2022,W001,07-018X,30.0,29,23
2022,W001,07-048A,30.0,30,25
2022,W001,07-053Y,30.0,29,6
2022,W001,07-066A,30.0,30,22
2022,W001,07-085A,30.0,30,21
2022,W001,07-116A,30.0,29,6
2022,W001,07-128Z,30.0,30,22
2022,W001,07-141D,30.0,30,24
2022,W001,07-147W,30.0,30,20
2022,invalid,07-020B,30.0,30,25
2022,invalid,27-138Y,30.0,29,2
2022,invalid,28-134A,30.0,29,1
2022,invalid,28-135X,30.0,30,1
2022,invalid,31-135Z,30.0,29,2
2022,invalid,33-138D,30.0,28,2
2022,W001,07-002Z,29.0,29,26
2022,W001,07-010X,29.0,28,3
2022,W001,07-013Y,29.0,28,11
2022,W001,07-034W,29.0,28,12
2022,W001,07-037Y,29.0,29,11
2022,W001,07-042W,29.0,29,8
2022,W001,07-043A,29.0,28,19
2022,W001,07-049A,29.0,27,9
2022,W001,07-062W,29.0,29,18
2022,W001,07-063X,29.0,29,2
2022,W001,07-074Z,29.0,29,7
2022,W001,07-078W,29.0,29,15
2022,invalid,07-004D,29.0,29,24
2022,invalid,23-134D,29.0,29,1
2022,invalid,25-135D,29.0,29,1
2022,invalid,29-140W,29.0,22,2
2022,W001,07-010W,28.0,27,21
2022,W001,07-035Z,28.0,28,17
2022,W001,07-056A,28.0,28,17
2022,W001,07-071Z,28.0,28,22
2022,W001,07-077A,28.0,28,27
2022,W001,07-077D,28.0,28,3
2022,W001,07-077Y,28.0,28,17
2022,W001,07-081A,28.0,27,11
2022,W001,07-092Z,28.0,28,17
2022,W001,07-101D,28.0,28,26
2022,W001,07-103A,28.0,26,4
2022,W001,07-108W,28.0,28,3
2022,W001,07-109Z,28.0,28,23
2022,W001,07-122A,28.0,28,23
2022,invalid,07-006B,28.0,26,7
2022,invalid,07-017D,28.0,28,22
2022,invalid,07-019B,28.0,28,16
2022,invalid,10-142W,28.0,28,5
2022,invalid,17-043Z,28.0,27,2
2022,invalid,19-135A,28.0,28,1
2022,invalid,20-134A,28.0,28,1
2022,invalid,25-138W,28.0,28,2
2022,invalid,29-135A,28.0,27,1
2022,invalid,30-140D,28.0,26,1
2022,invalid,31-136Y,28.0,28,1
2022,W001,07-015Y,27.0,27,24
2022,W001,07-023X,27.0,26,2
2022,W001,07-025Y,27.0,25,2
2022,W001,07-044B,27.0,25,5
2022,W001,07-046Z,27.0,27,24
2022,W001,07-057A,27.0,26,19
2022,W001,07-063W,27.0,27,21
2022,W001,07-091D,27.0,27,24
2022,W001,07-095D,27.0,26,17
2022,W001,07-126A,27.0,27,5
2022,invalid,07-015D,27.0,27,21
2022,W001,07-017W,26.0,26,18
2022,W001,07-026D,26.0,26,21
2022,W001,07-067A,26.0,26,22
2022,W001,07-068W,26.0,26,24
2022,W001,07-080A,26.0,26,23
2022,W001,07-100W,26.0,26,17
2022,W001,07-105A,26.0,26,6
2022,W001,07-108Z,26.0,26,20
2022,W001,07-110W,26.0,26,13
2022,W001,07-113D,26.0,26,3
2022,invalid,31-138W,26.0,26,4
2022,invalid,33-139B,26.0,26,1
2022,W001,07-044D,25.0,25,19
2022,W001,07-055W,25.0,25,15
2022,W001,07-067Y,25.0,25,4
2022,W001,07-068Y,25.0,25,15
2022,W001,07-094C,25.0,25,1
2022,W001,07-110A,25.0,25,17
2022,W001,07-113A,25.0,25,3
2022,W001,07-119A,25.0,25,16
2022,W001,07-119X,25.0,24,3
2022,W001,07-132Z,25.0,25,23
2022,W001,07-135Z,25.0,24,13
2022,W001,07-136A,25.0,25,14
2022,invalid,07-013D,25.0,22,2
2022,invalid,18-131C,25.0,24,1
2022,invalid,18-137Z,25.0,25,1
2022,invalid,18-140Z,25.0,25,1
2022,invalid,30-139C,25.0,25,1
2022,invalid,32-140D,25.0,25,1
2022,W001,07-014Y,24.0,24,21
2022,W001,07-039A,24.0,24,20
2022,W001,07-073Z,24.0,23,4
2022,W001,07-087A,24.0,21,12
2022,W001,07-091A,24.0,23,7
2022,W001,07-093A,24.0,24,4
2022,W001,07-097D,24.0,24,2
2022,W001,07-120A,24.0,24,8
2022,W001,07-120D,24.0,24,11
2022,W001,07-128X,24.0,24,1
2022,W001,07-137X,24.0,22,8
2022,W001,07-145Z,24.0,23,5
2022,invalid,08-112Z,24.0,24,13
2022,invalid,17-137A,24.0,24,1
2022,W001,07-004W,23.0,23,2
2022,W001,07-035B,23.0,22,12
2022,W001,07-042A,23.0,23,10
2022,W001,07-045Z,23.0,23,16
2022,W001,07-056W,23.0,23,13
2022,W001,07-070D,23.0,23,13
2022,W001,07-072D,23.0,23,22
2022,W001,07-079D,23.0,23,16
2022,W001,07-081W,23.0,22,15
2022,W001,07-082D,23.0,22,2
2022,W001,07-085Z,23.0,22,4
2022,W001,07-096D,23.0,20,18
2022,W001,07-103W,23.0,23,7
2022,W001,07-134W,23.0,23,13
2022,invalid,07-147D,23.0,21,9
2022,invalid,09-141X,23.0,22,14
2022,invalid,27-135A,23.0,23,2
2022,W001,07-022W,22.0,22,17
2022,W001,07-073A,22.0,22,17
2022,W001,07-077C,22.0,22,1
2022,W001,07-080W,22.0,22,21
2022,W001,07-080Z,22.0,22,8
2022,W001,07-096Y,22.0,22,3
2022,W001,07-103D,22.0,21,9
2022,W001,07-112Z,22.0,22,15
2022,W001,07-146X,22.0,22,15
2022,invalid,05-005Y,22.0,22,1
2022,invalid,07-019D,22.0,22,19
2022,invalid,10-147D,22.0,22,1
2022,invalid,16-128Z,22.0,21,3
2022,invalid,24-136Z,22.0,22,10
2022,invalid,27-135Z,22.0,22,2
2022,invalid,29-136X,22.0,18,1
2022,invalid,31-138C,22.0,22,1
2022,W001,07-016W,21.0,21,15
2022,W001,07-019W,21.0,21,3
2022,W001,07-034Z,21.0,21,13
2022,W001,07-052Z,21.0,21,11
2022,W001,07-053X,21.0,20,7
2022,W001,07-066Z,21.0,21,7
2022,W001,07-067D,21.0,20,3
2022,W001,07-084Y,21.0,21,9
2022,W001,07-098W,21.0,21,10
2022,W001,07-137B,21.0,21,7
2022,W001,07-144W,21.0,21,18
2022,invalid,07-005B,21.0,21,11
2022,invalid,07-019A,21.0,20,10
2022,invalid,10-141Z,21.0,20,7
2022,invalid,17-140W,21.0,19,2
2022,invalid,18-134A,21.0,21,1
2022,invalid,21-139Z,21.0,21,2
2022,invalid,24-140A,21.0,21,11
2022,invalid,31-136A,21.0,21,6
2022,W001,07-002W,20.0,20,17
2022,W001,07-036W,20.0,20,13
2022,W001,07-058A,20.0,20,10
2022,W001,07-065W,20.0,20,16
2022,W001,07-111W,20.0,20,10
2022,W001,07-115W,20.0,20,1
2022,W001,07-132D,20.0,19,4
2022,W001,07-144Y,20.0,19,5
2022,invalid,08-109Y,20.0,19,11
2022,invalid,09-147B,20.0,16,1
2022,invalid,10-145Z,20.0,20,9
2022,invalid,10-146Z,20.0,19,2
2022,invalid,20-138B,20.0,20,1
2022,invalid,21-137Z,20.0,18,1
2022,W001,07-031W,19.0,19,15
2022,W001,07-037X,19.0,19,12
2022,W001,07-053W,19.0,19,16
2022,W001,07-084Z,19.0,16,6
2022,W001,07-086W,19.0,19,11
2022,W001,07-088D,19.0,19,3
2022,W001,07-099W,19.0,17,8
2022,W001,07-115Y,19.0,19,5
2022,W001,07-117Z,19.0,18,2
2022,W001,07-131A,19.0,18,1
2022,W001,07-135A,19.0,18,7
2022,invalid,07-010D,19.0,19,11
2022,invalid,26-139Y,19.0,15,1
2022,W001,07-022Y,18.0,18,14
2022,W001,07-027A,18.0,18,16
2022,W001,07-027Y,18.0,18,3
2022,W001,07-037D,18.0,17,11
2022,W001,07-077Z,18.0,18,8
2022,W001,07-138A,18.0,18,6
2022,invalid,07-006D,18.0,18,10
2022,invalid,07-009B,18.0,18,6
2022,invalid,07-012A,18.0,18,10
2022,invalid,18-129A,18.0,18,1
2022,invalid,21-136Z,18.0,18,1
2022,invalid,24-137C,18.0,18,1
2022,invalid,25-139Z,18.0,18,1
2022,invalid,30-138A,18.0,18,1
2022,W001,07-032W,17.0,15,3
2022,W001,07-062Y,17.0,15,7
2022,W001,07-076Z,17.0,17,12
2022,W001,07-081Z,17.0,17,4
2022,W001,07-086A,17.0,17,10
2022,W001,07-087D,17.0,17,15
2022,W001,07-087X,17.0,17,1
2022,W001,07-092D,17.0,17,7
2022,invalid,24-134A,17.0,17,7
2022,W001,07-013X,16.0,16,1
2022,W001,07-028D,16.0,15,7
2022,W001,07-043Z,16.0,16,16
2022,W001,07-067Z,16.0,16,5
2022,W001,07-082Z,16.0,16,14
2022,W001,07-095W,16.0,15,1
2022,W001,07-101Z,16.0,16,12
2022,W001,07-123W,16.0,16,2
2022,invalid,07-001D,16.0,16,2
2022,invalid,07-017B,16.0,16,8
2022,invalid,09-142Z,16.0,15,2
2022,invalid,09-146C,16.0,16,2
2022,invalid,18-137A,16.0,16,1
2022,invalid,20-053W,16.0,16,1
2022,invalid,25-135C,16.0,16,2
2022,invalid,25-138Z,16.0,16,2
2022,invalid,27-135C,16.0,15,1
2022,invalid,33-139A,16.0,16,1
2022,W001,07-057B,15.0,15,9
2022,W001,07-058D,15.0,15,6
2022,W001,07-070A,15.0,15,6
2022,W001,07-077B,15.0,15,2
2022,W001,07-112W,15.0,15,13
2022,W001,07-113Y,15.0,15,8
2022,W001,07-118A,15.0,15,3
2022,W001,07-141A,15.0,15,9
2022,invalid,07-003D,15.0,14,9
2022,invalid,07-009A,15.0,15,13
2022,invalid,10-143W,15.0,15,1
2022,invalid,24-135Z,15.0,14,14
2022,invalid,24-138Z,15.0,15,5
2022,invalid,24-139A,15.0,15,10
2022,invalid,27-137Z,15.0,15,2
2022,invalid,30-137C,15.0,13,1
2022,invalid,31-140A,15.0,15,1
2022,W001,07-030Y,14.0,14,4
2022,W001,07-041Y,14.0,14,2
2022,W001,07-045A,14.0,14,9
2022,W001,07-057D,14.0,14,12
2022,W001,07-064Y,14.0,12,2
2022,W001,07-072Z,14.0,14,8
2022,W001,07-075Z,14.0,14,12
2022,W001,07-078Z,14.0,13,3
2022,W001,07-102A,14.0,14,6
2022,W001,07-102Y,14.0,14,7
2022,W001,07-106A,14.0,14,14
2022,W001,07-116Y,14.0,14,1
2022,invalid,07-071C,14.0,13,5
2022,invalid,24-138A,14.0,14,10
2022,invalid,25-135W,14.0,14,1
2022,W001,07-023D,13.0,13,7
2022,W001,07-049D,13.0,13,6
2022,W001,07-060W,13.0,13,11
2022,W001,07-083Z,13.0,13,9
2022,W001,07-088Z,13.0,13,12
2022,W001,07-089A,13.0,13,4
2022,W001,07-115Z,13.0,12,5
2022,W001,07-130Z,13.0,13,9
2022,invalid,31-138Y,13.0,12,1
2022,W001,07-021Z,12.0,12,9
2022,W001,07-022A,12.0,12,10
2022,W001,07-023B,12.0,12,8
2022,W001,07-027D,12.0,12,7
2022,W001,07-034X,12.0,12,9
2022,W001,07-066X,12.0,12,10
2022,W001,07-083A,12.0,12,11
2022,W001,07-091W,12.0,11,5
2022,W001,07-094D,12.0,12,10
2022,W001,07-111A,12.0,12,8
2022,W001,07-123A,12.0,12,7
2022,W001,07-129Y,12.0,12,1
2022,invalid,19-135Z,12.0,12,1
2022,invalid,29-134W,12.0,10,1
2022,invalid,33-137A,12.0,12,1
2022,W001,07-031A,11.0,11,11
2022,W001,07-032X,11.0,11,1
2022,W001,07-057Z,11.0,11,11
2022,W001,07-059X,11.0,11,5
2022,W001,07-063A,11.0,11,9
2022,W001,07-064A,11.0,11,8
2022,W001,07-069D,11.0,11,9
2022,W001,07-078D,11.0,11,6
2022,W001,07-090Z,11.0,11,8
2022,W001,07-118Z,11.0,8,3
2022,W001,07-140Z,11.0,11,9
2022,invalid,07-020A,11.0,11,9
2022,invalid,26-136X,11.0,11,1
2022,invalid,28-139X,11.0,11,1
2022,invalid,32-135Z,11.0,11,8
2022,invalid,32-139Z,11.0,11,7
2022,W001,07-011W,10.0,10,8
2022,W001,07-069A,10.0,9,6
2022,W001,07-085D,10.0,10,8
2022,W001,07-087W,10.0,10,7
2022,W001,07-119D,10.0,10,4
2022,W001,07-137Z,10.0,10,2
2022,invalid,10-143A,10.0,10,9
2022,invalid,17-139X,10.0,10,1
2022,invalid,23-140C,10.0,10,1
2022,invalid,26-139W,10.0,10,1
2022,invalid,31-136W,10.0,10,3
2022,W001,07-031Z,9.0,9,5
2022,W001,07-042Y,9.0,8,2
2022,W001,07-053A,9.0,9,9
2022,W001,07-056D,9.0,9,6
2022,W001,07-065A,9.0,9,9
2022,W001,07-081X,9.0,9,1
2022,W001,07-097W,9.0,9,2
2022,W001,07-115D,9.0,8,5
2022,W001,07-129Z,9.0,9,7
2022,W001,07-146D,9.0,9,4
2022,invalid,09-145Z,9.0,9,8
2022,invalid,10-141W,9.0,9,2
2022,invalid,10-147X,9.0,9,7
2022,invalid,10-147Z,9.0,9,3
2022,invalid,23-134A,9.0,9,1
2022,invalid,25-135Z,9.0,9,1
2022,invalid,26-140B,9.0,9,1
2022,invalid,30-136W,9.0,9,2
2022,invalid,31-135X,9.0,6,1
2022,invalid,32-137Z,9.0,9,6
2022,invalid,32-139B,9.0,6,1
2022,W001,07-055D,8.0,8,1
2022,W001,07-095X,8.0,8,5
2022,W001,07-122Z,8.0,8,7
2022,W001,07-141C,8.0,8,2
2022,invalid,10-142A,8.0,8,7
2022,invalid,20-139B,8.0,8,2
2022,invalid,25-134B,8.0,8,1
2022,W001,07-015W,7.0,7,5
2022,W001,07-041W,7.0,7,2
2022,W001,07-061Z,7.0,7,6
2022,W001,07-064Z,7.0,7,4
2022,W001,07-076D,7.0,7,4
2022,W001,07-085Y,7.0,7,3
2022,W001,07-100Z,7.0,7,6
2022,W001,07-117C,7.0,7,1
2022,invalid,23-137Z,7.0,7,1
2022,invalid,25-135A,7.0,7,1
2022,invalid,26-139C,7.0,7,1
2022,invalid,29-135Y,7.0,7,1
2022,invalid,30-135B,7.0,7,1
2022,W001,07-024C,6.0,5,4
2022,W001,07-061D,6.0,6,4
2022,W001,07-068A,6.0,6,4
2022,W001,07-070Y,6.0,6,5
2022,W001,07-077W,6.0,6,2
2022,W001,07-096A,6.0,6,3
2022,W001,07-124A,6.0,6,4
2022,W001,07-129A,6.0,6,4
2022,invalid,09-143Z,6.0,6,5
2022,invalid,23-136A,6.0,6,2
2022,W001,07-026Y,5.0,5,1
2022,W001,07-062Z,5.0,5,4
2022,W001,07-070X,5.0,5,1
2022,W001,07-089C,5.0,5,1
2022,W001,07-094A,5.0,5,5
2022,W001,07-095Y,5.0,5,3
2022,W001,07-144D,5.0,5,3
2022,invalid,07-001A,5.0,5,4
2022,invalid,09-147W,5.0,5,2
2022,invalid,19-138A,5.0,5,1
2022,invalid,21-136A,5.0,5,1
2022,W001,07-024Y,4.0,4,3
2022,W001,07-057W,4.0,4,1
2022,W001,07-058Z,4.0,4,4
2022,W001,07-065Z,4.0,4,4
2022,W001,07-090D,4.0,4,3
2022,W001,07-095Z,4.0,4,3
2022,W001,07-099D,4.0,4,2
2022,invalid,07-108A,4.0,4,4
2022,invalid,09-141D,4.0,4,3
2022,invalid,09-141Z,4.0,3,1
2022,invalid,09-147Y,4.0,4,2
2022,invalid,26-134Z,4.0,4,1
2022,invalid,26-139B,4.0,4,1
2022,invalid,32-139W,4.0,4,1
2022,W001,07-032D,3.0,3,3
2022,W001,07-033D,3.0,3,3
2022,W001,07-034D,3.0,3,3
2022,W001,07-035D,3.0,3,3
2022,W001,07-072X,3.0,3,3
2022,W001,07-092B,3.0,3,1
2022,W001,07-128A,3.0,3,2
2022,W001,07-134C,3.0,3,1
2022,W001,07-139Z,3.0,3,1
2022,invalid,20-138A,3.0,3,1
2022,invalid,25-136Z,3.0,3,3
2022,invalid,27-134Z,3.0,3,1
2022,invalid,28-137A,3.0,3,2
2022,W001,07-031D,2.0,2,2
2022,W001,07-057C,2.0,2,1
2022,W001,07-064D,2.0,2,2
2022,W001,07-128D,2.0,2,2
2022,W001,07-133A,2.0,2,2
2022,W001,07-133D,2.0,2,2
2022,W001,07-133X,2.0,2,1
2022,W001,07-138Y,2.0,2,1
2022,invalid,07-021A,2.0,2,2
2022,invalid,09-144X,2.0,2,2
2022,invalid,12-053D,2.0,2,2
2022,invalid,23-139A,2.0,2,1
2022,invalid,23-140A,2.0,2,1
2022,invalid,25-134Z,2.0,2,1
2022,invalid,27-136D,2.0,2,1
2022,No LP Track,MMV,1.0,1,1
2022,W001,07-126Y,1.0,1,1
2022,W001,07-138Z,1.0,1,1
2022,invalid,07-109A,1.0,1,1
2022,invalid,09-144A,1.0,1,1
2022,invalid,21-134Y,1.0,1,1
2022,invalid,27-136X,1.0,1,1
2022,invalid,28-134Z,1.0,1,1
2022,invalid,28-135A,1.0,1,1
2022,invalid,31-134W,1.0,1,1
2022,invalid,31-138D,1.0,1,1
2022,invalid,32-136D,1.0,1,1
2022,invalid,32-137W,1.0,1,1
2023,invalid,34-005Z,2097.0,1926,4
2023,invalid,34-010Z,1581.0,1437,1
2023,invalid,34-004Z,1515.0,1376,9
2023,invalid,34-003Z,1305.0,1147,4
2023,invalid,34-001Z,979.0,897,6
2023,invalid,34-002Z,909.0,841,4
2023,invalid,34-008Z,854.0,824,2
2023,invalid,34-007Z,827.0,777,1
2023,invalid,17-129D,812.0,799,20
2023,invalid,34-013Z,808.0,782,3
2023,invalid,17-129C,789.0,735,14
2023,invalid,18-124B,770.0,760,10
2023,invalid,18-133C,770.0,730,15
2023,invalid,17-127X,765.0,717,10
2023,invalid,17-128Y,758.0,734,5
2023,invalid,18-128C,741.0,716,11
2023,invalid,17-128C,723.0,676,10
2023,invalid,18-125C,718.0,691,13
2023,invalid,17-129Z,708.0,689,12
2023,invalid,17-128X,705.0,685,7
2023,invalid,34-012Z,676.0,556,2
2023,invalid,17-138C,660.0,606,12
2023,invalid,18-124D,654.0,636,12
2023,invalid,17-131C,626.0,576,16
2023,invalid,18-130B,616.0,608,9
2023,invalid,16-138X,608.0,579,10
2023,invalid,18-132C,606.0,575,12
2023,invalid,17-130Z,591.0,578,13
2023,invalid,17-132X,582.0,559,11
2023,invalid,17-131Z,568.0,560,14
2023,invalid,18-121B,568.0,553,11
2023,invalid,18-122B,561.0,551,11
2023,invalid,17-137X,553.0,536,11
2023,invalid,17-139D,552.0,542,5
2023,invalid,18-126B,551.0,544,14
2023,invalid,18-128B,547.0,540,16
2023,invalid,17-138Y,543.0,519,7
2023,invalid,17-133X,540.0,522,9
2023,invalid,17-132B,536.0,517,6
2023,invalid,17-138X,536.0,517,12
2023,invalid,18-127C,535.0,524,4
2023,invalid,17-131W,529.0,523,10
2023,invalid,17-130X,524.0,514,9
2023,invalid,17-136X,519.0,516,6
2023,invalid,17-139B,519.0,484,6
2023,invalid,17-133D,518.0,492,13
2023,invalid,17-134D,518.0,506,7
2023,invalid,17-137W,518.0,507,8
2023,invalid,18-129C,512.0,501,10
2023,invalid,17-130W,496.0,489,16
2023,invalid,18-122C,495.0,470,12
2023,invalid,17-133C,493.0,467,9
2023,invalid,18-123C,490.0,468,16
2023,invalid,16-127X,489.0,479,6
2023,invalid,17-131X,482.0,475,11
2023,invalid,17-134X,481.0,470,7
2023,invalid,16-135X,475.0,425,5
2023,invalid,17-131B,472.0,459,6
2023,invalid,16-137X,468.0,460,6
2023,invalid,17-127Y,468.0,464,7
2023,invalid,17-136B,465.0,457,4
2023,invalid,17-132Y,464.0,450,8
2023,invalid,17-135W,464.0,452,5
2023,invalid,18-123B,462.0,450,12
2023,invalid,17-129B,454.0,448,5
2023,invalid,18-133B,454.0,447,6
2023,invalid,16-136X,451.0,442,8
2023,invalid,18-129B,449.0,441,7
2023,invalid,17-133Y,445.0,429,5
2023,invalid,17-136D,440.0,430,7
2023,invalid,17-140X,434.0,420,12
2023,invalid,17-137B,429.0,417,7
2023,invalid,17-137Y,427.0,415,7
2023,invalid,17-134W,426.0,422,9
2023,invalid,18-123D,425.0,412,13
2023,invalid,16-138Y,423.0,409,3
2023,invalid,17-129W,421.0,411,13
2023,invalid,18-130D,418.0,408,8
2023,invalid,16-130Z,417.0,405,20
2023,invalid,17-135X,414.0,391,5
2023,invalid,17-133W,413.0,403,10
2023,invalid,17-140Y,412.0,406,4
2023,invalid,34-009Z,411.0,370,1
2023,invalid,17-135B,408.0,377,7
2023,invalid,17-127Z,407.0,402,13
2023,invalid,16-132Y,404.0,391,6
2023,invalid,17-131Y,401.0,385,7
2023,invalid,17-132Z,401.0,391,11
2023,invalid,17-140D,399.0,382,3
2023,invalid,17-136W,395.0,391,4
2023,invalid,17-130Y,394.0,385,9
2023,invalid,18-132B,394.0,389,8
2023,invalid,17-128B,390.0,387,10
2023,invalid,17-138B,390.0,388,4
2023,invalid,17-139X,386.0,382,9
2023,invalid,17-140C,385.0,372,7
2023,invalid,17-133B,378.0,373,7
2023,invalid,17-139Y,378.0,368,5
2023,invalid,17-140W,377.0,371,4
2023,invalid,17-135C,373.0,366,7
2023,invalid,17-127W,371.0,364,7
2023,invalid,17-130D,366.0,361,15
2023,invalid,16-133W,363.0,358,5
2023,invalid,17-134C,361.0,356,5
2023,invalid,18-121C,359.0,345,9
2023,invalid,18-124C,358.0,350,3
2023,invalid,18-130A,355.0,343,10
2023,invalid,34-006Z,354.0,323,1
2023,invalid,16-127Y,347.0,331,7
2023,invalid,18-131D,347.0,336,7
2023,invalid,16-136Y,346.0,338,7
2023,invalid,17-131A,346.0,342,10
2023,invalid,17-128A,345.0,337,17
2023,invalid,16-131Y,344.0,343,4
2023,invalid,18-120C,344.0,336,9
2023,invalid,17-140A,341.0,334,7
2023,invalid,18-125A,341.0,338,20
2023,invalid,18-127B,339.0,333,4
2023,invalid,18-131C,333.0,324,8
2023,invalid,34-014Z,330.0,324,2
2023,invalid,17-139C,328.0,318,8
2023,invalid,17-138Z,325.0,322,5
2023,invalid,17-134Y,317.0,312,7
2023,invalid,17-134B,316.0,307,3
2023,invalid,18-133D,315.0,306,10
2023,invalid,18-120D,310.0,306,9
2023,invalid,16-132W,309.0,290,6
2023,invalid,18-131B,308.0,301,7
2023,invalid,17-132C,307.0,289,8
2023,invalid,17-137D,304.0,299,5
2023,invalid,16-131W,302.0,288,10
2023,invalid,17-129A,302.0,298,6
2023,invalid,17-128W,300.0,295,11
2023,invalid,17-129X,298.0,294,5
2023,invalid,18-128D,298.0,293,13
2023,invalid,17-128D,297.0,288,9
2023,invalid,18-122A,296.0,293,7
2023,invalid,17-136C,294.0,281,2
2023,invalid,16-133Y,293.0,290,4
2023,invalid,17-135A,292.0,255,4
2023,invalid,18-130C,290.0,283,9
2023,invalid,16-137W,289.0,283,9
2023,invalid,17-131D,286.0,283,16
2023,invalid,17-136Y,285.0,282,3
2023,invalid,18-121A,284.0,281,4
2023,invalid,18-123A,284.0,278,12
2023,invalid,16-135Y,283.0,279,5
2023,invalid,17-133Z,281.0,276,13
2023,invalid,16-134W,278.0,274,7
2023,invalid,16-137Z,278.0,275,9
2023,invalid,16-127W,276.0,266,12
2023,invalid,16-134X,274.0,271,9
2023,invalid,17-140Z,274.0,268,8
2023,invalid,17-130C,272.0,265,8
2023,invalid,17-138D,272.0,266,4
2023,invalid,17-139A,272.0,268,6
2023,invalid,18-120A,271.0,263,11
2023,invalid,17-136A,270.0,265,9
2023,invalid,17-140B,268.0,259,6
2023,invalid,16-128W,266.0,263,10
2023,invalid,16-128X,265.0,256,7
2023,invalid,18-121D,260.0,250,10
2023,invalid,17-138A,259.0,254,5
2023,invalid,17-138W,259.0,253,6
2023,invalid,17-135Z,258.0,251,7
2023,invalid,17-139W,258.0,255,4
2023,invalid,16-133X,256.0,249,5
2023,invalid,17-137A,253.0,249,5
2023,invalid,16-129X,251.0,246,3
2023,invalid,16-128Y,249.0,247,5
2023,invalid,16-140W,245.0,239,9
2023,invalid,17-134A,244.0,242,10
2023,invalid,08-049Y,241.0,231,4
2023,invalid,16-130X,241.0,240,3
2023,invalid,16-138W,238.0,235,6
2023,invalid,17-129Y,238.0,234,4
2023,invalid,18-120B,236.0,215,4
2023,invalid,17-132D,235.0,234,10
2023,invalid,17-135Y,234.0,229,3
2023,invalid,16-127Z,233.0,228,8
2023,invalid,16-060W,225.0,223,7
2023,invalid,16-130Y,224.0,217,3
2023,invalid,16-140Z,224.0,222,12
2023,invalid,16-137Y,223.0,220,6
2023,invalid,18-129D,223.0,216,5
2023,invalid,16-139Y,222.0,219,3
2023,invalid,16-139W,221.0,215,13
2023,invalid,17-059D,221.0,218,3
2023,invalid,16-136Z,220.0,219,12
2023,invalid,18-126D,218.0,215,4
2023,invalid,12-098C,208.0,203,5
2023,invalid,16-139X,208.0,204,4
2023,invalid,17-128Z,207.0,204,8
2023,invalid,34-011Z,205.0,195,1
2023,invalid,17-047W,203.0,201,3
2023,invalid,18-125D,200.0,200,6
2023,invalid,18-128A,200.0,198,14
2023,invalid,12-098A,192.0,190,4
2023,invalid,17-135D,189.0,187,2
2023,invalid,17-137C,189.0,187,1
2023,invalid,16-132Z,183.0,172,7
2023,invalid,17-049X,182.0,180,4
2023,invalid,17-133A,181.0,176,7
2023,invalid,16-135Z,180.0,176,11
2023,invalid,16-128Z,178.0,174,10
2023,invalid,17-098D,177.0,172,4
2023,invalid,17-130B,175.0,171,10
2023,invalid,16-134Z,171.0,170,13
2023,invalid,08-043W,170.0,148,4
2023,invalid,16-139Z,168.0,165,10
2023,invalid,18-125B,165.0,161,5
2023,invalid,17-134Z,160.0,159,5
2023,invalid,17-132A,158.0,157,9
2023,invalid,17-132W,158.0,157,14
2023,invalid,17-130A,157.0,150,6
2023,invalid,08-045W,156.0,127,4
2023,invalid,18-129A,156.0,156,4
2023,invalid,16-132X,155.0,152,2
2023,invalid,16-131X,154.0,154,5
2023,invalid,08-045X,148.0,147,2
2023,invalid,08-107Y,148.0,145,3
2023,invalid,16-129W,146.0,141,4
2023,invalid,16-129Y,146.0,142,5
2023,invalid,17-136Z,143.0,142,2
2023,invalid,18-131A,142.0,140,8
2023,invalid,17-043Y,141.0,138,4
2023,invalid,08-049X,138.0,130,3
2023,invalid,18-122D,137.0,133,4
2023,invalid,16-135W,135.0,134,3
2023,invalid,16-140Y,134.0,117,2
2023,invalid,17-046Y,128.0,125,7
2023,invalid,08-109Z,127.0,124,5
2023,invalid,17-049W,123.0,119,5
2023,invalid,18-132A,122.0,121,11
2023,invalid,12-098D,115.0,114,8
2023,invalid,18-127D,114.0,114,14
2023,invalid,08-048Y,113.0,109,2
2023,invalid,16-131Z,113.0,110,9
2023,invalid,16-136W,109.0,106,10
2023,invalid,08-045Y,107.0,88,5
2023,invalid,16-133Z,106.0,105,4
2023,invalid,18-126C,106.0,102,2
2023,invalid,18-133A,106.0,103,4
2023,invalid,17-044W,100.0,96,5
2023,invalid,16-138Z,95.0,95,8
2023,invalid,08-046Y,94.0,92,1
2023,invalid,17-044X,93.0,90,3
2023,invalid,12-098B,92.0,89,2
2023,invalid,16-129Z,92.0,91,2
2023,invalid,17-060A,92.0,86,5
2023,invalid,17-137Z,91.0,91,4
2023,invalid,17-045Z,89.0,86,4
2023,invalid,16-134Y,88.0,87,3
2023,invalid,17-047Y,86.0,84,2
2023,invalid,17-098B,86.0,86,4
2023,invalid,17-044Y,83.0,82,2
2023,invalid,17-139Z,82.0,76,3
2023,invalid,17-044Z,76.0,76,5
2023,invalid,17-059A,73.0,71,5
2023,invalid,18-127A,72.0,72,8
2023,invalid,16-140X,71.0,69,2
2023,invalid,17-046X,70.0,67,4
2023,invalid,08-108W,69.0,69,2
2023,invalid,18-132D,69.0,67,5
2023,invalid,08-049W,65.0,65,1
2023,invalid,17-046Z,65.0,64,5
2023,invalid,17-047Z,65.0,63,3
2023,invalid,17-098A,65.0,64,6
2023,invalid,16-130W,61.0,60,3
2023,invalid,18-126A,60.0,60,3
2023,invalid,08-048W,57.0,55,8
2023,invalid,08-106W,57.0,56,1
2023,invalid,08-112X,56.0,52,2
2023,invalid,17-098C,56.0,56,3
2023,invalid,08-110X,53.0,51,2
2023,invalid,17-059B,53.0,50,1
2023,invalid,08-112W,50.0,49,2
2023,invalid,08-048X,45.0,43,3
2023,invalid,18-124A,45.0,45,3
2023,invalid,08-111Z,44.0,40,7
2023,invalid,17-127A,42.0,41,1
2023,invalid,08-043Y,41.0,41,1
2023,invalid,08-043X,39.0,37,3
2023,invalid,08-111Y,38.0,33,3
2023,invalid,17-048X,36.0,35,1
2023,invalid,17-127B,36.0,36,2
2023,invalid,08-045Z,33.0,32,12
2023,invalid,08-046W,33.0,32,3
2023,invalid,17-048Y,33.0,33,3
2023,invalid,08-107X,32.0,32,1
2023,invalid,08-044Y,28.0,28,2
2023,invalid,17-045Y,28.0,27,1
2023,invalid,17-047X,27.0,23,1
2023,invalid,08-044X,25.0,24,4
2023,invalid,08-109X,24.0,24,1
2023,invalid,17-045W,23.0,23,5
2023,invalid,08-111W,22.0,22,1
2023,invalid,17-060C,21.0,21,2
2023,invalid,17-048Z,20.0,20,3
2023,invalid,08-047X,18.0,17,3
2023,invalid,08-110Y,17.0,17,2
2023,invalid,17-049Y,16.0,16,3
2023,invalid,08-112Y,13.0,13,1
2023,invalid,08-047Y,12.0,12,3
2023,invalid,17-060D,12.0,12,1
2023,invalid,08-106Y,11.0,11,1
2023,invalid,08-111X,11.0,11,1
2023,invalid,17-043Z,11.0,11,1
2023,invalid,17-048W,11.0,11,3
2023,invalid,17-059C,11.0,11,2
2023,invalid,08-106X,9.0,9,1
2023,invalid,08-106Z,9.0,8,4
2023,invalid,17-127C,9.0,10,1
2023,invalid,08-047Z,8.0,8,7
2023,invalid,17-046W,8.0,8,4
2023,invalid,08-044W,7.0,7,2
2023,invalid,08-046Z,6.0,6,2
2023,invalid,08-049Z,6.0,6,3
2023,invalid,08-109W,6.0,6,1
2023,invalid,08-047W,5.0,5,4
2023,invalid,08-108X,5.0,5,3
2023,invalid,08-107Z,4.0,4,2
2023,invalid,08-110W,4.0,4,3
2023,invalid,08-044Z,3.0,3,3
2023,invalid,08-107W,3.0,3,1
2023,invalid,17-043X,3.0,3,1
2023,invalid,17-060B,3.0,3,2
2023,invalid,17-127D,3.0,3,1
2023,invalid,08-046X,2.0,2,2
2023,invalid,08-048Z,2.0,2,2
2023,invalid,08-108Z,2.0,2,2
2023,invalid,17-049Z,2.0,2,2
2023,invalid,08-110Z,1.0,1,1
2023,invalid,08-112Z,1.0,1,1
2024,invalid,34-007Z,598.0,537,3
2024,invalid,34-008Z,540.0,508,5
2024,invalid,34-003X,530.0,484,2
2024,invalid,34-001Z,524.0,502,7
2024,invalid,34-012Z,473.0,441,7
2024,W001,07-008X,469.0,408,7
2024,invalid,34-005X,458.0,446,1
2024,invalid,34-004Z,448.0,406,4
2024,invalid,34-004X,415.0,398,2
2024,invalid,34-022X,411.0,384,2
2024,W001,07-003Y,402.0,373,5
2024,invalid,34-011Z,362.0,349,4
2024,invalid,07-020A,345.0,329,3
2024,invalid,34-006Y,305.0,297,3
2024,invalid,34-007X,302.0,285,2
2024,invalid,34-002Z,296.0,292,3
2024,invalid,34-028X,271.0,257,2
2024,invalid,34-013Z,256.0,246,2
2024,invalid,18-129B,254.0,244,2
2024,invalid,17-128C,250.0,247,2
2024,invalid,17-133Z,247.0,238,2
2024,invalid,17-140Z,245.0,243,3
2024,invalid,34-009Z,234.0,230,4
2024,invalid,07-018A,231.0,215,1
2024,invalid,07-021A,230.0,214,1
2024,invalid,34-020X,223.0,204,1
2024,invalid,34-002X,217.0,208,1
2024,invalid,17-140A,212.0,209,2
2024,invalid,18-120B,212.0,208,3
2024,invalid,17-130W,209.0,203,4
2024,invalid,07-019A,205.0,188,3
2024,invalid,17-139X,201.0,198,2
2024,invalid,34-005Z,201.0,194,2
2024,invalid,17-127Y,199.0,199,1
2024,W001,07-019Y,195.0,173,2
2024,invalid,34-019X,183.0,179,1
2024,invalid,18-122B,179.0,176,2
2024,invalid,34-014Z,179.0,166,3
2024,invalid,34-021Z,174.0,172,2
2024,invalid,34-016X,173.0,163,1
2024,invalid,18-121B,172.0,168,2
2024,invalid,17-131A,171.0,171,2
2024,invalid,17-129D,170.0,167,4
2024,invalid,17-139Z,168.0,166,3
2024,invalid,17-130B,167.0,166,2
2024,W001,07-018X,162.0,144,6
2024,invalid,18-127B,159.0,157,2
2024,invalid,34-006X,159.0,152,1
2024,invalid,18-132A,158.0,156,4
2024,invalid,34-011X,156.0,147,2
2024,invalid,17-137W,155.0,154,2
2024,invalid,34-001X,155.0,150,1
2024,W001,07-001W,154.0,146,3
2024,invalid,17-129Z,154.0,154,4
2024,invalid,17-130Y,154.0,149,3
2024,invalid,34-017X,154.0,141,1
2024,invalid,17-129Y,153.0,152,2
2024,invalid,34-020Y,153.0,153,2
2024,invalid,17-140D,152.0,152,2
2024,invalid,17-137Y,146.0,146,2
2024,invalid,18-128B,146.0,145,2
2024,invalid,16-132X,145.0,145,2
2024,invalid,17-138B,145.0,145,2
2024,invalid,17-139B,141.0,141,2
2024,W001,07-020Y,140.0,130,4
2024,invalid,16-134W,134.0,105,2
2024,invalid,17-136B,134.0,133,2
2024,invalid,34-008X,132.0,130,1
2024,invalid,17-135Y,130.0,130,2
2024,invalid,17-140B,130.0,130,2
2024,invalid,34-021X,130.0,116,1
2024,invalid,18-126B,126.0,125,5
2024,W001,07-009Z,120.0,118,6
2024,invalid,18-123B,116.0,115,2
2024,invalid,18-130B,116.0,115,2
2024,invalid,34-023X,116.0,113,1
2024,invalid,17-137B,115.0,114,2
2024,invalid,17-138Y,114.0,112,1
2024,invalid,18-125B,114.0,113,2
2024,invalid,34-022Z,112.0,112,2
2024,W001,07-013X,110.0,109,7
2024,invalid,18-123D,110.0,108,11
2024,invalid,34-027Z,110.0,110,3
2024,invalid,16-133X,107.0,105,1
2024,invalid,34-012X,107.0,101,2
2024,W001,07-020X,106.0,98,5
2024,invalid,18-131D,106.0,98,1
2024,invalid,17-136D,105.0,104,2
2024,invalid,17-130A,103.0,99,2
2024,invalid,34-015X,103.0,100,2
2024,invalid,34-018X,103.0,101,1
2024,invalid,17-132X,101.0,101,1
2024,invalid,17-135W,101.0,99,2
2024,invalid,34-002Y,101.0,98,2
2024,invalid,16-136W,99.0,94,2
2024,invalid,34-023Y,99.0,99,1
2024,invalid,34-014X,98.0,96,2
2024,W001,07-011X,97.0,94,5
2024,invalid,17-134Z,97.0,95,2
2024,invalid,17-137X,96.0,84,2
2024,invalid,17-138A,96.0,96,4
2024,invalid,17-135C,92.0,90,2
2024,invalid,34-005Y,91.0,90,1
2024,invalid,18-120A,90.0,89,3
2024,W001,07-012X,89.0,84,4
2024,invalid,16-139X,89.0,87,1
2024,invalid,17-131Y,89.0,87,2
2024,invalid,34-022Y,88.0,88,1
2024,W001,07-002X,86.0,86,4
2024,invalid,17-128Y,86.0,86,2
2024,invalid,17-131X,85.0,84,2
2024,invalid,17-132B,85.0,84,2
2024,invalid,17-133W,83.0,80,3
2024,invalid,16-131Y,80.0,70,2
2024,invalid,34-017Z,79.0,79,1
2024,W001,07-019Z,78.0,75,5
2024,invalid,16-135W,78.0,78,2
2024,invalid,34-009Y,78.0,78,1
2024,invalid,17-129C,77.0,77,2
2024,invalid,34-028Z,76.0,76,1
2024,invalid,17-128D,75.0,72,4
2024,invalid,17-135A,75.0,68,1
2024,W001,07-007Y,74.0,74,1
2024,invalid,17-127Z,74.0,72,4
2024,invalid,17-139C,74.0,74,2
2024,invalid,18-128D,74.0,71,3
2024,W001,07-020W,73.0,72,1
2024,invalid,34-019Y,73.0,73,1
2024,invalid,17-136X,72.0,72,1
2024,invalid,34-016Y,72.0,72,1
2024,W001,07-011Z,71.0,70,6
2024,invalid,16-131W,71.0,66,3
2024,invalid,34-024Z,71.0,70,1
2024,W001,07-004Z,70.0,70,2
2024,invalid,34-027Y,70.0,69,1
2024,invalid,17-140Y,69.0,68,2
2024,invalid,16-131Z,68.0,66,2
2024,invalid,18-132B,68.0,67,2
2024,invalid,17-138W,67.0,65,1
2024,invalid,17-139Y,67.0,67,2
2024,invalid,17-130X,66.0,66,1
2024,invalid,17-139W,66.0,65,2
2024,invalid,18-131B,66.0,65,1
2024,invalid,17-133B,65.0,65,2
2024,invalid,17-139A,65.0,65,1
2024,invalid,16-128Z,64.0,61,3
2024,invalid,17-138D,64.0,63,2
2024,invalid,17-129W,63.0,63,3
2024,invalid,17-135Z,61.0,60,5
2024,invalid,18-127C,61.0,61,2
2024,invalid,34-026Y,61.0,61,1
2024,invalid,16-137X,60.0,59,2
2024,invalid,17-135D,60.0,60,2
2024,invalid,18-121A,60.0,59,1
2024,invalid,34-001Y,60.0,60,1
2024,invalid,34-014Y,60.0,60,1
2024,invalid,17-133Y,59.0,58,2
2024,invalid,18-133D,59.0,55,3
2024,W001,07-018W,58.0,57,3
2024,invalid,16-135Z,58.0,57,2
2024,invalid,17-131B,57.0,54,2
2024,invalid,34-026Z,57.0,57,2
2024,W001,07-023C,56.0,56,1
2024,invalid,17-132Y,56.0,55,2
2024,W001,07-025D,55.0,53,1
2024,invalid,18-131A,55.0,55,4
2024,invalid,34-017Y,55.0,55,1
2024,invalid,34-023Z,55.0,54,1
2024,invalid,17-132A,54.0,54,4
2024,invalid,18-121C,54.0,54,2
2024,invalid,17-135X,51.0,48,4
2024,W001,07-026D,50.0,49,1
2024,invalid,17-134A,49.0,48,2
2024,invalid,17-134Y,49.0,48,2
2024,W001,07-015X,48.0,46,4
2024,W001,07-032D,48.0,45,1
2024,invalid,17-131Z,48.0,48,6
2024,W001,07-008W,47.0,47,2
2024,W001,07-027B,47.0,47,1
2024,invalid,16-132Y,47.0,47,2
2024,invalid,17-128W,47.0,45,5
2024,invalid,17-131D,47.0,47,4
2024,invalid,17-128X,46.0,44,1
2024,invalid,17-137D,46.0,45,1
2024,invalid,34-024Y,46.0,45,1
2024,invalid,34-025Z,46.0,46,2
2024,W001,07-011W,45.0,45,1
2024,W001,07-021W,45.0,45,1
2024,invalid,17-140X,45.0,45,2
2024,invalid,18-125A,45.0,45,1
2024,W001,07-009X,44.0,44,4
2024,W001,07-033D,44.0,44,1
2024,invalid,34-006Z,44.0,44,2
2024,invalid,34-018Z,44.0,43,1
2024,invalid,34-027X,44.0,44,1
2024,W001,07-012Y,43.0,42,2
2024,invalid,16-140X,43.0,41,1
2024,invalid,17-137A,43.0,43,5
2024,W001,07-031X,42.0,41,2
2024,invalid,16-139Z,42.0,42,2
2024,invalid,17-132C,42.0,42,3
2024,invalid,18-121D,42.0,42,1
2024,W001,07-003W,41.0,41,1
2024,invalid,17-130Z,41.0,41,2
2024,invalid,34-015Y,41.0,41,1
2024,W001,07-005X,40.0,40,3
2024,W001,07-007Z,40.0,40,6
2024,W001,07-029B,40.0,39,1
2024,invalid,30-053X,40.0,32,1
2024,W001,07-002W,39.0,39,1
2024,invalid,16-140W,39.0,39,2
2024,invalid,18-120C,39.0,38,2
2024,invalid,18-133B,39.0,38,2
2024,invalid,18-124B,38.0,38,2
2024,invalid,34-007Y,38.0,38,1
2024,invalid,16-131X,37.0,36,1
2024,invalid,16-135Y,37.0,36,1
2024,W001,07-016X,36.0,34,2
2024,W001,07-020Z,36.0,36,3
2024,invalid,17-134W,36.0,35,2
2024,invalid,34-025X,36.0,36,1
2024,invalid,17-134B,35.0,35,2
2024,invalid,34-003Y,35.0,35,1
2024,invalid,34-003Z,35.0,35,2
2024,invalid,34-011Y,35.0,35,2
2024,invalid,34-024X,35.0,35,1
2024,invalid,17-136A,34.0,34,4
2024,invalid,34-009X,34.0,34,1
2024,invalid,17-132W,33.0,33,2
2024,invalid,17-134C,33.0,33,2
2024,invalid,17-135B,33.0,33,2
2024,invalid,34-026X,33.0,33,1
2024,invalid,16-139Y,32.0,31,1
2024,invalid,18-122C,32.0,32,2
2024,invalid,34-018Y,32.0,31,1
2024,invalid,34-019Z,32.0,32,1
2024,invalid,16-134Y,31.0,28,1
2024,invalid,16-136Z,31.0,31,5
2024,invalid,16-139W,31.0,31,2
2024,invalid,17-140C,31.0,28,2
2024,invalid,18-128A,31.0,27,8
2024,W001,07-001Y,30.0,30,1
2024,W001,07-033W,30.0,29,1
2024,W001,07-034W,30.0,29,1
2024,invalid,34-008Y,30.0,30,1
2024,invalid,16-128W,29.0,28,6
2024,invalid,17-138C,29.0,29,1
2024,invalid,18-125C,29.0,27,2
2024,invalid,18-133C,29.0,29,2
2024,invalid,34-012Y,29.0,29,1
2024,invalid,16-132Z,28.0,27,3
2024,invalid,16-134X,28.0,28,1
2024,invalid,16-138W,28.0,28,4
2024,invalid,17-131C,28.0,28,1
2024,invalid,17-139D,28.0,28,1
2024,invalid,18-123C,28.0,28,2
2024,invalid,18-127A,28.0,28,3
2024,W001,07-010X,27.0,26,4
2024,W001,07-011Y,27.0,27,1
2024,invalid,16-137Z,27.0,27,2
2024,invalid,17-131W,27.0,27,2
2024,invalid,18-127D,27.0,27,3
2024,invalid,18-132C,27.0,26,2
2024,invalid,34-028Y,27.0,27,1
2024,W001,07-006Z,26.0,26,5
2024,invalid,16-134Z,26.0,26,1
2024,invalid,18-123A,26.0,26,1
2024,invalid,34-004Y,26.0,26,1
2024,W001,07-002Y,25.0,25,1
2024,W001,07-006X,25.0,25,3
2024,invalid,16-129X,25.0,25,1
2024,invalid,16-138Z,25.0,24,2
2024,invalid,16-140Z,25.0,25,2
2024,invalid,17-129B,25.0,24,1
2024,invalid,17-130D,25.0,25,1
2024,W001,07-010W,24.0,24,1
2024,W001,07-010Z,24.0,24,2
2024,W001,07-012W,24.0,24,2
2024,W001,07-017Z,24.0,24,3
2024,W001,07-037X,24.0,24,1
2024,invalid,16-127Y,24.0,24,1
2024,invalid,16-133Z,24.0,24,1
2024,invalid,17-132D,24.0,23,2
2024,invalid,17-140W,24.0,23,1
2024,invalid,18-126C,24.0,23,2
2024,invalid,34-013X,24.0,24,1
2024,invalid,34-015Z,24.0,24,1
2024,invalid,34-025Y,24.0,24,1
2024,W001,07-004Y,23.0,23,1
2024,invalid,17-134X,23.0,23,1
2024,invalid,18-124D,23.0,23,4
2024,invalid,34-021Y,23.0,23,1
2024,W001,07-003X,22.0,22,4
2024,W001,07-004W,22.0,22,1
2024,W001,07-023B,22.0,22,1
2024,invalid,16-128Y,22.0,22,1
2024,invalid,16-130Z,22.0,21,6
2024,invalid,17-136Y,22.0,22,2
2024,W001,07-018Y,21.0,21,1
2024,W001,07-027X,21.0,19,1
2024,invalid,17-128A,21.0,21,2
2024,W001,07-008Y,20.0,20,1
2024,invalid,16-127Z,20.0,20,2
2024,invalid,34-010X,20.0,19,1
2024,W001,07-008Z,19.0,19,2
2024,W001,07-012Z,19.0,19,2
2024,W001,07-019X,19.0,19,4
2024,W001,07-003Z,18.0,18,1
2024,invalid,16-135X,18.0,17,1
2024,invalid,17-136C,18.0,18,2
2024,invalid,34-010Z,18.0,18,1
2024,W001,07-013Y,17.0,17,1
2024,W001,07-015Z,17.0,16,4
2024,W001,07-019W,17.0,17,2
2024,W001,07-007X,16.0,16,3
2024,W001,07-014Z,16.0,16,2
2024,W001,07-017X,16.0,16,2
2024,invalid,16-129W,16.0,16,5
2024,invalid,16-138Y,15.0,15,2
2024,invalid,17-133C,15.0,15,2
2024,W001,07-021X,14.0,10,2
2024,invalid,16-129Z,14.0,14,1
2024,invalid,17-134D,14.0,14,1
2024,invalid,18-122D,14.0,14,1
2024,W001,07-002Z,13.0,13,2
2024,W001,07-004X,13.0,13,3
2024,W001,07-028X,13.0,13,1
2024,W001,07-031B,13.0,13,1
2024,W001,07-112X,13.0,13,1
2024,invalid,16-130W,13.0,12,1
2024,invalid,18-126A,13.0,12,2
2024,invalid,18-128C,13.0,13,1
2024,invalid,18-132D,13.0,13,1
2024,invalid,34-010Y,13.0,13,2
2024,W001,07-010Y,12.0,12,1
2024,W001,07-138A,12.0,8,1
2024,invalid,17-128Z,12.0,12,3
2024,invalid,18-122A,12.0,12,1
2024,W001,07-009Y,11.0,11,1
2024,W001,07-017Y,11.0,11,1
2024,W001,07-143D,11.0,6,1
2024,invalid,16-137Y,11.0,10,1
2024,invalid,17-136Z,11.0,11,4
2024,invalid,18-120D,11.0,11,2
2024,W001,07-001X,10.0,10,1
2024,W001,07-005Y,10.0,10,1
2024,W001,07-015W,10.0,10,1
2024,W001,07-018Z,10.0,10,1
2024,W001,07-110A,10.0,6,1
2024,W001,07-118B,10.0,7,1
2024,W001,07-119C,10.0,7,1
2024,W001,07-153C,10.0,6,1
2024,invalid,16-127X,10.0,10,1
2024,invalid,16-138X,10.0,9,1
2024,W001,07-006Y,9.0,9,1
2024,W001,07-007W,9.0,9,1
2024,W001,07-009W,9.0,9,1
2024,W001,07-103Z,9.0,5,1
2024,W001,07-113W,9.0,5,1
2024,W001,07-135B,9.0,6,1
2024,W001,07-140C,9.0,6,1
2024,W001,07-145W,9.0,6,1
2024,invalid,07-108A,9.0,7,1
2024,invalid,18-129C,9.0,9,2
2024,invalid,34-013Y,9.0,9,1
2024,invalid,34-016Z,9.0,9,1
2024,W001,07-005Z,8.0,8,2
2024,W001,07-016W,8.0,8,1
2024,W001,07-017W,8.0,7,1
2024,W001,07-102Y,8.0,7,1
2024,W001,07-105C,8.0,4,1
2024,W001,07-106A,8.0,7,1
2024,W001,07-112Y,8.0,6,1
2024,W001,07-117A,8.0,6,1
2024,W001,07-143B,8.0,5,1
2024,W001,07-143W,8.0,6,1
2024,W001,07-145Y,8.0,5,1
2024,invalid,16-130X,8.0,8,1
2024,invalid,16-132W,8.0,8,7
2024,invalid,17-130C,8.0,8,1
2024,invalid,17-132Z,8.0,8,2
2024,invalid,17-138X,8.0,8,1
2024,W001,07-005W,7.0,7,1
2024,W001,07-006W,7.0,7,1
2024,W001,07-016Z,7.0,7,2
2024,W001,07-103W,7.0,6,1
2024,W001,07-112A,7.0,6,1
2024,W001,07-119X,7.0,5,1
2024,W001,07-120B,7.0,5,1
2024,W001,07-120Y,7.0,5,1
2024,W001,07-121A,7.0,6,1
2024,W001,07-125A,7.0,6,1
2024,W001,07-126A,7.0,4,1
2024,W001,07-126Z,7.0,6,1
2024,W001,07-128C,7.0,5,1
2024,W001,07-131X,7.0,5,1
2024,W001,07-135C,7.0,6,1
2024,W001,07-147W,7.0,5,1
2024,W001,07-147Y,7.0,5,1
2024,W001,07-147Z,7.0,5,1
2024,invalid,16-129Y,7.0,7,1
2024,invalid,16-130Y,7.0,7,1
2024,invalid,18-129A,7.0,7,2
2024,invalid,18-130C,7.0,7,2
2024,invalid,18-131C,7.0,7,1
2024,W001,07-068Z,6.0,4,2
2024,W001,07-102X,6.0,5,1
2024,W001,07-104A,6.0,5,1
2024,W001,07-104X,6.0,5,2
2024,W001,07-106Z,6.0,5,1
2024,W001,07-111B,6.0,4,1
2024,W001,07-113C,6.0,4,1
2024,W001,07-116C,6.0,3,1
2024,W001,07-120X,6.0,4,1
2024,W001,07-120Z,6.0,5,1
2024,W001,07-121Z,6.0,5,1
2024,W001,07-122Z,6.0,4,1
2024,W001,07-123W,6.0,4,1
2024,W001,07-124Z,6.0,4,1
2024,W001,07-128W,6.0,5,1
2024,W001,07-130Y,6.0,5,1
2024,W001,07-131D,6.0,5,1
2024,W001,07-132W,6.0,5,1
2024,W001,07-134D,6.0,4,1
2024,W001,07-136X,6.0,5,1
2024,W001,07-138Z,6.0,4,1
2024,W001,07-139D,6.0,4,1
2024,W001,07-143Y,6.0,5,1
2024,W001,07-144B,6.0,3,1
2024,W001,07-145Z,6.0,4,1
2024,W001,07-148B,6.0,4,1
2024,W001,07-154C,6.0,4,1
2024,W001,07-154D,6.0,4,1
2024,invalid,16-136X,6.0,6,1
2024,invalid,16-136Y,6.0,6,1
2024,invalid,16-137W,6.0,6,2
2024,invalid,18-124C,6.0,6,1
2024,W001,07-013W,5.0,5,1
2024,W001,07-014W,5.0,5,1
2024,W001,07-014X,5.0,5,2
2024,W001,07-015Y,5.0,5,1
2024,W001,07-026C,5.0,5,1
2024,W001,07-080D,5.0,3,1
2024,W001,07-102Z,5.0,4,1
2024,W001,07-107C,5.0,4,1
2024,W001,07-108Z,5.0,3,1
2024,W001,07-113G,5.0,3,1
2024,W001,07-114C,5.0,3,1
2024,W001,07-118C,5.0,4,1
2024,W001,07-118Z,5.0,5,1
2024,W001,07-119Y,5.0,4,1
2024,W001,07-120D,5.0,3,1
2024,W001,07-121D,5.0,3,1
2024,W001,07-121X,5.0,4,1
2024,W001,07-122C,5.0,4,1
2024,W001,07-122Y,5.0,4,1
2024,W001,07-124X,5.0,4,1
2024,W001,07-125C,5.0,4,1
2024,W001,07-125X,5.0,5,1
2024,W001,07-125Z,5.0,3,1
2024,W001,07-128Z,5.0,5,1
2024,W001,07-130D,5.0,3,1
2024,W001,07-133B,5.0,3,1
2024,W001,07-134Z,5.0,3,1
2024,W001,07-135Z,5.0,4,1
2024,W001,07-136D,5.0,4,1
2024,W001,07-136Y,5.0,3,1
2024,W001,07-137A,5.0,5,1
2024,W001,07-137D,5.0,3,1
2024,W001,07-139W,5.0,4,1
2024,W001,07-139Y,5.0,3,1
2024,W001,07-140W,5.0,4,1
2024,W001,07-141D,5.0,5,1
2024,W001,07-141Y,5.0,4,1
2024,W001,07-144Y,5.0,4,1
2024,W001,07-145X,5.0,4,1
2024,W001,07-146B,5.0,3,1
2024,W001,07-146Y,5.0,4,1
2024,W001,07-146Z,5.0,4,1
2024,W001,07-154X,5.0,2,1
2024,invalid,07-108C,5.0,4,1
2024,invalid,07-147B,5.0,3,1
2024,invalid,07-147C,5.0,4,1
2024,invalid,07-147H,5.0,3,1
2024,invalid,17-133D,5.0,4,1
2024,invalid,18-124A,5.0,5,1
2024,invalid,18-130D,5.0,5,3
2024,W001,07-024X,4.0,3,2
2024,W001,07-032W,4.0,2,1
2024,W001,07-038X,4.0,4,2
2024,W001,07-049Y,4.0,2,1
2024,W001,07-054Z,4.0,3,2
2024,W001,07-064W,4.0,2,1
2024,W001,07-070Z,4.0,3,2
2024,W001,07-073C,4.0,2,1
2024,W001,07-073D,4.0,2,1
2024,W001,07-075H,4.0,3,1
2024,W001,07-076B,4.0,2,1
2024,W001,07-078X,4.0,2,1
2024,W001,07-081B,4.0,2,1
2024,W001,07-104H,4.0,2,1
2024,W001,07-104Y,4.0,2,1
2024,W001,07-105W,4.0,3,1
2024,W001,07-107Y,4.0,2,1
2024,W001,07-110C,4.0,3,1
2024,W001,07-110W,4.0,3,1
2024,W001,07-113A,4.0,2,1
2024,W001,07-113B,4.0,2,1
2024,W001,07-116D,4.0,2,1
2024,W001,07-116W,4.0,3,1
2024,W001,07-118D,4.0,2,1
2024,W001,07-118X,4.0,3,1
2024,W001,07-119Z,4.0,2,1
2024,W001,07-123D,4.0,2,1
2024,W001,07-124C,4.0,2,1
2024,W001,07-124D,4.0,4,1
2024,W001,07-125W,4.0,2,1
2024,W001,07-127Y,4.0,4,1
2024,W001,07-127Z,4.0,2,1
2024,W001,07-128D,4.0,2,1
2024,W001,07-129B,4.0,3,1
2024,W001,07-129D,4.0,3,1
2024,W001,07-129Y,4.0,3,1
2024,W001,07-130C,4.0,2,1
2024,W001,07-133A,4.0,2,1
2024,W001,07-133C,4.0,3,1
2024,W001,07-134B,4.0,3,1
2024,W001,07-134E,4.0,2,1
2024,W001,07-138D,4.0,3,1
2024,W001,07-139E,4.0,3,1
2024,W001,07-140A,4.0,3,1
2024,W001,07-141W,4.0,3,1
2024,W001,07-141Z,4.0,4,1
2024,W001,07-142Y,4.0,4,1
2024,W001,07-144A,4.0,2,1
2024,W001,07-144X,4.0,4,1
2024,W001,07-145D,4.0,4,1
2024,W001,07-146D,4.0,4,1
2024,W001,07-153B,4.0,2,1
2024,W001,07-153D,4.0,2,1
2024,invalid,07-109D,4.0,4,1
2024,invalid,16-133Y,4.0,3,1
2024,invalid,17-136W,4.0,4,1
2024,invalid,17-138Z,4.0,4,4
2024,invalid,18-129D,4.0,4,1
2024,W001,07-013Z,3.0,3,2
2024,W001,07-026B,3.0,3,1
2024,W001,07-027C,3.0,3,1
2024,W001,07-032C,3.0,3,1
2024,W001,07-045Z,3.0,3,2
2024,W001,07-049Z,3.0,2,2
2024,W001,07-051X,3.0,2,1
2024,W001,07-052Z,3.0,2,2
2024,W001,07-072H,3.0,2,1
2024,W001,07-078B,3.0,2,1
2024,W001,07-092G,3.0,2,1
2024,W001,07-104B,3.0,3,1
2024,W001,07-105A,3.0,1,1
2024,W001,07-105X,3.0,3,1
2024,W001,07-106G,3.0,2,1
2024,W001,07-107X,3.0,3,1
2024,W001,07-108Y,3.0,3,1
2024,W001,07-109X,3.0,3,1
2024,W001,07-111C,3.0,3,1
2024,W001,07-111Y,3.0,3,1
2024,W001,07-112D,3.0,2,1
2024,W001,07-112Z,3.0,3,1
2024,W001,07-113X,3.0,2,1
2024,W001,07-114A,3.0,2,1
2024,W001,07-114Y,3.0,2,1
2024,W001,07-114Z,3.0,2,1
2024,W001,07-115A,3.0,2,1
2024,W001,07-115D,3.0,2,1
2024,W001,07-116Y,3.0,3,1
2024,W001,07-117C,3.0,2,1
2024,W001,07-117Y,3.0,3,1
2024,W001,07-117Z,3.0,3,1
2024,W001,07-118A,3.0,3,1
2024,W001,07-119D,3.0,3,1
2024,W001,07-120A,3.0,3,1
2024,W001,07-121B,3.0,3,1
2024,W001,07-122A,3.0,3,1
2024,W001,07-122X,3.0,2,1
2024,W001,07-123A,3.0,2,1
2024,W001,07-123C,3.0,3,1
2024,W001,07-123Y,3.0,3,1
2024,W001,07-124B,3.0,2,1
2024,W001,07-125H,3.0,2,1
2024,W001,07-126C,3.0,2,1
2024,W001,07-127A,3.0,1,1
2024,W001,07-127B,3.0,3,1
2024,W001,07-127X,3.0,2,1
2024,W001,07-129X,3.0,2,1
2024,W001,07-130B,3.0,2,1
2024,W001,07-131C,3.0,2,1
2024,W001,07-132A,3.0,2,1
2024,W001,07-132D,3.0,2,1
2024,W001,07-132X,3.0,2,1
2024,W001,07-132Y,3.0,3,1
2024,W001,07-133Y,3.0,2,1
2024,W001,07-134A,3.0,2,1
2024,W001,07-137E,3.0,2,1
2024,W001,07-137W,3.0,3,1
2024,W001,07-137X,3.0,2,1
2024,W001,07-138C,3.0,3,1
2024,W001,07-138Y,3.0,2,1
2024,W001,07-139A,3.0,1,1
2024,W001,07-140D,3.0,2,1
2024,W001,07-140E,3.0,2,1
2024,W001,07-140X,3.0,3,1
2024,W001,07-140Z,3.0,2,1
2024,W001,07-141B,3.0,2,1
2024,W001,07-141X,3.0,3,1
2024,W001,07-142W,3.0,2,1
2024,W001,07-145A,3.0,3,1
2024,W001,07-147X,3.0,2,1
2024,W001,07-148D,3.0,3,1
2024,W001,07-151H,3.0,2,1
2024,W001,07-152C,3.0,2,1
2024,invalid,07-108B,3.0,3,1
2024,invalid,07-147D,3.0,3,1
2024,invalid,16-127W,3.0,3,1
2024,W001,07-016Y,2.0,2,1
2024,W001,07-022X,2.0,2,2
2024,W001,07-024C,2.0,2,1
2024,W001,07-026X,2.0,2,1
2024,W001,07-028B,2.0,2,1
2024,W001,07-032Y,2.0,1,1
2024,W001,07-034Y,2.0,1,1
2024,W001,07-035W,2.0,1,1
2024,W001,07-035X,2.0,1,1
2024,W001,07-041W,2.0,1,1
2024,W001,07-041Z,2.0,2,2
2024,W001,07-046Y,2.0,1,1
2024,W001,07-047W,2.0,1,1
2024,W001,07-047Y,2.0,1,1
2024,W001,07-047Z,2.0,2,1
2024,W001,07-048W,2.0,1,1
2024,W001,07-050Z,2.0,1,1
2024,W001,07-052W,2.0,1,1
2024,W001,07-068X,2.0,1,1
2024,W001,07-069Z,2.0,2,2
2024,W001,07-071F,2.0,2,1
2024,W001,07-072B,2.0,2,1
2024,W001,07-072D,2.0,1,1
2024,W001,07-073A,2.0,1,1
2024,W001,07-073H,2.0,2,1
2024,W001,07-074A,2.0,2,1
2024,W001,07-075X,2.0,1,1
2024,W001,07-076D,2.0,1,1
2024,W001,07-076H,2.0,1,1
2024,W001,07-077W,2.0,2,1
2024,W001,07-079H,2.0,2,1
2024,W001,07-080A,2.0,1,1
2024,W001,07-081A,2.0,1,1
2024,W001,07-081D,2.0,1,1
2024,W001,07-082C,2.0,1,1
2024,W001,07-083X,2.0,1,1
2024,W001,07-084Y,2.0,1,1
2024,W001,07-086H,2.0,2,1
2024,W001,07-093G,2.0,2,1
2024,W001,07-093W,2.0,2,1
2024,W001,07-094B,2.0,1,1
2024,W001,07-095G,2.0,1,1
2024,W001,07-097G,2.0,2,1
2024,W001,07-098Z,2.0,2,2
2024,W001,07-099X,2.0,2,1
2024,W001,07-100G,2.0,1,1
2024,W001,07-103G,2.0,1,1
2024,W001,07-103X,2.0,2,1
2024,W001,07-103Y,2.0,2,1
2024,W001,07-104D,2.0,2,1
2024,W001,07-105B,2.0,1,1
2024,W001,07-105G,2.0,2,1
2024,W001,07-106B,2.0,2,1
2024,W001,07-106D,2.0,1,1
2024,W001,07-106H,2.0,1,1
2024,W001,07-106W,2.0,1,1
2024,W001,07-106Y,2.0,2,1
2024,W001,07-107A,2.0,1,1
2024,W001,07-107D,2.0,1,1
2024,W001,07-108W,2.0,2,1
2024,W001,07-108X,2.0,1,1
2024,W001,07-109Y,2.0,1,1
2024,W001,07-109Z,2.0,2,1
2024,W001,07-110X,2.0,1,1
2024,W001,07-111A,2.0,2,1
2024,W001,07-111W,2.0,1,1
2024,W001,07-113D,2.0,2,1
2024,W001,07-113Z,2.0,2,1
2024,W001,07-114D,2.0,1,1
2024,W001,07-114W,2.0,1,1
2024,W001,07-115X,2.0,2,1
2024,W001,07-115Y,2.0,2,1
2024,W001,07-117B,2.0,2,1
2024,W001,07-117W,2.0,1,1
2024,W001,07-117X,2.0,1,1
2024,W001,07-118W,2.0,2,1
2024,W001,07-118Y,2.0,2,1
2024,W001,07-119A,2.0,2,1
2024,W001,07-119B,2.0,2,1
2024,W001,07-119E,2.0,1,1
2024,W001,07-119W,2.0,1,1
2024,W001,07-120F,2.0,1,1
2024,W001,07-121C,2.0,2,1
2024,W001,07-121Y,2.0,2,1
2024,W001,07-122B,2.0,2,1
2024,W001,07-123X,2.0,2,1
2024,W001,07-123Z,2.0,2,1
2024,W001,07-124H,2.0,1,1
2024,W001,07-124W,2.0,2,1
2024,W001,07-124Y,2.0,2,1
2024,W001,07-126D,2.0,2,1
2024,W001,07-126W,2.0,2,1
2024,W001,07-127C,2.0,1,1
2024,W001,07-127H,2.0,1,1
2024,W001,07-127W,2.0,2,1
2024,W001,07-129W,2.0,2,1
2024,W001,07-130E,2.0,1,1
2024,W001,07-131A,2.0,1,1
2024,W001,07-131B,2.0,1,1
2024,W001,07-131W,2.0,2,1
2024,W001,07-132C,2.0,2,1
2024,W001,07-132E,2.0,1,1
2024,W001,07-132Z,2.0,2,1
2024,W001,07-133E,2.0,1,1
2024,W001,07-133X,2.0,1,1
2024,W001,07-134W,2.0,2,1
2024,W001,07-134Y,2.0,2,1
2024,W001,07-135W,2.0,1,1
2024,W001,07-136C,2.0,2,1
2024,W001,07-136W,2.0,2,1
2024,W001,07-136Z,2.0,1,1
2024,W001,07-137C,2.0,2,1
2024,W001,07-137H,2.0,1,1
2024,W001,07-137Z,2.0,2,1
2024,W001,07-138B,2.0,1,1
2024,W001,07-138E,2.0,1,1
2024,W001,07-138W,2.0,2,1
2024,W001,07-139B,2.0,1,1
2024,W001,07-139C,2.0,2,1
2024,W001,07-139X,2.0,2,1
2024,W001,07-139Z,2.0,2,1
2024,W001,07-140B,2.0,1,1
2024,W001,07-141A,2.0,1,1
2024,W001,07-142Z,2.0,1,1
2024,W001,07-143A,2.0,2,1
2024,W001,07-143C,2.0,2,1
2024,W001,07-143X,2.0,2,1
2024,W001,07-143Z,2.0,1,1
2024,W001,07-144C,2.0,2,1
2024,W001,07-144W,2.0,1,1
2024,W001,07-144Z,2.0,2,1
2024,W001,07-145C,2.0,2,1
2024,W001,07-146X,2.0,1,1
2024,W001,07-148X,2.0,1,1
2024,W001,07-148Y,2.0,1,1
2024,W001,07-149A,2.0,1,1
2024,W001,07-150D,2.0,2,1
2024,W001,07-151C,2.0,1,1
2024,W001,07-151D,2.0,2,1
2024,W001,07-151X,2.0,1,1
2024,W001,07-152Y,2.0,1,1
2024,W001,07-154W,2.0,1,1
2024,W001,07-154Y,2.0,1,1
2024,invalid,07-071C,2.0,2,1
2024,invalid,07-074F,2.0,2,1
2024,invalid,07-074H,2.0,1,1
2024,invalid,07-108D,2.0,2,1
2024,invalid,07-108G,2.0,1,1
2024,invalid,07-109E,2.0,1,1
2024,invalid,17-128B,2.0,2,1
2024,invalid,BBB-2,2.0,2,1
2024,W001,07-001Z,1.0,1,1
2024,W001,07-021Z,1.0,1,1
2024,W001,07-022C,1.0,1,1
2024,W001,07-022Z,1.0,1,1
2024,W001,07-023X,1.0,1,1
2024,W001,07-023Z,1.0,1,1
2024,W001,07-024Z,1.0,1,1
2024,W001,07-025Z,1.0,1,1
2024,W001,07-026Z,1.0,1,1
2024,W001,07-027Z,1.0,1,1
2024,W001,07-028C,1.0,1,1
2024,W001,07-028Z,1.0,1,1
2024,W001,07-029Z,1.0,1,1
2024,W001,07-030Z,1.0,1,1
2024,W001,07-031Z,1.0,1,1
2024,W001,07-032X,1.0,1,1
2024,W001,07-033X,1.0,1,1
2024,W001,07-036Z,1.0,1,1
2024,W001,07-037Z,1.0,1,1
2024,W001,07-038Z,1.0,1,1
2024,W001,07-039Z,1.0,1,1
2024,W001,07-040Z,1.0,1,1
2024,W001,07-042Z,1.0,1,1
2024,W001,07-043Z,1.0,1,1
2024,W001,07-044Z,1.0,1,1
2024,W001,07-045W,1.0,1,1
2024,W001,07-046W,1.0,1,1
2024,W001,07-046Z,1.0,1,1
2024,W001,07-048Z,1.0,1,1
2024,W001,07-051Z,1.0,1,1
2024,W001,07-053Z,1.0,1,1
2024,W001,07-055Z,1.0,1,1
2024,W001,07-056Z,1.0,1,1
2024,W001,07-057Z,1.0,1,1
2024,W001,07-058Z,1.0,1,1
2024,W001,07-059Z,1.0,1,1
2024,W001,07-060Z,1.0,1,1
2024,W001,07-061Z,1.0,1,1
2024,W001,07-062Z,1.0,1,1
2024,W001,07-063Z,1.0,1,1
2024,W001,07-064Z,1.0,1,1
2024,W001,07-065Z,1.0,1,1
2024,W001,07-066Z,1.0,1,1
2024,W001,07-067Z,1.0,1,1
2024,W001,07-071Y,1.0,1,1
2024,W001,07-071Z,1.0,1,1
2024,W001,07-072A,1.0,1,1
2024,W001,07-072Z,1.0,1,1
2024,W001,07-073Z,1.0,1,1
2024,W001,07-074D,1.0,1,1
2024,W001,07-074Z,1.0,1,1
2024,W001,07-075B,1.0,1,1
2024,W001,07-075Z,1.0,1,1
2024,W001,07-076C,1.0,1,1
2024,W001,07-076Z,1.0,1,1
2024,W001,07-077Z,1.0,1,1
2024,W001,07-078A,1.0,1,1
2024,W001,07-078H,1.0,1,1
2024,W001,07-078Z,1.0,1,1
2024,W001,07-079B,1.0,1,1
2024,W001,07-079D,1.0,1,1
2024,W001,07-079Z,1.0,1,1
2024,W001,07-080B,1.0,1,1
2024,W001,07-080Z,1.0,1,1
2024,W001,07-081H,1.0,1,1
2024,W001,07-081Z,1.0,1,1
2024,W001,07-082Z,1.0,1,1
2024,W001,07-083Z,1.0,1,1
2024,W001,07-084Z,1.0,1,1
2024,W001,07-085Z,1.0,1,1
2024,W001,07-086Z,1.0,1,1
2024,W001,07-087Z,1.0,1,1
2024,W001,07-088Z,1.0,1,1
2024,W001,07-089Z,1.0,1,1
2024,W001,07-090Z,1.0,1,1
2024,W001,07-091Z,1.0,1,1
2024,W001,07-092B,1.0,1,1
2024,W001,07-092Z,1.0,1,1
2024,W001,07-093H,1.0,1,1
2024,W001,07-093Z,1.0,1,1
2024,W001,07-094D,1.0,1,1
2024,W001,07-094X,1.0,1,1
2024,W001,07-094Z,1.0,1,1
2024,W001,07-095Z,1.0,1,1
2024,W001,07-096W,1.0,1,1
2024,W001,07-096Z,1.0,1,1
2024,W001,07-098Y,1.0,1,1
2024,W001,07-099W,1.0,1,1
2024,W001,07-099Y,1.0,1,1
2024,W001,07-100W,1.0,1,1
2024,W001,07-100X,1.0,1,1
2024,W001,07-100Y,1.0,1,1
2024,W001,07-101W,1.0,1,1
2024,W001,07-101X,1.0,1,1
2024,W001,07-101Y,1.0,1,1
2024,W001,07-102W,1.0,1,1
2024,W001,07-104W,1.0,1,1
2024,W001,07-104Z,1.0,1,1
2024,W001,07-105D,1.0,1,1
2024,W001,07-105Y,1.0,1,1
2024,W001,07-105Z,1.0,1,1
2024,W001,07-106X,1.0,1,1
2024,W001,07-107B,1.0,1,1
2024,W001,07-107W,1.0,1,1
2024,W001,07-107Z,1.0,1,1
2024,W001,07-109W,1.0,1,1
2024,W001,07-110B,1.0,1,1
2024,W001,07-110E,1.0,1,1
2024,W001,07-110Z,1.0,1,1
2024,W001,07-111D,1.0,1,1
2024,W001,07-111E,1.0,1,1
2024,W001,07-111X,1.0,1,1
2024,W001,07-111Z,1.0,1,1
2024,W001,07-112C,1.0,1,1
2024,W001,07-112E,1.0,1,1
2024,W001,07-112W,1.0,1,1
2024,W001,07-113Y,1.0,1,1
2024,W001,07-114B,1.0,1,1
2024,W001,07-114X,1.0,1,1
2024,W001,07-115B,1.0,1,1
2024,W001,07-115C,1.0,1,1
2024,W001,07-115E,1.0,1,1
2024,W001,07-115W,1.0,1,1
2024,W001,07-115Z,1.0,1,1
2024,W001,07-116A,1.0,1,1
2024,W001,07-116X,1.0,1,1
2024,W001,07-116Z,1.0,1,1
2024,W001,07-117E,1.0,1,1
2024,W001,07-120C,1.0,1,1
2024,W001,07-120W,1.0,1,1
2024,W001,07-121W,1.0,1,1
2024,W001,07-122D,1.0,1,1
2024,W001,07-122W,1.0,1,1
2024,W001,07-123B,1.0,1,1
2024,W001,07-123F,1.0,1,1
2024,W001,07-125B,1.0,1,1
2024,W001,07-125D,1.0,1,1
2024,W001,07-125Y,1.0,1,1
2024,W001,07-126B,1.0,1,1
2024,W001,07-126E,1.0,1,1
2024,W001,07-126X,1.0,1,1
2024,W001,07-128A,1.0,1,1
2024,W001,07-128B,1.0,1,1
2024,W001,07-128E,1.0,1,1
2024,W001,07-128X,1.0,1,1
2024,W001,07-128Y,1.0,1,1
2024,W001,07-129A,1.0,1,1
2024,W001,07-129C,1.0,1,1
2024,W001,07-129Z,1.0,1,1
2024,W001,07-130A,1.0,1,1
2024,W001,07-130W,1.0,1,1
2024,W001,07-130X,1.0,1,1
2024,W001,07-130Z,1.0,1,1
2024,W001,07-131Y,1.0,1,1
2024,W001,07-131Z,1.0,1,1
2024,W001,07-132B,1.0,1,1
2024,W001,07-133W,1.0,1,1
2024,W001,07-133Z,1.0,1,1
2024,W001,07-134X,1.0,1,1
2024,W001,07-135A,1.0,1,1
2024,W001,07-135D,1.0,1,1
2024,W001,07-135X,1.0,1,1
2024,W001,07-135Y,1.0,1,1
2024,W001,07-136A,1.0,1,1
2024,W001,07-136B,1.0,1,1
2024,W001,07-137B,1.0,1,1
2024,W001,07-137Y,1.0,1,1
2024,W001,07-138X,1.0,1,1
2024,W001,07-140Y,1.0,1,1
2024,W001,07-141C,1.0,1,1
2024,W001,07-142X,1.0,1,1
2024,W001,07-144D,1.0,1,1
2024,W001,07-144E,1.0,1,1
2024,W001,07-145E,1.0,1,1
2024,W001,07-145H,1.0,1,1
2024,W001,07-146A,1.0,1,1
2024,W001,07-146C,1.0,1,1
2024,W001,07-146W,1.0,1,1
2024,W001,07-148C,1.0,1,1
2024,W001,07-148W,1.0,1,1
2024,W001,07-149B,1.0,1,1
2024,W001,07-149C,1.0,1,1
2024,W001,07-149D,1.0,1,1
2024,W001,07-149W,1.0,1,1
2024,W001,07-150B,1.0,1,1
2024,W001,07-150C,1.0,1,1
2024,W001,07-150W,1.0,1,1
2024,W001,07-150X,1.0,1,1
2024,W001,07-150Z,1.0,1,1
2024,W001,07-151Y,1.0,1,1
2024,W001,07-151Z,1.0,1,1
2024,W001,07-152A,1.0,1,1
2024,W001,07-153A,1.0,1,1
2024,W001,07-153X,1.0,1,1
2024,W001,07-153Y,1.0,1,1
2024,invalid,07-109A,1.0,1,1
2024,invalid,07-109C,1.0,1,1
2024,invalid,07-147A,1.0,1,1
2024,invalid,17-127X,1.0,1,1
2024,invalid,17-129A,1.0,1,1
2025,invalid,07-003A,1171.0,1114,2
2025,invalid,07-002A,1115.0,1013,1
2025,invalid,07-001A,878.0,792,1
2025,invalid,34-026X,396.0,351,2
2025,invalid,34-022X,346.0,331,3
2025,invalid,34-014X,312.0,306,2
2025,invalid,34-007Y,292.0,272,2
2025,invalid,34-012X,286.0,271,3
2025,invalid,34-011X,264.0,255,2
2025,invalid,34-001X,261.0,241,2
2025,invalid,34-009X,261.0,255,4
2025,invalid,34-013Z,259.0,251,3
2025,invalid,34-009Z,248.0,242,2
2025,invalid,34-005X,233.0,230,3
2025,invalid,34-002X,228.0,216,3
2025,invalid,34-006X,227.0,223,1
2025,invalid,34-018Y,227.0,227,4
2025,W001,07-012X,222.0,210,3
2025,invalid,34-025X,222.0,220,4
2025,invalid,34-017Y,216.0,212,4
2025,invalid,34-020Y,213.0,211,4
2025,W001,07-020Y,209.0,205,4
2025,invalid,34-023Z,204.0,195,3
2025,invalid,34-022Z,201.0,200,2
2025,invalid,34-026Z,201.0,199,3
2025,invalid,34-002Y,193.0,192,3
2025,invalid,34-006Z,187.0,186,3
2025,invalid,34-013X,180.0,174,2
2025,invalid,34-015X,179.0,177,2
2025,invalid,34-027Y,179.0,174,4
2025,W001,07-020W,178.0,173,3
2025,invalid,34-026Y,177.0,174,7
2025,invalid,34-019X,170.0,159,1
2025,invalid,34-005Y,169.0,167,5
2025,W001,07-019W,166.0,165,2
2025,W001,07-028B,161.0,160,3
2025,invalid,34-001Y,161.0,161,7
2025,invalid,34-002Z,157.0,153,6
2025,invalid,34-025Z,150.0,147,2
2025,invalid,34-024X,148.0,147,1
2025,invalid,34-010X,145.0,145,2
2025,W001,07-018W,142.0,139,1
2025,W001,07-016Y,141.0,139,4
2025,invalid,34-017Z,141.0,141,3
2025,invalid,34-003Y,137.0,134,5
2025,invalid,34-015Y,134.0,127,4
2025,invalid,34-010Z,129.0,128,3
2025,invalid,34-001Z,119.0,118,2
2025,invalid,34-027X,118.0,114,5
2025,invalid,34-006Y,117.0,116,6
2025,invalid,34-019Y,117.0,104,2
2025,W001,07-023C,115.0,115,4
2025,W001,07-011X,114.0,114,3
2025,invalid,34-019Z,114.0,107,4
2025,W001,07-025B,113.0,110,2
2025,W001,07-015X,112.0,97,3
2025,invalid,34-009Y,112.0,111,2
2025,invalid,34-008Z,110.0,107,2
2025,invalid,34-003X,109.0,103,1
2025,W001,07-032B,108.0,108,2
2025,W001,07-013X,107.0,98,3
2025,invalid,34-011Y,105.0,105,3
2025,invalid,34-008Y,104.0,103,2
2025,W001,07-004X,99.0,99,4
2025,W001,07-013Y,99.0,95,3
2025,W001,07-001Y,98.0,98,3
2025,invalid,34-016X,97.0,93,1
2025,invalid,34-003Z,96.0,92,3
2025,invalid,34-017X,95.0,94,2
2025,invalid,34-012Y,92.0,90,2
2025,W001,07-018X,91.0,90,2
2025,W001,07-024B,90.0,88,1
2025,W001,07-006Y,87.0,86,4
2025,W001,07-012Y,87.0,85,3
2025,invalid,34-010Y,82.0,82,3
2025,invalid,34-020Z,82.0,82,2
2025,W001,07-016X,81.0,80,4
2025,W001,07-031B,79.0,77,3
2025,W001,07-002X,76.0,76,4
2025,invalid,34-014Y,76.0,75,2
2025,invalid,34-028X,74.0,74,2
2025,invalid,34-024Y,73.0,73,3
2025,invalid,34-028Y,72.0,70,3
2025,W001,07-009Y,70.0,67,4
2025,W001,07-023B,70.0,70,2
2025,invalid,34-011Z,70.0,68,3
2025,W001,07-008X,68.0,68,1
2025,invalid,34-004Y,68.0,65,3
2025,invalid,34-016Z,68.0,68,2
2025,W001,07-012W,66.0,66,2
2025,invalid,34-028Z,66.0,66,3
2025,W001,07-011W,61.0,53,3
2025,W001,07-027B,60.0,52,3
2025,invalid,34-018Z,60.0,60,3
2025,invalid,34-021Y,55.0,54,2
2025,invalid,34-005Z,54.0,54,1
2025,W001,07-017Z,52.0,50,1
2025,W001,07-022B,52.0,51,2
2025,W001,07-027D,52.0,52,2
2025,invalid,34-020X,52.0,50,1
2025,invalid,34-025Y,52.0,52,1
2025,W001,07-028D,50.0,49,1
2025,W001,07-020Z,49.0,47,3
2025,W001,07-033D,49.0,49,1
2025,W001,07-112X,47.0,47,1
2025,W001,07-113X,47.0,46,1
2025,W001,07-133C,46.0,41,1
2025,W001,07-003W,43.0,40,2
2025,W001,07-009X,43.0,43,3
2025,W001,07-050W,43.0,30,2
2025,W001,07-017W,42.0,40,3
2025,W001,07-046W,42.0,39,1
2025,invalid,34-004Z,42.0,38,1
2025,W001,07-019X,41.0,41,2
2025,W001,07-013W,40.0,31,2
2025,invalid,34-015Z,40.0,40,2
2025,invalid,34-016Y,40.0,36,3
2025,W001,07-015W,39.0,39,3
2025,W001,07-016W,39.0,32,3
2025,W001,07-153C,39.0,33,1
2025,W001,07-045Z,38.0,34,1
2025,invalid,34-012Z,38.0,38,1
2025,W001,07-113W,36.0,34,1
2025,W001,07-029B,35.0,35,3
2025,W001,07-033B,35.0,35,2
2025,W001,07-006W,34.0,34,1
2025,W001,07-030W,34.0,32,1
2025,W001,07-120H,34.0,27,3
2025,W001,07-123A,34.0,34,1
2025,W001,07-026B,33.0,31,3
2025,invalid,34-007Z,33.0,33,1
2025,invalid,34-013Y,33.0,33,1
2025,W001,07-015Y,32.0,31,2
2025,W001,07-135C,32.0,28,1
2025,W001,07-056B,31.0,21,1
2025,W001,07-045B,30.0,30,2
2025,W001,07-047Z,30.0,26,1
2025,W001,07-095W,30.0,29,1
2025,W001,07-010Z,29.0,27,6
2025,W001,07-004Y,28.0,27,3
2025,W001,07-046C,28.0,28,1
2025,W001,07-051X,28.0,25,1
2025,invalid,34-021Z,28.0,27,1
2025,W001,07-004Z,27.0,27,3
2025,W001,07-014W,27.0,27,1
2025,W001,07-099H,27.0,20,2
2025,W001,07-008Y,26.0,26,2
2025,W001,07-027C,26.0,20,2
2025,W001,07-046Z,26.0,21,2
2025,W001,07-105C,26.0,25,1
2025,W001,07-110H,26.0,21,2
2025,W001,07-124C,26.0,23,1
2025,W001,07-124H,26.0,24,1
2025,W001,07-006X,25.0,25,2
2025,W001,07-014Y,25.0,25,3
2025,W001,07-110A,25.0,23,1
2025,W001,07-119E,25.0,19,2
2025,W001,07-008W,24.0,23,2
2025,W001,07-026C,24.0,19,2
2025,W001,07-045W,24.0,19,2
2025,W001,07-097H,24.0,17,1
2025,W001,07-110C,24.0,18,1
2025,W001,07-136B,24.0,23,1
2025,W001,07-154D,24.0,21,1
2025,invalid,34-023Y,24.0,24,2
2025,W001,07-008Z,23.0,22,9
2025,W001,07-010Y,23.0,22,3
2025,W001,07-016Z,23.0,22,4
2025,W001,07-017X,23.0,23,2
2025,W001,07-017Y,23.0,23,3
2025,W001,07-022D,23.0,23,2
2025,W001,07-043Z,23.0,17,2
2025,W001,07-087H,23.0,18,1
2025,W001,07-107Y,23.0,13,1
2025,W001,07-113G,23.0,23,1
2025,W001,07-116D,23.0,22,1
2025,W001,07-007W,22.0,21,3
2025,W001,07-032X,22.0,15,2
2025,W001,07-052Y,22.0,15,1
2025,W001,07-114G,22.0,16,1
2025,W001,07-149H,22.0,17,2
2025,W001,07-031X,21.0,20,1
2025,W001,07-076H,21.0,15,2
2025,W001,07-095H,21.0,15,1
2025,W001,07-101H,21.0,17,2
2025,W001,07-108Y,21.0,20,1
2025,W001,07-135A,21.0,16,1
2025,invalid,07-074H,21.0,19,1
2025,W001,07-004W,20.0,20,2
2025,W001,07-007Y,20.0,20,2
2025,W001,07-012Z,20.0,19,5
2025,W001,07-035I,20.0,20,1
2025,W001,07-042G,20.0,19,1
2025,W001,07-044X,20.0,16,1
2025,W001,07-105H,20.0,18,2
2025,W001,07-125X,20.0,18,1
2025,W001,07-002W,19.0,19,1
2025,W001,07-005W,19.0,17,2
2025,W001,07-007Z,19.0,18,8
2025,W001,07-026D,19.0,16,2
2025,W001,07-040Z,19.0,15,1
2025,W001,07-111B,19.0,16,1
2025,W001,07-115C,19.0,15,1
2025,W001,07-117C,19.0,12,1
2025,W001,07-007X,18.0,18,2
2025,W001,07-043W,18.0,14,1
2025,W001,07-044Z,18.0,14,1
2025,W001,07-050F,18.0,13,2
2025,W001,07-052Z,18.0,13,2
2025,W001,07-068X,18.0,10,1
2025,W001,07-082H,18.0,15,2
2025,W001,07-095E,18.0,12,2
2025,W001,07-128I,18.0,15,2
2025,W001,07-145G,18.0,11,2
2025,W001,07-154C,18.0,15,1
2025,W001,07-002Y,17.0,17,1
2025,W001,07-010W,17.0,17,2
2025,W001,07-037G,17.0,16,1
2025,W001,07-038W,17.0,12,2
2025,W001,07-044Y,17.0,15,1
2025,W001,07-048W,17.0,13,1
2025,W001,07-049X,17.0,15,1
2025,W001,07-069B,17.0,11,1
2025,W001,07-084G,17.0,12,2
2025,W001,07-104X,17.0,11,1
2025,W001,07-114C,17.0,15,1
2025,W001,07-118I,17.0,13,1
2025,W001,07-137D,17.0,16,1
2025,W001,07-150H,17.0,13,1
2025,W001,07-150Z,17.0,12,1
2025,W001,07-154B,17.0,11,1
2025,W001,07-042I,16.0,15,1
2025,W001,07-055G,16.0,11,1
2025,W001,07-056H,16.0,10,1
2025,W001,07-104Y,16.0,11,1
2025,W001,07-121D,16.0,15,1
2025,W001,07-130I,16.0,9,1
2025,W001,07-132D,16.0,11,1
2025,W001,07-133D,16.0,12,1
2025,W001,07-133Y,16.0,9,1
2025,W001,07-136Z,16.0,12,1
2025,W001,07-141Z,16.0,13,1
2025,W001,07-152F,16.0,12,1
2025,invalid,34-022Y,16.0,16,3
2025,W001,07-009W,15.0,15,1
2025,W001,07-021X,15.0,10,2
2025,W001,07-049Y,15.0,13,1
2025,W001,07-053I,15.0,10,1
2025,W001,07-054H,15.0,11,1
2025,W001,07-064B,15.0,10,1
2025,W001,07-074W,15.0,9,1
2025,W001,07-107W,15.0,11,1
2025,W001,07-110Y,15.0,10,1
2025,W001,07-113I,15.0,12,1
2025,W001,07-122E,15.0,10,3
2025,W001,07-126E,15.0,8,2
2025,W001,07-127Z,15.0,10,1
2025,W001,07-128Z,15.0,13,1
2025,W001,07-134Z,15.0,11,1
2025,W001,07-143H,15.0,12,1
2025,W001,07-148B,15.0,9,1
2025,W001,07-152H,15.0,10,1
2025,W001,07-152Z,15.0,11,1
2025,W001,07-153X,15.0,12,1
2025,invalid,07-077H,15.0,10,1
2025,W001,07-026A,14.0,8,1
2025,W001,07-034Y,14.0,12,2
2025,W001,07-041B,14.0,14,2
2025,W001,07-050Z,14.0,9,1
2025,W001,07-086H,14.0,14,1
2025,W001,07-093W,14.0,14,2
2025,W001,07-094E,14.0,10,2
2025,W001,07-094H,14.0,10,1
2025,W001,07-094Y,14.0,14,2
2025,W001,07-101Z,14.0,9,1
2025,W001,07-103E,14.0,11,2
2025,W001,07-112B,14.0,10,1
2025,W001,07-124A,14.0,10,1
2025,W001,07-124F,14.0,12,2
2025,W001,07-132E,14.0,9,1
2025,W001,07-133E,14.0,11,2
2025,W001,07-138A,14.0,14,1
2025,W001,07-143D,14.0,13,1
2025,W001,07-144B,14.0,10,1
2025,W001,07-150I,14.0,11,1
2025,invalid,34-024Z,14.0,14,2
2025,W001,07-006Z,13.0,13,3
2025,W001,07-031I,13.0,13,1
2025,W001,07-032W,13.0,9,1
2025,W001,07-041W,13.0,11,3
2025,W001,07-042Z,13.0,9,1
2025,W001,07-043Y,13.0,11,1
2025,W001,07-045Y,13.0,12,1
2025,W001,07-047C,13.0,12,2
2025,W001,07-049Z,13.0,12,1
2025,W001,07-054I,13.0,11,1
2025,W001,07-056C,13.0,12,1
2025,W001,07-082E,13.0,9,1
2025,W001,07-089E,13.0,11,2
2025,W001,07-092E,13.0,8,1
2025,W001,07-098F,13.0,10,1
2025,W001,07-130D,13.0,8,1
2025,W001,07-131I,13.0,11,2
2025,W001,07-137E,13.0,10,1
2025,W001,07-140A,13.0,12,1
2025,W001,07-140E,13.0,8,1
2025,W001,07-144D,13.0,7,1
2025,invalid,34-014Z,13.0,13,1
2025,W001,07-003Y,12.0,12,2
2025,W001,07-018Y,12.0,12,3
2025,W001,07-021W,12.0,11,2
2025,W001,07-032Y,12.0,10,1
2025,W001,07-035G,12.0,11,1
2025,W001,07-038Z,12.0,10,2
2025,W001,07-042E,12.0,7,1
2025,W001,07-042Y,12.0,11,1
2025,W001,07-054F,12.0,7,1
2025,W001,07-059B,12.0,9,1
2025,W001,07-071Z,12.0,10,1
2025,W001,07-079F,12.0,9,1
2025,W001,07-082C,12.0,8,1
2025,W001,07-084H,12.0,10,1
2025,W001,07-085E,12.0,10,1
2025,W001,07-093E,12.0,7,1
2025,W001,07-099E,12.0,6,1
2025,W001,07-099I,12.0,11,2
2025,W001,07-102D,12.0,8,1
2025,W001,07-107G,12.0,8,2
2025,W001,07-116E,12.0,8,1
2025,W001,07-119Y,12.0,10,1
2025,W001,07-124I,12.0,11,1
2025,W001,07-128D,12.0,9,1
2025,W001,07-129B,12.0,8,1
2025,W001,07-132W,12.0,8,1
2025,W001,07-135Y,12.0,8,1
2025,W001,07-136F,12.0,11,2
2025,W001,07-136X,12.0,8,1
2025,W001,07-138E,12.0,8,1
2025,W001,07-141A,12.0,6,1
2025,W001,07-141Y,12.0,9,1
2025,W001,07-147X,12.0,8,1
2025,W001,07-149Z,12.0,8,1
2025,W001,07-015Z,11.0,11,7
2025,W001,07-018Z,11.0,11,7
2025,W001,07-029X,11.0,6,2
2025,W001,07-035F,11.0,10,1
2025,W001,07-041X,11.0,9,1
2025,W001,07-047Y,11.0,9,1
2025,W001,07-051Y,11.0,9,1
2025,W001,07-056G,11.0,8,1
2025,W001,07-073D,11.0,11,1
2025,W001,07-074Y,11.0,8,1
2025,W001,07-085A,11.0,8,1
2025,W001,07-085D,11.0,9,1
2025,W001,07-088E,11.0,10,2
2025,W001,07-089I,11.0,10,2
2025,W001,07-092F,11.0,11,2
2025,W001,07-092I,11.0,10,2
2025,W001,07-096H,11.0,7,1
2025,W001,07-100E,11.0,7,1
2025,W001,07-103B,11.0,7,1
2025,W001,07-105E,11.0,10,2
2025,W001,07-110I,11.0,10,1
2025,W001,07-113C,11.0,6,1
2025,W001,07-121X,11.0,9,1
2025,W001,07-127Y,11.0,10,1
2025,W001,07-128W,11.0,8,1
2025,W001,07-129I,11.0,5,2
2025,W001,07-131B,11.0,9,1
2025,W001,07-133X,11.0,8,1
2025,W001,07-135I,11.0,7,1
2025,W001,07-145X,11.0,9,1
2025,W001,07-151B,11.0,7,1
2025,W001,07-152W,11.0,8,1
2025,W001,07-005Y,10.0,10,2
2025,W001,07-022Y,10.0,7,1
2025,W001,07-024F,10.0,6,2
2025,W001,07-027E,10.0,6,1
2025,W001,07-031W,10.0,10,1
2025,W001,07-032I,10.0,6,2
2025,W001,07-034G,10.0,5,1
2025,W001,07-036E,10.0,7,1
2025,W001,07-039Z,10.0,9,2
2025,W001,07-040X,10.0,7,1
2025,W001,07-044E,10.0,8,2
2025,W001,07-047W,10.0,8,1
2025,W001,07-048B,10.0,6,1
2025,W001,07-050C,10.0,8,1
2025,W001,07-050I,10.0,8,1
2025,W001,07-052A,10.0,7,1
2025,W001,07-059C,10.0,7,1
2025,W001,07-066X,10.0,8,1
2025,W001,07-067X,10.0,9,1
2025,W001,07-073W,10.0,9,1
2025,W001,07-075X,10.0,7,1
2025,W001,07-076B,10.0,10,1
2025,W001,07-084I,10.0,6,1
2025,W001,07-090E,10.0,9,1
2025,W001,07-097X,10.0,10,1
2025,W001,07-102A,10.0,8,1
2025,W001,07-105A,10.0,5,1
2025,W001,07-105Z,10.0,7,1
2025,W001,07-111F,10.0,9,1
2025,W001,07-112C,10.0,8,1
2025,W001,07-114Z,10.0,9,1
2025,W001,07-116C,10.0,7,1
2025,W001,07-120D,10.0,7,1
2025,W001,07-121Z,10.0,8,1
2025,W001,07-125H,10.0,9,1
2025,W001,07-143Y,10.0,8,1
2025,W001,07-149X,10.0,7,1
2025,W001,07-151A,10.0,7,1
2025,W001,07-154E,10.0,4,2
2025,invalid,07-147H,10.0,9,1
2025,W001,07-002Z,9.0,9,2
2025,W001,07-003Z,9.0,9,3
2025,W001,07-019Z,9.0,9,7
2025,W001,07-022A,9.0,8,1
2025,W001,07-024Y,9.0,6,1
2025,W001,07-025D,9.0,9,1
2025,W001,07-035D,9.0,5,1
2025,W001,07-036W,9.0,7,1
2025,W001,07-036X,9.0,6,1
2025,W001,07-037Y,9.0,7,1
2025,W001,07-039Y,9.0,6,1
2025,W001,07-045A,9.0,4,1
2025,W001,07-046B,9.0,7,1
2025,W001,07-050D,9.0,7,1
2025,W001,07-050H,9.0,7,1
2025,W001,07-050X,9.0,9,1
2025,W001,07-051C,9.0,8,1
2025,W001,07-051W,9.0,7,1
2025,W001,07-052F,9.0,7,1
2025,W001,07-053B,9.0,9,1
2025,W001,07-053Z,9.0,6,1
2025,W001,07-055H,9.0,6,1
2025,W001,07-056A,9.0,7,1
2025,W001,07-056D,9.0,8,1
2025,W001,07-057W,9.0,6,1
2025,W001,07-060B,9.0,8,1
2025,W001,07-066Y,9.0,8,1
2025,W001,07-067G,9.0,5,1
2025,W001,07-069A,9.0,7,1
2025,W001,07-072G,9.0,7,1
2025,W001,07-073H,9.0,8,1
2025,W001,07-080F,9.0,7,1
2025,W001,07-083G,9.0,5,1
2025,W001,07-084F,9.0,6,1
2025,W001,07-085F,9.0,6,1
2025,W001,07-086D,9.0,8,1
2025,W001,07-087E,9.0,6,1
2025,W001,07-089F,9.0,7,1
2025,W001,07-100F,9.0,8,1
2025,W001,07-104C,9.0,4,1
2025,W001,07-104E,9.0,9,1
2025,W001,07-111H,9.0,6,1
2025,W001,07-112H,9.0,7,1
2025,W001,07-119Z,9.0,6,1
2025,W001,07-121Y,9.0,7,1
2025,W001,07-122I,9.0,8,1
2025,W001,07-131E,9.0,5,1
2025,W001,07-133B,9.0,6,1
2025,W001,07-137I,9.0,7,1
2025,W001,07-139X,9.0,6,1
2025,W001,07-140G,9.0,8,1
2025,W001,07-142W,9.0,6,1
2025,W001,07-143C,9.0,8,1
2025,W001,07-146B,9.0,5,1
2025,W001,07-146G,9.0,8,1
2025,W001,07-154A,9.0,8,1
2025,invalid,07-108E,9.0,9,1
2025,invalid,07-109A,9.0,6,1
2025,W001,07-010X,8.0,8,1
2025,W001,07-014X,8.0,8,2
2025,W001,07-021Y,8.0,5,1
2025,W001,07-024E,8.0,5,2
2025,W001,07-031G,8.0,4,2
2025,W001,07-035B,8.0,8,2
2025,W001,07-035Y,8.0,6,1
2025,W001,07-038X,8.0,6,1
2025,W001,07-039B,8.0,5,1
2025,W001,07-041Z,8.0,5,1
2025,W001,07-042D,8.0,5,1
2025,W001,07-043I,8.0,7,2
2025,W001,07-044B,8.0,6,1
2025,W001,07-045I,8.0,6,1
2025,W001,07-053C,8.0,6,1
2025,W001,07-063B,8.0,8,1
2025,W001,07-065W,8.0,5,2
2025,W001,07-065Y,8.0,7,1
2025,W001,07-069G,8.0,5,1
2025,W001,07-070Z,8.0,7,1
2025,W001,07-071Y,8.0,7,1
2025,W001,07-072I,8.0,7,1
2025,W001,07-073G,8.0,7,1
2025,W001,07-075E,8.0,6,1
2025,W001,07-080E,8.0,7,1
2025,W001,07-089H,8.0,6,1
2025,W001,07-090I,8.0,6,2
2025,W001,07-091E,8.0,8,1
2025,W001,07-098H,8.0,6,1
2025,W001,07-099C,8.0,7,1
2025,W001,07-101E,8.0,7,1
2025,W001,07-104H,8.0,6,2
2025,W001,07-114E,8.0,8,1
2025,W001,07-114W,8.0,5,1
2025,W001,07-114Y,8.0,8,1
2025,W001,07-115A,8.0,6,1
2025,W001,07-118A,8.0,8,1
2025,W001,07-118E,8.0,6,1
2025,W001,07-124D,8.0,7,1
2025,W001,07-127X,8.0,5,1
2025,W001,07-128H,8.0,6,1
2025,W001,07-129Y,8.0,5,1
2025,W001,07-130E,8.0,6,1
2025,W001,07-130H,8.0,5,2
2025,W001,07-132C,8.0,8,1
2025,W001,07-134D,8.0,7,1
2025,W001,07-134I,8.0,6,1
2025,W001,07-136W,8.0,6,1
2025,W001,07-138Y,8.0,4,1
2025,W001,07-141X,8.0,6,1
2025,W001,07-145W,8.0,5,1
2025,W001,07-148Z,8.0,6,1
2025,W001,07-149Y,8.0,7,1
2025,W001,07-150Y,8.0,7,1
2025,invalid,07-108A,8.0,7,1
2025,W001,07-011Y,7.0,7,1
2025,W001,07-023D,7.0,7,1
2025,W001,07-024C,7.0,7,2
2025,W001,07-025X,7.0,4,1
2025,W001,07-031Z,7.0,6,1
2025,W001,07-032C,7.0,7,2
2025,W001,07-037D,7.0,4,1
2025,W001,07-037H,7.0,6,1
2025,W001,07-038I,7.0,6,1
2025,W001,07-040Y,7.0,5,1
2025,W001,07-041Y,7.0,6,1
2025,W001,07-042A,7.0,6,1
2025,W001,07-042C,7.0,5,2
2025,W001,07-046E,7.0,6,1
2025,W001,07-046X,7.0,6,1
2025,W001,07-048Z,7.0,7,1
2025,W001,07-049E,7.0,5,1
2025,W001,07-050A,7.0,5,1
2025,W001,07-055B,7.0,7,1
2025,W001,07-057G,7.0,6,1
2025,W001,07-060C,7.0,5,1
2025,W001,07-060G,7.0,6,1
2025,W001,07-064W,7.0,5,1
2025,W001,07-065E,7.0,6,1
2025,W001,07-071G,7.0,4,1
2025,W001,07-073C,7.0,6,1
2025,W001,07-078G,7.0,4,1
2025,W001,07-082F,7.0,6,1
2025,W001,07-083F,7.0,7,1
2025,W001,07-086E,7.0,7,2
2025,W001,07-087F,7.0,6,1
2025,W001,07-091H,7.0,6,1
2025,W001,07-093B,7.0,6,1
2025,W001,07-093G,7.0,7,2
2025,W001,07-095D,7.0,4,1
2025,W001,07-102Z,7.0,6,1
2025,W001,07-103D,7.0,4,1
2025,W001,07-105F,7.0,6,1
2025,W001,07-110B,7.0,5,1
2025,W001,07-111E,7.0,7,1
2025,W001,07-113A,7.0,7,1
2025,W001,07-118Z,7.0,6,1
2025,W001,07-120E,7.0,5,1
2025,W001,07-120X,7.0,6,1
2025,W001,07-120Y,7.0,5,1
2025,W001,07-127C,7.0,4,1
2025,W001,07-129X,7.0,6,1
2025,W001,07-131X,7.0,4,1
2025,W001,07-133A,7.0,5,1
2025,W001,07-138B,7.0,5,1
2025,W001,07-141B,7.0,4,1
2025,W001,07-145Y,7.0,5,1
2025,W001,07-146H,7.0,7,1
2025,W001,07-147W,7.0,7,1
2025,W001,07-147Y,7.0,7,1
2025,W001,07-148W,7.0,6,1
2025,W001,07-149G,7.0,4,1
2025,invalid,07-074G,7.0,6,1
2025,invalid,07-109D,7.0,7,1
2025,invalid,07-147B,7.0,7,1
2025,W001,07-003X,6.0,6,1
2025,W001,07-009Z,6.0,6,4
2025,W001,07-011Z,6.0,5,2
2025,W001,07-014Z,6.0,6,3
2025,W001,07-023X,6.0,5,1
2025,W001,07-024X,6.0,5,1
2025,W001,07-028C,6.0,5,2
2025,W001,07-031D,6.0,6,1
2025,W001,07-032H,6.0,4,1
2025,W001,07-032Z,6.0,5,1
2025,W001,07-033Y,6.0,6,1
2025,W001,07-036B,6.0,4,2
2025,W001,07-036I,6.0,4,1
2025,W001,07-037X,6.0,4,1
2025,W001,07-038A,6.0,6,1
2025,W001,07-038F,6.0,3,1
2025,W001,07-039C,6.0,5,2
2025,W001,07-043A,6.0,5,1
2025,W001,07-044C,6.0,5,2
2025,W001,07-044H,6.0,4,1
2025,W001,07-045E,6.0,6,1
2025,W001,07-047G,6.0,6,2
2025,W001,07-049W,6.0,5,1
2025,W001,07-051F,6.0,5,2
2025,W001,07-052C,6.0,3,1
2025,W001,07-053Y,6.0,5,1
2025,W001,07-055C,6.0,3,1
2025,W001,07-060A,6.0,5,1
2025,W001,07-061A,6.0,5,1
2025,W001,07-061G,6.0,5,1
2025,W001,07-061H,6.0,4,1
2025,W001,07-062D,6.0,4,1
2025,W001,07-062H,6.0,4,1
2025,W001,07-064H,6.0,4,1
2025,W001,07-064X,6.0,5,1
2025,W001,07-065B,6.0,4,1
2025,W001,07-070G,6.0,3,1
2025,W001,07-071F,6.0,5,1
2025,W001,07-071I,6.0,4,1
2025,W001,07-072B,6.0,4,1
2025,W001,07-075Y,6.0,4,1
2025,W001,07-081B,6.0,6,1
2025,W001,07-082G,6.0,4,1
2025,W001,07-083H,6.0,5,1
2025,W001,07-088H,6.0,6,1
2025,W001,07-090H,6.0,5,1
2025,W001,07-094G,6.0,4,1
2025,W001,07-097E,6.0,6,1
2025,W001,07-099B,6.0,4,1
2025,W001,07-102F,6.0,6,1
2025,W001,07-105G,6.0,5,2
2025,W001,07-105W,6.0,3,1
2025,W001,07-105Y,6.0,5,1
2025,W001,07-108Z,6.0,4,1
2025,W001,07-109Z,6.0,3,1
2025,W001,07-110D,6.0,5,1
2025,W001,07-114H,6.0,5,1
2025,W001,07-115B,6.0,6,1
2025,W001,07-117A,6.0,5,1
2025,W001,07-117X,6.0,5,1
2025,W001,07-118W,6.0,5,1
2025,W001,07-120A,6.0,5,1
2025,W001,07-121I,6.0,4,2
2025,W001,07-122B,6.0,5,1
2025,W001,07-122X,6.0,4,1
2025,W001,07-123E,6.0,3,1
2025,W001,07-124Z,6.0,4,1
2025,W001,07-125C,6.0,6,1
2025,W001,07-126A,6.0,4,1
2025,W001,07-135B,6.0,6,1
2025,W001,07-136Y,6.0,3,1
2025,W001,07-138F,6.0,5,1
2025,W001,07-138W,6.0,5,1
2025,W001,07-139Y,6.0,5,1
2025,W001,07-140W,6.0,5,1
2025,W001,07-141C,6.0,5,2
2025,W001,07-141H,6.0,5,2
2025,W001,07-142Y,6.0,5,1
2025,W001,07-143W,6.0,6,1
2025,W001,07-144F,6.0,5,1
2025,W001,07-144H,6.0,6,1
2025,W001,07-145B,6.0,4,1
2025,W001,07-145Z,6.0,6,1
2025,W001,07-146Y,6.0,4,1
2025,W001,07-147Z,6.0,6,1
2025,W001,07-148F,6.0,6,1
2025,W001,07-151C,6.0,3,1
2025,invalid,07-074F,6.0,3,1
2025,W001,07-022E,5.0,4,1
2025,W001,07-024H,5.0,2,1
2025,W001,07-025W,5.0,4,1
2025,W001,07-027A,5.0,5,1
2025,W001,07-027Y,5.0,4,1
2025,W001,07-028Y,5.0,3,1
2025,W001,07-029G,5.0,5,1
2025,W001,07-033A,5.0,5,1
2025,W001,07-038C,5.0,5,2
2025,W001,07-039A,5.0,3,1
2025,W001,07-042B,5.0,5,2
2025,W001,07-045C,5.0,4,2
2025,W001,07-047X,5.0,4,1
2025,W001,07-048Y,5.0,5,1
2025,W001,07-049F,5.0,4,1
2025,W001,07-052X,5.0,5,1
2025,W001,07-055D,5.0,3,1
2025,W001,07-057D,5.0,5,1
2025,W001,07-063H,5.0,4,1
2025,W001,07-064D,5.0,3,1
2025,W001,07-065D,5.0,3,1
2025,W001,07-068B,5.0,5,1
2025,W001,07-075H,5.0,4,1
2025,W001,07-076D,5.0,3,1
2025,W001,07-078C,5.0,3,2
2025,W001,07-079E,5.0,5,1
2025,W001,07-079H,5.0,5,1
2025,W001,07-083E,5.0,5,2
2025,W001,07-084E,5.0,4,1
2025,W001,07-093D,5.0,3,1
2025,W001,07-095Z,5.0,4,1
2025,W001,07-096E,5.0,4,1
2025,W001,07-098B,5.0,3,1
2025,W001,07-102E,5.0,3,1
2025,W001,07-102X,5.0,4,1
2025,W001,07-102Y,5.0,4,1
2025,W001,07-103A,5.0,3,1
2025,W001,07-103C,5.0,3,1
2025,W001,07-104G,5.0,4,1
2025,W001,07-107E,5.0,4,1
2025,W001,07-108X,5.0,3,2
2025,W001,07-112A,5.0,3,1
2025,W001,07-113D,5.0,3,1
2025,W001,07-116Y,5.0,4,1
2025,W001,07-117D,5.0,4,1
2025,W001,07-118G,5.0,4,1
2025,W001,07-123I,5.0,4,1
2025,W001,07-125E,5.0,4,1
2025,W001,07-126G,5.0,4,1
2025,W001,07-126X,5.0,5,1
2025,W001,07-128E,5.0,3,1
2025,W001,07-129G,5.0,4,1
2025,W001,07-130F,5.0,5,2
2025,W001,07-130X,5.0,3,1
2025,W001,07-130Y,5.0,4,1
2025,W001,07-131A,5.0,3,1
2025,W001,07-132X,5.0,3,1
2025,W001,07-136E,5.0,4,1
2025,W001,07-136H,5.0,5,1
2025,W001,07-136I,5.0,4,1
2025,W001,07-139B,5.0,4,1
2025,W001,07-140B,5.0,3,1
2025,W001,07-144G,5.0,5,1
2025,W001,07-146E,5.0,4,1
2025,W001,07-150A,5.0,4,1
2025,W001,07-152C,5.0,4,1
2025,W001,07-025A,4.0,4,1
2025,W001,07-025Y,4.0,3,1
2025,W001,07-030E,4.0,3,1
2025,W001,07-030H,4.0,3,1
2025,W001,07-030I,4.0,4,1
2025,W001,07-032D,4.0,4,2
2025,W001,07-036A,4.0,3,1
2025,W001,07-037E,4.0,4,1
2025,W001,07-037F,4.0,4,1
2025,W001,07-037Z,4.0,3,1
2025,W001,07-038D,4.0,2,1
2025,W001,07-041D,4.0,3,1
2025,W001,07-042X,4.0,3,1
2025,W001,07-043D,4.0,4,1
2025,W001,07-043E,4.0,4,1
2025,W001,07-043G,4.0,3,1
2025,W001,07-046I,4.0,3,1
2025,W001,07-048G,4.0,3,1
2025,W001,07-049A,4.0,3,1
2025,W001,07-049H,4.0,4,1
2025,W001,07-050B,4.0,4,1
2025,W001,07-050Y,4.0,4,1
2025,W001,07-054C,4.0,3,1
2025,W001,07-054X,4.0,4,1
2025,W001,07-055A,4.0,3,1
2025,W001,07-055I,4.0,4,1
2025,W001,07-058C,4.0,4,1
2025,W001,07-058G,4.0,2,1
2025,W001,07-058Y,4.0,4,1
2025,W001,07-059G,4.0,4,1
2025,W001,07-060D,4.0,2,1
2025,W001,07-060H,4.0,3,1
2025,W001,07-062G,4.0,2,1
2025,W001,07-064G,4.0,3,1
2025,W001,07-066C,4.0,1,1
2025,W001,07-066Z,4.0,4,1
2025,W001,07-067W,4.0,3,1
2025,W001,07-067Y,4.0,3,1
2025,W001,07-068G,4.0,4,1
2025,W001,07-070W,4.0,4,1
2025,W001,07-070X,4.0,4,1
2025,W001,07-070Y,4.0,4,1
2025,W001,07-071W,4.0,2,1
2025,W001,07-071X,4.0,4,1
2025,W001,07-072C,4.0,3,1
2025,W001,07-072X,4.0,4,1
2025,W001,07-072Y,4.0,4,1
2025,W001,07-073Y,4.0,4,1
2025,W001,07-073Z,4.0,4,1
2025,W001,07-075C,4.0,3,1
2025,W001,07-077W,4.0,3,1
2025,W001,07-078B,4.0,3,2
2025,W001,07-078E,4.0,3,1
2025,W001,07-079G,4.0,3,1
2025,W001,07-080H,4.0,4,1
2025,W001,07-084C,4.0,2,1
2025,W001,07-084D,4.0,4,1
2025,W001,07-085C,4.0,3,1
2025,W001,07-085H,4.0,4,1
2025,W001,07-088F,4.0,4,1
2025,W001,07-092G,4.0,3,1
2025,W001,07-095B,4.0,2,1
2025,W001,07-096A,4.0,2,1
2025,W001,07-099A,4.0,3,1
2025,W001,07-100I,4.0,3,1
2025,W001,07-103Y,4.0,3,1
2025,W001,07-106G,4.0,2,1
2025,W001,07-108W,4.0,3,1
2025,W001,07-110X,4.0,4,1
2025,W001,07-111W,4.0,2,1
2025,W001,07-112E,4.0,4,1
2025,W001,07-113E,4.0,4,1
2025,W001,07-114I,4.0,4,1
2025,W001,07-115H,4.0,4,1
2025,W001,07-116W,4.0,2,1
2025,W001,07-117H,4.0,4,1
2025,W001,07-118B,4.0,4,1
2025,W001,07-118H,4.0,4,1
2025,W001,07-119W,4.0,4,1
2025,W001,07-119X,4.0,4,1
2025,W001,07-124X,4.0,3,1
2025,W001,07-125Z,4.0,2,1
2025,W001,07-126C,4.0,3,1
2025,W001,07-126Z,4.0,3,1
2025,W001,07-128Y,4.0,3,1
2025,W001,07-131H,4.0,4,1
2025,W001,07-132H,4.0,3,1
2025,W001,07-134E,4.0,3,2
2025,W001,07-137H,4.0,3,1
2025,W001,07-138I,4.0,3,1
2025,W001,07-138X,4.0,4,1
2025,W001,07-138Z,4.0,2,1
2025,W001,07-140Z,4.0,4,1
2025,W001,07-143Z,4.0,4,1
2025,W001,07-144C,4.0,3,1
2025,W001,07-144E,4.0,2,1
2025,W001,07-145E,4.0,3,1
2025,W001,07-148G,4.0,3,1
2025,W001,07-152B,4.0,3,1
2025,W001,07-152G,4.0,4,2
2025,W001,07-154G,4.0,4,1
2025,invalid,07-071C,4.0,3,1
2025,W001,07-001X,3.0,3,1
2025,W001,07-019Y,3.0,2,1
2025,W001,07-022C,3.0,3,2
2025,W001,07-024A,3.0,3,1
2025,W001,07-026H,3.0,3,2
2025,W001,07-027W,3.0,3,1
2025,W001,07-027Z,3.0,3,1
2025,W001,07-032G,3.0,2,1
2025,W001,07-034A,3.0,1,1
2025,W001,07-034B,3.0,3,2
2025,W001,07-034C,3.0,2,2
2025,W001,07-034W,3.0,3,1
2025,W001,07-035C,3.0,3,2
2025,W001,07-036C,3.0,2,2
2025,W001,07-037B,3.0,2,2
2025,W001,07-037W,3.0,2,1
2025,W001,07-038B,3.0,3,2
2025,W001,07-039X,3.0,2,1
2025,W001,07-040W,3.0,2,1
2025,W001,07-041E,3.0,2,1
2025,W001,07-042F,3.0,2,1
2025,W001,07-043C,3.0,3,2
2025,W001,07-044D,3.0,3,1
2025,W001,07-047D,3.0,2,2
2025,W001,07-048C,3.0,2,2
2025,W001,07-048X,3.0,3,1
2025,W001,07-049I,3.0,3,1
2025,W001,07-051G,3.0,3,2
2025,W001,07-052D,3.0,2,1
2025,W001,07-052E,3.0,2,1
2025,W001,07-053D,3.0,2,1
2025,W001,07-053G,3.0,3,1
2025,W001,07-054B,3.0,3,1
2025,W001,07-054Y,3.0,3,1
2025,W001,07-057X,3.0,2,1
2025,W001,07-058H,3.0,3,1
2025,W001,07-059A,3.0,2,1
2025,W001,07-059Z,3.0,2,1
2025,W001,07-062W,3.0,2,1
2025,W001,07-062Y,3.0,3,1
2025,W001,07-063G,3.0,3,1
2025,W001,07-063W,3.0,3,1
2025,W001,07-066B,3.0,3,1
2025,W001,07-066G,3.0,3,1
2025,W001,07-068W,3.0,2,1
2025,W001,07-068Z,3.0,2,1
2025,W001,07-070B,3.0,2,1
2025,W001,07-071H,3.0,2,1
2025,W001,07-072H,3.0,3,1
2025,W001,07-073A,3.0,2,1
2025,W001,07-073E,3.0,2,1
2025,W001,07-073F,3.0,2,1
2025,W001,07-074A,3.0,2,1
2025,W001,07-075I,3.0,2,1
2025,W001,07-076A,3.0,2,1
2025,W001,07-076Y,3.0,2,1
2025,W001,07-078D,3.0,3,1
2025,W001,07-079Y,3.0,3,1
2025,W001,07-080A,3.0,3,1
2025,W001,07-080C,3.0,2,1
2025,W001,07-080X,3.0,3,1
2025,W001,07-080Y,3.0,3,1
2025,W001,07-083D,3.0,3,1
2025,W001,07-085B,3.0,3,1
2025,W001,07-086I,3.0,2,2
2025,W001,07-088Y,3.0,3,1
2025,W001,07-089C,3.0,3,1
2025,W001,07-089W,3.0,2,1
2025,W001,07-090Y,3.0,2,1
2025,W001,07-091F,3.0,2,1
2025,W001,07-092H,3.0,3,1
2025,W001,07-095A,3.0,2,1
2025,W001,07-095G,3.0,3,1
2025,W001,07-097A,3.0,2,1
2025,W001,07-100B,3.0,3,1
2025,W001,07-100Z,3.0,3,1
2025,W001,07-101I,3.0,2,1
2025,W001,07-103H,3.0,2,1
2025,W001,07-104F,3.0,2,1
2025,W001,07-105B,3.0,3,1
2025,W001,07-107A,3.0,3,1
2025,W001,07-107C,3.0,2,1
2025,W001,07-116G,3.0,2,1
2025,W001,07-116X,3.0,3,1
2025,W001,07-117G,3.0,3,2
2025,W001,07-120W,3.0,3,1
2025,W001,07-121B,3.0,2,1
2025,W001,07-121G,3.0,3,1
2025,W001,07-122G,3.0,3,1
2025,W001,07-122H,3.0,3,1
2025,W001,07-122Y,3.0,2,1
2025,W001,07-123G,3.0,3,1
2025,W001,07-124Y,3.0,2,1
2025,W001,07-125D,3.0,3,1
2025,W001,07-125F,3.0,3,1
2025,W001,07-127E,3.0,3,1
2025,W001,07-127W,3.0,3,1
2025,W001,07-128A,3.0,1,1
2025,W001,07-129F,3.0,3,1
2025,W001,07-129W,3.0,2,1
2025,W001,07-130C,3.0,3,1
2025,W001,07-131G,3.0,3,2
2025,W001,07-135D,3.0,3,1
2025,W001,07-135F,3.0,3,1
2025,W001,07-137Z,3.0,3,1
2025,W001,07-138H,3.0,3,1
2025,W001,07-139E,3.0,2,1
2025,W001,07-139H,3.0,3,1
2025,W001,07-140C,3.0,3,1
2025,W001,07-142Z,3.0,2,1
2025,W001,07-143G,3.0,3,1
2025,W001,07-146X,3.0,3,1
2025,W001,07-146Z,3.0,1,1
2025,W001,07-148C,3.0,2,1
2025,W001,07-148I,3.0,2,1
2025,W001,07-149I,3.0,3,1
2025,W001,07-150B,3.0,2,1
2025,W001,07-150W,3.0,2,1
2025,W001,07-151Z,3.0,2,1
2025,W001,07-153B,3.0,3,1
2025,W001,07-153G,3.0,2,1
2025,W001,07-153Y,3.0,2,1
2025,invalid,07-041C,3.0,2,2
2025,invalid,07-108H,3.0,2,1
2025,invalid,07-109H,3.0,3,1
2025,invalid,34-008X,3.0,2,1
2025,W001,07-001W,2.0,2,1
2025,W001,07-022F,2.0,2,1
2025,W001,07-022W,2.0,2,1
2025,W001,07-023G,2.0,2,1
2025,W001,07-023W,2.0,2,1
2025,W001,07-026I,2.0,2,1
2025,W001,07-026Z,2.0,1,1
2025,W001,07-027F,2.0,1,1
2025,W001,07-028A,2.0,2,1
2025,W001,07-028W,2.0,2,1
2025,W001,07-028X,2.0,2,1
2025,W001,07-029D,2.0,1,1
2025,W001,07-029Y,2.0,1,1
2025,W001,07-029Z,2.0,1,1
2025,W001,07-030B,2.0,1,1
2025,W001,07-030X,2.0,2,1
2025,W001,07-031A,2.0,1,1
2025,W001,07-031H,2.0,2,1
2025,W001,07-032A,2.0,2,1
2025,W001,07-033C,2.0,2,2
2025,W001,07-033I,2.0,1,1
2025,W001,07-033W,2.0,2,1
2025,W001,07-033Z,2.0,2,1
2025,W001,07-034D,2.0,1,1
2025,W001,07-034H,2.0,2,1
2025,W001,07-036D,2.0,2,1
2025,W001,07-036Z,2.0,1,1
2025,W001,07-037I,2.0,2,1
2025,W001,07-039E,2.0,1,1
2025,W001,07-039I,2.0,2,1
2025,W001,07-039W,2.0,2,1
2025,W001,07-041F,2.0,1,1
2025,W001,07-043B,2.0,2,1
2025,W001,07-046F,2.0,2,1
2025,W001,07-047A,2.0,2,1
2025,W001,07-047B,2.0,2,1
2025,W001,07-048A,2.0,1,1
2025,W001,07-048D,2.0,1,1
2025,W001,07-049B,2.0,2,1
2025,W001,07-051A,2.0,2,1
2025,W001,07-051B,2.0,1,1
2025,W001,07-051H,2.0,1,1
2025,W001,07-053F,2.0,1,1
2025,W001,07-054E,2.0,2,1
2025,W001,07-056Z,2.0,2,1
2025,W001,07-057B,2.0,2,1
2025,W001,07-057C,2.0,2,1
2025,W001,07-057Y,2.0,1,1
2025,W001,07-058A,2.0,1,1
2025,W001,07-058D,2.0,2,1
2025,W001,07-058Z,2.0,1,1
2025,W001,07-059X,2.0,1,1
2025,W001,07-060X,2.0,1,1
2025,W001,07-060Y,2.0,1,1
2025,W001,07-061B,2.0,2,1
2025,W001,07-061Y,2.0,1,1
2025,W001,07-061Z,2.0,2,1
2025,W001,07-063A,2.0,2,1
2025,W001,07-063Z,2.0,1,1
2025,W001,07-065F,2.0,2,1
2025,W001,07-065X,2.0,2,1
2025,W001,07-065Z,2.0,2,1
2025,W001,07-066W,2.0,2,1
2025,W001,07-067C,2.0,1,1
2025,W001,07-067Z,2.0,1,1
2025,W001,07-068A,2.0,1,1
2025,W001,07-069W,2.0,2,1
2025,W001,07-069X,2.0,2,1
2025,W001,07-069Z,2.0,1,1
2025,W001,07-070F,2.0,1,1
2025,W001,07-071E,2.0,1,1
2025,W001,07-072D,2.0,1,1
2025,W001,07-073B,2.0,2,1
2025,W001,07-074Z,2.0,2,1
2025,W001,07-075A,2.0,2,1
2025,W001,07-075D,2.0,2,1
2025,W001,07-075F,2.0,1,1
2025,W001,07-075W,2.0,2,1
2025,W001,07-076I,2.0,2,1
2025,W001,07-076W,2.0,2,1
2025,W001,07-076X,2.0,2,1
2025,W001,07-076Z,2.0,2,1
2025,W001,07-077A,2.0,2,1
2025,W001,07-078I,2.0,2,1
2025,W001,07-078X,2.0,2,1
2025,W001,07-078Z,2.0,2,1
2025,W001,07-079B,2.0,2,1
2025,W001,07-079C,2.0,1,1
2025,W001,07-079I,2.0,2,1
2025,W001,07-079W,2.0,2,1
2025,W001,07-079X,2.0,2,1
2025,W001,07-079Z,2.0,2,1
2025,W001,07-080G,2.0,2,1
2025,W001,07-080I,2.0,2,1
2025,W001,07-081A,2.0,2,1
2025,W001,07-081D,2.0,2,1
2025,W001,07-081E,2.0,2,1
2025,W001,07-081F,2.0,1,1
2025,W001,07-081G,2.0,2,1
2025,W001,07-081H,2.0,2,1
2025,W001,07-081I,2.0,2,1
2025,W001,07-081Y,2.0,1,1
2025,W001,07-082I,2.0,2,1
2025,W001,07-082Y,2.0,2,1
2025,W001,07-083A,2.0,2,1
2025,W001,07-083B,2.0,2,1
2025,W001,07-083W,2.0,2,1
2025,W001,07-084A,2.0,2,1
2025,W001,07-085G,2.0,2,1
2025,W001,07-085W,2.0,2,1
2025,W001,07-085Y,2.0,2,1
2025,W001,07-086B,2.0,2,1
2025,W001,07-086F,2.0,2,1
2025,W001,07-087D,2.0,2,1
2025,W001,07-087X,2.0,2,1
2025,W001,07-088D,2.0,2,1
2025,W001,07-088X,2.0,2,1
2025,W001,07-089B,2.0,2,1
2025,W001,07-089G,2.0,2,1
2025,W001,07-090F,2.0,2,1
2025,W001,07-090X,2.0,1,1
2025,W001,07-091I,2.0,2,1
2025,W001,07-091Y,2.0,1,1
2025,W001,07-092B,2.0,1,1
2025,W001,07-092W,2.0,2,1
2025,W001,07-092Y,2.0,2,1
2025,W001,07-093A,2.0,2,1
2025,W001,07-093C,2.0,1,1
2025,W001,07-094A,2.0,2,1
2025,W001,07-094C,2.0,2,1
2025,W001,07-094D,2.0,1,1
2025,W001,07-094I,2.0,2,1
2025,W001,07-095C,2.0,1,1
2025,W001,07-096B,2.0,1,1
2025,W001,07-096C,2.0,1,1
2025,W001,07-096D,2.0,2,1
2025,W001,07-096Z,2.0,2,1
2025,W001,07-097C,2.0,2,1
2025,W001,07-097F,2.0,2,1
2025,W001,07-097I,2.0,2,1
2025,W001,07-098C,2.0,1,1
2025,W001,07-098D,2.0,2,1
2025,W001,07-098E,2.0,2,1
2025,W001,07-098G,2.0,1,1
2025,W001,07-099Y,2.0,2,1
2025,W001,07-101A,2.0,2,1
2025,W001,07-101F,2.0,1,1
2025,W001,07-101W,2.0,1,1
2025,W001,07-102B,2.0,2,1
2025,W001,07-103F,2.0,2,1
2025,W001,07-103G,2.0,2,1
2025,W001,07-104D,2.0,2,1
2025,W001,07-104I,2.0,2,1
2025,W001,07-105I,2.0,2,1
2025,W001,07-106F,2.0,1,1
2025,W001,07-107B,2.0,2,1
2025,W001,07-110W,2.0,2,1
2025,W001,07-112Y,2.0,2,1
2025,W001,07-113F,2.0,1,1
2025,W001,07-113Y,2.0,2,1
2025,W001,07-114F,2.0,2,1
2025,W001,07-115E,2.0,1,1
2025,W001,07-117W,2.0,1,1
2025,W001,07-119G,2.0,1,1
2025,W001,07-120G,2.0,2,1
2025,W001,07-120I,2.0,2,1
2025,W001,07-122F,2.0,1,1
2025,W001,07-123W,2.0,2,1
2025,W001,07-123X,2.0,2,1
2025,W001,07-123Z,2.0,2,1
2025,W001,07-124E,2.0,2,1
2025,W001,07-124G,2.0,2,1
2025,W001,07-126H,2.0,1,1
2025,W001,07-127D,2.0,1,1
2025,W001,07-127F,2.0,2,1
2025,W001,07-128F,2.0,2,1
2025,W001,07-129D,2.0,2,1
2025,W001,07-130B,2.0,1,1
2025,W001,07-131Z,2.0,1,1
2025,W001,07-132F,2.0,2,1
2025,W001,07-132I,2.0,2,1
2025,W001,07-134B,2.0,2,1
2025,W001,07-135E,2.0,1,1
2025,W001,07-135W,2.0,1,1
2025,W001,07-136G,2.0,1,1
2025,W001,07-137C,2.0,1,1
2025,W001,07-137F,2.0,2,1
2025,W001,07-139F,2.0,2,1
2025,W001,07-139Z,2.0,1,1
2025,W001,07-141G,2.0,2,1
2025,W001,07-143B,2.0,1,1
2025,W001,07-143E,2.0,1,1
2025,W001,07-144W,2.0,2,1
2025,W001,07-144X,2.0,2,1
2025,W001,07-146C,2.0,2,1
2025,W001,07-148H,2.0,2,1
2025,W001,07-149D,2.0,2,1
2025,W001,07-149F,2.0,2,1
2025,W001,07-150G,2.0,1,1
2025,W001,07-150X,2.0,1,1
2025,W001,07-151H,2.0,2,1
2025,W001,07-151X,2.0,2,1
2025,W001,07-151Y,2.0,1,1
2025,W001,07-153W,2.0,1,1
2025,W001,07-154W,2.0,1,1
2025,W001,07-154Y,2.0,1,1
2025,invalid,07-108C,2.0,2,1
2025,invalid,07-109F,2.0,1,1
2025,invalid,07-147E,2.0,1,1
2025,invalid,07-147G,2.0,1,1
2025,No LP Track,MMV,1.0,1,1
2025,W001,07-005X,1.0,1,1
2025,W001,07-005Z,1.0,1,1
2025,W001,07-013Z,1.0,1,1
2025,W001,07-023A,1.0,1,1
2025,W001,07-024D,1.0,1,1
2025,W001,07-025C,1.0,1,1
2025,W001,07-025E,1.0,1,1
2025,W001,07-026E,1.0,1,1
2025,W001,07-026W,1.0,1,1
2025,W001,07-029A,1.0,1,1
2025,W001,07-030D,1.0,1,1
2025,W001,07-035E,1.0,1,1
2025,W001,07-036Y,1.0,1,1
2025,W001,07-037C,1.0,1,1
2025,W001,07-038G,1.0,1,1
2025,W001,07-039D,1.0,1,1
2025,W001,07-042W,1.0,1,1
2025,W001,07-044A,1.0,1,1
2025,W001,07-045D,1.0,1,1
2025,W001,07-045G,1.0,1,1
2025,W001,07-045X,1.0,1,1
2025,W001,07-046G,1.0,1,1
2025,W001,07-046Y,1.0,1,1
2025,W001,07-051D,1.0,1,1
2025,W001,07-051E,1.0,1,1
2025,W001,07-052B,1.0,1,1
2025,W001,07-052I,1.0,1,1
2025,W001,07-052W,1.0,1,1
2025,W001,07-053X,1.0,1,1
2025,W001,07-054D,1.0,1,1
2025,W001,07-054Z,1.0,1,1
2025,W001,07-055E,1.0,1,1
2025,W001,07-055X,1.0,1,1
2025,W001,07-056F,1.0,1,1
2025,W001,07-056X,1.0,1,1
2025,W001,07-057H,1.0,1,1
2025,W001,07-059F,1.0,1,1
2025,W001,07-062A,1.0,1,1
2025,W001,07-064F,1.0,1,1
2025,W001,07-065C,1.0,1,1
2025,W001,07-065G,1.0,1,1
2025,W001,07-067D,1.0,1,1
2025,W001,07-068Y,1.0,1,1
2025,W001,07-069Y,1.0,1,1
2025,W001,07-070D,1.0,1,1
2025,W001,07-070E,1.0,1,1
2025,W001,07-072W,1.0,1,1
2025,W001,07-072Z,1.0,1,1
2025,W001,07-076G,1.0,1,1
2025,W001,07-077B,1.0,1,1
2025,W001,07-077D,1.0,1,1
2025,W001,07-077X,1.0,1,1
2025,W001,07-077Y,1.0,1,1
2025,W001,07-078A,1.0,1,1
2025,W001,07-078W,1.0,1,1
2025,W001,07-079A,1.0,1,1
2025,W001,07-079D,1.0,1,1
2025,W001,07-080Z,1.0,1,1
2025,W001,07-081C,1.0,1,1
2025,W001,07-081W,1.0,1,1
2025,W001,07-082A,1.0,1,1
2025,W001,07-082B,1.0,1,1
2025,W001,07-082D,1.0,1,1
2025,W001,07-082W,1.0,1,1
2025,W001,07-082X,1.0,1,1
2025,W001,07-082Z,1.0,1,1
2025,W001,07-083C,1.0,1,1
2025,W001,07-083Y,1.0,1,1
2025,W001,07-083Z,1.0,1,1
2025,W001,07-084B,1.0,1,1
2025,W001,07-084W,1.0,1,1
2025,W001,07-084X,1.0,1,1
2025,W001,07-084Y,1.0,1,1
2025,W001,07-084Z,1.0,1,1
2025,W001,07-085X,1.0,1,1
2025,W001,07-085Z,1.0,1,1
2025,W001,07-086Y,1.0,1,1
2025,W001,07-086Z,1.0,1,1
2025,W001,07-087Y,1.0,1,1
2025,W001,07-087Z,1.0,1,1
2025,W001,07-088C,1.0,1,1
2025,W001,07-088I,1.0,1,1
2025,W001,07-088W,1.0,1,1
2025,W001,07-089D,1.0,1,1
2025,W001,07-089X,1.0,1,1
2025,W001,07-089Y,1.0,1,1
2025,W001,07-089Z,1.0,1,1
2025,W001,07-090W,1.0,1,1
2025,W001,07-090Z,1.0,1,1
2025,W001,07-091C,1.0,1,1
2025,W001,07-091X,1.0,1,1
2025,W001,07-092D,1.0,1,1
2025,W001,07-092X,1.0,1,1
2025,W001,07-093F,1.0,1,1
2025,W001,07-093Z,1.0,1,1
2025,W001,07-096G,1.0,1,1
2025,W001,07-096I,1.0,1,1
2025,W001,07-097G,1.0,1,1
2025,W001,07-098I,1.0,1,1
2025,W001,07-099Z,1.0,1,1
2025,W001,07-100A,1.0,1,1
2025,W001,07-100C,1.0,1,1
2025,W001,07-100D,1.0,1,1
2025,W001,07-100G,1.0,1,1
2025,W001,07-100H,1.0,1,1
2025,W001,07-101B,1.0,1,1
2025,W001,07-101C,1.0,1,1
2025,W001,07-102H,1.0,1,1
2025,W001,07-102I,1.0,1,1
2025,W001,07-103X,1.0,1,1
2025,W001,07-103Z,1.0,1,1
2025,W001,07-106H,1.0,1,1
2025,W001,07-106W,1.0,1,1
2025,W001,07-107D,1.0,1,1
2025,W001,07-107H,1.0,1,1
2025,W001,07-107I,1.0,1,1
2025,W001,07-109Y,1.0,1,1
2025,W001,07-111I,1.0,1,1
2025,W001,07-112G,1.0,1,1
2025,W001,07-112I,1.0,1,1
2025,W001,07-113B,1.0,1,1
2025,W001,07-113Z,1.0,1,1
2025,W001,07-115F,1.0,1,1
2025,W001,07-115W,1.0,1,1
2025,W001,07-117E,1.0,1,1
2025,W001,07-119F,1.0,1,1
2025,W001,07-120F,1.0,1,1
2025,W001,07-121H,1.0,1,1
2025,W001,07-122Z,1.0,1,1
2025,W001,07-123B,1.0,1,1
2025,W001,07-123F,1.0,1,1
2025,W001,07-124B,1.0,1,1
2025,W001,07-125I,1.0,1,1
2025,W001,07-127H,1.0,1,1
2025,W001,07-128G,1.0,1,1
2025,W001,07-129A,1.0,1,1
2025,W001,07-129C,1.0,1,1
2025,W001,07-131C,1.0,1,1
2025,W001,07-131F,1.0,1,1
2025,W001,07-133F,1.0,1,1
2025,W001,07-133I,1.0,1,1
2025,W001,07-134F,1.0,1,1
2025,W001,07-134G,1.0,1,1
2025,W001,07-137Y,1.0,1,1
2025,W001,07-138G,1.0,1,1
2025,W001,07-139A,1.0,1,1
2025,W001,07-139D,1.0,1,1
2025,W001,07-139W,1.0,1,1
2025,W001,07-141E,1.0,1,1
2025,W001,07-141F,1.0,1,1
2025,W001,07-143F,1.0,1,1
2025,W001,07-143I,1.0,1,1
2025,W001,07-144I,1.0,1,1
2025,W001,07-144Y,1.0,1,1
2025,W001,07-145C,1.0,1,1
2025,W001,07-145H,1.0,1,1
2025,W001,07-146F,1.0,1,1
2025,W001,07-148X,1.0,1,1
2025,W001,07-148Y,1.0,1,1
2025,W001,07-149A,1.0,1,1
2025,W001,07-150C,1.0,1,1
2025,W001,07-151F,1.0,1,1
2025,W001,07-151G,1.0,1,1
2025,W001,07-152E,1.0,1,1
2025,W001,07-152I,1.0,1,1
2025,W001,07-153Z,1.0,1,1
2025,W001,07-154F,1.0,1,1
2025,W001,07-154I,1.0,1,1
2025,invalid,07-041A,1.0,1,1
2025,invalid,07-071B,1.0,1,1
2025,invalid,07-071D,1.0,1,1
2025,invalid,07-077I,1.0,1,1
2025,invalid,07-108G,1.0,1,1
2025,invalid,07-147F,1.0,1,1
2025,invalid,34-004X,1.0,1,1
2025,invalid,34-007X,1.0,1,1
2025,invalid,34-023X,1.0,1,1
2026,invalid,07-003A,109.0,105,3
2026,W001,07-037W,101.0,94,1
2026,W001,07-153H,86.0,82,1
2026,invalid,34-009X,79.0,77,1
2026,invalid,34-013X,74.0,72,1
2026,W001,07-095B,63.0,63,1
2026,W001,07-149A,62.0,62,1
2026,invalid,34-014X,61.0,60,1
2026,W001,07-033E,60.0,60,1
2026,W001,07-031H,48.0,43,1
2026,invalid,34-010X,48.0,47,1
2026,W001,07-148Y,44.0,44,1
2026,W001,07-030B,43.0,43,1
2026,invalid,34-016Z,43.0,41,1
2026,W001,07-037B,38.0,38,1
2026,W001,07-044C,31.0,31,1
2026,invalid,34-015Y,31.0,31,1
2026,invalid,34-018Z,31.0,31,1
2026,W001,07-026G,30.0,27,1
2026,W001,07-036Y,30.0,29,1
2026,invalid,34-013Z,30.0,30,1
2026,invalid,34-019Z,30.0,30,1
2026,invalid,34-024Y,30.0,30,1
2026,W001,07-029E,29.0,26,1
2026,W001,07-094D,29.0,22,1
2026,W001,07-112X,29.0,28,1
2026,invalid,34-019X,29.0,29,1
2026,invalid,34-024X,29.0,28,1
2026,invalid,34-025X,29.0,28,1
2026,W001,07-056B,28.0,19,1
2026,W001,07-035I,27.0,20,2
2026,W001,07-037G,27.0,26,1
2026,W001,07-042G,27.0,21,2
2026,W001,07-067C,27.0,23,1
2026,invalid,34-001Y,26.0,26,1
2026,invalid,34-027Y,26.0,26,1
2026,W001,07-013W,25.0,21,1
2026,W001,07-124H,25.0,25,1
2026,W001,07-141E,25.0,25,1
2026,invalid,07-002A,25.0,25,2
2026,W001,07-151X,23.0,23,1
2026,invalid,07-001A,23.0,20,1
2026,invalid,34-028Z,23.0,22,1
2026,W001,07-035E,22.0,11,2
2026,W001,07-035F,22.0,16,2
2026,W001,07-041Y,22.0,13,2
2026,W001,07-060D,22.0,22,1
2026,W001,07-116D,22.0,21,1
2026,W001,07-116G,22.0,22,1
2026,W001,07-049Y,21.0,21,1
2026,W001,07-116W,21.0,17,1
2026,invalid,34-001Z,21.0,19,1
2026,W001,07-045X,20.0,15,2
2026,W001,07-047Z,20.0,15,2
2026,W001,07-138Y,20.0,20,1
2026,invalid,34-017Z,20.0,20,1
2026,W001,07-016W,19.0,14,2
2026,W001,07-114Y,19.0,19,1
2026,W001,07-119D,19.0,19,1
2026,W001,07-122A,19.0,17,1
2026,W001,07-143D,19.0,15,2
2026,W001,07-027F,18.0,17,1
2026,W001,07-027X,18.0,18,1
2026,W001,07-037I,18.0,16,2
2026,W001,07-065B,18.0,16,1
2026,W001,07-069B,18.0,15,1
2026,W001,07-111B,18.0,13,2
2026,W001,07-129B,18.0,10,2
2026,W001,07-032G,17.0,12,2
2026,W001,07-041X,17.0,10,2
2026,W001,07-068W,17.0,17,1
2026,W001,07-114Z,17.0,17,1
2026,W001,07-117Z,17.0,16,1
2026,W001,07-119G,17.0,13,1
2026,W001,07-125C,17.0,16,2
2026,invalid,34-013Y,17.0,17,1
2026,W001,07-009Y,16.0,12,1
2026,W001,07-037Z,16.0,11,2
2026,W001,07-042Y,16.0,12,2
2026,W001,07-049Z,16.0,16,1
2026,W001,07-113A,16.0,10,1
2026,W001,07-133B,16.0,10,2
2026,W001,07-039I,15.0,12,2
2026,W001,07-040X,15.0,12,2
2026,W001,07-045C,15.0,15,1
2026,W001,07-060G,15.0,11,1
2026,W001,07-085C,15.0,10,2
2026,W001,07-099H,15.0,11,1
2026,W001,07-101I,15.0,15,1
2026,W001,07-102X,15.0,12,2
2026,W001,07-114C,15.0,12,1
2026,W001,07-129G,15.0,10,2
2026,W001,07-149I,15.0,15,1
2026,invalid,34-025Z,15.0,15,1
2026,W001,07-022F,14.0,9,2
2026,W001,07-024I,14.0,9,2
2026,W001,07-028F,14.0,14,1
2026,W001,07-030W,14.0,13,2
2026,W001,07-042F,14.0,11,2
2026,W001,07-043Y,14.0,10,2
2026,W001,07-049X,14.0,12,2
2026,W001,07-061H,14.0,8,1
2026,W001,07-076G,14.0,9,1
2026,W001,07-113C,14.0,9,2
2026,W001,07-124C,14.0,13,1
2026,W001,07-137D,14.0,14,1
2026,W001,07-149G,14.0,14,1
2026,W001,07-154C,14.0,11,2
2026,invalid,34-007Y,14.0,14,1
2026,invalid,34-026Z,14.0,14,1
2026,W001,07-023X,13.0,8,1
2026,W001,07-032Z,13.0,10,2
2026,W001,07-035H,13.0,12,1
2026,W001,07-039H,13.0,13,1
2026,W001,07-041Z,13.0,10,1
2026,W001,07-049E,13.0,10,1
2026,W001,07-052G,13.0,9,2
2026,W001,07-059G,13.0,9,1
2026,W001,07-075X,13.0,9,2
2026,W001,07-078C,13.0,10,2
2026,W001,07-084H,13.0,8,1
2026,W001,07-096H,13.0,8,2
2026,W001,07-097H,13.0,6,2
2026,W001,07-106C,13.0,13,1
2026,W001,07-110G,13.0,9,1
2026,W001,07-110X,13.0,10,1
2026,W001,07-118I,13.0,9,1
2026,W001,07-126E,13.0,10,1
2026,W001,07-135B,13.0,12,2
2026,W001,07-143A,13.0,13,1
2026,invalid,34-002Y,13.0,11,1
2026,W001,07-031W,12.0,9,2
2026,W001,07-048W,12.0,8,1
2026,W001,07-058G,12.0,8,1
2026,W001,07-068I,12.0,9,1
2026,W001,07-072C,12.0,12,1
2026,W001,07-073B,12.0,10,2
2026,W001,07-074D,12.0,9,2
2026,W001,07-077W,12.0,9,2
2026,W001,07-096X,12.0,7,1
2026,W001,07-107W,12.0,5,1
2026,W001,07-115C,12.0,5,1
2026,W001,07-120D,12.0,7,2
2026,W001,07-131D,12.0,10,2
2026,W001,07-140A,12.0,12,1
2026,W001,07-145Z,12.0,7,2
2026,W001,07-150I,12.0,9,1
2026,invalid,34-020Y,12.0,12,1
2026,invalid,34-023Z,12.0,12,1
2026,W001,07-029G,11.0,7,1
2026,W001,07-036G,11.0,9,2
2026,W001,07-041W,11.0,9,1
2026,W001,07-045A,11.0,10,1
2026,W001,07-046B,11.0,9,1
2026,W001,07-056W,11.0,8,1
2026,W001,07-061G,11.0,8,1
2026,W001,07-068G,11.0,7,1
2026,W001,07-075C,11.0,8,1
2026,W001,07-083F,11.0,8,2
2026,W001,07-094H,11.0,6,2
2026,W001,07-105C,11.0,9,1
2026,W001,07-110C,11.0,6,2
2026,W001,07-122I,11.0,9,1
2026,W001,07-124W,11.0,10,1
2026,W001,07-124Y,11.0,5,1
2026,W001,07-130I,11.0,10,2
2026,W001,07-134W,11.0,8,1
2026,W001,07-139X,11.0,5,2
2026,W001,07-140C,11.0,11,2
2026,W001,07-148B,11.0,7,2
2026,W001,07-150W,11.0,11,1
2026,W001,07-150X,11.0,11,1
2026,W001,07-150Z,11.0,6,1
2026,invalid,34-006Z,11.0,11,1
2026,W001,07-027W,10.0,7,2
2026,W001,07-028H,10.0,10,1
2026,W001,07-035G,10.0,10,1
2026,W001,07-052Z,10.0,7,1
2026,W001,07-056C,10.0,6,1
2026,W001,07-065A,10.0,10,1
2026,W001,07-070B,10.0,7,1
2026,W001,07-070E,10.0,7,1
2026,W001,07-070Z,10.0,7,2
2026,W001,07-071F,10.0,5,2
2026,W001,07-074A,10.0,10,2
2026,W001,07-076B,10.0,7,2
2026,W001,07-079F,10.0,8,2
2026,W001,07-097G,10.0,8,2
2026,W001,07-101H,10.0,8,1
2026,W001,07-106H,10.0,7,1
2026,W001,07-125X,10.0,6,2
2026,W001,07-127E,10.0,7,1
2026,W001,07-127Y,10.0,5,2
2026,W001,07-130F,10.0,6,1
2026,W001,07-131I,10.0,8,1
2026,W001,07-131X,10.0,7,1
2026,W001,07-136W,10.0,4,2
2026,W001,07-138Z,10.0,4,1
2026,W001,07-150V,10.0,6,1
2026,W001,07-151V,10.0,6,1
2026,W001,07-152Z,10.0,7,1
2026,W001,07-154B,10.0,6,1
2026,W001,07-008W,9.0,7,1
2026,W001,07-008Z,9.0,7,1
2026,W001,07-022E,9.0,9,1
2026,W001,07-029Y,9.0,6,2
2026,W001,07-035D,9.0,5,1
2026,W001,07-037D,9.0,6,1
2026,W001,07-038H,9.0,9,1
2026,W001,07-044Z,9.0,6,1
2026,W001,07-045E,9.0,5,2
2026,W001,07-045F,9.0,5,1
2026,W001,07-048Y,9.0,6,2
2026,W001,07-048Z,9.0,5,1
2026,W001,07-050C,9.0,7,1
2026,W001,07-053G,9.0,7,2
2026,W001,07-055X,9.0,6,2
2026,W001,07-072A,9.0,6,2
2026,W001,07-077X,9.0,7,2
2026,W001,07-083X,9.0,4,1
2026,W001,07-084I,9.0,5,2
2026,W001,07-095X,9.0,6,1
2026,W001,07-102D,9.0,5,1
2026,W001,07-103B,9.0,5,1
2026,W001,07-103Z,9.0,6,2
2026,W001,07-105H,9.0,6,1
2026,W001,07-112B,9.0,6,1
2026,W001,07-121G,9.0,6,1
2026,W001,07-124B,9.0,9,1
2026,W001,07-125Z,9.0,4,1
2026,W001,07-126G,9.0,6,1
2026,W001,07-134I,9.0,5,1
2026,W001,07-135C,9.0,5,1
2026,W001,07-138B,9.0,5,1
2026,W001,07-139B,9.0,5,1
2026,W001,07-139D,9.0,4,2
2026,W001,07-139Z,9.0,5,1
2026,W001,07-143B,9.0,7,2
2026,W001,07-145G,9.0,6,1
2026,W001,07-147Y,9.0,7,1
2026,W001,07-153B,9.0,9,1
2026,invalid,34-011Z,9.0,9,1
2026,W001,07-026I,8.0,4,1
2026,W001,07-036F,8.0,8,1
2026,W001,07-042I,8.0,7,2
2026,W001,07-045Z,8.0,5,1
2026,W001,07-046D,8.0,5,1
2026,W001,07-050X,8.0,3,1
2026,W001,07-051C,8.0,7,1
2026,W001,07-051I,8.0,4,1
2026,W001,07-052H,8.0,6,2
2026,W001,07-052I,8.0,8,2
2026,W001,07-056Y,8.0,6,1
2026,W001,07-057X,8.0,5,2
2026,W001,07-057Z,8.0,6,2
2026,W001,07-062W,8.0,4,1
2026,W001,07-064B,8.0,6,1
2026,W001,07-064D,8.0,4,1
2026,W001,07-066C,8.0,8,1
2026,W001,07-068Z,8.0,5,1
2026,W001,07-071Y,8.0,6,2
2026,W001,07-075A,8.0,4,1
2026,W001,07-075D,8.0,7,1
2026,W001,07-075I,8.0,6,2
2026,W001,07-082C,8.0,5,2
2026,W001,07-086F,8.0,4,1
2026,W001,07-089I,8.0,6,1
2026,W001,07-098Y,8.0,5,1
2026,W001,07-103H,8.0,4,1
2026,W001,07-107A,8.0,6,1
2026,W001,07-108W,8.0,5,2
2026,W001,07-110F,8.0,6,1
2026,W001,07-110W,8.0,6,1
2026,W001,07-111C,8.0,5,1
2026,W001,07-116I,8.0,5,2
2026,W001,07-117C,8.0,3,1
2026,W001,07-120X,8.0,5,2
2026,W001,07-121D,8.0,8,1
2026,W001,07-124A,8.0,5,1
2026,W001,07-129I,8.0,6,1
2026,W001,07-136Y,8.0,5,1
2026,W001,07-137A,8.0,6,1
2026,W001,07-137E,8.0,5,2
2026,W001,07-140G,8.0,8,1
2026,W001,07-146B,8.0,3,2
2026,W001,07-150B,8.0,4,1
2026,W001,07-152F,8.0,4,1
2026,W001,07-152H,8.0,5,2
2026,W001,07-153X,8.0,4,1
2026,invalid,34-006X,8.0,8,1
2026,W001,07-003Y,7.0,4,1
2026,W001,07-010Z,7.0,5,2
2026,W001,07-025D,7.0,6,1
2026,W001,07-025I,7.0,5,1
2026,W001,07-026Z,7.0,5,2
2026,W001,07-027I,7.0,7,1
2026,W001,07-031X,7.0,7,1
2026,W001,07-032W,7.0,4,1
2026,W001,07-042W,7.0,6,1
2026,W001,07-044Y,7.0,5,2
2026,W001,07-046F,7.0,5,1
2026,W001,07-046I,7.0,5,1
2026,W001,07-048C,7.0,7,1
2026,W001,07-050D,7.0,5,1
2026,W001,07-051G,7.0,5,1
2026,W001,07-054I,7.0,7,1
2026,W001,07-057I,7.0,4,1
2026,W001,07-075W,7.0,4,1
2026,W001,07-087D,7.0,5,2
2026,W001,07-091E,7.0,4,1
2026,W001,07-092B,7.0,7,1
2026,W001,07-096D,7.0,4,1
2026,W001,07-097F,7.0,4,1
2026,W001,07-104E,7.0,5,1
2026,W001,07-108Y,7.0,7,1
2026,W001,07-110H,7.0,5,1
2026,W001,07-110I,7.0,5,1
2026,W001,07-113I,7.0,5,1
2026,W001,07-122G,7.0,6,1
2026,W001,07-122Y,7.0,3,1
2026,W001,07-123E,7.0,7,1
2026,W001,07-123G,7.0,4,1
2026,W001,07-130D,7.0,4,1
2026,W001,07-134Z,7.0,5,2
2026,W001,07-136E,7.0,4,1
2026,W001,07-136F,7.0,7,1
2026,W001,07-138E,7.0,5,2
2026,W001,07-139A,7.0,4,1
2026,W001,07-139F,7.0,3,1
2026,W001,07-143C,7.0,7,1
2026,W001,07-144B,7.0,4,2
2026,W001,07-151Z,7.0,3,1
2026,W001,07-153Y,7.0,3,1
2026,invalid,34-010Z,7.0,7,1
2026,W001,07-001W,6.0,3,1
2026,W001,07-004Y,6.0,3,1
2026,W001,07-009X,6.0,4,2
2026,W001,07-010W,6.0,4,1
2026,W001,07-015Z,6.0,4,1
2026,W001,07-022A,6.0,5,1
2026,W001,07-023G,6.0,2,2
2026,W001,07-024X,6.0,5,2
2026,W001,07-024Y,6.0,5,1
2026,W001,07-026D,6.0,6,1
2026,W001,07-029Z,6.0,5,2
2026,W001,07-031E,6.0,6,1
2026,W001,07-032Y,6.0,4,1
2026,W001,07-035C,6.0,3,1
2026,W001,07-042D,6.0,4,1
2026,W001,07-042Z,6.0,4,2
2026,W001,07-053Y,6.0,6,2
2026,W001,07-056D,6.0,5,1
2026,W001,07-057H,6.0,4,1
2026,W001,07-065D,6.0,3,1
2026,W001,07-065G,6.0,4,1
2026,W001,07-070H,6.0,3,1
2026,W001,07-072B,6.0,5,2
2026,W001,07-072H,6.0,5,2
2026,W001,07-073W,6.0,3,1
2026,W001,07-076H,6.0,4,1
2026,W001,07-078D,6.0,6,2
2026,W001,07-078X,6.0,4,1
2026,W001,07-080A,6.0,3,1
2026,W001,07-083Y,6.0,4,1
2026,W001,07-084Z,6.0,3,1
2026,W001,07-088H,6.0,3,1
2026,W001,07-091H,6.0,5,2
2026,W001,07-092F,6.0,4,1
2026,W001,07-093C,6.0,2,1
2026,W001,07-093X,6.0,5,1
2026,W001,07-095A,6.0,4,1
2026,W001,07-096B,6.0,2,1
2026,W001,07-102F,6.0,5,2
2026,W001,07-111F,6.0,3,1
2026,W001,07-113G,6.0,3,1
2026,W001,07-115W,6.0,3,1
2026,W001,07-116C,6.0,3,2
2026,W001,07-118B,6.0,5,2
2026,W001,07-118W,6.0,3,1
2026,W001,07-118X,6.0,6,1
2026,W001,07-120A,6.0,6,1
2026,W001,07-124F,6.0,6,1
2026,W001,07-124Z,6.0,4,2
2026,W001,07-125D,6.0,6,1
2026,W001,07-125H,6.0,4,1
2026,W001,07-126A,6.0,3,2
2026,W001,07-129D,6.0,6,1
2026,W001,07-130E,6.0,4,2
2026,W001,07-134B,6.0,4,1
2026,W001,07-135E,6.0,4,1
2026,W001,07-138A,6.0,5,2
2026,W001,07-140D,6.0,6,1
2026,W001,07-140X,6.0,4,1
2026,W001,07-143Y,6.0,4,1
2026,W001,07-144I,6.0,4,1
2026,W001,07-145W,6.0,3,1
2026,W001,07-146H,6.0,4,1
2026,W001,07-154A,6.0,3,1
2026,W001,07-154D,6.0,6,2
2026,invalid,34-014Z,6.0,6,1
2026,W001,07-002X,5.0,3,1
2026,W001,07-011W,5.0,5,1
2026,W001,07-011X,5.0,1,1
2026,W001,07-016Z,5.0,4,1
2026,W001,07-022B,5.0,4,1
2026,W001,07-025Y,5.0,4,1
2026,W001,07-026C,5.0,5,1
2026,W001,07-028I,5.0,5,1
2026,W001,07-028Y,5.0,4,1
2026,W001,07-032X,5.0,3,1
2026,W001,07-040W,5.0,5,1
2026,W001,07-046E,5.0,5,1
2026,W001,07-047B,5.0,3,1
2026,W001,07-050B,5.0,3,1
2026,W001,07-055C,5.0,4,1
2026,W001,07-055D,5.0,4,1
2026,W001,07-055G,5.0,2,1
2026,W001,07-055W,5.0,5,2
2026,W001,07-058X,5.0,5,2
2026,W001,07-061I,5.0,3,1
2026,W001,07-062G,5.0,3,1
2026,W001,07-063B,5.0,3,1
2026,W001,07-065C,5.0,2,1
2026,W001,07-071Z,5.0,3,2
2026,W001,07-073D,5.0,3,1
2026,W001,07-073H,5.0,5,1
2026,W001,07-074W,5.0,3,1
2026,W001,07-079D,5.0,3,1
2026,W001,07-079H,5.0,4,2
2026,W001,07-080C,5.0,3,1
2026,W001,07-080E,5.0,4,1
2026,W001,07-082A,5.0,3,1
2026,W001,07-082D,5.0,3,2
2026,W001,07-082F,5.0,3,1
2026,W001,07-083B,5.0,4,2
2026,W001,07-083I,5.0,3,1
2026,W001,07-084G,5.0,5,1
2026,W001,07-085A,5.0,3,2
2026,W001,07-085D,5.0,3,2
2026,W001,07-086E,5.0,3,1
2026,W001,07-090E,5.0,3,1
2026,W001,07-091F,5.0,3,1
2026,W001,07-096C,5.0,1,1
2026,W001,07-098F,5.0,3,2
2026,W001,07-104Y,5.0,3,2
2026,W001,07-105Z,5.0,3,1
2026,W001,07-106W,5.0,4,2
2026,W001,07-107Y,5.0,4,1
2026,W001,07-110A,5.0,5,1
2026,W001,07-112Y,5.0,3,1
2026,W001,07-113W,5.0,5,1
2026,W001,07-119C,5.0,4,1
2026,W001,07-122C,5.0,4,1
2026,W001,07-127X,5.0,3,1
2026,W001,07-128C,5.0,4,1
2026,W001,07-128E,5.0,3,1
2026,W001,07-128H,5.0,3,1
2026,W001,07-128I,5.0,5,1
2026,W001,07-129Y,5.0,3,1
2026,W001,07-134A,5.0,3,1
2026,W001,07-135I,5.0,3,1
2026,W001,07-136B,5.0,4,1
2026,W001,07-138F,5.0,4,2
2026,W001,07-144D,5.0,3,1
2026,W001,07-145F,5.0,4,1
2026,W001,07-146Y,5.0,3,1
2026,invalid,34-009Y,5.0,5,1
2026,invalid,34-028X,5.0,3,1
2026,W001,07-024W,4.0,4,1
2026,W001,07-026X,4.0,3,2
2026,W001,07-027G,4.0,4,1
2026,W001,07-027Z,4.0,4,1
2026,W001,07-028X,4.0,4,1
2026,W001,07-030Z,4.0,4,2
2026,W001,07-031I,4.0,4,2
2026,W001,07-033H,4.0,4,1
2026,W001,07-034G,4.0,3,1
2026,W001,07-036I,4.0,2,1
2026,W001,07-036X,4.0,1,1
2026,W001,07-037H,4.0,4,1
2026,W001,07-037Y,4.0,2,1
2026,W001,07-038D,4.0,3,1
2026,W001,07-038G,4.0,4,2
2026,W001,07-038I,4.0,4,1
2026,W001,07-039Y,4.0,1,1
2026,W001,07-040Z,4.0,2,1
2026,W001,07-043I,4.0,4,1
2026,W001,07-044B,4.0,4,1
2026,W001,07-044E,4.0,2,1
2026,W001,07-044I,4.0,3,1
2026,W001,07-047D,4.0,3,1
2026,W001,07-047E,4.0,3,1
2026,W001,07-047G,4.0,2,1
2026,W001,07-048E,4.0,3,1
2026,W001,07-049F,4.0,2,1
2026,W001,07-050Y,4.0,4,2
2026,W001,07-051H,4.0,4,2
2026,W001,07-051X,4.0,2,1
2026,W001,07-052D,4.0,3,1
2026,W001,07-055B,4.0,3,1
2026,W001,07-055Y,4.0,3,2
2026,W001,07-057G,4.0,2,1
2026,W001,07-057Y,4.0,3,1
2026,W001,07-058C,4.0,4,1
2026,W001,07-058H,4.0,2,1
2026,W001,07-064Z,4.0,3,1
2026,W001,07-067D,4.0,4,1
2026,W001,07-067G,4.0,2,1
2026,W001,07-069G,4.0,2,1
2026,W001,07-073E,4.0,2,1
2026,W001,07-073F,4.0,2,1
2026,W001,07-073Y,4.0,4,2
2026,W001,07-074Y,4.0,3,2
2026,W001,07-075F,4.0,4,1
2026,W001,07-076A,4.0,2,1
2026,W001,07-078A,4.0,2,1
2026,W001,07-081A,4.0,3,1
2026,W001,07-081B,4.0,2,1
2026,W001,07-081D,4.0,3,1
2026,W001,07-082E,4.0,1,1
2026,W001,07-085F,4.0,2,1
2026,W001,07-089F,4.0,4,2
2026,W001,07-089H,4.0,3,1
2026,W001,07-093F,4.0,3,2
2026,W001,07-093I,4.0,3,1
2026,W001,07-094X,4.0,3,1
2026,W001,07-095D,4.0,1,1
2026,W001,07-095H,4.0,3,1
2026,W001,07-096E,4.0,1,1
2026,W001,07-098H,4.0,1,1
2026,W001,07-100E,4.0,1,1
2026,W001,07-100X,4.0,4,2
2026,W001,07-101E,4.0,3,1
2026,W001,07-101F,4.0,3,1
2026,W001,07-101Z,4.0,2,1
2026,W001,07-102E,4.0,1,1
2026,W001,07-103D,4.0,1,1
2026,W001,07-103F,4.0,4,1
2026,W001,07-104I,4.0,2,1
2026,W001,07-106F,4.0,4,2
2026,W001,07-107E,4.0,1,1
2026,W001,07-109Z,4.0,3,1
2026,W001,07-111E,4.0,2,1
2026,W001,07-112C,4.0,4,1
2026,W001,07-112H,4.0,1,1
2026,W001,07-113X,4.0,2,2
2026,W001,07-114E,4.0,4,2
2026,W001,07-115A,4.0,3,1
2026,W001,07-115E,4.0,4,1
2026,W001,07-118E,4.0,3,2
2026,W001,07-118G,4.0,2,1
2026,W001,07-120Y,4.0,2,2
2026,W001,07-123A,4.0,2,1
2026,W001,07-124E,4.0,4,2
2026,W001,07-125I,4.0,1,1
2026,W001,07-126C,4.0,1,1
2026,W001,07-131Y,4.0,3,1
2026,W001,07-131Z,4.0,3,1
2026,W001,07-132E,4.0,2,1
2026,W001,07-133X,4.0,2,1
2026,W001,07-133Y,4.0,3,1
2026,W001,07-135A,4.0,3,2
2026,W001,07-135D,4.0,3,2
2026,W001,07-136Z,4.0,2,1
2026,W001,07-141B,4.0,1,1
2026,W001,07-141F,4.0,4,1
2026,W001,07-141W,4.0,3,1
2026,W001,07-142Y,4.0,3,2
2026,W001,07-143F,4.0,4,2
2026,W001,07-144E,4.0,1,1
2026,W001,07-144H,4.0,3,1
2026,W001,07-145B,4.0,2,1
2026,W001,07-145Y,4.0,2,1
2026,W001,07-147X,4.0,3,1
2026,W001,07-148F,4.0,2,1
2026,W001,07-149F,4.0,2,1
2026,W001,07-150F,4.0,3,1
2026,W001,07-150H,4.0,2,1
2026,W001,07-151F,4.0,3,1
2026,W001,07-151W,4.0,3,1
2026,W001,07-152C,4.0,3,1
2026,W001,07-152I,4.0,3,1
2026,W001,07-152V,4.0,4,1
2026,W001,07-153F,4.0,3,1
2026,W001,07-153Z,4.0,3,1
2026,invalid,34-001X,4.0,4,1
2026,W001,07-005Y,3.0,2,1
2026,W001,07-018Z,3.0,2,1
2026,W001,07-021Z,3.0,2,1
2026,W001,07-022H,3.0,2,1
2026,W001,07-023Y,3.0,1,1
2026,W001,07-024H,3.0,2,1
2026,W001,07-026W,3.0,3,1
2026,W001,07-028Z,3.0,2,1
2026,W001,07-030A,3.0,2,1
2026,W001,07-031Z,3.0,3,2
2026,W001,07-033A,3.0,2,1
2026,W001,07-033W,3.0,1,1
2026,W001,07-034H,3.0,1,1
2026,W001,07-034W,3.0,3,1
2026,W001,07-037F,3.0,3,1
2026,W001,07-038W,3.0,2,1
2026,W001,07-040Y,3.0,2,1
2026,W001,07-041D,3.0,3,1
2026,W001,07-043C,3.0,1,1
2026,W001,07-045Y,3.0,3,1
2026,W001,07-047W,3.0,1,1
2026,W001,07-049B,3.0,1,1
2026,W001,07-049D,3.0,2,1
2026,W001,07-052A,3.0,3,1
2026,W001,07-053D,3.0,2,1
2026,W001,07-054B,3.0,1,1
2026,W001,07-054W,3.0,2,1
2026,W001,07-058F,3.0,3,1
2026,W001,07-058W,3.0,3,1
2026,W001,07-059Z,3.0,3,2
2026,W001,07-060A,3.0,2,1
2026,W001,07-062D,3.0,3,1
2026,W001,07-063G,3.0,3,1
2026,W001,07-064G,3.0,3,1
2026,W001,07-064I,3.0,2,1
2026,W001,07-064W,3.0,3,1
2026,W001,07-065W,3.0,2,1
2026,W001,07-065Y,3.0,2,1
2026,W001,07-066G,3.0,1,1
2026,W001,07-067E,3.0,3,1
2026,W001,07-067X,3.0,2,1
2026,W001,07-068B,3.0,1,1
2026,W001,07-068H,3.0,2,1
2026,W001,07-069H,3.0,2,1
2026,W001,07-070G,3.0,2,1
2026,W001,07-070X,3.0,2,1
2026,W001,07-075E,3.0,3,1
2026,W001,07-079B,3.0,3,1
2026,W001,07-080F,3.0,2,2
2026,W001,07-083D,3.0,2,1
2026,W001,07-084A,3.0,2,1
2026,W001,07-084C,3.0,3,1
2026,W001,07-086D,3.0,3,1
2026,W001,07-087B,3.0,3,2
2026,W001,07-088I,3.0,3,1
2026,W001,07-090F,3.0,1,1
2026,W001,07-091W,3.0,3,1
2026,W001,07-092E,3.0,2,1
2026,W001,07-096W,3.0,3,1
2026,W001,07-096Y,3.0,3,1
2026,W001,07-097E,3.0,2,1
2026,W001,07-097Z,3.0,3,1
2026,W001,07-099A,3.0,1,1
2026,W001,07-099B,3.0,1,1
2026,W001,07-099C,3.0,2,1
2026,W001,07-100G,3.0,3,1
2026,W001,07-102I,3.0,2,1
2026,W001,07-102Z,3.0,3,1
2026,W001,07-103E,3.0,2,1
2026,W001,07-104C,3.0,2,2
2026,W001,07-104X,3.0,2,1
2026,W001,07-106B,3.0,3,1
2026,W001,07-112G,3.0,1,1
2026,W001,07-113Y,3.0,2,1
2026,W001,07-114W,3.0,1,1
2026,W001,07-118A,3.0,3,1
2026,W001,07-119A,3.0,3,1
2026,W001,07-119Y,3.0,2,2
2026,W001,07-120G,3.0,3,1
2026,W001,07-121C,3.0,2,1
2026,W001,07-122Z,3.0,1,1
2026,W001,07-126H,3.0,2,2
2026,W001,07-126W,3.0,3,1
2026,W001,07-127I,3.0,2,1
2026,W001,07-128D,3.0,1,1
2026,W001,07-128Z,3.0,3,1
2026,W001,07-129H,3.0,3,1
2026,W001,07-130C,3.0,2,1
2026,W001,07-130H,3.0,3,1
2026,W001,07-130Y,3.0,2,1
2026,W001,07-131B,3.0,2,1
2026,W001,07-133D,3.0,2,1
2026,W001,07-133W,3.0,2,2
2026,W001,07-133Z,3.0,2,2
2026,W001,07-134D,3.0,3,2
2026,W001,07-136X,3.0,3,1
2026,W001,07-137F,3.0,2,1
2026,W001,07-137Y,3.0,1,1
2026,W001,07-137Z,3.0,3,1
2026,W001,07-138W,3.0,3,1
2026,W001,07-138X,3.0,3,1
2026,W001,07-139W,3.0,1,1
2026,W001,07-141A,3.0,3,1
2026,W001,07-141D,3.0,3,1
2026,W001,07-142W,3.0,3,1
2026,W001,07-142X,3.0,2,2
2026,W001,07-143X,3.0,2,1
2026,W001,07-144X,3.0,1,1
2026,W001,07-145C,3.0,2,1
2026,W001,07-148A,3.0,2,1
2026,W001,07-149H,3.0,3,1
2026,W001,07-149Y,3.0,2,1
2026,W001,07-150A,3.0,2,1
2026,W001,07-150D,3.0,2,1
2026,W001,07-004Z,2.0,2,1
2026,W001,07-009Z,2.0,1,1
2026,W001,07-010Y,2.0,1,1
2026,W001,07-011Z,2.0,1,1
2026,W001,07-012X,2.0,1,1
2026,W001,07-015X,2.0,1,1
2026,W001,07-019Y,2.0,1,1
2026,W001,07-021B,2.0,2,1
2026,W001,07-022Y,2.0,2,1
2026,W001,07-025B,2.0,1,1
2026,W001,07-025F,2.0,1,1
2026,W001,07-025Z,2.0,2,1
2026,W001,07-026A,2.0,2,1
2026,W001,07-027B,2.0,2,1
2026,W001,07-027D,2.0,2,1
2026,W001,07-029I,2.0,2,1
2026,W001,07-030E,2.0,1,1
2026,W001,07-031C,2.0,2,1
2026,W001,07-031D,2.0,2,1
2026,W001,07-031G,2.0,1,1
2026,W001,07-031Y,2.0,2,1
2026,W001,07-034C,2.0,2,1
2026,W001,07-035Y,2.0,2,2
2026,W001,07-036A,2.0,2,1
2026,W001,07-039A,2.0,2,1
2026,W001,07-039Z,2.0,2,1
2026,W001,07-041G,2.0,2,1
2026,W001,07-042H,2.0,2,1
2026,W001,07-043W,2.0,2,1
2026,W001,07-045I,2.0,2,1
2026,W001,07-045W,2.0,1,1
2026,W001,07-046X,2.0,2,1
2026,W001,07-047C,2.0,1,1
2026,W001,07-048G,2.0,1,1
2026,W001,07-049A,2.0,2,1
2026,W001,07-053C,2.0,2,1
2026,W001,07-053I,2.0,1,1
2026,W001,07-054C,2.0,1,1
2026,W001,07-054X,2.0,1,1
2026,W001,07-055Z,2.0,1,1
2026,W001,07-056F,2.0,2,1
2026,W001,07-056Z,2.0,1,1
2026,W001,07-057C,2.0,1,1
2026,W001,07-057W,2.0,1,1
2026,W001,07-059F,2.0,2,1
2026,W001,07-060X,2.0,2,1
2026,W001,07-061Y,2.0,2,1
2026,W001,07-062B,2.0,1,1
2026,W001,07-064F,2.0,2,1
2026,W001,07-065H,2.0,2,1
2026,W001,07-068E,2.0,2,1
2026,W001,07-069A,2.0,1,1
2026,W001,07-069I,2.0,1,1
2026,W001,07-069Z,2.0,2,1
2026,W001,07-070F,2.0,2,1
2026,W001,07-071W,2.0,2,1
2026,W001,07-072G,2.0,1,1
2026,W001,07-072I,2.0,2,1
2026,W001,07-073G,2.0,1,1
2026,W001,07-079E,2.0,2,1
2026,W001,07-079I,2.0,1,1
2026,W001,07-080I,2.0,1,1
2026,W001,07-081I,2.0,1,1
2026,W001,07-082I,2.0,1,1
2026,W001,07-083C,2.0,2,1
2026,W001,07-083E,2.0,2,1
2026,W001,07-084B,2.0,2,1
2026,W001,07-086B,2.0,2,2
2026,W001,07-086H,2.0,2,1
2026,W001,07-086I,2.0,2,1
2026,W001,07-087E,2.0,1,1
2026,W001,07-089E,2.0,2,1
2026,W001,07-090I,2.0,2,1
2026,W001,07-090Z,2.0,1,1
2026,W001,07-092G,2.0,1,1
2026,W001,07-092I,2.0,2,1
2026,W001,07-093B,2.0,2,1
2026,W001,07-094E,2.0,1,1
2026,W001,07-095E,2.0,2,1
2026,W001,07-098X,2.0,2,1
2026,W001,07-099I,2.0,2,1
2026,W001,07-100F,2.0,2,1
2026,W001,07-101W,2.0,2,1
2026,W001,07-104D,2.0,2,2
2026,W001,07-104F,2.0,2,1
2026,W001,07-106A,2.0,2,1
2026,W001,07-107C,2.0,2,1
2026,W001,07-110D,2.0,2,1
2026,W001,07-110E,2.0,2,1
2026,W001,07-110Y,2.0,1,1
2026,W001,07-112A,2.0,2,1
2026,W001,07-112E,2.0,2,1
2026,W001,07-112I,2.0,2,1
2026,W001,07-113E,2.0,2,1
2026,W001,07-114G,2.0,2,1
2026,W001,07-117D,2.0,2,1
2026,W001,07-117E,2.0,1,1
2026,W001,07-119E,2.0,2,1
2026,W001,07-119H,2.0,1,1
2026,W001,07-120B,2.0,2,1
2026,W001,07-120F,2.0,2,1
2026,W001,07-120H,2.0,2,1
2026,W001,07-121X,2.0,2,1
2026,W001,07-122E,2.0,2,1
2026,W001,07-122W,2.0,1,1
2026,W001,07-123Z,2.0,1,1
2026,W001,07-124G,2.0,2,1
2026,W001,07-124I,2.0,2,1
2026,W001,07-125G,2.0,2,1
2026,W001,07-125Y,2.0,1,1
2026,W001,07-126Y,2.0,2,1
2026,W001,07-127W,2.0,2,1
2026,W001,07-127Z,2.0,2,1
2026,W001,07-128A,2.0,2,1
2026,W001,07-128G,2.0,1,1
2026,W001,07-128W,2.0,2,1
2026,W001,07-128X,2.0,1,1
2026,W001,07-132I,2.0,1,1
2026,W001,07-133H,2.0,1,1
2026,W001,07-133I,2.0,2,1
2026,W001,07-136I,2.0,2,1
2026,W001,07-139Y,2.0,2,1
2026,W001,07-140F,2.0,1,1
2026,W001,07-140H,2.0,1,1
2026,W001,07-141H,2.0,2,1
2026,W001,07-142Z,2.0,2,1
2026,W001,07-143H,2.0,2,1
2026,W001,07-143I,2.0,2,1
2026,W001,07-144C,2.0,2,1
2026,W001,07-144Y,2.0,2,1
2026,W001,07-145X,2.0,2,1
2026,W001,07-146C,2.0,1,1
2026,W001,07-146G,2.0,1,1
2026,W001,07-146Z,2.0,2,1
2026,W001,07-147W,2.0,2,1
2026,W001,07-148W,2.0,2,1
2026,W001,07-149B,2.0,2,1
2026,W001,07-149X,2.0,2,1
2026,W001,07-152D,2.0,2,1
2026,W001,07-152E,2.0,1,1
2026,W001,07-152X,2.0,2,1
2026,W001,07-153E,2.0,2,1
2026,W001,07-153V,2.0,2,1
2026,W001,07-153W,2.0,2,1
2026,W001,07-154H,2.0,1,1
2026,invalid,34-002Z,2.0,2,1
2026,invalid,34-026Y,2.0,2,1
2026,W001,07-004W,1.0,1,1
2026,W001,07-005W,1.0,1,1
2026,W001,07-006X,1.0,1,1
2026,W001,07-006Z,1.0,1,1
2026,W001,07-007W,1.0,1,1
2026,W001,07-007Z,1.0,1,1
2026,W001,07-012W,1.0,1,1
2026,W001,07-012Y,1.0,1,1
2026,W001,07-012Z,1.0,1,1
2026,W001,07-013X,1.0,1,1
2026,W001,07-013Y,1.0,1,1
2026,W001,07-013Z,1.0,1,1
2026,W001,07-014X,1.0,1,1
2026,W001,07-015W,1.0,1,1
2026,W001,07-016Y,1.0,1,1
2026,W001,07-017W,1.0,1,1
2026,W001,07-017Y,1.0,1,1
2026,W001,07-018Y,1.0,1,1
2026,W001,07-019W,1.0,1,1
2026,W001,07-019X,1.0,1,1
2026,W001,07-019Z,1.0,1,1
2026,W001,07-020W,1.0,1,1
2026,W001,07-020Z,1.0,1,1
2026,W001,07-021W,1.0,1,1
2026,W001,07-021Y,1.0,1,1
2026,W001,07-022Z,1.0,1,1
2026,W001,07-023D,1.0,1,1
2026,W001,07-023H,1.0,1,1
2026,W001,07-023Z,1.0,1,1
2026,W001,07-024B,1.0,1,1
2026,W001,07-024F,1.0,1,1
2026,W001,07-025A,1.0,1,1
2026,W001,07-025E,1.0,1,1
2026,W001,07-025G,1.0,1,1
2026,W001,07-025W,1.0,1,1
2026,W001,07-026B,1.0,1,1
2026,W001,07-027E,1.0,1,1
2026,W001,07-028B,1.0,1,1
2026,W001,07-029X,1.0,1,1
2026,W001,07-030H,1.0,1,1
2026,W001,07-030X,1.0,1,1
2026,W001,07-031B,1.0,1,1
2026,W001,07-032A,1.0,1,1
2026,W001,07-032D,1.0,1,1
2026,W001,07-033C,1.0,1,1
2026,W001,07-033Y,1.0,1,1
2026,W001,07-033Z,1.0,1,1
2026,W001,07-034B,1.0,1,1
2026,W001,07-034E,1.0,1,1
2026,W001,07-034F,1.0,1,1
2026,W001,07-035B,1.0,1,1
2026,W001,07-035W,1.0,1,1
2026,W001,07-035X,1.0,1,1
2026,W001,07-036B,1.0,1,1
2026,W001,07-036W,1.0,1,1
2026,W001,07-036Z,1.0,1,1
2026,W001,07-037X,1.0,1,1
2026,W001,07-038B,1.0,1,1
2026,W001,07-038X,1.0,1,1
2026,W001,07-039B,1.0,1,1
2026,W001,07-041B,1.0,1,1
2026,W001,07-042C,1.0,1,1
2026,W001,07-042X,1.0,1,1
2026,W001,07-043G,1.0,1,1
2026,W001,07-043X,1.0,1,1
2026,W001,07-045B,1.0,1,1
2026,W001,07-047A,1.0,1,1
2026,W001,07-047X,1.0,1,1
2026,W001,07-048B,1.0,1,1
2026,W001,07-050E,1.0,1,1
2026,W001,07-051B,1.0,1,1
2026,W001,07-051F,1.0,1,1
2026,W001,07-052B,1.0,1,1
2026,W001,07-053B,1.0,1,1
2026,W001,07-053Z,1.0,1,1
2026,W001,07-054F,1.0,1,1
2026,W001,07-059D,1.0,1,1
2026,W001,07-059E,1.0,1,1
2026,W001,07-059X,1.0,1,1
2026,W001,07-060B,1.0,1,1
2026,W001,07-060C,1.0,1,1
2026,W001,07-061B,1.0,1,1
2026,W001,07-061C,1.0,1,1
2026,W001,07-062X,1.0,1,1
2026,W001,07-064X,1.0,1,1
2026,W001,07-065E,1.0,1,1
2026,W001,07-065F,1.0,1,1
2026,W001,07-065X,1.0,1,1
2026,W001,07-066B,1.0,1,1
2026,W001,07-066H,1.0,1,1
2026,W001,07-066I,1.0,1,1
2026,W001,07-066X,1.0,1,1
2026,W001,07-066Y,1.0,1,1
2026,W001,07-067F,1.0,1,1
2026,W001,07-067H,1.0,1,1
2026,W001,07-067I,1.0,1,1
2026,W001,07-068D,1.0,1,1
2026,W001,07-071G,1.0,1,1
2026,W001,07-073C,1.0,1,1
2026,W001,07-075B,1.0,1,1
2026,W001,07-075H,1.0,1,1
2026,W001,07-075Y,1.0,1,1
2026,W001,07-076C,1.0,1,1
2026,W001,07-076D,1.0,1,1
2026,W001,07-076Y,1.0,1,1
2026,W001,07-078W,1.0,1,1
2026,W001,07-079A,1.0,1,1
2026,W001,07-079C,1.0,1,1
2026,W001,07-080D,1.0,1,1
2026,W001,07-080G,1.0,1,1
2026,W001,07-080H,1.0,1,1
2026,W001,07-080Z,1.0,1,1
2026,W001,07-081E,1.0,1,1
2026,W001,07-081G,1.0,1,1
2026,W001,07-083G,1.0,1,1
2026,W001,07-084D,1.0,1,1
2026,W001,07-084E,1.0,1,1
2026,W001,07-084X,1.0,1,1
2026,W001,07-085E,1.0,1,1
2026,W001,07-085G,1.0,1,1
2026,W001,07-085I,1.0,1,1
2026,W001,07-086G,1.0,1,1
2026,W001,07-087F,1.0,1,1
2026,W001,07-087I,1.0,1,1
2026,W001,07-087X,1.0,1,1
2026,W001,07-088G,1.0,1,1
2026,W001,07-091I,1.0,1,1
2026,W001,07-092H,1.0,1,1
2026,W001,07-092W,1.0,1,1
2026,W001,07-093H,1.0,1,1
2026,W001,07-094C,1.0,1,1
2026,W001,07-094G,1.0,1,1
2026,W001,07-094Z,1.0,1,1
2026,W001,07-095G,1.0,1,1
2026,W001,07-095W,1.0,1,1
2026,W001,07-096A,1.0,1,1
2026,W001,07-096G,1.0,1,1
2026,W001,07-097I,1.0,1,1
2026,W001,07-097W,1.0,1,1
2026,W001,07-097Y,1.0,1,1
2026,W001,07-098G,1.0,1,1
2026,W001,07-098I,1.0,1,1
2026,W001,07-098W,1.0,1,1
2026,W001,07-098Z,1.0,1,1
2026,W001,07-099D,1.0,1,1
2026,W001,07-099Z,1.0,1,1
2026,W001,07-100H,1.0,1,1
2026,W001,07-101B,1.0,1,1
2026,W001,07-101X,1.0,1,1
2026,W001,07-102C,1.0,1,1
2026,W001,07-103A,1.0,1,1
2026,W001,07-103C,1.0,1,1
2026,W001,07-103X,1.0,1,1
2026,W001,07-103Y,1.0,1,1
2026,W001,07-104A,1.0,1,1
2026,W001,07-105F,1.0,1,1
2026,W001,07-106Z,1.0,1,1
2026,W001,07-107B,1.0,1,1
2026,W001,07-107D,1.0,1,1
2026,W001,07-107F,1.0,1,1
2026,W001,07-107G,1.0,1,1
2026,W001,07-108X,1.0,1,1
2026,W001,07-108Z,1.0,1,1
2026,W001,07-109W,1.0,1,1
2026,W001,07-109Y,1.0,1,1
2026,W001,07-110B,1.0,1,1
2026,W001,07-111H,1.0,1,1
2026,W001,07-111I,1.0,1,1
2026,W001,07-111X,1.0,1,1
2026,W001,07-113B,1.0,1,1
2026,W001,07-113F,1.0,1,1
2026,W001,07-113H,1.0,1,1
2026,W001,07-114A,1.0,1,1
2026,W001,07-114B,1.0,1,1
2026,W001,07-114H,1.0,1,1
2026,W001,07-115B,1.0,1,1
2026,W001,07-115D,1.0,1,1
2026,W001,07-115X,1.0,1,1
2026,W001,07-116H,1.0,1,1
2026,W001,07-118F,1.0,1,1
2026,W001,07-118Y,1.0,1,1
2026,W001,07-118Z,1.0,1,1
2026,W001,07-120E,1.0,1,1
2026,W001,07-120I,1.0,1,1
2026,W001,07-121B,1.0,1,1
2026,W001,07-121Z,1.0,1,1
2026,W001,07-123B,1.0,1,1
2026,W001,07-123F,1.0,1,1
2026,W001,07-123X,1.0,1,1
2026,W001,07-124X,1.0,1,1
2026,W001,07-125F,1.0,1,1
2026,W001,07-129E,1.0,1,1
2026,W001,07-129W,1.0,1,1
2026,W001,07-129Z,1.0,1,1
2026,W001,07-130A,1.0,1,1
2026,W001,07-130G,1.0,1,1
2026,W001,07-130W,1.0,1,1
2026,W001,07-131E,1.0,1,1
2026,W001,07-131F,1.0,1,1
2026,W001,07-131G,1.0,1,1
2026,W001,07-132C,1.0,1,1
2026,W001,07-134F,1.0,1,1
2026,W001,07-135F,1.0,1,1
2026,W001,07-135X,1.0,1,1
2026,W001,07-135Y,1.0,1,1
2026,W001,07-136H,1.0,1,1
2026,W001,07-137H,1.0,1,1
2026,W001,07-137I,1.0,1,1
2026,W001,07-138C,1.0,1,1
2026,W001,07-138D,1.0,1,1
2026,W001,07-139G,1.0,1,1
2026,W001,07-140E,1.0,1,1
2026,W001,07-141C,1.0,1,1
2026,W001,07-141X,1.0,1,1
2026,W001,07-141Y,1.0,1,1
2026,W001,07-143W,1.0,1,1
2026,W001,07-144A,1.0,1,1
2026,W001,07-144F,1.0,1,1
2026,W001,07-145E,1.0,1,1
2026,W001,07-146E,1.0,1,1
2026,W001,07-147Z,1.0,1,1
2026,W001,07-148C,1.0,1,1
2026,W001,07-148E,1.0,1,1
2026,W001,07-148I,1.0,1,1
2026,W001,07-148Z,1.0,1,1
2026,W001,07-149D,1.0,1,1
2026,W001,07-149E,1.0,1,1
2026,W001,07-149Z,1.0,1,1
2026,W001,07-150C,1.0,1,1
2026,W001,07-150G,1.0,1,1
2026,W001,07-150Y,1.0,1,1
2026,W001,07-151E,1.0,1,1
2026,W001,07-151H,1.0,1,1
2026,W001,07-152B,1.0,1,1
2026,W001,07-152W,1.0,1,1
2026,W001,07-153C,1.0,1,1
2026,W001,07-153G,1.0,1,1
2026,W001,07-153I,1.0,1,1
2026,W001,07-154G,1.0,1,1
2026,W001,07-154V,1.0,1,1
2026,W001,07-154Z,1.0,1,1
