LocProfileId,SKU,PickUnits,PickLines,DistinctLocations,FirstPickDate,LastPickDate
invalid,60325-FU8-M,3994.0,3627,1,2022-09-30,2023-12-26
invalid,60310-FX9-L,2782.0,2522,1,2022-10-08,2023-11-01
invalid,59852-VK6-120,2577.0,2474,3,2022-06-27,2023-01-25
invalid,60325-FU8-S,2063.0,1926,1,2022-09-30,2023-10-26
invalid,80039-QX6-L,1983.0,1672,5,2023-11-16,2023-12-19
invalid,62618-RA9-130,1569.0,1457,1,2022-11-10,2024-01-06
invalid,67377-A91-130,1552.0,1144,2,2022-01-16,2023-05-31
invalid,67222-FX9-S/M,1536.0,1406,4,2022-02-10,2026-01-07
invalid,67222-FX9-L/XL,1489.0,1344,4,2023-11-29,2026-01-07
invalid,52312-001-L,1165.0,929,1,2022-01-03,2022-07-27
invalid,67101-FX9-M,1160.0,1102,2,2022-01-15,2025-12-28
invalid,45346-VX9-100,1128.0,1086,3,2022-01-19,2023-01-03
invalid,67377-A91-140,1087.0,809,2,2022-01-16,2023-05-21
invalid,45346-VX9-130,1065.0,1013,2,2022-01-12,2022-05-31
invalid,45346-A91-130,1059.0,907,4,2022-02-15,2022-07-28
invalid,67501-015-90,1034.0,984,1,2022-10-12,2023-09-30
invalid,80039-TN7-XL,1022.0,906,1,2022-10-30,2023-01-29
invalid,50942-GK3-M,965.0,927,1,2022-01-15,2022-06-29
invalid,62027-VU7-70,964.0,948,3,2022-01-30,2023-05-31
invalid,47681-NZ5-120,934.0,858,2,2022-01-02,2022-03-10
invalid,67377-015-90,920.0,845,4,2022-01-16,2022-12-08
invalid,58663-HC7-L,916.0,810,2,2022-03-23,2022-07-27
invalid,48964-EF4-S,904.0,869,3,2022-09-09,2022-12-29
invalid,65642-VS7-120,890.0,877,1,2022-04-06,2022-05-30
invalid,82816-2RR-120,889.0,847,3,2024-09-20,2025-08-12
invalid,33175-16N-130,882.0,848,1,2022-10-18,2022-12-14
invalid,58665-WQ8-S,865.0,829,1,2022-03-09,2022-07-27
invalid,62618-RA9-110,857.0,814,3,2022-01-02,2023-08-13
invalid,58661-WQ8-L,850.0,814,1,2022-04-19,2022-07-27
invalid,65196-XE3-OS,819.0,790,1,2022-07-16,2022-11-09
invalid,80938-XH5-OS,814.0,758,1,2023-07-28,2024-07-31
W001,67867-WV1-120,810.0,792,5,2022-04-29,2022-06-27
invalid,46153-GK3-120,795.0,693,2,2022-01-02,2022-07-26
invalid,62618-RA9-100,787.0,744,1,2022-11-10,2023-01-14
invalid,43197-VX9-120,780.0,742,1,2022-03-05,2022-07-25
invalid,60612-XA3-90,776.0,765,1,2022-05-02,2022-07-23
invalid,62027-RY2-80,775.0,762,1,2022-01-14,2022-05-27
invalid,52408-Q84-110,770.0,724,2,2022-01-29,2022-05-16
invalid,62027-VU7-75,756.0,744,1,2022-03-11,2022-06-24
W001,67848-VX9-110,736.0,726,5,2022-04-25,2022-07-07
invalid,51911-J81-100,735.0,723,3,2022-01-02,2022-07-10
invalid,65197-XH9-OS,731.0,681,2,2022-07-14,2022-11-09
invalid,59852-VJ5-100,731.0,724,3,2022-01-02,2022-04-14
invalid,65196-XH9-OS,728.0,678,1,2022-07-12,2022-11-11
invalid,67377-VX9-110,728.0,703,4,2022-09-13,2023-06-04
invalid,66069-TL8-110,718.0,696,1,2022-06-28,2022-07-17
invalid,65196-XH5-OS,715.0,689,1,2022-07-12,2022-08-19
invalid,65197-XE3-OS,711.0,674,2,2022-07-17,2022-10-29
invalid,82816-2RR-110,709.0,690,3,2024-09-21,2025-10-08
invalid,67360-WM7-120,699.0,680,1,2022-02-27,2022-05-29
invalid,43205-011-120,695.0,616,3,2022-03-16,2022-07-26
invalid,65196-XC8-OS,688.0,661,1,2022-07-15,2022-10-28
invalid,65197-XH5-OS,686.0,665,1,2022-07-12,2022-10-07
W001,67419-UU6-110,683.0,665,1,2022-05-18,2022-07-22
invalid,67444-B42-70,681.0,665,1,2022-01-16,2022-07-20
W001,67419-A71-120,677.0,666,1,2022-05-18,2022-07-26
invalid,58662-WR3-M,660.0,637,1,2022-03-28,2022-06-02
invalid,65775-011-XXS,656.0,635,2,2022-01-02,2022-07-25
invalid,65576-WM6-60,649.0,635,1,2022-02-02,2022-06-01
invalid,47078-QN4-S,648.0,632,2,2022-03-09,2022-07-25
invalid,67377-A91-120,647.0,512,3,2022-10-24,2023-05-31
invalid,67539-NV2-L,633.0,584,2,2022-01-18,2022-07-18
invalid,59852-VK4-100,626.0,612,3,2022-01-09,2022-07-13
invalid,66994-75Z-XS,624.0,580,1,2022-09-19,2024-01-04
invalid,58662-WR4-S,624.0,602,3,2022-05-18,2022-07-29
invalid,60612-XA3-110,619.0,612,2,2022-05-22,2022-07-17
W001,67878-VU6-120,611.0,592,2,2022-06-13,2022-07-14
invalid,47681-NZ5-90,610.0,581,2,2022-01-02,2022-02-22
invalid,67472-EF5-100,608.0,603,1,2022-03-02,2022-07-26
invalid,47684-WM8-100,608.0,600,1,2022-03-08,2022-06-01
invalid,33081-TT2-60,607.0,589,1,2022-01-02,2022-06-03
invalid,67557-001-75,605.0,588,3,2022-01-17,2022-07-19
invalid,54636-1DT-L,591.0,530,1,2024-01-11,2024-08-08
invalid,67128-QR7-90,582.0,569,2,2022-01-05,2022-03-28
invalid,47684-WF7-100,578.0,566,2,2022-03-09,2022-07-01
invalid,54636-RR5-M,568.0,521,3,2023-01-24,2023-07-14
invalid,80935-602-OS,568.0,542,2,2023-09-06,2024-08-08
W001,67867-WU4-120,567.0,558,5,2022-05-09,2022-07-01
invalid,67238-011-85,562.0,547,2,2022-02-22,2022-07-31
invalid,58660-WQ8-S,561.0,538,2,2022-06-04,2022-07-04
invalid,67397-WL0-130,560.0,553,3,2022-01-05,2022-07-05
invalid,67395-WH8-120,553.0,541,2,2022-01-14,2022-07-25
invalid,67862-WY2-110,552.0,545,3,2022-05-19,2022-07-01
W001,67867-WW6-100,548.0,535,3,2022-04-29,2022-07-01
invalid,47684-WM8-110,548.0,529,1,2022-03-21,2022-05-30
invalid,67559-QN4-120,545.0,532,3,2022-01-03,2022-06-04
invalid,67871-V98-110,544.0,529,3,2022-04-29,2022-07-31
invalid,45346-015-140,544.0,465,1,2022-01-21,2022-07-27
invalid,62027-SK5-80,539.0,533,3,2022-03-14,2022-07-05
invalid,67557-PB4-85,536.0,532,2,2022-01-23,2022-07-09
invalid,65797-UT9-OS,531.0,467,2,2022-01-03,2022-01-28
invalid,67865-WU6-120,531.0,524,1,2022-04-29,2022-06-28
invalid,67377-VX9-90,530.0,520,3,2022-10-31,2023-05-28
invalid,67238-B42-70,525.0,515,2,2022-03-04,2022-07-15
W001,60610-TW3-90,521.0,504,1,2022-01-02,2022-02-05
invalid,62618-RA9-140,521.0,487,1,2022-11-09,2023-08-05
invalid,67848-VX9-100,516.0,512,1,2022-04-29,2022-06-26
invalid,47684-VQ6-120,516.0,488,2,2022-02-03,2022-05-04
invalid,67602-WS9-130,512.0,490,1,2022-06-21,2022-08-01
invalid,45360-48Q-130,511.0,501,3,2022-02-01,2022-07-17
invalid,67361-VU6-120,505.0,499,1,2022-03-29,2022-05-28
invalid,58660-NL3-L,504.0,480,2,2022-01-05,2022-04-28
W001,67871-VZ1-120,502.0,495,8,2022-05-01,2022-07-25
W001,61956-XA4-120,500.0,456,2,2022-05-26,2022-06-25
invalid,62027-TX8-70,500.0,497,2,2022-03-08,2022-05-01
invalid,60325-FU8-XXL,498.0,476,3,2022-01-22,2024-01-02
invalid,60611-VS5-140,496.0,481,2,2022-06-05,2022-07-15
invalid,54636-RR5-S,494.0,467,1,2023-02-08,2023-10-07
W001,67773-WU4-75,491.0,485,2,2022-05-19,2022-07-22
invalid,47681-VP5-130,490.0,481,1,2022-02-07,2022-05-11
invalid,66932-GK3-85,489.0,455,1,2022-02-12,2022-07-19
invalid,50942-B42-XS,489.0,482,1,2022-02-15,2022-07-12
invalid,67419-GK3-100,486.0,484,1,2022-03-02,2022-06-23
invalid,58665-WQ8-XS,486.0,446,1,2022-06-02,2022-07-17
W001,67773-WU4-80,486.0,478,1,2022-05-22,2022-07-09
W001,54899-VQ2-S,474.0,461,5,2022-01-11,2022-04-25
invalid,80939-XH5-OS,471.0,453,1,2023-08-11,2024-07-18
invalid,67419-990-130,470.0,460,1,2022-01-17,2022-04-07
invalid,82816-2RR-100,470.0,450,2,2024-10-19,2025-09-28
invalid,61983-WC3-75,465.0,457,1,2022-03-09,2022-06-30
invalid,62319-PG5-110,462.0,449,1,2022-01-02,2022-04-12
invalid,65605-UC3-90,461.0,450,1,2022-02-21,2022-06-06
invalid,65642-VV2-110,460.0,457,1,2022-03-18,2022-05-02
invalid,80966-VN4-OS,457.0,348,1,2023-11-17,2023-12-08
invalid,48080-GG7-100,453.0,431,2,2022-03-03,2023-11-06
invalid,48200-VC6-S,445.0,432,5,2022-01-29,2022-11-27
W001,67711-SR4-70,445.0,439,2,2022-05-10,2022-07-03
invalid,82816-2RS-110,441.0,413,3,2024-09-25,2025-05-09
invalid,67539-VZ1-L,441.0,419,1,2022-01-24,2022-07-26
invalid,67524-85H-110,434.0,428,2,2022-03-30,2022-07-15
invalid,50942-GK3-S,432.0,423,2,2022-01-15,2023-04-04
invalid,67517-WM4-120,425.0,421,2,2022-01-18,2022-07-27
invalid,67419-VZ3-110,425.0,422,1,2022-01-19,2022-07-13
invalid,67861-WW6-120,423.0,418,1,2022-04-10,2022-07-11
invalid,52408-Q84-120,422.0,403,4,2022-01-02,2022-02-06
W001,51042-78M-85,420.0,402,1,2022-04-06,2022-07-13
W001,51911-015-85,420.0,406,2,2022-01-04,2022-07-21
W001,66689-WV4-70,420.0,417,1,2022-05-27,2022-07-08
invalid,36754-76X-110,419.0,404,4,2022-10-04,2023-01-30
W001,60356-WU4-120,419.0,408,3,2022-06-23,2022-07-25
invalid,43197-VX9-130,418.0,405,2,2022-01-17,2022-07-26
invalid,67490-WM4-100,410.0,402,1,2022-03-02,2022-07-06
invalid,67395-WH8-130,410.0,406,2,2022-01-17,2022-06-13
invalid,60612-VS5-90,408.0,395,1,2022-01-13,2022-07-28
invalid,51911-015-100,408.0,388,4,2022-01-02,2022-07-11
invalid,68125-757-90,405.0,399,4,2023-11-27,2024-01-30
invalid,67361-PH7-110,404.0,399,2,2022-05-31,2022-07-14
invalid,62129-UK7-150,403.0,387,1,2022-05-05,2022-07-02
invalid,39537-53H-S,402.0,347,3,2022-11-09,2023-01-07
invalid,68119-930-140,402.0,399,2,2023-07-20,2023-12-03
W001,67773-WW3-60,400.0,393,3,2022-06-20,2022-07-19
invalid,67239-B42-90,400.0,384,3,2022-01-06,2022-08-01
invalid,41378-015-100,399.0,380,4,2022-06-20,2023-01-28
invalid,60600-VV4-100,399.0,396,2,2022-04-21,2022-07-12
invalid,65197-XC8-OS,397.0,385,1,2022-07-15,2022-10-17
invalid,82815-2RR-100,394.0,383,1,2024-09-25,2026-01-08
invalid,60604-VU6-S,391.0,378,1,2022-04-30,2022-07-26
invalid,67281-VP4-110,386.0,380,1,2022-01-13,2022-02-06
invalid,62027-RY2-75,386.0,384,3,2022-01-02,2022-02-17
invalid,67563-NV2-120,386.0,379,1,2022-02-18,2022-07-26
W001,67407-VU6-120,384.0,375,1,2022-04-12,2022-08-02
W001,66689-WV4-75,384.0,381,2,2022-05-27,2022-07-29
invalid,67470-AN8-120,384.0,381,2,2022-01-03,2022-06-03
invalid,60600-VV2-90,384.0,381,1,2022-04-01,2022-07-27
invalid,67377-A79-110,382.0,374,3,2022-11-13,2023-01-03
W001,51042-VX9-70,381.0,376,4,2022-04-06,2022-07-22
invalid,59852-VK4-160,379.0,338,3,2022-01-02,2022-03-01
invalid,47761-WM8-120,379.0,363,1,2022-03-16,2022-04-07
W001,50942-VX9-S,379.0,369,2,2022-04-10,2022-07-02
invalid,54054-PT0-S,379.0,373,2,2022-01-16,2022-07-27
invalid,41378-76X-110,379.0,361,4,2022-01-03,2022-12-09
invalid,60611-UW6-110,378.0,373,2,2022-01-02,2022-01-23
invalid,65605-WC3-75,378.0,370,2,2022-03-08,2022-05-18
invalid,67563-NV2-130,378.0,374,1,2022-03-28,2022-07-26
W001,51042-G31-80,378.0,372,3,2022-04-18,2022-07-07
invalid,67333-RR5-100,377.0,369,1,2022-01-10,2022-07-09
invalid,67241-011-70,377.0,375,1,2022-01-12,2022-04-27
invalid,47761-WF7-100,374.0,359,1,2022-03-20,2022-05-29
invalid,83013-2WJ-120,373.0,331,1,2024-12-01,2025-12-06
invalid,67855-SR4-140,372.0,356,1,2022-05-10,2022-07-30
W001,62027-PF2-85,372.0,365,1,2022-03-02,2022-05-04
invalid,67359-WD5-120,372.0,369,2,2022-04-01,2022-05-12
invalid,83066-010-L,371.0,328,1,2025-01-04,2025-12-01
invalid,33081-WQ4-70,371.0,360,2,2022-03-15,2022-06-22
invalid,67489-G31-110,371.0,368,1,2022-01-17,2022-07-08
invalid,67531-J81-130,371.0,346,2,2022-03-10,2022-07-28
W001,54899-VP5-S,370.0,354,6,2022-02-01,2022-06-30
invalid,67453-VU7-75,370.0,367,1,2022-01-11,2022-06-19
invalid,66932-GK3-80,368.0,349,1,2022-02-12,2022-07-12
invalid,80938-XC8-OS,366.0,330,1,2024-04-25,2024-07-18
invalid,67419-489-90,366.0,363,2,2023-04-06,2023-07-14
invalid,59852-VJ7-120,365.0,331,5,2022-01-03,2023-11-27
W001,67773-WU1-75,364.0,359,1,2022-05-19,2022-07-06
invalid,67878-VU6-90,362.0,357,1,2022-05-24,2022-07-16
invalid,67855-GK3-110,362.0,343,2,2022-05-10,2022-07-18
invalid,65018-TL8-110,362.0,353,2,2022-04-11,2022-07-19
W001,67865-PH7-100,362.0,356,1,2022-05-16,2022-07-08
invalid,56613-PF2-120,362.0,339,2,2022-02-21,2022-03-29
invalid,67219-76X-120,360.0,352,1,2022-01-03,2022-01-23
W001,67871-V98-140,360.0,351,1,2022-04-29,2022-07-30
invalid,60612-XA3-120,359.0,350,2,2022-05-30,2022-07-02
W001,67577-PG5-120,358.0,348,1,2022-06-21,2022-07-11
W001,47681-VP5-150,358.0,347,5,2022-02-06,2022-06-19
invalid,50764-011-L,358.0,268,1,2022-04-05,2022-07-23
invalid,82815-2RR-120,358.0,348,3,2024-10-17,2025-07-13
invalid,59852-VK2-120,357.0,333,3,2022-01-02,2022-01-19
W001,65203-75Z-L,357.0,306,9,2022-01-02,2022-03-30
invalid,52309-NL2-XL,356.0,249,3,2022-01-02,2022-04-27
invalid,67436-WQ1-75,356.0,353,1,2022-01-24,2022-06-05
invalid,80678-418-110,356.0,348,3,2023-06-30,2023-07-21
invalid,82816-2RS-100,355.0,339,3,2024-09-24,2025-07-13
invalid,47684-WF7-90,355.0,351,1,2022-03-09,2022-05-28
W001,67867-WU4-130,354.0,350,2,2022-05-09,2022-06-27
invalid,67490-WM4-120,354.0,350,3,2022-05-20,2022-07-27
W001,67878-WX4-120,353.0,348,1,2022-05-19,2022-07-01
invalid,67478-W83-130,353.0,345,1,2022-03-09,2022-07-26
invalid,82815-2RS-110,353.0,338,1,2024-09-28,2025-10-29
invalid,67535-C57-130,353.0,349,2,2022-04-30,2022-07-31
W001,62027-PF2-50,352.0,332,4,2022-03-07,2022-06-24
invalid,48886-NN9-S,350.0,324,1,2023-11-26,2023-12-12
invalid,67376-WM7-110,350.0,347,1,2022-04-06,2022-07-17
invalid,80033-XT8-120,349.0,339,2,2022-12-30,2023-01-10
invalid,67616-WE1-100,348.0,339,1,2022-04-01,2022-07-25
W001,67865-PH7-130,346.0,342,2,2022-05-08,2022-07-08
invalid,58661-WQ8-XL,346.0,326,1,2022-04-07,2022-07-27
W001,67773-WV1-85,346.0,342,1,2022-04-18,2022-07-11
invalid,60784-NZ5-M,345.0,323,1,2022-01-03,2022-04-19
invalid,60784-VP5-XS,345.0,337,1,2022-01-06,2022-10-12
W001,67576-WD9-110,345.0,343,1,2022-04-06,2022-07-06
W001,67379-WU4-120,345.0,337,1,2022-07-07,2022-07-18
W001,67865-WX2-110,344.0,340,6,2022-04-28,2022-07-01
invalid,52408-Q84-130,343.0,323,3,2022-01-02,2022-02-06
invalid,67398-WQ1-90,342.0,338,3,2022-01-11,2022-07-11
W001,67722-WZ1-75,342.0,334,1,2022-05-10,2022-08-02
invalid,43205-GK3-140,340.0,265,1,2022-05-20,2022-07-27
invalid,80939-925-OS,340.0,333,2,2023-07-13,2024-07-18
W001,67472-WZ5-130,339.0,332,1,2022-04-05,2022-07-12
invalid,68004-XH6-110,339.0,335,3,2022-08-26,2022-09-21
invalid,65591-WM4-80,338.0,332,2,2022-02-03,2022-07-15
invalid,66689-WZ1-70,338.0,332,2,2022-05-26,2023-06-25
invalid,50764-UD9-XL,338.0,215,1,2022-05-26,2022-07-27
invalid,59852-VK4-110,337.0,325,1,2022-01-03,2022-01-17
invalid,65576-WC3-80,337.0,333,2,2022-02-01,2022-06-01
invalid,67511-NU7-120,336.0,331,3,2022-03-04,2022-07-28
invalid,80452-943-100,336.0,331,1,2023-11-22,2024-01-10
invalid,42318-75Z-85,335.0,325,2,2023-11-27,2023-12-18
W001,67873-WW6-130,334.0,331,3,2022-05-09,2022-07-11
invalid,59781-M23-90,333.0,328,9,2022-01-03,2023-01-31
W001,51042-SR4-60,333.0,327,1,2022-04-05,2022-06-19
invalid,65788-G44-5,333.0,287,2,2022-10-25,2023-01-19
invalid,58662-WR4-M,332.0,325,1,2022-05-18,2022-07-28
invalid,68125-XT9-85,332.0,326,3,2023-11-09,2024-01-16
W001,67755-WV4-75,331.0,329,2,2022-05-10,2022-07-17
invalid,52621-XW3-7,331.0,311,3,2022-11-12,2023-01-12
W001,67862-WV5-100,331.0,325,2,2022-05-19,2022-07-05
W001,67711-WY2-70,331.0,329,2,2022-05-10,2022-06-30
invalid,62944-NH9-140,331.0,305,1,2022-01-02,2022-02-07
invalid,65066-TS1-70,330.0,316,1,2022-01-03,2022-05-30
invalid,67374-WQ1-130,330.0,327,2,2022-03-07,2022-07-25
invalid,67855-VZ1-120,330.0,326,1,2022-05-10,2022-07-02
invalid,67201-GF2-85,329.0,318,1,2022-01-02,2022-07-18
invalid,67855-V98-110,329.0,325,1,2022-05-11,2022-07-10
invalid,80451-903-110,329.0,327,1,2023-07-20,2023-12-28
invalid,50265-XU1-S,328.0,297,1,2023-11-17,2024-01-07
W001,55493-AS3-S,328.0,312,1,2022-01-03,2022-04-18
invalid,81117-560-120,327.0,325,2,2023-10-11,2024-01-05
W001,66073-KL4-100,326.0,318,1,2022-05-17,2022-07-13
W001,67852-WW6-130,325.0,322,3,2022-05-09,2022-07-05
W001,66708-WW3-90,324.0,318,1,2022-04-06,2022-07-18
W001,67871-VZ1-100,324.0,319,5,2022-05-06,2022-07-23
invalid,67241-B42-85,324.0,316,2,2022-02-20,2022-07-19
invalid,68125-TN9-100,323.0,315,2,2022-12-02,2023-01-26
invalid,67435-WQ1-S,322.0,318,1,2022-01-19,2022-07-26
W001,52622-1BE-M/L,321.0,263,1,2024-11-08,2024-11-30
invalid,51042-SR4-90,321.0,300,2,2022-04-02,2022-06-15
invalid,60612-VW8-100,321.0,318,2,2022-05-30,2022-10-02
invalid,54636-1DT-M,321.0,292,1,2024-02-07,2024-07-10
invalid,67449-WL0-S,320.0,313,1,2022-04-05,2022-08-15
invalid,65591-WM4-75,320.0,316,1,2022-04-01,2022-07-18
invalid,80451-943-110,320.0,316,1,2023-07-23,2024-01-05
invalid,67557-SK3-85,319.0,314,2,2022-01-07,2022-07-26
invalid,67377-011-110,319.0,304,2,2023-04-06,2023-09-07
invalid,67867-WX9-100,318.0,317,1,2022-04-29,2022-05-30
W001,67862-WY2-90,318.0,314,2,2022-05-19,2022-06-30
invalid,80938-925-OS,317.0,313,1,2023-07-11,2023-11-04
invalid,62027-WW6-70,316.0,311,2,2022-05-22,2022-07-11
invalid,67521-VX7-120,316.0,308,1,2022-06-30,2022-07-17
invalid,60363-VU7-100,315.0,313,1,2022-03-20,2022-05-01
invalid,47761-WM7-130,315.0,309,2,2022-03-16,2022-04-13
invalid,67517-VU6-110,315.0,313,2,2022-03-01,2022-07-26
W001,60784-VP5-S,314.0,304,6,2022-02-05,2022-06-30
invalid,67531-NV2-130,312.0,297,1,2022-04-12,2022-07-09
invalid,67873-WU4-130,310.0,305,2,2022-05-10,2022-07-03
invalid,33218-WF3-140,309.0,301,1,2022-03-10,2022-05-05
invalid,67239-SR4-85,309.0,300,1,2022-06-20,2022-07-18
W001,67688-76X-140,308.0,297,1,2022-05-19,2022-07-08
invalid,36754-GK3-100,307.0,287,4,2022-09-06,2023-04-03
invalid,67455-WL0-70,307.0,303,1,2022-05-05,2023-01-06
invalid,80797-PG5-OS,306.0,302,1,2023-07-28,2023-10-31
W001,67706-WX5-60,306.0,304,1,2022-05-19,2022-07-13
W001,67867-WU4-90,305.0,301,2,2022-04-29,2022-07-02
invalid,67522-WN1-130,304.0,294,1,2022-06-01,2022-07-26
W001,67865-WU6-130,303.0,299,2,2022-04-30,2022-06-30
W001,67722-WX5-75,302.0,298,2,2022-05-10,2022-07-15
invalid,67395-WL0-90,302.0,295,2,2022-01-16,2022-07-27
invalid,36754-GK3-110,302.0,285,3,2022-01-20,2023-01-03
invalid,48200-QS4-S,301.0,294,1,2022-09-13,2022-10-05
invalid,67745-WV5-75,301.0,300,1,2022-05-11,2022-07-15
invalid,67377-GF2-90,300.0,289,3,2022-12-08,2023-01-29
invalid,65593-DD4-85,299.0,290,1,2022-01-02,2022-04-03
invalid,80854-XT9-110,299.0,298,3,2024-01-02,2024-01-07
invalid,51058-VZ1-140,298.0,292,1,2022-02-18,2022-07-26
invalid,60356-WV1-130,298.0,297,1,2022-05-22,2022-07-14
invalid,52718-Q84-85,298.0,291,1,2022-01-09,2022-01-19
invalid,67864-G31-130,298.0,296,2,2022-05-09,2022-07-20
invalid,66360-VJ3-120,298.0,293,2,2023-10-19,2023-12-07
W001,67862-WY2-130,297.0,296,2,2022-05-18,2022-07-04
invalid,67395-WL0-130,297.0,290,1,2022-04-10,2022-07-04
invalid,80451-943-100,297.0,295,1,2023-07-26,2024-01-11
W001,52309-WQ9-XL,296.0,189,1,2022-05-22,2022-07-30
invalid,67594-AT2-110,296.0,291,1,2022-04-18,2022-06-16
invalid,43205-SR4-110,296.0,254,1,2023-07-20,2024-02-13
W001,67409-WV1-130,294.0,289,3,2022-04-18,2022-07-25
W001,67577-PG5-110,293.0,289,2,2022-06-20,2022-07-11
invalid,80939-XC8-OS,291.0,264,1,2024-03-24,2024-07-20
invalid,68125-QX6-90,291.0,285,6,2022-09-21,2023-12-06
invalid,66863-UY7-100,291.0,287,1,2022-01-02,2022-01-17
invalid,67296-WB2-120,291.0,280,1,2022-05-08,2022-05-28
invalid,67861-WX2-110,291.0,290,2,2022-04-08,2022-07-15
W001,62027-RY2-50,290.0,285,1,2022-04-29,2022-07-06
W001,67472-WZ6-130,290.0,289,1,2022-04-06,2022-08-02
invalid,67044-DD4-90,290.0,272,2,2023-07-21,2023-12-28
invalid,67162-NN9-120,289.0,275,3,2022-01-02,2022-03-20
W001,67711-SR4-60,288.0,285,3,2022-05-10,2022-07-01
W001,67871-G31-120,288.0,288,8,2022-05-19,2022-07-22
invalid,67404-291-100,288.0,287,1,2023-06-07,2023-08-24
invalid,60604-WB2-M,288.0,276,1,2022-05-18,2022-09-24
invalid,67517-VU6-140,287.0,283,2,2022-01-18,2022-07-25
W001,67873-015-120,286.0,283,4,2022-04-29,2022-07-01
W001,51042-VX9-90,286.0,276,2,2022-04-09,2022-07-25
W001,67711-WV4-70,286.0,286,1,2022-05-10,2022-06-08
invalid,50754-NL1-M,285.0,246,2,2022-03-09,2022-06-18
invalid,80685-450-110,285.0,281,2,2023-04-06,2023-07-15
W001,67751-AV3-75,285.0,282,4,2022-04-06,2022-07-03
W001,67773-WW3-90,285.0,280,1,2022-06-20,2022-07-13
W001,67472-WZ6-110,284.0,280,2,2022-04-04,2022-08-03
invalid,67905-WS9-120,284.0,277,2,2022-06-20,2022-07-28
W001,67871-78M-100,283.0,281,5,2022-05-30,2022-07-26
invalid,81074-560-90,282.0,280,2,2023-11-21,2024-02-29
invalid,67365-VU7-130,282.0,281,1,2022-04-07,2022-05-30
invalid,60826-WM8-70,282.0,279,1,2022-03-08,2022-06-06
W001,62027-RY2-85,281.0,277,3,2022-02-06,2022-05-30
invalid,67855-SR4-100,281.0,272,1,2022-05-12,2022-07-26
invalid,80905-922-110,281.0,278,3,2023-10-17,2023-12-08
W001,67857-WU4-110,281.0,276,1,2022-07-08,2022-07-22
invalid,67387-76X-100,281.0,276,3,2022-09-20,2024-01-10
invalid,68011-XE2-100,280.0,274,1,2022-10-05,2022-11-03
invalid,80455-260-110,280.0,271,2,2023-02-10,2023-07-19
invalid,45346-G44-100,280.0,270,3,2023-06-16,2024-01-05
W001,66708-WW3-110,280.0,270,1,2022-04-07,2022-07-12
invalid,67475-WP0-120,280.0,278,1,2022-01-17,2022-07-11
W001,67737-WV7-70,279.0,276,2,2022-05-22,2022-07-11
invalid,67542-85H-150,279.0,276,2,2022-02-28,2022-07-18
invalid,40666-069-S,279.0,263,5,2022-01-03,2023-01-22
invalid,67759-WV1-70,279.0,278,2,2022-03-29,2022-06-08
W001,67281-VP4-110,279.0,278,2,2022-02-06,2022-05-04
invalid,67296-WB2-100,278.0,272,1,2022-04-27,2022-05-16
invalid,50659-G44-5,278.0,264,2,2022-08-21,2022-11-10
invalid,43205-VX9-130,278.0,260,2,2022-01-11,2022-05-28
invalid,67490-VV2-110,278.0,275,2,2022-04-08,2022-07-11
invalid,67374-AM7-130,276.0,272,3,2022-01-12,2022-05-30
invalid,47761-WF7-140,275.0,261,1,2022-03-18,2022-04-26
invalid,83013-2WJ-110,275.0,254,1,2024-11-04,2025-11-20
invalid,54636-RR5-L,275.0,249,1,2023-02-08,2023-04-17
invalid,43205-GK3-100,274.0,233,1,2022-05-29,2022-07-26
W001,67861-WW6-130,274.0,270,3,2022-04-12,2022-07-07
invalid,67517-WT8-130,274.0,267,2,2022-04-16,2022-07-08
invalid,67711-SR4-80,271.0,266,1,2022-05-10,2022-06-27
W001,67379-WW6-140,271.0,264,1,2022-05-29,2022-07-25
W001,67521-EH3-130,271.0,270,2,2022-04-08,2022-07-07
W001,67737-WZ1-60,270.0,264,2,2022-05-25,2022-07-22
invalid,80451-370-130,270.0,268,1,2023-02-08,2023-06-29
invalid,67855-GK3-130,270.0,254,1,2022-05-11,2022-07-11
W001,50764-QP2-S,270.0,251,2,2022-03-13,2022-08-01
W001,67590-BY8-120,269.0,262,2,2022-05-21,2022-07-17
invalid,51042-G31-90,269.0,261,2,2022-04-15,2022-07-05
invalid,67398-291-110,269.0,266,1,2023-03-27,2023-06-06
invalid,67626-85H-100,267.0,263,2,2022-03-19,2022-07-25
W001,53210-75Z-110,267.0,257,1,2022-01-02,2022-04-07
W001,67461-WL3-10,267.0,242,1,2022-01-06,2022-05-30
invalid,82816-2RR-130,266.0,256,1,2024-09-22,2024-11-26
invalid,67486-001-100,266.0,253,2,2022-04-01,2022-06-29
invalid,82228-RS8-70,266.0,265,1,2024-10-03,2025-10-22
invalid,82816-2RS-130,265.0,254,2,2024-09-20,2025-07-28
invalid,67407-VU6-110,265.0,263,1,2022-03-28,2022-07-10
invalid,82791-39T-80,265.0,264,1,2025-06-30,2026-01-21
invalid,45346-015-100,265.0,242,1,2022-02-27,2022-05-24
invalid,67472-SR4-110,264.0,255,2,2022-04-03,2022-07-19
invalid,67366-335-110,264.0,261,1,2023-01-21,2023-05-27
W001,58662-WR4-XS,263.0,260,1,2022-05-22,2022-08-01
invalid,60600-VS4-130,263.0,254,2,2022-05-12,2022-07-09
invalid,67486-78M-150,263.0,250,1,2022-01-17,2022-06-20
invalid,80923-06G-75,262.0,259,1,2023-12-29,2024-01-28
invalid,67563-NV2-100,262.0,257,2,2022-03-12,2022-07-08
invalid,67395-WH8-150,261.0,257,3,2022-01-16,2022-07-10
W001,67871-015-90,259.0,253,2,2022-04-07,2022-07-09
invalid,67855-GK3-100,259.0,235,1,2022-05-11,2022-07-12
invalid,67773-WU1-70,259.0,259,1,2022-05-18,2022-07-06
W001,67377-015-140,259.0,221,4,2022-02-10,2025-01-11
invalid,67593-GD4-100,259.0,255,1,2022-04-18,2022-07-14
invalid,67563-NV2-110,259.0,259,1,2022-04-28,2022-07-27
invalid,67862-WX6-120,259.0,253,1,2022-06-16,2022-07-15
W001,67601-TZ2-150,258.0,254,2,2022-06-07,2022-07-21
invalid,67706-WZ1-70,258.0,253,1,2022-05-23,2022-07-08
W001,67699-76X-100,258.0,253,1,2022-04-05,2022-07-19
invalid,43205-015-140,257.0,221,1,2022-01-26,2022-05-25
invalid,67870-76X-110,256.0,249,2,2022-05-19,2022-07-21
invalid,67379-WC9-100,256.0,250,1,2022-01-19,2022-04-28
W001,60600-WT7-110,256.0,251,3,2022-05-13,2022-06-29
invalid,67871-M91-110,255.0,252,3,2022-06-13,2022-07-21
invalid,66989-VF4-XL,254.0,215,1,2022-04-20,2022-07-26
W001,67711-SR4-85,254.0,251,2,2022-05-10,2022-07-03
invalid,67377-260-110,253.0,245,1,2023-03-24,2023-05-31
invalid,82035-22L-50,253.0,250,1,2024-08-23,2025-06-22
invalid,45346-015-90,253.0,235,2,2023-02-23,2024-03-05
W001,60600-WV1-160,252.0,247,2,2022-04-18,2022-06-22
invalid,67512-GK3-120,252.0,238,1,2022-03-06,2022-06-05
W001,67281-VP4-130,251.0,246,2,2022-03-24,2022-05-26
invalid,41378-GK3-110,251.0,223,3,2022-09-11,2022-12-14
invalid,67361-PH7-130,249.0,246,2,2022-05-24,2022-07-08
invalid,43197-015-110,249.0,237,2,2022-01-02,2022-05-11
W001,61956-WX6-150,249.0,232,1,2022-05-18,2022-06-25
invalid,67512-VZ1-130,249.0,243,1,2022-03-07,2022-07-08
invalid,68116-XQ7-110,249.0,246,3,2022-09-25,2024-01-22
invalid,59818-SR4-90,249.0,243,4,2022-02-16,2023-01-28
invalid,67398-VU7-90,248.0,247,1,2022-02-16,2022-07-28
W001,67408-WT7-120,248.0,245,3,2022-04-16,2022-06-26
W001,58663-85H-M,248.0,232,1,2022-05-19,2022-08-01
invalid,45039-001-1Y,247.0,187,3,2022-09-19,2023-01-05
invalid,68125-QX6-130,247.0,240,5,2022-11-04,2023-10-20
invalid,67374-76X-130,247.0,245,2,2022-01-12,2022-07-07
W001,67461-WL4-10,247.0,226,1,2022-01-09,2022-05-19
invalid,67335-AH9-110,247.0,236,2,2022-03-15,2022-07-13
W001,67407-78M-120,246.0,238,1,2022-07-17,2022-08-02
invalid,66987-VF4-110,246.0,229,1,2022-05-03,2022-07-26
invalid,60363-WQ1-130,246.0,243,1,2022-01-17,2022-04-20
invalid,52706-FX9-120,246.0,236,2,2022-01-11,2022-10-05
W001,67601-VH1-140,246.0,242,3,2022-06-09,2022-07-31
invalid,67557-001-60,246.0,245,2,2022-01-17,2022-06-08
invalid,67250-HI2-50,245.0,241,1,2022-05-11,2022-07-11
W001,67574-G31-110,245.0,242,1,2022-05-21,2022-08-04
invalid,83066-010-M,245.0,223,2,2025-01-04,2025-09-02
invalid,67493-WH8-90,245.0,242,2,2022-01-28,2022-07-27
invalid,51911-10F-150,245.0,219,3,2022-01-02,2022-03-28
invalid,67487-78M-110,245.0,241,1,2022-05-08,2022-07-23
invalid,80408-A71-110,245.0,240,3,2023-06-16,2024-01-16
invalid,60599-VV4-120,244.0,242,5,2022-03-28,2022-07-11
invalid,47681-VP5-90,244.0,236,1,2022-01-30,2022-02-06
W001,67419-UU6-85,244.0,244,1,2022-05-18,2022-07-08
W001,67745-ST5-75,243.0,241,2,2022-05-10,2022-07-01
W001,67396-WX9-130,243.0,240,3,2022-04-16,2022-07-26
invalid,43205-G44-100,243.0,231,1,2023-06-25,2023-07-20
invalid,67416-78M-120,243.0,239,1,2022-01-24,2022-07-04
invalid,67574-38T-130,243.0,243,1,2022-03-29,2022-07-26
invalid,67773-WW3-50,243.0,242,1,2022-06-20,2022-07-19
W001,59852-XU1-130,242.0,237,5,2024-12-27,2025-01-07
invalid,67855-VZ1-140,242.0,237,1,2022-05-10,2022-07-09
invalid,68125-VL8-85,242.0,240,4,2022-12-07,2023-01-27
invalid,65605-UC3-75,242.0,240,1,2022-01-12,2022-03-23
invalid,68125-733-100,242.0,238,1,2023-11-28,2023-12-13
W001,67873-WV5-140,241.0,237,2,2022-04-29,2022-07-12
invalid,68007-XH7-100,241.0,239,2,2022-09-03,2022-12-26
invalid,60008-VJ7-80,241.0,236,2,2022-01-03,2023-10-31
W001,80276-2XV-100,241.0,236,3,2025-01-16,2025-02-10
invalid,80863-76X-XS,241.0,235,1,2023-10-23,2024-01-29
invalid,67404-VW2-110,241.0,239,1,2022-01-17,2022-05-24
invalid,68015-GF2-100,241.0,240,2,2022-09-02,2023-01-10
invalid,67873-WU4-150,241.0,238,1,2022-04-29,2022-07-17
invalid,68004-XF3-110,241.0,238,3,2022-08-29,2022-12-13
invalid,80457-015-110,241.0,232,2,2023-06-08,2024-02-03
W001,67865-PH7-140,240.0,234,1,2022-05-22,2022-07-09
W001,58663-QH4-XS,240.0,222,1,2022-01-14,2022-07-05
W001,51042-78M-70,240.0,238,1,2022-04-05,2022-07-05
invalid,60599-WC9-120,240.0,235,1,2022-07-07,2022-07-14
invalid,67490-413-110,240.0,237,1,2023-04-06,2023-12-05
invalid,67855-M91-130,240.0,236,1,2022-05-10,2022-07-16
invalid,80134-XT9-110,240.0,237,1,2022-09-19,2022-11-30
invalid,43197-A91-110,240.0,227,2,2022-02-11,2023-05-31
invalid,67870-76X-130,240.0,231,1,2022-05-19,2022-07-20
invalid,67517-VW2-100,239.0,237,3,2022-01-20,2023-09-09
invalid,80854-CK7-100,239.0,235,2,2023-12-29,2024-01-08
W001,67526-85H-130,239.0,237,1,2022-05-24,2022-06-30
invalid,60312-V98-120,239.0,232,1,2022-01-08,2022-01-18
invalid,67459-WH4-80,239.0,235,1,2022-01-18,2022-05-06
invalid,40957-015-110,239.0,220,1,2022-02-19,2022-07-26
W001,62190-DD4-100,239.0,233,2,2022-01-02,2022-01-24
invalid,67978-066-120,239.0,239,1,2022-07-13,2022-08-30
invalid,67375-VU6-100,238.0,237,1,2022-02-05,2022-05-23
invalid,67872-A71-120,237.0,231,1,2022-05-19,2022-07-28
invalid,55460-TK4-110,237.0,234,1,2022-01-23,2022-07-26
invalid,65788-AN8-NB,237.0,220,1,2022-06-09,2022-07-28
W001,67699-76X-140,236.0,227,1,2022-04-06,2022-07-19
invalid,68119-906-140,236.0,231,2,2023-09-07,2024-03-07
W001,51042-78M-60,235.0,234,2,2022-04-05,2022-07-01
W001,67860-WY2-140,235.0,234,1,2022-05-18,2022-07-16
W001,67686-WY6-130,235.0,234,2,2022-04-05,2022-07-17
W001,67679-015-110,234.0,230,3,2022-04-30,2022-07-04
invalid,67855-V98-140,234.0,226,2,2022-05-10,2022-07-14
invalid,66988-VF4-M,233.0,211,4,2022-01-04,2022-07-03
W001,47681-VQ2-140,233.0,225,4,2022-01-02,2022-05-22
invalid,67855-SR4-90,233.0,227,1,2022-05-11,2022-07-17
invalid,81553-VZ2-60,233.0,231,2,2024-08-10,2025-09-04
invalid,45346-VX9-110,233.0,227,1,2022-05-24,2022-06-04
invalid,67412-SR4-130,233.0,228,1,2022-02-02,2022-05-03
invalid,45359-DW1-110,232.0,225,1,2022-01-15,2022-05-17
W001,67745-WU4-60,232.0,227,1,2022-05-12,2022-07-20
invalid,67767-WZ1-90,232.0,228,1,2022-05-16,2022-07-15
W001,67861-WX2-120,231.0,226,3,2022-04-29,2022-07-13
invalid,67271-WB3-90,231.0,230,2,2022-01-02,2022-12-05
invalid,67352-VS7-120,231.0,228,1,2022-02-20,2022-07-05
invalid,67482-VD8-130,231.0,218,1,2022-02-02,2022-07-13
invalid,68007-XH7-110,230.0,226,2,2022-10-12,2022-11-20
invalid,67855-GK3-140,230.0,208,1,2022-06-21,2022-07-18
invalid,80451-943-150,230.0,228,1,2023-07-27,2024-01-15
invalid,43205-A91-85,229.0,222,2,2022-04-21,2023-12-29
W001,67589-AI1-120,229.0,222,2,2022-06-20,2022-07-29
invalid,60356-VU7-140,229.0,226,1,2022-04-02,2022-07-12
W001,30810-GN1-S,229.0,209,4,2022-02-16,2022-08-02
invalid,67189-M23-120,228.0,226,4,2022-01-04,2022-02-06
invalid,80115-560-90,228.0,226,1,2023-10-19,2023-12-27
W001,67522-62L-100,228.0,223,3,2022-05-09,2022-08-01
invalid,60604-VU6-XL,228.0,219,2,2022-01-11,2022-07-27
invalid,65591-WM4-50,228.0,219,3,2022-02-12,2022-07-15
invalid,67377-011-150,228.0,210,2,2022-04-04,2023-05-31
W001,67293-VP5-80,228.0,224,2,2022-03-01,2022-06-07
invalid,67475-WP0-130,228.0,225,1,2022-01-14,2022-07-17
invalid,43205-SR4-100,228.0,204,1,2023-07-26,2024-01-05
invalid,80039-VJ7-L,227.0,197,1,2023-12-19,2024-01-10
invalid,60604-VU6-M,227.0,218,1,2022-07-01,2022-07-18
invalid,80451-903-100,226.0,224,2,2023-07-22,2024-01-31
invalid,44403-75Z-M,226.0,212,1,2023-12-20,2024-07-28
invalid,67861-WX4-120,225.0,223,2,2022-04-09,2022-06-21
invalid,47681-VQ2-100,225.0,222,1,2022-01-30,2022-02-06
invalid,48080-78M-120,225.0,222,1,2022-04-19,2022-06-05
invalid,80141-VM1-110,225.0,221,2,2022-10-25,2023-01-20
invalid,67751-WV1-75,225.0,224,1,2022-04-10,2022-06-09
invalid,67472-76X-140,225.0,219,1,2022-03-29,2022-07-08
invalid,67472-NV2-110,224.0,223,2,2022-01-20,2022-05-12
W001,65607-011-75,223.0,219,2,2022-01-03,2022-01-31
invalid,67994-XB5-100,223.0,216,1,2022-09-15,2023-01-05
W001,67737-WZ1-90,223.0,212,4,2022-05-23,2022-07-22
invalid,67487-SR4-120,222.0,217,1,2022-07-03,2022-07-26
invalid,67567-NV2-100,222.0,212,1,2022-01-17,2022-07-12
invalid,67547-B42-75,222.0,216,2,2022-01-16,2022-05-25
invalid,67855-G31-110,222.0,219,1,2022-05-10,2022-07-08
W001,62027-PF2-90,221.0,208,2,2022-01-07,2022-04-27
invalid,67397-WL0-90,221.0,220,2,2022-01-18,2022-07-28
invalid,67472-UQ2-150,221.0,218,2,2022-02-08,2022-07-27
invalid,67408-78M-90,221.0,220,1,2022-02-15,2022-06-27
W001,67711-WY2-60,220.0,215,1,2022-05-10,2022-06-20
invalid,67848-V98-90,220.0,217,2,2022-04-02,2022-06-24
invalid,66689-PH7-70,220.0,218,1,2022-04-20,2022-07-06
invalid,50763-001-S,220.0,139,2,2022-01-04,2022-07-26
invalid,67444-SQ5-50,219.0,216,2,2022-01-15,2022-07-09
W001,67679-015-130,219.0,213,2,2022-04-29,2022-06-29
W001,67590-BY8-110,219.0,213,1,2022-06-20,2022-07-22
invalid,43205-NV2-130,218.0,211,3,2022-02-07,2022-07-25
invalid,60312-A79-100,218.0,213,1,2022-01-02,2022-05-29
invalid,66073-PF4-100,218.0,216,1,2022-05-24,2022-07-15
invalid,67854-NV2-120,218.0,217,2,2022-06-25,2022-07-05
invalid,67855-GK3-90,218.0,209,1,2022-05-10,2022-07-08
invalid,60612-XF7-100,218.0,213,1,2022-07-13,2022-09-03
invalid,67567-NV2-90,218.0,211,2,2022-01-19,2022-07-13
invalid,67537-001-130,217.0,214,3,2022-04-23,2022-07-08
invalid,67486-SR4-140,217.0,207,3,2022-01-05,2022-04-18
invalid,82816-2RR-140,217.0,208,1,2024-09-22,2024-12-07
W001,52309-QP3-XL,217.0,199,1,2022-01-03,2022-07-31
invalid,67415-B42-130,217.0,216,1,2022-03-08,2022-05-05
invalid,62633-990-110,217.0,215,2,2022-09-03,2022-10-14
invalid,82815-2RR-110,216.0,211,3,2024-09-25,2025-10-07
invalid,67861-WX2-100,216.0,214,1,2022-04-09,2022-07-03
invalid,81157-796-85,216.0,212,1,2023-10-05,2024-01-10
invalid,68125-XT3-110,216.0,213,2,2022-10-20,2022-11-26
invalid,67855-V98-90,215.0,207,1,2022-05-11,2022-07-04
W001,67239-B42-50,215.0,211,1,2022-01-10,2022-07-19
W001,67887-WW3-120,215.0,207,1,2022-06-20,2022-07-28
invalid,67692-WF3-110,215.0,213,2,2022-04-09,2022-07-27
invalid,36086-B42-110,215.0,208,2,2022-01-02,2022-02-12
invalid,67416-38T-100,215.0,210,3,2022-01-24,2022-08-24
W001,67873-015-110,215.0,210,1,2022-05-25,2022-07-08
invalid,67517-238-110,214.0,210,2,2022-12-05,2023-07-03
invalid,80004-017-M,214.0,195,2,2022-11-13,2022-11-23
W001,67871-G31-85,214.0,210,2,2022-04-05,2022-07-01
invalid,42318-75Z-70,214.0,205,2,2023-10-10,2023-11-29
W001,67680-WL5-120,213.0,211,2,2022-04-06,2022-06-19
invalid,67472-56X-140,213.0,207,1,2022-03-27,2022-07-07
W001,67866-M91-130,213.0,204,1,2022-05-27,2022-07-08
invalid,45346-011-110,212.0,202,1,2023-01-08,2023-04-29
invalid,67475-WL6-130,212.0,211,1,2022-01-26,2022-07-25
invalid,67422-WM4-L,212.0,200,1,2022-01-24,2022-05-24
W001,67576-WB3-100,211.0,210,2,2022-04-07,2022-07-31
invalid,67855-SR4-120,211.0,200,1,2022-05-10,2022-07-11
invalid,66932-ST6-75,210.0,209,1,2022-02-20,2022-06-23
invalid,67363-WK4-120,210.0,209,1,2022-03-04,2022-04-14
invalid,80131-212-120,210.0,207,2,2022-12-09,2023-01-08
invalid,36754-G44-110,210.0,202,3,2022-12-14,2023-02-01
invalid,80044-QX6-90,210.0,202,1,2022-12-27,2023-01-03
invalid,80033-XV3-110,210.0,206,2,2022-12-27,2023-01-03
invalid,81553-461-70,210.0,209,2,2024-08-09,2025-09-28
W001,67862-WV5-140,209.0,205,1,2022-06-07,2022-07-09
invalid,60356-WU4-130,209.0,204,1,2022-07-08,2022-07-19
invalid,68118-BS8-90,209.0,209,1,2022-08-29,2022-11-01
invalid,33218-TD4-100,209.0,207,1,2022-02-28,2022-05-23
invalid,67862-WV1-140,209.0,206,1,2022-07-04,2022-07-09
invalid,67048-23T-90,209.0,207,4,2022-11-25,2023-01-23
W001,67518-VV8-140,208.0,206,2,2022-03-29,2022-07-23
invalid,60784-PF2-S,208.0,192,2,2022-02-07,2022-07-04
W001,65633-J81-90,208.0,198,1,2022-01-02,2022-03-27
W001,67863-WX2-110,208.0,204,2,2022-05-19,2022-07-17
W001,67379-015-100,207.0,206,1,2022-05-27,2022-08-03
W001,67759-WU4-70,207.0,202,1,2022-06-06,2022-07-15
W001,67860-WT6-120,206.0,200,1,2022-05-18,2022-07-11
W001,67861-WX2-130,206.0,205,4,2022-04-29,2022-07-15
invalid,82815-2RR-130,206.0,196,2,2024-09-21,2025-03-17
invalid,67450-JG8-75,206.0,203,1,2022-03-23,2022-04-30
W001,67576-WB6-85,206.0,203,2,2022-04-06,2022-07-27
invalid,82815-2RS-100,206.0,193,1,2024-10-01,2025-07-17
invalid,51218-QN4-XS,205.0,199,2,2022-01-02,2022-07-28
invalid,67601-VH1-130,205.0,204,1,2022-06-24,2022-07-12
invalid,67284-NJ1-110,205.0,199,4,2022-03-24,2022-12-09
invalid,67271-WB3-120,205.0,204,3,2022-04-20,2022-12-05
invalid,60600-WC9-160,205.0,194,1,2022-05-17,2022-06-18
invalid,51218-QN4-M,205.0,194,1,2022-01-11,2022-03-06
invalid,67377-A91-100,204.0,192,5,2022-11-27,2023-01-26
invalid,80452-903-140,204.0,201,1,2023-07-24,2023-12-28
W001,67691-BD4-130,204.0,197,2,2022-04-10,2022-07-03
W001,66708-WW3-140,204.0,200,1,2022-04-06,2022-07-04
invalid,80451-942-110,203.0,199,2,2023-07-18,2024-02-03
invalid,58665-NL3-XS,203.0,189,1,2022-03-29,2022-04-26
invalid,53216-011-120,203.0,200,1,2022-01-02,2022-02-09
invalid,67377-VX9-100,202.0,199,1,2023-01-27,2023-04-27
invalid,67308-093-70,202.0,198,1,2023-10-20,2024-01-06
invalid,67374-WC9-120,202.0,201,2,2022-03-10,2022-05-19
invalid,67377-1DH-90,202.0,198,1,2024-01-17,2024-03-06
invalid,67247-SR4-60,202.0,197,1,2022-01-02,2022-03-05
invalid,58662-QH4-L,201.0,180,3,2022-03-10,2022-04-27
invalid,67470-ST6-100,201.0,201,1,2022-01-03,2022-03-29
invalid,67108-VN3-S,201.0,172,1,2022-01-12,2022-07-27
invalid,59852-VJ7-140,201.0,184,4,2022-01-04,2023-11-29
invalid,80969-06G-100,201.0,198,2,2023-10-02,2024-01-09
invalid,67247-GF2-85,201.0,198,1,2022-01-04,2022-01-18
W001,67711-WV4-75,201.0,200,2,2022-05-11,2022-06-24
invalid,80781-WS9-OS,201.0,198,1,2024-02-14,2024-05-03
W001,67767-VU6-85,201.0,197,2,2022-06-13,2022-07-19
invalid,66073-PF4-130,201.0,199,1,2022-01-03,2022-06-25
invalid,48080-HI2-110,200.0,195,1,2022-03-30,2022-07-23
invalid,67379-WC9-140,200.0,196,1,2022-01-18,2022-05-07
invalid,67706-WZ1-60,200.0,195,1,2022-05-22,2022-07-11
invalid,80131-216-90,199.0,197,3,2022-12-27,2023-01-22
invalid,80141-181-100,199.0,199,1,2024-01-04,2024-02-12
invalid,80044-VL8-100,199.0,194,1,2022-12-28,2023-01-03
invalid,66689-WY2-75,199.0,199,2,2022-04-20,2022-06-30
invalid,60600-VW2-85,199.0,199,2,2022-03-16,2022-07-11
invalid,46239-B42-85,199.0,196,2,2022-01-02,2022-05-26
W001,80039-2CF-L,199.0,160,3,2024-12-16,2024-12-28
invalid,67514-VU6-XL,198.0,197,1,2022-07-05,2022-08-20
invalid,68011-XE2-110,198.0,196,4,2022-10-05,2023-01-17
invalid,43197-VX9-90,198.0,189,2,2022-01-14,2023-01-06
invalid,67366-SR7-100,198.0,195,2,2022-01-18,2022-05-11
invalid,82713-IVJ-50,198.0,198,1,2024-09-29,2025-01-14
invalid,67493-WH8-110,198.0,196,2,2022-01-30,2022-05-12
invalid,65775-SR4-XS,197.0,191,1,2022-01-02,2022-02-23
invalid,68119-908-140,197.0,196,1,2023-09-06,2023-11-29
invalid,67419-VZ3-90,197.0,195,1,2022-01-17,2022-03-16
invalid,62027-VW2-75,197.0,195,1,2022-04-22,2022-05-04
invalid,67409-VW2-130,197.0,194,1,2022-02-20,2022-06-10
W001,60600-WW6-130,197.0,195,1,2022-05-19,2022-07-11
invalid,55461-WK2-120,197.0,195,1,2022-01-23,2022-04-24
invalid,67377-011-100,196.0,185,1,2022-11-19,2022-12-20
invalid,68125-VL8-110,196.0,195,1,2022-10-17,2022-11-10
W001,65775-011-S,196.0,184,1,2022-01-14,2022-07-20
invalid,50764-011-XL,196.0,144,2,2022-05-07,2022-07-26
invalid,45346-A91-120,196.0,163,2,2022-04-25,2022-07-26
invalid,67431-NV2-50,196.0,190,1,2022-01-23,2022-07-19
invalid,67574-H56-150,195.0,192,2,2022-03-31,2022-07-27
W001,60600-WT7-130,195.0,182,3,2022-05-12,2022-06-28
W001,67423-TG9-7,195.0,189,1,2022-01-02,2022-04-09
W001,67848-VX9-120,194.0,193,5,2022-05-09,2022-06-23
invalid,67048-23T-100,194.0,190,4,2022-09-08,2023-01-24
invalid,67377-M23-110,194.0,190,2,2023-01-05,2023-02-02
W001,67678-015-130,194.0,191,2,2022-04-29,2022-07-31
invalid,67593-GD4-130,194.0,193,2,2022-04-14,2022-08-02
invalid,80432-SK3-110,194.0,191,1,2023-04-01,2023-07-07
invalid,68012-XJ4-110,194.0,194,3,2022-07-14,2022-09-28
invalid,67377-GF2-110,193.0,188,2,2022-09-19,2022-12-04
invalid,67333-RR5-120,193.0,186,3,2022-01-10,2022-04-29
invalid,67377-011-85,193.0,187,1,2023-01-16,2023-07-05
W001,67773-WX3-80,193.0,190,2,2022-04-30,2022-07-25
invalid,67549-V98-90,193.0,192,1,2022-02-14,2022-07-27
invalid,65788-AN8-5,193.0,169,1,2022-01-02,2022-02-28
invalid,67722-WX5-80,193.0,192,1,2022-05-11,2022-07-15
W001,51911-NV2-80,192.0,187,1,2022-03-06,2022-05-16
invalid,83066-010-S,192.0,180,1,2025-01-04,2025-09-26
invalid,67866-XA4-120,192.0,189,1,2022-06-03,2022-07-15
invalid,68119-XF4-110,192.0,189,1,2022-09-20,2022-11-13
invalid,68010-921-90,192.0,191,2,2023-12-09,2024-03-07
invalid,67377-A91-110,192.0,178,3,2022-11-20,2023-12-26
invalid,80451-903-140,192.0,189,2,2023-07-18,2023-12-21
invalid,67456-85H-90,192.0,188,1,2022-04-03,2022-07-20
invalid,67271-WB5-90,192.0,190,3,2022-01-05,2022-07-25
invalid,68048-M23-80,192.0,186,1,2023-10-20,2023-11-30
W001,45346-NV2-110,192.0,187,2,2022-02-24,2022-06-15
invalid,67345-WE2-120,192.0,189,2,2022-03-15,2022-05-31
invalid,81535-461-70,191.0,187,2,2024-08-09,2026-01-17
W001,67871-015-100,191.0,187,3,2022-06-18,2022-08-01
invalid,60599-VS9-85,191.0,187,1,2022-03-07,2022-05-19
invalid,40957-NV2-110,191.0,186,1,2022-03-02,2022-07-06
invalid,67404-WM4-130,191.0,190,1,2022-01-17,2022-05-04
invalid,68177-G44-50,190.0,176,1,2023-01-05,2023-07-11
W001,67419-A71-110,190.0,184,2,2022-07-18,2022-07-29
invalid,80432-291-100,190.0,189,2,2023-05-22,2024-01-02
invalid,67377-015-110,190.0,174,1,2022-11-20,2022-11-28
invalid,68119-XD5-110,190.0,185,3,2022-10-08,2022-12-09
invalid,67864-VH3-110,190.0,184,1,2022-05-13,2022-07-22
invalid,57538-GD6-90,190.0,186,1,2022-03-19,2022-05-30
invalid,80452-943-110,190.0,188,1,2024-01-08,2024-01-10
invalid,67358-990-110,189.0,186,1,2022-03-26,2022-06-20
invalid,67521-481-85,189.0,187,1,2023-04-06,2023-12-13
W001,67871-78M-85,189.0,186,2,2022-03-30,2022-07-28
invalid,80647-427-100,188.0,185,1,2023-07-08,2023-07-17
invalid,67470-EF5-120,188.0,185,1,2022-01-05,2022-04-04
invalid,67593-GD4-90,187.0,187,1,2022-04-14,2022-07-27
W001,67577-PG5-130,187.0,184,1,2022-06-20,2022-07-12
W001,67793-WT7-90,187.0,185,1,2022-06-25,2022-07-26
W001,67878-VU6-85,187.0,183,1,2022-05-19,2022-07-16
invalid,82228-RS8-50,187.0,184,1,2024-09-29,2025-02-24
invalid,66069-TL8-80,187.0,184,1,2022-06-05,2022-07-27
invalid,82815-2RS-150,187.0,181,2,2024-09-29,2025-11-17
invalid,80040-GF2-110,187.0,184,4,2022-10-20,2022-12-14
invalid,67408-78M-100,186.0,183,1,2022-05-17,2022-06-27
invalid,67361-78M-130,186.0,184,1,2022-05-26,2022-06-27
invalid,48383-011-XS,186.0,159,1,2022-01-03,2022-07-16
invalid,59729-76X-90,185.0,172,1,2022-01-02,2022-07-25
invalid,58660-WQ8-M,185.0,175,2,2022-06-28,2022-07-26
W001,67868-WY4-120,184.0,181,4,2022-05-10,2022-06-29
invalid,68125-036-90,184.0,183,3,2022-09-21,2023-01-27
invalid,42067-75Z-110,184.0,174,3,2022-03-13,2024-07-28
invalid,67366-85H-110,184.0,179,1,2023-01-16,2023-04-19
invalid,65708-015-OS,184.0,173,1,2023-10-04,2023-10-10
W001,67461-WL4-1Y,184.0,167,2,2022-01-05,2022-05-30
W001,67679-78M-130,184.0,182,2,2022-05-10,2022-07-08
W001,67419-SR4-150,184.0,182,1,2022-05-18,2022-07-09
W001,33218-TT2-130,184.0,182,1,2022-02-16,2022-04-27
W001,67762-WW6-80,183.0,181,2,2022-05-19,2022-07-10
invalid,81553-76X-60,183.0,183,1,2024-08-09,2025-09-10
invalid,47433-VG3-120,183.0,176,3,2022-01-09,2023-01-17
invalid,81535-461-60,183.0,182,1,2024-10-24,2025-10-11
invalid,67404-VU6-120,183.0,180,1,2022-01-17,2022-04-11
invalid,67742-WX6-85,182.0,180,1,2022-05-11,2022-07-09
invalid,67862-WV5-150,182.0,180,2,2022-05-20,2022-07-05
invalid,61983-WD5-90,182.0,175,1,2022-03-08,2022-07-28
invalid,68125-039-90,182.0,178,1,2022-10-22,2022-11-22
invalid,67377-015-120,182.0,154,1,2022-03-09,2022-04-05
W001,62027-WW6-80,182.0,180,1,2022-05-22,2022-07-08
invalid,67424-VU6-100,182.0,181,1,2022-01-23,2022-05-31
W001,45346-PV5-85,182.0,178,1,2022-01-02,2022-01-18
invalid,59852-VL9-100,182.0,177,1,2022-01-02,2022-01-07
invalid,67490-SK3-90,181.0,177,1,2022-05-03,2022-07-18
invalid,80393-925-100,181.0,181,1,2023-07-21,2024-02-05
W001,67871-V98-150,181.0,174,3,2022-06-24,2022-08-01
invalid,67855-GK3-150,181.0,160,1,2022-05-10,2022-07-12
invalid,65605-WM6-50,181.0,174,1,2022-02-13,2022-06-27
invalid,67475-WP0-100,181.0,180,1,2022-01-10,2022-07-07
invalid,68001-QX6-90,181.0,177,3,2022-11-13,2023-01-23
invalid,80969-004-110,181.0,178,3,2023-09-03,2024-01-07
invalid,67575-38T-120,181.0,179,1,2022-04-23,2022-05-30
invalid,80143-SR4-130,181.0,179,4,2022-10-17,2023-01-29
invalid,67013-WQ4-L,181.0,157,2,2022-03-18,2022-07-11
invalid,67541-JG8-90,181.0,177,2,2022-02-23,2022-04-11
W001,67377-A91-120,180.0,140,1,2022-03-09,2022-04-01
invalid,65290-011-120,180.0,158,1,2022-01-05,2022-01-10
invalid,67217-VJ7-90,180.0,179,3,2022-10-14,2023-01-06
invalid,66971-FJ0-120,180.0,174,1,2022-02-09,2022-03-21
invalid,67993-A79-130,180.0,176,1,2022-08-23,2022-10-20
invalid,59852-XU1-110,180.0,169,2,2022-09-27,2022-10-24
invalid,67239-AM7-60,180.0,172,1,2022-05-14,2022-07-19
W001,67377-C57-120,180.0,176,1,2022-03-09,2022-04-11
invalid,58662-HC7-S,180.0,176,1,2022-04-13,2022-04-27
invalid,65607-B42-50,180.0,177,1,2022-01-02,2022-01-10
invalid,80983-854-110,180.0,176,3,2023-12-07,2023-12-12
invalid,67449-WL0-XS,180.0,179,2,2022-01-02,2022-07-28
W001,67679-015-150,180.0,177,2,2022-04-29,2022-07-08
W001,60600-WT7-90,180.0,177,1,2022-06-02,2022-06-29
invalid,67044-DD4-85,180.0,172,1,2022-08-31,2022-10-23
W001,62125-UK7-XL,180.0,170,4,2022-04-25,2022-07-22
invalid,59852-VK1-120,180.0,175,3,2022-01-02,2022-01-11
invalid,59852-VK1-90,180.0,176,1,2022-01-03,2022-01-11
invalid,47078-QN4-M,180.0,175,2,2022-05-26,2022-11-17
invalid,67478-W83-120,180.0,177,1,2022-05-19,2022-07-15
invalid,52382-GF2-50,179.0,179,1,2022-01-06,2022-07-26
W001,67755-WY2-85,179.0,175,1,2022-05-10,2022-07-14
invalid,67399-78M-140,179.0,177,2,2022-03-28,2022-07-26
invalid,67203-VM1-120,179.0,176,1,2022-01-02,2022-01-27
invalid,59818-SR4-120,179.0,177,1,2023-01-04,2023-01-29
invalid,82307-2ES-50,179.0,177,1,2024-10-27,2025-07-11
invalid,67373-VX9-110,178.0,177,1,2022-02-05,2022-04-30
W001,53210-75Z-100,178.0,171,1,2022-01-02,2022-04-06
invalid,65649-16N-80,178.0,171,1,2022-01-02,2022-01-25
W001,62125-UK7-M,178.0,170,1,2022-04-25,2022-07-01
W001,67521-G31-90,178.0,175,2,2022-04-12,2022-06-08
invalid,67415-B42-120,178.0,175,2,2022-02-25,2022-04-12
invalid,51058-A91-110,178.0,175,1,2022-02-18,2022-07-11
invalid,80852-45H-110,178.0,175,3,2023-11-14,2024-01-08
invalid,60008-QY4-85,178.0,168,1,2022-01-09,2022-01-18
invalid,51911-NV2-80,178.0,175,1,2022-01-02,2022-03-05
W001,67870-VZ3-110,178.0,170,1,2022-05-18,2022-07-21
invalid,67412-NV2-90,178.0,176,3,2022-02-01,2022-05-30
invalid,67377-G44-85,177.0,174,1,2023-01-19,2023-05-30
invalid,67247-SR4-90,177.0,170,1,2022-04-11,2022-05-06
invalid,67412-VZ1-90,177.0,177,2,2022-02-03,2022-06-01
W001,67855-V98-120,177.0,171,2,2022-06-26,2022-07-21
invalid,66863-UY7-110,177.0,175,1,2022-01-04,2022-01-13
W001,67686-WY5-130,177.0,170,1,2022-03-31,2022-06-09
invalid,67431-WG9-60,177.0,174,1,2022-01-18,2022-07-04
W001,67521-EH3-120,176.0,174,2,2022-04-08,2022-07-02
invalid,67416-V98-130,176.0,165,1,2022-05-05,2022-07-05
invalid,66640-BO1-140,176.0,175,1,2022-05-23,2022-07-25
invalid,60600-VW2-160,176.0,172,4,2022-03-13,2022-06-06
W001,67490-WT8-100,176.0,172,1,2022-06-21,2022-07-26
invalid,67238-AM7-60,176.0,172,2,2022-01-27,2022-06-29
invalid,65593-EF5-50,175.0,169,1,2022-01-02,2022-03-01
W001,67601-VH1-110,175.0,174,2,2022-05-26,2022-08-01
invalid,67537-VU6-140,175.0,171,1,2022-05-25,2022-07-07
W001,67461-WL4-7,175.0,158,1,2022-01-03,2022-05-06
invalid,67871-VZ1-85,175.0,173,1,2022-04-29,2022-06-26
invalid,65576-WM6-70,175.0,172,1,2022-02-02,2022-03-11
invalid,67710-WW6-75,175.0,174,1,2022-05-10,2022-06-13
invalid,67855-V98-150,175.0,171,1,2022-05-09,2022-07-08
invalid,68010-925-110,174.0,170,4,2023-10-05,2024-02-20
invalid,50764-NL1-S,174.0,169,1,2022-06-13,2022-10-25
W001,60600-WU4-150,174.0,163,1,2022-05-22,2022-07-07
invalid,67339-WE3-90,174.0,171,2,2022-05-24,2022-07-26
invalid,43205-VX9-120,174.0,163,1,2022-01-10,2022-02-27
invalid,67377-HI7-110,174.0,169,1,2023-04-11,2023-06-07
invalid,67633-AV3-120,173.0,172,1,2022-04-09,2022-05-30
invalid,81535-EF5-60,173.0,171,2,2024-11-07,2026-02-24
invalid,80485-310-110,173.0,170,1,2023-07-23,2023-11-25
W001,67461-WL3-3Y,173.0,151,1,2022-01-04,2022-06-01
invalid,60599-VS9-90,173.0,171,2,2022-02-23,2022-03-28
invalid,67731-WV1-80,173.0,171,1,2022-04-07,2022-06-04
invalid,68116-XQ7-85,172.0,170,1,2022-09-02,2022-09-21
invalid,67449-WH8-S,172.0,168,1,2022-04-27,2022-07-25
W001,67705-DK4-110,172.0,168,1,2022-06-30,2022-07-25
invalid,68045-015-90,172.0,171,5,2022-07-22,2023-11-24
invalid,65775-76X-XS,172.0,167,1,2022-01-02,2022-04-08
invalid,81553-EF5-NB,172.0,170,3,2025-03-10,2026-06-02
invalid,65203-VJ6-L,171.0,154,5,2022-01-11,2022-07-27
invalid,67374-WU4-90,171.0,169,1,2022-05-27,2022-07-19
invalid,33175-VF3-130,171.0,170,1,2022-06-14,2022-07-28
W001,67784-001-80,171.0,160,1,2022-04-29,2022-06-03
W001,67633-AV3-140,171.0,166,3,2022-04-06,2022-07-02
W001,65203-QX6-M,171.0,159,8,2022-01-06,2022-02-23
invalid,67401-VX9-110,171.0,167,6,2022-05-30,2022-07-12
invalid,67594-AT2-90,171.0,171,1,2022-04-14,2022-07-15
W001,67410-78M-100,170.0,168,1,2022-03-28,2022-07-28
invalid,58661-85H-L,170.0,160,2,2023-06-22,2023-07-04
invalid,80431-990-150,170.0,169,1,2023-02-02,2023-05-27
invalid,65576-WC3-60,170.0,168,2,2022-02-02,2022-04-05
invalid,67437-WD5-70,170.0,168,1,2022-01-22,2022-05-10
invalid,68069-UV5-75,170.0,170,1,2022-07-13,2022-10-11
invalid,67437-VU7-70,170.0,168,2,2022-01-18,2022-06-01
invalid,59852-XS9-90,170.0,159,1,2023-09-24,2023-10-21
invalid,65591-WM4-60,169.0,169,1,2022-02-02,2022-06-20
invalid,48200-LZ2-S,169.0,164,3,2022-06-23,2022-10-12
invalid,67475-WP0-90,169.0,169,2,2022-01-17,2022-06-23
invalid,67128-QR7-130,169.0,162,5,2022-01-02,2022-02-11
W001,67711-WV4-80,169.0,167,1,2022-05-10,2022-06-05
invalid,55460-WK8-120,168.0,167,1,2022-01-22,2022-07-04
invalid,67873-WW6-85,168.0,168,3,2022-04-01,2022-06-17
invalid,80720-GN3-OS,168.0,157,1,2023-04-06,2023-06-19
invalid,80468-326-100,168.0,167,1,2023-05-25,2023-07-11
invalid,41423-GK3-130,168.0,141,1,2022-01-24,2022-07-13
invalid,67485-NU7-85,168.0,167,2,2022-02-03,2022-07-12
invalid,66987-VF5-90,168.0,162,1,2022-01-02,2022-01-14
invalid,67860-WY2-100,168.0,166,1,2022-05-20,2022-07-04
invalid,62027-VW8-80,168.0,166,2,2022-02-08,2022-06-30
invalid,33218-GN1-130,168.0,157,1,2022-01-03,2022-03-21
invalid,82815-2RS-130,168.0,155,2,2024-10-01,2025-06-23
invalid,65576-WM6-75,167.0,165,1,2022-02-02,2022-03-09
invalid,81535-76X-60,167.0,166,2,2024-09-25,2026-02-05
W001,67679-015-100,167.0,165,1,2022-04-29,2022-06-18
invalid,67404-VU7-90,167.0,166,1,2022-01-20,2022-07-22
invalid,60611-VS5-120,167.0,165,2,2022-02-01,2022-07-07
invalid,68015-VX9-100,167.0,167,1,2022-08-29,2022-09-12
invalid,67273-VP5-110,167.0,167,1,2022-01-03,2022-04-07
invalid,67594-AT2-130,167.0,165,2,2022-04-14,2022-06-30
invalid,65788-SR4-5,166.0,144,2,2023-01-10,2023-02-06
invalid,80850-461-100,166.0,166,1,2023-10-25,2024-01-19
W001,67860-WV5-140,166.0,161,1,2022-05-18,2022-07-18
invalid,59852-VK5-90,166.0,161,1,2022-01-02,2022-01-10
invalid,60599-VW2-100,166.0,163,1,2022-01-24,2022-03-28
W001,67711-VZ2-60,166.0,164,2,2022-05-10,2022-07-06
invalid,67011-AN8-110,165.0,164,1,2022-01-02,2022-01-16
W001,67406-VV8-110,165.0,162,1,2022-06-27,2022-08-03
invalid,67359-76X-90,165.0,165,1,2022-02-02,2022-04-25
invalid,60008-VJ6-70,165.0,160,3,2022-01-15,2022-07-04
invalid,67379-PH7-130,165.0,163,1,2022-05-23,2022-07-08
W001,67751-AV3-60,165.0,165,3,2022-04-06,2022-05-31
invalid,60356-VU6-110,165.0,163,3,2022-06-30,2023-07-19
invalid,60356-78M-90,165.0,164,4,2022-05-14,2023-06-10
W001,67867-WX9-120,164.0,160,4,2022-04-29,2022-06-28
invalid,50282-PF2-L,164.0,143,2,2022-02-11,2022-07-02
W001,67722-VU6-60,164.0,159,2,2022-05-11,2022-07-24
invalid,67404-SK3-90,164.0,163,2,2022-04-04,2023-07-21
invalid,66973-074-100,164.0,163,1,2022-07-28,2022-10-04
invalid,65576-WM4-75,164.0,163,2,2022-02-05,2022-04-29
invalid,82815-2RS-120,164.0,156,1,2025-01-29,2025-07-11
invalid,43197-V98-120,164.0,159,1,2022-01-13,2022-03-29
invalid,68121-C20-120,163.0,162,1,2022-12-23,2023-01-06
invalid,67474-WJ3-150,163.0,163,1,2022-03-06,2022-06-30
invalid,67411-06G-85,163.0,162,1,2023-10-02,2023-11-22
W001,65607-011-50,163.0,157,2,2022-01-10,2022-01-22
invalid,67217-XU1-110,163.0,160,4,2022-12-08,2023-01-09
invalid,67903-XH0-100,163.0,162,1,2023-09-25,2023-10-25
invalid,67402-VX9-140,163.0,160,1,2022-04-04,2022-07-07
invalid,67403-413-150,163.0,156,1,2023-04-06,2023-07-28
W001,67490-WT8-110,163.0,155,1,2022-07-01,2022-08-02
invalid,66073-GE1-130,163.0,162,1,2022-01-03,2022-05-02
W001,66826-UZ1-110,163.0,161,3,2022-02-12,2022-07-31
invalid,80983-852-110,163.0,159,1,2023-08-25,2023-09-24
invalid,55460-WK2-130,163.0,160,1,2022-05-02,2022-07-04
invalid,80983-854-140,163.0,159,2,2023-08-23,2023-12-05
invalid,60599-VS7-85,163.0,160,2,2022-02-24,2022-05-16
invalid,67992-XE6-110,163.0,162,2,2023-06-04,2023-06-27
invalid,80451-975-150,163.0,159,1,2023-08-02,2024-03-04
invalid,59852-VL8-100,163.0,160,3,2022-01-04,2022-02-22
invalid,68119-908-150,163.0,162,1,2023-09-03,2024-01-03
W001,67399-78M-100,162.0,161,2,2022-05-20,2022-08-03
W001,67862-WV1-120,162.0,160,3,2022-05-19,2022-07-28
invalid,80431-990-100,162.0,159,2,2023-06-19,2024-01-05
invalid,81535-1FZ-50,162.0,159,1,2024-09-26,2025-06-29
invalid,60611-TX8-120,162.0,161,2,2022-02-24,2022-04-01
invalid,67593-PF4-100,162.0,160,2,2022-04-18,2022-10-26
invalid,67557-001-50,162.0,161,2,2022-01-11,2022-06-15
invalid,67855-G31-100,162.0,162,1,2022-05-12,2022-07-04
W001,67521-G31-130,162.0,161,2,2022-05-15,2022-06-17
invalid,59818-B42-130,162.0,160,2,2022-01-03,2022-01-13
invalid,65605-UC3-85,162.0,160,1,2022-02-26,2022-04-30
invalid,67506-VX7-110,162.0,161,1,2022-01-18,2022-07-28
invalid,80799-462-OS,162.0,144,1,2024-01-18,2024-02-07
invalid,68125-039-100,162.0,160,1,2022-10-20,2022-11-14
W001,83013-2WJ-150,162.0,150,2,2024-11-08,2024-12-09
invalid,68029-A21-110,161.0,158,1,2022-09-16,2022-11-01
invalid,50754-001-L,161.0,115,2,2022-01-24,2022-05-04
W001,67374-VU9-120,161.0,155,1,2022-03-09,2022-07-17
W001,67862-WY2-120,161.0,159,2,2022-06-14,2022-06-27
W001,67592-WS7-120,161.0,158,1,2022-05-29,2022-07-18
W001,67873-WV5-100,161.0,160,2,2022-06-07,2022-07-04
invalid,67379-WQ1-130,161.0,157,1,2022-04-30,2022-06-04
invalid,65642-294-100,161.0,161,1,2023-03-27,2023-05-19
invalid,67307-DW1-90,161.0,159,3,2022-01-22,2022-04-01
W001,67410-WC9-120,161.0,161,2,2022-04-05,2022-07-07
invalid,68133-922-140,161.0,156,1,2023-10-23,2023-11-18
invalid,80850-461-110,160.0,154,1,2024-01-08,2024-01-22
invalid,81109-1AC-110,160.0,158,1,2023-11-26,2024-01-02
W001,45346-32V-110,160.0,160,1,2024-12-29,2025-04-15
invalid,67751-WV1-90,160.0,159,2,2022-04-12,2022-08-22
invalid,68121-A96-120,160.0,156,1,2022-12-26,2023-01-10
invalid,67870-V98-120,160.0,158,1,2022-06-25,2022-07-11
invalid,45039-001-7,160.0,124,2,2022-03-09,2022-11-02
invalid,60612-VW7-85,160.0,157,1,2022-01-20,2022-04-25
invalid,68118-XJ5-120,160.0,159,1,2022-10-12,2022-10-30
invalid,80033-XT1-100,160.0,158,2,2022-12-27,2023-01-02
invalid,81157-796-100,160.0,157,1,2023-11-27,2024-01-09
W001,62129-UK7-140,160.0,153,5,2022-05-19,2022-07-30
invalid,50754-001-S,160.0,129,1,2022-06-04,2022-07-24
W001,67862-WV1-130,160.0,153,1,2022-07-04,2022-07-07
invalid,65591-WM5-60,160.0,158,2,2022-02-02,2022-04-30
W001,62215-990-XS,160.0,158,1,2022-02-14,2022-06-20
W001,67798-G31-60,159.0,156,1,2022-06-13,2022-07-18
W001,67633-AV3-90,159.0,155,2,2022-04-06,2022-07-02
invalid,67392-78M-140,159.0,157,1,2022-03-28,2022-07-04
invalid,60599-PH7-140,159.0,153,2,2022-04-08,2022-06-28
invalid,65775-76X-S,159.0,146,2,2022-01-02,2022-07-27
invalid,81096-1AU-100,159.0,159,1,2023-10-06,2024-01-09
invalid,68125-XB2-110,159.0,159,4,2022-08-29,2023-11-27
invalid,66935-BD4-60,159.0,157,2,2022-05-28,2022-07-01
invalid,83013-2WJ-100,159.0,141,2,2024-11-11,2025-11-28
invalid,68004-XH6-100,159.0,158,2,2022-08-30,2022-10-08
invalid,60356-VU7-130,159.0,157,1,2022-06-07,2022-07-21
W001,67873-WU4-100,158.0,156,4,2022-05-18,2022-06-24
invalid,43197-B42-120,158.0,144,2,2022-08-02,2022-11-02
invalid,67308-WD9-60,158.0,152,1,2022-05-08,2022-06-08
invalid,65788-011-5,158.0,146,3,2022-07-05,2022-11-22
W001,65290-PV5-85,158.0,152,1,2022-02-25,2022-04-25
invalid,50979-VP3-110,158.0,151,1,2022-01-03,2022-02-07
invalid,67514-VU6-S,158.0,155,2,2022-03-21,2022-07-22
invalid,67488-WM4-130,158.0,154,1,2022-07-06,2022-07-26
invalid,82816-2RR-150,157.0,152,2,2024-09-24,2025-01-18
invalid,60612-VX4-130,157.0,157,2,2022-03-10,2022-04-21
invalid,55355-HY4-100,157.0,155,1,2022-01-03,2022-02-28
W001,67871-M91-100,157.0,157,2,2022-06-01,2022-07-09
invalid,67399-VU6-130,157.0,155,1,2022-05-12,2022-07-28
invalid,68123-BD4-S,157.0,153,3,2022-12-21,2023-03-12
invalid,67450-JG8-60,157.0,156,1,2022-02-26,2022-07-26
invalid,67335-AH9-140,157.0,153,2,2022-03-16,2022-07-14
invalid,67512-GK3-85,157.0,153,2,2022-03-07,2022-05-31
invalid,81535-EF5-50,157.0,155,2,2024-11-06,2026-01-20
W001,54899-VP5-M,156.0,147,8,2022-02-06,2022-07-26
invalid,67445-990-85,156.0,154,2,2022-01-25,2022-07-01
invalid,54899-VP5-M,156.0,152,3,2022-01-31,2022-03-23
W001,67862-WY2-140,156.0,155,1,2022-05-18,2022-07-08
W001,65203-QX6-L,156.0,148,4,2022-01-02,2022-02-07
invalid,67482-VD8-100,156.0,155,1,2022-02-27,2022-07-13
W001,45358-CW2-85,156.0,156,1,2022-03-15,2022-07-08
invalid,83844-4VO-75,156.0,155,1,2025-11-18,2026-04-04
invalid,67472-011-130,156.0,151,1,2022-07-12,2022-07-20
invalid,67501-NV2-130,155.0,150,2,2022-04-12,2022-07-10
invalid,67475-WJ2-100,155.0,154,2,2022-01-10,2022-05-16
invalid,67407-78M-100,155.0,151,1,2022-06-21,2022-07-28
invalid,54636-1DT-S,155.0,149,1,2024-01-12,2024-08-05
invalid,67271-WB5-85,155.0,151,1,2022-05-30,2022-09-08
W001,66689-WV4-80,155.0,154,1,2022-06-20,2022-07-05
W001,67514-WV2-S,155.0,155,2,2022-04-21,2022-08-02
W001,67887-WW3-110,155.0,148,2,2022-05-26,2022-08-01
invalid,67855-M91-100,155.0,155,1,2022-05-16,2022-07-10
invalid,66689-WY2-85,155.0,153,1,2022-06-01,2022-06-29
invalid,80854-929-85,154.0,151,1,2023-09-21,2024-03-01
invalid,51057-VZ1-130,154.0,152,1,2022-05-05,2022-07-26
invalid,67408-VU6-120,154.0,153,1,2022-01-11,2022-03-23
invalid,65591-WC3-85,154.0,151,1,2022-02-02,2022-05-18
invalid,67339-WE3-150,154.0,150,1,2022-05-25,2022-07-20
W001,67685-PN4-120,154.0,145,1,2022-06-02,2022-06-16
invalid,67501-015-85,154.0,147,1,2022-10-24,2022-12-05
invalid,58663-HC7-XS,153.0,144,1,2022-04-03,2022-07-11
invalid,67374-VU7-120,153.0,152,1,2022-06-27,2022-07-17
invalid,67410-WC9-120,153.0,153,1,2022-05-24,2022-07-03
invalid,80008-017-60,153.0,152,1,2023-11-29,2024-01-03
W001,67860-WV1-85,153.0,152,1,2022-05-19,2022-07-07
invalid,67374-76X-120,153.0,152,1,2022-01-13,2022-05-10
invalid,67486-G31-110,153.0,151,2,2022-05-24,2022-07-23
W001,67864-VX9-130,152.0,150,1,2022-05-09,2022-07-19
W001,67726-AV3-70,152.0,150,3,2022-04-27,2022-06-14
invalid,67430-XU1-75,152.0,148,1,2022-11-12,2023-01-21
invalid,67357-WQ1-130,152.0,150,3,2022-01-24,2022-04-11
invalid,67517-323-110,152.0,148,2,2023-08-02,2023-11-01
invalid,67333-RR5-140,152.0,145,1,2022-01-10,2022-06-27
W001,67751-AV3-80,152.0,151,3,2022-04-05,2022-07-01
invalid,67871-VZ1-140,152.0,146,1,2022-07-10,2022-08-01
W001,67460-VX9-140/150,151.0,147,1,2022-01-07,2022-08-03
invalid,67574-38T-150,151.0,149,1,2022-03-29,2022-07-15
W001,67860-WV5-150,151.0,150,2,2022-05-19,2022-07-22
invalid,67377-SR4-90,151.0,142,1,2024-01-11,2024-02-20
W001,67279-V98-120,151.0,146,1,2022-02-05,2022-02-28
W001,62027-TW2-60,151.0,150,2,2022-01-02,2022-04-29
invalid,67412-011-90,151.0,148,1,2022-02-05,2022-07-08
invalid,80223-U74-L,151.0,142,1,2022-12-06,2023-11-06
invalid,67517-418-90,151.0,145,1,2023-04-06,2023-07-20
W001,60535-B42-L,150.0,141,2,2022-01-21,2022-06-12
invalid,67209-617-130,150.0,145,2,2023-11-26,2023-12-28
invalid,80144-XU7-120,150.0,143,1,2022-12-27,2022-12-30
invalid,67486-NU7-110,150.0,147,1,2022-05-24,2022-06-26
invalid,67486-SR4-110,150.0,143,1,2022-01-04,2022-04-06
invalid,44403-Q84-XL,150.0,141,2,2022-01-05,2022-02-11
invalid,67377-06G-90,150.0,147,3,2022-10-07,2024-03-05
invalid,60612-VS5-130,150.0,144,2,2022-01-15,2022-03-28
W001,65605-WM4-50,150.0,147,1,2022-01-06,2022-06-18
invalid,67860-WV1-90,150.0,149,1,2022-05-20,2022-07-01
invalid,67044-KZ6-90,150.0,150,1,2023-07-20,2023-08-27
W001,60356-WV1-85,150.0,150,1,2022-05-11,2022-06-29
invalid,67501-VH3-120,150.0,148,1,2022-06-30,2022-07-16
invalid,80647-414-90,150.0,149,1,2023-06-29,2023-07-07
invalid,55461-XQ9-120,150.0,149,1,2022-09-15,2022-11-06
invalid,65776-PH7-S,150.0,145,2,2022-01-06,2022-08-13
invalid,43197-HI7-90,150.0,150,1,2023-04-23,2023-07-08
invalid,67470-EF5-140,150.0,147,1,2022-04-09,2022-05-30
W001,67486-78M-90,150.0,147,1,2022-05-24,2022-07-11
invalid,68119-A21-110,150.0,149,1,2022-10-17,2022-10-28
invalid,67860-WY2-90,150.0,149,1,2022-05-19,2022-07-02
invalid,81259-1BE-50,150.0,148,1,2023-10-14,2023-10-27
invalid,81157-794-110,149.0,146,1,2023-12-04,2023-12-29
invalid,67128-QR7-120,149.0,146,2,2022-01-04,2022-01-25
W001,65607-011-NB,149.0,136,1,2022-01-02,2022-01-14
invalid,67486-001-130,149.0,136,1,2022-04-03,2022-05-20
W001,67860-WV1-100,149.0,145,2,2022-05-19,2022-07-21
invalid,65615-SQ5-80,149.0,147,1,2022-01-03,2022-03-25
W001,51042-SR4-50,149.0,145,3,2022-04-05,2022-07-02
invalid,64331-DA0-S,149.0,144,4,2022-10-25,2023-01-27
invalid,60413-TV8-85,149.0,137,1,2022-01-02,2022-02-06
W001,62027-PB4-85,149.0,148,2,2022-02-15,2022-06-17
invalid,55460-VD8-130,149.0,146,1,2022-07-04,2022-07-11
invalid,45346-1DH-90,149.0,145,1,2024-01-19,2024-03-07
invalid,62027-VW8-85,149.0,141,1,2022-06-01,2022-06-25
invalid,80455-A38-90,149.0,146,1,2023-08-02,2024-01-11
invalid,67773-WU6-70,149.0,148,1,2022-05-11,2022-07-01
invalid,67767-WW6-90,149.0,147,1,2022-05-12,2022-07-13
W001,43197-B42-100,149.0,146,1,2022-05-24,2022-07-11
invalid,67854-NV2-85,148.0,146,1,2022-06-29,2022-07-17
invalid,67704-WY2-120,148.0,144,1,2022-04-29,2022-05-26
invalid,65761-UE5-XL,148.0,129,1,2022-06-30,2022-07-28
invalid,46153-GK3-85,148.0,125,2,2023-04-27,2024-02-02
invalid,68144-GF2-85,148.0,147,1,2022-07-23,2022-12-28
W001,67490-WX8-100,148.0,146,3,2022-06-07,2022-07-24
invalid,46239-A91-85,148.0,143,3,2022-09-26,2022-12-09
invalid,67472-VX6-150,148.0,147,1,2022-02-28,2022-05-30
W001,50763-UD9-M,148.0,114,2,2022-01-25,2022-06-28
W001,67711-WZ1-80,148.0,147,1,2022-05-10,2022-07-04
W001,67408-WT7-100,148.0,147,3,2022-04-19,2022-06-22
invalid,60600-VV2-120,147.0,144,3,2022-05-27,2022-06-10
invalid,82816-2RS-150,147.0,139,2,2024-09-20,2025-04-22
invalid,60356-VU6-100,147.0,143,1,2023-06-28,2023-07-16
W001,67419-A71-150,147.0,144,2,2022-05-20,2022-07-22
W001,60600-WV1-100,147.0,146,1,2022-04-19,2022-05-21
invalid,67773-WX3-50,147.0,144,2,2022-04-19,2022-07-12
invalid,65653-WJ4-100,147.0,146,1,2022-01-17,2022-05-27
invalid,67526-85H-90,147.0,145,1,2022-12-27,2023-01-13
invalid,60600-VW2-130,147.0,141,2,2022-05-04,2022-05-30
invalid,80131-221-110,147.0,146,1,2022-12-30,2023-01-13
invalid,65591-WM5-90,147.0,142,1,2022-02-03,2022-04-21
invalid,43197-011-130,147.0,142,1,2022-04-26,2022-06-06
invalid,67331-RR5-130,147.0,144,1,2022-01-16,2022-07-05
invalid,65714-85H-100,147.0,142,3,2022-03-09,2023-06-25
invalid,67414-85H-130,147.0,146,1,2022-01-16,2022-04-28
invalid,67298-UZ1-120,147.0,144,1,2022-01-12,2022-05-03
W001,67633-AV3-120,146.0,143,2,2022-05-29,2022-07-01
invalid,82791-39T-75,146.0,146,1,2025-06-27,2025-11-14
invalid,67374-WW6-140,146.0,142,1,2022-06-17,2022-07-18
W001,65203-FU8-L,146.0,137,4,2022-01-06,2022-05-08
invalid,67217-75Z-90,145.0,142,3,2022-10-24,2023-01-02
W001,67691-BD4-110,145.0,142,3,2022-05-03,2022-07-02
W001,67522-WF3-110,145.0,141,1,2022-05-24,2022-06-18
invalid,67419-VX9-130,145.0,141,3,2022-03-27,2023-03-13
invalid,67379-AM7-140,145.0,143,2,2022-01-15,2022-05-05
invalid,43205-A91-90,145.0,137,2,2023-01-19,2023-06-28
invalid,65602-WM5-75,145.0,143,1,2022-04-01,2022-05-09
W001,67767-VU6-60,145.0,145,1,2022-05-10,2022-07-15
W001,33175-16N-150,145.0,136,2,2022-01-06,2022-08-02
invalid,65591-WM5-85,145.0,142,1,2022-02-03,2022-04-11
invalid,67517-VS7-85,144.0,140,1,2022-01-31,2022-12-02
invalid,45850-NV2-90,144.0,143,3,2022-02-19,2022-07-05
invalid,50763-QP2-L,144.0,126,1,2022-01-02,2022-07-27
invalid,82816-2RS-140,144.0,140,3,2024-09-25,2025-07-28
invalid,80033-XT1-120,144.0,142,1,2022-10-20,2022-12-05
invalid,67408-WQ1-130,144.0,143,1,2022-07-10,2022-07-26
W001,67865-WU6-85,144.0,141,1,2022-04-04,2022-07-07
invalid,67472-EH3-130,144.0,144,2,2022-01-21,2022-03-28
invalid,65666-B42-150,144.0,143,1,2022-01-30,2022-07-01
invalid,80467-252-110,144.0,142,1,2023-03-23,2023-04-20
invalid,67385-G31-130,144.0,141,1,2022-07-04,2022-07-21
invalid,64331-DA0-L,144.0,124,2,2022-09-22,2023-11-18
W001,67680-WY7-120,143.0,142,1,2022-04-07,2022-06-22
invalid,60599-PH7-160,143.0,134,1,2022-05-26,2022-07-26
invalid,67427-VU6-130,143.0,138,1,2022-04-25,2022-05-17
invalid,59818-M23-85,143.0,138,2,2022-11-03,2022-12-17
W001,47052-NN9-110,143.0,139,4,2022-01-12,2024-12-12
W001,82778-GK3-120,143.0,140,1,2024-12-29,2025-04-14
invalid,67242-VM9-60,143.0,139,1,2022-07-31,2022-11-23
W001,67678-015-110,143.0,140,1,2022-06-20,2022-08-01
invalid,67175-B42-100,143.0,140,1,2022-01-02,2022-01-10
invalid,52606-G84-7,143.0,135,9,2022-01-19,2023-03-19
W001,67275-WB2-120,142.0,139,2,2022-02-10,2022-05-22
invalid,80969-004-100,142.0,141,1,2023-10-10,2024-01-03
invalid,67281-VP4-120,142.0,142,1,2022-02-16,2022-03-27
invalid,68118-XJ5-130,142.0,140,1,2022-10-01,2022-10-24
invalid,80452-942-150,142.0,140,1,2023-07-21,2024-01-16
invalid,67759-WZ1-70,142.0,141,1,2022-04-06,2022-06-04
W001,60356-WU4-130,142.0,141,2,2022-06-18,2022-07-12
invalid,82816-2RS-120,142.0,131,2,2025-05-10,2025-08-02
invalid,67241-SR4-70,142.0,140,3,2022-01-20,2022-03-08
W001,67862-WY2-85,142.0,141,1,2022-06-07,2022-06-30
invalid,67379-PH7-100,141.0,140,1,2022-01-22,2022-05-27
invalid,68125-QX6-110,141.0,135,2,2022-10-20,2022-11-22
invalid,68126-EA2-100,141.0,140,2,2023-07-21,2023-09-17
W001,67873-015-130,141.0,140,6,2022-05-08,2022-06-28
W001,67377-A91-140,141.0,108,1,2022-03-13,2022-04-10
W001,67472-WZ5-140,141.0,136,1,2022-06-13,2022-07-12
invalid,67512-VZ1-100,141.0,138,1,2022-07-01,2022-07-14
invalid,67994-WV9-110,141.0,140,1,2022-10-28,2022-11-30
invalid,67404-413-140,141.0,141,1,2023-04-05,2023-06-05
invalid,80393-930-100,141.0,139,1,2023-07-25,2024-01-05
W001,67579-PG2-110,141.0,134,2,2022-05-29,2022-08-01
W001,67486-78M-100,141.0,138,1,2022-05-24,2022-06-24
invalid,67853-WW6-100,141.0,138,1,2022-04-16,2022-06-01
W001,67486-001-120,140.0,131,1,2022-05-24,2022-06-16
W001,67851-VU6-110,140.0,139,2,2022-05-10,2022-07-08
invalid,67441-WM4-70,140.0,140,1,2022-04-11,2022-07-10
invalid,80033-XV8-120,140.0,137,1,2022-12-31,2023-01-05
invalid,81553-76X-50,140.0,139,2,2024-08-10,2025-08-09
invalid,67486-G31-120,140.0,139,1,2022-05-24,2022-06-14
W001,67867-WV1-85,140.0,138,1,2022-05-03,2022-05-31
invalid,67878-WX4-120,140.0,140,2,2022-06-25,2022-07-05
invalid,68069-XV7-80,140.0,138,1,2022-09-22,2022-11-28
W001,42318-75Z-75,140.0,138,3,2022-01-02,2022-06-05
invalid,68037-XG3-100,140.0,140,1,2022-07-28,2023-01-09
invalid,67531-38T-100,140.0,138,1,2022-07-01,2022-07-14
invalid,52309-WQ7-M,140.0,136,1,2022-08-22,2022-09-21
invalid,52309-WQ9-M,140.0,107,1,2022-05-19,2022-07-06
invalid,52558-QX3-XS,140.0,138,2,2022-01-03,2022-07-26
invalid,67374-WC9-100,139.0,137,2,2022-01-14,2022-05-22
invalid,45359-DW1-100,139.0,137,1,2022-04-29,2022-06-18
W001,45346-015-90,139.0,130,1,2022-01-02,2022-03-15
W001,55461-TK4-110,139.0,133,1,2022-01-26,2022-06-06
invalid,67440-VU6-80,139.0,138,1,2022-05-24,2022-07-17
invalid,52081-GA5-140,139.0,137,1,2022-04-08,2022-07-15
invalid,81371-1DH-110,139.0,139,1,2024-01-16,2024-03-07
invalid,81535-VZ2-60,139.0,137,1,2024-09-29,2025-06-09
W001,65203-75Z-XL,139.0,119,9,2022-01-11,2022-04-07
W001,36086-NV2-80,138.0,134,1,2022-01-02,2022-01-14
W001,67719-WX6-80,138.0,136,1,2022-06-04,2022-06-28
W001,66940-SR4-50,138.0,138,1,2022-01-02,2022-02-06
invalid,67436-WQ1-60,138.0,137,5,2022-01-28,2022-04-28
W001,67793-WT7-75,138.0,137,1,2022-06-22,2022-07-20
W001,67408-WW6-130,138.0,136,1,2022-05-26,2022-07-11
W001,67490-WX1-120,138.0,132,1,2022-06-14,2022-08-01
invalid,68007-XE3-120,138.0,137,1,2022-12-14,2023-01-03
W001,67602-WS9-140,138.0,136,1,2022-06-21,2022-06-30
invalid,68125-036-120,137.0,134,2,2022-11-30,2023-01-22
invalid,80033-XT8-90,137.0,131,1,2022-12-29,2023-01-03
invalid,33081-WL0-70,137.0,134,2,2022-03-10,2022-07-08
invalid,67408-78M-140,137.0,137,1,2022-04-05,2022-07-27
invalid,67217-75Z-120,137.0,133,1,2022-01-03,2022-01-12
invalid,80141-VD8-100,137.0,131,2,2022-10-20,2022-12-26
invalid,66733-264-100,137.0,136,1,2023-06-03,2023-10-29
W001,67477-WN7-120,136.0,134,1,2022-02-21,2022-05-19
invalid,66719-XC8-120,136.0,134,1,2023-01-06,2023-01-18
invalid,80124-76X-75,136.0,133,2,2022-10-13,2023-11-30
invalid,66994-Q84-XL,136.0,121,1,2022-01-07,2022-02-06
invalid,67482-JA1-130,136.0,131,1,2022-02-02,2022-07-13
W001,67396-WV1-140,136.0,133,2,2022-05-04,2022-07-25
invalid,55460-WK2-140,136.0,134,1,2022-01-23,2022-07-05
W001,65735-990-M,136.0,127,3,2022-01-02,2022-07-29
invalid,67475-WL6-140,136.0,132,1,2022-02-16,2022-07-28
invalid,80451-942-100,136.0,133,1,2023-07-21,2024-01-06
invalid,67283-85H-140/150,136.0,134,2,2022-01-02,2022-07-08
invalid,68119-XE3-90,136.0,131,1,2022-10-26,2022-12-23
W001,42318-75Z-70,136.0,130,4,2022-01-05,2022-07-08
invalid,67992-XH5-90,135.0,132,1,2022-09-03,2022-10-10
invalid,67122-PT0-110,135.0,132,3,2022-01-03,2022-01-13
invalid,80690-450-110,135.0,134,1,2024-01-15,2024-03-06
invalid,67444-B42-85,135.0,134,2,2022-01-17,2022-06-23
invalid,67558-GD6-110,135.0,135,1,2022-04-11,2022-07-10
invalid,60599-PH7-130,135.0,134,2,2022-01-02,2022-04-02
invalid,59852-010-120,135.0,124,5,2022-12-30,2023-01-06
W001,56613-PF2-100,134.0,128,1,2022-03-25,2022-04-20
W001,67408-WW6-100,134.0,131,3,2022-04-24,2022-07-01
W001,43197-V98-130,134.0,131,1,2022-05-24,2022-07-04
invalid,81092-740-100,134.0,134,1,2023-10-08,2023-12-30
invalid,67048-23T-110,134.0,134,1,2022-08-28,2022-09-08
W001,58662-85H-L,134.0,131,1,2022-05-22,2022-08-03
invalid,80452-942-140,134.0,134,1,2023-08-15,2023-11-29
invalid,54054-PT0-L,134.0,126,1,2022-01-02,2022-04-28
invalid,51194-011-85,134.0,123,1,2022-01-07,2022-03-26
invalid,67486-NV2-120,134.0,132,1,2022-01-09,2022-03-17
invalid,67404-VS7-90,134.0,132,1,2022-01-20,2022-07-14
invalid,67197-76X-110,134.0,130,1,2023-01-16,2023-03-03
invalid,44403-75Z-L,134.0,129,3,2023-10-15,2024-01-19
W001,67239-011-80,134.0,131,5,2022-01-02,2022-06-03
W001,60356-WW6-110,134.0,134,1,2022-06-13,2022-07-14
W001,67399-WW6-130,133.0,131,3,2022-06-13,2022-08-02
invalid,68125-757-110,133.0,128,1,2024-01-04,2024-01-16
invalid,67363-WK4-140,133.0,132,1,2022-02-15,2022-05-09
W001,60600-WX3-100,133.0,130,1,2022-04-30,2022-05-25
invalid,67855-M91-90,133.0,132,1,2022-05-10,2022-07-04
invalid,80461-316-110,133.0,131,1,2023-05-25,2023-07-03
invalid,55460-WK2-100,133.0,132,1,2022-01-23,2022-03-31
W001,67871-78M-150,133.0,130,1,2022-07-01,2022-07-15
invalid,66940-B42-50,133.0,131,2,2022-01-02,2022-04-14
invalid,66073-KL4-150,133.0,132,1,2022-05-24,2022-07-15
invalid,67523-C57-90,132.0,131,2,2022-01-19,2022-06-27
invalid,80983-851-100,132.0,130,1,2023-08-28,2023-09-23
W001,67506-EF5-100,132.0,131,2,2022-05-22,2022-08-02
invalid,66962-PJ9-90,132.0,127,1,2022-01-02,2022-03-03
invalid,81074-560-140,132.0,131,1,2023-10-08,2023-11-05
invalid,67376-WM7-100,132.0,128,2,2022-02-25,2022-04-30
invalid,68164-880-1Y/3Y,132.0,121,1,2023-10-09,2023-10-23
invalid,67408-78M-110,132.0,132,1,2022-02-16,2022-05-26
W001,58662-85H-XS,132.0,128,1,2022-06-08,2022-08-02
W001,67576-WD9-130,132.0,127,3,2022-04-06,2022-08-01
W001,62027-PB4-70,132.0,131,1,2022-03-09,2022-04-22
invalid,67706-WY2-75,132.0,130,1,2022-05-20,2022-07-01
invalid,66971-VD4-130,132.0,131,1,2022-01-02,2022-02-07
invalid,80451-975-120,132.0,131,1,2023-12-17,2024-01-15
invalid,43205-A91-150,132.0,84,1,2023-07-06,2023-08-08
invalid,82815-2RS-140,132.0,130,1,2024-09-22,2024-12-02
invalid,51057-011-120,132.0,124,1,2022-04-30,2022-07-26
invalid,45346-011-90,131.0,124,2,2023-05-11,2023-12-01
invalid,50979-VS1-90,131.0,129,1,2022-01-03,2022-03-28
invalid,80079-023-85,131.0,129,1,2022-11-16,2022-11-27
invalid,80134-XT9-90,131.0,130,2,2022-09-20,2023-01-16
invalid,67494-SW4-140,131.0,131,1,2022-05-30,2022-07-15
invalid,67996-A21-130,131.0,129,1,2022-10-26,2022-12-01
invalid,67239-AM7-85,131.0,126,1,2022-07-07,2022-07-20
W001,67521-G31-150,131.0,126,1,2022-04-10,2022-06-13
W001,61948-WW6-L,131.0,130,1,2022-05-20,2022-07-12
invalid,67557-WC9-70,131.0,130,1,2023-01-05,2023-05-08
invalid,67377-C57-130,131.0,131,1,2022-03-09,2022-04-21
invalid,45346-A91-140,131.0,108,1,2022-01-16,2022-03-04
invalid,41378-A91-110,131.0,111,3,2022-11-05,2023-02-08
invalid,67731-WW6-70,131.0,131,1,2022-04-29,2022-05-12
invalid,65738-001-XL,130.0,83,3,2022-01-25,2022-10-30
invalid,47053-NN9-70,130.0,128,1,2022-11-21,2022-11-26
invalid,67455-WL0-80,130.0,127,1,2022-06-06,2022-07-23
invalid,65714-85H-120,130.0,127,6,2022-04-04,2022-06-28
invalid,67555-WD5-60,130.0,129,1,2022-05-24,2022-07-04
invalid,67485-SR4-110,130.0,128,1,2022-01-10,2022-03-12
invalid,67486-259-120,130.0,124,1,2023-08-08,2023-10-21
invalid,33081-WF3-70,130.0,129,2,2022-03-13,2022-06-17
invalid,67517-VW2-110,130.0,129,2,2022-05-25,2023-06-26
invalid,67591-SJ7-130,130.0,126,1,2022-05-30,2022-07-31
W001,67485-78M-110,130.0,124,1,2022-03-09,2022-04-15
invalid,67731-WW6-75,130.0,128,1,2022-04-29,2022-05-12
invalid,67409-WV1-120,130.0,126,1,2022-07-11,2022-07-26
invalid,67044-KZ6-85,130.0,128,1,2023-07-20,2023-09-02
W001,67517-WM4-120,130.0,129,1,2022-05-24,2022-06-26
invalid,80849-45H-110,130.0,127,1,2024-01-09,2024-01-14
invalid,80134-036-90,130.0,128,1,2022-09-24,2022-12-28
invalid,67214-SR4-100,130.0,129,1,2022-01-02,2022-03-25
W001,65633-J81-100,130.0,129,1,2022-01-02,2022-01-18
invalid,67404-VU6-110,130.0,130,1,2022-03-22,2022-06-01
invalid,67960-015-120,130.0,129,1,2022-08-02,2022-10-14
invalid,67873-WV5-85,130.0,129,1,2022-04-01,2022-06-30
W001,50754-WQ9-S,130.0,112,1,2022-05-24,2022-07-05
invalid,60599-446-110,130.0,127,1,2023-04-06,2023-07-06
W001,67765-XA4-80,129.0,126,1,2022-06-05,2022-07-25
invalid,67375-76X-85,129.0,125,3,2022-02-06,2022-05-31
invalid,67520-VX7-110,129.0,126,1,2022-06-05,2022-07-14
invalid,67855-VZ1-150,129.0,128,1,2022-05-12,2022-07-04
invalid,66934-BD4-80,129.0,126,1,2022-01-04,2022-05-31
invalid,43197-VX9-110,129.0,123,1,2022-01-14,2022-03-09
invalid,80033-XV8-110,129.0,129,2,2022-10-23,2023-01-25
invalid,67391-WL0-140,129.0,128,2,2022-01-07,2022-07-10
invalid,50282-VP5-M,129.0,118,2,2022-04-08,2022-07-01
invalid,66073-PF4-90,129.0,124,1,2022-07-18,2022-07-25
invalid,67404-SK3-110,129.0,129,2,2022-11-13,2023-01-11
invalid,67485-NV2-100,129.0,127,1,2022-01-10,2022-04-24
W001,67399-WU4-140,129.0,128,2,2022-05-17,2022-08-01
invalid,67525-G31-110,129.0,128,1,2022-01-29,2022-04-02
W001,60535-B42-S,129.0,126,2,2022-02-13,2022-07-25
invalid,60612-VW5-150,129.0,125,1,2022-02-17,2022-04-08
invalid,67577-PG5-90,129.0,126,1,2022-06-20,2022-07-11
W001,67490-WX8-90,129.0,129,3,2022-06-21,2022-07-28
invalid,47684-WF8-120,129.0,124,1,2022-05-23,2022-05-31
invalid,67557-85H-75,128.0,127,1,2022-02-24,2022-04-20
W001,67784-SR4-90,128.0,127,1,2022-05-31,2022-07-20
invalid,68027-190-110,128.0,127,3,2022-08-31,2023-01-23
W001,67589-AI1-130,128.0,125,1,2022-06-22,2022-07-29
invalid,66640-NV1-110,128.0,119,1,2022-01-02,2022-01-07
invalid,67418-VW2-120,128.0,126,2,2022-04-01,2022-07-20
invalid,67692-WN1-140,128.0,128,1,2022-04-12,2022-07-28
invalid,45039-PG7-1Y,128.0,105,1,2022-11-27,2022-12-19
W001,66640-JB1-100,127.0,127,1,2022-01-05,2022-07-29
invalid,80408-A71-100,127.0,126,1,2023-09-02,2024-01-05
invalid,67206-M23-110,127.0,122,2,2022-01-02,2022-04-06
invalid,67352-VS7-100,127.0,126,1,2022-03-07,2022-07-03
invalid,67352-VS7-110,127.0,125,1,2022-02-21,2022-07-08
invalid,67690-GK3-100,127.0,126,1,2022-05-11,2022-07-12
invalid,67410-303-110,127.0,126,1,2023-07-07,2023-07-17
invalid,43205-011-85,127.0,122,3,2023-01-02,2024-03-06
invalid,68031-XM5-110,127.0,125,2,2022-12-01,2023-01-18
W001,60600-WW6-160,127.0,123,1,2022-05-22,2022-07-19
invalid,80983-846-110,126.0,124,2,2023-09-01,2024-01-07
invalid,58661-521-XL,126.0,114,1,2023-12-11,2024-02-11
invalid,44403-Q84-S,126.0,122,2,2022-01-10,2022-06-28
W001,61948-WX3-S,126.0,122,4,2022-04-25,2022-07-22
invalid,67731-WW6-60,126.0,124,1,2022-04-12,2022-05-17
invalid,67374-VU7-110,126.0,125,2,2022-01-11,2022-07-22
W001,43197-B42-140,126.0,122,1,2022-05-25,2022-07-13
invalid,59852-XT2-140,126.0,119,4,2023-11-25,2023-11-29
invalid,45850-011-130,126.0,120,2,2022-01-03,2022-07-14
invalid,62027-VV2-80,126.0,125,1,2022-01-14,2022-03-03
invalid,67419-VX9-90,126.0,124,1,2022-02-03,2022-04-05
invalid,65591-WM6-60,125.0,122,1,2022-02-02,2022-04-07
invalid,84001-2VA-M,125.0,113,1,2025-10-15,2025-11-17
invalid,67523-C57-100,125.0,124,1,2022-02-08,2022-06-29
W001,67297-VP5-XL,125.0,118,1,2022-03-06,2022-07-01
invalid,67501-015-100,125.0,119,3,2022-03-17,2023-10-03
invalid,67404-VW2-100,125.0,123,1,2023-07-09,2023-07-29
W001,65606-011-50,125.0,119,1,2022-01-02,2022-01-11
invalid,67871-015-140,125.0,121,2,2022-03-30,2022-06-07
invalid,43205-NV2-85,125.0,119,2,2022-04-25,2022-07-08
invalid,80044-XT9-140,125.0,123,1,2022-10-19,2022-11-12
invalid,67390-WL0-120,125.0,125,1,2022-01-03,2022-03-10
invalid,67994-XB5-120,125.0,120,1,2022-10-07,2022-12-05
W001,67517-WM4-110,125.0,121,1,2022-05-24,2022-07-15
invalid,67765-XA4-90,125.0,124,1,2022-06-04,2022-08-02
W001,67705-DK4-100,125.0,125,1,2022-07-01,2022-07-31
invalid,43197-VX9-150,125.0,120,1,2022-01-23,2022-07-02
W001,51042-NV2-60,125.0,124,3,2022-04-05,2022-06-09
invalid,66987-VF5-120,125.0,122,1,2022-01-04,2022-01-11
invalid,80455-A38-110,125.0,125,1,2024-01-13,2024-01-28
invalid,59781-GF2-110,125.0,123,2,2022-11-21,2022-12-08
W001,67275-WB2-130,125.0,124,1,2022-02-10,2022-04-20
invalid,41378-M23-100,125.0,120,4,2022-11-30,2023-02-03
invalid,59818-HI7-130,125.0,124,1,2022-01-06,2022-01-17
invalid,47681-VP5-150,125.0,121,1,2022-05-20,2022-06-01
invalid,57538-GD6-80,124.0,123,3,2022-01-03,2022-06-30
W001,67688-76X-100,124.0,119,1,2022-06-16,2022-06-27
invalid,81249-705-50,124.0,122,1,2023-10-24,2024-01-03
invalid,65591-WM6-80,124.0,122,1,2022-02-01,2022-03-17
invalid,33218-TD4-120,124.0,121,1,2022-02-16,2022-03-17
invalid,67189-VH3-130,124.0,122,1,2022-01-15,2022-03-12
invalid,67762-WX4-75,124.0,123,2,2022-05-20,2022-07-05
invalid,81091-740-110,124.0,123,2,2023-11-26,2024-02-05
W001,67419-UU6-150,124.0,122,1,2022-05-23,2022-07-17
invalid,81121-742-110,124.0,123,6,2023-11-25,2024-01-12
invalid,67871-G31-150,124.0,121,1,2022-05-27,2022-07-12
invalid,68014-XH6-90,124.0,122,2,2022-10-10,2022-12-28
invalid,68036-XJ4-120,124.0,122,1,2023-06-30,2023-07-19
invalid,62027-WV7-90,124.0,121,1,2022-06-03,2022-07-28
invalid,80854-CK7-85,123.0,122,1,2023-12-27,2024-01-03
invalid,67690-38T-130,123.0,121,1,2022-05-19,2022-07-13
invalid,80652-990-100,123.0,121,1,2023-03-22,2023-07-01
invalid,81074-461-85,123.0,122,1,2023-10-06,2023-11-22
invalid,36086-M23-80,123.0,122,2,2022-04-14,2022-07-01
invalid,65615-SQ5-85,123.0,120,1,2022-01-05,2022-04-16
invalid,59852-VK2-85,123.0,119,1,2022-01-02,2022-01-11
invalid,67486-G31-130,123.0,121,1,2022-05-24,2022-06-10
invalid,67486-SR4-130,123.0,113,2,2022-01-04,2022-06-08
W001,67379-015-90,123.0,122,1,2022-06-10,2022-07-14
invalid,67363-WM9-100,123.0,121,1,2022-07-01,2022-07-12
invalid,40152-M23-2,123.0,112,2,2022-02-28,2022-04-10
invalid,65743-C57-80,123.0,123,1,2022-01-02,2022-01-12
W001,50979-VS1-150,123.0,117,1,2022-02-05,2022-05-28
invalid,67493-WL9-150,123.0,122,2,2022-01-11,2022-04-30
invalid,67238-011-90,123.0,121,1,2022-03-04,2022-06-07
invalid,67860-WT6-150,123.0,122,2,2022-05-20,2022-07-13
invalid,67414-VU6-120,123.0,121,1,2022-01-17,2022-04-19
invalid,55460-WK8-110,123.0,123,1,2022-05-05,2022-07-04
W001,67506-G31-110,123.0,122,1,2022-04-29,2022-07-01
invalid,67501-SR4-140,123.0,115,3,2022-01-17,2022-10-13
invalid,66934-BD4-75,123.0,123,1,2022-04-20,2022-06-01
invalid,66934-JB3-90,123.0,122,1,2022-05-04,2022-06-21
invalid,67360-VU9-85,122.0,122,2,2022-03-13,2022-07-11
invalid,65666-B42-130,122.0,122,2,2022-01-14,2022-05-10
invalid,67490-SK3-110,122.0,118,1,2022-01-08,2022-03-27
invalid,67373-78M-140,122.0,119,1,2022-02-03,2022-05-30
invalid,80983-845-110,122.0,120,2,2023-10-26,2023-11-23
invalid,67357-AM7-110,122.0,120,1,2022-01-26,2022-03-11
invalid,67412-SR4-110,122.0,121,1,2022-02-02,2022-04-26
W001,66073-PF4-85,122.0,122,1,2022-03-05,2022-07-22
W001,67513-WV1-M,122.0,120,3,2022-05-08,2022-07-31
W001,67731-WV1-85,122.0,120,2,2022-05-07,2022-07-04
invalid,67175-76X-130,122.0,118,1,2022-01-03,2022-01-12
invalid,80134-036-100,122.0,120,1,2022-09-20,2022-12-19
invalid,67878-WX4-130,122.0,121,2,2022-06-25,2022-07-03
invalid,65615-SQ5-70,122.0,122,1,2022-01-05,2022-03-28
invalid,60395-VJ7-130,121.0,121,1,2022-01-02,2022-01-09
invalid,67501-SR4-110,121.0,109,2,2022-11-30,2023-11-28
W001,50659-B42-1,121.0,115,2,2022-01-04,2022-05-04
invalid,80318-TS5-120,121.0,117,1,2023-02-12,2023-02-27
invalid,67273-WC1-120,121.0,118,1,2022-01-05,2022-03-20
W001,67513-WV1-L,121.0,120,2,2022-06-07,2022-07-22
invalid,67395-WH8-110,121.0,114,1,2022-01-13,2022-03-19
invalid,80492-JB4-120,121.0,120,1,2023-03-22,2023-05-11
invalid,67494-SW4-120,121.0,121,1,2022-05-25,2022-07-06
invalid,80134-XT7-110,121.0,117,1,2022-09-20,2022-12-27
invalid,80393-930-110,121.0,120,1,2023-07-21,2023-10-24
invalid,80131-213-110,121.0,118,1,2022-12-27,2023-01-02
invalid,67501-NV2-110,121.0,120,1,2022-03-08,2022-05-09
W001,65203-Q84-L,121.0,111,6,2022-01-06,2022-02-24
invalid,67374-WC9-90,121.0,120,2,2022-01-18,2022-05-18
invalid,67513-SK3-M,121.0,118,2,2022-01-10,2022-12-19
W001,67460-VX9-120/130,121.0,120,2,2022-03-01,2022-07-22
invalid,68016-XJ4-110,121.0,117,1,2022-10-05,2022-11-14
W001,82484-3AH-60,121.0,103,3,2024-10-08,2026-06-09
invalid,62027-WX7-75,121.0,120,1,2023-05-08,2023-07-04
W001,81339-38B-130,121.0,119,1,2025-03-15,2025-04-15
invalid,67593-NN0-100,121.0,121,1,2022-04-15,2022-07-09
W001,67759-WZ1-75,121.0,121,2,2022-05-09,2022-06-30
invalid,67221-VZ1-90,121.0,121,2,2022-01-22,2022-07-07
W001,62027-TW2-70,121.0,120,2,2022-02-03,2022-04-16
invalid,80451-356-140,121.0,118,1,2023-02-01,2023-05-09
invalid,67309-WD9-80,120.0,118,1,2022-01-11,2022-02-15
invalid,67379-VU6-140,120.0,118,2,2022-01-19,2022-07-02
invalid,67616-WE3-130,120.0,117,2,2022-04-28,2022-06-23
invalid,65642-VW2-130,120.0,119,1,2022-03-23,2022-04-20
invalid,67563-C57-110,120.0,118,1,2022-07-03,2022-07-13
invalid,80983-851-110,120.0,119,2,2023-08-31,2023-10-24
invalid,67472-G31-90,120.0,120,1,2022-01-23,2022-05-03
invalid,67366-WM9-110,120.0,119,1,2022-03-20,2022-05-02
invalid,67526-990-110,120.0,117,1,2023-07-24,2023-07-28
invalid,68119-XM5-140,120.0,119,1,2022-11-23,2022-12-28
W001,67773-WX3-90,120.0,119,3,2022-05-25,2022-07-27
invalid,68022-M23-120,120.0,117,1,2022-12-28,2023-01-03
invalid,61959-WX6-S,120.0,110,2,2022-05-18,2022-07-12
invalid,60695-62S-2Y,120.0,116,4,2022-05-30,2022-07-09
W001,67375-WC9-140,120.0,119,1,2022-03-09,2022-05-09
invalid,67490-SK3-100,120.0,117,1,2022-01-06,2022-03-27
invalid,67517-WM4-140,120.0,118,1,2022-01-18,2022-03-22
invalid,60363-367-90,120.0,119,1,2023-01-14,2023-04-22
invalid,67472-56X-120,120.0,119,2,2022-01-23,2022-06-03
invalid,67563-G31-120,120.0,118,1,2022-05-24,2022-06-30
invalid,67755-WV4-85,120.0,118,1,2022-05-11,2022-07-05
invalid,67389-WH8-150,120.0,117,1,2022-01-18,2022-03-15
invalid,80454-SR4-150,120.0,118,1,2023-07-22,2023-12-31
invalid,66689-WY2-90,120.0,115,2,2022-04-20,2022-07-01
invalid,67048-T07-90,120.0,118,1,2022-08-29,2022-09-14
invalid,80434-990-110,120.0,119,1,2023-08-01,2023-12-18
invalid,80134-XT9-100,120.0,119,1,2022-09-20,2022-10-27
invalid,67217-VJ7-100,120.0,115,3,2022-11-29,2023-01-02
invalid,80261-359-110,120.0,119,1,2023-07-14,2023-07-18
invalid,60599-RY2-110,120.0,115,3,2023-02-02,2023-09-15
W001,67854-M91-110,119.0,117,1,2022-07-18,2022-07-21
invalid,67616-WE3-100,119.0,116,2,2022-04-21,2022-07-27
W001,67506-28E-90,119.0,119,1,2022-05-25,2022-07-19
invalid,52171-XD9-75,119.0,118,1,2023-09-23,2023-10-05
invalid,67377-VX9-150,119.0,113,2,2022-07-19,2023-03-23
W001,46239-C57-80,119.0,117,1,2022-02-10,2022-06-03
W001,67887-WW3-100,119.0,117,1,2022-06-20,2022-08-01
invalid,68021-VX9-110,119.0,118,2,2022-09-01,2023-01-22
invalid,66363-SJ8-110,119.0,117,2,2022-03-09,2022-07-26
invalid,58661-523-L,119.0,116,1,2024-01-05,2024-01-15
invalid,80098-020-M,119.0,108,1,2023-10-19,2023-11-03
invalid,67848-V98-85,119.0,115,1,2022-06-29,2022-07-10
invalid,61124-NV2-80,119.0,117,1,2022-01-02,2022-02-06
invalid,67375-333-100,119.0,117,1,2023-01-22,2023-04-11
invalid,67680-WY8-120,119.0,119,2,2022-04-07,2022-07-19
W001,81535-VZ2-50,119.0,117,2,2024-10-10,2025-04-11
invalid,67862-WY2-100,119.0,119,1,2022-06-25,2022-06-30
invalid,60604-NB1-M,119.0,115,1,2022-01-11,2022-01-18
invalid,67221-G31-130,118.0,118,2,2022-01-20,2022-07-03
invalid,55492-AS3-M,118.0,110,1,2022-04-26,2022-06-03
invalid,67865-PH7-110,118.0,116,1,2022-06-22,2022-07-09
invalid,58662-WS1-S,118.0,112,2,2022-06-08,2023-01-25
invalid,67691-258-140,118.0,116,1,2023-04-06,2023-07-12
invalid,52312-990-L,118.0,110,1,2022-03-10,2022-04-25
W001,67506-28E-130,118.0,115,1,2022-05-25,2022-07-07
invalid,67550-AM7-85,118.0,116,2,2022-02-02,2022-05-09
invalid,67870-V98-130,118.0,116,2,2022-06-25,2022-07-09
invalid,43197-G44-100,118.0,111,1,2023-06-05,2023-07-08
invalid,66741-UY3-80,118.0,113,1,2022-01-02,2022-01-26
invalid,80492-JB4-130,118.0,117,2,2023-03-22,2023-05-14
W001,65203-Q84-M,118.0,108,2,2022-01-07,2022-02-25
invalid,66973-77M-100,117.0,115,1,2022-01-02,2022-01-05
invalid,80433-424-100,117.0,114,1,2023-07-18,2023-08-19
invalid,62027-ST8-80,117.0,115,1,2022-12-29,2023-01-11
invalid,67745-WU4-85,117.0,113,1,2022-05-11,2022-07-13
invalid,68000-VH3-110,117.0,116,2,2022-09-14,2022-12-07
W001,67216-HI2-130,117.0,116,2,2022-03-26,2022-07-20
invalid,67593-NN0-90,117.0,117,1,2022-04-18,2022-07-19
invalid,67594-AT2-85,117.0,117,2,2022-04-25,2022-12-28
invalid,62027-VU7-50,117.0,115,1,2022-03-23,2022-05-18
invalid,59845-XU1-XL,117.0,112,3,2023-01-13,2023-12-07
invalid,65602-VM7-90,117.0,114,1,2022-01-09,2022-02-05
invalid,60600-WU9-90,117.0,115,3,2022-06-02,2022-07-01
W001,67518-VV8-90,117.0,117,1,2022-03-28,2022-08-01
invalid,68082-XJ2-70,117.0,116,1,2022-07-14,2022-09-08
invalid,66861-UZ7-100,117.0,114,1,2022-01-02,2022-01-18
invalid,67108-VN3-XXL,117.0,108,4,2022-01-08,2022-07-27
invalid,80433-343-100,117.0,117,2,2023-07-18,2023-08-24
invalid,82815-2RR-140,116.0,113,1,2024-09-24,2024-12-04
invalid,80983-848-140,116.0,114,2,2023-08-20,2024-01-15
W001,67241-B42-90,116.0,110,1,2022-07-18,2022-07-23
invalid,65597-WM4-85,116.0,114,1,2022-01-30,2022-04-08
invalid,62319-PG5-120,116.0,111,1,2022-07-01,2022-07-04
invalid,67357-VX6-120,116.0,116,1,2022-02-16,2022-03-27
invalid,67395-WL0-140,116.0,115,2,2022-01-23,2022-04-30
invalid,67475-WJ2-90,116.0,116,1,2022-01-04,2022-03-27
W001,67862-WY2-150,116.0,115,4,2022-05-18,2022-07-03
W001,67103-VJ4-M,116.0,112,5,2022-01-03,2022-05-03
invalid,67179-015-130,116.0,115,2,2022-01-10,2022-01-31
invalid,80134-XT7-90,116.0,113,2,2022-09-25,2023-01-27
invalid,67490-VU6-85,115.0,113,1,2022-01-24,2022-06-06
invalid,68020-XE3-85,115.0,115,1,2022-08-08,2022-09-24
invalid,61948-WW6-M,115.0,110,1,2022-06-07,2022-07-12
invalid,67539-VU7-S,115.0,111,1,2022-09-05,2022-11-09
invalid,67485-NV2-120,115.0,112,1,2022-06-26,2022-07-11
invalid,68027-188-100,115.0,113,1,2022-11-29,2023-01-15
invalid,67221-VZ1-150,115.0,114,2,2022-01-19,2022-07-11
W001,67857-WU4-140,115.0,113,2,2022-06-30,2022-07-25
W001,51891-GK3-140,115.0,87,1,2022-05-25,2022-07-19
invalid,80058-XT9-110,115.0,112,1,2022-12-08,2022-12-19
W001,67485-G31-120,115.0,114,1,2022-05-25,2022-06-06
invalid,65788-011-NB,115.0,108,1,2022-03-01,2022-04-06
invalid,80678-442-150,115.0,113,2,2023-04-11,2023-07-04
invalid,67445-990-50,115.0,114,2,2022-02-05,2022-07-04
invalid,42068-75Z-L,115.0,108,3,2022-01-06,2022-08-02
invalid,67367-SR7-130,114.0,114,3,2022-01-15,2022-04-29
invalid,81371-1DH-100,114.0,112,1,2024-01-17,2024-03-07
invalid,67298-UZ1-110,114.0,112,1,2022-01-12,2022-05-05
W001,67407-WQ1-140,114.0,112,1,2022-03-27,2022-06-26
invalid,68125-744-85,114.0,114,2,2023-11-11,2023-12-08
invalid,67423-WL1-3Y,114.0,104,1,2022-01-03,2022-04-14
invalid,80684-450-100,114.0,112,1,2023-05-24,2023-07-12
invalid,67271-WB7-110,114.0,112,1,2022-02-21,2022-07-21
W001,67681-70D-120,113.0,111,3,2022-04-05,2022-06-25
invalid,82035-22L-NB,113.0,112,1,2024-08-16,2025-07-09
invalid,67517-417-90,113.0,109,1,2023-03-08,2023-07-26
W001,67535-VX7-130,113.0,111,1,2022-07-16,2022-08-02
invalid,82035-1VH-NB,113.0,113,1,2024-08-09,2025-03-09
invalid,60783-VQ6-S,113.0,108,2,2022-02-27,2022-07-05
W001,67385-VX9-90,113.0,112,1,2022-04-28,2022-08-01
invalid,80408-A71-90,113.0,110,1,2023-04-28,2023-12-28
W001,67374-WV1-100,113.0,111,1,2022-07-07,2022-07-18
invalid,43197-A91-150,113.0,83,2,2022-02-09,2024-01-07
W001,66689-WV4-85,113.0,112,1,2022-06-20,2022-07-06
invalid,36086-B42-100,113.0,111,2,2022-01-02,2022-01-21
invalid,80311-RR5-120,113.0,111,1,2023-01-24,2023-03-18
invalid,60600-WW6-100,113.0,111,1,2022-05-19,2022-07-05
invalid,80451-942-140,113.0,112,1,2023-07-24,2023-12-07
invalid,67862-323-90,112.0,112,1,2023-07-08,2023-07-27
invalid,67861-WX2-85,112.0,110,1,2022-04-08,2022-05-26
W001,66073-GD6-130,112.0,112,1,2022-01-04,2022-03-21
W001,67557-85H-90,112.0,109,1,2022-03-12,2022-04-28
invalid,67414-85H-100,112.0,110,1,2022-02-15,2022-04-10
invalid,67594-AT2-140,112.0,112,1,2022-04-15,2022-07-27
invalid,67431-WG9-80,112.0,108,2,2022-01-19,2022-05-26
invalid,67517-SK3-120,112.0,111,1,2022-05-24,2022-06-18
invalid,65580-011-70,112.0,103,1,2022-01-02,2022-01-05
invalid,84001-2VA-S,112.0,106,1,2025-10-14,2025-11-25
invalid,59852-VK2-150,112.0,102,2,2022-01-11,2022-07-11
W001,55461-TK4-90,112.0,110,2,2022-01-23,2022-05-22
W001,43197-A91-85,112.0,108,1,2022-01-04,2022-06-08
invalid,52171-VL6-75,112.0,112,1,2023-09-23,2023-10-09
invalid,68126-A71-110,112.0,111,2,2023-07-21,2023-09-17
invalid,47761-302-100,111.0,107,2,2023-02-18,2023-03-23
invalid,67340-WE1-70,111.0,109,1,2022-03-05,2022-04-04
invalid,67250-JB3-60,111.0,107,1,2022-07-09,2022-07-16
W001,66994-PF2-M,111.0,100,2,2022-04-29,2022-06-09
invalid,60751-RM1-100,111.0,109,1,2023-08-28,2024-01-03
invalid,52706-FX9-130,111.0,110,3,2022-01-10,2022-10-06
invalid,67485-NV2-110,111.0,110,2,2022-05-21,2022-07-05
W001,47681-VP5-140,111.0,106,4,2022-02-23,2022-06-24
W001,62190-JB5-85,111.0,106,1,2022-03-02,2022-04-07
W001,67861-WW6-110,111.0,110,1,2022-06-12,2022-07-09
invalid,80455-260-100,111.0,108,1,2023-07-12,2023-07-19
invalid,61647-SC4-50,111.0,109,1,2023-09-01,2023-11-22
invalid,67233-VN2-70,111.0,109,1,2022-01-12,2022-02-22
W001,81423-766-70,111.0,109,1,2025-01-16,2025-04-16
invalid,80134-XT7-130,111.0,111,1,2022-09-23,2022-12-07
W001,52081-GA5-110,111.0,111,2,2022-03-09,2022-04-23
invalid,54062-NU7-100,111.0,109,2,2022-01-03,2022-07-04
invalid,67044-A79-85,111.0,109,1,2022-09-01,2022-11-24
invalid,67308-WD9-75,111.0,106,1,2022-02-21,2022-05-18
invalid,67731-WW6-80,111.0,107,1,2022-04-15,2022-05-10
invalid,80134-XT7-120,111.0,110,1,2022-09-20,2022-11-29
W001,61124-A91-85,111.0,110,2,2022-01-02,2022-01-12
W001,67477-WN7-130,111.0,108,1,2022-04-05,2022-06-01
invalid,67404-359-110,111.0,110,2,2023-03-28,2023-12-01
invalid,68012-XE6-110,111.0,110,2,2023-05-05,2023-05-31
W001,67905-WS9-140,111.0,108,1,2022-06-20,2022-07-05
invalid,80134-XT3-110,111.0,107,1,2022-09-20,2022-11-25
W001,45346-011-90,110.0,109,3,2022-01-02,2022-04-02
invalid,80134-XT9-130,110.0,107,1,2022-09-25,2022-11-01
invalid,66737-UY2-85,110.0,109,2,2022-01-02,2022-02-12
W001,67532-C57-130,110.0,109,4,2022-04-06,2022-07-30
invalid,80276-1AQ-85,110.0,109,1,2024-01-10,2024-01-25
W001,67680-WY8-140,110.0,104,2,2022-04-06,2022-07-16
invalid,67401-260-110,110.0,109,2,2023-04-04,2023-07-25
invalid,67549-M07-70,110.0,110,1,2022-06-15,2022-07-09
invalid,68119-912-140,110.0,109,1,2023-08-31,2023-09-23
invalid,66971-VG1-120,110.0,109,1,2022-01-02,2022-01-20
invalid,67860-WT6-120,110.0,109,1,2022-05-20,2022-07-03
invalid,67855-M91-150,110.0,109,1,2022-05-09,2022-07-12
invalid,81535-EF5-70,110.0,110,2,2024-08-11,2025-05-28
invalid,80134-XT9-120,110.0,109,1,2022-09-20,2022-10-24
invalid,80858-904-100,110.0,109,1,2023-11-05,2024-01-08
invalid,65580-SR4-75,110.0,106,1,2022-01-02,2022-01-10
invalid,65597-AM7-75,110.0,109,1,2022-01-14,2022-02-18
invalid,67592-WS7-130,110.0,106,1,2022-05-29,2022-07-17
invalid,80134-XT3-120,110.0,107,1,2022-09-20,2022-11-14
W001,81158-SR4-110,110.0,107,1,2025-01-03,2025-01-16
invalid,43197-GF2-120,110.0,110,1,2022-07-23,2022-09-02
invalid,67605-PH1-110,110.0,105,1,2022-04-14,2022-06-02
invalid,67878-WV5-90,110.0,109,1,2022-05-23,2022-07-05
invalid,67526-85H-140,110.0,108,1,2022-04-13,2022-05-25
W001,42068-75Z-M,110.0,98,4,2022-01-06,2022-08-01
W001,67791-WV1-75,110.0,109,2,2022-06-24,2022-07-29
invalid,67475-WN9-85,110.0,110,1,2022-01-05,2022-05-27
invalid,60612-VX4-100,110.0,108,3,2022-05-25,2022-07-26
invalid,62027-SK5-70,110.0,109,2,2022-03-09,2022-04-29
invalid,67860-WV5-140,110.0,110,1,2022-05-19,2022-07-09
invalid,67377-181-140,110.0,109,1,2023-11-02,2023-11-16
invalid,67490-442-110,110.0,109,1,2023-04-06,2023-06-21
W001,67862-WY2-110,110.0,108,1,2022-05-19,2022-06-03
W001,81339-38D-120,110.0,108,1,2025-03-24,2025-03-29
invalid,67157-82F-90,110.0,110,3,2022-01-02,2022-07-27
W001,67633-AV3-130,110.0,109,5,2022-05-13,2022-07-01
invalid,81091-739-100,110.0,109,2,2023-10-04,2023-12-04
invalid,80144-XU7-85,110.0,103,1,2023-01-04,2023-01-12
invalid,59852-XU5-120,110.0,102,1,2022-09-28,2022-10-10
invalid,80652-990-120,110.0,107,1,2023-06-20,2023-07-06
invalid,68154-WB7-S,110.0,107,1,2022-08-10,2022-11-28
invalid,48383-011-L,110.0,74,2,2022-01-02,2022-01-24
W001,67854-NV2-120,110.0,109,1,2022-06-24,2022-07-11
invalid,62633-990-100,109.0,107,3,2022-09-07,2022-11-15
invalid,67404-WM4-140,109.0,109,1,2022-03-12,2022-05-24
W001,67243-VH3-90,109.0,108,2,2022-01-06,2022-02-20
invalid,67401-NV2-140,109.0,106,3,2022-05-30,2022-07-26
invalid,68004-925-85,109.0,106,1,2023-08-02,2023-12-01
invalid,67207-V98-85,109.0,107,1,2022-05-31,2022-07-10
invalid,67292-VQ2-75,109.0,108,1,2022-01-02,2022-01-24
invalid,80492-HI7-120,109.0,108,1,2023-03-25,2023-05-29
invalid,67863-WX6-100,109.0,106,1,2022-06-05,2022-07-17
invalid,80457-262-110,109.0,108,1,2023-08-31,2023-11-06
invalid,46153-PV5-85,109.0,102,1,2022-01-02,2022-01-13
W001,67602-WS9-130,109.0,103,1,2022-06-20,2022-06-22
invalid,68032-SR4-100,109.0,109,1,2022-11-30,2023-01-11
invalid,67342-WE1-85,109.0,108,1,2022-02-23,2022-09-21
invalid,82791-39T-70,108.0,108,1,2025-06-28,2025-09-14
invalid,60008-TN7-60,108.0,104,2,2022-01-05,2022-09-25
invalid,67690-G31-110,108.0,108,1,2022-05-20,2022-07-07
W001,61983-WM4-70,108.0,107,1,2022-05-24,2022-06-26
invalid,60612-VS5-120,108.0,107,1,2022-05-28,2022-06-03
invalid,33218-WF3-160,108.0,94,2,2022-03-09,2022-03-30
invalid,60599-VV4-90,108.0,105,1,2022-07-15,2022-07-18
invalid,51194-A91-120,108.0,100,1,2022-01-03,2022-02-07
invalid,80134-XT3-130,108.0,108,1,2022-09-22,2022-11-26
invalid,60611-VW7-100,108.0,105,1,2022-01-17,2022-03-04
invalid,67490-AM7-90,108.0,107,2,2022-01-27,2022-06-20
invalid,67412-011-85,108.0,104,1,2022-02-02,2022-07-15
W001,65788-AN8-5,108.0,100,2,2022-01-12,2022-07-19
W001,50282-VP5-XL,107.0,104,4,2022-02-05,2022-06-15
invalid,67860-WV5-85,107.0,104,1,2022-05-20,2022-07-08
W001,67681-70D-110,107.0,103,5,2022-04-06,2022-06-28
W001,65203-TN9-L,107.0,102,3,2022-01-02,2022-02-10
invalid,67477-38T-110,107.0,106,2,2022-01-18,2022-04-18
invalid,67293-NZ5-90,107.0,105,2,2022-01-07,2022-03-17
W001,67539-VU7-S,107.0,101,1,2022-07-18,2022-08-02
W001,60640-VS1-90,107.0,105,2,2022-02-06,2022-06-14
invalid,65788-EF5-1,107.0,104,1,2022-01-02,2022-02-01
invalid,80905-927-100,106.0,105,1,2023-10-17,2023-11-06
invalid,41378-015-110,106.0,100,2,2022-09-10,2022-12-16
invalid,67603-GK3-110,106.0,106,2,2022-07-11,2022-09-21
W001,82406-2EG-100,106.0,106,1,2025-01-05,2025-01-16
invalid,51058-011-110,106.0,103,1,2022-04-19,2022-07-08
invalid,67555-WC9-60,106.0,105,1,2022-02-13,2022-05-17
invalid,67784-SR4-90,106.0,103,3,2022-06-25,2022-08-21
W001,81031-545-150,106.0,104,3,2024-10-26,2024-12-20
invalid,43205-VX9-90,106.0,101,1,2022-10-24,2023-01-02
invalid,67232-M23-85,106.0,102,1,2022-01-15,2022-02-14
invalid,47052-NN9-100,106.0,102,1,2024-12-10,2024-12-11
W001,67403-VU7-130,106.0,106,2,2022-02-17,2022-07-15
invalid,55460-WK8-100,106.0,106,1,2022-01-23,2022-04-27
W001,65290-PV5-100,106.0,100,1,2022-01-02,2022-01-07
invalid,68047-XJ3-70,106.0,105,1,2022-07-13,2022-08-21
invalid,67862-WV5-130,106.0,106,2,2022-05-19,2022-07-03
invalid,80492-262-120,105.0,103,1,2023-03-23,2023-05-13
invalid,67421-78M-110,105.0,102,1,2022-01-17,2022-03-14
invalid,56613-PF2-140,105.0,99,1,2022-03-07,2022-03-27
invalid,67440-85H-80,105.0,105,2,2022-03-21,2022-06-03
W001,60694-SB6-13Y,105.0,101,1,2022-06-16,2022-07-19
invalid,67419-489-85,105.0,105,1,2023-07-05,2023-07-19
invalid,66073-KL4-140,105.0,105,1,2022-07-09,2022-07-15
W001,67279-V98-110,105.0,103,1,2022-02-06,2022-03-25
invalid,65602-WM4-70,105.0,105,1,2022-01-03,2022-03-14
invalid,83843-4VP-90,105.0,103,1,2025-09-12,2025-11-05
invalid,65577-DD4-50,105.0,100,1,2022-01-04,2022-01-10
invalid,67487-NV2-120,105.0,104,1,2022-06-25,2022-07-11
invalid,52309-WQ7-L,105.0,105,1,2022-08-22,2022-11-07
invalid,80046-1BE-L,105.0,96,1,2023-10-11,2023-10-19
invalid,66708-WW3-160,105.0,98,1,2022-04-05,2022-05-25
invalid,67486-SR4-120,105.0,99,1,2022-01-07,2022-02-23
invalid,67550-NV2-90,105.0,104,1,2022-02-10,2022-05-14
W001,57726-GA5-110,105.0,102,1,2022-03-09,2022-05-15
invalid,81024-541-110,105.0,104,1,2023-10-12,2023-10-15
invalid,80275-RY2-S,105.0,95,1,2022-12-20,2023-01-12
invalid,59818-SR4-110,105.0,105,4,2022-02-26,2023-02-01
invalid,68021-VX9-120,105.0,104,1,2022-11-29,2022-12-20
invalid,81031-545-90,105.0,104,1,2023-11-15,2023-11-22
W001,40957-A91-85,104.0,99,1,2022-01-03,2022-05-30
invalid,59852-TN9-130,104.0,94,3,2022-02-25,2022-10-08
invalid,67862-414-100,104.0,103,1,2023-05-25,2023-06-09
invalid,67490-TW2-150,104.0,104,1,2022-02-06,2023-03-07
invalid,81158-560-110,104.0,103,1,2023-11-25,2023-12-02
invalid,62027-VK3-75,104.0,104,1,2022-01-02,2022-07-19
W001,67681-70D-150,104.0,97,2,2022-04-05,2022-06-20
invalid,33175-16N-160,104.0,93,2,2022-05-18,2022-07-06
invalid,62027-VS9-60,104.0,100,1,2022-01-14,2022-02-16
W001,67404-WT8-130,104.0,101,3,2022-04-21,2022-07-26
invalid,52382-AN8-80,104.0,99,2,2022-01-06,2022-01-20
W001,82480-3AR-NB,104.0,96,1,2025-01-27,2026-06-04
invalid,67419-76X-120,104.0,103,1,2022-01-19,2022-03-05
invalid,68031-XM5-90,104.0,104,1,2022-10-17,2023-01-02
invalid,60599-PH7-120,104.0,103,2,2022-01-18,2022-06-06
invalid,67333-RR5-110,104.0,100,1,2022-01-10,2022-03-25
invalid,60600-VW2-110,104.0,102,1,2022-04-21,2022-05-10
invalid,67274-WC1-110,104.0,102,1,2022-01-02,2022-02-05
invalid,67557-VU6-75,104.0,102,1,2022-07-08,2022-07-26
invalid,67731-WW6-85,104.0,104,1,2022-04-09,2022-06-03
invalid,62118-CP2-110,104.0,102,1,2022-05-30,2022-06-01
invalid,67271-WB6-110,104.0,102,2,2022-01-03,2022-05-03
invalid,67396-291-100,104.0,103,1,2023-06-07,2023-07-19
invalid,66994-Q84-L,103.0,88,4,2022-01-02,2022-02-01
invalid,60363-292-85,103.0,103,1,2023-06-30,2023-08-30
invalid,67517-VU6-85,103.0,101,1,2023-01-23,2023-03-21
W001,50942-78M-M,103.0,96,2,2022-05-13,2022-07-13
invalid,80440-NV2-110,103.0,102,1,2023-02-08,2023-06-01
invalid,67541-JG8-100,103.0,103,2,2022-05-14,2023-06-13
invalid,68027-189-90,103.0,100,1,2023-01-04,2023-01-11
invalid,67399-VU6-110,103.0,102,2,2022-03-23,2022-06-17
invalid,66653-61D-85,103.0,103,1,2022-01-03,2022-03-25
invalid,67241-AM7-85,103.0,103,1,2022-03-29,2022-07-06
invalid,59845-714-M,103.0,94,1,2023-12-07,2023-12-16
invalid,82035-1VG-60,103.0,103,2,2024-08-23,2025-01-23
invalid,47681-VQ2-90,103.0,100,2,2022-01-27,2022-02-01
invalid,68012-XC3-100,103.0,102,1,2022-10-30,2022-11-05
invalid,65788-EF5-5,103.0,102,3,2022-07-08,2023-01-30
invalid,80858-904-110,103.0,98,1,2023-09-02,2023-12-01
invalid,80134-XT3-140,103.0,103,1,2022-09-29,2022-12-05
invalid,65605-WQ1-70,103.0,101,1,2022-01-17,2022-03-10
invalid,43197-SR4-100,103.0,101,1,2023-07-21,2024-02-12
invalid,60599-uv8-110,103.0,101,3,2022-01-02,2022-01-06
invalid,80692-450-100,103.0,100,1,2023-05-24,2023-08-24
invalid,82036-1VH-60,102.0,102,3,2024-08-11,2025-01-22
W001,66963-015-100,102.0,99,3,2022-01-02,2022-02-23
invalid,65591-WC3-50,102.0,102,2,2022-02-12,2022-05-17
W001,44403-VJ6-M,102.0,98,2,2022-01-10,2022-04-16
W001,66708-WW3-120,102.0,100,1,2022-06-17,2022-07-04
invalid,80688-990-110,102.0,101,2,2023-05-31,2023-06-22
invalid,81553-VZ2-50,102.0,101,2,2025-02-26,2025-08-10
invalid,47684-WF7-150,102.0,97,3,2022-04-23,2022-07-04
invalid,67690-GK3-150,102.0,99,1,2022-05-12,2022-07-20
W001,61956-WX6-140,102.0,95,1,2022-06-20,2022-06-25
invalid,80815-A96-100,102.0,100,1,2023-08-31,2023-09-14
invalid,67412-76X-100,102.0,100,1,2022-02-02,2022-03-10
invalid,66073-TZ5-150,102.0,101,1,2022-05-25,2022-07-14
invalid,80654-437-110,102.0,98,2,2023-05-05,2023-11-08
W001,66641-PF8-90,102.0,102,1,2022-01-02,2022-01-17
W001,57811-25E-100,102.0,99,2,2022-01-11,2022-02-23
invalid,67977-059-140,102.0,101,2,2022-09-04,2022-11-20
invalid,67842-C20-120,102.0,102,1,2022-04-07,2022-05-17
invalid,81092-739-110,102.0,101,1,2023-11-11,2024-01-05
invalid,60356-WV1-85,102.0,101,1,2023-02-26,2023-05-07
invalid,67362-VZ1-130,102.0,101,1,2022-03-20,2022-05-24
W001,67397-WH8-90,102.0,101,1,2022-06-06,2022-08-02
invalid,67117-NK7-120,101.0,101,1,2022-11-16,2022-12-04
W001,66640-NU7-85,101.0,101,1,2022-01-03,2022-05-30
invalid,65576-WM4-80,101.0,101,1,2022-02-03,2022-04-28
invalid,67594-AT3-120,101.0,100,1,2022-04-28,2022-06-16
W001,67745-WV5-70,101.0,95,1,2022-07-09,2022-07-17
invalid,51057-011-100,101.0,99,2,2022-01-20,2023-10-04
invalid,67403-SK3-140,101.0,101,1,2022-01-05,2022-03-23
W001,50764-QP2-M,101.0,97,2,2022-06-17,2022-07-15
invalid,82036-1VH-50,101.0,101,1,2024-08-12,2025-01-02
W001,67593-NN0-120,101.0,101,2,2022-05-09,2022-07-23
invalid,82036-IVJ-60,101.0,101,1,2024-08-13,2025-01-03
invalid,67854-VX9-100,101.0,100,1,2022-05-20,2022-06-23
invalid,67039-B42-120,101.0,100,1,2022-01-04,2022-01-10
W001,67399-VU6-110,101.0,100,1,2022-06-20,2022-07-26
invalid,67399-001-110,101.0,101,3,2022-03-27,2023-07-19
invalid,67399-001-120,101.0,97,2,2022-03-26,2022-06-14
invalid,67862-323-110,101.0,100,1,2023-10-12,2023-10-24
invalid,67490-1CA-110,101.0,101,1,2024-01-19,2024-03-07
invalid,60363-331-90,101.0,101,2,2023-05-31,2023-07-29
invalid,67365-VZ2-100,101.0,100,1,2022-05-31,2022-06-30
invalid,80134-XT9-85,101.0,99,2,2022-09-24,2022-12-03
invalid,67377-015-150,101.0,81,1,2023-10-11,2023-10-16
invalid,68027-190-90,101.0,101,2,2022-10-10,2022-12-09
invalid,80434-343-140,101.0,101,1,2023-06-27,2023-07-10
invalid,68125-744-90,101.0,101,3,2023-11-21,2023-11-30
invalid,68125-733-150,101.0,101,1,2023-10-25,2023-11-25
invalid,52399-069-M,101.0,86,2,2022-01-03,2023-12-12
invalid,52406-Q84-S,101.0,95,2,2022-01-03,2022-07-06
invalid,67414-WC9-130,101.0,100,2,2022-01-18,2022-05-28
invalid,60356-WV1-100,101.0,100,2,2022-07-09,2023-04-23
invalid,80678-418-100,100.0,98,1,2023-07-07,2023-07-13
invalid,67490-SK3-85,100.0,96,3,2022-01-11,2022-06-04
invalid,80134-XT3-150,100.0,100,1,2022-10-06,2022-12-19
W001,67563-SR4-140,100.0,98,1,2022-05-24,2022-07-14
invalid,67540-WQ1-110,100.0,99,1,2022-01-24,2022-04-20
invalid,67526-85H-150,100.0,99,1,2022-06-25,2022-07-10
W001,67395-WL0-120,100.0,99,2,2022-02-23,2022-04-10
invalid,80451-942-150,100.0,99,1,2023-08-06,2024-01-09
invalid,62027-VW7-80,100.0,99,2,2022-03-09,2022-05-04
invalid,67219-76X-130,100.0,97,1,2022-01-07,2022-01-18
invalid,67541-JG8-110,100.0,99,1,2022-02-22,2022-03-16
invalid,67396-WQ1-85,100.0,99,2,2022-03-01,2022-07-25
invalid,80039-1BE-M,100.0,92,1,2025-11-06,2025-11-11
invalid,80144-VL8-90,100.0,96,1,2023-01-03,2023-01-06
invalid,81092-739-100,100.0,99,1,2023-10-06,2024-01-03
invalid,68146-XJ3-70,100.0,97,1,2022-07-14,2022-08-29
W001,67759-WZ1-85,100.0,99,1,2022-05-19,2022-06-26
invalid,66689-WY2-70,100.0,100,2,2022-06-25,2022-07-04
invalid,51911-J81-120,100.0,91,1,2022-05-26,2022-05-30
invalid,80983-844-140,100.0,99,2,2023-07-20,2023-10-29
invalid,68012-XE6-100,100.0,100,1,2023-05-27,2023-05-30
invalid,65714-85H-110,100.0,100,6,2022-05-24,2023-10-05
invalid,67448-VU6-75,100.0,100,2,2022-01-17,2022-04-29
invalid,67690-38T-140,100.0,98,1,2022-05-22,2022-07-17
W001,67486-78M-150,100.0,100,1,2022-05-24,2022-06-18
W001,81553-1FZ-60,100.0,100,1,2024-10-11,2025-01-31
invalid,80678-442-100,100.0,100,1,2023-06-30,2023-07-03
invalid,67563-VZ1-150,100.0,99,1,2022-01-14,2022-07-12
invalid,80134-XT7-140,100.0,99,1,2022-09-22,2022-12-15
invalid,80028-032-M,100.0,91,1,2022-12-27,2023-01-03
invalid,68078-825-75,100.0,95,1,2023-10-22,2023-11-08
invalid,67517-242-140,100.0,100,1,2022-12-04,2023-05-02
invalid,80033-XT8-85,100.0,93,1,2022-12-27,2022-12-29
invalid,67430-WM6-80,100.0,100,1,2022-02-03,2022-05-01
W001,81227-28M-90,100.0,100,2,2025-01-08,2025-01-24
invalid,80134-036-150,100.0,97,1,2022-09-22,2022-12-27
W001,67854-G31-120,100.0,98,3,2022-06-15,2022-07-19
W001,67494-WJ3-130,100.0,100,1,2022-05-24,2022-06-18
invalid,80854-CK7-110,100.0,99,1,2024-01-04,2024-01-07
W001,67506-28E-100,100.0,99,1,2022-05-24,2022-07-09
W001,82026-1VP-50,100.0,96,2,2024-10-13,2025-03-14
invalid,80276-1AQ-90,100.0,100,1,2024-01-08,2024-01-15
invalid,68058-086-60,100.0,100,1,2022-08-12,2023-01-13
invalid,67863-WX2-100,100.0,100,1,2022-05-19,2022-07-07
W001,67870-V98-100,100.0,99,1,2022-05-18,2022-07-03
invalid,60008-VJ6-85,100.0,95,1,2022-01-19,2022-02-02
invalid,47107-FX8-7,100.0,98,2,2022-01-02,2022-01-30
W001,65788-GK3-5,100.0,81,1,2022-05-24,2022-07-01
invalid,62027-922-60,100.0,98,1,2023-09-06,2023-09-17
invalid,62027-921-80,100.0,99,1,2023-10-21,2023-11-18
invalid,67044-GF2-100,100.0,98,1,2022-09-20,2022-10-17
invalid,67224-FQ6-S,100.0,99,2,2022-10-22,2022-11-15
invalid,68001-QX6-140,100.0,97,1,2023-01-02,2023-01-11
invalid,67398-WQ1-110,100.0,98,1,2022-01-07,2022-02-21
W001,67528-SW4-140,100.0,99,1,2022-05-25,2022-06-25
invalid,67412-015-85,100.0,100,2,2022-02-02,2022-05-31
invalid,81074-560-85,100.0,99,1,2023-12-13,2024-01-03
invalid,59781-M23-120,100.0,99,2,2022-12-16,2022-12-23
invalid,64336-SW4-5,100.0,89,2,2022-09-16,2023-02-03
invalid,67472-E51-110,100.0,97,2,2022-06-25,2022-07-08
W001,54899-VQ2-XL,100.0,95,1,2022-02-05,2022-05-30
invalid,81103-SW4-120,100.0,97,1,2023-10-11,2023-10-17
W001,82484-3AH-50,99.0,89,3,2024-10-08,2026-02-10
invalid,80131-219-85,99.0,97,1,2022-12-27,2023-01-08
invalid,60008-VJ6-60,99.0,95,2,2022-01-10,2022-02-14
W001,82484-3BI-50,99.0,92,3,2024-10-08,2026-05-02
W001,67872-C20-100,99.0,96,1,2022-05-18,2022-07-14
invalid,47433-WK8-120,99.0,95,1,2022-01-18,2022-05-04
invalid,67356-WK7-100,99.0,99,1,2022-02-13,2022-05-14
invalid,68018-XG9-130,99.0,94,1,2022-11-28,2022-12-30
invalid,81074-M23-130,99.0,96,1,2023-10-05,2023-10-19
invalid,67048-930-110,99.0,97,1,2023-10-16,2023-11-16
invalid,67391-WH8-100,99.0,99,3,2022-01-03,2022-05-06
invalid,67463-SR4-130,99.0,94,1,2022-03-14,2022-05-18
invalid,43197-015-150,99.0,84,3,2022-02-25,2022-07-27
invalid,67284-NH9-100,99.0,97,1,2023-08-31,2024-01-19
invalid,60008-XW4-50,99.0,98,2,2023-07-08,2023-10-07
invalid,67485-G31-140,99.0,98,1,2022-01-20,2022-04-08
W001,67711-VZ2-90,99.0,99,2,2022-05-10,2022-07-09
invalid,67455-WH8-80,99.0,98,1,2022-01-03,2022-02-20
invalid,67419-491-100,99.0,97,1,2023-07-07,2023-07-13
invalid,67418-PH7-110,98.0,97,1,2022-02-16,2022-07-17
invalid,47761-WF7-150,98.0,97,1,2022-03-18,2022-04-06
invalid,82035-1UN-60,98.0,97,1,2024-08-12,2025-01-03
invalid,67485-NV2-90,98.0,97,1,2022-01-04,2022-04-16
invalid,67095-FX9-L,98.0,82,1,2023-10-12,2023-10-24
invalid,67453-336-70,98.0,97,1,2023-08-03,2023-11-07
invalid,60600-VU7-85,98.0,97,1,2022-03-29,2022-05-18
invalid,84001-2VA-L,98.0,92,1,2025-10-16,2025-11-09
invalid,67287-GF2-85,98.0,98,1,2022-09-01,2022-11-02
invalid,45346-PV5-130,98.0,82,2,2022-01-03,2022-02-16
invalid,80131-212-90,98.0,96,1,2023-01-03,2023-01-07
W001,62129-UK7-120,98.0,93,4,2022-06-24,2022-07-30
invalid,59845-QX6-L,98.0,92,4,2022-11-22,2022-11-27
W001,67688-76X-90,98.0,95,1,2022-06-13,2022-06-24
invalid,62027-VL8-90,98.0,96,1,2022-01-02,2022-01-11
W001,43197-GK3-100,98.0,93,4,2022-01-02,2022-02-22
invalid,36754-76X-130,98.0,95,1,2022-09-25,2022-11-11
invalid,67377-VX9-85,98.0,98,4,2022-10-01,2024-01-25
invalid,66640-NU7-90,97.0,96,3,2022-01-02,2022-05-05
invalid,80862-C57-110,97.0,95,3,2023-10-17,2023-12-28
W001,67711-WY2-50,97.0,96,2,2022-05-12,2022-06-14
W001,67887-WW3-90,97.0,96,2,2022-06-20,2022-08-02
invalid,52382-SR4-75,97.0,95,1,2022-01-11,2022-03-15
invalid,83066-010-XS,97.0,93,1,2025-01-04,2025-12-13
W001,67589-AI1-140,97.0,96,2,2022-06-20,2022-08-01
invalid,67576-WB4-110,97.0,95,1,2022-04-08,2022-07-21
invalid,67238-SR4-60,97.0,97,1,2022-01-02,2022-03-20
invalid,36754-A91-110,97.0,91,1,2022-12-12,2023-01-10
W001,67860-WT6-85,97.0,97,1,2022-05-19,2022-07-05
W001,67395-WL0-110,97.0,96,2,2022-03-10,2022-04-25
invalid,68119-A21-150,97.0,96,1,2022-08-01,2022-10-10
invalid,67287-GF2-110,97.0,97,2,2022-07-19,2023-01-03
invalid,47761-WM7-160,97.0,94,1,2022-03-17,2022-04-07
W001,50754-QP3-XL,97.0,88,3,2022-02-01,2022-08-03
invalid,67379-WW6-110,97.0,96,1,2022-05-27,2022-06-29
invalid,44086-FV7-60,97.0,95,1,2022-07-15,2022-10-27
invalid,80408-C20-140,96.0,94,1,2023-05-21,2023-06-15
invalid,45346-A91-90,96.0,93,1,2023-05-23,2023-06-19
invalid,80134-036-120,96.0,94,1,2022-09-20,2022-12-09
invalid,68119-XM5-85,96.0,95,1,2023-01-02,2023-01-04
invalid,67404-417-110,96.0,94,1,2023-07-11,2023-10-06
invalid,67401-VX9-120,96.0,95,4,2022-06-25,2022-07-08
W001,65602-WM4-80,96.0,94,1,2022-01-05,2022-05-12
invalid,83066-010-XXL,96.0,83,1,2025-01-04,2025-09-11
invalid,68032-GF2-100,96.0,94,1,2023-01-19,2023-02-16
W001,67601-VH1-100,96.0,94,1,2022-05-31,2022-07-30
invalid,80849-A38-110,96.0,94,1,2024-01-08,2024-01-31
invalid,52382-SR4-70,96.0,89,2,2022-01-09,2022-01-14
W001,50764-UD9-M,96.0,77,2,2022-02-15,2022-06-20
invalid,67374-WQ1-120,96.0,94,2,2022-01-12,2022-04-20
invalid,66717-VG4-100,96.0,95,1,2022-02-06,2022-03-26
W001,82485-3BJ-50,96.0,82,3,2024-10-08,2026-06-11
invalid,57822-82F-140,96.0,93,3,2022-01-25,2022-05-11
W001,66932-ST6-50,96.0,94,1,2022-03-14,2022-08-02
invalid,67284-NH9-90,96.0,92,3,2022-09-26,2024-02-20
W001,67514-WX1-L,95.0,94,2,2022-05-18,2022-06-25
invalid,81553-EF5-60,95.0,94,3,2025-03-11,2025-10-07
W001,39973-CG8-85,95.0,94,1,2022-06-09,2022-07-07
invalid,43197-461-90,95.0,92,1,2023-08-17,2023-11-06
W001,60599-VU6-90,95.0,94,1,2022-05-25,2022-06-24
W001,47761-WF8-120,95.0,93,1,2022-03-26,2022-04-04
W001,67784-78M-75,95.0,91,1,2022-06-13,2022-07-02
invalid,80461-296-110,95.0,94,1,2023-03-21,2023-06-24
W001,67556-NV2-70,95.0,94,1,2022-06-08,2022-07-08
invalid,67412-011-130,95.0,95,2,2022-02-02,2022-04-25
invalid,59852-VL8-110,95.0,91,1,2022-01-03,2022-01-06
W001,60600-WW6-150,95.0,92,1,2022-05-19,2022-07-07
invalid,67221-VZ1-100,95.0,95,1,2022-01-15,2022-05-29
invalid,67395-WH8-140,95.0,93,1,2022-01-17,2022-03-07
invalid,45029-DW1-120,95.0,92,1,2022-01-10,2022-03-16
invalid,68125-XT3-90,95.0,93,2,2022-11-10,2022-11-25
invalid,80455-262-150,95.0,95,1,2023-02-08,2023-07-05
invalid,67541-JG8-120,95.0,95,1,2022-02-22,2022-03-15
invalid,67782-990-75,95.0,92,1,2022-06-25,2022-07-21
W001,60535-EF5-M,94.0,85,2,2022-02-17,2022-04-18
invalid,67517-WX1-120,94.0,92,4,2022-05-20,2022-07-09
invalid,59580-A96-100,94.0,92,1,2022-01-10,2022-01-23
invalid,67377-HI7-90,94.0,91,1,2023-05-29,2023-06-26
invalid,65576-WM4-70,94.0,93,1,2022-02-05,2022-03-30
W001,67472-JX7-130,94.0,94,2,2022-05-20,2022-07-03
W001,81553-EF5-60,94.0,94,1,2024-10-10,2025-02-24
invalid,81096-739-90,94.0,93,1,2023-10-04,2023-12-28
invalid,67539-001-S,94.0,92,1,2023-01-13,2023-04-03
invalid,67398-359-110,94.0,91,1,2023-07-07,2023-07-30
invalid,67398-WQ1-100,94.0,94,1,2022-01-10,2022-03-21
invalid,67357-287-100,94.0,93,1,2023-06-02,2023-07-07
invalid,43205-VX9-85,94.0,86,3,2022-04-21,2023-01-18
invalid,60599-WC9-110,94.0,90,1,2022-05-30,2022-07-04
invalid,67191-M23-140,94.0,93,2,2022-01-15,2022-11-09
invalid,67683-WY2-100,94.0,94,1,2022-04-06,2022-06-22
W001,67851-VU6-100,93.0,91,3,2022-06-13,2022-07-03
invalid,81246-796-140,93.0,91,1,2023-10-12,2023-11-25
invalid,67108-VN3-XS,93.0,78,2,2022-01-02,2022-01-16
invalid,33218-QT3-100,93.0,92,1,2022-05-16,2022-06-25
invalid,67557-001-80,93.0,93,1,2022-01-04,2022-04-04
invalid,80134-036-85,93.0,93,1,2022-09-27,2023-01-05
W001,60695-62S-4Y,93.0,90,1,2022-07-07,2022-07-18
invalid,80039-XS9-M,93.0,76,3,2022-12-16,2023-11-07
invalid,81535-1FZ-NB,93.0,93,2,2024-08-10,2025-07-05
invalid,80054-xw3-110,93.0,93,3,2022-11-03,2022-12-15
invalid,68125-XT3-85,93.0,92,2,2022-10-31,2022-11-23
invalid,67853-WX2-85,93.0,91,1,2022-04-10,2022-05-14
invalid,80127-036-120,93.0,92,1,2022-10-25,2022-11-28
invalid,80678-417-110,93.0,91,1,2023-07-15,2023-08-20
W001,67296-WB2-160,93.0,85,4,2022-05-27,2022-07-02
W001,33218-TD4-160,93.0,86,1,2022-02-15,2022-03-04
W001,67506-G31-140,93.0,90,2,2022-04-29,2022-07-13
invalid,43197-PV5-85,93.0,89,1,2022-01-02,2022-01-13
invalid,67690-38T-90,93.0,93,1,2022-05-19,2022-06-30
invalid,67418-VU7-130,93.0,91,1,2022-04-03,2022-07-15
W001,67781-NV2-75,92.0,90,1,2022-06-24,2022-07-09
invalid,60611-VW8-110,92.0,91,1,2022-03-14,2022-04-22
invalid,67975-084-130,92.0,91,1,2022-09-22,2022-10-21
W001,67842-C20-130,92.0,92,4,2022-04-06,2022-06-14
invalid,46239-GK3-85,92.0,87,2,2022-10-22,2023-07-28
W001,67589-AI1-100,92.0,90,1,2022-06-21,2022-08-02
invalid,82228-RS8-60,92.0,92,1,2024-10-02,2024-12-03
invalid,67399-78M-85,92.0,91,1,2022-04-04,2022-08-29
W001,42318-75Z-80,92.0,92,3,2022-01-06,2024-10-08
W001,67737-WX5-90,92.0,90,1,2022-05-20,2022-06-30
invalid,68004-XF3-100,92.0,91,2,2022-09-13,2023-01-19
invalid,62301-GD6-OS,92.0,85,1,2022-01-07,2022-01-17
W001,44403-75Z-S,92.0,88,5,2022-01-09,2022-08-01
invalid,68126-EA2-140,92.0,92,2,2023-07-22,2024-03-06
invalid,67994-XB5-90,92.0,92,1,2022-09-19,2022-10-31
invalid,68125-VL8-90,92.0,90,2,2022-12-11,2023-01-18
invalid,67314-TL8-XL,92.0,83,2,2022-01-10,2022-05-12
invalid,68018-XG9-140,92.0,91,2,2022-09-17,2023-01-19
invalid,67418-VW2-110,92.0,92,1,2022-04-04,2022-07-11
invalid,80858-904-120,92.0,91,1,2023-07-21,2023-10-11
invalid,67594-AT3-90,92.0,92,1,2022-04-15,2022-07-16
invalid,60600-VW2-120,92.0,88,3,2022-05-24,2022-06-09
invalid,81553-EF5-50,92.0,92,2,2024-11-18,2025-11-14
invalid,65605-UC3-70,92.0,91,1,2022-05-18,2022-05-26
invalid,67874-260-150,92.0,91,1,2023-05-29,2023-07-27
invalid,80276-VR7-100,91.0,91,1,2023-02-19,2023-04-11
W001,46239-GK3-140,91.0,78,1,2022-03-14,2022-05-08
W001,67517-WM4-100,91.0,90,1,2022-05-25,2022-07-24
invalid,80276-243-100,91.0,90,1,2023-02-21,2023-04-13
invalid,67521-NU7-90,91.0,90,1,2022-01-21,2022-03-04
invalid,57824-BX0-140,91.0,80,2,2022-02-10,2022-10-14
invalid,67388-NV2-120,91.0,89,1,2022-05-30,2022-07-12
W001,62027-TW2-85,91.0,89,1,2022-04-13,2022-04-29
invalid,67448-WM4-90,91.0,91,2,2022-01-18,2022-06-02
invalid,80143-G44-90,91.0,89,1,2022-10-21,2022-11-07
invalid,67602-WS9-140,91.0,87,3,2022-06-20,2023-02-26
invalid,65666-B42-90,91.0,91,1,2022-01-30,2022-03-14
invalid,80678-433-110,91.0,90,1,2023-06-30,2023-07-13
invalid,80131-213-90,91.0,91,1,2022-12-27,2023-01-06
invalid,80758-417-120,91.0,91,1,2023-07-09,2023-07-18
W001,67583-PF8-120,91.0,90,1,2022-06-19,2022-07-18
invalid,67853-WX4-90,91.0,91,2,2022-04-10,2022-06-16
invalid,67704-WV1-140,91.0,91,3,2022-04-19,2022-06-20
invalid,67494-SW4-150,91.0,91,1,2022-05-30,2022-07-08
invalid,80131-216-100,91.0,89,2,2022-12-28,2023-01-20
W001,67759-WZ1-90,91.0,89,1,2022-05-09,2022-06-13
invalid,80904-965-100,91.0,91,1,2023-10-01,2023-12-06
invalid,60784-PF2-XL,91.0,89,2,2022-01-09,2022-05-16
invalid,68116-XQ7-90,91.0,90,2,2022-09-05,2023-10-04
W001,67597-WS4-100,90.0,87,2,2022-04-06,2022-08-02
W001,33218-GN1-110,90.0,83,1,2022-01-09,2022-04-30
invalid,80144-VK3-100,90.0,89,1,2022-12-27,2023-01-02
invalid,52171-LZ2-90,90.0,85,1,2023-08-15,2023-09-10
invalid,67179-015-140,90.0,90,2,2022-01-02,2022-01-26
invalid,81074-461-100,90.0,88,1,2023-10-03,2023-10-15
invalid,81074-76X-90,90.0,89,1,2023-10-07,2023-10-24
invalid,81074-M23-100,90.0,89,1,2023-10-05,2023-10-16
invalid,67365-VZ2-90,90.0,89,1,2022-04-30,2022-05-30
invalid,68032-VX9-150,90.0,88,1,2022-12-30,2023-01-14
invalid,67467-W83-110,90.0,90,1,2022-01-18,2022-05-27
invalid,67870-V98-110,90.0,90,1,2022-06-25,2022-07-08
invalid,67094-FV7-S,90.0,86,1,2022-10-11,2022-10-28
invalid,80678-420-110,90.0,89,1,2023-07-10,2023-07-12
invalid,67517-WX1-110,90.0,86,2,2023-07-18,2023-08-18
invalid,68010-XE2-100,90.0,88,2,2022-10-24,2023-01-17
W001,52312-001-XL,90.0,60,1,2022-03-09,2022-04-21
W001,81158-SR4-100,90.0,88,1,2025-01-02,2025-01-09
invalid,80131-212-100,90.0,89,1,2022-12-30,2023-01-03
invalid,65576-WM6-85,90.0,88,1,2022-02-03,2022-03-18
invalid,67295-WB2-L,90.0,86,2,2022-02-01,2022-03-16
invalid,80858-906-120,90.0,89,1,2023-07-20,2023-08-13
invalid,66974-SR4-120,90.0,88,1,2022-03-28,2022-04-16
invalid,68001-036-90,90.0,84,2,2022-10-22,2023-01-02
invalid,81116-XU1-140,90.0,84,1,2023-10-10,2023-10-16
W001,47251-GY7-60,90.0,89,1,2022-01-02,2022-01-29
invalid,67108-VN3-L,90.0,76,2,2022-01-04,2022-01-13
invalid,67379-VU9-120,90.0,87,2,2022-01-20,2022-04-24
invalid,68004-929-100,90.0,88,1,2023-08-15,2023-08-24
invalid,45346-NV2-100,90.0,88,2,2022-02-24,2022-07-05
invalid,67593-NN0-130,90.0,87,1,2022-04-18,2022-07-21
invalid,60611-XA3-90,90.0,89,1,2022-07-17,2022-07-18
invalid,80283-258-120,90.0,89,1,2023-02-20,2023-07-14
invalid,66717-VG5-90,90.0,89,1,2022-01-02,2022-01-12
W001,67398-VU7-110,90.0,88,2,2022-03-09,2022-04-26
W001,67878-WW6-100,90.0,90,1,2022-05-19,2022-06-20
W001,81158-1GF-110,90.0,90,1,2024-12-29,2025-01-05
invalid,67688-76X-100,90.0,89,1,2022-05-18,2022-06-16
W001,67878-WV5-100,90.0,90,1,2022-06-20,2022-07-05
invalid,67853-WW6-90,90.0,90,1,2022-04-14,2022-05-07
invalid,65605-WD5-85,90.0,90,1,2022-01-17,2022-03-09
invalid,47684-WM8-150,90.0,86,1,2022-03-09,2022-04-04
invalid,65653-WJ4-150,90.0,89,2,2022-03-28,2022-06-01
invalid,80857-SR4-110,90.0,90,1,2024-01-07,2024-01-10
invalid,80854-929-110,90.0,86,1,2023-10-18,2023-11-29
invalid,60363-292-90,90.0,89,1,2023-06-03,2023-06-28
invalid,60600-VU7-90,90.0,89,1,2022-04-21,2022-05-18
invalid,67472-E51-85,90.0,84,1,2022-05-24,2022-06-13
invalid,80852-C57-85,90.0,90,1,2023-09-23,2023-12-05
invalid,67574-G31-100,90.0,89,1,2022-05-19,2022-07-01
invalid,68135-UV5-140,90.0,85,1,2022-07-15,2022-08-23
invalid,51194-015-130,90.0,83,1,2022-01-05,2022-02-20
W001,67873-015-100,90.0,89,4,2022-06-01,2022-07-01
invalid,60784-NZ5-L,90.0,86,2,2022-01-03,2022-02-02
invalid,80141-SR4-110,90.0,90,1,2024-01-03,2024-01-09
invalid,67210-SR4-150,90.0,88,1,2022-05-12,2022-07-11
invalid,80484-85H-100,90.0,89,2,2023-04-28,2023-06-20
invalid,80040-M23-110,90.0,86,2,2022-10-17,2022-12-03
invalid,80777-501-140,90.0,88,1,2023-12-26,2024-01-06
invalid,60548-PH7-70,89.0,86,2,2022-01-02,2022-03-13
invalid,67424-VU6-130,89.0,87,1,2022-05-19,2022-05-30
invalid,30810-GN1-XS,89.0,74,1,2022-05-01,2022-07-28
invalid,82307-2ES-NB,89.0,89,1,2025-08-15,2025-10-06
invalid,62027-WB2-60,89.0,88,1,2022-03-01,2022-04-19
invalid,67501-011-85,89.0,88,1,2022-08-09,2022-09-28
invalid,62027-XE2-60,89.0,89,1,2023-06-02,2023-07-12
invalid,52382-GF2-70,89.0,88,2,2022-01-08,2022-01-20
invalid,33175-S74-85,89.0,86,1,2022-10-11,2022-10-19
invalid,33175-QT3-110,89.0,86,1,2022-01-02,2022-03-14
invalid,67404-417-100,89.0,88,1,2023-03-28,2023-07-18
invalid,43205-A91-120,89.0,80,2,2022-05-20,2022-05-29
invalid,67403-VS7-85,89.0,88,1,2022-01-31,2022-07-08
invalid,81199-537-85,89.0,85,1,2023-11-20,2023-11-30
invalid,68022-76X-130,89.0,89,1,2022-08-09,2022-09-03
invalid,68037-XG3-150,89.0,87,1,2022-07-30,2022-11-16
invalid,67379-VU7-120,89.0,89,2,2022-01-17,2022-06-10
W001,82488-3AH-NB,89.0,84,2,2025-01-27,2026-06-18
W001,9998,89.0,88,1,2024-10-03,2026-06-17
invalid,67357-VX6-100,89.0,89,2,2022-02-15,2022-03-25
invalid,67157-82F-130,89.0,88,1,2022-01-03,2022-04-29
invalid,60600-VW2-90,89.0,89,1,2022-04-21,2022-05-15
W001,65203-75Z-M,89.0,81,4,2022-01-02,2022-03-09
invalid,67559-QN4-100,89.0,87,1,2022-01-05,2022-02-25
invalid,67228-JB3-90,89.0,88,2,2022-01-02,2022-07-05
invalid,68174-XH6-70,89.0,87,2,2022-07-26,2022-09-13
W001,50942-SR4-XS,89.0,89,1,2022-03-09,2022-03-29
W001,50282-PF2-XS,89.0,76,1,2022-06-24,2022-08-02
invalid,65714-85H-90,89.0,87,2,2022-07-07,2024-01-16
invalid,67557-WV1-85,89.0,89,3,2022-05-21,2022-07-04
invalid,48151-HL3-90,89.0,85,1,2022-05-21,2022-07-02
invalid,67531-NV2-140,89.0,88,1,2022-03-09,2022-05-04
invalid,67282-V98-110,89.0,88,1,2022-01-03,2022-02-03
W001,82484-3AH-70,89.0,80,3,2024-10-08,2026-04-21
W001,67685-PN4-130,89.0,86,2,2022-06-02,2022-07-08
invalid,67476-WJ8-85,89.0,88,2,2022-03-14,2022-07-19
invalid,67537-001-110,89.0,88,4,2022-01-06,2022-12-28
invalid,80492-HI7-130,89.0,87,1,2023-03-23,2023-05-23
invalid,67418-PH7-130,89.0,88,1,2022-02-17,2022-07-09
invalid,67048-23T-85,89.0,85,1,2022-10-21,2022-11-30
invalid,67855-G31-85,88.0,85,1,2022-05-12,2022-07-04
W001,67392-78M-130,88.0,88,3,2022-06-13,2022-07-30
invalid,67692-WN1-150,88.0,88,2,2022-06-19,2022-10-31
invalid,80414-395-90,88.0,87,1,2023-01-17,2023-05-15
invalid,67044-SR4-85,88.0,87,1,2023-09-07,2023-10-30
invalid,67867-WV1-110,88.0,87,2,2022-05-24,2022-06-21
invalid,43197-PV5-100,88.0,84,1,2022-01-02,2022-01-08
W001,67490-WU2-85,88.0,87,1,2022-06-21,2022-07-12
W001,45346-NV2-140,88.0,80,1,2022-07-12,2022-07-18
invalid,82035-1VG-NB,88.0,88,1,2024-09-01,2025-02-16
invalid,68174-XF5-90,88.0,87,1,2022-07-14,2022-12-05
invalid,65602-WM5-NB,88.0,87,1,2022-02-24,2022-06-03
W001,60428-HJ4-80,88.0,86,1,2022-01-02,2022-02-05
invalid,81148-75Z-100,88.0,88,1,2023-11-19,2023-12-06
invalid,67379-320-90,88.0,88,1,2023-02-03,2023-05-30
invalid,67462-GN3-130,88.0,86,1,2022-04-01,2022-05-27
invalid,67459-WH3-90,88.0,87,1,2022-05-21,2022-06-07
W001,43197-015-140,88.0,79,3,2022-02-25,2022-04-16
invalid,67452-VU6-90,88.0,88,1,2022-03-28,2022-05-09
invalid,62373-PG5-110,88.0,84,1,2023-05-17,2023-06-12
invalid,82815-2RR-150,88.0,86,1,2024-09-25,2024-12-01
invalid,66733-WU6-150,88.0,83,1,2022-05-17,2022-07-13
W001,62127-UK7-XXL,88.0,87,1,2022-05-19,2022-07-16
W001,67377-GF2-120,88.0,74,1,2022-07-14,2022-08-02
invalid,67404-VW2-130,87.0,86,1,2022-03-10,2022-04-12
W001,67351-VU7-100,87.0,87,1,2022-04-30,2022-06-16
W001,66689-PH7-60,87.0,87,1,2022-06-01,2022-07-12
invalid,52408-Q84-100,87.0,85,2,2022-01-03,2022-01-30
invalid,67412-015-90,87.0,87,1,2022-02-02,2022-03-26
invalid,43197-011-150,87.0,78,2,2022-04-27,2022-05-29
W001,67379-015-150,87.0,84,3,2022-05-27,2022-07-28
invalid,67396-336-110,87.0,86,1,2023-01-13,2023-05-16
invalid,67595-BD4-M,87.0,85,1,2022-05-01,2022-07-27
invalid,67871-M91-140,87.0,86,1,2022-04-07,2022-05-27
invalid,80134-XT9-140,87.0,84,1,2022-09-24,2022-11-01
invalid,47684-VQ6-130,87.0,84,1,2022-05-24,2022-06-01
invalid,67277-NZ5-90,87.0,87,1,2022-01-10,2022-03-29
invalid,54062-BO1-90,87.0,86,1,2022-05-25,2022-07-06
invalid,67277-VQ2-90,87.0,86,1,2022-01-05,2022-03-15
W001,67392-WC9-140,86.0,84,3,2022-03-23,2022-07-24
invalid,60599-VW2-110,86.0,84,1,2022-01-03,2022-02-23
invalid,67853-WX4-110,86.0,86,2,2022-04-07,2022-06-16
invalid,68007-947-140,86.0,86,1,2023-08-28,2023-10-02
invalid,60599-VS4-140,86.0,84,2,2022-02-28,2022-07-18
invalid,68125-QX6-100,86.0,85,4,2022-11-09,2023-01-20
invalid,80131-223-100,86.0,85,1,2022-12-08,2022-12-28
invalid,33218-WL0-110,86.0,83,1,2022-03-16,2022-05-23
invalid,67221-C57-85,86.0,85,2,2022-01-22,2022-07-08
invalid,60599-VV2-140,86.0,84,3,2022-03-23,2022-05-31
invalid,81535-76X-70,86.0,85,3,2024-08-09,2025-11-25
invalid,80491-Q59-85,86.0,86,1,2023-01-25,2023-07-16
invalid,67374-WQ1-100,86.0,84,2,2022-01-28,2022-07-02
invalid,67128-QR7-85,86.0,83,2,2022-01-02,2022-02-07
W001,67436-990-75,86.0,84,3,2022-02-27,2022-06-04
invalid,67557-WT8-60,86.0,86,1,2022-04-16,2022-06-02
invalid,67439-SR4-80,86.0,86,1,2022-01-30,2022-05-18
invalid,68004-904-85,86.0,86,1,2023-08-01,2023-12-02
invalid,67381-VS7-110,86.0,86,2,2022-03-09,2022-04-06
invalid,60325-QY5-S,86.0,76,1,2022-11-28,2022-12-04
W001,67396-WV2-150,86.0,86,5,2022-04-20,2022-06-25
invalid,67398-WQ1-150,86.0,86,1,2022-01-11,2022-06-30
invalid,67284-NJ1-150,85.0,74,2,2022-11-27,2023-07-06
invalid,59852-VJ5-120,85.0,81,1,2022-01-02,2022-01-06
invalid,67217-V98-120,85.0,84,4,2022-01-06,2022-02-26
invalid,67312-WB6-110,85.0,85,1,2022-07-06,2022-07-16
invalid,80134-XT7-150,85.0,82,1,2022-09-25,2022-12-27
invalid,80057-015-85,85.0,85,1,2022-12-27,2023-01-03
invalid,67342-WE1-150,85.0,82,1,2022-02-25,2022-07-27
invalid,65576-WM4-60,85.0,83,2,2022-02-06,2022-04-03
invalid,67455-WH8-75,85.0,85,1,2022-01-03,2022-02-09
W001,67228-76X-70,85.0,85,1,2022-01-02,2022-01-24
invalid,67434-VZ2-60,85.0,81,1,2022-04-03,2022-05-27
invalid,80457-015-150,85.0,81,1,2023-05-31,2023-07-11
W001,67867-WU4-110,85.0,84,2,2022-05-31,2022-06-18
W001,67409-VU7-120,85.0,84,1,2022-05-24,2022-06-23
invalid,68009-G44-110,85.0,85,1,2022-08-27,2022-10-07
invalid,67485-SR4-150,85.0,82,1,2022-01-05,2022-03-22
invalid,68007-XH7-85,85.0,83,1,2022-12-22,2023-01-04
invalid,67475-WN9-100,85.0,85,1,2022-01-10,2022-04-01
W001,67692-WF3-85,85.0,84,1,2022-04-24,2022-07-30
invalid,65642-VV2-85,85.0,85,1,2022-03-17,2022-04-16
W001,67631-WV1-S,85.0,85,5,2022-04-29,2022-07-03
invalid,59818-M23-90,85.0,83,1,2022-10-27,2022-11-19
invalid,33175-16N-150,85.0,83,1,2022-01-12,2022-02-20
invalid,68104-TZ2-90,85.0,82,1,2022-08-03,2022-11-01
invalid,67487-NV2-140,85.0,82,1,2022-06-26,2022-07-14
invalid,80207-xw3-XL,85.0,68,1,2022-09-21,2022-11-04
W001,67242-TN9-60,84.0,83,1,2022-01-02,2022-02-13
invalid,33081-U74-50,84.0,82,1,2022-08-14,2022-09-30
invalid,67127-QR7-S,84.0,83,2,2022-01-05,2022-02-10
invalid,60611-VW4-140,84.0,84,1,2022-07-11,2022-07-15
invalid,80276-243-110,84.0,84,2,2023-02-01,2023-04-05
invalid,68010-XH5-100,84.0,84,3,2022-09-09,2022-09-20
invalid,60612-VX4-110,84.0,83,2,2022-04-27,2022-05-31
invalid,80144-CK7-120,84.0,83,2,2022-12-26,2023-02-04
invalid,67994-XH8-120,84.0,80,1,2022-10-23,2022-10-31
invalid,67157-SR4-140,84.0,83,1,2022-08-01,2022-10-18
invalid,66994-VK5-XS,84.0,80,3,2022-01-04,2022-07-18
invalid,80394-260-S,84.0,84,1,2023-02-12,2023-03-16
invalid,68033-GF2-110,84.0,84,2,2023-06-07,2023-08-02
invalid,40805-48Q-XXL,84.0,79,2,2022-01-16,2022-07-26
invalid,67366-304-85,84.0,84,1,2023-01-15,2023-05-23
invalid,67379-PH7-140,84.0,83,1,2022-02-17,2022-05-10
invalid,67180-NU3-110,84.0,82,2,2022-01-05,2022-01-24
invalid,81763-1QV-90,84.0,84,1,2024-05-04,2024-06-05
invalid,67530-85H-150,84.0,80,2,2022-03-10,2022-07-28
invalid,68082-XF5-85,84.0,82,1,2022-07-14,2022-09-14
invalid,67365-VZ2-150,84.0,83,1,2022-02-06,2022-06-20
W001,82485-3BJ-60,84.0,70,3,2024-10-08,2026-06-05
invalid,80144-CK7-110,84.0,81,2,2022-10-03,2022-12-22
invalid,67189-VH3-110,84.0,84,2,2022-01-02,2022-03-14
W001,67852-WU4-130,84.0,82,3,2022-06-09,2022-07-13
W001,67482-WL5-100,84.0,84,1,2022-05-10,2022-07-03
W001,67681-78M-100,84.0,83,4,2022-04-05,2022-06-29
invalid,67854-NV2-150,84.0,83,1,2022-06-25,2022-07-09
invalid,67480-87R-110,84.0,76,1,2022-01-24,2022-03-30
invalid,48080-SR4-130,84.0,75,2,2022-06-24,2023-08-28
invalid,80862-C57-100,84.0,83,2,2023-09-06,2024-01-22
W001,82484-3BI-60,84.0,78,3,2024-10-08,2026-06-10
invalid,67271-WD9-100,84.0,82,1,2022-04-08,2022-04-22
invalid,65597-WC9-60,84.0,84,1,2022-01-23,2022-05-01
invalid,66719-XH8-90,84.0,82,1,2022-07-31,2022-09-19
invalid,65602-PH7-50,84.0,80,1,2022-03-02,2022-03-17
invalid,67326-FE7-130,84.0,81,1,2022-03-01,2022-04-28
W001,67751-WX3-80,84.0,84,1,2022-04-10,2022-04-29
invalid,67867-WW6-110,84.0,82,2,2022-05-25,2022-07-01
invalid,67470-EF5-85,84.0,82,1,2022-01-03,2022-02-20
W001,67865-WT6-150,83.0,78,3,2022-04-23,2022-06-28
invalid,62129-UK7-120,83.0,80,2,2022-06-25,2022-07-12
invalid,67907-SJ7-100,83.0,82,1,2022-07-28,2023-01-09
invalid,67490-VU9-90,83.0,83,1,2022-05-24,2022-06-23
invalid,67377-VX9-140,83.0,79,1,2023-07-04,2023-07-12
invalid,81535-1FZ-60,83.0,80,1,2024-10-28,2025-06-30
invalid,65593-EF5-60,83.0,82,2,2022-01-28,2022-07-26
invalid,61979-443-50,83.0,79,1,2023-04-28,2024-01-03
invalid,80688-990-140,83.0,82,1,2023-04-28,2023-05-17
invalid,67409-WQ1-120,83.0,80,1,2022-02-27,2022-03-19
W001,66928-JG8-85,83.0,81,2,2022-02-06,2022-06-07
invalid,67684-V98-120,83.0,80,2,2022-05-25,2022-06-27
invalid,67751-WW6-60,83.0,83,1,2022-04-06,2022-05-25
W001,67887-WW3-140,83.0,79,1,2022-06-20,2022-07-27
invalid,68119-XH7-110,83.0,82,1,2022-10-25,2022-11-17
invalid,65203-VJ9-XL,83.0,74,2,2022-01-02,2022-02-15
W001,45346-VX9-150,83.0,82,1,2022-05-24,2022-06-06
invalid,59852-VP1-90,83.0,82,3,2022-01-05,2022-01-10
invalid,61983-WC9-70,83.0,83,1,2022-03-13,2022-05-22
W001,67407-001-120,83.0,82,2,2022-05-11,2022-06-05
invalid,67401-GK3-110,83.0,81,1,2023-07-27,2023-08-22
invalid,67403-417-110,83.0,82,1,2023-04-17,2023-07-05
invalid,67471-59W-120,83.0,80,1,2022-01-18,2022-04-07
invalid,68125-732-100,83.0,82,1,2023-12-01,2023-12-12
W001,67631-WW6-S,83.0,82,4,2022-04-29,2022-07-03
invalid,67524-85H-120,83.0,82,2,2022-07-03,2022-07-26
invalid,60325-75Z-M,83.0,76,2,2022-01-04,2022-03-19
invalid,61948-WV1-M,83.0,82,1,2022-05-08,2022-05-23
invalid,67861-WX4-130,83.0,82,1,2022-05-29,2022-07-05
W001,60612-VW5-140,83.0,83,1,2022-03-09,2022-03-27
invalid,68016-XD4-120,83.0,83,2,2022-08-24,2022-10-30
W001,81553-461-50,83.0,81,1,2024-11-13,2025-01-10
W001,65633-015-90,83.0,82,2,2022-01-02,2022-02-19
invalid,68004-904-110,83.0,81,1,2023-09-04,2023-10-19
invalid,67349-SR4-100,83.0,82,1,2022-02-17,2022-07-01
invalid,67418-VW2-130,82.0,82,1,2022-04-02,2022-07-14
invalid,80474-EF5-100,82.0,80,1,2023-05-22,2023-08-24
W001,67887-WW3-150,82.0,78,2,2022-06-20,2022-07-29
invalid,80457-JB4-100,82.0,81,1,2023-06-19,2023-07-22
invalid,65666-EF5-150,82.0,81,1,2022-03-23,2022-05-29
invalid,67293-VQ2-50,82.0,79,1,2022-01-02,2022-01-18
invalid,80857-SR4-120,82.0,80,1,2023-07-24,2023-10-09
invalid,80039-XT2-L,82.0,68,1,2023-11-01,2023-11-06
invalid,80847-921-85,82.0,82,1,2023-07-23,2023-09-07
invalid,50764-UD9-L,82.0,56,3,2022-05-24,2023-02-04
W001,58663-WR3-XS,82.0,78,1,2022-05-25,2022-06-28
invalid,67475-WN9-90,82.0,81,1,2022-05-14,2022-06-28
invalid,67475-WP0-85,82.0,82,1,2022-01-18,2022-05-30
invalid,67482-VD8-110,82.0,81,1,2022-02-08,2022-04-29
invalid,61956-XA4-130,82.0,77,2,2022-06-25,2023-06-23
invalid,80858-904-130,82.0,82,1,2023-07-20,2023-10-29
invalid,68125-VL8-100,82.0,82,2,2022-12-09,2023-02-02
invalid,47684-VQ6-150,82.0,80,2,2022-03-12,2022-05-27
W001,66987-VF4-90,82.0,81,2,2022-01-15,2022-05-01
invalid,68004-XH7-110,82.0,81,4,2022-07-11,2022-09-28
invalid,60609-TW3-120,82.0,80,2,2022-01-03,2022-02-22
invalid,67427-VS5-140,82.0,80,1,2022-05-01,2022-05-19
invalid,67404-238-150,82.0,82,1,2022-12-06,2023-04-01
invalid,67367-WK6-130,82.0,80,1,2022-01-18,2022-03-25
invalid,82035-IVJ-NB,82.0,81,1,2024-08-10,2025-01-23
invalid,68116-BS8-100,82.0,81,2,2023-10-06,2023-10-30
invalid,67472-479-100,82.0,79,1,2023-04-06,2023-05-17
W001,67486-78M-120,82.0,82,1,2022-05-24,2022-06-04
invalid,80142-76X-110,82.0,81,1,2022-10-26,2022-12-11
invalid,67180-CM4-110,82.0,82,1,2022-01-02,2022-01-07
W001,67844-C20-100,82.0,82,3,2022-04-06,2022-07-27
invalid,68116-949-100,82.0,81,2,2023-12-26,2024-01-31
invalid,68116-XJ5-90,82.0,80,2,2022-10-18,2022-11-15
invalid,67517-359-90,82.0,82,1,2023-06-13,2023-12-01
invalid,67485-NV2-130,82.0,82,2,2022-01-10,2022-07-07
W001,46153-GK3-150,82.0,68,1,2022-03-09,2022-04-12
invalid,80648-SR4-150,82.0,82,1,2023-04-11,2023-08-10
W001,60611-TW2-100,82.0,81,3,2022-01-19,2022-03-23
W001,67419-GK3-120,82.0,82,1,2022-03-09,2022-03-17
invalid,67387-VZ1-120,82.0,77,4,2022-03-15,2022-05-31
invalid,60599-VS9-120,82.0,80,2,2022-03-09,2022-04-29
invalid,52606-56X-7,82.0,81,3,2022-09-03,2022-11-10
invalid,82791-39T-85,82.0,82,1,2025-07-02,2025-08-31
W001,67404-WT8-100,82.0,80,3,2022-06-16,2022-08-01
invalid,80276-VR7-110,82.0,81,2,2023-02-21,2023-05-11
W001,65788-EF5-NB,82.0,77,2,2022-01-19,2022-06-03
invalid,60356-PH7-90,82.0,82,1,2023-03-02,2023-05-02
invalid,66955-990-110,81.0,78,2,2022-01-14,2022-01-18
invalid,80467-309-100,81.0,80,1,2023-03-20,2023-04-03
W001,60784-PF2-XS,81.0,77,1,2022-01-09,2022-05-30
invalid,67419-490-140,81.0,78,1,2023-07-01,2023-07-10
invalid,60356-WV1-110,81.0,81,1,2023-06-21,2023-07-05
invalid,67987-XH6-85,81.0,80,1,2022-07-31,2022-12-05
invalid,59852-QY4-100,81.0,78,1,2022-01-08,2022-01-14
invalid,67398-372-100,81.0,81,1,2023-06-29,2023-07-22
invalid,62027-VW8-60,81.0,79,1,2022-05-29,2022-06-03
invalid,62617-XJ5-M,81.0,78,1,2022-08-29,2022-09-16
W001,67863-WX2-130,81.0,79,2,2022-05-19,2022-07-03
invalid,68004-925-120,81.0,80,1,2023-08-21,2023-08-30
invalid,68004-929-110,81.0,81,1,2023-08-16,2023-08-26
invalid,67593-PF4-85,81.0,78,1,2022-05-02,2023-02-19
invalid,68010-930-110,81.0,81,2,2023-09-01,2024-01-22
invalid,68004-XJ3-110,81.0,81,2,2022-08-24,2022-10-12
invalid,68027-186-100,81.0,79,2,2022-12-03,2023-01-27
invalid,68008-XJ4-120,81.0,80,1,2022-10-27,2022-10-31
W001,67860-WY2-150,81.0,81,1,2022-05-18,2022-07-13
W001,81339-38B-120,81.0,77,1,2025-03-18,2025-04-13
invalid,67593-GD4-120,81.0,81,2,2022-04-14,2022-07-19
invalid,68028-198-90,81.0,79,1,2023-05-09,2023-07-25
invalid,46239-B42-140,81.0,77,1,2022-04-18,2022-05-11
invalid,82035-1UN-NB,81.0,81,1,2024-09-04,2025-01-14
invalid,59781-GF2-85,81.0,81,2,2022-11-30,2022-12-10
W001,67482-WL5-120,81.0,80,1,2022-05-24,2022-07-01
invalid,80969-004-90,81.0,81,1,2023-12-30,2024-01-04
invalid,67472-133-110,81.0,80,1,2023-02-10,2023-03-11
invalid,47058-FU8-100,81.0,80,3,2022-01-02,2022-07-01
invalid,68126-TV4-90,81.0,81,1,2022-09-13,2022-11-25
invalid,60603-NB1-M,81.0,79,2,2022-01-02,2022-02-19
invalid,67307-DW1-70,81.0,80,1,2022-01-23,2022-03-16
invalid,67866-M91-120,81.0,80,2,2022-06-02,2022-07-04
W001,58661-QH4-S,81.0,80,2,2022-02-25,2022-04-12
invalid,59852-TP7-120,81.0,80,3,2022-01-09,2022-01-11
invalid,60612-VW4-100,81.0,81,2,2022-04-30,2022-06-12
invalid,80857-SR4-130,81.0,80,1,2023-07-18,2023-11-20
W001,45359-DW1-85,81.0,80,2,2022-01-04,2022-04-28
W001,67699-76X-85,81.0,81,1,2022-04-06,2022-07-08
invalid,65653-WJ6-90,81.0,81,1,2022-02-27,2022-05-01
invalid,67239-011-50,81.0,78,1,2022-02-16,2022-06-06
invalid,67232-B42-60,81.0,78,2,2022-02-15,2022-06-01
invalid,67216-HI2-110,81.0,81,3,2022-03-09,2022-07-15
W001,50282-VP5-M,81.0,77,5,2022-02-01,2022-07-09
W001,67631-WV1-M,81.0,81,5,2022-04-29,2022-07-02
invalid,80533-1OD-110,81.0,78,1,2024-01-17,2024-03-07
invalid,60599-VS4-120,81.0,76,1,2022-07-15,2022-07-18
invalid,67521-NV2-90,81.0,80,2,2022-02-03,2022-05-17
invalid,67493-WH8-150,81.0,79,1,2022-01-29,2022-03-08
invalid,80276-228-110,81.0,80,1,2023-04-11,2023-05-30
invalid,66640-JB1-150,81.0,80,2,2022-01-03,2022-06-21
invalid,67412-76X-110,81.0,80,1,2022-02-01,2022-03-09
W001,67275-WB2-90,80.0,79,1,2022-02-10,2022-04-23
invalid,60356-VU6-85,80.0,77,1,2023-07-04,2023-07-09
W001,67363-WK4-100,80.0,80,1,2022-03-09,2022-04-08
W001,67362-VZ1-100,80.0,80,1,2022-05-25,2022-07-02
invalid,80033-XT1-90,80.0,79,1,2022-12-27,2022-12-28
invalid,80033-XV3-100,80.0,79,1,2022-12-27,2022-12-28
invalid,80033-XV3-90,80.0,79,1,2022-12-13,2022-12-27
invalid,68010-XC8-110,80.0,80,1,2022-08-29,2022-09-05
invalid,67345-WE2-110,80.0,80,1,2022-03-14,2022-03-30
invalid,67271-WB3-85,80.0,76,2,2022-01-20,2022-12-08
invalid,68010-XB8-110,80.0,74,1,2023-07-24,2023-08-02
invalid,67517-SK3-90,80.0,79,1,2023-01-03,2023-07-10
invalid,67487-NV2-100,80.0,80,1,2022-07-03,2022-07-26
invalid,66940-ST6-60,80.0,80,2,2022-01-02,2022-02-07
invalid,80137-015-110,80.0,79,1,2023-05-29,2023-07-03
invalid,80433-343-110,80.0,78,1,2023-07-26,2023-08-24
invalid,66941-EF5-50,80.0,79,1,2022-01-02,2022-01-17
invalid,80131-212-110,80.0,77,1,2022-12-29,2023-01-03
invalid,37028-XQ7-90,80.0,78,1,2022-07-28,2022-08-15
invalid,65576-WM5-80,80.0,80,1,2022-02-01,2022-04-01
invalid,67993-A79-100,80.0,79,1,2022-10-10,2022-10-27
invalid,62027-VV2-85,80.0,80,1,2022-04-09,2022-04-29
W001,82815-2RR-110,80.0,77,1,2024-11-18,2024-12-05
invalid,68004-921-110,80.0,78,1,2023-09-06,2023-09-20
invalid,80371-305-90,80.0,79,1,2023-02-21,2023-07-06
invalid,67048-926-90,80.0,80,1,2023-09-08,2023-10-16
invalid,81535-EF5-NB,80.0,78,2,2025-08-09,2026-01-05
invalid,80046-XV3-L,80.0,66,1,2023-10-13,2023-10-22
invalid,68007-XE3-90,80.0,80,1,2022-12-27,2023-01-03
invalid,68007-XE3-100,80.0,77,1,2022-11-30,2022-12-10
invalid,68007-947-85,80.0,80,1,2023-08-31,2023-09-14
invalid,67044-A79-90,80.0,79,1,2022-10-24,2022-11-26
invalid,65775-76X-XXS,80.0,80,1,2022-01-02,2022-01-13
W001,67275-WB2-140,80.0,80,1,2022-02-15,2022-04-29
invalid,66656-009-90,80.0,79,1,2022-01-02,2022-01-11
invalid,66930-898-70,80.0,80,1,2023-11-20,2023-12-12
W001,67398-VW2-120,80.0,78,1,2022-05-24,2022-06-05
invalid,67299-GD4-90,80.0,78,1,2022-03-22,2022-05-05
invalid,81074-M23-110,80.0,80,1,2023-10-05,2023-10-13
invalid,67522-WK9-90,80.0,80,1,2022-05-02,2022-06-26
invalid,68125-927-100,80.0,78,1,2023-09-03,2023-09-10
invalid,68125-947-100,80.0,80,1,2023-08-31,2023-09-04
invalid,67878-VU6-110,80.0,77,1,2022-07-06,2022-07-10
W001,82815-2RS-120,80.0,74,1,2024-11-25,2024-12-08
invalid,50754-NL2-S,80.0,65,1,2022-01-03,2022-01-05
invalid,52557-QX3-S,80.0,79,1,2022-01-26,2022-07-12
invalid,67482-WK2-120,80.0,80,1,2022-02-05,2022-04-08
W001,67506-G31-150,80.0,80,1,2022-04-29,2022-07-15
invalid,67221-VZ1-130,80.0,80,1,2022-01-22,2022-05-28
invalid,68031-XD4-90,80.0,79,1,2022-12-11,2023-01-13
W001,67858-WX3-140,80.0,79,4,2022-04-24,2022-06-22
invalid,80678-442-120,80.0,80,1,2023-07-06,2023-07-08
invalid,65642-331-110,80.0,78,1,2023-06-30,2023-07-05
invalid,65642-WM4-100,80.0,80,1,2022-03-09,2022-03-29
invalid,65642-WM4-90,80.0,80,1,2022-03-10,2022-03-31
invalid,67472-56X-90,80.0,79,1,2022-05-26,2022-07-07
invalid,54062-NU7-140,79.0,78,2,2022-01-08,2022-07-15
W001,82485-3BJ-70,79.0,72,3,2024-10-08,2026-06-03
invalid,60612-XF5-150,79.0,78,1,2022-07-13,2022-10-25
invalid,82019-1VP-60,79.0,79,1,2024-09-28,2024-12-17
invalid,67430-WC3-80,79.0,79,2,2022-02-02,2022-05-14
invalid,67432-WD5-OS,79.0,78,1,2022-01-02,2022-02-19
invalid,68004-XG5-110,79.0,75,1,2022-10-30,2022-11-23
invalid,67994-XB5-110,79.0,76,2,2022-10-21,2023-02-01
invalid,43197-SR4-110,79.0,75,1,2023-08-04,2023-11-07
invalid,67378-WH9-120,79.0,79,1,2022-03-04,2022-07-10
invalid,67514-WX1-M,79.0,77,2,2022-05-11,2022-07-08
invalid,67726-AV3-90,79.0,76,1,2022-04-07,2022-05-09
invalid,80760-181-120,79.0,77,1,2023-07-10,2023-07-15
invalid,67113-VN3-90,79.0,77,2,2022-01-02,2022-12-02
invalid,66971-VD4-140,78.0,78,2,2022-01-02,2022-03-17
W001,42318-75Z-60,78.0,78,3,2022-03-14,2022-07-18
invalid,67100-VJ0-140,78.0,78,1,2022-01-03,2022-03-27
invalid,46906-GF2-S,78.0,78,2,2022-12-11,2023-03-01
invalid,67490-WV2-90,78.0,78,1,2022-06-22,2022-07-10
W001,67842-C20-100,78.0,78,1,2022-04-05,2022-05-24
invalid,80261-307-110,78.0,77,1,2023-05-27,2023-06-14
W001,67597-WS4-150,78.0,76,2,2022-04-06,2022-05-12
invalid,67398-WQ1-85,78.0,77,1,2022-01-10,2022-05-08
W001,67690-G31-150,78.0,77,1,2022-05-19,2022-07-15
invalid,59818-GF2-130,78.0,78,2,2022-11-15,2023-02-06
W001,67385-V98-110,78.0,75,1,2022-07-17,2022-08-03
invalid,67755-WX5-80,78.0,78,1,2022-05-11,2022-07-13
invalid,80085-XW4-100,78.0,75,1,2022-11-03,2022-12-04
invalid,45039-001-5,78.0,60,1,2022-09-01,2022-11-08
W001,67419-SR4-90,78.0,78,1,2022-05-22,2022-07-10
invalid,81109-1AB-100,78.0,78,1,2023-11-25,2023-12-09
invalid,66940-SR4-60,78.0,77,2,2022-01-02,2022-01-13
W001,62633-990-140,78.0,77,1,2022-03-17,2022-07-19
invalid,67781-WV4-80,78.0,76,1,2022-06-24,2022-07-10
W001,67596-76X-100,78.0,77,1,2022-04-05,2022-06-09
invalid,67402-V98-100,78.0,78,2,2022-01-26,2022-07-18
W001,67692-62L-90,78.0,78,1,2022-06-13,2022-08-02
invalid,46906-76X-S,78.0,78,3,2022-01-19,2023-04-04
invalid,67213-J81-120,78.0,75,2,2022-01-05,2022-03-10
invalid,67633-AV3-100,77.0,77,1,2022-04-18,2022-05-18
W001,60611-VW8-100,77.0,76,1,2022-05-24,2022-06-17
invalid,33218-WF4-100,77.0,76,1,2022-03-13,2022-07-25
invalid,80144-VL8-120,77.0,77,2,2022-11-15,2022-12-26
invalid,80057-015-110,77.0,77,1,2022-12-09,2022-12-27
invalid,42318-75Z-80,77.0,73,1,2022-01-02,2022-02-25
invalid,68119-XH7-85,77.0,76,1,2022-12-26,2023-01-05
invalid,67874-HI7-110,77.0,77,2,2023-01-21,2023-10-15
invalid,60599-PH7-150,77.0,70,1,2022-03-27,2022-05-12
invalid,47053-NN9-60,77.0,75,2,2022-01-02,2022-07-25
invalid,66950-VB3-70,77.0,75,3,2022-01-13,2022-03-24
W001,82484-3AC-50,77.0,65,3,2024-10-08,2026-06-09
W001,67409-WX9-100,77.0,76,1,2022-04-20,2022-06-26
invalid,67485-NU7-150,77.0,76,1,2022-05-12,2022-06-13
invalid,67445-WQ1-50,77.0,75,2,2022-02-07,2022-07-19
W001,50282-PF2-XL,77.0,71,3,2022-01-02,2022-08-01
invalid,66716-011-130,77.0,75,2,2022-01-02,2022-01-10
invalid,68144-GF2-80,77.0,77,1,2022-07-14,2022-09-12
invalid,65603-SR4-75,77.0,75,1,2022-01-03,2022-01-16
invalid,67448-WC9-70,77.0,74,2,2022-01-17,2022-05-03
invalid,67378-WJ2-120,77.0,74,2,2022-04-01,2022-07-26
invalid,80039-XT1-XL,77.0,67,1,2023-11-08,2023-11-20
W001,67517-WM4-150,77.0,76,1,2022-05-24,2022-06-20
invalid,46177-QD7-L,77.0,74,3,2022-01-03,2022-04-05
invalid,67453-VU7-70,76.0,76,1,2022-04-26,2022-05-17
invalid,66935-JB3-50,76.0,76,1,2022-06-13,2022-07-07
invalid,67582-WS8-150,76.0,74,1,2022-05-25,2022-07-12
invalid,80969-886-100,76.0,73,1,2023-10-25,2024-01-03
invalid,49027-GK3-120,76.0,71,2,2022-01-02,2023-01-25
invalid,80118-014-XL,76.0,71,2,2023-01-16,2023-07-22
invalid,80969-886-150,76.0,73,2,2023-10-24,2024-01-04
invalid,68103-XS2-110,76.0,75,1,2022-07-28,2022-11-01
W001,81339-2MB-130,76.0,76,1,2025-03-16,2025-03-27
invalid,82035-22L-70,76.0,76,1,2024-08-14,2025-01-29
invalid,60603-WB2-XS,76.0,74,2,2022-01-03,2022-07-20
invalid,68150-GF2-80,76.0,74,1,2022-07-19,2022-08-31
invalid,67277-VQ2-150,76.0,75,1,2022-01-03,2022-06-14
invalid,68011-XG3-100,76.0,76,2,2022-09-16,2022-12-22
W001,80361-1FZ-85,76.0,76,2,2024-10-10,2025-04-09
invalid,68173-720-70,76.0,74,1,2023-10-25,2023-11-10
invalid,67330-RR5-100,76.0,74,1,2022-01-24,2022-02-23
invalid,67401-GK3-140,76.0,76,2,2022-01-18,2023-07-17
invalid,83013-2WJ-140,76.0,72,3,2025-01-12,2025-12-09
invalid,67577-PG5-140,76.0,75,1,2022-06-23,2022-07-11
W001,67686-WJ8-140,76.0,75,1,2022-04-12,2022-06-20
invalid,60008-XT1-80,76.0,76,1,2023-10-09,2023-10-22
invalid,67435-75M-XS,76.0,73,1,2022-04-28,2022-06-23
W001,60599-VU6-110,75.0,75,1,2022-05-24,2022-06-15
invalid,83308-2XV-S,75.0,73,2,2025-01-10,2025-01-31
invalid,67885-UK7-120,75.0,74,2,2022-04-25,2022-06-07
W001,67028-B42-150,75.0,75,2,2022-01-03,2022-06-08
invalid,59818-015-110,75.0,74,5,2022-01-03,2023-02-08
invalid,81371-1AX-100,75.0,75,1,2024-01-18,2024-03-06
W001,39973-AH1-120,75.0,75,1,2022-03-09,2022-04-20
invalid,33218-WF3-130,75.0,73,1,2022-03-09,2022-03-28
invalid,67755-WX5-85,75.0,72,1,2022-05-12,2022-07-11
invalid,80155-75Z-M,75.0,71,3,2022-10-25,2023-01-30
W001,61956-WX6-130,75.0,70,1,2022-06-17,2022-06-20
invalid,68027-184-110,75.0,75,1,2022-09-01,2022-10-21
invalid,60600-VU6-90,75.0,74,1,2022-05-24,2022-06-10
invalid,82035-1VH-50,75.0,75,2,2024-08-28,2024-11-11
invalid,60008-010-70,75.0,69,2,2023-07-07,2023-08-03
invalid,67419-144-110,75.0,74,1,2023-04-29,2023-05-23
W001,67316-VH2-90,75.0,73,1,2022-01-03,2022-08-01
invalid,67408-78M-120,75.0,74,1,2022-07-13,2022-07-19
invalid,80134-XT7-85,75.0,73,1,2022-09-26,2022-12-30
invalid,47053-NN9-85,75.0,73,1,2022-01-03,2022-07-15
W001,65019-TL8-85,75.0,71,2,2022-01-14,2022-07-21
invalid,67390-WL0-140,75.0,75,1,2022-06-23,2022-07-15
invalid,67162-NN9-130,75.0,74,1,2022-01-02,2022-01-10
invalid,80255-GF2-100,75.0,74,1,2023-11-01,2023-12-02
W001,67238-011-85,74.0,72,1,2022-07-18,2022-07-19
invalid,83270-2KE-50,74.0,72,1,2026-01-17,2026-05-28
invalid,67408-SK3-100,74.0,73,1,2023-04-25,2023-05-24
invalid,67408-291-85,74.0,74,2,2023-04-25,2023-08-14
W001,60600-VU6-160,74.0,74,1,2022-01-04,2022-03-16
invalid,80156-XS9-M,74.0,72,1,2022-11-15,2022-12-06
invalid,67445-75M-60,74.0,73,1,2022-05-23,2022-06-25
invalid,62944-NJ1-130,74.0,71,4,2022-01-03,2022-02-19
invalid,67684-78M-90,74.0,72,1,2022-05-30,2022-07-08
invalid,68011-XF3-85,74.0,73,2,2022-10-14,2022-12-09
invalid,80492-262-130,74.0,74,1,2023-03-21,2023-04-27
invalid,65602-WC9-70,74.0,73,1,2023-06-28,2023-07-12
invalid,68018-XG9-85,74.0,74,1,2022-09-06,2022-10-26
W001,81553-461-60,74.0,74,1,2024-10-10,2024-12-17
W001,82195-QX6-110,74.0,73,1,2024-12-30,2025-01-04
invalid,67472-VX4-90,74.0,73,1,2023-02-16,2023-04-01
invalid,67367-85H-100,74.0,74,1,2023-02-01,2023-07-02
W001,82307-2EU-50,74.0,74,2,2024-10-23,2025-03-27
W001,50979-VP3-110,74.0,73,1,2022-03-17,2022-05-17
W001,67866-XA4-90,74.0,74,1,2022-06-06,2022-07-15
invalid,60008-QY5-50,74.0,72,1,2022-11-23,2022-12-02
invalid,67392-XE2-90,74.0,73,1,2023-04-11,2023-06-02
invalid,67424-VW4-150,74.0,71,1,2022-02-10,2022-05-18
invalid,52622-XW3-M/L,74.0,57,2,2022-11-28,2023-10-19
invalid,67493-WL9-100,74.0,74,1,2022-01-07,2022-03-07
W001,82816-2RS-120,74.0,71,1,2024-11-13,2024-12-11
W001,67287-NG6-120,74.0,73,4,2022-02-07,2022-05-14
invalid,68116-BS8-120,74.0,71,2,2022-09-19,2022-10-20
invalid,68113-TM4-140,74.0,73,1,2022-08-06,2022-10-27
W001,66073-PF4-140,74.0,72,2,2022-07-07,2022-07-26
W001,50754-001-M,74.0,57,1,2022-03-09,2022-04-11
invalid,83066-010-XL,74.0,70,1,2025-01-19,2025-08-05
invalid,82035-1VH-70,74.0,74,1,2024-08-11,2025-01-03
invalid,82035-1VH-60,74.0,74,1,2024-08-10,2024-12-06
invalid,67419-76X-130,73.0,73,2,2022-05-13,2022-07-18
W001,43205-015-90,73.0,68,1,2022-01-02,2022-02-14
invalid,84001-2VA-XL,73.0,70,1,2025-10-26,2025-11-23
invalid,67614-RR5-60,73.0,71,1,2022-06-07,2022-07-08
invalid,67390-WL0-110,73.0,72,1,2022-05-31,2022-07-27
invalid,82036-1UN-70,73.0,72,1,2024-08-18,2025-01-02
invalid,82035-1VG-50,73.0,73,1,2024-08-18,2024-12-06
invalid,67052-SR4-90,73.0,72,1,2022-01-02,2022-04-29
invalid,67368-VZ2-140,73.0,73,2,2022-01-25,2022-07-12
invalid,68082-XJ2-60,73.0,72,2,2022-07-19,2022-11-28
W001,60611-VX4-110,73.0,68,1,2022-03-09,2022-03-21
invalid,68119-XD4-140,73.0,70,1,2022-10-16,2022-10-27
invalid,47433-VG3-140,73.0,68,2,2022-01-14,2022-05-23
invalid,36754-GK3-150,73.0,56,1,2022-02-01,2022-08-30
invalid,80134-036-110,73.0,73,1,2022-09-20,2022-12-16
invalid,67366-WK4-85,73.0,71,1,2022-01-20,2022-04-02
invalid,55355-HY4-140,73.0,71,2,2022-01-03,2022-04-18
invalid,82036-1VH-70,73.0,71,1,2024-08-20,2025-01-03
invalid,62944-NH9-120,73.0,72,1,2022-01-04,2022-01-12
invalid,67010-054-100,73.0,72,1,2022-09-04,2022-10-04
invalid,67379-AM7-90,73.0,73,1,2022-01-25,2022-04-12
W001,67316-WD8-90,73.0,72,1,2022-01-04,2022-07-15
invalid,67262-VN4-130,72.0,69,2,2022-01-19,2022-11-25
invalid,80156-XS9-S,72.0,72,2,2022-11-14,2022-12-05
invalid,80544-139-100,72.0,70,1,2023-05-11,2023-06-29
invalid,65666-EF5-120,72.0,72,3,2022-02-23,2022-05-11
invalid,67681-78M-110,72.0,72,3,2022-05-12,2022-06-22
invalid,80492-JB4-140,72.0,71,1,2023-03-25,2023-05-16
invalid,67375-WQ1-130,72.0,72,2,2022-01-19,2022-05-20
invalid,67860-WT6-130,72.0,71,1,2022-05-20,2022-07-01
invalid,67407-WQ1-150,72.0,72,2,2023-05-14,2023-08-02
invalid,67412-NV2-120,72.0,71,2,2022-02-01,2022-05-24
invalid,60611-VW4-100,72.0,69,1,2022-04-28,2022-05-28
invalid,46153-GK3-140,72.0,64,1,2022-03-10,2022-03-29
invalid,80673-SW4-110,72.0,72,1,2023-04-07,2023-06-10
invalid,67571-RR5-130,72.0,70,1,2022-01-11,2022-04-05
invalid,67353-HI7-110,72.0,72,1,2023-06-06,2023-06-29
invalid,67339-WE1-130,72.0,69,3,2022-02-23,2022-05-25
invalid,33218-TT2-160,72.0,66,1,2022-02-17,2022-03-28
invalid,67387-06G-110,72.0,72,1,2022-10-23,2022-12-27
invalid,67306-DW1-110,72.0,70,1,2022-01-02,2022-01-26
W001,67482-VD8-120,72.0,71,1,2022-05-24,2022-06-28
W001,82484-3AC-60,72.0,58,3,2024-10-08,2026-06-05
invalid,67475-WN9-120,72.0,71,2,2022-01-11,2022-07-17
invalid,80062-030-90,72.0,68,1,2022-09-20,2022-10-23
W001,67848-NV2-85,72.0,70,1,2022-06-09,2022-07-04
invalid,59845-010-L,72.0,62,3,2022-11-23,2022-11-26
invalid,80033-XT1-85,72.0,69,1,2022-12-13,2022-12-27
invalid,67501-GF2-90,72.0,72,1,2022-08-11,2022-08-31
W001,67254-VN7-S/M,72.0,64,7,2022-01-07,2022-04-04
invalid,67412-SR4-120,72.0,72,2,2022-02-02,2022-05-24
invalid,67412-76X-120,72.0,70,1,2022-02-01,2022-03-03
invalid,59852-XV3-100,72.0,67,2,2023-12-09,2023-12-13
invalid,65597-AM7-90,72.0,72,1,2022-01-20,2022-03-11
W001,66661-AT2-100,72.0,70,1,2022-01-04,2022-02-23
invalid,59852-VP1-100,72.0,69,2,2022-01-03,2022-01-05
invalid,60604-VW2-S,72.0,70,1,2022-01-11,2022-03-20
invalid,67375-1FA-100,72.0,72,1,2024-01-17,2024-03-06
W001,67472-JX7-100,72.0,71,1,2022-07-09,2022-07-12
invalid,68116-XG7-110,71.0,70,1,2022-11-09,2022-11-30
invalid,67397-WH8-130,71.0,69,1,2022-03-09,2022-04-08
invalid,59781-M23-100,71.0,69,2,2022-11-25,2022-12-18
invalid,60599-VU6-120,71.0,70,1,2022-05-24,2022-06-10
W001,67848-V98-140,71.0,71,2,2022-04-29,2022-06-13
invalid,60535-EF5-S,71.0,68,2,2022-03-02,2022-09-07
W001,51911-J81-100,71.0,69,2,2022-01-27,2022-04-23
invalid,80860-910-90,71.0,71,1,2023-08-17,2023-11-19
invalid,80487-368-90,71.0,70,1,2023-01-16,2023-05-26
invalid,60611-XC8-110,71.0,71,1,2022-08-23,2022-09-02
invalid,67501-SR4-85,71.0,70,1,2023-04-20,2023-08-22
W001,66073-GD4-130,71.0,71,1,2022-03-13,2022-04-03
W001,60363-VU7-120,71.0,71,2,2022-03-09,2022-04-18
W001,67679-015-120,71.0,71,2,2022-04-29,2022-06-24
invalid,67501-011-90,71.0,70,1,2022-11-29,2022-12-19
W001,67596-76X-130,71.0,70,1,2022-04-05,2022-07-01
invalid,68116-BS8-85,71.0,71,2,2022-10-17,2023-10-10
invalid,68102-G44-110,71.0,70,1,2022-08-25,2022-09-24
invalid,67431-B42-80,71.0,69,1,2022-06-06,2022-07-07
invalid,80544-139-110,71.0,69,3,2023-07-12,2023-10-04
invalid,80523-144-110,71.0,71,3,2023-05-05,2023-06-09
invalid,80492-JB4-110,71.0,70,2,2023-03-24,2023-05-11
invalid,58660-WQ7-S,71.0,67,2,2022-10-02,2023-10-09
invalid,43197-B42-140,71.0,69,1,2022-03-09,2022-04-28
W001,60611-VW8-110,71.0,69,1,2022-05-24,2022-06-18
invalid,67910-BY8-110,71.0,69,1,2022-08-07,2022-09-28
invalid,60600-VS4-120,71.0,71,2,2022-05-30,2022-06-10
invalid,67548-B42-75,71.0,71,1,2022-07-03,2022-07-13
invalid,80431-990-110,71.0,69,1,2023-03-23,2023-04-20
invalid,68028-842-110,71.0,70,1,2023-09-06,2023-11-07
invalid,80768-092-110,71.0,70,1,2023-08-30,2023-09-25
invalid,80969-06G-90,71.0,70,1,2024-01-04,2024-01-08
invalid,68126-A71-100,71.0,70,1,2023-07-22,2023-08-20
invalid,67374-PH7-110,71.0,69,1,2022-01-14,2022-06-03
invalid,46153-G44-120,71.0,70,1,2023-05-24,2023-06-04
invalid,81095-757-85,71.0,70,1,2023-10-14,2024-01-11
invalid,60604-VU7-L,71.0,70,2,2022-01-12,2022-04-08
invalid,68007-911-110,71.0,70,2,2023-08-31,2023-10-04
W001,67878-WV5-120,71.0,71,2,2022-05-19,2022-07-01
invalid,81464-1NW-110,71.0,71,1,2024-02-06,2024-03-06
invalid,67860-WV5-100,71.0,71,1,2022-05-22,2022-06-27
invalid,68011-XG3-110,71.0,70,1,2022-09-16,2022-10-10
invalid,67414-WM4-85,71.0,70,1,2022-02-01,2022-05-30
invalid,67275-WB2-100,71.0,69,1,2022-02-11,2022-03-26
invalid,80468-364-100,71.0,68,1,2023-03-27,2023-05-01
invalid,67687-G31-120,71.0,71,2,2022-03-31,2022-05-23
W001,60600-WT7-85,71.0,70,1,2022-06-07,2022-06-28
invalid,80033-XT8-110,71.0,68,1,2023-01-03,2023-01-13
W001,82195-2HM-100,71.0,70,1,2024-12-28,2025-01-04
invalid,58661-WQ7-M,71.0,70,1,2022-12-07,2022-12-19
invalid,62617-QD7-M,71.0,67,1,2022-01-02,2022-01-07
invalid,45850-011-100,71.0,66,1,2022-07-15,2022-07-16
W001,67274-VP5-130,71.0,70,1,2022-02-08,2022-03-17
invalid,67501-SR4-100,70.0,68,1,2022-01-21,2022-02-28
invalid,60363-WD5-120,70.0,70,1,2022-02-22,2022-03-01
invalid,60356-VU7-120,70.0,70,1,2022-07-07,2022-07-26
invalid,81096-1AU-110,70.0,70,1,2024-01-04,2024-01-10
invalid,67688-76X-130,70.0,69,1,2022-05-18,2022-06-08
invalid,80453-370-90,70.0,70,1,2023-01-31,2023-06-29
invalid,80468-303-110,70.0,69,1,2023-03-07,2023-03-21
W001,67556-NV2-90,70.0,66,1,2022-06-02,2022-06-19
invalid,67751-WW6-80,70.0,69,2,2022-04-10,2022-04-30
invalid,67472-E51-100,70.0,68,1,2022-06-25,2022-07-01
invalid,67688-EH3-130,70.0,67,1,2022-05-19,2022-06-27
W001,80276-2YT-110,70.0,69,2,2025-01-16,2025-02-04
invalid,62118-SJ8-85,70.0,69,1,2022-03-30,2022-06-01
W001,67363-WM9-120,70.0,70,1,2022-03-09,2022-04-14
invalid,45346-VX9-150,70.0,64,1,2022-01-23,2022-03-08
invalid,58661-WR9-M,70.0,68,1,2022-10-05,2022-10-20
invalid,58661-WQ8-M,70.0,66,1,2022-05-31,2022-06-03
invalid,58661-UE3-XL,70.0,61,2,2022-01-02,2022-02-11
W001,82484-3BI-70,70.0,68,3,2024-10-08,2026-06-10
W001,60356-VU7-120,70.0,69,1,2022-03-09,2022-03-14
invalid,67412-NV2-110,70.0,70,1,2022-02-06,2022-03-13
invalid,80668-374-110,70.0,68,1,2023-04-21,2023-07-21
invalid,67482-WL5-140,70.0,70,1,2022-05-24,2022-07-08
invalid,68150-06G-70,70.0,67,1,2022-09-16,2022-10-18
invalid,33218-WF4-140,70.0,67,1,2022-05-24,2022-07-15
W001,67365-VU7-120,70.0,70,1,2022-03-09,2022-03-27
invalid,80134-XT3-90,70.0,70,1,2022-09-25,2022-11-26
W001,67419-UU6-140,70.0,65,1,2022-07-18,2022-07-20
W001,67362-VZ1-120,70.0,69,1,2022-05-24,2022-06-14
invalid,67851-WX4-140,70.0,69,1,2022-06-29,2022-07-07
invalid,47684-WF8-100,70.0,67,1,2022-05-31,2022-06-13
invalid,65642-WC9-120,70.0,69,1,2022-03-09,2022-03-13
invalid,50282-VP5-XXL,70.0,65,1,2022-01-05,2022-02-06
invalid,80536-990-90,70.0,70,1,2023-02-02,2023-04-06
W001,58662-WS1-L,70.0,64,1,2022-06-14,2022-08-01
invalid,67559-QN4-130,70.0,67,1,2022-01-03,2022-02-22
W001,67722-WX5-85,70.0,70,1,2022-05-14,2022-07-05
invalid,68000-VH3-130,70.0,69,1,2022-10-27,2023-01-09
invalid,80043-XU6-90,70.0,70,1,2023-01-13,2023-01-27
invalid,68000-G44-85,70.0,68,1,2022-10-01,2023-01-07
invalid,67391-WH8-90,70.0,69,1,2022-10-15,2022-12-28
invalid,80796-GD6-100,70.0,69,1,2023-11-24,2023-11-29
invalid,67368-78M-130,70.0,69,1,2022-05-09,2022-07-15
invalid,80678-433-130,70.0,70,1,2023-07-01,2023-07-12
W001,54058-BH5-120,70.0,66,1,2022-02-25,2022-03-22
invalid,81371-1GR-110,70.0,70,1,2024-01-16,2024-03-07
invalid,80678-420-130,70.0,69,1,2023-07-07,2023-07-10
invalid,67175-B42-120,70.0,67,1,2022-01-04,2022-01-10
invalid,67138-AT2-85,70.0,69,1,2022-01-05,2022-01-12
invalid,51911-10F-100,70.0,70,1,2022-05-21,2022-05-29
invalid,67171-990-110,70.0,69,1,2022-01-03,2022-01-12
W001,57726-GA5-85,70.0,70,1,2022-01-04,2022-07-25
invalid,47052-NN9-110,70.0,70,1,2024-12-06,2024-12-08
invalid,67358-990-90,70.0,69,1,2022-01-20,2022-03-30
invalid,82036-1VG-50,70.0,69,1,2024-08-12,2024-12-30
invalid,66640-NU7-120,70.0,70,2,2022-03-30,2022-05-07
invalid,80684-G31-110,70.0,70,1,2023-07-15,2023-07-19
invalid,80079-033-110,70.0,67,1,2022-10-26,2022-11-06
invalid,80684-G31-120,70.0,69,1,2023-04-05,2023-05-16
invalid,80143-SR4-110,70.0,68,1,2022-10-21,2022-10-27
W001,60363-WQ1-120,70.0,69,1,2022-03-09,2022-03-16
invalid,67179-76X-85,70.0,69,1,2022-01-05,2022-01-21
invalid,65668-62S-110,70.0,70,1,2022-01-19,2022-03-07
invalid,67430-WC9-60,70.0,70,1,2022-02-13,2022-05-17
invalid,60612-VW8-140,70.0,66,1,2022-05-29,2022-06-01
invalid,67284-NJ1-85,70.0,68,2,2022-10-03,2023-08-26
invalid,80033-036-110,70.0,67,1,2022-12-28,2022-12-30
invalid,66640-JB1-100,70.0,69,1,2022-01-18,2022-05-11
W001,52706-FX8-120,70.0,68,3,2022-01-02,2024-11-23
invalid,67482-JA1-90,70.0,70,1,2022-02-02,2022-07-13
invalid,67866-WX4-120,70.0,69,1,2022-06-29,2022-07-01
invalid,68116-XJ5-120,70.0,68,1,2022-10-26,2022-10-29
invalid,67361-78M-90,70.0,68,1,2022-02-14,2022-04-11
W001,67870-76X-120,70.0,69,1,2022-07-18,2022-07-21
invalid,67107-VN9-130,70.0,66,1,2022-10-12,2022-10-17
invalid,67367-WK6-140,70.0,69,1,2022-01-12,2022-05-02
W001,67432-PH7-OS,70.0,66,1,2022-06-03,2022-06-20
invalid,67362-V98-120,70.0,70,2,2022-03-11,2022-04-19
invalid,81109-1AJ-100,70.0,66,1,2023-11-29,2023-12-06
W001,67681-78M-90,70.0,69,2,2022-04-05,2022-05-24
invalid,81096-739-110,70.0,70,1,2024-01-02,2024-01-12
W001,82239-30Q-120,70.0,70,1,2024-12-31,2025-01-07
invalid,67472-990-110,70.0,66,1,2022-06-29,2022-07-05
invalid,67472-76X-100,70.0,69,1,2022-04-26,2022-05-03
invalid,61959-WX6-L,70.0,68,1,2022-05-18,2022-07-06
invalid,68088-DW1-120,70.0,69,1,2022-08-29,2022-09-04
invalid,80058-XT9-140,70.0,70,1,2022-12-03,2022-12-17
invalid,59852-TN7-110,70.0,68,1,2022-10-22,2022-10-25
W001,65203-TN9-S,70.0,69,7,2022-01-14,2022-02-24
invalid,80492-HI7-110,69.0,69,2,2023-03-23,2023-06-17
invalid,55355-HY4-130,69.0,69,2,2022-01-28,2022-07-25
invalid,80143-G44-110,69.0,68,1,2022-11-14,2022-11-18
invalid,33175-GN1-150,69.0,65,2,2022-01-02,2022-04-22
invalid,80040-GF2-140,69.0,67,3,2022-11-27,2022-12-05
invalid,54062-JB1-140,69.0,63,1,2022-04-18,2022-07-25
invalid,59781-G44-100,69.0,66,1,2022-11-21,2022-11-27
invalid,43205-GK3-85,69.0,65,1,2023-07-01,2024-03-04
invalid,46153-B42-120,69.0,67,3,2022-06-27,2022-07-26
invalid,67214-GF2-130,69.0,64,1,2022-01-02,2022-02-06
invalid,67418-PH7-100,69.0,67,1,2022-02-17,2022-07-10
invalid,67408-78M-130,69.0,68,3,2022-07-15,2022-07-27
invalid,80467-297-130,69.0,69,1,2023-02-14,2023-03-18
invalid,81366-1CR-110,69.0,68,1,2024-01-13,2024-03-07
invalid,67250-75M-60,69.0,67,2,2022-01-27,2022-07-12
invalid,67288-VP5-50,69.0,68,1,2022-01-03,2022-02-16
W001,82816-2RR-100,69.0,66,1,2024-11-17,2024-11-27
invalid,67472-WZ6-120,69.0,69,1,2022-04-21,2022-05-10
invalid,68173-XF3-90,69.0,67,1,2022-09-01,2022-09-12
W001,81553-1FZ-50,69.0,69,2,2024-10-11,2025-01-09
invalid,80432-291-90,69.0,69,1,2023-06-07,2023-12-28
W001,67472-011-110,69.0,67,1,2022-03-09,2022-03-13
invalid,67396-WV1-150,69.0,67,1,2022-04-25,2022-06-06
invalid,80769-092-75,69.0,68,1,2023-09-04,2023-09-16
invalid,67362-C57-85,69.0,68,1,2022-02-17,2022-05-08
invalid,67418-VU7-100,68.0,68,2,2022-04-03,2022-07-13
W001,67901-QN4-120,68.0,67,1,2022-07-14,2022-08-01
invalid,57538-GD6-110,68.0,66,1,2022-05-20,2022-05-27
invalid,66834-UZ7-90,68.0,67,2,2022-01-02,2022-02-07
invalid,60356-78M-110,68.0,66,1,2023-05-23,2023-05-31
invalid,67493-WH8-130,68.0,68,3,2022-01-31,2022-03-21
W001,58660-WQ8-S,68.0,65,1,2022-05-24,2022-05-25
W001,54062-BO1-110,68.0,67,1,2022-03-09,2022-05-22
invalid,81553-461-NB,68.0,68,2,2024-09-28,2025-12-03
invalid,67157-82F-150,68.0,65,2,2022-01-03,2022-04-04
invalid,68010-955-140,68.0,68,2,2023-07-20,2024-03-06
invalid,67377-260-140,68.0,65,1,2023-04-12,2023-05-05
invalid,67453-WC9-70,68.0,68,2,2022-03-15,2022-05-18
invalid,67692-WN1-120,68.0,66,1,2022-07-01,2022-07-30
W001,67521-G31-100,68.0,67,4,2022-04-09,2022-06-22
W001,66928-JG8-80,68.0,66,2,2022-04-26,2022-07-12
W001,61961-SX2-150,68.0,64,2,2022-01-17,2022-02-16
invalid,67390-WH8-110,68.0,68,2,2022-01-09,2022-11-27
invalid,80043-XU6-110,68.0,68,1,2022-12-07,2023-01-07
invalid,67232-M23-70,68.0,66,2,2022-03-03,2022-05-02
W001,67719-XA4-85,68.0,66,1,2022-06-05,2022-06-29
invalid,68033-GF2-90,68.0,67,1,2023-05-29,2023-08-04
invalid,62515-CM4-90,68.0,67,2,2022-01-02,2022-01-23
invalid,80409-C20-150,68.0,66,1,2023-07-18,2023-08-08
invalid,66716-DD4-100,68.0,67,1,2022-01-02,2022-01-16
invalid,67403-433-85,68.0,68,1,2023-04-10,2023-08-08
invalid,59580-A96-110,68.0,68,1,2022-09-10,2022-09-19
invalid,67048-23T-120,68.0,68,3,2022-10-05,2022-11-21
invalid,68126-C20-100,68.0,67,1,2023-03-23,2023-04-18
invalid,57811-XD2-110,68.0,67,1,2022-10-24,2022-11-22
invalid,83843-4VO-150,67.0,66,2,2025-09-16,2025-12-16
invalid,62515-76X-110,67.0,66,4,2022-01-02,2022-01-11
invalid,81077-742-90,67.0,66,1,2023-10-24,2024-01-02
invalid,68028-198-140,67.0,67,1,2023-08-19,2023-09-02
invalid,80658-424-150,67.0,67,1,2023-07-17,2023-08-11
invalid,68179-856-110,67.0,65,1,2023-09-06,2023-10-03
invalid,67563-JB4-90,67.0,66,1,2023-02-07,2023-05-05
W001,66829-UZ1-110,67.0,65,1,2022-03-11,2022-04-29
invalid,51058-011-100,67.0,66,3,2022-01-09,2022-06-08
invalid,67361-VU6-90,67.0,67,2,2022-04-19,2022-05-17
invalid,80268-JB3-60,67.0,66,1,2023-04-11,2023-06-06
W001,67877-WY2-85,67.0,66,1,2022-05-10,2022-07-04
invalid,67274-VP5-85,67.0,66,1,2022-01-03,2022-01-30
W001,82488-3BI-NB,67.0,65,1,2025-02-03,2026-06-18
invalid,45346-GK3-150,67.0,56,1,2022-01-05,2022-02-27
W001,67231-SR4-50,67.0,67,1,2022-01-03,2022-06-06
invalid,68042-A21-90,67.0,65,2,2022-07-21,2023-01-17
invalid,60008-XU1-60,67.0,66,1,2022-09-21,2022-10-13
W001,33218-QT3-160,67.0,61,1,2022-02-15,2022-03-17
W001,62129-UK7-130,67.0,67,6,2022-06-06,2022-08-02
invalid,67798-VX9-60,67.0,67,1,2022-05-24,2022-07-13
invalid,80786-505-110,67.0,66,1,2023-08-31,2023-09-27
invalid,60600-RY2-130,67.0,60,2,2022-01-18,2022-02-01
W001,58660-HC7-XS,67.0,67,2,2022-02-12,2022-04-26
invalid,66656-009-100,67.0,67,1,2022-01-02,2022-01-10
invalid,67467-A96-90,67.0,67,2,2022-01-24,2022-04-06
invalid,80075-023-S,67.0,64,1,2022-10-27,2022-11-02
invalid,68113-TM4-110,67.0,67,1,2022-08-02,2022-09-05
W001,47052-NN9-100,67.0,66,3,2022-01-10,2024-12-27
invalid,65576-WC3-50,67.0,66,1,2022-02-06,2022-03-15
invalid,65642-294-90,67.0,66,2,2024-01-13,2024-03-06
W001,67887-WW3-160,67.0,65,2,2022-06-21,2022-07-30
invalid,81091-1AU-100,67.0,65,1,2024-01-14,2024-02-26
invalid,55355-HY4-120,67.0,67,1,2022-11-16,2022-11-18
invalid,66936-QX6-70,67.0,67,1,2022-10-30,2022-11-15
invalid,80860-911-90,66.0,66,1,2023-08-15,2023-09-15
invalid,80022-025-XL,66.0,65,1,2022-11-23,2023-01-09
invalid,80475-370-90,66.0,64,1,2023-03-12,2023-05-24
W001,67515-WS2-XS,66.0,65,1,2022-05-24,2022-06-22
invalid,52718-Q84-90,66.0,64,2,2022-01-10,2022-01-24
invalid,47433-QT3-100,66.0,66,2,2022-01-03,2022-05-24
invalid,67387-VX9-85,66.0,66,2,2022-08-25,2023-05-24
invalid,60008-VJ6-50,66.0,65,3,2022-03-13,2022-07-28
invalid,68103-XS1-110,66.0,65,1,2022-08-07,2022-10-20
invalid,67103-VJ4-L,66.0,64,1,2022-01-13,2022-02-27
invalid,67355-78M-100,66.0,66,1,2022-02-02,2022-05-12
invalid,52606-G84-2Y,66.0,65,8,2022-01-06,2023-01-05
invalid,67914-PM8-85,66.0,64,1,2022-07-31,2023-01-02
invalid,67490-1JC-140,66.0,66,1,2024-01-17,2024-03-05
W001,82777-1GR-100,66.0,66,1,2024-12-29,2025-03-17
W001,42067-75Z-100,66.0,66,1,2024-12-05,2024-12-09
invalid,54901-VQ6-L,66.0,60,2,2022-02-25,2022-04-13
invalid,47681-227-110,66.0,62,1,2023-02-02,2023-04-03
W001,65633-015-100,66.0,66,1,2022-01-02,2022-01-12
invalid,46153-1DH-90,66.0,65,1,2024-01-18,2024-03-05
invalid,60603-VW2-XXL,66.0,65,2,2022-01-22,2022-04-20
invalid,68011-A21-110,66.0,66,1,2022-12-26,2022-12-29
invalid,80456-45H-110,66.0,66,1,2023-11-07,2024-03-06
invalid,80862-A38-110,66.0,65,2,2023-10-17,2024-01-10
W001,61979-WX6-50,66.0,65,1,2022-06-13,2022-07-03
invalid,46153-GK3-110,66.0,62,1,2023-06-28,2023-07-12
W001,82026-1VP-60,66.0,66,1,2024-10-12,2024-12-18
invalid,68069-XC8-90,66.0,66,1,2022-09-13,2022-11-30
invalid,68041-85H-90,66.0,66,1,2022-07-28,2022-09-15
invalid,81535-1RR-70,66.0,66,2,2025-08-10,2025-12-10
invalid,62633-990-80,66.0,64,1,2023-01-06,2023-01-16
invalid,68014-XF3-100,66.0,65,2,2022-09-08,2022-11-27
W001,66689-WX5-90,66.0,65,1,2022-06-01,2022-07-11
invalid,80544-138-140,65.0,64,1,2023-01-13,2023-07-10
invalid,67633-AV3-150,65.0,64,1,2022-04-07,2022-05-25
invalid,60600-290-140,65.0,61,1,2023-04-20,2023-04-28
invalid,67985-XE9-110,65.0,65,1,2022-10-12,2022-10-26
invalid,67262-VN4-120,65.0,65,1,2023-11-27,2023-11-28
invalid,68000-G44-110,65.0,64,2,2022-09-01,2023-01-24
invalid,33218-WF3-150,65.0,64,1,2022-03-09,2022-03-28
invalid,67357-WQ1-100,65.0,64,1,2022-03-15,2022-04-02
invalid,67885-UK7-90,65.0,63,1,2022-05-18,2022-07-01
W001,42067-75Z-110,65.0,64,2,2022-01-07,2022-02-25
invalid,80032-XU5-85,65.0,63,1,2022-11-03,2022-12-28
invalid,65714-85H-130,65.0,62,5,2022-04-21,2022-07-14
invalid,68119-912-85,65.0,65,1,2023-12-28,2024-01-08
invalid,67189-M23-100,65.0,62,1,2022-01-05,2022-01-12
invalid,46239-A91-110,65.0,61,3,2022-01-12,2022-11-29
W001,82816-2RS-110,65.0,62,2,2024-11-13,2024-11-21
invalid,83443-3DY-M,65.0,64,1,2025-01-23,2025-04-09
W001,33175-TT2-150,65.0,65,2,2022-01-02,2022-05-08
W001,51891-GK3-110,65.0,60,4,2022-04-01,2022-07-30
invalid,80901-757-90,65.0,65,1,2023-12-02,2024-01-08
invalid,67513-SK3-XL,65.0,65,3,2022-01-10,2022-06-18
invalid,62515-CM4-100,65.0,64,1,2022-01-03,2022-01-04
invalid,80901-757-85,65.0,64,1,2023-11-17,2024-01-10
invalid,81270-552-M,65.0,63,1,2023-10-25,2023-11-15
invalid,51194-015-100,65.0,61,1,2022-02-21,2022-03-20
invalid,59852-XS8-90,65.0,65,1,2022-10-13,2022-10-19
invalid,67387-76X-85,65.0,65,1,2022-08-29,2022-11-29
invalid,67853-420-140,65.0,65,1,2023-07-03,2023-07-10
invalid,80252-XT8-90,65.0,64,1,2022-11-03,2022-12-01
W001,82480-3AR-XXS,65.0,64,1,2024-10-08,2026-06-18
invalid,80684-450-110,65.0,65,1,2023-07-10,2023-07-14
invalid,80513-359-110,65.0,65,1,2023-05-25,2023-05-30
W001,67517-WM4-90,65.0,65,1,2022-05-27,2022-07-25
invalid,67482-JA1-140,65.0,60,1,2022-02-14,2022-04-27
invalid,67992-XE6-100,65.0,65,1,2023-06-10,2023-06-27
invalid,67992-XD5-100,65.0,65,1,2022-12-21,2023-01-04
W001,41378-015-110,65.0,62,6,2022-01-13,2022-07-31
invalid,68075-06G-80,65.0,63,1,2022-08-14,2022-09-02
invalid,68144-SR4-75,65.0,65,1,2022-07-14,2022-08-30
invalid,67857-WX3-85,65.0,64,1,2022-05-22,2022-07-04
invalid,67557-001-85,65.0,63,1,2022-01-26,2022-04-02
invalid,67112-VN3-L,65.0,64,1,2022-01-02,2022-07-19
invalid,67993-VX9-120,65.0,64,1,2022-10-26,2022-10-28
invalid,80215-VK4-75,65.0,65,1,2022-09-19,2022-11-02
invalid,60008-XV3-80,65.0,64,2,2023-09-25,2023-10-16
invalid,54629-BH5-M,65.0,63,1,2022-01-02,2022-02-03
invalid,67271-WB6-100,65.0,65,1,2022-02-24,2022-03-17
invalid,60599-VW2-160,65.0,64,2,2022-01-11,2022-04-04
invalid,80646-420-XS,65.0,65,1,2023-05-17,2023-07-06
invalid,80484-304-150,64.0,63,1,2023-05-27,2024-03-05
invalid,80970-966-110,64.0,64,2,2023-12-28,2024-01-08
invalid,59818-HI7-140,64.0,62,1,2022-01-05,2022-01-10
invalid,80397-379-90,64.0,63,1,2023-01-25,2023-05-01
invalid,67335-AH9-120,64.0,64,3,2022-03-15,2022-07-17
invalid,59852-XU1-120,64.0,57,3,2022-12-22,2023-11-06
invalid,80116-014-XL,64.0,62,2,2022-12-15,2024-02-08
invalid,67533-VZ1-90,64.0,63,1,2022-03-02,2022-03-21
invalid,67404-241-100,64.0,64,1,2023-07-26,2023-08-19
invalid,67987-XE4-110,64.0,64,1,2022-07-24,2022-09-02
invalid,68125-TN9-110,64.0,64,1,2023-01-05,2023-01-20
invalid,80032-XW4-90,64.0,64,1,2023-01-08,2023-01-19
invalid,67885-UK7-85,64.0,64,1,2022-04-24,2022-07-01
invalid,80411-365-90,64.0,64,1,2023-04-04,2023-07-21
invalid,67090-V98-110,64.0,64,3,2022-01-06,2022-06-20
invalid,60363-WD5-85,64.0,64,1,2022-02-26,2022-03-19
invalid,67342-WE1-110,64.0,63,1,2022-02-23,2022-04-04
invalid,59852-VL9-130,64.0,60,1,2022-01-02,2022-01-03
invalid,51057-M23-85,64.0,62,3,2022-01-02,2022-02-19
invalid,57538-GD7-75,64.0,63,1,2022-01-03,2022-01-14
invalid,80039-XU1-M,64.0,58,1,2022-10-11,2022-11-25
invalid,67226-76X-85,64.0,63,3,2022-01-02,2022-02-25
invalid,67603-GK3-120,64.0,64,1,2022-08-01,2022-08-30
invalid,67610-RR5-M,64.0,62,1,2022-06-29,2022-07-10
invalid,67374-PH7-90,64.0,63,1,2022-01-19,2022-05-30
invalid,80141-181-140,64.0,62,1,2024-01-08,2024-02-18
invalid,67166-181-100,64.0,64,1,2023-09-23,2023-12-19
invalid,45346-GK3-85,64.0,60,2,2022-04-25,2022-06-30
W001,50764-001-M,64.0,46,1,2022-05-25,2022-07-06
invalid,45346-G44-140,64.0,63,1,2023-06-27,2023-07-11
invalid,33175-GN1-120,64.0,63,2,2022-01-04,2022-02-02
invalid,60599-VV4-140,64.0,63,1,2022-04-04,2022-07-01
W001,82485-3AV-50,64.0,57,2,2024-10-08,2026-05-01
W001,67253-75Z-S,63.0,55,4,2022-01-10,2022-02-14
W001,67254-S74-S/M,63.0,59,6,2022-01-02,2022-04-03
W001,67243-M23-50,63.0,60,1,2022-01-02,2022-01-14
invalid,60612-XF7-160,63.0,61,1,2022-07-13,2022-10-31
invalid,67482-JA1-150,63.0,61,1,2022-02-03,2022-05-02
invalid,43197-V98-150,63.0,61,1,2022-05-16,2022-06-27
invalid,67692-WK9-140,63.0,63,1,2022-04-18,2022-06-22
invalid,80464-990-100,63.0,63,1,2023-05-07,2023-06-27
invalid,43197-C57-120,63.0,62,2,2022-04-25,2022-05-12
invalid,47929-S74-M,63.0,54,3,2022-07-19,2023-12-01
invalid,67307-DW1-75,63.0,63,1,2022-01-21,2022-02-21
invalid,67860-WV1-110,63.0,63,1,2022-05-19,2022-06-09
invalid,67472-E51-120,63.0,63,1,2022-06-25,2022-07-01
invalid,65635-A91-110,63.0,58,1,2022-01-02,2022-01-06
W001,47681-VQ2-110,63.0,63,4,2022-02-22,2022-04-07
invalid,59845-XT2-XXL,63.0,55,4,2022-11-22,2022-11-30
invalid,81535-461-NB,63.0,62,2,2024-12-19,2025-11-18
invalid,67490-SK3-130,63.0,62,1,2022-01-05,2022-03-02
invalid,81177-699-90,63.0,63,1,2023-11-30,2024-01-15
W001,67576-WB5-140,63.0,63,1,2022-04-27,2022-07-16
invalid,67401-VX9-85,63.0,62,4,2022-07-07,2022-09-17
invalid,80649-433-85,63.0,60,1,2023-07-03,2023-07-14
invalid,60603-VW8-M,63.0,61,1,2022-06-04,2022-07-25
invalid,55485-011-XS,63.0,60,1,2022-01-07,2022-03-26
W001,67255-75Z-S,63.0,60,3,2022-01-17,2022-02-06
invalid,67418-VW2-140,63.0,62,2,2022-04-02,2022-07-15
invalid,81059-539-S,63.0,62,1,2023-11-02,2023-11-21
W001,50942-VX9-XXS,63.0,61,1,2022-07-09,2022-07-19
invalid,65788-TU9-2,63.0,59,1,2022-01-02,2022-01-06
invalid,80678-420-140,63.0,63,2,2023-06-29,2023-08-02
invalid,81553-461-60,63.0,62,2,2025-04-14,2025-06-12
invalid,40152-V98-1Y,63.0,53,2,2022-09-21,2022-12-09
invalid,67398-VU7-150,63.0,62,1,2023-01-04,2023-01-21
invalid,67397-WL0-100,63.0,62,1,2022-06-25,2022-07-05
invalid,67398-310-110,63.0,63,1,2023-06-02,2023-07-11
invalid,80536-1JA-110,63.0,62,1,2024-01-17,2024-03-07
W001,82488-3AC-NB,62.0,61,2,2025-02-03,2026-06-18
invalid,50265-XS8-M,62.0,58,2,2022-11-18,2022-12-05
invalid,67401-VX9-130,62.0,58,3,2022-03-08,2022-07-12
invalid,67404-SK3-140,62.0,62,1,2022-01-05,2022-02-12
invalid,67874-260-100,62.0,62,1,2023-06-01,2023-09-04
invalid,80393-925-110,62.0,62,1,2023-07-22,2023-08-28
invalid,68143-BD4-75,62.0,58,1,2022-09-26,2022-11-28
invalid,42318-75Z-90,62.0,62,1,2022-04-28,2022-07-19
invalid,67468-SR4-120,62.0,62,1,2022-02-05,2022-04-16
invalid,59781-M23-110,62.0,61,2,2022-12-12,2023-01-21
invalid,81074-560-150,62.0,62,3,2023-10-05,2023-12-28
invalid,80057-015-120,62.0,60,1,2023-01-03,2023-01-05
invalid,81553-76X-70,62.0,61,2,2025-04-16,2025-08-05
invalid,51058-NV2-90,62.0,61,1,2022-02-20,2022-07-13
invalid,68031-XD5-110,62.0,61,1,2023-01-12,2023-01-20
invalid,68119-906-150,62.0,60,1,2023-08-30,2023-10-23
invalid,47629-HB9-XL,62.0,39,1,2022-01-13,2022-03-10
invalid,58660-WQ7-M,62.0,59,1,2023-02-12,2023-02-19
invalid,82036-1VG-70,62.0,61,1,2024-08-24,2025-01-09
W001,68125-XB2-120,62.0,60,1,2022-07-14,2022-08-01
invalid,59852-XV2-120,62.0,55,1,2022-11-01,2022-11-10
invalid,80456-GK3-100,62.0,58,1,2024-02-01,2024-03-07
invalid,67537-365-110,62.0,60,3,2023-05-02,2024-03-04
invalid,67271-WB5-140,62.0,62,2,2022-02-10,2022-11-15
invalid,60612-PB4-120,62.0,59,1,2022-01-03,2022-01-21
invalid,43205-SR4-90,62.0,52,1,2023-07-26,2023-08-27
W001,67878-WW6-140,62.0,61,3,2022-06-13,2022-06-29
invalid,80024-025-85,62.0,56,1,2023-11-15,2023-11-21
W001,67490-VV2-85,62.0,61,1,2022-04-12,2022-06-09
invalid,43205-015-150,62.0,54,1,2023-07-03,2023-07-18
W001,60363-WD5-110,62.0,62,1,2022-02-21,2022-02-25
invalid,59852-VJ6-110,62.0,60,2,2022-01-02,2022-01-12
W001,60443-SA4-85,62.0,61,1,2022-01-03,2022-01-18
W001,82485-3BA-60,62.0,48,3,2024-10-08,2026-06-08
W001,57538-GD4-120,62.0,62,1,2022-03-09,2022-04-19
W001,60611-TW2-120,62.0,61,2,2022-01-10,2022-03-21
invalid,68000-G44-120,62.0,62,1,2022-12-01,2023-01-05
invalid,67395-WL0-85,62.0,61,2,2022-01-18,2022-06-28
W001,59852-VJ6-120,62.0,59,6,2022-01-14,2022-02-24
invalid,67368-78M-150,62.0,62,2,2022-01-18,2022-04-28
invalid,81120-742-S,62.0,59,1,2023-12-07,2023-12-26
invalid,60325-Q84-L,61.0,61,2,2022-01-03,2022-07-18
invalid,67986-A79-100,61.0,60,1,2022-08-12,2023-01-03
invalid,67986-GF2-90,61.0,61,1,2022-10-25,2023-01-04
invalid,80492-JB4-90,61.0,61,1,2023-03-24,2023-06-12
W001,60611-VW8-120,61.0,61,2,2022-02-10,2022-06-06
invalid,60612-VS5-140,61.0,59,1,2022-04-08,2022-04-22
invalid,65653-WJ4-140,61.0,61,1,2022-03-16,2022-05-10
invalid,55356-HY4-85,61.0,61,1,2022-02-03,2022-07-31
invalid,65607-ST6-60,61.0,61,1,2022-01-02,2022-01-05
W001,82484-3AE-60,61.0,52,3,2024-10-08,2026-06-17
invalid,67537-001-140,61.0,59,4,2022-03-09,2022-05-05
invalid,67858-WX3-90,61.0,59,2,2022-04-26,2022-05-29
invalid,67411-VX9-140,61.0,60,1,2023-08-31,2023-09-08
invalid,55356-HY4-110,61.0,61,1,2022-04-12,2022-04-26
invalid,60783-302-L,61.0,59,1,2023-02-18,2023-05-23
invalid,80492-JB4-100,61.0,59,1,2023-03-23,2023-05-08
invalid,80492-HI7-140,61.0,61,1,2023-03-23,2023-05-22
invalid,67013-16N-M,61.0,49,1,2022-01-24,2022-03-28
invalid,67542-85H-100,61.0,61,2,2022-03-06,2022-05-25
W001,67590-BY8-150,61.0,61,1,2022-06-20,2022-07-17
invalid,67903-XH0-120,61.0,60,1,2022-07-14,2022-08-21
invalid,81535-1RR-60,61.0,60,1,2025-08-08,2025-11-16
invalid,67860-WV5-120,61.0,58,2,2022-05-19,2022-08-23
W001,48886-NN9-XL,61.0,59,2,2022-02-11,2025-01-07
invalid,80649-420-90,61.0,61,1,2023-07-16,2023-07-21
invalid,67385-V98-110,61.0,60,1,2022-04-18,2022-07-17
W001,67678-015-140,61.0,61,2,2022-04-29,2022-07-25
invalid,68125-039-120,61.0,60,1,2022-11-28,2022-12-05
invalid,68007-XE3-140,61.0,61,2,2022-11-25,2023-01-19
invalid,67356-WM9-110,61.0,60,1,2022-02-13,2022-05-02
invalid,62617-XQ7-M,61.0,58,2,2022-07-28,2022-12-10
invalid,67482-VD8-140,61.0,55,1,2022-02-11,2022-04-03
invalid,44403-VJ6-XS,61.0,57,2,2022-01-02,2022-07-13
invalid,66350-VZ2-XXS,61.0,61,2,2022-03-20,2022-07-15
invalid,67355-VX9-120,61.0,60,1,2022-02-03,2022-03-16
W001,81535-1FZ-60,61.0,61,2,2024-10-10,2025-03-25
W001,67013-16N-L,61.0,50,2,2022-02-03,2022-05-10
invalid,67132-TS1-S,61.0,61,1,2022-01-02,2022-03-30
invalid,80684-G31-140,61.0,60,1,2023-06-23,2023-07-06
invalid,67373-78M-100,61.0,61,1,2022-02-08,2022-04-26
invalid,80678-433-140,61.0,58,1,2023-05-18,2023-06-01
invalid,51057-015-140,61.0,52,1,2022-06-16,2022-07-27
invalid,81076-792-90,61.0,59,2,2023-11-21,2024-01-26
invalid,59781-G44-110,61.0,60,1,2022-11-19,2022-11-24
invalid,81083-790-110,61.0,59,2,2024-01-04,2024-01-27
invalid,81091-739-110,61.0,60,1,2023-11-27,2023-12-08
W001,50979-VP3-140,61.0,61,2,2022-03-25,2022-06-08
invalid,81074-76X-150,61.0,61,1,2023-10-05,2023-11-12
invalid,80678-442-140,61.0,60,1,2023-07-06,2023-07-31
invalid,67217-XU1-100,61.0,56,2,2022-12-29,2023-01-05
invalid,67513-SK3-L,61.0,58,1,2022-01-08,2022-02-21
W001,47078-QN4-L,61.0,58,2,2022-01-24,2022-05-11
W001,30070-GN1-S,61.0,55,1,2022-01-03,2022-08-01
invalid,58662-J91-S,61.0,57,2,2022-02-08,2022-03-13
invalid,66741-UY3-85,61.0,60,1,2022-01-02,2022-01-10
W001,30070-WQ4-M,60.0,58,1,2022-05-25,2022-07-17
invalid,30070-WF3-S,60.0,55,1,2022-08-20,2022-10-26
invalid,66922-BD4-70,60.0,59,1,2022-10-28,2022-11-12
W001,67490-WX1-130,60.0,59,4,2022-06-14,2022-08-02
invalid,67474-WJ3-110,60.0,59,1,2022-07-08,2022-07-12
invalid,80033-XT8-140,60.0,59,1,2023-01-02,2023-01-04
invalid,67686-WY6-120,60.0,60,2,2022-06-15,2022-07-04
W001,67878-WV5-130,60.0,60,1,2022-07-07,2022-07-08
invalid,80131-216-130,60.0,58,1,2022-12-30,2023-01-03
invalid,80131-219-110,60.0,59,1,2022-12-28,2023-01-02
invalid,80129-SR4-120,60.0,60,1,2022-12-26,2023-01-16
W001,60599-VU6-130,60.0,58,1,2022-05-24,2022-06-05
invalid,81073-1BN-130,60.0,60,1,2023-10-22,2023-11-22
invalid,67501-38T-110,60.0,58,1,2022-05-25,2022-07-03
invalid,83844-4VO-50,60.0,58,1,2025-09-16,2025-12-03
invalid,67858-WW6-90,60.0,58,1,2022-04-26,2022-05-04
W001,67312-WE0-100,60.0,59,1,2022-01-02,2022-05-04
invalid,82036-1VG-60,60.0,60,1,2024-08-13,2024-12-16
invalid,67863-WX2-150,60.0,59,1,2022-05-21,2022-07-05
invalid,67844-C20-150,60.0,60,1,2022-04-18,2022-06-05
invalid,80356-260-85,60.0,60,1,2023-01-12,2023-02-20
invalid,66994-XU1-S,60.0,53,1,2022-10-12,2022-10-19
invalid,54901-302-S,60.0,56,1,2023-02-15,2023-03-22
invalid,59852-ST8-110,60.0,57,1,2022-09-20,2022-10-16
invalid,59852-TN7-130,60.0,58,1,2022-01-02,2022-07-14
invalid,67363-WM9-130,60.0,59,1,2022-04-26,2022-05-10
W001,82307-1WO-50,60.0,60,2,2024-10-30,2025-04-02
W001,82307-2EU-70,60.0,60,1,2024-10-24,2025-01-09
invalid,39973-48Q-120,60.0,60,1,2022-03-09,2022-04-22
invalid,67373-78M-110,60.0,60,1,2022-02-06,2022-04-29
invalid,80684-258-120,60.0,58,1,2023-07-14,2023-07-23
W001,45850-NV2-110,60.0,58,1,2022-07-03,2022-07-07
invalid,67220-xw3-120,60.0,58,1,2022-10-04,2022-10-27
W001,65248-TE0-M,60.0,59,1,2022-03-09,2022-03-31
invalid,67342-WE1-140,60.0,59,1,2022-02-23,2022-06-28
invalid,80040-GF2-90,60.0,59,1,2022-10-13,2022-10-20
invalid,67472-EF5-120,60.0,60,1,2022-06-30,2022-07-04
invalid,67472-EH3-120,60.0,60,1,2022-03-09,2022-03-15
invalid,67306-DW1-100,60.0,60,1,2022-01-02,2022-01-23
invalid,67445-75M-90,60.0,59,1,2022-05-30,2022-06-08
invalid,68045-015-120,60.0,60,1,2022-07-11,2022-08-19
W001,64336-SW4-7,60.0,53,1,2022-06-12,2022-08-01
invalid,67197-AN8-120,60.0,59,1,2022-01-02,2022-01-11
invalid,51057-JB4-110,60.0,58,1,2023-01-16,2023-05-11
invalid,67209-75Z-130,60.0,60,2,2023-11-30,2023-12-05
invalid,80678-424-140,60.0,59,1,2023-07-03,2023-07-13
W001,66932-B42-50,60.0,58,1,2022-01-21,2022-08-01
invalid,67025-JB3-M,60.0,59,1,2022-01-06,2022-01-21
W001,65642-WC9-130,60.0,60,1,2022-03-09,2022-03-15
W001,58660-WQ8-M,60.0,56,1,2022-05-24,2022-05-27
W001,58663-HC7-S,60.0,55,1,2022-05-25,2022-06-10
invalid,67401-VX9-100,60.0,58,2,2022-07-06,2022-07-09
invalid,81180-790-140,60.0,60,1,2023-10-27,2023-12-01
invalid,68027-184-120,60.0,59,1,2022-10-12,2022-10-25
W001,67359-WD5-110,60.0,60,1,2022-03-09,2022-03-14
W001,67361-VU6-110,60.0,60,1,2022-04-30,2022-05-04
W001,67704-WU1-85,60.0,60,1,2022-05-18,2022-07-18
invalid,68173-036-60,60.0,59,1,2022-10-30,2022-11-27
invalid,47433-VG9-140,60.0,59,1,2022-01-02,2022-01-24
invalid,68125-VL8-130,60.0,59,1,2023-01-08,2023-01-11
W001,67103-VJ4-XL,60.0,58,2,2022-01-02,2022-03-06
invalid,60611-XA3-130,60.0,55,1,2022-07-09,2022-07-12
invalid,59852-VK1-130,60.0,56,1,2022-01-02,2022-01-03
invalid,67470-AN8-100,60.0,59,2,2022-03-11,2022-04-12
W001,82387-2FZ-130,60.0,60,1,2025-01-04,2025-01-08
invalid,67571-RR5-150,60.0,56,2,2022-01-12,2022-05-12
invalid,68125-XT3-130,60.0,58,1,2022-09-20,2022-10-12
invalid,67335-AH9-130,60.0,59,2,2022-03-10,2022-07-01
invalid,67339-WE3-100,60.0,58,2,2022-03-09,2022-05-12
invalid,80143-G44-120,60.0,60,1,2022-10-31,2022-11-07
invalid,67478-FE5-110,60.0,60,1,2023-09-24,2023-10-13
invalid,80057-GF2-120,60.0,58,1,2023-01-03,2023-01-06
invalid,80076-023-M,60.0,55,1,2022-10-24,2022-10-27
invalid,81091-1AU-110,60.0,60,1,2024-01-05,2024-01-10
invalid,67987-XH9-100,60.0,60,1,2022-10-15,2022-11-23
invalid,67401-HI7-100,60.0,60,2,2023-03-28,2023-09-06
invalid,62027-XA6-50,60.0,60,1,2022-07-31,2022-10-14
invalid,81119-714-120,60.0,60,1,2024-01-02,2024-01-07
invalid,60008-XW4-60,60.0,57,1,2022-10-29,2022-11-14
W001,37028-20V-110,60.0,58,2,2024-10-08,2024-10-11
invalid,67436-75M-85,60.0,60,1,2022-01-24,2022-03-02
invalid,68004-975-140,60.0,60,1,2023-11-23,2023-12-06
invalid,68000-G44-140,60.0,59,1,2022-07-29,2022-10-21
invalid,68001-036-100,60.0,57,1,2022-11-09,2022-11-21
invalid,68001-036-120,60.0,56,1,2023-01-12,2023-01-16
invalid,68001-036-85,60.0,59,1,2022-11-14,2022-11-30
invalid,80262-234-85,60.0,60,1,2023-02-19,2023-04-19
invalid,67182-M23-100,60.0,58,1,2022-06-28,2022-07-10
invalid,67166-SR4-110,60.0,60,1,2023-12-26,2024-01-07
W001,82188-2EI-110,60.0,59,1,2024-12-28,2025-01-02
W001,82194-2GP-110,60.0,60,1,2024-12-28,2025-01-04
invalid,68009-GF2-140,60.0,60,1,2022-07-14,2022-08-30
invalid,33175-GN1-110,60.0,59,2,2022-03-27,2022-05-21
invalid,52171-VL6-60,60.0,60,1,2023-09-04,2023-09-13
invalid,81096-1AU-130,60.0,58,1,2023-10-06,2023-11-25
invalid,67483-EH3-120,60.0,59,1,2022-03-09,2022-03-23
invalid,67356-WK6-100,60.0,60,2,2022-02-15,2022-04-11
invalid,67457-001-70,60.0,60,1,2022-05-25,2022-06-24
invalid,65761-wr5-M,60.0,60,1,2022-11-29,2022-12-19
invalid,68125-QX6-120,60.0,58,1,2022-12-02,2022-12-07
invalid,68125-TN9-120,60.0,59,1,2022-10-14,2022-10-20
invalid,67385-VX9-140,60.0,60,1,2022-04-14,2022-07-12
invalid,67496-78M-150,60.0,59,1,2022-04-28,2022-05-31
invalid,60325-XS9-S,60.0,55,2,2023-12-07,2023-12-10
W001,67392-78M-90,60.0,59,1,2022-03-24,2022-08-01
invalid,67412-VZ1-140,60.0,59,1,2022-02-02,2022-03-14
invalid,60612-VW4-130,60.0,60,2,2022-01-14,2022-06-03
invalid,67773-WX3-60,60.0,60,1,2022-04-19,2022-05-15
invalid,67561-AM7-120,60.0,60,1,2022-05-27,2022-05-31
invalid,58663-378-M,60.0,58,1,2023-06-29,2023-07-01
W001,67247-SR4-50,60.0,58,1,2022-01-03,2022-03-12
invalid,83588-3VX-120,60.0,58,1,2026-01-28,2026-02-23
invalid,66932-EF5-80,59.0,58,2,2022-01-02,2022-02-11
invalid,83843-4VP-140,59.0,59,1,2025-09-15,2025-11-19
W001,61124-A91-80,59.0,54,1,2022-02-27,2022-03-25
invalid,81538-76X-60,59.0,59,1,2024-08-19,2026-05-15
W001,67396-WV1-130,59.0,59,3,2022-06-14,2022-07-28
invalid,80155-XU5-S,59.0,56,4,2022-11-02,2023-02-01
invalid,67387-VZ1-130,59.0,58,2,2022-04-28,2022-07-17
invalid,67453-VS7-85,59.0,58,2,2022-03-09,2022-05-16
invalid,67155-RS8-85,59.0,59,1,2022-01-12,2022-03-02
invalid,67987-XF5-110,59.0,58,1,2022-08-14,2022-09-01
invalid,67359-VW2-130,59.0,59,1,2022-06-03,2022-06-30
invalid,67395-WH8-85,59.0,55,2,2022-02-14,2022-06-24
invalid,45029-DW1-130,59.0,57,1,2022-04-07,2022-07-27
W001,82609-GN3-130,59.0,59,1,2025-03-21,2025-04-13
invalid,80656-434-150,59.0,59,1,2023-07-01,2023-10-13
invalid,67403-359-140,59.0,59,1,2023-07-10,2023-08-27
invalid,59845-XV6-M,59.0,50,1,2023-10-23,2023-11-03
invalid,50291-VQ6-XXL,59.0,56,2,2022-02-27,2022-10-28
W001,62195-NV2-85,59.0,58,1,2022-01-02,2022-01-17
invalid,67472-VX6-120,59.0,57,1,2022-05-02,2022-05-09
W001,82478-3MY-60,59.0,40,1,2025-04-24,2026-06-15
invalid,60603-VW2-L,59.0,57,1,2022-01-11,2022-02-27
W001,67470-ST6-85,59.0,58,1,2022-01-03,2022-02-23
W001,67859-WG4-110,59.0,58,1,2022-06-25,2022-07-18
invalid,60604-VW2-XS,59.0,58,2,2022-01-14,2022-05-08
invalid,67217-XU5-100,59.0,59,1,2022-12-26,2022-12-29
invalid,80684-A38-110,59.0,59,1,2023-07-15,2023-07-21
W001,82452-2YX-140,59.0,59,1,2024-12-26,2025-01-02
invalid,48080-SR4-100,59.0,57,1,2022-03-10,2022-03-27
invalid,67848-G31-140,59.0,59,1,2023-07-05,2023-07-14
invalid,67576-WD9-140,59.0,56,1,2022-04-08,2022-07-19
invalid,66929-BD4-60,59.0,58,1,2023-05-30,2023-07-04
invalid,54905-015-120,59.0,55,3,2022-01-03,2022-02-01
invalid,67687-RR7-130,59.0,59,1,2022-06-13,2022-07-08
invalid,67307-DW1-80,59.0,59,1,2022-01-22,2022-02-25
invalid,80432-331-90,59.0,58,1,2023-06-12,2023-08-13
invalid,67366-WK4-90,59.0,59,1,2022-01-20,2022-02-22
invalid,67424-WF9-150,59.0,59,2,2022-03-27,2022-05-16
W001,67589-AI1-150,59.0,55,2,2022-06-20,2022-07-30
W001,67522-WF3-90,59.0,59,2,2022-03-01,2022-06-03
invalid,59827-76X-100,59.0,59,1,2022-01-08,2022-03-06
invalid,58660-WR9-M,59.0,58,1,2022-12-08,2023-01-13
invalid,67197-A91-120,59.0,56,2,2022-01-03,2022-01-11
invalid,80492-HI7-90,59.0,58,1,2023-03-27,2023-08-20
invalid,33218-WF3-110,58.0,58,1,2023-04-05,2023-04-17
invalid,67359-WD5-130,58.0,58,1,2022-03-10,2022-04-07
invalid,44403-VJ6-S,58.0,55,2,2022-01-03,2022-07-26
invalid,80090-027-140,58.0,55,1,2022-09-20,2022-10-03
invalid,58661-85H-M,58.0,58,1,2023-05-10,2023-05-21
invalid,67571-RR5-100,58.0,57,1,2022-01-17,2022-03-25
invalid,67490-WV1-150,58.0,55,1,2022-06-23,2022-07-27
invalid,67374-WV1-100,58.0,58,1,2022-05-27,2022-07-06
invalid,68077-76X-90,58.0,57,1,2022-07-19,2022-09-17
invalid,80314-026-85,58.0,57,1,2023-01-19,2023-03-29
invalid,58662-85H-S,58.0,58,1,2022-05-30,2022-06-24
invalid,67986-011-85,58.0,56,1,2022-07-29,2023-01-14
W001,82485-3BA-50,58.0,47,3,2024-10-08,2026-06-02
invalid,45346-PV5-100,58.0,58,2,2022-01-03,2022-02-08
invalid,47107-FX8-5,58.0,56,1,2022-01-06,2022-01-15
invalid,46239-M23-85,58.0,58,1,2023-10-07,2023-12-12
invalid,67182-GF2-100,58.0,57,1,2022-04-06,2022-06-01
invalid,67255-75Z-XS,58.0,54,1,2022-01-06,2022-02-16
W001,81553-EF5-70,58.0,58,1,2024-10-10,2025-02-13
invalid,80484-VD8-150,58.0,56,1,2023-05-27,2024-02-26
W001,45359-DW1-100,58.0,56,1,2022-03-09,2022-03-23
invalid,66954-SR4-90,58.0,58,1,2022-01-02,2022-01-04
invalid,65602-WC9-75,58.0,58,1,2022-03-22,2022-05-17
W001,67522-WN1-90,58.0,58,1,2022-05-24,2022-06-04
W001,59956-JD1-85,58.0,58,5,2022-01-05,2022-07-25
invalid,68146-XC6-60,58.0,58,1,2022-07-28,2022-10-05
invalid,67228-HI2-60,58.0,57,1,2022-01-02,2022-01-16
invalid,80037-XT9-140,58.0,58,1,2022-11-26,2022-11-30
invalid,67684-V98-140,58.0,57,1,2022-05-26,2022-07-13
invalid,66994-75Z-M,58.0,56,2,2022-01-16,2022-09-26
invalid,67485-SR4-85,57.0,56,1,2022-01-07,2022-04-03
invalid,45346-GK3-110,57.0,49,1,2022-05-20,2022-05-29
invalid,67398-372-140,57.0,54,1,2023-06-23,2023-07-16
invalid,62327-PW1-150,57.0,56,1,2022-01-04,2022-01-10
invalid,67486-SR4-85,57.0,56,1,2022-01-25,2022-05-10
invalid,67464-364-150,57.0,56,1,2023-01-28,2023-04-03
invalid,60363-307-140,57.0,54,2,2023-04-18,2023-06-21
invalid,67559-QN4-110,57.0,56,1,2022-01-06,2022-02-19
W001,59845-VJ6-XL,57.0,52,4,2022-01-13,2022-02-22
invalid,80492-262-110,57.0,57,1,2023-03-25,2023-04-27
invalid,52312-G43-L,57.0,57,1,2022-01-02,2022-01-21
invalid,58661-NL3-XL,57.0,54,1,2022-09-06,2022-10-19
W001,82485-3AV-60,57.0,48,2,2024-10-08,2026-04-11
W001,62633-990-85,57.0,57,3,2022-01-04,2022-07-28
invalid,60726-SU7-80,57.0,57,1,2023-08-30,2023-10-25
invalid,67858-WW6-100,57.0,56,2,2022-05-16,2022-06-10
invalid,43205-NV2-90,57.0,56,1,2022-06-27,2022-07-03
invalid,67052-SR4-120,57.0,56,2,2022-02-18,2022-05-20
invalid,67441-VU6-75,57.0,57,1,2022-01-17,2022-07-06
W001,50265-75Z-M,57.0,53,3,2022-01-02,2022-02-20
invalid,80283-260-120,57.0,57,1,2023-02-14,2023-07-10
invalid,82036-1UN-NB,57.0,57,1,2024-08-10,2025-02-01
W001,67007-UZ7-100,57.0,55,1,2022-01-02,2022-01-09
invalid,58660-377-M,57.0,52,1,2023-07-02,2023-07-03
invalid,67472-EF5-130,57.0,56,1,2022-05-24,2022-05-29
invalid,67408-78M-150,57.0,55,1,2022-07-18,2022-08-13
invalid,67424-WG2-160,57.0,55,1,2022-07-08,2023-01-20
invalid,60008-VJ6-75,57.0,54,1,2022-01-03,2022-01-10
invalid,65788-AN8-2,57.0,55,2,2022-06-12,2022-07-21
invalid,80262-656-85,57.0,57,1,2023-12-07,2024-02-05
invalid,80119-014-140,56.0,56,1,2022-12-30,2023-01-03
invalid,60395-VJ7-140,56.0,56,1,2022-01-02,2022-01-05
W001,82484-3AC-70,56.0,48,3,2024-10-08,2026-05-04
invalid,67537-VU6-130,56.0,54,2,2022-02-07,2022-06-01
invalid,80983-853-140,56.0,56,1,2023-08-18,2023-09-05
invalid,66930-B42-85,56.0,55,1,2022-01-02,2022-03-07
W001,59870-FX7-M,56.0,49,2,2022-01-06,2022-02-25
invalid,67277-NZ5-140,56.0,55,2,2022-01-10,2022-03-04
W001,67490-WV1-90,56.0,56,1,2022-07-07,2022-07-18
W001,60356-WU4-150,56.0,54,1,2022-05-10,2022-06-20
invalid,67396-WV1-90,56.0,52,1,2022-06-25,2022-07-17
W001,67680-WY8-130,56.0,54,1,2022-05-22,2022-06-25
invalid,68113-TM4-130,56.0,53,1,2022-08-03,2022-09-17
W001,44403-75Z-M,56.0,50,1,2022-01-19,2022-08-02
invalid,80487-304-110,56.0,56,1,2023-01-15,2023-05-25
invalid,80037-XT9-90,56.0,54,1,2022-10-12,2022-10-21
invalid,68113-TM4-120,56.0,53,1,2022-08-01,2022-08-31
invalid,46239-SR4-110,56.0,55,1,2023-01-30,2023-04-06
W001,46239-NV2-80,56.0,56,1,2022-01-02,2022-01-06
invalid,80652-450-85,56.0,56,1,2023-04-07,2023-07-03
invalid,67415-76X-110,56.0,56,1,2022-03-16,2022-04-04
invalid,67726-AV3-50,56.0,55,1,2022-04-08,2022-05-09
W001,54906-A79-130,56.0,56,1,2022-03-13,2022-06-13
invalid,67192-NT9-110,56.0,56,1,2022-01-02,2022-01-14
W001,60612-VW4-140,56.0,56,1,2022-04-22,2022-05-03
W001,59852-TN9-120,56.0,55,5,2022-01-11,2022-05-03
W001,66708-WW3-150,56.0,54,1,2022-06-09,2022-07-03
invalid,67373-VX9-90,56.0,56,1,2022-02-08,2022-04-04
invalid,68045-015-110,56.0,56,2,2022-07-15,2023-01-16
invalid,67403-433-140,56.0,56,1,2023-07-20,2023-08-02
W001,65605-WC3-70,56.0,56,1,2022-03-09,2022-03-14
invalid,67396-336-100,56.0,56,1,2023-01-13,2023-05-12
W001,67611-RR5-XL,56.0,56,1,2022-06-20,2022-07-13
invalid,67613-RR5-140,56.0,56,1,2022-06-06,2022-06-22
invalid,60611-NB1-120,56.0,56,1,2022-01-04,2022-01-08
invalid,59845-716-M,56.0,46,1,2023-12-07,2024-01-04
invalid,59845-QY5-XL,56.0,52,1,2022-11-26,2022-11-29
invalid,68010-XE2-85,56.0,54,1,2023-01-03,2023-01-10
W001,82128-2VC-120,56.0,53,1,2024-12-15,2024-12-27
W001,82485-3BH-50,56.0,44,2,2024-10-08,2026-06-08
invalid,65576-WM4-85,56.0,55,1,2022-02-05,2022-04-20
W001,67513-WT8-XL,56.0,55,1,2022-04-24,2022-06-27
W001,52718-Q84-80,56.0,54,6,2022-01-05,2022-02-23
W001,62027-VW7-75,56.0,56,1,2022-04-29,2022-05-06
invalid,67614-RR5-85,56.0,55,1,2022-05-12,2022-06-17
invalid,68126-EA2-90,56.0,56,2,2023-09-03,2024-03-06
invalid,59852-QY4-90,56.0,56,1,2022-01-02,2022-01-04
W001,67379-WV1-90,56.0,56,1,2022-06-15,2022-07-09
W001,67596-76X-150,56.0,42,1,2022-04-05,2022-05-30
invalid,60008-QX6-70,56.0,54,1,2023-11-19,2023-11-22
invalid,60600-VU6-100,56.0,56,3,2022-01-10,2022-07-25
invalid,80983-844-150,56.0,56,1,2023-07-20,2023-10-04
invalid,80283-A38-100,56.0,56,1,2023-02-19,2023-06-12
invalid,67379-VU6-150,56.0,56,2,2022-01-24,2022-04-29
W001,67407-001-85,56.0,56,1,2022-05-25,2022-06-22
invalid,43197-A91-100,56.0,53,1,2022-06-22,2022-07-26
invalid,82036-22L-60,56.0,56,1,2024-09-16,2025-01-11
invalid,67861-WX2-120,56.0,55,1,2022-04-09,2022-04-29
W001,60600-VW2-150,56.0,55,1,2022-05-24,2022-05-30
W001,47681-VQ2-150,56.0,55,3,2022-02-05,2022-06-07
invalid,67362-V98-140,55.0,52,1,2022-04-13,2022-06-06
W001,67532-C57-90,55.0,55,2,2022-03-28,2022-06-15
W001,60611-UW6-85,55.0,54,1,2022-01-02,2022-01-04
invalid,62027-XE2-70,55.0,55,1,2023-04-21,2023-05-28
invalid,52171-970-75,55.0,55,1,2023-09-22,2023-10-05
W001,67601-TZ2-110,55.0,54,1,2022-06-13,2022-07-07
W001,33218-GN1-100,55.0,53,2,2022-01-06,2022-06-16
invalid,67606-PH1-XS,55.0,53,1,2022-06-26,2022-07-12
invalid,62215-990-S,55.0,55,1,2022-11-03,2022-11-14
invalid,33081-WL0-60,55.0,55,1,2022-03-12,2022-06-15
invalid,81093-740-110,55.0,55,1,2023-11-25,2023-12-04
invalid,67531-38T-120,55.0,53,1,2022-07-08,2022-07-11
invalid,81538-76X-50,55.0,54,1,2024-09-01,2025-11-09
W001,65577-DD4-60,55.0,51,1,2022-01-02,2022-01-04
W001,45346-A91-80,55.0,53,1,2022-05-08,2022-07-20
W001,59852-XU1-120,55.0,53,1,2024-12-28,2024-12-29
W001,67399-WT7-85,55.0,55,1,2022-05-22,2022-07-31
invalid,67217-75Z-110,55.0,52,2,2022-11-29,2022-12-11
invalid,62027-919-75,55.0,53,1,2023-09-08,2023-10-09
W001,67474-WJ7-120,55.0,55,1,2022-04-30,2022-05-10
invalid,51058-C57-150,55.0,54,1,2022-04-22,2022-05-21
invalid,82036-22L-NB,55.0,55,1,2024-08-12,2025-06-30
invalid,62027-901-75,55.0,53,1,2023-09-05,2023-09-25
invalid,50265-FU8-M,55.0,53,1,2023-08-30,2023-10-19
W001,67705-WT3-150,55.0,55,1,2022-07-01,2022-07-11
invalid,67351-WQ1-90,55.0,55,1,2022-03-23,2022-04-30
invalid,60008-QX6-75,55.0,53,1,2023-11-22,2023-11-25
invalid,67271-WB6-90,55.0,54,1,2022-01-03,2022-02-09
invalid,67322-FE6-150,55.0,52,1,2022-01-17,2022-06-08
invalid,60611-VW7-120,55.0,52,2,2022-03-27,2023-01-20
invalid,67340-WE2-70,55.0,55,1,2022-03-09,2022-03-26
invalid,67217-VJ9-110,55.0,54,2,2022-01-03,2022-01-24
invalid,37028-XQ7-120,55.0,53,1,2022-07-27,2022-08-13
W001,67231-VH3-80,55.0,55,2,2022-01-02,2022-01-22
invalid,81371-06G-100,55.0,54,1,2024-01-17,2024-03-05
invalid,68078-208-75,55.0,55,1,2022-11-13,2022-11-28
invalid,57835-990-140,55.0,55,2,2022-01-11,2022-01-25
invalid,67355-VX9-140,55.0,55,1,2022-02-02,2022-04-29
invalid,65602-WC3-75,55.0,55,1,2022-04-20,2022-06-07
invalid,65605-XC6-70,55.0,55,1,2023-03-25,2023-04-19
invalid,80002-017-XL,55.0,44,1,2023-10-18,2023-10-29
invalid,67540-VW2-120,55.0,54,1,2022-01-23,2022-03-28
invalid,66971-FJ0-100,55.0,54,1,2022-01-16,2022-02-14
invalid,67475-WN9-140,55.0,54,1,2022-01-18,2022-04-08
invalid,47684-WM7-140,55.0,52,2,2022-04-01,2022-04-13
invalid,66994-010-M,55.0,51,1,2023-01-04,2023-01-18
invalid,47929-U74-XL,55.0,52,1,2022-01-03,2022-10-21
invalid,67284-NJ1-140,55.0,51,2,2022-11-26,2024-01-22
invalid,66936-75Z-70,55.0,55,1,2022-11-18,2022-11-26
W001,56613-PF2-85,54.0,54,1,2022-04-05,2022-05-02
W001,67558-GD4-85,54.0,54,2,2022-02-06,2022-07-01
W001,66994-QY5-M,54.0,51,4,2022-01-06,2022-08-01
W001,57582-015-S,54.0,52,2,2022-01-04,2022-05-02
invalid,68004-920-150,54.0,54,1,2023-09-13,2023-11-11
invalid,59818-HI7-150,54.0,52,1,2022-01-02,2022-01-07
invalid,67323-FE6-100,54.0,54,1,2022-01-03,2022-02-24
W001,67631-WW6-M,54.0,53,5,2022-05-13,2022-07-02
W001,82478-3MY-50,54.0,41,1,2025-04-24,2026-06-10
invalid,67561-SR4-130,54.0,53,1,2022-05-27,2022-05-31
W001,40805-48Q-XS,54.0,53,1,2022-05-30,2022-08-03
invalid,67866-323-110,54.0,53,1,2023-07-06,2023-08-20
W001,67865-WX2-90,54.0,54,1,2022-05-19,2022-05-26
invalid,62027-901-70,54.0,54,1,2023-09-04,2023-10-11
invalid,80649-417-100,54.0,54,1,2023-05-21,2023-07-26
invalid,60599-uv8-160,54.0,53,1,2022-01-03,2022-01-10
W001,47929-16N-L,54.0,53,2,2022-02-26,2022-07-27
invalid,80282-238-110,54.0,52,1,2022-12-03,2023-02-18
W001,82484-3AG-70,54.0,52,3,2024-10-08,2026-06-10
invalid,81006-538-130,54.0,51,1,2023-10-17,2023-10-18
invalid,80283-258-150,54.0,53,1,2023-02-13,2023-08-10
invalid,44403-VK3-L,54.0,47,1,2022-11-22,2022-11-25
invalid,68045-015-130,54.0,54,2,2022-07-15,2022-08-31
invalid,80847-925-140,54.0,54,1,2023-11-24,2024-02-29
invalid,80468-303-140,54.0,53,1,2023-06-01,2023-06-19
W001,67113-VN3-160,54.0,47,4,2022-01-03,2022-04-28
W001,82778-GK3-140,54.0,46,1,2025-01-15,2025-03-31
invalid,60325-714-M,54.0,51,1,2023-12-06,2023-12-07
invalid,55356-HY4-90,54.0,54,1,2022-01-05,2022-03-16
invalid,66987-VF5-130,54.0,52,1,2022-01-03,2022-01-06
invalid,67415-B42-140,54.0,52,1,2022-03-13,2022-04-22
W001,67279-V98-140,54.0,53,1,2022-02-05,2022-02-10
invalid,66975-EF5-120,54.0,54,3,2022-02-19,2022-04-23
W001,67078-FX9-L,54.0,52,4,2022-01-04,2022-03-01
invalid,81538-EF5-50,54.0,54,2,2025-05-14,2025-10-17
invalid,67857-WU4-100,54.0,54,1,2022-05-20,2022-07-04
W001,67885-UK7-100,54.0,53,1,2022-05-09,2022-06-19
invalid,67574-H56-85,54.0,54,1,2022-04-01,2022-06-08
invalid,67217-VJ7-110,54.0,53,3,2022-01-03,2023-01-05
invalid,60611-VW4-160,54.0,53,1,2022-07-11,2022-07-15
W001,67759-WZ1-70,54.0,54,1,2022-06-01,2022-06-30
invalid,67316-VH1-140,54.0,54,1,2022-03-31,2022-05-02
invalid,67339-WE3-120,54.0,51,2,2022-04-23,2022-06-01
invalid,67860-WV5-110,54.0,53,1,2022-05-19,2022-06-12
invalid,60783-302-XL,54.0,50,1,2023-02-15,2023-08-04
invalid,59852-XT2-120,54.0,52,2,2022-11-13,2022-11-16
invalid,39973-AH1-130,54.0,54,1,2022-01-18,2022-03-04
invalid,51042-SR4-80,54.0,51,1,2022-05-20,2022-05-28
invalid,80492-262-100,53.0,53,1,2023-03-24,2023-05-27
W001,33175-TT2-140,53.0,52,3,2022-03-15,2022-06-08
W001,67096-FX9-90,53.0,53,3,2022-01-13,2024-11-08
invalid,67387-76X-140,53.0,53,3,2024-01-02,2024-01-26
invalid,66732-UX9-110,53.0,52,3,2022-01-02,2022-02-03
invalid,67365-VW3-150,53.0,53,1,2022-03-26,2022-05-02
invalid,68069-XF5-50,53.0,53,1,2022-07-14,2023-05-23
W001,82485-3AZ-50,53.0,50,1,2024-12-11,2026-06-02
invalid,57538-GD7-80,53.0,53,1,2022-01-02,2022-01-11
invalid,67379-455-85,53.0,52,1,2023-06-12,2023-12-07
invalid,68027-201-110,53.0,52,1,2022-10-11,2022-11-04
invalid,67488-78M-90,53.0,53,1,2022-02-01,2022-07-08
invalid,80044-CK7-140,53.0,51,1,2022-11-27,2022-12-16
invalid,43197-GF2-150,53.0,50,1,2022-08-02,2022-09-07
invalid,60612-VW4-110,53.0,52,2,2022-01-13,2022-03-22
invalid,67300-VJ3-140,53.0,53,1,2022-06-27,2022-07-27
invalid,80397-379-140,53.0,51,1,2023-03-09,2023-05-03
invalid,67280-NZ5-140,53.0,51,1,2022-01-03,2022-02-01
W001,67323-FE6-130,53.0,51,3,2022-01-04,2022-02-23
invalid,67436-990-50,53.0,51,2,2022-01-31,2022-03-30
invalid,67221-G31-150,53.0,51,1,2022-04-28,2022-06-13
W001,80123-2ZP-90,53.0,53,1,2025-01-03,2025-02-14
invalid,67284-NH9-150,53.0,49,2,2022-05-25,2022-09-06
invalid,67409-WV1-110,53.0,53,3,2022-06-25,2022-08-02
invalid,67333-RR5-150,53.0,52,1,2022-01-10,2022-03-21
W001,58662-QH4-S,53.0,51,1,2022-03-09,2022-03-21
invalid,80908-960-S,53.0,52,1,2023-08-25,2024-02-26
W001,62027-VU7-85,53.0,53,1,2022-01-07,2022-02-21
invalid,67571-RR5-140,53.0,48,1,2022-03-09,2022-05-12
W001,82478-3AR-70,53.0,40,2,2024-10-03,2026-06-13
W001,67885-UK7-150,53.0,52,1,2022-05-08,2022-06-27
W001,67407-VU6-85,53.0,53,1,2022-03-26,2022-06-24
W001,65203-75Z-XS,53.0,48,4,2022-01-02,2022-01-20
invalid,61956-XA4-120,53.0,45,2,2022-06-25,2022-06-30
invalid,80643-RV5-130,53.0,53,1,2023-05-23,2023-07-04
invalid,46153-A91-90,53.0,46,2,2022-07-15,2023-04-26
invalid,68103-XS2-85,53.0,53,1,2022-09-09,2022-11-28
invalid,68119-XG3-85,53.0,53,1,2022-11-13,2023-01-03
invalid,59845-XS6-L,53.0,36,1,2023-10-20,2023-10-30
invalid,52312-011-XL,53.0,47,1,2022-01-10,2022-02-20
invalid,43205-015-85,53.0,52,1,2022-06-27,2022-07-23
W001,51042-NV2-50,53.0,51,2,2022-04-07,2022-06-17
invalid,67217-VJ9-120,53.0,53,2,2022-01-02,2022-02-23
W001,52309-NL2-S,53.0,49,2,2022-02-15,2022-05-15
invalid,67300-VJ3-110,53.0,52,1,2022-01-03,2022-02-22
invalid,67366-WM9-140,52.0,52,1,2022-01-15,2022-03-03
invalid,67379-AM7-110,52.0,51,1,2022-01-15,2022-03-10
invalid,83843-4VO-140,52.0,52,2,2025-09-15,2025-11-20
invalid,80983-851-140,52.0,52,1,2023-08-20,2023-09-23
invalid,80492-HI7-100,52.0,52,1,2023-03-24,2023-05-04
invalid,68010-WW8-85,52.0,52,1,2023-02-03,2023-04-01
invalid,45346-011-85,52.0,50,2,2023-05-07,2024-03-05
invalid,60325-VJ6-M,52.0,50,2,2022-01-07,2022-02-09
W001,67253-75Z-L,52.0,49,3,2022-01-06,2022-02-25
W001,67470-AN8-130,52.0,52,1,2022-01-07,2022-02-27
W001,67452-VU6-50,52.0,50,3,2022-04-05,2022-05-14
invalid,60008-VJ7-50,52.0,51,1,2022-01-03,2022-07-26
invalid,67048-887-90,52.0,51,1,2023-07-23,2023-08-26
invalid,67474-WJ3-90,52.0,52,1,2022-04-27,2022-05-20
invalid,45850-011-140,52.0,50,2,2022-01-02,2022-04-27
invalid,68001-036-130,52.0,52,2,2023-01-13,2023-01-31
invalid,67390-WH8-140,52.0,52,1,2022-02-21,2022-03-24
invalid,67396-WV1-110,52.0,51,2,2022-06-27,2022-08-25
invalid,67399-WW6-90,52.0,51,1,2022-08-12,2022-10-08
invalid,67472-480-130,52.0,52,1,2023-08-14,2023-10-30
invalid,67117-DW1-120,52.0,51,1,2022-11-16,2022-11-25
invalid,67975-209-140,52.0,52,1,2022-11-26,2022-12-04
W001,67842-C20-150,52.0,52,5,2022-04-06,2022-07-02
invalid,67878-WV5-150,52.0,52,1,2022-06-30,2022-07-08
W001,65203-QX6-XL,52.0,50,7,2022-01-21,2022-02-27
invalid,80492-JB4-150,52.0,51,1,2023-03-24,2023-05-13
invalid,80155-XS6-M,52.0,51,3,2022-10-26,2023-01-22
invalid,80152-GF2-75,52.0,52,1,2022-10-18,2022-10-29
invalid,67463-145-90,52.0,52,1,2023-01-16,2023-04-10
W001,82307-2EU-NB,52.0,50,2,2024-11-03,2025-04-13
W001,82307-1WO-60,52.0,52,2,2024-11-03,2025-04-11
invalid,67356-WK6-130,52.0,50,2,2022-02-15,2022-05-24
invalid,67355-78M-140,52.0,52,1,2022-02-02,2022-04-24
invalid,67404-WU2-110,52.0,51,1,2023-07-03,2023-07-12
invalid,67594-AT3-140,52.0,52,1,2022-04-27,2022-07-26
invalid,67200-GF2-110,52.0,52,1,2022-12-12,2022-12-30
invalid,51911-015-150,52.0,49,1,2022-01-02,2022-01-13
invalid,67200-M23-110,52.0,52,2,2022-11-21,2023-01-17
invalid,51194-015-90,52.0,50,1,2022-02-09,2022-03-07
invalid,80858-904-85,52.0,52,1,2023-07-24,2024-01-13
invalid,68177-76X-50,52.0,38,1,2022-07-16,2022-08-30
W001,67399-WV5-110,52.0,52,1,2022-05-10,2022-07-01
W001,67905-WS9-150,52.0,51,1,2022-06-20,2022-07-07
W001,67377-GF2-110,52.0,52,1,2022-07-14,2022-08-02
invalid,67784-SR4-85,52.0,49,1,2022-06-26,2022-07-09
invalid,67213-015-120,52.0,51,2,2022-01-05,2022-01-21
invalid,43197-VX9-85,52.0,49,2,2023-01-14,2023-01-25
invalid,81371-1GR-100,52.0,52,1,2024-01-17,2024-03-07
invalid,50942-B42-S,52.0,52,1,2022-12-27,2023-02-17
invalid,67684-V98-100,52.0,52,1,2022-05-29,2022-06-20
W001,67504-VH3-130,52.0,51,1,2022-03-09,2022-05-08
invalid,65653-WJ4-110,52.0,52,1,2022-05-08,2022-05-30
invalid,67274-VP5-150,52.0,51,1,2022-01-06,2022-02-10
invalid,80032-XU5-110,52.0,52,3,2023-01-17,2023-10-05
invalid,80847-903-140,52.0,48,1,2024-01-30,2024-03-07
invalid,83844-4VO-60,52.0,52,1,2025-09-15,2025-11-04
W001,82683-2KM-70,52.0,51,1,2025-04-07,2025-04-15
invalid,60312-A91-110,52.0,52,1,2022-11-28,2022-12-01
W001,82608-33P-120,51.0,51,1,2025-03-18,2025-03-26
invalid,80433-424-110,51.0,50,1,2023-06-21,2023-07-06
invalid,67271-WB5-150,51.0,50,1,2022-09-02,2023-01-03
invalid,60356-WV1-150,51.0,51,2,2022-05-24,2022-06-26
invalid,67511-NU7-85,51.0,51,1,2022-03-22,2022-08-02
invalid,80040-M23-100,51.0,49,1,2022-11-30,2022-12-04
invalid,80487-304-85,51.0,49,1,2023-01-20,2023-05-28
invalid,80468-364-85,51.0,50,1,2023-07-09,2023-07-20
invalid,33081-TT2-85,51.0,51,1,2022-03-14,2022-04-21
invalid,83843-4VQ-90,51.0,49,1,2025-09-16,2025-10-16
invalid,67605-PH1-150,51.0,49,1,2022-04-16,2022-06-09
invalid,67241-011-80,51.0,51,1,2022-02-02,2022-02-25
W001,67385-G31-150,51.0,51,1,2022-07-14,2022-07-30
invalid,67253-75Z-S/M,51.0,43,1,2023-12-13,2023-12-27
invalid,67605-PH1-120,51.0,49,2,2022-04-14,2022-06-22
invalid,67605-PH1-130,51.0,48,2,2022-04-15,2022-06-22
W001,60784-NZ5-L,51.0,48,2,2022-03-01,2022-05-17
invalid,68125-VL8-140,51.0,51,1,2022-12-28,2023-01-06
invalid,60604-VW8-L,51.0,51,1,2022-01-18,2022-05-20
invalid,60604-VU7-S,51.0,51,1,2022-01-11,2022-03-28
W001,67630-990-150,51.0,51,2,2022-05-19,2022-07-09
invalid,80649-424-110,51.0,51,1,2023-07-13,2023-07-20
invalid,67410-296-140,51.0,51,1,2023-03-31,2023-06-03
invalid,47433-VG3-150,51.0,48,1,2022-05-05,2022-07-02
invalid,80649-433-110,51.0,48,1,2023-07-13,2023-07-17
invalid,67217-V98-130,51.0,49,1,2022-01-02,2022-01-18
invalid,43205-015-100,51.0,46,1,2023-06-23,2023-07-03
W001,67887-WW3-85,51.0,50,1,2022-06-21,2022-07-27
invalid,80684-A38-150,51.0,49,1,2023-04-05,2023-07-08
W001,82035-IVJ-60,51.0,50,1,2024-10-14,2024-12-11
invalid,67271-WB7-90,51.0,49,1,2022-01-02,2022-02-16
invalid,47929-U74-L,51.0,43,2,2022-01-06,2023-11-20
W001,67393-WQ1-150,51.0,49,1,2022-05-08,2022-07-05
invalid,43197-260-110,51.0,49,1,2023-01-16,2023-03-16
invalid,80371-305-60,51.0,49,1,2023-02-19,2023-07-19
invalid,66708-280-140,51.0,51,1,2023-04-05,2023-04-26
invalid,80492-262-90,51.0,51,1,2023-03-27,2023-06-17
invalid,68075-SR4-90,51.0,50,1,2022-07-21,2022-08-27
invalid,82036-1VH-NB,51.0,51,2,2024-08-15,2025-02-16
invalid,67540-VW2-90,51.0,50,1,2022-01-25,2022-03-17
W001,82484-3AG-50,51.0,49,3,2024-10-08,2026-05-28
invalid,67359-VW2-140,51.0,51,1,2022-01-30,2022-03-28
invalid,45346-NV2-85,51.0,51,1,2022-04-27,2022-05-20
W001,55492-AS3-XL,51.0,45,1,2022-02-08,2022-06-03
invalid,45346-011-120,51.0,50,1,2022-04-30,2022-05-06
invalid,59845-TN7-L,51.0,50,1,2022-11-09,2022-11-15
invalid,67530-85H-85,51.0,51,1,2022-03-15,2022-06-02
invalid,59845-TN7-XL,51.0,43,2,2022-11-17,2023-01-05
W001,67374-015-85,51.0,51,1,2022-05-29,2022-08-02
invalid,67379-WU4-150,51.0,50,1,2022-06-25,2022-07-12
invalid,67475-WL6-100,51.0,50,1,2022-01-24,2022-04-11
invalid,80969-886-110,51.0,50,1,2023-10-12,2023-12-12
invalid,68125-927-150,51.0,51,1,2023-08-31,2023-09-30
invalid,80262-234-110,51.0,51,2,2023-01-09,2023-04-01
W001,67610-RR5-XS,51.0,50,1,2022-06-13,2022-07-18
invalid,62027-RY2-85,51.0,51,1,2022-02-21,2022-03-22
invalid,67557-WV1-60,51.0,51,2,2022-05-20,2022-07-03
W001,67770-SR4-85,51.0,51,1,2022-06-05,2022-06-20
invalid,68125-TN9-140,51.0,51,1,2022-11-24,2022-11-30
W001,67159-76X-85,51.0,49,1,2022-04-29,2022-07-10
W001,67159-76X-150,51.0,50,2,2022-02-01,2022-06-29
invalid,80640-451-110,51.0,51,1,2023-04-22,2023-07-16
invalid,67358-WQ1-120,51.0,50,1,2022-05-01,2022-05-04
invalid,58712-GF2-100,51.0,49,1,2022-01-02,2022-01-04
invalid,67361-78M-120,51.0,48,1,2022-05-26,2022-05-28
invalid,67403-VW2-85,51.0,51,1,2022-04-06,2022-07-06
invalid,80073-023-L,50.0,42,1,2022-11-18,2022-11-19
invalid,80818-N48-120,50.0,50,1,2023-08-28,2023-09-01
invalid,67433-VW2-50,50.0,50,1,2022-02-25,2022-05-11
W001,51058-VZ1-120,50.0,48,1,2022-03-09,2022-04-11
invalid,67691-SR4-110,50.0,46,1,2022-04-10,2022-04-28
invalid,67688-EH3-140,50.0,50,1,2022-05-22,2022-06-17
W001,67705-WT3-85,50.0,50,1,2022-07-01,2022-07-20
invalid,67605-PH1-140,50.0,43,1,2022-05-10,2022-05-30
W001,83066-010-XL,50.0,47,2,2025-01-04,2025-04-14
W001,83067-XT2-XS,50.0,49,1,2024-11-13,2024-12-14
invalid,68015-SR4-110,50.0,50,1,2022-11-29,2022-12-03
invalid,68015-GF2-110,50.0,49,1,2023-01-03,2023-01-05
W001,47433-VH0-110,50.0,50,1,2022-02-21,2022-03-25
invalid,66957-015-110,50.0,45,1,2022-01-07,2022-01-12
invalid,67678-015-90,50.0,50,1,2022-07-01,2022-07-13
invalid,50291-VQ6-M,50.0,45,1,2022-06-22,2022-07-25
invalid,67517-WT8-100,50.0,49,1,2022-06-25,2022-07-14
invalid,67207-V98-150,50.0,47,1,2022-04-26,2022-05-09
W001,66689-WZ1-50,50.0,50,1,2022-06-02,2022-07-11
invalid,65788-06G-5,50.0,49,3,2022-10-19,2022-11-17
invalid,80134-XT7-100,50.0,50,2,2022-09-23,2023-01-30
invalid,58662-378-M,50.0,47,1,2023-06-29,2023-06-30
W001,50763-NL1-XL,50.0,45,1,2022-01-06,2022-07-28
invalid,60603-XB5-XL,50.0,50,1,2022-07-26,2022-09-03
invalid,60603-VU7-XL,50.0,45,2,2022-01-10,2022-04-07
invalid,80131-212-140,50.0,50,1,2022-12-09,2022-12-27
W001,67490-WT8-90,50.0,50,1,2022-06-21,2022-07-05
invalid,67614-RR5-70,50.0,49,1,2022-05-12,2022-06-16
W001,82081-022-75,50.0,50,1,2025-01-10,2025-01-21
invalid,67287-XG3-90,50.0,50,2,2022-10-22,2022-12-09
invalid,80032-XW4-110,50.0,50,1,2023-01-16,2023-01-19
invalid,59852-VJ6-90,50.0,48,1,2022-01-19,2022-02-09
invalid,67894-GD4-120,50.0,49,1,2022-08-01,2022-08-15
W001,67601-TZ2-90,50.0,50,1,2022-06-15,2022-08-02
W001,65605-WC3-75,50.0,50,1,2022-03-09,2022-03-13
W001,67613-RR5-120,50.0,49,1,2022-06-14,2022-06-20
invalid,59852-XU1-130,50.0,47,1,2022-10-17,2022-10-18
invalid,62027-SK5-75,50.0,50,1,2022-03-05,2022-03-08
invalid,67472-011-150,50.0,48,1,2022-07-21,2022-08-02
invalid,60603-922-M,50.0,49,1,2023-09-23,2023-10-02
invalid,68125-734-140,50.0,50,1,2023-10-23,2023-11-22
invalid,81194-537-L,50.0,40,1,2023-11-15,2023-11-18
invalid,80269-HI2-80,50.0,47,1,2022-12-02,2022-12-13
invalid,80655-450-100,50.0,50,2,2023-10-19,2023-11-08
invalid,67793-WT7-60,50.0,50,1,2022-06-27,2022-07-13
invalid,68146-XK9-85,50.0,50,1,2022-07-13,2022-08-14
W001,58661-HC7-XL,50.0,49,1,2022-03-09,2022-03-28
invalid,65203-75Z-M,50.0,48,1,2022-04-11,2022-05-10
W001,67013-U74-M,50.0,40,4,2022-01-07,2022-08-02
invalid,67603-011-120,50.0,49,1,2022-07-10,2022-07-20
invalid,67412-015-140,50.0,50,1,2022-02-02,2022-02-27
invalid,67784-78M-70,50.0,50,1,2022-06-20,2022-07-03
invalid,80018-025-XXS,50.0,46,1,2022-09-20,2022-11-03
invalid,80018-025-M,50.0,44,2,2022-09-20,2022-11-23
invalid,80858-906-85,50.0,50,1,2023-07-24,2023-09-07
invalid,67214-GF2-120,50.0,50,1,2022-01-14,2022-02-10
invalid,33175-WL0-130,50.0,50,1,2022-06-06,2022-07-15
invalid,67472-SR4-150,50.0,49,1,2022-05-25,2022-06-30
invalid,66640-NU7-140,50.0,49,1,2022-01-04,2022-04-11
invalid,80983-846-140,50.0,50,1,2023-08-22,2023-09-04
invalid,80983-849-140,50.0,50,1,2023-11-20,2023-11-26
invalid,80983-852-90,50.0,50,1,2023-09-01,2023-09-12
invalid,67358-WQ1-100,50.0,48,1,2022-03-09,2022-04-03
invalid,59852-QY4-130,50.0,46,1,2022-01-03,2022-01-04
invalid,67475-WJ2-85,50.0,49,1,2022-01-13,2022-03-07
W001,60310-FX9-XL,50.0,49,3,2022-01-07,2024-10-09
invalid,80999-536-130,50.0,50,1,2023-10-13,2023-10-19
invalid,67993-06G-150,50.0,50,1,2022-09-16,2022-10-27
W001,67453-VU7-70,50.0,50,1,2022-05-26,2022-06-08
W001,67409-VU7-130,50.0,50,1,2022-03-09,2022-04-05
invalid,67361-VU6-130,50.0,50,1,2022-05-29,2022-05-31
invalid,68116-BS8-150,50.0,50,1,2023-11-13,2023-12-02
W001,82478-3AR-60,50.0,37,2,2024-10-03,2026-06-16
invalid,80983-823-140,50.0,49,1,2023-07-20,2023-08-06
invalid,80353-933-130,50.0,50,1,2023-12-22,2024-01-04
invalid,52558-519-M,50.0,47,1,2023-11-22,2023-11-25
invalid,52399-SR4-L,50.0,45,1,2023-10-05,2023-10-15
W001,67580-PM8-120,50.0,50,1,2022-06-24,2022-07-29
invalid,80291-226-150,50.0,50,1,2022-12-29,2023-05-03
invalid,67478-A96-130,50.0,50,1,2022-01-17,2022-02-25
invalid,67482-VD8-150,50.0,46,2,2022-02-03,2022-04-04
invalid,66716-76X-120,50.0,50,1,2022-01-04,2022-01-06
invalid,54899-RY2-S,50.0,48,1,2022-01-27,2022-02-08
invalid,80492-262-140,50.0,50,2,2023-03-23,2023-05-10
invalid,59845-VJ7-XL,50.0,46,1,2023-10-21,2023-10-27
W001,67578-PF9-100,50.0,49,1,2022-05-30,2022-08-01
invalid,68004-975-150,50.0,48,1,2023-12-05,2024-01-02
W001,42318-75Z-85,50.0,50,2,2022-01-13,2022-06-07
invalid,60599-VU6-140,50.0,46,1,2022-07-11,2022-07-14
invalid,82036-22L-50,50.0,49,1,2024-09-06,2025-01-04
W001,82610-32V-120,50.0,50,1,2025-03-28,2025-04-14
W001,57538-GD4-130,50.0,49,2,2022-01-15,2022-05-06
invalid,67379-SR4-110,50.0,50,1,2023-03-01,2023-04-28
W001,30070-WQ4-L,50.0,43,1,2022-05-25,2022-07-09
invalid,55460-WK8-85,50.0,50,1,2022-04-29,2022-06-27
invalid,83843-4VP-100,50.0,47,1,2025-09-12,2025-10-20
W001,67558-GD6-85,49.0,49,1,2022-02-21,2022-06-29
invalid,62129-UK7-90,49.0,48,2,2022-05-17,2022-07-10
W001,82485-3BA-70,49.0,45,2,2024-12-10,2026-06-03
W001,67377-1DH-130,49.0,49,1,2025-01-10,2025-01-14
W001,59956-A91-85,49.0,49,2,2022-01-02,2022-07-14
invalid,67362-78M-85,49.0,48,1,2022-07-03,2022-07-08
invalid,67372-VW1-90,49.0,48,1,2022-02-27,2022-03-30
invalid,80282-238-90,49.0,48,1,2022-12-05,2023-02-20
invalid,68027-195-120,49.0,49,2,2022-09-23,2022-11-21
invalid,68094-XH4-140,49.0,49,1,2022-07-18,2022-09-17
invalid,68113-TM4-150,49.0,46,1,2022-07-30,2022-10-23
invalid,58663-J91-L,49.0,48,2,2022-01-11,2022-07-27
invalid,80039-XS8-M,49.0,41,1,2022-11-22,2022-11-25
invalid,81371-1AX-110,49.0,48,1,2024-01-17,2024-02-23
W001,67210-GF2-150,49.0,49,1,2022-03-28,2022-07-07
W001,82609-GN3-120,49.0,49,1,2025-03-23,2025-03-29
invalid,66974-SR4-110,49.0,49,1,2022-01-30,2022-02-24
invalid,67514-SK3-L,49.0,48,1,2022-01-10,2022-02-20
W001,58663-WR4-L,49.0,48,1,2022-05-20,2022-08-01
W001,33218-16N-100,49.0,48,2,2022-05-20,2022-07-01
W001,67316-VH1-140,49.0,49,1,2022-01-03,2022-02-20
invalid,67499-NW4-100,49.0,49,2,2022-02-13,2022-05-09
invalid,81152-XS6-90,49.0,48,1,2023-12-11,2023-12-29
invalid,67274-VP5-130,49.0,48,1,2022-01-04,2022-01-24
invalid,67691-HI2-85,49.0,47,1,2022-04-16,2022-05-15
W001,59852-VJ6-130,49.0,47,2,2022-01-14,2022-01-26
invalid,67231-VH3-75,49.0,48,1,2022-01-10,2022-01-16
W001,67681-NU7-90,49.0,48,2,2022-04-09,2022-06-29
invalid,67217-75Z-130,49.0,49,2,2022-01-04,2022-12-22
invalid,67462-WJ3-120,49.0,47,2,2022-05-27,2022-06-05
invalid,80536-1JA-100,49.0,49,1,2024-01-21,2024-03-05
invalid,80653-437-85,49.0,49,1,2023-05-13,2023-06-28
W001,42067-75Z-120,49.0,45,3,2022-01-25,2024-12-27
invalid,67992-XD5-85,49.0,48,1,2022-12-20,2023-01-06
invalid,67885-UK7-150,49.0,48,1,2022-04-25,2022-05-08
W001,81158-1GF-100,49.0,49,1,2025-01-09,2025-01-16
invalid,43197-G44-85,49.0,48,1,2022-12-18,2023-05-15
invalid,59852-VK4-140,49.0,47,1,2022-01-10,2022-01-12
invalid,80060-021-100,49.0,49,1,2022-11-09,2022-11-11
invalid,43197-A91-85,49.0,45,1,2024-01-09,2024-01-13
invalid,46153-A91-150,48.0,47,1,2022-05-29,2022-06-29
invalid,52408-Q84-150,48.0,43,1,2022-01-14,2022-01-24
invalid,80282-323-100,48.0,47,1,2023-05-02,2023-06-07
invalid,80653-78M-120,48.0,48,2,2023-06-27,2023-06-30
W001,59870-FX7-L,48.0,43,7,2022-01-09,2022-02-21
W001,60600-RY2-100,48.0,47,1,2022-03-26,2022-03-29
invalid,59957-BX0-110,48.0,42,2,2022-03-09,2022-09-05
invalid,60600-VW2-100,48.0,48,1,2022-05-24,2022-05-31
W001,82484-3AE-70,48.0,44,3,2024-10-08,2026-06-16
invalid,60600-PH7-160,48.0,47,2,2022-05-24,2022-05-30
invalid,67056-76X-110,48.0,47,2,2022-01-02,2022-02-22
invalid,66716-082-140,48.0,48,1,2022-09-08,2022-10-13
invalid,57703-RM3-80,48.0,47,1,2023-09-16,2023-12-30
W001,47929-S74-S,48.0,45,4,2022-01-07,2022-08-03
W001,67409-WV2-130,48.0,46,4,2022-06-26,2022-07-27
invalid,67378-WH9-100,48.0,48,1,2022-02-16,2022-07-09
invalid,33175-S74-160,48.0,42,1,2022-05-25,2022-07-25
W001,30810-TD4-XXL,48.0,40,1,2022-05-23,2022-07-12
invalid,67023-UT6-100,48.0,48,1,2022-01-17,2022-02-09
invalid,67395-WH8-90,48.0,46,1,2022-01-20,2022-04-01
W001,44223-CW2-70,48.0,48,1,2022-01-02,2022-06-15
W001,67218-76X-85,48.0,48,3,2022-01-02,2022-01-28
invalid,81121-742-100,48.0,48,3,2023-11-25,2024-01-06
invalid,67482-JA1-120,48.0,47,2,2022-02-03,2023-08-03
invalid,51058-A91-140,48.0,46,2,2022-01-17,2022-05-04
invalid,51836-948-90,48.0,48,1,2023-10-10,2023-11-05
invalid,59852-XS9-130,48.0,46,2,2023-11-27,2023-11-28
invalid,80046-XU1-M,48.0,40,2,2022-12-21,2023-01-16
invalid,67239-AM7-75,48.0,46,1,2022-02-15,2022-03-27
invalid,42067-75Z-130,48.0,47,2,2023-12-08,2023-12-26
invalid,60611-VS5-130,48.0,45,2,2022-07-02,2022-07-06
invalid,80131-213-130,48.0,48,1,2022-12-30,2023-01-03
invalid,65714-85H-85,48.0,47,2,2024-01-10,2024-03-05
invalid,67872-A71-85,48.0,47,1,2022-05-31,2022-07-16
invalid,59845-XS9-XL,48.0,44,1,2023-12-12,2023-12-18
invalid,67349-B42-140,48.0,48,2,2022-02-10,2022-06-01
invalid,67356-WM9-90,48.0,46,1,2022-04-30,2022-05-29
W001,67401-VX9-120,48.0,47,2,2022-03-09,2022-03-15
invalid,47107-FX9-2,48.0,44,1,2022-01-03,2022-06-02
W001,67681-NU7-150,48.0,48,1,2022-04-06,2022-05-06
invalid,58662-378-XS,48.0,47,1,2023-05-08,2023-05-30
invalid,67437-VU7-50,48.0,47,1,2022-01-25,2022-07-07
W001,82066-045-XL,48.0,44,1,2024-11-25,2024-12-03
invalid,44223-CW2-85,48.0,47,2,2022-01-03,2022-01-27
invalid,66073-GE1-85,48.0,47,2,2022-01-07,2022-05-10
invalid,67207-GF2-150,48.0,47,1,2022-01-03,2022-02-07
invalid,81366-1CM-100,48.0,48,1,2024-01-12,2024-03-03
invalid,68150-76X-90,48.0,45,1,2022-07-14,2022-09-08
invalid,60612-355-90,48.0,46,1,2023-07-15,2023-07-26
W001,58660-QH4-L,48.0,45,1,2022-03-09,2022-03-24
invalid,67277-VP4-100,48.0,48,1,2022-01-03,2022-02-02
W001,66356-VJ4-L,48.0,43,2,2022-01-03,2022-06-29
W001,82490-3AC-75,48.0,33,3,2024-10-08,2026-06-18
W001,67878-WX4-90,48.0,48,1,2022-05-23,2022-06-10
invalid,67335-AH9-90,48.0,48,2,2022-03-19,2022-07-07
W001,47068-FU8-M,48.0,46,2,2022-01-03,2022-06-12
W001,47058-FU8-120,48.0,47,3,2022-01-03,2022-04-30
invalid,80484-VD8-85,48.0,48,1,2023-05-25,2024-03-03
invalid,57538-GD4-110,48.0,48,1,2022-01-14,2022-02-14
invalid,55492-AS3-XS,47.0,45,1,2022-05-25,2022-07-07
W001,67522-WK9-90,47.0,47,2,2022-02-26,2022-06-15
invalid,67870-V98-85,47.0,45,1,2022-05-27,2022-06-26
invalid,60599-PF2-160,47.0,41,1,2022-01-25,2022-02-08
invalid,60599-WV1-85,47.0,45,2,2022-05-12,2022-07-01
invalid,55355-HY4-110,47.0,45,2,2022-01-02,2022-01-20
W001,67385-V98-140,47.0,47,1,2022-07-17,2022-08-02
invalid,67275-SR4-120,47.0,45,2,2022-01-18,2022-02-11
invalid,67726-AV3-70,47.0,47,1,2022-04-06,2022-04-27
invalid,67770-SR4-50,47.0,47,2,2022-04-02,2022-06-05
W001,58663-J91-M,47.0,45,1,2022-01-02,2022-01-04
W001,67111-VN3-M,47.0,45,1,2022-01-09,2022-07-31
W001,67576-WD9-90,47.0,45,1,2022-04-05,2022-04-27
invalid,67025-JB3-S,47.0,45,5,2022-01-06,2022-06-25
W001,67597-WS4-90,47.0,46,1,2022-06-28,2022-08-01
invalid,52382-SR4-85,47.0,46,1,2022-01-02,2022-01-04
invalid,67130-022-XL,47.0,43,1,2022-09-20,2022-10-14
invalid,67180-GF2-100,47.0,45,1,2022-01-02,2022-01-20
invalid,80115-A79-90,47.0,47,1,2022-12-29,2022-12-30
invalid,81538-EF5-60,47.0,46,1,2025-05-05,2025-09-26
invalid,67217-V98-110,47.0,45,1,2022-01-02,2022-01-04
invalid,67591-SJ7-150,47.0,44,1,2022-06-06,2022-07-27
invalid,39973-48Q-140,47.0,47,1,2022-03-09,2022-04-30
invalid,52171-XD9-60,47.0,46,1,2023-09-21,2023-09-30
invalid,46239-GK3-140,47.0,37,1,2022-01-02,2022-01-12
W001,62027-WW6-50,47.0,46,1,2022-05-20,2022-07-16
W001,82019-1VP-50,47.0,47,1,2024-11-15,2024-12-17
invalid,67236-M23-85,47.0,47,1,2022-01-05,2022-01-13
invalid,41423-A91-150,47.0,39,1,2022-02-14,2022-04-18
W001,82485-3BC-60,47.0,40,3,2024-10-08,2026-06-11
invalid,68009-004-150,47.0,47,1,2023-07-20,2023-10-01
W001,62515-NU3-120,47.0,47,5,2022-01-07,2022-02-18
W001,60325-QY5-L,47.0,44,3,2022-01-06,2022-08-02
invalid,60599-VV2-130,47.0,47,2,2022-05-20,2022-09-03
invalid,82035-IVJ-70,47.0,47,1,2024-08-13,2024-12-16
invalid,82035-IVJ-50,47.0,47,1,2024-08-16,2024-10-25
invalid,66360-VH1-120,47.0,44,1,2022-10-03,2022-10-05
W001,82480-3AK-NB,47.0,46,1,2024-10-08,2026-06-12
invalid,67110-VN3-L,47.0,45,1,2022-01-14,2022-09-01
invalid,67374-WW6-150,47.0,47,1,2022-05-27,2022-07-10
invalid,68035-XH8-85,47.0,45,1,2022-09-25,2022-11-30
invalid,67048-925-85,47.0,47,1,2023-07-20,2023-09-25
invalid,68048-76X-90,47.0,39,1,2022-09-08,2022-10-10
invalid,81371-06G-110,47.0,47,1,2024-01-21,2024-03-06
invalid,59852-VK1-150,47.0,45,3,2022-01-02,2022-02-19
invalid,67630-185-150,47.0,47,1,2023-08-02,2023-08-23
W001,60611-VX4-120,47.0,47,1,2022-03-09,2022-03-19
invalid,81538-461-50,47.0,45,2,2025-05-23,2025-08-14
invalid,67517-1EX-140,46.0,46,1,2024-02-10,2024-03-07
invalid,66932-B42-60,46.0,46,1,2022-01-07,2022-07-03
invalid,67248-B42-90,46.0,44,2,2022-03-25,2022-04-15
invalid,80039-FU8-M,46.0,39,1,2022-11-18,2022-11-23
invalid,60783-302-XXL,46.0,45,1,2023-02-21,2023-09-07
invalid,67347-PL5-XXL,46.0,43,1,2022-01-12,2022-04-22
invalid,80901-758-140,46.0,46,1,2023-11-25,2023-12-04
W001,67007-UZ7-90,46.0,44,1,2022-01-03,2022-01-11
invalid,33175-TT2-150,46.0,44,1,2022-01-26,2022-04-06
invalid,45346-GK3-90,46.0,43,3,2022-01-05,2023-09-15
invalid,67396-WV1-140,46.0,46,2,2022-06-10,2022-07-04
invalid,66653-61D-80,46.0,46,1,2022-01-11,2022-04-07
invalid,52557-QX3-XS,46.0,45,1,2022-01-15,2022-11-25
invalid,67416-78M-85,46.0,46,1,2022-01-30,2022-05-12
W001,47433-VH0-100,46.0,44,2,2022-01-05,2022-03-26
W001,67316-VH2-120,46.0,46,1,2022-01-10,2022-05-03
invalid,33081-U74-85,46.0,46,2,2022-01-02,2022-12-12
invalid,66736-NB1-150,46.0,45,2,2022-01-02,2022-04-23
W001,66073-GD6-85,46.0,46,1,2022-01-05,2022-06-06
invalid,67472-VX6-90,46.0,44,1,2022-05-25,2022-05-30
W001,82484-3AE-50,46.0,40,3,2024-10-08,2026-06-05
invalid,52406-Q84-L,46.0,41,2,2022-01-03,2022-07-22
W001,57811-25E-120,46.0,46,1,2022-01-02,2022-01-06
invalid,67179-76X-140,46.0,46,1,2022-01-02,2022-01-06
W001,81553-76X-70,46.0,46,1,2024-10-12,2025-04-13
W001,82307-2EU-60,46.0,46,1,2024-10-24,2024-12-29
W001,67704-WY2-140,46.0,46,1,2022-04-30,2022-05-08
invalid,67401-VX9-150,46.0,45,3,2022-04-21,2022-07-01
invalid,67614-RR5-75,46.0,45,1,2022-05-11,2022-06-15
invalid,57746-UT6-150,46.0,45,1,2022-01-05,2022-01-11
invalid,68021-VH3-140,46.0,46,1,2022-10-20,2022-12-05
invalid,68010-930-100,46.0,45,1,2024-02-06,2024-03-05
W001,60325-QY5-M,46.0,44,3,2022-01-07,2022-07-31
invalid,62327-PW1-140,46.0,46,1,2022-01-02,2022-01-06
invalid,67424-T07-140,46.0,44,1,2023-02-04,2023-03-16
W001,50282-VP5-XXL,46.0,44,1,2022-05-05,2022-07-14
invalid,59818-B42-120,45.0,44,2,2022-01-03,2022-01-27
invalid,80393-925-140,45.0,45,1,2023-07-24,2023-09-27
W001,67377-A79-120,45.0,43,1,2022-07-14,2022-08-02
invalid,68027-186-150,45.0,45,1,2023-01-03,2023-01-10
invalid,68041-85H-110,45.0,45,2,2022-11-23,2022-12-26
invalid,67540-VW2-140,45.0,45,1,2022-03-21,2022-05-25
W001,48080-SR4-120,45.0,44,1,2022-04-30,2022-05-03
invalid,59845-VK3-XXL,45.0,41,1,2022-09-21,2022-10-20
invalid,62027-WB2-80,45.0,43,1,2022-01-24,2022-02-02
invalid,67385-V98-90,45.0,45,1,2022-04-23,2022-07-27
invalid,67531-10F-140,45.0,37,1,2022-01-17,2022-02-22
W001,58660-QH4-M,45.0,43,3,2022-01-24,2022-03-17
invalid,67307-DW1-60,45.0,43,1,2022-01-23,2022-03-31
invalid,61948-WW6-S,45.0,43,1,2023-07-01,2023-07-23
invalid,30810-WQ4-L,45.0,42,1,2022-04-19,2022-05-18
invalid,67511-VX7-150,45.0,45,1,2022-04-26,2022-05-16
invalid,66934-SR4-90,45.0,43,3,2022-01-16,2022-05-12
W001,82490-3AH-80,45.0,34,3,2024-10-14,2026-06-10
invalid,60325-TN9-M,45.0,45,1,2022-01-16,2022-07-11
W001,82488-3N3-NB,45.0,44,1,2025-07-31,2026-06-09
invalid,80860-911-100,45.0,45,1,2023-09-06,2023-10-07
invalid,67773-WV1-80,45.0,45,1,2022-04-19,2022-04-29
invalid,68180-GF2-75,45.0,45,1,2022-07-13,2022-09-05
invalid,58662-WR3-XL,45.0,44,2,2022-03-19,2022-06-05
invalid,81366-1CT-110,45.0,44,1,2024-01-11,2024-03-07
W001,60611-TW2-150,45.0,45,1,2022-03-09,2022-05-03
invalid,59852-XT2-130,45.0,39,1,2023-09-23,2023-10-03
invalid,67959-SW4-120,45.0,45,1,2022-08-16,2022-10-17
W001,67866-XA4-150,45.0,45,1,2022-06-03,2022-07-15
invalid,58712-TS3-120,45.0,44,3,2022-01-21,2022-02-06
invalid,51058-A79-120,45.0,43,1,2022-08-16,2022-08-31
invalid,80039-010-S,45.0,36,1,2022-10-12,2022-10-17
invalid,80039-714-M,45.0,36,1,2023-12-27,2024-01-05
invalid,80039-QX6-M,45.0,40,1,2022-11-03,2022-11-05
invalid,80046-XT2-S,45.0,38,1,2023-12-07,2023-12-11
invalid,67293-NZ5-85,45.0,45,1,2022-01-17,2022-01-27
invalid,80040-VX9-110,45.0,45,1,2022-11-16,2022-11-19
invalid,60784-PF2-M,45.0,43,1,2022-01-03,2022-02-03
W001,51891-A91-100,45.0,38,1,2022-01-03,2022-02-18
invalid,81535-VZ2-NB,45.0,45,2,2025-02-21,2025-08-01
invalid,80039-VJ7-M,45.0,39,1,2023-12-19,2024-06-06
invalid,81195-537-XS,45.0,42,1,2023-11-15,2023-11-20
invalid,81259-QX6-70,45.0,43,1,2023-11-20,2023-11-22
invalid,65576-UC3-80,45.0,42,1,2022-05-18,2022-05-26
invalid,80046-QX6-M,45.0,36,1,2022-10-26,2022-10-31
invalid,80046-TN9-M,45.0,37,1,2022-10-11,2022-10-17
W001,67300-VJ3-110,45.0,44,1,2022-05-24,2022-07-15
invalid,67359-WD5-140,45.0,44,2,2022-03-09,2022-04-16
invalid,59852-XU1-140,45.0,42,1,2023-11-24,2023-11-25
invalid,80165-024-L,45.0,41,1,2022-11-23,2022-11-26
invalid,66689-WY2-80,45.0,43,1,2022-06-25,2022-07-01
invalid,68116-BS8-90,45.0,44,3,2022-09-15,2023-09-22
invalid,62027-VW7-85,45.0,45,2,2022-03-12,2022-04-01
invalid,67440-VU6-50,45.0,42,1,2022-05-25,2022-07-09
invalid,68125-QX6-85,45.0,45,1,2023-12-06,2023-12-12
W001,81535-EF5-NB,45.0,45,1,2024-10-13,2025-03-02
invalid,59852-714-100,45.0,44,1,2023-12-09,2023-12-12
invalid,62027-SK5-85,45.0,44,2,2022-03-09,2022-03-21
invalid,67350-VZ2-100,45.0,44,1,2022-01-19,2022-06-27
invalid,67471-A96-90,45.0,45,1,2022-01-19,2022-04-30
invalid,68119-XG3-150,45.0,43,1,2022-12-30,2023-01-06
invalid,80273-233-60,45.0,45,1,2022-12-02,2022-12-28
invalid,50265-XT2-XL,45.0,39,1,2022-12-01,2022-12-20
invalid,51058-011-130,45.0,38,1,2022-03-10,2022-04-26
invalid,67594-AT3-150,45.0,45,1,2022-05-02,2022-08-29
invalid,81535-461-50,45.0,44,2,2025-08-08,2025-11-03
invalid,68126-C20-120,45.0,45,1,2022-11-27,2022-11-28
invalid,67259-VN3-60,45.0,45,1,2022-01-03,2022-07-27
invalid,82714-36G-75,44.0,43,1,2024-10-26,2024-12-30
invalid,67274-NZ5-130,44.0,44,1,2022-01-04,2022-01-24
invalid,67791-WV1-90,44.0,44,1,2022-06-25,2022-07-12
invalid,83909-52Q-130,44.0,42,1,2025-12-30,2026-01-03
invalid,67408-WQ1-140,44.0,44,1,2022-06-27,2022-07-15
invalid,81366-1CM-110,44.0,42,1,2024-01-13,2024-03-07
invalid,65602-WQ1-50,44.0,44,1,2022-05-06,2022-05-25
invalid,80024-025-150,44.0,38,1,2023-12-04,2023-12-06
invalid,80894-1FR-130,44.0,44,1,2024-01-17,2024-03-07
invalid,80894-1FR-120,44.0,44,1,2024-01-21,2024-03-06
W001,58660-QH4-XL,44.0,41,1,2022-05-24,2022-05-31
invalid,43205-GK3-150,44.0,36,1,2022-01-03,2022-02-18
invalid,65256-GD4-150,44.0,42,1,2022-01-03,2022-01-07
invalid,65576-WM5-85,44.0,44,1,2022-02-03,2022-03-14
W001,66930-SR4-70,44.0,44,1,2022-05-24,2022-06-16
invalid,60611-XC8-85,44.0,44,1,2022-07-28,2022-08-23
invalid,43197-V98-85,44.0,44,1,2022-01-20,2022-04-13
invalid,67915-PG3-90,44.0,44,1,2022-08-17,2022-11-17
invalid,59580-A96-85,44.0,44,1,2023-01-14,2023-01-18
invalid,80046-75Z-XXL,44.0,43,2,2022-12-13,2023-11-29
W001,67788-WW6-85,44.0,44,1,2022-06-13,2022-07-15
invalid,81120-708-S,44.0,42,1,2023-12-08,2023-12-26
W001,67788-WU4-90,44.0,44,1,2022-07-12,2022-07-31
invalid,59852-XS9-140,44.0,40,1,2023-11-17,2023-11-20
invalid,60603-VW8-XS,44.0,42,1,2022-01-10,2022-07-26
invalid,81179-694-110,44.0,43,1,2023-12-28,2024-01-06
invalid,43205-VX9-140,44.0,41,1,2022-05-20,2022-05-29
W001,67589-AI1-90,44.0,43,1,2022-06-22,2022-08-02
invalid,67396-331-150,44.0,43,1,2023-02-02,2023-06-21
invalid,67398-291-85,44.0,44,1,2023-04-30,2023-05-22
invalid,80608-KR4-85,44.0,42,1,2023-04-08,2023-04-29
invalid,67558-NN0-120,44.0,44,1,2022-03-01,2022-03-22
invalid,33218-VF3-140,44.0,43,1,2022-04-03,2022-04-22
invalid,67092-F04-110,44.0,44,3,2022-03-09,2022-07-11
W001,67595-BD4-S,44.0,44,1,2022-07-13,2022-08-02
invalid,67536-WQ1-100,44.0,43,1,2022-05-31,2022-06-30
invalid,67522-1HN-90,44.0,44,1,2024-01-22,2024-03-07
W001,60310-FX9-L,44.0,39,2,2022-01-02,2022-02-22
invalid,67485-SR4-140,44.0,44,1,2022-01-06,2022-02-21
invalid,67485-NV2-140,44.0,43,2,2022-04-12,2022-07-04
invalid,83312-2JQ-XXL,44.0,40,2,2025-01-28,2025-02-26
invalid,83308-2XV-XS,44.0,43,1,2025-01-11,2025-02-17
W001,67255-75Z-M,43.0,40,1,2022-01-27,2022-02-16
invalid,83270-2KE-60,43.0,41,1,2026-01-20,2026-04-09
invalid,67383-WD5-150,43.0,43,2,2022-02-06,2022-05-30
invalid,67381-WM4-100,43.0,43,1,2022-02-27,2022-03-12
W001,62515-NU3-130,43.0,43,3,2022-01-09,2022-02-02
W001,67071-FX7-M,43.0,41,2,2022-01-13,2024-12-27
invalid,67186-M23-140,43.0,42,1,2022-11-29,2022-12-29
invalid,67197-990-130,43.0,42,1,2022-01-02,2022-01-30
invalid,45346-011-140,43.0,40,1,2022-05-30,2022-06-04
invalid,67391-VZ1-110,43.0,42,1,2023-07-13,2023-08-08
W001,61964-XA4-XL,43.0,40,1,2022-05-24,2022-06-25
invalid,68143-G44-75,43.0,42,1,2023-06-04,2023-07-03
W001,67751-WX3-90,43.0,42,2,2022-04-10,2022-05-21
invalid,67213-SR4-140,43.0,43,1,2022-01-02,2022-01-04
W001,47433-QT3-150,43.0,42,2,2022-02-02,2022-03-15
invalid,80397-381-130,43.0,43,1,2023-01-15,2023-04-20
W001,82478-3AR-50,43.0,36,2,2024-10-08,2026-06-12
invalid,80851-461-110,43.0,40,1,2023-11-20,2023-12-01
invalid,67048-926-85,43.0,43,1,2023-10-23,2023-11-26
W001,45346-015-85,43.0,43,1,2022-01-03,2022-02-18
W001,60325-VP1-S,43.0,42,1,2022-01-07,2022-01-25
W001,57811-NB1-140,43.0,43,3,2022-01-02,2022-01-30
invalid,67495-VZ2-100,43.0,43,2,2022-02-11,2022-05-03
invalid,52406-Q84-XL,43.0,38,3,2022-01-02,2022-07-24
W001,39973-CG8-110,43.0,42,1,2022-03-14,2022-05-03
W001,67113-VN3-120,43.0,43,1,2022-01-06,2022-04-11
invalid,52631-FU8-L,43.0,36,1,2022-01-08,2022-01-12
invalid,67048-887-85,43.0,43,1,2023-10-05,2023-11-03
W001,67392-VV2-85,43.0,42,1,2022-05-19,2022-06-27
invalid,68041-85H-100,43.0,42,3,2022-11-15,2023-01-27
invalid,68031-XD4-150,43.0,42,1,2022-08-04,2022-10-20
invalid,67472-56X-100,43.0,43,1,2022-03-21,2022-04-11
invalid,67197-990-100,43.0,43,1,2022-01-02,2022-01-10
invalid,30070-S74-XL,43.0,39,1,2023-11-27,2023-11-30
invalid,67182-GF2-140,43.0,41,1,2022-01-02,2022-01-14
invalid,67185-M23-110,43.0,42,2,2022-01-03,2022-02-13
invalid,80129-SR4-85,43.0,42,1,2022-11-18,2022-12-15
invalid,66689-WV4-50,43.0,41,1,2022-06-25,2022-07-05
invalid,80371-333-90,43.0,43,1,2023-02-16,2023-06-01
invalid,67581-PG3-130,43.0,43,1,2022-06-23,2022-07-20
W001,82484-3N3-50,43.0,32,2,2025-04-24,2026-06-10
W001,67687-G31-150,43.0,42,3,2022-04-30,2022-06-30
W001,59852-VJ7-120,43.0,42,2,2022-01-07,2022-01-24
W001,58660-WR9-M,43.0,41,1,2022-07-13,2022-08-01
W001,82484-3AG-60,43.0,41,2,2024-10-08,2026-06-10
invalid,57802-A91-100,43.0,39,1,2022-02-02,2022-03-03
invalid,67711-WZ1-75,43.0,43,1,2022-06-29,2022-07-04
invalid,67522-1HO-140,43.0,41,1,2024-01-30,2024-03-06
W001,66928-JG8-75,43.0,43,3,2022-04-12,2022-07-04
W001,67279-V98-150,43.0,43,2,2022-02-06,2022-02-25
W001,58712-76X-130,43.0,42,4,2022-01-10,2022-02-22
W001,58660-HC7-XL,43.0,39,2,2022-02-08,2022-04-14
invalid,67681-A38-130,42.0,41,1,2023-04-06,2023-05-30
invalid,67277-VQ2-120,42.0,42,2,2022-01-02,2022-03-23
invalid,67314-TL8-XXL,42.0,42,2,2022-01-16,2022-05-04
invalid,67213-J81-150,42.0,41,2,2022-01-02,2022-01-14
invalid,67257-PT0-L,42.0,40,2,2022-01-02,2022-01-16
W001,65203-VJ9-M,42.0,39,3,2022-01-08,2022-02-13
invalid,83439-531-XXL,42.0,38,1,2025-02-05,2025-11-29
invalid,67355-78M-90,42.0,40,1,2022-02-06,2022-04-25
invalid,67560-QN4-120,42.0,42,1,2022-01-03,2022-01-26
invalid,65256-PF4-140,42.0,42,1,2022-01-02,2022-01-07
invalid,66971-VG1-140,42.0,41,2,2022-01-02,2022-01-19
invalid,66921-B42-80,42.0,42,1,2022-01-02,2022-01-16
W001,67514-WX1-S,42.0,36,2,2022-06-13,2022-06-25
invalid,58660-HC7-XL,42.0,36,1,2022-06-13,2022-07-06
invalid,80521-108-90,42.0,38,1,2023-01-29,2023-03-16
W001,66994-75Z-L,42.0,38,3,2022-01-02,2022-02-07
invalid,58662-378-S,42.0,42,1,2023-05-08,2023-05-14
W001,67679-015-85,42.0,42,3,2022-04-29,2022-07-02
invalid,83843-4VO-90,42.0,42,1,2025-09-12,2025-10-19
invalid,83843-4VP-130,42.0,40,1,2025-09-12,2025-09-28
invalid,65203-VJ6-XXL,42.0,42,1,2022-01-02,2022-02-28
invalid,67681-SR4-130,42.0,41,1,2023-04-06,2023-04-30
invalid,67688-VX6-150,42.0,41,1,2022-05-20,2022-06-26
invalid,67773-WV1-85,42.0,41,1,2022-06-25,2022-07-03
invalid,59845-VK5-XS,42.0,42,1,2022-07-13,2022-09-26
W001,81535-VZ2-70,42.0,42,1,2024-10-10,2025-03-24
invalid,65602-WD5-60,42.0,42,1,2022-03-27,2022-04-10
invalid,65605-WD5-90,42.0,42,1,2022-03-09,2022-03-13
invalid,80394-260-M,42.0,41,1,2023-01-16,2023-03-15
invalid,51058-C57-100,42.0,42,1,2022-01-03,2022-02-05
invalid,67463-145-120,42.0,42,1,2023-01-14,2023-04-03
W001,60611-TX8-70,42.0,39,1,2022-03-07,2022-07-04
W001,65605-WC3-90,42.0,40,1,2022-03-09,2022-03-22
W001,82490-3AC-80,42.0,29,3,2024-10-08,2026-05-28
W001,82490-3AC-70,42.0,28,3,2024-10-08,2026-06-10
invalid,66994-XS9-XL,42.0,39,1,2023-12-12,2023-12-19
invalid,67517-WT8-120,42.0,42,1,2022-06-25,2022-07-04
invalid,67012-CP2-140,42.0,40,1,2022-01-03,2022-01-07
W001,54908-015-140,42.0,42,2,2022-01-27,2022-05-28
invalid,67980-FE5-120,42.0,42,1,2022-07-26,2022-08-30
invalid,80905-922-140,42.0,41,1,2023-11-08,2023-12-04
invalid,67092-F04-130,42.0,41,3,2022-03-25,2022-05-08
invalid,67195-015-90,42.0,41,1,2022-01-02,2022-01-08
invalid,67477-WN7-85,42.0,41,1,2022-03-06,2022-04-27
W001,67023-UT6-150,42.0,42,2,2022-01-15,2022-03-29
invalid,81093-739-140,41.0,41,1,2023-11-24,2023-12-12
W001,42067-75Z-160,41.0,38,3,2022-01-07,2022-03-21
invalid,67387-NV2-150,41.0,20,1,2022-01-19,2022-03-23
invalid,43205-011-130,41.0,38,1,2022-03-20,2022-03-30
invalid,67264-VN9-M,41.0,39,1,2022-11-09,2022-11-15
invalid,50265-75Z-XS,41.0,37,1,2023-10-13,2023-10-27
invalid,81058-539-150,41.0,40,1,2023-11-16,2023-11-22
invalid,67412-NV2-150,41.0,41,2,2022-02-06,2022-04-25
W001,44223-CW2-130,41.0,40,1,2022-05-26,2022-07-17
W001,67755-WX5-90,41.0,40,1,2022-05-10,2022-07-12
invalid,68145-011-60,41.0,41,1,2022-10-24,2022-11-20
W001,60612-TW2-110,41.0,40,1,2022-03-09,2022-03-16
invalid,67377-SR4-150,41.0,31,1,2024-02-10,2024-02-18
invalid,60535-B42-S,41.0,40,2,2022-04-06,2022-05-07
W001,62515-NU3-110,41.0,41,4,2022-01-07,2022-02-08
invalid,67387-76X-90,41.0,41,2,2023-10-20,2024-02-07
W001,56613-PF2-140,41.0,37,3,2022-01-23,2022-05-13
invalid,52399-015-XL,41.0,31,2,2022-10-04,2022-12-03
invalid,68010-XE2-110,41.0,39,1,2022-09-29,2022-10-03
invalid,67992-XE6-140,41.0,41,2,2023-06-06,2023-08-01
W001,67022-990-150,41.0,39,2,2022-01-04,2022-05-16
invalid,51058-C57-140,41.0,41,2,2022-07-10,2022-07-25
invalid,51058-011-140,41.0,39,1,2022-02-14,2022-04-27
invalid,39973-AH1-120,41.0,41,1,2022-02-08,2022-03-09
invalid,80131-214-140,41.0,40,1,2022-11-30,2022-12-12
invalid,60603-WB2-XXL,41.0,41,1,2022-04-29,2022-07-01
invalid,51057-JB4-140,41.0,41,1,2023-01-15,2023-05-28
invalid,67471-A96-120,41.0,41,1,2022-01-18,2022-03-25
invalid,80155-xw3-M,41.0,40,3,2022-11-30,2023-01-30
invalid,67146-VJ4-M,41.0,41,2,2022-01-09,2022-07-28
invalid,67475-WL6-150,41.0,40,1,2022-01-12,2022-07-04
invalid,68041-990-85,41.0,40,2,2022-07-28,2023-01-08
invalid,68076-A79-90,41.0,41,1,2022-07-28,2022-09-07
invalid,52171-VL6-90,41.0,40,1,2023-09-10,2023-10-02
invalid,67474-W83-140,41.0,41,1,2022-01-16,2022-04-06
invalid,33175-WF4-90,41.0,41,2,2022-03-21,2022-07-26
W001,82490-3AH-75,41.0,30,2,2024-11-18,2026-02-18
W001,82490-3AH-70,41.0,26,3,2024-10-14,2026-06-10
invalid,81535-1FZ-70,41.0,41,1,2024-11-04,2025-04-21
invalid,80262-234-140,41.0,40,2,2023-02-01,2023-06-03
W001,67630-990-120,41.0,41,2,2022-05-26,2022-07-05
W001,60356-VU7-150,41.0,41,1,2022-05-24,2022-06-13
W001,67472-JX7-150,41.0,40,1,2022-04-29,2022-07-09
invalid,67513-WV2-M,41.0,41,1,2022-05-23,2022-06-04
invalid,67485-001-85,41.0,39,1,2022-06-01,2022-06-16
invalid,80262-893-110,41.0,41,2,2023-12-18,2024-01-09
invalid,67866-XA4-110,41.0,41,1,2023-07-12,2023-08-25
invalid,66957-011-90,41.0,41,1,2022-01-05,2022-01-13
invalid,80277-1ST-140,41.0,41,1,2024-01-05,2024-03-06
W001,66973-76X-110,41.0,41,3,2022-01-02,2022-02-11
W001,82485-3BJ-NB,41.0,35,2,2024-10-08,2026-06-03
W001,82485-3BA-NB,41.0,36,2,2024-10-08,2026-05-18
invalid,57538-PF4-90,41.0,40,1,2022-01-22,2022-07-14
invalid,80411-365-85,41.0,39,1,2023-05-02,2024-03-05
invalid,67737-WX5-50,41.0,40,1,2022-05-19,2022-07-13
W001,82484-3BI-NB,41.0,40,2,2024-10-08,2026-02-05
W001,82307-2ET-60,41.0,41,1,2024-10-26,2025-04-13
W001,81496-SR4-140,41.0,36,1,2024-11-23,2024-12-06
invalid,62027-WW6-60,41.0,41,1,2022-05-23,2022-06-07
invalid,67581-PG3-120,41.0,39,1,2022-06-22,2022-07-27
invalid,67598-WS4-50,41.0,41,1,2022-05-03,2022-07-06
invalid,67692-62L-130,41.0,41,1,2022-04-15,2022-06-01
W001,81538-EF5-50,41.0,41,2,2024-10-12,2025-04-09
invalid,62617-XQ7-XXL,41.0,40,1,2022-07-27,2022-09-25
invalid,83843-4VP-150,41.0,41,1,2025-09-15,2025-11-22
W001,30810-WQ4-XL,41.0,41,2,2022-04-18,2022-07-22
invalid,80117-014-M,41.0,40,2,2023-07-05,2023-07-20
invalid,80129-M23-110,41.0,40,2,2022-12-09,2023-02-07
invalid,80046-75Z-L,40.0,36,1,2022-11-27,2022-11-29
invalid,80039-XU1-L,40.0,34,1,2022-10-29,2022-10-31
invalid,80039-XT1-L,40.0,33,1,2023-11-01,2023-11-07
invalid,80039-XW4-L,40.0,35,1,2022-10-26,2022-10-27
invalid,60600-VV4-110,40.0,40,1,2022-04-21,2022-04-28
invalid,80040-M23-120,40.0,40,1,2022-10-21,2022-10-25
W001,80039-2CH-L,40.0,35,1,2024-12-18,2024-12-21
invalid,80039-XS9-L,40.0,32,1,2024-11-11,2024-11-12
invalid,67704-WV1-110,40.0,40,1,2022-04-18,2022-05-03
invalid,81181-704-110,40.0,40,2,2023-11-21,2024-01-04
invalid,80054-75Z-90,40.0,40,3,2022-10-17,2023-01-26
invalid,80089-G44-110,40.0,40,1,2022-10-19,2022-10-26
invalid,67378-WH9-140,40.0,39,1,2022-02-16,2022-07-04
invalid,67300-WD8-110,40.0,40,1,2022-01-03,2022-01-17
W001,42067-75Z-130,40.0,40,2,2022-01-02,2022-02-23
W001,43197-A79-110,40.0,39,1,2022-07-15,2022-08-01
invalid,67297-NZ5-XL,40.0,40,1,2022-01-23,2022-02-03
invalid,67279-659-100,40.0,40,1,2024-01-09,2024-01-26
invalid,67392-WC9-85,40.0,38,1,2022-03-22,2022-07-27
invalid,60600-VS7-100,40.0,40,1,2022-03-09,2022-03-28
invalid,65602-VM8-50,40.0,40,1,2022-01-03,2022-02-24
invalid,80018-025-XL,40.0,38,1,2023-10-14,2023-10-24
invalid,80039-FU8-L,40.0,34,1,2022-12-29,2023-01-03
invalid,80039-75Z-XL,40.0,34,1,2023-11-27,2023-11-29
invalid,80039-XT2-XL,40.0,33,1,2022-11-06,2022-11-07
invalid,68143-GF2-70,40.0,40,1,2023-05-26,2023-06-10
W001,59852-VJ6-140,40.0,39,6,2022-01-07,2022-02-15
invalid,80283-258-90,40.0,39,1,2023-02-17,2023-06-16
W001,66714-011-85,40.0,38,1,2022-04-24,2022-06-15
invalid,80386-318-110,40.0,39,1,2023-05-24,2023-05-31
invalid,67412-SR4-150,40.0,40,1,2022-02-02,2022-03-04
W001,60612-VS5-90,40.0,40,1,2022-07-15,2022-07-19
invalid,51058-SR4-130,40.0,39,1,2023-12-28,2023-12-30
W001,82261-76X-140,40.0,40,1,2024-10-06,2024-10-15
invalid,67207-GF2-85,40.0,39,1,2022-01-02,2022-01-10
W001,66360-VJ4-120,40.0,40,1,2022-03-09,2022-07-26
W001,59852-VM2-110,40.0,40,8,2022-01-10,2022-02-14
W001,59852-VP1-130,40.0,39,7,2022-01-12,2022-02-15
invalid,60600-VV2-110,40.0,39,1,2022-01-21,2022-02-28
invalid,67455-WH8-85,40.0,40,2,2022-03-27,2022-04-10
invalid,67213-015-130,40.0,37,1,2022-01-03,2022-01-06
invalid,67440-001-70,40.0,39,2,2022-03-20,2022-04-13
invalid,67557-SK3-60,40.0,40,2,2022-01-05,2022-04-18
invalid,33218-WL0-140,40.0,39,1,2022-03-16,2022-04-19
W001,44403-QY5-L,40.0,38,2,2022-01-16,2022-07-19
invalid,80983-846-100,40.0,40,1,2023-12-27,2024-01-04
invalid,67463-260-120,40.0,40,1,2023-03-20,2023-04-03
W001,44403-FU8-S,40.0,39,5,2022-01-10,2022-02-17
invalid,51057-HI7-140,40.0,38,1,2023-01-20,2023-07-03
invalid,80131-221-120,40.0,39,1,2022-12-15,2022-12-26
W001,82488-3N3-XXS,40.0,39,1,2025-07-31,2026-06-17
W001,82485-3AZ-60,40.0,36,1,2024-12-10,2026-05-04
W001,33175-WQ4-160,40.0,37,1,2022-05-24,2022-06-06
invalid,80155-XU5-M,40.0,36,4,2022-10-25,2023-01-16
invalid,67496-38T-110,40.0,40,1,2022-05-27,2022-05-31
invalid,80264-HI7-110,40.0,40,2,2022-12-27,2023-03-16
invalid,80152-76X-80,40.0,38,1,2023-01-16,2023-01-23
invalid,67986-011-130,40.0,39,1,2022-07-28,2022-11-13
invalid,67496-38T-120,40.0,40,1,2022-01-29,2022-03-16
invalid,68014-XE4-120,40.0,39,1,2023-01-07,2023-01-09
W001,67294-WB2-L,40.0,38,1,2022-04-30,2022-05-15
W001,66073-KL4-150,40.0,38,1,2022-07-18,2022-07-19
invalid,81366-1CT-100,40.0,39,1,2024-01-11,2024-03-06
invalid,30070-WF3-XXL,40.0,30,1,2022-08-20,2022-11-21
invalid,67478-A96-150,40.0,40,1,2022-09-05,2022-11-06
invalid,80543-026-100,40.0,40,1,2023-01-20,2023-02-16
invalid,67189-VH3-85,40.0,40,1,2022-01-02,2022-01-13
invalid,67470-119-150,40.0,40,1,2023-05-26,2023-06-04
invalid,67472-479-150,40.0,37,1,2023-04-06,2023-05-07
invalid,67470-117-150,40.0,40,1,2023-05-25,2023-06-05
W001,67791-WT7-85,40.0,40,1,2022-06-20,2022-07-15
W001,67326-FE7-85,40.0,38,1,2022-03-11,2022-04-29
W001,82478-3AL-60,40.0,30,2,2024-10-03,2026-05-31
invalid,67558-NN0-130,40.0,40,1,2022-12-26,2023-05-09
W001,45850-A91-130,40.0,36,1,2022-03-23,2022-05-11
invalid,80649-420-110,40.0,40,1,2023-07-11,2023-07-17
invalid,45346-VX9-140,40.0,39,1,2022-01-17,2022-03-02
invalid,67361-PH7-150,40.0,40,1,2022-04-04,2022-04-29
invalid,80080-TV4-110,40.0,40,1,2022-10-19,2022-11-06
invalid,80054-75Z-120,40.0,40,2,2022-10-14,2022-11-23
invalid,67379-PH7-85,40.0,39,1,2022-01-26,2022-04-01
invalid,83312-2JQ-XS,40.0,40,1,2025-01-29,2025-03-14
W001,67704-WV1-110,40.0,40,1,2022-07-05,2022-07-12
invalid,80077-TV4-100,40.0,39,1,2022-10-19,2022-10-24
invalid,60612-VW4-85,40.0,40,1,2022-04-21,2022-05-05
invalid,60612-VS5-100,40.0,40,1,2022-07-16,2022-07-19
W001,82485-3BC-50,40.0,35,3,2024-10-08,2026-06-18
invalid,66994-VK5-XL,40.0,36,1,2022-03-27,2022-07-14
invalid,80852-45H-100,40.0,39,1,2023-11-13,2024-01-06
invalid,80852-C57-100,40.0,40,1,2023-10-15,2023-10-21
invalid,60413-B42-85,39.0,38,1,2022-01-02,2022-01-07
invalid,83444-2NP-L,39.0,39,1,2025-01-29,2025-03-20
invalid,44403-QY5-L,39.0,35,1,2022-01-02,2022-01-17
invalid,80032-XW4-140,39.0,39,1,2022-11-26,2022-11-30
invalid,42318-75Z-75,39.0,39,1,2022-06-06,2022-07-13
invalid,48151-HL3-80,39.0,38,1,2022-01-12,2022-04-12
invalid,62423-015-110,39.0,36,1,2022-01-02,2022-01-03
invalid,62423-015-80,39.0,39,1,2022-07-06,2022-08-01
invalid,67616-WE3-90,39.0,39,1,2022-10-15,2022-10-27
invalid,65602-VM9-85,39.0,34,1,2022-01-18,2022-01-25
invalid,67255-75Z-M,39.0,37,2,2022-01-19,2022-02-21
invalid,67430-WM4-90,39.0,37,1,2022-02-03,2022-07-10
invalid,67226-M23-80,39.0,37,1,2022-01-03,2022-01-10
invalid,50282-PF2-XXL,39.0,38,1,2022-01-04,2022-07-26
invalid,67419-VX9-110,39.0,39,1,2023-05-27,2023-06-01
W001,67070-48Q-XS,39.0,35,1,2022-01-03,2022-05-26
W001,82478-3MY-70,39.0,28,1,2025-04-24,2026-02-13
invalid,80458-015-140,39.0,38,1,2023-07-05,2023-07-08
invalid,67541-JG8-140,39.0,39,2,2022-02-23,2022-04-10
invalid,36086-B42-130,39.0,36,2,2022-01-02,2022-02-07
invalid,67186-GF2-100,39.0,39,2,2022-11-23,2022-12-09
invalid,80137-015-85,39.0,38,1,2022-10-17,2023-04-25
invalid,67216-HI2-140,39.0,38,1,2022-07-18,2022-07-22
invalid,60600-VV2-100,39.0,38,1,2022-10-04,2022-10-15
invalid,42067-75Z-90,39.0,38,3,2022-07-26,2023-12-04
invalid,67437-VZ2-90,39.0,39,1,2022-01-30,2022-05-09
W001,67392-78M-100,39.0,38,1,2022-07-06,2022-07-31
W001,53216-011-100,39.0,38,1,2022-01-05,2022-01-19
invalid,67537-365-120,39.0,37,1,2023-02-07,2023-02-20
W001,67157-HI2-150,39.0,39,3,2022-01-03,2022-02-23
W001,67468-EF5-140,39.0,39,1,2022-03-12,2022-05-01
invalid,67486-NV2-85,39.0,39,2,2022-02-16,2022-06-03
W001,67593-GD4-140,39.0,39,1,2022-07-08,2022-08-01
W001,67863-WX2-100,39.0,39,1,2022-07-07,2022-07-12
invalid,82932-3LL-90,39.0,39,1,2025-11-05,2026-02-15
W001,82721-39N-90,39.0,39,1,2024-12-30,2025-04-13
W001,66994-VP1-M,39.0,38,2,2022-01-09,2022-01-31
invalid,80852-A38-110,39.0,37,2,2023-10-04,2024-01-11
invalid,67770-SR4-75,39.0,38,1,2022-03-30,2022-04-22
W001,67887-WW3-130,39.0,36,2,2022-06-20,2022-08-02
invalid,57811-XC5-110,39.0,39,1,2022-09-01,2022-11-17
invalid,67773-WV1-60,39.0,39,1,2022-06-25,2022-07-03
invalid,67373-78M-150,39.0,39,1,2022-02-05,2022-05-01
invalid,80024-025-130,39.0,36,1,2022-10-24,2022-10-25
invalid,54906-A79-150,39.0,38,1,2022-01-03,2022-07-17
invalid,67860-WY2-150,39.0,38,1,2022-05-19,2022-06-24
invalid,67290-VP5-60,39.0,38,1,2022-01-03,2022-01-18
invalid,67377-145-85,39.0,38,1,2024-01-22,2024-03-05
W001,67680-WL5-90,38.0,37,2,2022-05-16,2022-06-10
invalid,80103-XU1-M,38.0,38,2,2022-12-08,2023-11-06
invalid,60535-B42-L,38.0,38,1,2022-01-02,2022-01-21
invalid,67387-VH3-130,38.0,38,1,2022-12-02,2022-12-30
invalid,67385-VX9-85,38.0,38,1,2022-05-22,2022-07-26
W001,65290-GK3-80,38.0,35,3,2022-02-22,2022-04-19
invalid,66736-XH8-110,38.0,38,1,2022-08-29,2022-09-18
invalid,67603-015-110,38.0,37,1,2022-07-10,2022-07-27
invalid,65640-SR4-80,38.0,38,1,2022-01-03,2022-01-19
invalid,80046-714-L,38.0,31,1,2023-10-14,2023-10-23
W001,81553-1FZ-NB,38.0,38,1,2024-10-14,2025-02-19
invalid,67247-GF2-90,38.0,36,1,2022-01-06,2022-01-10
invalid,59827-B42-100,38.0,36,1,2022-01-03,2022-01-24
invalid,67514-WV1-L,38.0,38,1,2022-06-26,2022-07-09
invalid,82228-RS8-NB,38.0,38,1,2024-10-26,2024-12-19
invalid,59845-TN9-L,38.0,35,1,2022-01-08,2022-05-08
invalid,59956-JD1-90,38.0,38,1,2022-07-17,2022-09-02
W001,60310-FX9-M,38.0,36,3,2022-01-03,2022-02-02
invalid,65203-75Z-XXL,38.0,33,1,2022-01-13,2022-02-12
invalid,81371-1AX-150,38.0,38,1,2024-01-18,2024-03-01
invalid,62027-PB4-50,38.0,37,1,2022-04-20,2022-05-19
invalid,67969-XL5-130,38.0,36,1,2022-12-08,2022-12-16
W001,44403-VJ6-L,38.0,37,2,2022-01-07,2022-02-23
invalid,80902-906-85,38.0,38,1,2023-07-20,2023-08-27
invalid,52605-Q84-2,38.0,34,1,2022-01-03,2022-01-17
invalid,80898-AD5-85,38.0,38,1,2023-08-13,2023-08-22
invalid,67399-VU6-85,38.0,38,2,2022-03-28,2022-07-26
invalid,65576-WM5-90,38.0,36,1,2022-02-02,2022-03-23
W001,67501-015-120,38.0,33,1,2025-01-08,2025-01-09
invalid,80468-367-120,38.0,37,1,2023-02-16,2023-03-13
W001,30810-16N-XL,38.0,33,3,2022-01-06,2022-05-04
invalid,46239-1DH-85,38.0,35,1,2024-01-22,2024-03-07
invalid,46153-B42-90,38.0,38,1,2022-03-21,2022-03-31
invalid,67377-G44-120,38.0,37,1,2022-12-29,2023-01-04
invalid,67219-205-150,38.0,38,1,2023-01-03,2023-01-07
invalid,67446-WM7-75,38.0,38,1,2022-02-28,2022-03-18
W001,67085-76X-90,38.0,38,5,2022-01-02,2022-02-23
invalid,80487-332-150,38.0,38,1,2023-01-27,2023-05-08
invalid,82036-1VG-NB,38.0,38,1,2024-09-08,2025-01-08
invalid,68042-XF3-130,38.0,37,1,2022-10-26,2022-10-27
invalid,68027-184-85,38.0,38,1,2022-09-22,2022-10-23
invalid,80555-166-120,38.0,37,1,2023-07-18,2023-07-27
invalid,80492-HI7-150,38.0,37,2,2023-03-24,2023-06-16
invalid,33175-U74-100,38.0,38,1,2022-01-02,2022-07-15
W001,66356-VJ4-M,38.0,37,6,2022-01-07,2022-08-03
invalid,60603-VU7-XXL,38.0,38,1,2022-01-14,2022-04-01
invalid,66994-VJ7-M,37.0,30,1,2022-01-06,2022-07-27
W001,82490-3AC-90,37.0,21,2,2024-10-08,2026-05-28
invalid,81553-76X-NB,37.0,37,1,2024-09-29,2025-11-27
invalid,67275-78M-110,37.0,37,2,2022-01-02,2022-02-15
invalid,59852-VK5-100,37.0,36,1,2022-01-09,2022-01-17
invalid,80493-1CH-100,37.0,36,1,2024-01-17,2024-03-07
invalid,67217-VJ7-85,37.0,37,2,2022-01-31,2022-12-28
invalid,65203-FU8-XS,37.0,32,2,2022-04-08,2022-07-18
W001,30070-TD4-XXL,37.0,34,1,2022-01-02,2022-07-27
invalid,67373-VX9-85,37.0,36,1,2022-02-06,2022-04-28
W001,82048-2EL-120,37.0,37,1,2025-01-07,2025-01-08
W001,60599-uv8-85,37.0,37,2,2022-01-05,2022-02-17
invalid,80367-374-90,37.0,37,1,2023-01-31,2023-07-07
invalid,67559-QN4-150,37.0,32,2,2022-01-08,2022-05-31
invalid,67455-WL0-50,37.0,35,1,2022-01-15,2022-06-19
invalid,80533-1OD-100,37.0,37,1,2024-01-19,2024-03-06
W001,52408-Q84-120,37.0,37,7,2022-01-24,2022-02-23
invalid,68422-VU6-90,37.0,37,1,2023-01-15,2023-04-04
W001,65062-VK7-140,37.0,34,4,2022-01-04,2022-02-02
invalid,59852-VK6-100,37.0,35,1,2022-11-07,2022-11-14
invalid,68041-990-110,37.0,36,3,2022-11-25,2022-12-15
invalid,80130-VX9-100,37.0,37,1,2022-10-25,2022-11-15
invalid,67513-WX1-L,37.0,35,1,2022-05-17,2022-06-01
invalid,59852-QX6-100,37.0,35,2,2022-05-26,2022-11-04
invalid,80293-247-M,37.0,32,3,2023-01-18,2023-02-03
invalid,67387-VX9-100,37.0,37,1,2022-11-22,2023-05-23
invalid,81369-1KJ-110,37.0,36,1,2024-01-17,2024-02-28
invalid,67862-WY2-120,37.0,36,1,2022-05-18,2022-05-25
invalid,80655-450-150,37.0,37,3,2023-06-30,2024-01-06
invalid,60611-XF5-120,37.0,35,1,2023-01-02,2023-01-09
W001,67480-SR4-110,37.0,32,1,2022-03-14,2022-04-28
invalid,80283-A38-140,37.0,37,1,2023-02-19,2023-06-11
invalid,67514-WX1-XL,37.0,37,1,2022-06-28,2022-07-23
invalid,67513-WX1-M,37.0,36,1,2022-05-18,2022-06-03
W001,81553-1FZ-70,37.0,37,1,2024-10-14,2024-12-16
W001,61124-D47-80,37.0,36,1,2022-01-03,2022-01-12
invalid,67994-XB5-85,37.0,36,1,2022-10-24,2023-01-02
invalid,67407-WW6-90,37.0,35,1,2022-04-18,2022-06-17
W001,30810-WQ4-XXL,36.0,29,1,2022-04-03,2022-07-11
invalid,67594-AT3-85,36.0,36,1,2022-04-16,2022-07-25
invalid,65602-WD5-85,36.0,36,1,2022-02-26,2022-03-15
invalid,60599-WV1-90,36.0,36,1,2022-05-12,2022-06-20
invalid,46239-A91-90,36.0,36,1,2022-11-30,2022-12-09
invalid,67387-SR4-110,36.0,34,2,2023-01-30,2023-07-24
invalid,81152-798-110,36.0,36,1,2023-11-22,2023-12-01
invalid,81154-801-100,36.0,36,1,2023-11-15,2023-11-21
invalid,47684-VP6-85,36.0,35,1,2022-03-10,2022-03-16
invalid,52733-AN8-2,36.0,36,1,2022-06-17,2022-07-26
invalid,80533-1EV-110,36.0,35,1,2024-01-18,2024-03-07
W001,67513-WX1-S,36.0,35,1,2022-06-17,2022-08-01
invalid,80586-UZ2-120,36.0,35,1,2023-04-05,2023-04-17
W001,82490-3AC-60,36.0,24,1,2024-10-08,2026-02-12
W001,82485-3AV-NB,36.0,33,1,2024-10-08,2026-05-15
invalid,82035-1UN-70,36.0,36,2,2024-09-07,2025-01-26
invalid,66974-JB3-110,36.0,35,2,2022-01-18,2022-02-22
invalid,60611-VW7-85,36.0,35,1,2022-01-23,2022-02-28
invalid,60611-VW7-90,36.0,36,1,2022-04-22,2022-04-30
invalid,81010-548-90,36.0,33,1,2023-11-15,2023-11-16
invalid,80983-853-90,36.0,36,2,2024-01-04,2024-01-26
invalid,60611-VS5-160,36.0,33,1,2022-07-14,2022-07-17
invalid,68015-SR4-140,36.0,36,1,2022-11-24,2022-12-02
W001,83308-2XU-S,36.0,33,1,2024-12-07,2025-01-02
invalid,64979-16N-XL,36.0,34,1,2022-01-03,2022-07-28
invalid,44403-Q84-XS,36.0,33,1,2022-01-15,2022-03-30
invalid,44403-714-L,36.0,33,1,2023-11-26,2023-11-28
W001,49027-A91-85,36.0,34,1,2022-01-03,2022-06-27
invalid,67404-WX1-120,36.0,36,1,2022-06-25,2022-07-15
W001,81339-2NM-120,36.0,36,1,2025-03-16,2025-03-18
W001,67490-VU9-85,36.0,36,2,2022-05-19,2022-06-08
W001,81339-2NM-130,36.0,36,1,2025-03-17,2025-03-21
invalid,67299-NM9-85,36.0,35,1,2022-01-07,2022-04-02
invalid,59852-716-100,36.0,36,1,2024-01-03,2024-01-05
W001,67878-VU6-150,36.0,35,1,2022-07-08,2022-07-11
invalid,67092-UD1-120,36.0,36,4,2022-01-06,2022-05-29
invalid,67023-UT6-110,36.0,35,1,2022-03-09,2022-03-25
W001,66944-EF5-50,36.0,36,1,2022-03-17,2022-05-10
invalid,60600-VS9-120,36.0,36,1,2022-03-09,2022-03-15
invalid,62027-WG2-80,36.0,35,1,2023-02-03,2023-03-16
invalid,68004-XG5-85,36.0,36,1,2022-11-01,2022-11-30
invalid,42067-75Z-100,36.0,30,1,2023-11-13,2023-11-15
invalid,48879-FX7-S,36.0,35,2,2022-01-09,2024-12-10
invalid,67241-SR4-85,36.0,33,1,2022-02-02,2022-02-21
invalid,65714-85H-140,36.0,36,3,2022-05-24,2023-09-07
W001,65603-B42-90,36.0,36,1,2022-01-02,2022-01-11
invalid,67217-75Z-85,36.0,36,1,2022-12-27,2022-12-28
invalid,67209-617-120,36.0,36,1,2023-11-26,2023-11-30
W001,47929-S74-M,36.0,34,3,2022-01-11,2022-07-19
W001,66356-VJ4-XL,36.0,35,3,2022-01-06,2022-05-09
invalid,67217-XU1-90,36.0,36,1,2022-12-27,2022-12-28
W001,67086-VH4-100,36.0,36,3,2022-01-03,2022-01-26
invalid,67483-SR4-85,36.0,28,1,2023-02-21,2023-08-13
invalid,59852-XS9-100,36.0,31,1,2022-10-21,2022-10-23
invalid,67209-871-120,36.0,35,1,2023-11-30,2023-12-05
W001,60600-VU6-120,36.0,36,1,2022-01-03,2022-02-16
invalid,67217-XU5-85,36.0,36,1,2023-01-03,2023-01-05
invalid,37028-BS8-100,36.0,36,1,2022-10-22,2022-10-24
invalid,67339-WE1-85,36.0,35,1,2022-03-26,2022-03-31
invalid,67339-WE2-90,36.0,36,1,2022-03-09,2022-03-27
invalid,59852-XT9-160,36.0,34,2,2023-11-25,2023-11-29
invalid,59852-XT2-90,36.0,34,1,2023-11-30,2023-12-01
W001,82478-3AL-50,36.0,23,2,2024-10-08,2026-04-17
W001,82478-3AL-70,36.0,30,2,2024-10-03,2026-06-03
invalid,65785-GK3-OS,36.0,35,2,2022-03-27,2022-04-08
W001,67427-VS9-100,36.0,36,1,2022-04-30,2022-05-03
invalid,67186-GF2-85,36.0,36,1,2022-11-11,2022-11-30
W001,67745-WX4-85,36.0,36,2,2022-06-20,2022-07-01
invalid,65203-FU8-XL,36.0,32,1,2022-01-17,2022-02-16
invalid,62373-PG5-130,36.0,33,1,2022-03-11,2022-03-19
W001,59852-TN7-160,36.0,35,1,2022-01-05,2022-08-01
invalid,67853-WW6-150,36.0,36,1,2022-04-10,2022-05-02
invalid,45346-NV2-120,36.0,34,1,2022-05-30,2022-06-03
invalid,67365-VW3-90,35.0,35,2,2022-03-20,2022-05-12
invalid,67377-HI7-130,35.0,33,1,2023-05-26,2023-05-31
invalid,67385-G31-85,35.0,34,1,2022-05-08,2022-07-27
invalid,45346-GK3-80,35.0,33,1,2022-05-28,2022-07-27
invalid,67373-78M-85,35.0,35,1,2022-02-12,2022-04-28
invalid,83843-4VO-160,35.0,35,1,2025-09-16,2025-11-28
invalid,60599-PH7-100,35.0,33,1,2022-03-10,2022-03-24
W001,40957-M23-80,35.0,34,1,2022-02-10,2022-02-22
invalid,47433-WK8-150,35.0,34,1,2022-01-18,2022-03-11
invalid,80040-GF2-130,35.0,35,1,2022-09-21,2022-10-08
invalid,47433-VH0-90,35.0,35,1,2022-01-12,2022-02-17
W001,68133-XB2-110,35.0,34,1,2022-07-14,2022-08-02
invalid,60603-WB2-L,35.0,32,3,2022-02-27,2022-04-20
W001,54062-NB1-150,35.0,33,2,2022-01-03,2022-01-29
invalid,68026-GF2-85,35.0,35,1,2022-10-17,2022-11-07
W001,68133-XB2-120,35.0,34,1,2022-07-14,2022-08-01
W001,67023-TW5-90,35.0,35,2,2022-01-13,2022-02-25
W001,59852-VL9-160,35.0,35,6,2022-01-05,2022-02-02
invalid,67470-ST6-110,35.0,34,1,2022-01-03,2022-01-26
W001,67555-WM6-80,35.0,35,1,2022-03-09,2022-03-30
W001,33218-VF3-160,35.0,35,1,2022-03-09,2022-03-31
invalid,67435-WQ1-XXS,35.0,35,1,2022-05-26,2022-07-01
invalid,57538-GD6-85,35.0,34,1,2022-01-06,2022-04-28
invalid,80492-262-150,35.0,34,1,2023-03-23,2023-04-27
invalid,67534-85H-90,35.0,34,1,2022-01-18,2022-02-16
invalid,67430-WM6-75,35.0,34,1,2022-02-01,2022-02-14
invalid,50265-XS8-XL,35.0,31,1,2022-11-24,2022-12-14
invalid,67219-211-150,35.0,34,1,2023-07-11,2023-08-22
invalid,66714-SR4-140,35.0,33,1,2022-03-14,2022-03-25
W001,82484-3N3-60,35.0,26,1,2025-04-24,2026-06-10
invalid,62027-WB2-90,35.0,35,1,2022-02-05,2022-02-09
W001,67580-PM8-150,35.0,34,1,2022-06-25,2022-07-31
W001,61948-WW6-XL,35.0,35,1,2022-06-19,2022-07-08
invalid,81092-1AU-140,35.0,35,1,2023-10-11,2023-10-29
invalid,61656-SU4-100,35.0,35,1,2023-09-16,2023-10-02
invalid,80902-910-85,35.0,35,1,2023-08-15,2023-10-07
invalid,68015-GF2-130,35.0,35,2,2022-10-05,2022-11-29
invalid,62027-VU6-70,35.0,35,1,2022-01-06,2022-02-01
invalid,52309-WQ9-S,35.0,27,3,2022-07-18,2022-08-01
invalid,67533-VZ1-85,35.0,33,1,2022-03-03,2022-03-21
invalid,48080-HI2-150,35.0,34,1,2022-01-23,2022-03-09
invalid,80293-247-L,35.0,34,1,2023-01-16,2023-01-19
invalid,67472-VX7-85,35.0,35,1,2022-04-28,2022-05-04
W001,60600-VU7-110,35.0,34,1,2022-01-09,2022-02-20
invalid,67480-RT9-120,35.0,35,1,2022-03-03,2022-04-04
W001,67514-WT8-M,35.0,33,3,2022-07-01,2022-08-02
invalid,80631-78M-120,35.0,35,1,2023-07-01,2023-07-10
invalid,67513-WV1-S,35.0,34,2,2022-06-23,2022-07-29
invalid,80649-433-140,35.0,35,1,2023-08-16,2023-09-12
invalid,81553-1FZ-50,35.0,35,1,2025-04-17,2025-05-17
invalid,60008-QY5-75,35.0,34,1,2022-01-04,2022-07-23
invalid,67326-FE7-85,35.0,35,1,2022-04-28,2022-06-18
invalid,44403-VJ7-M,35.0,29,1,2022-01-10,2022-07-16
invalid,80103-75Z-M,35.0,34,1,2022-10-12,2022-10-17
invalid,80054-AN8-100,35.0,34,2,2022-12-14,2023-01-13
invalid,67517-WX1-140,35.0,34,2,2022-06-25,2023-09-12
W001,82683-2KM-60,35.0,35,1,2025-04-07,2025-04-15
W001,67599-TZ2-XL,35.0,34,1,2022-06-29,2022-07-25
invalid,67631-WW6-S,35.0,35,3,2022-04-07,2022-07-08
invalid,67961-06G-140,35.0,35,1,2022-12-30,2023-01-08
invalid,67513-SK3-S,35.0,35,1,2022-01-28,2022-04-29
W001,59845-VJ6-XS,35.0,22,2,2022-01-05,2022-02-19
invalid,66930-EF5-80,35.0,35,1,2022-06-21,2022-10-14
invalid,68027-189-110,34.0,34,1,2023-01-05,2023-01-09
W001,67300-VJ3-140,34.0,34,1,2022-05-24,2022-06-03
invalid,40957-A91-85,34.0,31,1,2022-06-01,2022-07-18
W001,67558-GD8-150,34.0,34,1,2022-02-06,2022-07-06
invalid,66359-VJ4-S,34.0,33,1,2022-01-07,2022-08-01
invalid,52121-NU7-85,34.0,34,1,2022-08-03,2022-08-31
invalid,80134-XT3-100,34.0,33,1,2022-12-09,2022-12-19
W001,82478-3AQ-70,34.0,23,2,2024-10-08,2026-06-18
W001,50769-011-XS,34.0,28,1,2022-05-09,2022-07-31
invalid,45477-J81-110,34.0,34,1,2022-01-04,2022-02-01
invalid,57726-GA5-100,34.0,34,1,2022-01-05,2022-01-31
invalid,39973-AH1-70,34.0,34,2,2022-01-11,2023-01-06
invalid,67866-990-140,34.0,33,1,2023-07-09,2024-03-05
invalid,67680-WY7-90,34.0,34,1,2022-04-29,2022-05-16
W001,67387-76X-110,34.0,32,2,2022-02-16,2022-04-10
invalid,82036-22L-70,34.0,34,1,2024-08-30,2025-01-03
invalid,66928-JG8-70,34.0,34,2,2022-04-21,2022-06-13
invalid,68172-XJ4-60,34.0,34,1,2022-11-02,2022-11-27
invalid,80005-017-150,34.0,30,1,2022-09-21,2022-10-06
invalid,80942-GK3-140,34.0,29,1,2023-08-19,2023-10-12
W001,33175-S74-130,34.0,34,2,2022-01-06,2022-05-01
W001,66930-SR4-80,34.0,34,2,2022-01-18,2022-06-28
invalid,67084-TL8-XL,34.0,31,1,2022-10-12,2022-10-17
invalid,42318-75Z-60,34.0,32,3,2022-01-02,2022-07-27
invalid,67472-WZ4-85,34.0,34,1,2022-05-09,2022-06-16
invalid,41378-M23-110,34.0,34,2,2022-12-02,2022-12-16
invalid,67122-PT0-130,34.0,32,3,2022-01-02,2022-01-19
invalid,67419-GK3-140,34.0,34,1,2022-06-24,2022-07-13
invalid,68014-XH8-110,34.0,34,1,2023-01-03,2023-01-05
invalid,80255-GF2-130,34.0,34,1,2023-01-16,2023-01-19
invalid,54062-NB1-150,34.0,32,1,2022-01-06,2022-01-21
W001,45850-011-150,34.0,32,1,2022-03-12,2022-06-20
W001,67287-NG6-130,34.0,34,3,2022-02-06,2022-05-27
W001,82488-3AH-XS,34.0,26,3,2024-10-14,2026-06-12
invalid,65576-328-80,34.0,34,1,2023-02-06,2023-04-14
W001,82485-3AV-70,34.0,31,2,2024-10-08,2026-06-03
invalid,65576-WM4-50,34.0,34,1,2022-02-02,2022-03-15
invalid,67387-VZ1-100,34.0,33,1,2022-02-06,2022-03-15
invalid,67503-NV2-130,34.0,34,1,2022-01-05,2022-02-26
invalid,67284-NH9-85,34.0,32,1,2023-09-22,2023-12-04
invalid,54907-M23-90,34.0,34,2,2022-01-03,2022-07-26
invalid,66954-SR4-60,34.0,33,1,2022-01-02,2022-01-06
W001,82019-1VP-NB,34.0,34,1,2024-10-13,2025-01-18
W001,81553-EF5-NB,34.0,34,1,2024-10-12,2025-02-09
invalid,60008-VJ8-50,34.0,33,2,2022-01-03,2022-07-19
W001,67274-VP5-140,34.0,34,3,2022-02-19,2022-05-04
W001,60600-VW2-110,33.0,32,1,2022-01-06,2022-02-20
invalid,67581-PG3-150,33.0,33,1,2022-06-22,2022-07-27
invalid,46153-30H-90,33.0,33,1,2024-01-23,2024-03-02
invalid,46153-1AY-90,33.0,33,1,2024-01-23,2024-03-03
invalid,46153-1GR-90,33.0,32,1,2024-01-17,2024-03-06
invalid,80045-FX9-M,33.0,30,1,2023-10-19,2023-10-25
invalid,80044-VJ7-100,33.0,31,1,2022-12-20,2022-12-27
invalid,47251-GY7-50,33.0,32,1,2022-04-21,2022-05-02
invalid,67056-76X-130,33.0,33,1,2022-01-02,2022-01-31
invalid,60600-XE2-130,33.0,27,1,2023-04-15,2023-04-16
W001,66936-XJ3-60,33.0,33,1,2022-07-13,2022-07-31
invalid,59956-82F-130,33.0,33,1,2022-01-23,2022-02-09
invalid,59956-A91-120,33.0,28,1,2022-04-23,2022-05-02
W001,82585-3BC-75,33.0,21,2,2024-10-08,2026-06-10
invalid,40152-VZ1-7,33.0,32,2,2022-07-13,2022-11-15
W001,65714-85H-130,33.0,33,2,2022-01-03,2022-05-27
invalid,80653-437-110,33.0,30,2,2023-06-16,2023-06-30
invalid,67277-VP4-120,33.0,33,1,2022-01-05,2022-01-19
invalid,81075-C57-150,33.0,31,1,2023-11-22,2023-11-29
invalid,68143-GF2-75,33.0,33,1,2023-06-18,2023-06-30
invalid,67706-WY2-90,33.0,31,1,2022-05-25,2022-06-24
invalid,67186-M23-100,33.0,32,1,2022-11-28,2022-12-29
invalid,60600-VV2-130,33.0,33,1,2022-05-26,2022-05-29
W001,44403-QX6-S,33.0,32,3,2022-01-06,2022-08-02
invalid,67048-T07-110,33.0,32,1,2022-10-17,2022-10-20
invalid,82026-1VP-60,33.0,33,1,2025-06-05,2025-09-25
invalid,47761-VP6-130,33.0,29,1,2022-03-09,2022-03-15
invalid,67472-NV2-120,33.0,33,1,2022-05-23,2022-05-30
W001,67525-C57-85,33.0,33,2,2022-04-06,2022-06-22
invalid,67299-PF4-100,33.0,32,1,2022-05-06,2022-05-30
invalid,67555-WC3-90,33.0,33,1,2022-02-03,2022-04-29
invalid,60600-VV4-130,33.0,32,1,2022-05-28,2022-06-01
W001,82478-3AQ-60,33.0,24,2,2024-10-08,2026-06-10
invalid,60444-SA3-85,33.0,32,2,2022-02-09,2022-04-05
invalid,60599-PF2-150,33.0,33,1,2022-01-04,2022-01-29
invalid,67387-NV2-100,33.0,33,1,2022-07-18,2022-07-20
W001,81553-461-70,33.0,33,1,2024-11-18,2025-01-21
W001,82490-3AH-60,33.0,22,2,2024-11-18,2026-02-12
W001,82490-3AC-85,33.0,21,3,2024-10-08,2026-05-28
W001,67751-AV3-90,33.0,32,4,2022-04-10,2022-07-05
invalid,60694-SB6-7,33.0,32,1,2022-05-25,2022-07-20
invalid,80129-SR4-110,33.0,32,1,2023-01-11,2023-01-19
W001,82488-3MX-XXS,33.0,32,1,2025-07-31,2026-06-13
invalid,67358-WQ1-140,33.0,32,1,2022-05-09,2022-05-30
invalid,52606-RG7-2Y,33.0,32,4,2022-10-12,2022-12-03
invalid,67221-G31-120,33.0,32,1,2022-04-03,2022-05-04
W001,82488-3AC-XS,33.0,24,2,2024-10-08,2026-06-18
invalid,66986-VF4-XXL,33.0,31,1,2022-01-04,2022-07-01
W001,82485-3BH-60,33.0,24,2,2024-12-11,2026-04-15
invalid,41378-GK3-150,33.0,20,1,2022-06-24,2022-07-31
W001,67377-C57-130,32.0,30,1,2022-04-22,2022-04-29
invalid,67440-85H-50,32.0,31,2,2022-03-30,2022-07-09
W001,82488-3AG-NB,32.0,24,1,2024-12-09,2026-06-14
invalid,80396-364-110,32.0,32,1,2023-02-18,2023-06-28
invalid,66640-NU7-100,32.0,32,1,2022-01-05,2022-03-14
invalid,60604-VW8-S,32.0,31,1,2022-04-25,2022-06-09
invalid,67472-WZ4-150,32.0,31,2,2022-05-31,2022-06-28
W001,47929-16N-XL,32.0,32,2,2022-02-18,2022-07-13
invalid,67472-NV2-150,32.0,32,1,2022-01-31,2022-04-07
invalid,67289-WB2-90,32.0,31,1,2022-01-03,2022-02-22
W001,67704-WV1-150,32.0,31,1,2022-04-30,2022-05-05
invalid,67158-JB3-90,32.0,32,2,2022-01-02,2022-02-24
invalid,67482-WK2-85,32.0,31,2,2022-02-06,2022-04-20
W001,59845-TN9-S,32.0,32,3,2022-01-06,2022-08-03
invalid,60611-UW6-130,32.0,32,2,2022-01-02,2022-01-26
invalid,80046-1BE-XS,32.0,27,1,2023-10-13,2023-10-17
W001,66934-BD4-70,32.0,32,3,2022-01-11,2022-04-08
invalid,81371-1FS-110,32.0,31,1,2024-01-23,2024-03-05
W001,67472-WZ4-85,32.0,30,1,2022-04-05,2022-05-09
W001,64979-S74-S,32.0,30,1,2022-01-06,2022-07-11
invalid,67358-WQ1-130,32.0,32,2,2022-04-21,2022-04-29
invalid,81148-75Z-90,32.0,32,3,2023-10-30,2024-02-07
invalid,67560-QN4-140,32.0,32,1,2022-01-08,2022-04-12
invalid,68117-AD5-140,32.0,31,1,2024-01-06,2024-01-10
invalid,67252-75Z-L,32.0,28,1,2023-10-11,2023-10-16
invalid,67236-M23-75,32.0,31,2,2022-01-04,2022-01-12
invalid,67404-433-150,32.0,32,1,2023-07-23,2023-08-21
invalid,61129-NV2-120,32.0,32,2,2022-04-28,2022-05-03
invalid,60599-VU7-110,32.0,32,1,2023-01-05,2023-01-13
invalid,60599-uv8-140,32.0,32,2,2022-01-02,2022-01-11
invalid,80134-XT9-150,32.0,32,1,2022-09-22,2022-10-22
W001,67596-76X-140,32.0,32,1,2022-04-06,2022-05-02
W001,47052-FX7-130,32.0,32,3,2022-01-05,2022-04-27
invalid,82714-36C-75,32.0,32,1,2024-09-21,2024-12-04
invalid,80132-990-120,32.0,31,1,2022-11-30,2022-12-03
invalid,81538-461-NB,32.0,32,1,2025-06-16,2025-10-17
W001,51517-001-80,32.0,31,3,2022-01-03,2022-02-16
invalid,64958-VP3-100,32.0,32,1,2022-01-02,2022-01-05
W001,82585-3BC-70,32.0,19,3,2024-10-08,2026-05-14
invalid,67513-1HA-L,32.0,31,1,2024-01-23,2024-03-05
invalid,80542-310-L,32.0,31,1,2023-08-02,2023-08-22
invalid,80900-966-110,32.0,32,1,2023-11-27,2024-01-08
W001,67711-WV7-50,32.0,31,1,2022-04-05,2022-04-25
W001,68133-XB5-120,32.0,31,1,2022-07-14,2022-08-01
invalid,80533-1EV-100,32.0,32,1,2024-01-24,2024-03-06
invalid,80343-EY5-90,32.0,32,1,2023-01-19,2023-05-07
invalid,45346-015-85,32.0,31,1,2023-07-09,2023-10-01
W001,82478-3AR-75,32.0,23,2,2024-10-03,2026-02-12
invalid,67334-AH9-XS,32.0,31,1,2022-03-19,2022-07-02
invalid,57824-BX0-80,32.0,30,1,2022-08-30,2022-11-10
invalid,57726-GA5-120,32.0,32,2,2022-01-27,2022-03-29
invalid,80828-181-85,32.0,32,1,2023-12-28,2024-01-08
invalid,81084-M23-140,32.0,31,1,2023-11-11,2023-11-20
invalid,60611-VS5-110,31.0,31,3,2022-03-12,2022-07-26
W001,82478-3AP-60,31.0,18,2,2024-10-03,2026-03-12
W001,33218-WF3-85,31.0,30,1,2022-06-28,2022-07-28
invalid,68015-VX9-110,31.0,30,2,2022-10-30,2022-12-26
invalid,83270-3LA-60,31.0,31,1,2026-01-17,2026-03-26
invalid,80103-XT2-L,31.0,31,1,2023-10-20,2023-11-05
invalid,60611-VW4-110,31.0,31,1,2022-05-20,2022-05-30
invalid,68026-GF2-110,31.0,30,1,2022-12-28,2023-01-06
W001,60600-VU7-160,31.0,31,1,2022-01-02,2022-02-03
invalid,60611-TX8-110,31.0,31,1,2022-01-17,2022-01-24
invalid,45346-VX9-85,31.0,31,1,2022-05-20,2022-05-27
W001,67146-VJ4-L,31.0,29,1,2022-01-07,2022-07-14
W001,67442-SR4-50,31.0,30,1,2022-04-21,2022-07-23
invalid,67392-296-85,31.0,31,1,2023-05-15,2023-11-20
invalid,80040-M23-140,31.0,31,1,2022-11-23,2022-11-27
invalid,67022-990-110,31.0,31,2,2022-02-27,2022-07-02
W001,82480-3AR-XS,31.0,30,1,2025-01-27,2026-06-11
invalid,67293-VQ2-80,31.0,31,3,2022-02-15,2022-05-06
invalid,44403-XT9-S,31.0,30,1,2023-12-08,2023-12-13
invalid,67537-291-120,31.0,31,1,2023-02-20,2023-03-14
W001,66358-VJ4-M,31.0,30,4,2022-01-03,2022-08-03
invalid,80040-VX9-140,31.0,31,1,2022-11-26,2022-11-29
W001,60600-WX3-150,31.0,30,2,2022-05-12,2022-06-06
W001,82484-3AG-NB,31.0,30,1,2024-10-08,2026-04-15
invalid,65203-QX6-XL,31.0,30,1,2022-01-02,2022-01-11
invalid,67691-SR4-140,31.0,29,1,2022-04-10,2022-04-28
invalid,68426-78M-100,31.0,29,1,2023-05-05,2023-06-05
invalid,68004-920-140,31.0,31,1,2023-09-25,2023-11-29
invalid,60600-VV2-140,31.0,31,1,2022-05-21,2022-05-30
invalid,67019-NU3-110,31.0,29,2,2022-01-02,2022-01-10
invalid,81553-1RR-70,31.0,31,1,2025-11-14,2025-12-08
invalid,67409-VW2-85,31.0,31,1,2022-06-15,2022-07-14
invalid,43205-011-140,31.0,28,1,2024-02-04,2024-03-06
invalid,83013-2WJ-150,31.0,31,1,2024-12-27,2025-11-18
W001,51911-NV2-85,31.0,31,1,2022-01-02,2022-01-04
invalid,80283-A38-150,31.0,31,1,2023-02-22,2023-06-29
invalid,80898-AD5-100,31.0,31,2,2023-08-31,2023-11-02
invalid,67860-WT6-100,31.0,31,1,2022-05-23,2022-06-14
W001,67596-76X-110,31.0,30,1,2022-04-05,2022-04-29
invalid,67284-NH9-140,31.0,30,1,2023-09-05,2023-10-02
invalid,60603-PH7-L,31.0,31,4,2022-01-07,2022-07-27
W001,82485-3AZ-NB,31.0,29,1,2024-12-11,2026-06-01
invalid,66994-XV6-S,31.0,29,1,2023-10-20,2023-10-29
invalid,67226-76X-90,31.0,31,2,2022-01-03,2022-01-16
invalid,67436-75M-50,31.0,31,1,2022-01-26,2022-03-07
invalid,67440-001-50,31.0,30,1,2022-05-22,2022-06-30
invalid,80054-75Z-110,31.0,30,2,2022-11-14,2023-01-18
invalid,60599-VV4-110,31.0,30,1,2022-03-15,2022-03-28
invalid,67246-VM9-70,31.0,30,1,2022-01-14,2022-01-16
invalid,67255-FU8-S,31.0,27,2,2022-01-03,2022-01-07
invalid,62319-PG5-150,31.0,27,1,2022-07-17,2022-07-19
invalid,68152-WS9-110,31.0,31,2,2022-08-17,2023-02-22
invalid,67356-WK7-140,31.0,31,1,2022-04-13,2022-05-28
invalid,80128-560-130,31.0,31,1,2023-11-21,2023-11-26
invalid,80103-QX6-XXL,31.0,30,1,2022-10-13,2022-10-26
invalid,60599-VS7-110,31.0,31,1,2022-04-08,2022-04-20
W001,41378-015-150,31.0,25,1,2022-06-22,2022-08-02
W001,67399-VU6-140,31.0,31,1,2022-07-15,2022-08-02
invalid,67593-GD4-150,31.0,31,1,2022-05-04,2022-07-24
invalid,81369-1KH-110,31.0,31,1,2024-01-22,2024-03-06
W001,33218-TD4-110,31.0,30,2,2022-02-28,2022-03-21
invalid,83268-2KE-60,31.0,31,1,2026-01-18,2026-02-20
invalid,83842-4VO-XXL,30.0,30,1,2025-09-16,2026-01-06
invalid,80089-GF2-130,30.0,30,1,2022-10-19,2022-10-26
invalid,80103-75Z-XXL,30.0,27,1,2022-10-27,2022-11-05
invalid,80103-QX6-L,30.0,30,1,2023-10-18,2023-10-25
W001,82026-1VP-70,30.0,29,1,2024-10-11,2025-04-14
invalid,67367-WK4-85,30.0,29,1,2022-04-18,2022-05-07
invalid,67358-75M-150,30.0,30,1,2022-04-25,2022-05-01
invalid,83268-3KL-60,30.0,30,1,2026-01-21,2026-03-04
invalid,83268-3LA-50,30.0,30,1,2026-01-18,2026-04-28
invalid,60325-75Z-S,30.0,30,1,2022-11-27,2022-11-30
invalid,60325-Q84-M,30.0,30,1,2022-01-02,2022-01-03
invalid,60325-QX6-M,30.0,29,3,2022-01-16,2022-07-15
invalid,67358-75M-130,30.0,30,1,2022-03-10,2022-03-19
invalid,67424-VU6-110,30.0,30,2,2022-03-28,2022-04-25
invalid,59852-010-110,30.0,28,1,2022-09-25,2022-09-27
invalid,67424-WF9-110,30.0,29,1,2022-03-27,2022-04-22
invalid,59827-B42-90,30.0,30,1,2022-03-16,2022-03-27
W001,67007-UZ7-110,30.0,29,1,2022-01-02,2022-01-04
invalid,54062-NU7-150,30.0,30,2,2022-03-23,2022-07-08
W001,82490-3AC-50,30.0,17,1,2024-10-08,2026-02-12
invalid,67271-WB5-120,30.0,30,4,2022-01-03,2022-11-25
invalid,67427-VS5-110,30.0,30,1,2022-03-28,2022-04-22
invalid,67427-VU6-120,30.0,30,1,2022-01-24,2022-03-06
invalid,68125-744-150,30.0,29,1,2023-11-15,2023-11-22
invalid,81372-1CD-140,30.0,29,1,2024-02-03,2024-03-10
invalid,80279-231-110,30.0,30,1,2022-12-01,2022-12-16
invalid,80282-239-110,30.0,30,1,2022-12-02,2023-03-28
invalid,80283-258-140,30.0,29,1,2023-03-01,2023-07-01
invalid,80262-234-90,30.0,30,1,2023-03-09,2023-03-28
invalid,60600-VS4-140,30.0,29,1,2022-06-25,2022-07-01
invalid,59956-A91-110,30.0,28,1,2022-04-22,2022-05-20
invalid,59852-QY5-160,30.0,30,2,2022-01-04,2022-08-29
W001,67292-VP5-90,30.0,29,1,2022-01-03,2022-01-24
invalid,67210-SR4-140,30.0,30,2,2022-01-06,2022-03-26
invalid,67425-WC3-XL,30.0,30,1,2022-02-07,2022-03-18
W001,67111-VN3-S,30.0,29,3,2022-01-13,2022-07-29
invalid,66994-XS9-M,30.0,27,2,2023-01-13,2023-11-16
W001,82485-3AZ-70,30.0,28,1,2024-12-10,2026-05-27
invalid,80542-303-XL,30.0,30,1,2023-07-07,2023-07-18
W001,65591-XK9-75,30.0,30,1,2022-07-12,2022-08-01
invalid,67271-WB4-130,30.0,30,2,2022-02-06,2022-07-26
invalid,67284-NH9-110,30.0,29,2,2022-11-20,2022-12-08
invalid,47761-VQ6-150,30.0,29,2,2022-03-29,2022-04-12
invalid,67401-VX9-90,30.0,30,1,2022-06-25,2022-06-30
invalid,67401-260-150,30.0,30,1,2023-06-28,2023-07-12
invalid,66950-EF5-70,30.0,29,1,2022-03-02,2022-03-15
W001,66994-TN9-S,30.0,27,2,2022-01-06,2022-08-03
invalid,67409-WQ1-130,30.0,30,1,2022-02-27,2022-03-09
invalid,68164-C20-10,30.0,29,1,2022-07-12,2022-08-01
invalid,68134-XE6-110,30.0,30,1,2023-07-09,2023-07-12
invalid,80262-1LV-85,30.0,30,1,2023-12-11,2024-01-18
invalid,60008-QX6-60,30.0,29,2,2022-02-22,2022-07-22
invalid,59852-XS9-110,30.0,28,1,2022-10-22,2022-10-23
invalid,39973-CG8-60,30.0,29,2,2022-01-30,2022-07-08
invalid,67971-AN8-120,30.0,30,1,2023-12-26,2024-01-02
invalid,67971-J81-120,30.0,30,1,2023-12-27,2023-12-31
invalid,67547-AM7-90,30.0,30,1,2022-04-28,2022-06-02
W001,68133-XB5-110,30.0,27,1,2022-07-14,2022-08-02
invalid,80026-VN4-L,30.0,26,1,2023-10-13,2023-10-16
invalid,67387-VX9-130,30.0,29,1,2022-11-07,2022-11-23
invalid,67401-NV2-150,30.0,30,2,2022-05-23,2022-06-03
W001,83068-3MZ-75,30.0,22,1,2025-09-25,2026-03-13
W001,82808-1CP-120,30.0,30,1,2024-12-01,2024-12-03
invalid,80970-966-140,30.0,30,1,2023-08-19,2023-09-22
invalid,51058-011-80,30.0,30,1,2022-09-06,2023-03-17
invalid,68069-XF5-90,30.0,29,1,2022-07-21,2022-10-10
invalid,68041-990-120,30.0,29,1,2022-12-12,2022-12-20
invalid,80918-893-110,30.0,30,1,2024-01-08,2024-01-09
invalid,80918-893-140,30.0,30,1,2023-11-28,2024-01-06
invalid,67503-VH3-120,30.0,29,1,2022-01-09,2022-03-04
invalid,67011-PJ9-140,30.0,28,1,2022-01-02,2022-01-05
invalid,67603-GK3-130,30.0,29,1,2022-07-11,2022-07-18
W001,80937-76X-S,30.0,29,1,2025-01-02,2025-02-20
invalid,67616-WE1-110,30.0,30,1,2022-05-26,2022-06-13
invalid,60599-VS9-110,30.0,30,1,2022-04-21,2022-04-25
W001,66947-UT3-90,30.0,29,4,2022-01-02,2022-01-31
invalid,60008-QY5-80,30.0,30,1,2022-01-05,2022-07-20
invalid,67616-WE1-130,30.0,30,1,2022-04-21,2022-05-09
invalid,81120-729-S,30.0,28,1,2023-12-11,2023-12-14
invalid,81101-PM7-120,30.0,30,1,2024-01-02,2024-01-07
invalid,65290-C57-110,30.0,29,2,2022-01-02,2022-02-02
invalid,57711-RL5-70,30.0,30,1,2023-09-16,2023-10-12
W001,81553-EF5-50,30.0,30,2,2024-10-09,2024-10-23
invalid,65668-62S-85,30.0,30,1,2022-02-16,2022-03-13
W001,67052-M23-90,30.0,30,2,2022-03-21,2022-05-08
invalid,80054-AN8-110,30.0,30,1,2022-12-21,2023-01-04
W001,47761-VP6-150,30.0,27,1,2022-03-09,2022-03-16
invalid,67499-NW4-150,30.0,30,1,2022-02-21,2022-05-28
W001,60600-VU6-90,30.0,29,1,2022-01-06,2022-02-21
invalid,59852-VP1-110,30.0,30,1,2022-01-04,2022-01-06
invalid,60604-VW2-L,30.0,29,1,2022-03-10,2022-03-25
invalid,67358-990-130,30.0,30,1,2022-04-21,2022-04-30
W001,82307-1WO-NB,30.0,30,1,2024-11-18,2025-03-04
W001,82307-2ES-70,30.0,30,1,2024-11-13,2025-01-09
invalid,80104-XV7-80,30.0,29,1,2023-05-31,2023-06-03
invalid,80104-XV7-85,30.0,30,1,2023-05-28,2023-06-01
W001,67681-NU7-100,30.0,30,3,2022-04-06,2022-06-15
invalid,45477-SR4-100,30.0,30,1,2022-01-03,2022-02-03
invalid,47058-FU8-110,30.0,28,1,2022-10-22,2022-10-25
invalid,67490-VU6-120,30.0,30,1,2022-01-24,2022-02-18
invalid,67493-WL9-85,30.0,30,1,2022-01-10,2022-04-02
invalid,67980-FE5-150,30.0,29,1,2022-07-25,2022-10-05
invalid,68026-SR4-100,30.0,29,1,2022-10-12,2022-10-31
invalid,67480-RT9-110,30.0,29,1,2022-01-24,2022-03-07
invalid,67474-WJ3-85,30.0,30,1,2022-04-27,2022-05-12
invalid,33175-WF2-120,30.0,29,1,2022-06-20,2022-07-25
invalid,83268-3KL-50,30.0,30,1,2026-01-20,2026-02-27
invalid,57827-EH3-120,29.0,24,2,2022-01-04,2022-01-27
W001,82476-3AR-90,29.0,19,2,2024-10-03,2026-02-12
invalid,81366-1CR-100,29.0,29,1,2024-01-11,2024-02-07
invalid,67355-78M-150,29.0,29,1,2022-02-18,2022-04-26
invalid,67342-WE1-100,29.0,29,1,2022-02-22,2022-07-05
invalid,68014-XF3-85,29.0,29,1,2022-10-24,2022-11-01
W001,67557-WM4-50,29.0,29,1,2022-02-11,2022-04-06
invalid,67475-WL6-85,29.0,29,1,2022-01-05,2022-04-10
invalid,67158-76X-85,29.0,29,1,2022-01-02,2022-01-06
invalid,80046-1BE-XL,29.0,24,1,2023-10-10,2023-10-13
invalid,60604-WB2-S,29.0,29,2,2022-02-27,2022-05-04
W001,40152-VZ1-12,29.0,29,1,2022-07-13,2022-07-30
invalid,65735-001-M,29.0,23,1,2023-06-27,2023-07-03
invalid,81369-1KH-100,29.0,29,1,2024-01-23,2024-03-04
W001,47052-FX7-110,29.0,29,1,2022-01-12,2022-04-02
W001,68135-XA5-120,29.0,27,1,2022-07-20,2022-08-01
invalid,67547-B42-90,29.0,28,1,2022-05-27,2022-06-30
W001,67157-RT9-90,29.0,29,2,2022-01-02,2022-07-30
W001,43197-A79-150,29.0,28,1,2022-07-14,2022-08-01
W001,82484-3AC-NB,29.0,27,1,2024-10-08,2026-05-31
W001,60600-VU6-140,29.0,28,1,2022-01-04,2022-02-17
W001,82586-VZ1-70,29.0,19,1,2024-10-14,2026-03-12
W001,82478-3AP-70,29.0,19,2,2024-10-03,2026-03-12
invalid,67278-NZ5-85,29.0,29,1,2022-01-03,2022-01-30
invalid,66689-WZ1-50,29.0,28,1,2023-06-01,2023-06-11
invalid,82036-IVJ-50,29.0,29,1,2024-08-11,2024-09-23
invalid,67392-78M-120,29.0,29,1,2022-03-21,2022-04-30
W001,62423-015-80,29.0,29,1,2022-04-11,2022-04-29
invalid,60284-A91-100,29.0,29,1,2022-01-06,2022-01-09
invalid,67355-VX9-150,29.0,28,1,2022-02-13,2022-04-28
W001,60325-QY5-XL,29.0,29,2,2022-01-07,2022-07-19
W001,82488-3NC-NB,29.0,24,1,2025-07-31,2026-06-18
invalid,68122-D16-90,29.0,29,1,2022-10-08,2022-10-20
invalid,62319-PG5-130,29.0,28,1,2022-06-25,2022-06-30
invalid,54058-BH5-100,29.0,27,2,2022-02-09,2022-04-16
invalid,67273-WC1-90,29.0,29,1,2022-01-04,2022-01-19
invalid,68150-GF2-60,29.0,29,1,2022-07-31,2022-10-25
W001,59781-M23-120,29.0,29,4,2022-01-09,2022-02-10
invalid,83268-3KL-NB,29.0,28,1,2026-01-22,2026-04-30
invalid,83268-3LA-60,29.0,29,1,2026-01-20,2026-05-18
W001,82026-1VP-NB,29.0,28,1,2024-10-28,2024-12-27
invalid,46239-GK3-130,29.0,25,2,2022-12-15,2022-12-29
invalid,83842-4VO-M,29.0,29,1,2025-09-16,2025-10-21
W001,60611-XE5-100,29.0,27,1,2022-07-14,2022-08-01
W001,82490-3AH-85,29.0,21,2,2025-01-22,2026-06-10
W001,82490-3AH-50,29.0,18,2,2024-11-18,2026-02-12
invalid,60325-XS9-L,29.0,28,1,2023-10-21,2023-10-31
W001,82485-3BH-NB,29.0,26,1,2024-10-08,2026-04-18
W001,62027-XF7-75,29.0,29,1,2022-07-19,2022-08-01
W001,68008-XD4-110,29.0,29,1,2022-07-14,2022-08-01
invalid,80262-655-85,29.0,29,1,2023-12-10,2024-02-06
invalid,67419-GK3-130,29.0,28,1,2022-06-21,2022-06-24
W001,60783-VQ6-XXL,29.0,29,1,2022-02-25,2022-05-31
invalid,40957-A91-110,29.0,23,1,2022-07-17,2022-07-27
invalid,67414-VU6-140,29.0,28,2,2022-02-16,2022-07-05
W001,66826-UZ1-150,29.0,29,1,2022-06-05,2022-07-30
invalid,67391-WH8-85,29.0,28,1,2022-10-26,2022-12-01
W001,67853-WX4-150,28.0,27,1,2022-04-10,2022-05-03
W001,82476-3AR-100,28.0,19,2,2024-10-03,2026-02-12
W001,60535-76X-L,28.0,27,2,2022-01-02,2022-01-20
W001,67092-UD1-150,28.0,28,5,2022-02-27,2022-06-16
invalid,67171-990-120,28.0,28,4,2022-01-02,2022-02-10
W001,80276-2XX-110,28.0,28,1,2025-01-15,2025-01-16
W001,60008-VJ7-80,28.0,28,2,2022-01-07,2022-06-04
W001,82484-3AJ-50,28.0,24,2,2024-10-08,2026-03-20
W001,82484-3AH-75,28.0,21,2,2024-10-08,2026-02-25
invalid,67971-J81-130,28.0,27,1,2023-12-21,2024-01-05
W001,44403-TN7-XS,28.0,27,2,2022-01-03,2022-03-17
invalid,60008-VJ7-70,28.0,27,1,2022-01-13,2022-06-04
W001,44403-QY5-XL,28.0,26,2,2022-01-07,2022-03-04
invalid,67680-WY8-150,28.0,26,1,2022-05-25,2022-07-15
W001,81339-2NM-85,28.0,28,1,2025-03-27,2025-04-15
invalid,60008-TN9-90,28.0,28,2,2022-01-03,2022-07-14
invalid,67314-TL8-M,28.0,27,1,2022-01-24,2022-03-17
invalid,67339-WE1-100,28.0,26,1,2022-04-21,2022-06-13
invalid,81101-PM7-130,28.0,28,1,2024-01-05,2024-01-08
invalid,80453-370-150,28.0,27,1,2023-07-12,2023-08-30
invalid,65290-015-80,28.0,28,1,2022-01-02,2022-01-06
W001,67326-FE7-130,28.0,26,1,2022-03-09,2022-03-17
invalid,67555-WC3-80,28.0,28,1,2022-02-02,2022-02-21
W001,82478-3AK-70,28.0,20,2,2024-10-03,2026-06-03
W001,60603-PH7-XXL,28.0,28,1,2022-04-24,2022-05-30
invalid,67991-XM3-140,28.0,27,1,2022-08-29,2022-10-27
invalid,67630-990-90,28.0,27,1,2022-06-01,2022-07-10
invalid,67388-38T-140,28.0,28,1,2022-04-27,2022-07-07
invalid,67592-WS7-100,28.0,28,1,2022-05-27,2022-07-28
invalid,81371-1FS-100,28.0,28,1,2024-01-22,2024-03-04
invalid,67088-VH4-120,28.0,27,1,2022-01-14,2022-01-18
invalid,60603-XH5-XS,28.0,28,1,2022-07-29,2022-09-09
invalid,67112-VN3-S,28.0,27,1,2022-10-04,2022-10-11
W001,52666-FX9-OS,28.0,25,4,2022-01-14,2022-02-23
invalid,65607-ST6-80,28.0,28,1,2022-01-02,2022-01-03
W001,67326-FE7-100,28.0,28,1,2022-03-11,2022-03-28
W001,67326-FE7-120,28.0,27,1,2022-03-09,2022-03-17
W001,65203-FU8-M,28.0,25,3,2022-01-30,2022-02-14
invalid,80343-EY5-130,28.0,28,1,2023-01-19,2023-03-18
invalid,43197-C57-90,28.0,27,1,2022-04-21,2022-04-29
invalid,60612-VW4-160,28.0,26,1,2022-03-28,2022-04-11
invalid,80331-029-120,28.0,27,1,2023-01-30,2023-03-05
invalid,65171-XU5-75,28.0,27,1,2023-01-16,2023-01-25
invalid,67522-1EL-90,28.0,28,1,2024-01-28,2024-03-05
invalid,67284-NH9-130,28.0,28,1,2022-01-24,2022-03-22
invalid,82307-1WO-NB,28.0,28,1,2025-07-10,2025-07-30
invalid,67407-001-130,28.0,27,2,2022-06-06,2022-07-11
W001,80909-958-50,28.0,28,1,2025-01-19,2025-01-23
invalid,80569-171-M,28.0,28,1,2023-05-01,2023-06-01
W001,82484-3MZ-60,28.0,20,2,2025-04-24,2026-06-10
invalid,67534-85H-110,28.0,28,1,2022-01-18,2022-02-08
W001,82484-3MZ-70,28.0,22,2,2025-04-24,2026-06-18
invalid,62027-WG2-85,28.0,27,1,2023-02-11,2023-03-16
invalid,65256-GD4-140,28.0,27,1,2022-01-02,2022-01-03
W001,67490-AM7-120,28.0,27,2,2022-02-25,2022-05-04
W001,44403-XS9-L,28.0,28,1,2024-11-07,2024-11-11
W001,60612-NB1-90,28.0,28,2,2022-01-02,2022-02-13
W001,60325-VJ6-L,28.0,28,2,2022-01-07,2022-01-22
invalid,59852-QX6-120,28.0,22,2,2022-12-22,2023-10-02
invalid,67271-WB6-130,28.0,28,1,2022-02-20,2022-03-27
invalid,67271-WB7-150,28.0,26,1,2022-01-12,2022-07-05
invalid,67862-WX6-150,28.0,27,1,2023-04-28,2023-06-01
W001,67678-015-90,28.0,28,1,2022-04-30,2022-07-01
invalid,80786-505-130,28.0,28,1,2023-09-01,2023-09-05
invalid,67751-WX3-50,28.0,28,1,2022-04-09,2022-05-01
invalid,81369-1KJ-100,28.0,28,1,2024-01-17,2024-03-05
invalid,67590-BY8-85,28.0,28,1,2022-06-22,2022-07-24
invalid,60363-1BW-110,28.0,28,1,2024-01-17,2024-03-07
invalid,60325-QY5-XS,28.0,27,1,2022-01-17,2022-09-10
invalid,60325-VK5-S,27.0,26,1,2022-01-18,2022-02-08
invalid,83443-2ON-XL,27.0,27,1,2025-02-11,2025-04-17
W001,67680-WY7-140,27.0,27,1,2022-04-06,2022-05-19
invalid,59852-XT9-120,27.0,26,1,2023-11-26,2023-11-27
invalid,67560-QN4-85,27.0,27,1,2022-01-02,2022-02-20
invalid,67027-D16-130,27.0,27,2,2023-01-09,2023-01-24
W001,82560-3BG-60,27.0,18,2,2024-10-03,2026-03-13
invalid,67271-WB7-85,27.0,27,2,2022-04-24,2022-05-12
invalid,67424-WG2-120,27.0,27,1,2022-05-20,2022-06-01
invalid,62633-990-85,27.0,27,2,2023-01-05,2023-01-28
invalid,62027-VS7-70,27.0,26,1,2022-03-18,2022-03-23
invalid,67209-871-140,27.0,27,1,2023-12-06,2023-12-12
invalid,59852-TN9-120,27.0,24,1,2022-10-17,2022-10-18
invalid,60599-XE6-120,27.0,27,1,2023-09-24,2023-09-25
invalid,54907-M23-120,27.0,27,1,2022-04-19,2022-05-19
invalid,67231-VH3-85,27.0,27,1,2022-01-02,2022-01-07
invalid,66935-JB3-75,27.0,26,1,2022-01-02,2022-01-20
invalid,80548-165-120,27.0,27,1,2023-04-10,2023-04-18
W001,65797-WD5-OS,27.0,25,1,2022-01-06,2022-02-18
invalid,67414-85H-110,27.0,27,1,2022-01-19,2022-02-19
invalid,67401-HI7-110,27.0,26,1,2023-11-26,2023-11-29
invalid,67271-WB3-130,27.0,27,3,2022-01-03,2022-11-13
invalid,67522-NV2-100,27.0,25,1,2023-03-17,2023-04-03
invalid,67707-SH4-150,27.0,27,1,2022-04-29,2022-05-11
W001,82484-3MZ-50,27.0,19,2,2025-04-24,2026-06-10
invalid,60612-UW6-90,27.0,26,1,2022-01-03,2022-01-07
W001,52605-Q84-2,27.0,27,1,2022-01-17,2022-02-05
invalid,59852-1BE-120,27.0,27,1,2023-11-16,2023-11-17
invalid,59852-716-120,27.0,27,1,2023-11-27,2023-11-28
W001,44403-75Z-XS,27.0,26,1,2022-01-10,2022-08-02
invalid,44223-CW2-75,27.0,27,1,2022-01-03,2022-02-08
W001,67023-TW5-100,27.0,27,1,2022-01-05,2022-01-19
invalid,42067-75Z-85,27.0,27,1,2022-04-28,2022-07-25
W001,82585-3BC-60,27.0,16,2,2024-10-08,2026-05-14
invalid,67217-XU5-120,27.0,26,1,2022-12-21,2022-12-26
invalid,60600-VU7-140,27.0,25,2,2022-01-04,2022-05-12
invalid,67280-VQ2-150,27.0,26,1,2022-01-04,2022-01-24
W001,67085-GF2-140,27.0,27,1,2022-02-18,2022-03-26
invalid,67388-NV2-130,27.0,27,1,2022-04-01,2022-04-11
invalid,65062-VK7-140,27.0,25,1,2022-01-07,2022-01-10
invalid,58664-QP2-S,27.0,23,1,2022-02-12,2022-02-16
W001,82476-3AL-90,27.0,22,2,2024-10-03,2026-04-08
W001,82476-3AL-100,27.0,21,2,2024-10-03,2026-04-08
invalid,65642-1DK-85,27.0,27,1,2024-01-22,2024-03-06
invalid,67602-WS9-150,27.0,24,1,2022-06-20,2022-06-21
W001,83068-3AN-70,27.0,21,1,2025-09-27,2026-04-28
W001,52706-FX9-130,27.0,27,3,2022-01-11,2022-02-02
W001,81338-2MC-130,27.0,27,1,2025-01-03,2025-02-11
W001,82480-3AK-XXS,27.0,26,1,2024-10-08,2026-06-14
W001,66358-VJ4-L,27.0,27,3,2022-01-05,2022-07-30
invalid,67092-F04-120,27.0,27,2,2022-03-26,2022-04-30
invalid,81101-262-130,27.0,27,1,2024-01-02,2024-01-06
invalid,80054-XU5-120,27.0,27,1,2022-11-30,2022-12-03
invalid,30810-TD4-L,27.0,26,1,2022-01-03,2022-01-30
invalid,67341-WE2-140,27.0,27,1,2022-05-10,2022-06-19
W001,82476-3AR-110,27.0,19,2,2024-10-03,2026-02-12
W001,67856-G31-85,27.0,27,1,2022-05-10,2022-06-27
invalid,65775-GF2-XS,27.0,27,1,2022-01-03,2022-01-13
invalid,57870-948-M,27.0,26,1,2023-11-05,2023-11-07
W001,82307-2ES-NB,27.0,27,1,2025-03-17,2025-04-13
W001,82476-3AR-85,27.0,18,2,2024-10-03,2026-02-12
invalid,68014-XE4-90,27.0,27,1,2022-12-26,2023-01-04
W001,40152-VZ1-1Y,27.0,24,1,2022-07-12,2022-08-01
invalid,59852-VK2-110,27.0,26,1,2022-11-14,2022-11-19
invalid,67085-GF2-120,27.0,26,1,2022-03-25,2022-03-29
invalid,67339-WE2-120,27.0,27,1,2022-05-23,2022-06-10
W001,67557-SK3-85,27.0,27,1,2022-04-30,2022-05-11
W001,67558-PF4-150,27.0,26,1,2022-02-10,2022-06-10
invalid,65696-56X-OS,27.0,27,2,2023-10-04,2024-08-08
W001,67427-VS9-120,27.0,27,1,2022-04-30,2022-05-02
invalid,67189-M23-110,27.0,27,1,2022-01-05,2022-01-11
invalid,67388-38T-120,27.0,27,1,2022-02-22,2022-03-16
W001,52706-FX8-110,27.0,27,2,2022-01-03,2022-02-18
invalid,67971-AN8-130,27.0,27,1,2023-12-22,2024-01-06
invalid,80155-75Z-S,27.0,26,2,2022-11-16,2022-11-29
W001,82586-VZ1-75,27.0,17,1,2025-01-27,2026-03-12
W001,60325-VP1-M,27.0,24,4,2022-01-07,2022-01-21
W001,81538-461-50,27.0,27,1,2024-10-16,2025-01-20
invalid,59852-TN9-150,26.0,25,1,2022-01-11,2022-03-01
W001,67284-NJ1-140,26.0,24,1,2024-12-29,2025-01-14
invalid,67404-291-85,26.0,24,1,2023-01-23,2023-07-14
invalid,67424-VU6-120,26.0,26,1,2022-04-05,2022-04-23
invalid,59827-B42-85,26.0,25,1,2022-04-28,2022-05-10
W001,82585-3BC-80,26.0,17,1,2024-10-08,2026-03-12
invalid,67241-011-50,26.0,24,1,2022-03-18,2022-04-08
W001,82484-3N3-NB,26.0,19,2,2025-04-24,2026-05-01
invalid,68166-VH3-S,26.0,26,1,2022-10-12,2022-10-22
W001,68082-XJ2-85,26.0,26,1,2022-07-14,2022-08-01
invalid,59956-JD1-140,26.0,25,1,2023-07-01,2023-07-04
invalid,80014-026-85,26.0,26,1,2023-01-14,2023-02-20
W001,68135-XA5-110,26.0,21,1,2022-07-17,2022-07-28
invalid,80918-760-100,26.0,26,1,2023-10-14,2023-10-19
invalid,67271-WB4-100,26.0,26,1,2022-01-11,2022-03-07
W001,67226-76X-75,26.0,26,7,2022-01-06,2022-02-12
W001,40957-015-140,26.0,21,1,2022-03-10,2022-03-15
invalid,80264-262-140,26.0,26,1,2023-03-10,2023-04-15
invalid,80696-450-140,26.0,26,1,2024-01-28,2024-03-05
W001,58661-QH4-L,26.0,24,1,2022-03-09,2022-03-13
invalid,60325-VJ7-S,26.0,26,2,2022-01-06,2022-07-18
invalid,83439-531-XS,26.0,26,1,2025-01-30,2025-08-10
invalid,83268-3LA-NB,26.0,26,1,2026-01-20,2026-05-26
W001,67248-V98-90,26.0,26,3,2022-02-15,2022-04-02
invalid,80356-A38-90,26.0,26,1,2023-01-15,2023-02-21
invalid,67613-RR5-120,26.0,26,1,2022-06-07,2022-06-13
W001,82478-3AL-75,26.0,21,2,2024-10-03,2026-04-08
W001,60600-VW2-130,26.0,26,1,2022-01-02,2022-02-16
W001,60599-VU7-85,26.0,26,1,2022-01-04,2022-02-09
invalid,67374-WQ1-110,26.0,26,1,2022-01-14,2022-03-06
invalid,57827-015-110,26.0,26,1,2022-01-04,2022-01-15
invalid,60599-VS7-130,26.0,25,2,2022-03-09,2022-03-23
invalid,67379-WQ1-120,26.0,26,1,2022-03-10,2022-03-21
W001,66732-UX9-140,26.0,25,1,2022-01-02,2022-01-04
invalid,68027-186-140,26.0,26,1,2023-01-16,2023-01-17
invalid,67128-QR7-100,26.0,25,1,2022-01-03,2022-01-06
invalid,65113-75Z-75,26.0,24,1,2023-10-18,2023-10-22
invalid,67307-DW1-50,26.0,26,2,2022-02-01,2022-06-05
invalid,67390-WH8-85,26.0,25,1,2023-01-12,2023-01-25
invalid,50282-PF2-XS,26.0,19,1,2022-02-15,2022-06-22
W001,67788-WW6-75,26.0,26,2,2022-05-20,2022-07-19
W001,83068-3AN-60,26.0,17,1,2025-09-27,2026-05-20
W001,67784-SR4-70,26.0,26,1,2022-06-20,2022-06-30
W001,57822-A91-90,26.0,26,1,2022-03-14,2022-04-30
W001,67210-GF2-140,26.0,26,3,2022-01-04,2022-06-07
W001,67707-SH4-130,26.0,26,1,2022-05-02,2022-05-09
W001,66994-TN9-L,26.0,25,4,2022-01-06,2022-02-28
invalid,67197-AN8-110,26.0,26,1,2022-01-03,2022-01-10
W001,68164-C20-1Y,26.0,25,1,2022-07-13,2022-08-01
invalid,67226-XS6-80,26.0,26,1,2023-10-16,2023-10-30
invalid,83013-2WJ-130,26.0,23,1,2025-04-06,2025-09-15
W001,82480-3AQ-NB,26.0,26,1,2025-01-27,2026-06-12
invalid,68041-990-140,26.0,24,1,2022-12-28,2023-01-02
W001,67631-WV1-XS,26.0,26,3,2022-05-03,2022-07-01
invalid,80258-227-140,26.0,25,1,2023-03-19,2023-05-31
W001,82488-3MZ-XXS,26.0,25,2,2025-04-25,2026-06-16
invalid,67271-WB4-110,26.0,26,1,2022-01-11,2022-03-16
invalid,59956-SR4-140,26.0,25,1,2023-08-05,2023-08-13
W001,67216-JB3-90,26.0,26,4,2022-02-01,2022-06-13
invalid,83443-2ON-XS,26.0,26,1,2025-01-28,2025-04-10
invalid,47050-kl9-110,26.0,24,1,2022-06-01,2022-07-26
W001,60612-TX8-90,26.0,26,1,2022-07-04,2022-07-06
W001,82488-3MX-NB,26.0,24,1,2025-07-31,2026-06-07
W001,30070-S74-M,26.0,23,1,2022-01-17,2022-05-30
W001,65203-Q84-XXL,26.0,24,3,2022-01-13,2022-02-09
W001,67255-FU8-S,25.0,24,1,2022-01-19,2022-02-07
invalid,83312-2JQ-S,25.0,24,1,2025-01-26,2025-02-11
invalid,67161-GD8-110,25.0,25,1,2022-11-30,2022-12-04
invalid,60356-78M-100,25.0,25,1,2022-07-06,2022-07-13
W001,82035-22L-60,25.0,25,1,2024-12-03,2025-01-09
invalid,67356-WK6-150,25.0,25,1,2022-02-15,2022-03-09
invalid,80983-852-85,25.0,25,1,2023-09-20,2023-10-09
invalid,67418-PH7-85,25.0,25,1,2022-02-13,2022-04-07
W001,82489-3AE-60,25.0,15,2,2024-10-08,2026-01-07
W001,82489-3AH-60,25.0,17,2,2024-11-18,2026-02-10
invalid,67848-258-100,25.0,25,1,2024-01-21,2024-02-27
invalid,60600-WU9-110,25.0,25,1,2022-06-25,2022-06-27
W001,50763-QP2-M,25.0,21,1,2022-05-27,2022-06-06
W001,50763-011-L,25.0,19,1,2022-05-25,2022-05-31
invalid,54899-NZ5-L,25.0,25,1,2022-01-13,2022-02-22
W001,82307-2ET-50,25.0,25,1,2024-11-18,2025-01-12
invalid,80655-450-110,25.0,24,1,2023-08-07,2023-08-22
W001,82490-3BI-80,25.0,18,3,2024-10-14,2026-02-18
W001,46153-A91-90,25.0,25,1,2022-01-06,2022-01-31
W001,67377-GF2-140,25.0,25,1,2022-07-13,2022-08-01
invalid,80770-WB3-90,25.0,25,1,2023-07-20,2023-08-06
W001,67765-WX6-50,25.0,24,1,2022-06-07,2022-07-21
invalid,80548-165-100,25.0,25,1,2023-04-15,2023-04-28
invalid,80532-1JN-110,25.0,25,1,2024-01-20,2024-02-29
invalid,67534-85H-85,25.0,25,1,2022-02-28,2022-03-21
invalid,66950-EF5-90,25.0,25,1,2022-02-05,2022-03-04
invalid,59956-A91-150,25.0,24,1,2022-01-30,2022-03-13
invalid,67410-VV2-140,25.0,25,1,2022-03-28,2022-04-28
invalid,59827-76X-120,25.0,25,3,2022-01-02,2022-02-23
W001,59845-VJ7-M,25.0,21,2,2022-01-16,2022-08-02
W001,60325-FU8-M,25.0,25,2,2022-01-11,2022-07-31
invalid,80918-760-90,25.0,25,1,2023-09-02,2023-09-05
W001,46239-G44-130,25.0,24,1,2022-07-15,2022-08-02
invalid,66963-015-140,25.0,24,2,2022-01-02,2022-01-26
invalid,80262-893-100,25.0,24,1,2023-12-26,2023-12-30
W001,66862-UZ7-M,25.0,21,2,2022-02-01,2022-03-28
W001,82560-3B3-60,25.0,16,2,2024-10-03,2026-03-13
invalid,80852-C57-140,25.0,24,1,2023-11-19,2023-11-26
invalid,51058-JB4-140,25.0,25,1,2023-01-23,2023-03-29
invalid,67085-GF2-110,25.0,24,1,2022-04-14,2022-04-18
invalid,66994-XS9-L,25.0,22,1,2022-11-16,2022-11-19
invalid,67517-372-85,25.0,25,1,2023-07-23,2023-10-16
invalid,60603-XH5-XL,25.0,25,1,2022-07-31,2022-08-24
W001,36086-015-140,25.0,23,8,2022-01-08,2022-03-22
invalid,80262-231-100,25.0,25,1,2022-12-03,2022-12-09
invalid,66736-XF5-100,25.0,25,2,2022-07-19,2022-08-18
W001,68164-A71-1Y,25.0,23,1,2022-07-12,2022-08-02
W001,68164-A71-3Y,25.0,24,1,2022-07-14,2022-08-01
invalid,67299-NM9-150,25.0,25,1,2022-04-30,2022-06-02
invalid,67398-372-130,25.0,25,1,2023-05-27,2023-06-02
invalid,64979-U74-XL,25.0,23,2,2022-01-04,2022-09-30
W001,82586-VZ1-80,25.0,18,1,2025-01-27,2026-03-12
invalid,80918-893-100,25.0,25,1,2023-09-27,2023-10-20
W001,57824-BX0-85,25.0,23,1,2022-05-08,2022-07-24
W001,83068-3AN-75,25.0,19,1,2025-09-27,2026-04-08
invalid,67091-990-110,25.0,24,1,2022-04-29,2022-05-03
invalid,67991-XM4-110,25.0,25,1,2022-10-17,2022-10-28
W001,57822-A91-120,25.0,22,3,2022-01-16,2022-03-18
W001,65256-TZ5-60,25.0,25,1,2022-01-04,2022-07-07
W001,81538-461-60,25.0,25,1,2024-10-13,2025-02-07
invalid,67557-SK3-50,25.0,24,1,2022-02-07,2022-03-16
invalid,67379-76X-85,25.0,25,1,2022-01-23,2022-03-08
W001,82478-3AK-60,25.0,17,2,2024-10-03,2026-06-18
invalid,67628-RV5-120,25.0,24,1,2022-05-08,2022-07-05
invalid,67631-WV1-M,25.0,25,1,2022-04-08,2022-04-13
invalid,68103-XS1-130,25.0,25,1,2022-07-15,2022-08-30
invalid,65642-294-110,25.0,25,2,2023-06-27,2023-08-04
W001,81553-VZ2-70,25.0,25,1,2024-11-04,2025-02-18
W001,82478-3AP-50,25.0,13,2,2024-10-08,2026-03-12
invalid,67603-011-150,25.0,24,1,2022-07-10,2022-07-24
invalid,60603-PH7-S,25.0,24,1,2022-10-12,2022-10-21
invalid,33175-WF4-150,25.0,24,1,2022-03-21,2022-07-25
invalid,52081-GA5-130,25.0,25,1,2022-01-10,2022-01-26
W001,47929-16N-XXL,25.0,25,1,2022-01-03,2022-07-26
invalid,65666-ST6-85,25.0,25,2,2022-01-02,2022-01-10
invalid,67375-WQ1-140,25.0,25,1,2022-01-28,2022-02-27
invalid,80397-379-110,25.0,24,1,2023-01-13,2023-04-10
invalid,67480-87R-140,25.0,24,1,2022-09-09,2022-10-06
invalid,68021-GF2-110,25.0,25,2,2022-07-26,2023-02-28
invalid,80104-XV7-90,25.0,24,1,2023-05-26,2023-05-29
invalid,67493-1NY-150,25.0,25,1,2024-01-29,2024-03-06
invalid,67351-VU7-150,25.0,25,2,2022-03-28,2022-04-29
invalid,57827-EH3-90,25.0,23,1,2022-01-03,2022-01-05
invalid,67591-SJ7-90,25.0,24,1,2022-05-30,2022-07-28
invalid,80080-TV4-140,25.0,25,1,2022-09-25,2022-10-24
invalid,60312-V98-140,25.0,24,2,2022-01-02,2022-01-06
W001,67249-M23-90,24.0,23,1,2022-01-10,2022-01-16
W001,82307-2ET-NB,24.0,24,1,2024-11-05,2025-03-05
invalid,80128-76X-150,24.0,24,1,2023-11-16,2023-11-22
invalid,83917-4CF-130,24.0,24,1,2026-01-09,2026-01-20
W001,82478-3MY-75,24.0,20,1,2025-05-01,2026-02-12
invalid,65171-XS6-90,24.0,23,1,2023-11-08,2023-11-25
W001,42067-75Z-150,24.0,23,4,2022-01-02,2022-02-17
invalid,67328-RR5-S,24.0,24,1,2022-05-24,2022-06-04
invalid,60325-VM2-M,24.0,24,2,2022-01-09,2022-01-20
W001,66358-VJ4-S,24.0,24,1,2022-01-18,2022-07-21
invalid,57824-BX0-130,24.0,19,1,2022-09-30,2022-10-05
W001,66360-VH1-130,24.0,23,3,2022-01-08,2022-05-01
invalid,67522-1HM-110,24.0,23,1,2024-02-01,2024-03-06
invalid,59845-716-XL,24.0,22,1,2023-11-20,2023-11-22
invalid,66861-UZ7-120,24.0,24,1,2022-01-03,2022-01-05
invalid,80653-78M-130,24.0,24,1,2023-06-26,2023-06-29
W001,59845-QX6-M,24.0,23,2,2022-01-06,2022-07-27
invalid,66975-XK5-110,24.0,24,1,2022-10-16,2022-10-24
invalid,67419-GK3-110,24.0,24,1,2022-06-24,2022-06-28
W001,67124-QR7-M,24.0,23,4,2022-01-12,2022-01-25
W001,67126-QR7-S,24.0,24,4,2022-01-09,2022-02-27
invalid,61129-NV2-140,24.0,24,2,2022-04-26,2022-05-07
W001,82485-3BH-70,24.0,21,2,2024-10-08,2026-04-16
invalid,59845-TN9-M,24.0,20,1,2023-12-07,2023-12-10
invalid,59956-82F-110,24.0,24,1,2022-03-13,2022-04-05
invalid,67522-1HO-120,24.0,24,1,2024-01-16,2024-02-19
W001,67597-WS3-90,24.0,24,1,2022-04-05,2022-04-29
invalid,80262-655-140,24.0,23,1,2024-01-11,2024-03-05
W001,59852-TN9-160,24.0,23,2,2022-01-07,2022-02-20
W001,82484-3AJ-60,24.0,20,2,2024-10-08,2026-03-26
W001,60325-75Z-M,24.0,22,1,2022-03-28,2022-07-31
W001,67580-PM8-110,24.0,24,1,2022-06-27,2022-07-31
invalid,47929-S74-XXL,24.0,23,1,2023-11-13,2023-11-26
invalid,67404-WX1-110,24.0,24,1,2022-06-25,2022-07-12
invalid,81094-BD4-110,24.0,24,2,2023-10-04,2023-11-26
invalid,81075-C57-100,24.0,24,1,2023-10-03,2023-10-12
W001,60310-FX9-S,24.0,24,4,2022-01-13,2025-01-10
invalid,68125-QX6-140,24.0,24,1,2023-11-15,2023-11-21
invalid,67424-VW4-130,24.0,24,1,2022-01-23,2022-03-29
invalid,67424-WG2-130,24.0,24,1,2022-05-20,2022-06-03
invalid,68086-SR4-50,24.0,23,1,2022-11-14,2022-11-27
W001,83068-3MZ-60,24.0,15,1,2025-09-27,2026-06-12
W001,54906-A79-60,24.0,24,1,2022-01-07,2022-07-30
invalid,60603-PH7-XS,24.0,24,1,2022-01-02,2022-01-18
W001,40152-VZ1-5,24.0,23,1,2022-07-12,2022-07-31
invalid,60611-VW4-130,24.0,23,1,2022-07-03,2022-07-05
invalid,60609-TW3-150,24.0,24,1,2022-01-04,2022-01-05
W001,67393-WQ1-120,24.0,24,1,2022-03-28,2022-04-29
invalid,52606-RG7-7,24.0,24,2,2022-09-02,2022-11-02
invalid,60611-VW4-85,24.0,24,1,2022-03-12,2022-03-21
invalid,60611-TX8-130,24.0,24,1,2022-05-23,2022-05-27
W001,83068-3MZ-70,24.0,16,1,2025-09-27,2026-03-13
W001,82586-VZ1-60,24.0,17,1,2024-10-14,2026-02-13
invalid,59852-VK2-130,24.0,24,1,2022-03-26,2022-03-27
invalid,62027-VW7-60,24.0,24,1,2023-04-21,2023-04-28
W001,65635-015-85,24.0,23,1,2022-01-03,2022-01-16
invalid,81371-1DH-150,24.0,24,1,2024-01-18,2024-02-27
W001,64980-75Z-XL,24.0,23,2,2022-01-10,2022-02-28
W001,65203-VJ6-M,24.0,24,4,2022-01-12,2022-02-09
W001,33081-U74-70,24.0,24,2,2022-01-10,2022-04-18
invalid,47068-FU8-XL,24.0,21,1,2023-11-27,2023-11-28
W001,82266-2IF-75,24.0,24,1,2024-10-06,2024-10-15
invalid,47058-FU8-130,24.0,23,1,2023-09-28,2023-10-02
invalid,65714-85H-150,24.0,24,2,2022-05-24,2022-07-04
W001,67326-FE7-140,24.0,24,1,2022-03-11,2022-03-27
invalid,81121-742-140,24.0,24,1,2023-11-29,2023-12-05
W001,67462-GN3-120,24.0,24,1,2022-03-09,2022-03-28
W001,83308-2YF-XL,24.0,24,1,2024-12-07,2025-01-20
W001,60599-WV1-130,24.0,23,1,2022-06-09,2022-06-27
invalid,68037-XF3-130,24.0,24,1,2022-07-27,2022-09-03
invalid,68026-GF2-130,24.0,24,1,2022-10-26,2022-10-28
invalid,33081-WF4-50,24.0,23,2,2022-03-12,2022-07-26
invalid,67480-EH3-140,24.0,24,1,2023-05-26,2023-05-29
invalid,50804-PL5-140,24.0,24,2,2022-03-10,2022-03-25
invalid,67209-XS6-140,24.0,23,1,2023-12-03,2023-12-05
invalid,67209-75Z-150,24.0,22,1,2022-11-28,2022-12-03
invalid,52606-G84-13Y,24.0,24,3,2022-01-02,2022-11-27
invalid,80262-1LV-140,24.0,24,1,2024-01-24,2024-02-24
invalid,81371-259-100,24.0,23,1,2024-01-16,2024-03-06
W001,82560-3BG-70,24.0,18,2,2024-10-03,2026-03-13
invalid,81461-1CH-140,24.0,24,1,2024-02-08,2024-03-06
invalid,80898-AD5-140,24.0,24,1,2023-10-03,2023-11-26
W001,67379-015-140,24.0,24,5,2022-04-16,2022-07-22
W001,59845-TN9-XL,24.0,23,2,2022-01-03,2022-03-01
invalid,67842-C20-85,24.0,24,1,2022-04-07,2022-05-15
invalid,67271-WB6-140,24.0,24,1,2022-11-19,2022-12-03
W001,44403-FU8-M,24.0,24,5,2022-01-13,2022-02-05
invalid,37028-948-130,24.0,22,1,2023-10-02,2023-10-07
invalid,67406-VV8-90,23.0,23,1,2022-09-05,2022-09-14
invalid,81538-EF5-NB,23.0,23,1,2025-09-26,2025-11-17
W001,82489-3AE-70,23.0,16,2,2024-10-08,2026-05-28
W001,50265-75Z-S,23.0,23,5,2022-01-03,2022-02-23
W001,82484-3AJ-70,23.0,21,2,2024-10-08,2026-05-11
W001,67506-G31-85,23.0,23,1,2022-04-29,2022-05-20
W001,60325-FU8-S,23.0,23,1,2022-01-11,2022-07-28
invalid,65203-VJ9-XXL,23.0,19,2,2022-03-13,2022-07-23
invalid,81553-1FZ-60,23.0,23,1,2025-04-18,2025-05-15
invalid,67401-NV2-90,23.0,23,1,2022-05-21,2022-06-03
W001,67146-VJ4-S,23.0,22,1,2022-01-07,2022-07-26
invalid,81094-BD4-90,23.0,23,1,2023-10-09,2023-10-22
invalid,66736-XF5-120,23.0,23,2,2022-07-13,2022-09-24
W001,81339-2MN-120,23.0,22,1,2025-04-13,2025-04-14
W001,82478-3NA-60,23.0,18,1,2025-04-24,2026-06-10
invalid,60325-XS9-XL,23.0,21,1,2023-12-01,2023-12-04
invalid,57822-82F-100,23.0,23,2,2022-04-03,2022-07-27
invalid,57827-015-120,23.0,23,2,2022-01-04,2022-01-21
W001,82476-3AR-120,23.0,15,2,2024-10-03,2026-02-05
invalid,82484-3AH-NB,23.0,20,1,2024-12-11,2025-06-16
W001,62944-NJ1-130,23.0,23,8,2022-01-24,2022-02-25
W001,82476-3MY-100,23.0,18,1,2025-05-01,2026-04-08
invalid,67372-VU6-140,23.0,23,1,2022-04-10,2022-04-27
W001,60535-B42-M,23.0,22,1,2022-04-06,2022-07-29
invalid,60325-VJ7-M,23.0,20,1,2022-01-06,2022-07-27
W001,67395-WH8-85,23.0,22,1,2022-07-04,2022-08-02
invalid,68010-WW8-130,23.0,23,1,2023-02-08,2023-03-14
invalid,67213-SR4-150,23.0,23,1,2022-01-02,2022-01-04
invalid,81295-273-90,23.0,23,1,2024-01-18,2024-03-07
W001,67192-M23-85,23.0,22,2,2022-01-02,2022-01-10
W001,66936-XJ2-70,23.0,23,1,2022-07-14,2022-08-01
invalid,60603-XH5-L,23.0,23,1,2022-08-20,2022-08-30
invalid,67470-ST6-150,23.0,23,1,2022-01-05,2022-03-21
invalid,67092-F04-90,23.0,22,2,2022-01-08,2022-04-11
invalid,52121-NU7-130,23.0,21,1,2022-09-11,2022-09-15
invalid,67191-M23-120,23.0,23,2,2022-11-21,2023-01-24
invalid,67092-UD1-110,23.0,23,3,2022-01-03,2022-07-14
invalid,81535-76X-50,23.0,23,1,2025-05-25,2025-07-24
W001,52408-Q84-150,23.0,23,7,2022-01-07,2022-02-23
W001,82490-3AH-90,23.0,18,1,2024-10-14,2026-02-18
W001,57822-A91-130,23.0,23,2,2022-01-12,2022-03-24
invalid,67022-990-120,23.0,23,1,2022-03-04,2022-03-23
invalid,81371-259-110,23.0,22,1,2024-01-22,2024-03-06
invalid,81379-259-150,23.0,23,1,2024-02-14,2024-03-04
W001,82489-3AC-70,23.0,14,2,2024-10-08,2026-02-10
invalid,67903-XH1-100,23.0,23,2,2022-07-14,2022-08-14
W001,82560-3AT-60,23.0,17,2,2024-10-03,2026-02-05
W001,60612-XE5-110,23.0,22,1,2022-07-12,2022-08-01
W001,82560-3BG-50,23.0,14,1,2024-10-08,2026-03-13
W001,51891-A91-90,23.0,21,1,2022-01-03,2022-01-19
W001,82482-3AE-100,23.0,17,2,2024-10-08,2026-02-25
W001,83068-3MZ-80,23.0,18,1,2025-09-25,2026-03-13
invalid,67092-F04-150,23.0,23,3,2022-01-10,2022-07-07
W001,67074-FV7-M,23.0,17,2,2022-01-03,2022-05-06
invalid,67255-75Z-XXL,23.0,23,2,2022-01-14,2022-05-30
invalid,67987-XF5-140,23.0,22,1,2022-08-01,2022-08-30
invalid,80129-SR4-100,23.0,23,2,2022-12-08,2023-01-06
invalid,64979-WQ4-L,23.0,23,1,2022-03-18,2022-04-19
W001,82478-3AP-75,23.0,15,2,2024-10-03,2026-05-28
invalid,81152-894-85,23.0,23,1,2023-10-25,2023-11-20
invalid,44403-VJ7-S,23.0,23,1,2022-01-15,2022-07-22
W001,82476-3AL-85,23.0,20,2,2024-10-03,2026-04-08
invalid,80054-xw3-140,23.0,23,1,2023-01-09,2023-01-19
W001,82484-3AC-75,23.0,20,3,2024-10-08,2026-03-12
W001,67254-VN7-L/XL,22.0,19,5,2022-01-04,2022-02-13
invalid,83842-4VO-L,22.0,22,1,2025-09-16,2025-10-10
W001,82478-3AR-NB,22.0,15,1,2024-10-08,2026-02-12
invalid,80039-TN7-S,22.0,21,1,2022-10-11,2022-10-16
W001,81535-461-50,22.0,22,1,2024-10-11,2024-10-31
invalid,81369-1KG-110,22.0,22,1,2024-01-17,2024-03-04
W001,67042-B42-90,22.0,22,5,2022-01-07,2022-03-27
invalid,60325-QX6-XL,22.0,21,1,2023-11-26,2023-11-28
W001,62423-J81-120,22.0,22,9,2022-01-10,2022-02-22
W001,82482-3AC-100,22.0,17,2,2024-10-08,2026-02-25
W001,67326-FE7-150,22.0,20,1,2022-03-10,2022-03-28
W001,66360-VH1-150,22.0,21,2,2022-01-10,2022-04-12
W001,67339-WE3-130,22.0,22,1,2022-05-24,2022-05-31
invalid,57826-SR4-110,22.0,22,1,2023-11-28,2023-11-29
invalid,44403-XT1-XL,22.0,22,1,2023-11-26,2023-11-30
invalid,47684-VP6-150,22.0,20,1,2022-03-19,2022-03-25
invalid,44403-QY5-S,22.0,22,1,2022-01-03,2022-01-12
invalid,68101-WE0-60,22.0,22,1,2022-09-27,2022-12-06
W001,65788-G44-1,22.0,22,1,2022-07-11,2022-08-01
W001,82489-3AE-50,22.0,14,1,2024-10-08,2026-01-07
invalid,54910-M23-80,22.0,21,1,2022-07-05,2022-08-01
invalid,67848-A38-110,22.0,22,1,2023-08-06,2023-08-25
W001,82489-3AH-50,22.0,14,1,2024-11-18,2026-02-10
invalid,81538-76X-NB,22.0,22,1,2024-10-03,2026-05-20
W001,68004-XH6-90,22.0,22,1,2022-07-14,2022-07-29
W001,68135-WV9-110,22.0,19,1,2022-07-13,2022-08-01
W001,82484-3N3-70,22.0,16,2,2025-05-01,2026-05-02
invalid,43205-A91-110,22.0,17,1,2023-06-28,2023-07-03
invalid,68171-XQ3-90,22.0,22,1,2022-08-21,2022-10-07
W001,61124-G43-85,22.0,22,1,2022-01-02,2022-01-05
W001,60784-VQ2-S,22.0,22,3,2022-02-01,2022-05-02
invalid,80374-262-60,22.0,22,1,2023-03-10,2023-03-20
invalid,66940-B42-90,22.0,22,1,2022-01-02,2022-01-04
invalid,67614-RR5-50,22.0,21,1,2022-06-08,2022-06-30
W001,82484-3AH-NB,22.0,21,1,2025-08-17,2026-02-25
W001,68164-C20-3Y,22.0,21,1,2022-07-14,2022-08-01
invalid,64979-TD4-XXL,22.0,20,1,2022-01-10,2022-07-04
invalid,68181-VX9-85,22.0,22,1,2022-07-18,2022-09-15
invalid,67404-1EX-140,22.0,22,1,2024-02-11,2024-03-07
invalid,67387-06G-140,22.0,19,1,2022-07-18,2022-08-15
invalid,68117-AD5-110,22.0,21,4,2023-10-04,2024-01-09
invalid,67704-WY2-150,22.0,22,1,2022-04-06,2022-04-27
invalid,67424-WG2-150,22.0,22,1,2022-05-22,2022-07-11
invalid,68119-XM5-100,22.0,22,1,2022-10-24,2022-11-15
invalid,67866-XA4-100,22.0,21,1,2022-06-03,2022-06-10
W001,82490-3BI-90,22.0,15,1,2025-02-03,2026-02-18
W001,82560-3AT-70,22.0,16,1,2024-10-03,2026-02-05
W001,82490-3BI-70,22.0,14,2,2024-10-14,2026-02-12
invalid,81390-1EL-100,22.0,20,1,2024-01-31,2024-03-06
W001,82585-3BH-70,22.0,16,2,2024-10-14,2026-02-20
invalid,83308-2XV-M,22.0,22,1,2025-01-10,2025-01-16
invalid,54630-BH5-M,22.0,22,1,2022-01-03,2022-01-16
invalid,59852-VK2-140,22.0,21,1,2022-03-03,2022-03-10
invalid,83308-2XV-L,22.0,22,1,2025-01-11,2025-01-19
invalid,50265-75Z-L,22.0,20,1,2022-01-09,2022-01-16
W001,44403-Q84-M,22.0,20,1,2022-01-26,2022-02-02
invalid,66994-QX6-M,22.0,20,1,2022-08-24,2022-09-04
invalid,67448-VU6-50,22.0,22,1,2022-01-25,2022-05-06
invalid,67860-WV1-150,22.0,21,1,2022-05-20,2022-06-09
invalid,67861-WX4-110,22.0,22,1,2022-04-07,2022-04-25
invalid,59852-QY5-130,22.0,21,1,2023-01-09,2023-01-26
invalid,67163-kl9-90,22.0,22,1,2022-01-06,2022-07-26
invalid,60603-WB2-XL,22.0,22,1,2022-05-09,2022-07-06
invalid,67182-M23-85,22.0,19,1,2022-01-09,2022-01-15
invalid,67182-GF2-150,22.0,22,1,2022-01-02,2022-01-07
invalid,30070-U74-XL,22.0,18,1,2022-01-05,2022-07-26
invalid,67160-VM0-XS,22.0,20,1,2022-06-13,2022-07-28
W001,83068-3MZ-85,22.0,17,1,2025-09-25,2026-03-12
invalid,67191-M23-110,22.0,22,1,2022-11-26,2022-11-28
invalid,67054-SR4-140,22.0,22,1,2022-01-02,2022-01-03
invalid,67470-117-110,22.0,22,1,2023-01-21,2023-04-01
W001,57538-GD4-70,22.0,22,1,2022-01-02,2022-07-16
invalid,80054-75Z-140,22.0,22,2,2022-11-23,2023-02-28
W001,65256-PF4-70,22.0,21,1,2022-01-03,2022-01-31
W001,67403-SK3-85,22.0,22,1,2022-07-01,2022-07-30
invalid,81142-882-75,22.0,22,1,2023-11-14,2023-11-29
invalid,45477-GF2-110,22.0,21,1,2022-01-02,2022-01-10
W001,59870-FX7-XS,22.0,18,2,2022-01-07,2022-01-23
invalid,65788-GK3-5,22.0,17,1,2022-03-10,2022-03-21
W001,66994-FU8-M,22.0,22,1,2022-01-25,2022-07-31
invalid,67593-NN0-150,22.0,22,1,2022-04-27,2022-07-23
W001,82307-1WO-70,21.0,21,1,2025-01-10,2025-03-11
W001,82307-2ES-60,21.0,21,1,2024-10-28,2025-01-03
invalid,57870-XG3-XXL,21.0,21,1,2022-08-08,2022-09-12
W001,82476-3MY-85,21.0,18,1,2025-05-01,2026-04-08
W001,82019-1VP-70,21.0,21,1,2024-11-18,2024-12-12
invalid,67377-181-150,21.0,21,2,2023-08-10,2023-10-04
invalid,47107-FX9-1,21.0,21,1,2022-01-05,2022-06-21
W001,60599-VW2-150,21.0,21,2,2022-01-05,2022-02-19
invalid,30810-GN1-L,21.0,20,1,2022-04-26,2022-05-10
invalid,52121-TE8-150,21.0,18,1,2022-07-11,2022-07-21
W001,83308-2XQ-M,21.0,21,1,2024-12-07,2024-12-16
invalid,67115-NK7-110,21.0,21,2,2022-01-02,2022-01-27
invalid,67167-VD8-110,21.0,21,2,2022-01-02,2022-01-21
W001,67090-V98-130,21.0,21,4,2022-01-12,2022-03-25
invalid,80970-964-140,21.0,21,1,2024-01-22,2024-03-05
invalid,67176-M23-120,21.0,21,2,2022-01-12,2022-02-02
invalid,67217-VJ7-140,21.0,21,1,2022-11-26,2022-12-03
W001,83068-3AN-85,21.0,17,1,2025-09-27,2026-06-14
invalid,67023-TW5-120,21.0,21,2,2022-01-18,2022-03-25
W001,66932-SR4-60,21.0,21,1,2022-01-08,2022-03-08
invalid,60611-VX4-120,21.0,21,1,2022-03-19,2022-03-23
W001,82586-VZ1-85,21.0,13,1,2025-03-03,2026-02-13
W001,82677-GK3-90,21.0,20,1,2025-01-08,2025-02-12
W001,82585-3BC-50,21.0,13,1,2024-10-08,2026-02-28
invalid,60784-VQ2-XXL,21.0,20,1,2022-01-02,2022-01-17
invalid,67971-SX8-150,21.0,21,1,2022-11-03,2022-11-27
invalid,52606-56X-11,21.0,21,3,2022-01-02,2022-02-13
invalid,37028-BS8-140,21.0,20,1,2022-10-04,2022-10-06
W001,44403-75Z-L,21.0,20,3,2022-01-15,2022-02-23
invalid,67217-XU1-140,21.0,21,1,2022-10-21,2022-11-14
invalid,67217-XU5-110,21.0,21,1,2022-12-02,2022-12-12
W001,67631-WW6-XL,21.0,20,2,2022-04-23,2022-05-12
W001,82560-3AT-50,21.0,14,1,2024-10-08,2026-02-05
invalid,59852-TN9-140,21.0,19,1,2023-11-23,2023-11-25
invalid,59852-TP7-150,21.0,20,1,2022-01-02,2022-01-03
invalid,80687-450-110,21.0,21,1,2023-05-05,2023-08-15
W001,82489-3AC-60,21.0,13,2,2024-10-08,2026-02-10
invalid,67862-WV5-120,21.0,21,1,2022-05-18,2022-05-24
invalid,67874-260-110,21.0,21,1,2023-05-30,2023-07-07
invalid,80262-978-140,21.0,20,2,2023-09-23,2024-01-22
invalid,48200-J86-XXS,21.0,21,1,2022-07-01,2022-07-28
W001,52621-75Z-7,21.0,16,5,2022-01-13,2022-02-25
invalid,68099-XH4-100,21.0,20,1,2022-08-01,2022-10-06
invalid,60599-uv8-150,21.0,21,3,2022-01-07,2022-02-01
invalid,81074-461-110,21.0,21,2,2023-10-04,2023-11-01
invalid,66971-FJ0-150,21.0,21,1,2022-01-02,2022-01-06
invalid,80630-711-120,21.0,21,1,2023-07-06,2023-07-08
W001,60325-TN7-S,21.0,21,2,2022-01-06,2022-08-01
W001,82488-3MZ-XS,21.0,18,1,2025-04-25,2026-06-18
invalid,61129-NV2-110,21.0,21,1,2022-03-06,2022-03-28
invalid,80285-260-130,21.0,21,1,2023-07-05,2023-07-07
invalid,67517-WX1-100,21.0,21,1,2022-06-25,2022-07-10
W001,60325-Q84-XS,21.0,21,4,2022-01-06,2022-03-01
invalid,67522-1EL-140,21.0,20,1,2024-01-18,2024-02-15
invalid,67691-HI2-130,21.0,21,1,2022-04-10,2022-04-28
invalid,65203-FU8-M,21.0,18,2,2022-04-27,2022-05-27
W001,68133-XB5-140,21.0,19,1,2022-07-14,2022-08-01
invalid,66955-990-120,21.0,21,2,2022-01-09,2022-03-10
W001,60784-NZ5-M,21.0,21,1,2022-06-05,2022-07-03
W001,61948-WV1-S,21.0,20,2,2022-06-29,2022-07-29
W001,60611-XE5-120,21.0,20,1,2022-07-14,2022-08-01
invalid,67270-BH5-110,21.0,20,1,2022-02-09,2022-03-16
invalid,67284-NJ1-100,21.0,19,3,2022-03-20,2023-09-29
W001,68164-C20-12,21.0,20,1,2022-07-13,2022-07-29
W001,67144-RS8-50,21.0,21,1,2022-01-03,2022-01-11
invalid,67537-VU6-120,21.0,21,1,2022-05-26,2022-05-31
W001,82482-3AC-90,21.0,16,3,2024-10-08,2026-02-25
invalid,62129-UK7-110,21.0,21,2,2022-06-25,2022-07-19
invalid,44403-XV3-XXL,21.0,18,1,2023-11-13,2023-11-17
invalid,67401-NV2-130,21.0,20,1,2022-07-09,2022-07-11
invalid,44403-FU8-XL,21.0,21,1,2023-11-26,2023-12-01
invalid,44403-FU8-XXL,21.0,19,1,2023-11-26,2023-11-30
invalid,67279-659-150,21.0,20,1,2023-12-28,2024-01-17
invalid,67300-VH1-100,21.0,21,1,2022-01-03,2022-01-16
invalid,67287-GF2-90,21.0,21,2,2022-09-05,2023-01-06
invalid,44403-XT9-XXL,21.0,21,1,2023-11-13,2023-11-15
invalid,58662-J91-XL,21.0,21,1,2022-04-28,2022-05-27
invalid,65597-WD5-50,21.0,21,2,2022-03-25,2022-04-27
W001,66994-TN7-L,21.0,21,2,2022-01-07,2022-08-01
invalid,80458-1JN-150,21.0,21,1,2024-01-20,2024-03-05
W001,47218-M23-XS,21.0,20,7,2022-01-06,2022-02-24
W001,82482-3AE-90,21.0,17,2,2024-10-08,2026-02-25
W001,82482-3AH-100,21.0,18,2,2024-10-08,2026-02-25
W001,82482-3AH-90,21.0,18,3,2024-10-08,2026-02-25
W001,81538-EF5-60,21.0,21,1,2024-10-11,2025-03-13
W001,66360-VH1-140,21.0,21,2,2022-01-03,2022-04-19
W001,66360-VJ4-130,21.0,21,3,2022-01-03,2022-02-21
W001,82478-3AQ-75,21.0,14,2,2024-10-08,2026-06-10
invalid,67555-WM6-90,21.0,21,1,2022-02-03,2022-03-15
W001,82476-3MY-90,21.0,18,1,2025-05-01,2026-04-08
invalid,80046-VJ7-L,21.0,17,1,2022-11-03,2022-11-04
invalid,60008-TN7-70,21.0,21,2,2022-02-17,2022-06-03
invalid,81369-1KG-100,21.0,21,1,2024-01-18,2024-03-06
invalid,67339-WE1-140,21.0,18,1,2022-04-29,2022-06-09
W001,67692-WK9-130,21.0,21,1,2022-07-14,2022-08-02
W001,67201-B42-130,21.0,21,6,2022-01-05,2022-02-10
W001,67685-WY4-85,21.0,21,1,2022-06-14,2022-06-27
invalid,60356-WV1-140,21.0,21,1,2022-07-09,2022-07-14
invalid,60325-VL8-L,21.0,21,1,2022-01-02,2022-01-11
W001,82094-2UK-M,21.0,19,1,2024-10-06,2024-10-15
invalid,67603-015-150,21.0,21,1,2022-08-01,2022-08-15
invalid,83842-4VQ-XXL,20.0,20,1,2025-09-15,2025-11-22
invalid,61948-WX3-XS,20.0,20,2,2022-04-19,2022-07-19
W001,30070-U74-L,20.0,19,2,2022-01-13,2022-07-19
invalid,60325-XV3-XXL,20.0,19,1,2023-11-17,2023-11-21
invalid,67983-VX9-120,20.0,20,1,2022-08-26,2022-09-05
invalid,65602-UT9-85,20.0,20,2,2022-01-02,2022-02-17
invalid,57835-990-120,20.0,19,1,2022-04-28,2022-04-29
invalid,65203-VJ8-M,20.0,18,1,2022-01-04,2022-01-08
W001,66861-UZ7-150,20.0,20,3,2022-01-02,2022-02-09
invalid,66936-XJ2-75,20.0,20,1,2022-07-13,2022-08-01
invalid,56587-PL5-L,20.0,19,1,2022-03-09,2022-03-26
invalid,66928-JG8-85,20.0,20,1,2022-01-03,2022-02-07
W001,66994-VK1-L,20.0,20,3,2022-01-08,2022-02-14
W001,33218-16N-120,20.0,20,1,2022-03-09,2022-03-15
invalid,67983-VX9-130,20.0,20,1,2023-01-15,2023-01-17
W001,52706-FX9-160,20.0,20,1,2022-01-21,2022-04-16
invalid,67971-181-140,20.0,20,1,2023-10-27,2023-11-22
invalid,80130-GF2-140,20.0,19,1,2022-11-28,2022-12-01
invalid,68010-XC8-120,20.0,20,1,2022-07-30,2022-08-07
W001,54899-RY2-XXL,20.0,20,1,2022-01-20,2022-01-31
invalid,55355-HY4-60,20.0,16,1,2022-01-05,2022-07-14
W001,67871-V98-120,20.0,19,1,2022-06-02,2022-07-01
invalid,57826-EF4-110,20.0,19,1,2022-06-28,2022-08-08
W001,67873-015-150,20.0,18,3,2022-04-30,2022-06-09
invalid,67236-M23-70,20.0,19,1,2022-01-12,2022-01-14
invalid,66994-TN9-XL,20.0,17,1,2023-11-29,2023-12-02
invalid,67111-VN3-XL,20.0,20,1,2022-11-16,2022-11-19
invalid,67087-76X-100,20.0,19,2,2022-01-08,2022-02-13
W001,47929-GN1-XS,20.0,14,1,2022-05-10,2022-08-01
invalid,80262-236-110,20.0,20,1,2023-05-27,2023-05-30
invalid,66994-QX6-XL,20.0,17,1,2023-11-27,2023-11-30
invalid,81470-1NP-100,20.0,20,1,2024-01-22,2024-02-13
invalid,81369-600-100,20.0,20,1,2024-01-18,2024-03-06
W001,48886-NN9-XS,20.0,20,2,2022-01-07,2022-02-01
invalid,67707-SG7-150,20.0,20,1,2022-04-04,2022-04-29
W001,68004-XG5-150,20.0,20,1,2022-07-19,2022-08-02
W001,67577-PG5-150,20.0,20,1,2022-06-20,2022-07-04
W001,68133-XB2-130,20.0,20,1,2022-07-14,2022-08-01
W001,67177-B42-140,20.0,20,6,2022-01-12,2022-02-22
invalid,80388-260-130,20.0,20,1,2023-01-14,2023-02-22
invalid,66971-QT3-150,20.0,20,1,2022-02-21,2022-03-06
W001,67101-FX9-XS,20.0,20,3,2022-01-10,2022-07-11
W001,82586-VZ1-90,20.0,12,1,2025-03-28,2026-02-13
W001,67236-M23-85,20.0,20,3,2022-01-02,2022-02-14
invalid,59852-VK6-150,20.0,20,2,2022-01-03,2022-06-16
W001,67249-M23-70,20.0,20,2,2022-01-10,2022-01-19
invalid,80079-033-100,20.0,20,1,2023-10-11,2023-10-16
invalid,45477-GF2-140,20.0,20,1,2022-01-03,2022-01-12
invalid,45360-QQ3-140,20.0,20,1,2022-01-02,2022-01-26
invalid,81154-801-140,20.0,20,1,2023-11-20,2023-11-22
invalid,45850-A91-110,20.0,18,1,2022-05-22,2022-06-04
invalid,67537-VU6-110,20.0,20,1,2022-03-09,2022-03-21
W001,82484-3AE-75,20.0,19,2,2024-10-08,2026-02-25
W001,52605-Q84-1,20.0,20,1,2022-01-03,2022-02-10
invalid,83270-3KL-60,20.0,20,1,2026-01-24,2026-05-30
invalid,68103-XS1-120,20.0,20,2,2022-07-24,2022-08-27
invalid,59852-XU1-100,20.0,19,1,2022-10-22,2022-10-22
W001,67216-HI2-90,20.0,20,1,2022-02-06,2022-04-25
invalid,51573-VL6-160,20.0,20,1,2022-08-17,2022-09-04
invalid,67229-VN2-85,20.0,20,1,2022-01-02,2022-01-05
W001,68135-XA5-90,20.0,19,1,2022-07-18,2022-08-01
W001,81535-76X-NB,20.0,20,1,2024-10-12,2025-04-12
W001,67574-VZ2-85,20.0,20,1,2022-06-24,2022-07-08
W001,68082-XL0-75,20.0,20,1,2022-07-12,2022-08-02
invalid,67378-WH9-150,20.0,20,1,2022-02-20,2022-04-13
W001,82478-3AL-80,20.0,17,2,2024-10-03,2026-04-08
invalid,46239-G44-100,20.0,18,2,2022-07-19,2022-12-09
W001,65256-PF4-100,20.0,19,1,2022-01-02,2022-01-03
invalid,67339-WE3-140,20.0,18,1,2022-05-02,2022-05-24
invalid,47068-FU8-XXL,20.0,19,1,2023-11-13,2023-11-17
invalid,67300-VJ3-85,20.0,19,2,2022-01-20,2022-06-27
invalid,67339-WE2-140,20.0,20,1,2022-03-16,2022-03-27
invalid,67287-NG6-90,20.0,19,1,2022-02-03,2022-02-19
invalid,44403-XW4-XL,20.0,20,1,2022-11-09,2022-11-15
W001,82480-3AQ-XXS,20.0,19,1,2025-01-27,2026-06-16
W001,82478-3NA-70,20.0,16,1,2025-04-24,2026-04-18
W001,82478-3MY-NB,20.0,17,1,2025-04-24,2026-06-12
W001,82478-3NA-50,20.0,15,1,2025-04-24,2026-06-09
invalid,67387-SR4-150,20.0,20,1,2023-05-31,2023-07-02
W001,60325-TN7-M,20.0,20,1,2022-01-14,2022-08-01
W001,82489-3AH-70,20.0,14,1,2024-11-18,2026-02-10
invalid,39973-QQ3-140,20.0,18,1,2022-07-01,2022-07-28
invalid,67449-WL0-XXS,20.0,20,2,2022-04-01,2022-06-27
W001,67071-FX7-S,20.0,19,2,2022-01-04,2022-07-13
W001,67074-FV7-L,20.0,19,1,2022-01-09,2022-05-05
W001,43197-NV2-80,20.0,20,1,2022-03-05,2022-05-09
W001,82485-3BJ-75,20.0,18,2,2024-10-08,2026-02-25
invalid,81093-740-150,20.0,20,1,2023-10-08,2023-11-06
W001,82488-3BI-XS,20.0,17,2,2025-01-20,2026-06-17
W001,83308-2YF-L,20.0,20,1,2024-12-08,2025-01-09
W001,83068-3AN-90,20.0,17,1,2025-09-27,2026-04-08
W001,83068-3AN-80,20.0,17,1,2025-09-27,2026-06-15
W001,67454-VV2-85,20.0,20,3,2022-03-30,2022-07-02
invalid,80918-978-140,20.0,18,1,2023-11-25,2023-12-04
W001,67255-Q84-L,19.0,18,2,2022-01-07,2022-01-25
invalid,57826-EH3-110,19.0,19,1,2022-12-30,2023-01-03
W001,57827-015-120,19.0,18,5,2022-01-02,2022-02-11
invalid,65203-VJ6-M,19.0,18,1,2022-01-02,2022-01-03
invalid,68012-XJ4-120,19.0,19,1,2022-07-14,2022-07-28
W001,67867-WX3-120,19.0,19,8,2022-05-15,2022-07-01
invalid,58662-WR4-XL,19.0,19,1,2022-06-05,2022-07-18
W001,67255-Q84-M,19.0,16,4,2022-01-07,2022-02-22
invalid,83842-4VO-XL,19.0,19,1,2025-09-15,2025-10-20
W001,67266-BH5-L,19.0,17,1,2022-02-05,2022-02-13
invalid,62027-XA7-75,19.0,19,1,2022-07-18,2022-07-28
invalid,66935-SR4-NB,19.0,19,1,2022-01-04,2022-02-21
invalid,66862-UZ7-XS,19.0,19,1,2022-01-02,2022-01-15
invalid,66930-SR4-90,19.0,19,1,2022-01-04,2022-01-19
invalid,57538-NM9-100,19.0,19,1,2022-11-30,2022-12-02
W001,58660-WQ7-L,19.0,18,1,2022-07-18,2022-08-01
invalid,67871-V98-85,19.0,19,1,2022-07-03,2022-07-05
W001,82481-3MY-75,19.0,15,1,2025-04-25,2026-05-08
W001,82482-3AE-85,19.0,15,2,2024-10-08,2026-02-25
invalid,44403-QX6-L,19.0,15,1,2022-04-23,2022-07-24
W001,47068-FU8-S,19.0,18,3,2022-01-08,2022-07-14
W001,60008-QX6-80,19.0,19,1,2022-01-03,2022-01-30
invalid,52621-75Z-2,19.0,18,1,2022-01-12,2022-02-16
W001,81538-461-NB,19.0,19,1,2024-10-10,2025-04-01
W001,68164-C20-7,19.0,18,1,2022-07-13,2022-08-01
W001,68082-XJ2-90,19.0,19,1,2022-07-14,2022-08-01
invalid,47929-GN1-L,19.0,17,2,2022-01-17,2024-01-31
W001,68082-XJ2-75,19.0,19,1,2022-07-14,2022-08-02
W001,68125-XB2-85,19.0,18,1,2022-07-14,2022-08-01
invalid,54899-658-M,19.0,19,1,2023-12-07,2023-12-27
invalid,81535-76X-NB,19.0,19,1,2025-04-19,2025-10-12
W001,62515-76X-120,19.0,19,3,2022-01-24,2022-02-15
W001,82476-3AP-100,19.0,11,1,2024-10-08,2026-02-18
invalid,67374-015-100,19.0,18,1,2022-10-25,2022-11-02
invalid,67368-VZ2-85,19.0,19,1,2022-02-01,2022-04-01
W001,65203-FU8-XS,19.0,18,1,2022-01-20,2022-02-10
W001,67537-001-120,19.0,19,2,2022-01-08,2022-02-17
invalid,81075-C57-140,19.0,17,2,2023-10-22,2024-02-02
W001,60612-XE5-90,19.0,19,1,2022-07-14,2022-08-01
invalid,67419-76X-110,19.0,19,1,2022-07-26,2022-07-28
W001,82486-3BC-100,19.0,13,2,2024-10-08,2026-02-18
invalid,43201-A91-80,19.0,16,1,2022-01-02,2022-01-08
W001,61964-WX6-XXL,19.0,18,1,2022-05-25,2022-06-23
W001,82562-3BG-90,19.0,15,2,2024-10-03,2026-03-13
W001,67092-F04-150,19.0,19,1,2022-01-26,2022-04-23
invalid,33081-S74-80,19.0,19,2,2022-07-04,2022-12-14
W001,83308-2XQ-XS,19.0,19,1,2024-12-09,2025-01-03
invalid,67521-NU7-85,19.0,19,1,2022-03-09,2022-03-19
W001,82490-3BI-50,19.0,11,1,2024-11-18,2026-02-12
W001,82490-3BI-85,19.0,15,2,2024-10-14,2026-02-18
W001,82489-3AC-50,19.0,12,1,2024-10-08,2026-02-10
invalid,80655-450-140,19.0,18,1,2023-10-26,2023-10-30
W001,82485-3BC-NB,19.0,17,2,2024-10-08,2026-05-15
W001,82488-3MZ-NB,19.0,14,1,2025-07-31,2026-06-12
W001,47053-FX7-75,19.0,19,3,2022-01-03,2022-02-22
invalid,67424-LZ2-130,19.0,19,1,2023-01-16,2023-01-17
W001,82560-3B3-70,19.0,14,2,2024-10-03,2026-03-13
W001,82560-3B3-50,19.0,13,1,2024-10-03,2026-03-13
W001,82585-3BA-70,19.0,10,2,2024-10-08,2026-01-30
invalid,60325-QX6-L,19.0,19,2,2022-01-23,2022-07-22
invalid,83308-2XV-XL,19.0,19,1,2025-01-10,2025-01-20
W001,82585-3BH-60,19.0,14,1,2025-01-20,2026-02-20
W001,82585-3BJ-60,19.0,13,1,2024-10-08,2025-10-01
W001,67103-VJ4-XXL,19.0,19,2,2022-01-06,2022-02-24
invalid,80915-AD5-140,19.0,19,1,2024-02-02,2024-03-06
W001,82562-3AT-100,19.0,16,2,2024-10-03,2026-02-18
invalid,60600-WC9-120,19.0,19,1,2022-02-19,2022-02-23
invalid,60611-VW7-160,19.0,18,1,2022-01-19,2022-03-12
invalid,60310-FX9-S,19.0,18,2,2022-01-10,2024-12-12
invalid,60599-VS9-150,19.0,18,1,2023-07-06,2023-07-23
invalid,80032-XW4-120,19.0,17,1,2022-11-28,2022-12-02
W001,67704-WY2-160,19.0,19,1,2022-05-12,2022-05-25
invalid,80054-AN8-150,19.0,18,1,2022-11-25,2022-11-30
W001,67706-WX5-75,19.0,18,1,2022-07-01,2022-07-03
W001,67249-SR4-50,19.0,19,1,2022-01-03,2022-01-14
W001,67252-75Z-L,18.0,16,3,2022-01-06,2022-06-27
invalid,80054-75Z-150,18.0,17,1,2022-11-24,2022-11-27
invalid,80054-XU5-150,18.0,18,1,2022-12-03,2022-12-13
W001,51836-XB5-70,18.0,18,1,2022-07-15,2022-08-01
W001,52408-Q84-160,18.0,18,8,2022-01-25,2022-02-25
invalid,59852-TN9-160,18.0,15,1,2023-11-25,2023-11-27
invalid,59852-QX6-150,18.0,17,1,2023-11-28,2023-11-29
invalid,59956-82F-90,18.0,17,3,2022-03-10,2022-04-13
invalid,59852-XS9-150,18.0,18,1,2023-10-13,2023-10-14
W001,82562-3AT-90,18.0,15,1,2024-10-03,2026-02-18
W001,82562-3BG-100,18.0,14,2,2024-10-03,2026-03-13
invalid,60599-VU6-130,18.0,18,1,2022-07-07,2022-07-07
W001,82562-3BK-110,18.0,13,1,2024-10-03,2025-11-25
W001,82585-3BC-90,18.0,11,2,2024-10-09,2026-02-28
W001,82560-3BG-75,18.0,14,2,2024-10-03,2026-03-13
W001,44403-VK5-S,18.0,17,3,2022-01-07,2022-01-27
W001,83068-3MZ-100,18.0,17,1,2025-09-25,2026-03-12
W001,82489-3N3-60,18.0,10,1,2025-04-28,2026-03-12
W001,67127-QR7-XS,18.0,18,1,2022-01-11,2022-03-25
invalid,67482-VD8-120,18.0,18,1,2022-02-03,2022-03-01
invalid,33081-GN1-85,18.0,18,1,2022-01-02,2022-01-26
W001,83068-3MZ-90,18.0,15,1,2025-09-25,2026-02-12
W001,67092-F04-90,18.0,18,4,2022-03-04,2022-06-14
W001,82585-3BA-80,18.0,9,1,2024-10-14,2026-01-30
W001,67494-WJ3-85,18.0,18,2,2022-05-19,2022-06-26
W001,60600-WX3-160,18.0,17,1,2022-05-12,2022-05-17
W001,60325-VJ5-S,18.0,16,3,2022-01-18,2022-03-04
W001,83308-2XU-XS,18.0,18,1,2024-12-08,2025-01-16
W001,83308-2YF-S,18.0,18,1,2024-12-05,2025-01-08
W001,83308-2XQ-S,18.0,18,1,2024-12-09,2024-12-18
W001,82478-3AQ-50,18.0,14,2,2024-10-08,2026-05-28
W001,43197-011-140,18.0,18,2,2022-01-03,2022-02-25
W001,82482-3AC-85,18.0,15,2,2024-10-08,2026-02-25
invalid,80649-433-90,18.0,18,1,2023-07-05,2023-07-09
W001,82488-3MX-XS,18.0,17,1,2025-07-31,2026-06-18
invalid,67404-WX1-100,18.0,18,1,2022-06-25,2022-07-13
invalid,67410-VV2-85,18.0,18,1,2022-11-01,2022-12-03
invalid,43205-015-90,18.0,18,2,2023-01-17,2023-09-16
invalid,67401-260-140,18.0,17,1,2023-07-12,2023-07-14
invalid,67404-1FK-150,18.0,18,1,2024-02-25,2024-03-07
invalid,67401-HI7-140,18.0,18,1,2023-07-11,2023-07-25
W001,82482-3AC-110,18.0,15,2,2024-10-08,2026-02-25
invalid,44403-VJ6-XXL,18.0,17,1,2022-01-11,2022-01-30
W001,82486-3BA-90,18.0,14,3,2024-10-08,2026-02-12
invalid,80655-259-140,18.0,18,1,2023-07-03,2023-07-14
invalid,80630-711-130,18.0,18,1,2023-07-09,2023-07-12
W001,67071-FX7-XL,18.0,17,2,2022-01-12,2022-07-21
invalid,37028-UU9-150,18.0,13,1,2022-02-18,2022-02-22
W001,82562-3AT-110,18.0,15,1,2024-10-03,2026-02-18
W001,58663-WR4-XL,18.0,17,1,2022-06-07,2022-07-23
invalid,67861-WX4-90,18.0,18,1,2022-04-09,2022-04-21
W001,59845-QY5-XXL,18.0,18,1,2022-01-12,2022-07-27
invalid,67688-EH3-150,18.0,18,1,2022-05-25,2022-06-03
invalid,67192-76X-110,18.0,18,3,2022-01-02,2022-02-08
W001,59956-82F-85,18.0,18,2,2022-01-03,2022-05-15
W001,82478-3AR-80,18.0,14,2,2024-10-03,2026-06-18
W001,67867-WX3-140,18.0,18,7,2022-05-23,2022-07-01
W001,59818-015-130,18.0,18,5,2022-01-11,2022-02-21
W001,67630-990-140,18.0,18,1,2022-06-16,2022-06-30
invalid,83444-2NP-XXL,18.0,18,1,2025-01-28,2025-04-04
invalid,62118-CP2-90,18.0,18,2,2022-03-17,2022-03-28
invalid,59781-M23-130,18.0,18,3,2022-01-03,2022-12-29
invalid,66661-AT2-150,18.0,18,1,2022-01-03,2022-03-28
invalid,65757-015-OS,18.0,18,1,2024-08-06,2024-08-08
W001,58665-NL3-S,18.0,17,2,2022-01-02,2022-01-10
W001,33218-1KJ-100,18.0,18,1,2025-01-20,2025-04-10
W001,67871-78M-110,18.0,18,7,2022-05-13,2022-07-26
W001,59781-M23-100,18.0,18,3,2022-01-14,2022-01-26
W001,67537-VU6-100,18.0,18,1,2022-01-03,2022-01-31
invalid,67287-NG6-130,18.0,18,1,2022-02-27,2022-03-16
invalid,67282-VZ1-100,18.0,17,1,2022-01-02,2022-01-10
invalid,50265-75Z-XL,18.0,17,2,2022-01-07,2022-02-05
W001,82478-3AK-75,18.0,14,2,2024-10-03,2026-02-05
W001,82476-3AQ-90,18.0,12,2,2024-10-03,2026-04-08
W001,82476-3AP-90,18.0,11,1,2024-10-08,2026-02-18
W001,82476-3AL-110,18.0,15,1,2024-10-03,2026-02-05
invalid,67379-VU7-140,18.0,18,2,2022-03-12,2022-04-18
invalid,81149-799-90,18.0,18,1,2023-10-10,2023-11-06
invalid,67387-06G-130,18.0,18,1,2022-11-21,2022-12-02
W001,82484-3AE-NB,18.0,17,1,2024-10-08,2026-03-16
W001,60008-VJ9-60,18.0,18,2,2022-01-06,2022-05-24
W001,68164-A71-10,18.0,17,1,2022-07-13,2022-08-01
invalid,67113-VN3-150,18.0,16,1,2022-04-27,2022-06-17
W001,67176-M23-100,18.0,18,7,2022-01-06,2022-02-26
invalid,55460-TK4-140,18.0,18,1,2022-06-27,2022-07-26
W001,67357-VX6-150,18.0,18,1,2022-02-16,2022-03-27
invalid,81553-VZ2-70,18.0,18,1,2025-04-24,2025-05-20
invalid,81553-VZ2-NB,18.0,18,1,2025-04-21,2025-05-20
invalid,66974-SR4-130,18.0,18,1,2022-10-15,2022-10-20
W001,67901-QN4-110,18.0,17,1,2022-07-14,2022-07-23
invalid,66974-G44-130,18.0,18,1,2022-11-30,2022-12-03
invalid,66994-XS9-XXL,18.0,17,1,2023-11-29,2023-12-05
W001,68008-XJ4-110,18.0,17,1,2022-07-13,2022-08-01
invalid,67052-M23-120,18.0,16,1,2022-01-02,2022-01-21
invalid,67090-A79-130,18.0,18,2,2022-03-20,2022-03-30
invalid,67096-FX8-100,18.0,16,1,2022-01-04,2022-03-20
invalid,67567-KT4-120,18.0,17,1,2024-01-29,2024-03-05
W001,66936-UV5-70,17.0,17,1,2022-07-14,2022-08-02
W001,66970-UX9-S,17.0,16,1,2022-01-03,2022-01-10
invalid,80054-xw3-150,17.0,17,1,2022-12-04,2022-12-09
W001,60599-XA7-110,17.0,16,1,2022-07-20,2022-08-02
W001,83069-3MZ-70,17.0,10,1,2025-05-01,2026-02-10
W001,82585-3BC-85,17.0,11,2,2024-10-09,2026-02-28
W001,82562-3BG-110,17.0,13,2,2024-10-03,2026-03-13
W001,82585-3BH-50,17.0,11,1,2025-01-20,2026-02-12
W001,82560-3AT-75,17.0,13,2,2024-10-03,2026-02-05
W001,82560-3B3-75,17.0,12,2,2024-10-03,2026-03-13
W001,83068-3MW-70,17.0,15,1,2025-09-27,2026-06-15
W001,83068-3AN-100,17.0,15,1,2025-09-27,2026-04-08
W001,82585-3BA-60,17.0,9,1,2024-10-08,2026-01-30
W001,84401-6BU-80,17.0,11,1,2026-04-08,2026-05-21
W001,82562-3AT-85,17.0,14,2,2024-10-03,2026-02-18
invalid,67517-359-85,17.0,17,1,2023-02-27,2023-06-05
W001,82488-3NC-XXS,17.0,16,1,2025-07-31,2026-06-10
W001,82489-3BI-50,17.0,11,2,2024-10-08,2026-01-07
W001,82489-3BI-60,17.0,11,2,2024-10-08,2026-01-07
W001,59852-QX6-100,17.0,16,2,2022-01-27,2022-05-07
W001,67399-WW6-110,17.0,17,2,2022-06-19,2022-08-02
W001,82476-3AK-90,17.0,11,1,2024-10-03,2026-01-30
W001,82478-3AL-NB,17.0,11,1,2024-10-08,2026-02-28
W001,82478-3AK-50,17.0,11,2,2024-10-08,2026-02-05
W001,82483-3AH-100,17.0,12,1,2025-02-06,2026-04-08
W001,68082-XL0-80,17.0,16,1,2022-07-19,2022-07-31
invalid,67157-RT9-85,17.0,17,1,2022-07-04,2022-08-01
W001,82478-3MU-70,17.0,11,1,2025-09-26,2026-06-10
invalid,67404-SK3-130,17.0,17,1,2022-01-27,2022-02-02
invalid,67407-78M-110,17.0,16,1,2022-06-26,2022-07-01
invalid,45039-001-12,17.0,11,1,2022-10-29,2022-11-08
W001,82481-3MY-80,17.0,15,1,2025-04-25,2026-05-12
W001,82562-3AT-120,17.0,13,2,2024-10-03,2026-02-18
invalid,67472-135-140,17.0,17,1,2023-05-29,2023-06-13
W001,67514-WV2-M,17.0,17,4,2022-05-25,2022-08-01
invalid,67522-1HM-100,17.0,16,1,2024-01-22,2024-03-06
W001,82484-3MX-50,17.0,13,2,2025-07-31,2026-06-10
invalid,67425-WD5-L,17.0,17,1,2022-03-06,2022-03-30
invalid,67425-PH7-M,17.0,17,1,2022-02-27,2022-03-20
invalid,81094-BD4-100,17.0,16,1,2023-10-04,2023-10-17
W001,82486-3BC-90,17.0,13,2,2024-10-08,2026-02-18
invalid,67378-WJ2-85,17.0,16,2,2022-04-11,2022-07-14
W001,60325-FU8-L,17.0,16,2,2022-01-18,2022-07-10
W001,82486-3BC-85,17.0,14,1,2024-10-08,2026-02-18
W001,67903-XH0-110,17.0,17,1,2022-07-13,2022-07-31
invalid,67103-VJ4-S,17.0,14,2,2022-01-10,2022-09-19
W001,81553-VZ2-NB,17.0,16,1,2024-10-12,2025-03-14
W001,59852-TN9-85,17.0,17,1,2022-01-13,2022-03-28
invalid,57698-RP5-100,17.0,15,1,2023-08-31,2023-09-27
invalid,66864-264-XS,17.0,17,1,2023-06-05,2023-08-04
invalid,66736-UT6-140,17.0,17,1,2022-01-04,2022-01-10
W001,36086-A91-140,17.0,15,5,2022-01-06,2022-02-01
W001,39537-53H-S,17.0,17,7,2022-01-03,2022-02-24
invalid,66994-FU8-S,17.0,17,1,2022-08-06,2022-09-07
invalid,54899-PF2-XL,17.0,16,1,2022-01-09,2022-02-03
invalid,55460-VG0-140,17.0,15,1,2022-01-03,2022-01-11
W001,67580-PM8-140,17.0,16,1,2022-06-23,2022-07-09
invalid,67086-VB8-120,17.0,17,3,2022-01-16,2022-02-15
invalid,67087-GF2-120,17.0,17,4,2022-01-09,2022-02-15
invalid,67090-A79-110,17.0,17,2,2022-03-06,2022-04-25
invalid,67092-F04-100,17.0,17,4,2022-02-15,2022-06-29
W001,67589-AI1-85,17.0,16,1,2022-06-20,2022-07-31
W001,67987-XH9-130,17.0,16,1,2022-07-19,2022-08-01
invalid,67845-DK4-110,17.0,17,1,2022-03-30,2022-04-25
W001,52695-kl9-S,17.0,17,2,2022-01-05,2022-07-15
W001,59845-QX6-L,17.0,16,4,2022-01-02,2022-03-19
W001,59781-GF2-100,17.0,17,1,2022-01-08,2022-04-28
W001,59781-M23-140,17.0,17,4,2022-01-08,2022-01-27
invalid,82485-3BC-70,17.0,14,1,2024-10-08,2025-05-07
W001,66360-VJ3-130,17.0,17,2,2022-01-08,2022-04-24
invalid,67983-VX9-140,17.0,17,1,2023-01-15,2023-01-17
invalid,67983-J81-150,17.0,15,1,2022-11-27,2022-11-29
invalid,58660-85H-XS,17.0,17,1,2022-07-15,2022-07-28
invalid,67983-J81-140,17.0,17,1,2022-11-27,2022-11-30
W001,67188-GF2-110,17.0,17,3,2022-01-14,2022-01-31
W001,66718-VF8-150,17.0,17,3,2022-01-02,2022-02-25
invalid,62515-CM4-110,17.0,17,1,2022-01-04,2022-01-05
W001,66736-UY2-80,17.0,17,1,2022-01-02,2022-01-18
invalid,60325-XW4-S,17.0,17,1,2023-01-17,2023-02-05
W001,30070-16N-L,17.0,17,1,2022-01-19,2022-02-14
W001,52695-kl9-L,16.0,16,1,2022-01-09,2022-07-10
W001,52667-FX8-OS,16.0,16,3,2022-01-10,2022-02-18
invalid,81369-CB8-100,16.0,16,1,2024-01-18,2024-03-02
W001,40152-V98-10,16.0,15,1,2022-07-13,2022-07-30
invalid,51891-GK3-85,16.0,14,1,2022-01-05,2022-01-29
invalid,67366-WK4-120,16.0,15,2,2022-01-14,2022-05-16
W001,82476-3AL-120,16.0,13,2,2024-10-03,2026-02-05
W001,65203-Q84-XL,16.0,16,2,2022-01-06,2022-02-23
W001,82476-3MU-100,16.0,12,1,2025-09-25,2025-11-06
invalid,62423-10F-110,16.0,13,1,2022-01-02,2022-01-10
invalid,62373-PG5-90,16.0,16,1,2022-03-10,2022-03-15
W001,66356-VJ4-XXL,16.0,16,1,2022-01-11,2022-07-05
W001,82562-3BK-90,16.0,13,1,2024-10-03,2025-11-25
W001,82562-3BK-100,16.0,13,1,2024-10-03,2025-11-25
invalid,80454-015-150,16.0,16,1,2023-07-17,2023-07-18
invalid,67537-VU6-90,16.0,16,1,2022-03-09,2022-03-21
invalid,67295-WB2-XXL,16.0,15,1,2022-05-26,2022-06-18
invalid,81185-75Z-XL,16.0,16,1,2023-10-17,2023-10-22
W001,82476-3MY-110,16.0,15,1,2025-05-01,2026-02-18
W001,82476-3MU-90,16.0,11,1,2025-09-25,2025-11-06
W001,59845-QY5-S,16.0,15,1,2022-01-17,2022-07-04
W001,33175-TT2-75,16.0,16,1,2022-02-24,2022-03-22
W001,33175-TT2-70,16.0,16,1,2022-03-04,2022-05-31
W001,65788-G44-NB,16.0,15,1,2022-07-11,2022-08-01
W001,52408-Q84-110,16.0,16,8,2022-01-28,2022-02-24
W001,83068-3MW-60,16.0,15,1,2025-09-27,2026-06-01
W001,82562-3B3-110,16.0,13,2,2024-10-03,2026-03-13
invalid,57538-GD4-130,16.0,16,1,2022-07-09,2022-07-27
invalid,67287-NG6-100,16.0,16,1,2022-04-03,2022-04-13
W001,67631-WW6-L,16.0,16,2,2022-05-13,2022-06-25
W001,67631-WV1-L,16.0,16,2,2022-06-05,2022-06-29
W001,82112-2UQ-150,16.0,15,1,2025-01-08,2025-01-09
invalid,81114-560-120,16.0,16,1,2023-10-12,2023-10-15
W001,81553-76X-NB,16.0,16,1,2024-10-17,2025-03-24
W001,66994-TN7-S,16.0,14,2,2022-01-11,2022-08-01
invalid,67273-WC1-150,16.0,14,1,2022-01-08,2022-02-05
invalid,67401-GK3-85,16.0,16,2,2023-02-06,2024-03-04
W001,67042-B42-85,16.0,16,1,2022-01-26,2022-04-21
invalid,61129-NV2-130,16.0,16,1,2022-04-29,2022-05-02
W001,33218-TT2-150,16.0,16,2,2022-02-15,2022-06-13
W001,59852-VP1-160,16.0,16,5,2022-01-14,2022-02-12
W001,82562-3B3-90,16.0,12,2,2024-10-03,2026-03-13
W001,83069-3AE-80,16.0,14,1,2025-05-01,2026-06-18
W001,83069-3AE-70,16.0,12,1,2025-05-01,2026-01-23
W001,83069-3AE-60,16.0,10,1,2025-05-01,2026-01-23
invalid,67401-HI7-150,16.0,16,2,2023-06-27,2024-01-06
W001,82478-3MU-60,16.0,10,1,2025-09-26,2025-11-06
invalid,67261-VN4-M,16.0,15,1,2022-01-10,2022-01-18
W001,61129-VX7-130,16.0,16,1,2022-06-01,2022-06-09
W001,61948-WV1-XS,16.0,15,1,2022-05-19,2022-06-30
W001,61129-VX7-150,16.0,16,1,2022-02-16,2022-03-13
invalid,45360-48Q-140,16.0,16,2,2022-01-02,2022-07-25
invalid,80262-231-140,16.0,16,2,2023-02-03,2023-06-21
invalid,68014-XE4-85,16.0,16,1,2023-01-05,2023-01-05
invalid,67027-D16-90,16.0,15,1,2022-12-01,2022-12-06
invalid,81055-045-XL,16.0,14,1,2023-10-25,2023-11-01
W001,82479-3MY-60,16.0,10,1,2025-04-24,2026-06-10
W001,60612-XE5-150,16.0,16,1,2022-07-12,2022-07-31
W001,82480-3AQ-XS,16.0,15,1,2025-01-27,2026-06-13
W001,82480-3AL-XXS,16.0,14,1,2024-10-08,2026-06-16
invalid,43205-SR4-140,16.0,15,1,2024-01-03,2024-01-09
invalid,67248-A79-70,16.0,16,2,2022-02-16,2022-08-23
W001,82481-3MY-70,16.0,12,1,2025-04-25,2026-03-17
W001,60599-VW2-85,16.0,14,1,2022-05-24,2022-05-29
W001,67078-FX9-S,16.0,15,5,2022-01-07,2022-03-18
W001,59845-VP1-S,16.0,14,4,2022-01-13,2022-02-06
invalid,59852-VJ8-140,16.0,15,1,2022-01-03,2022-07-19
W001,68047-XJ3-80,16.0,16,1,2022-07-14,2022-08-01
W001,68135-UV5-150,16.0,16,1,2022-07-14,2022-08-01
invalid,39973-AH1-85,16.0,16,1,2022-02-19,2022-04-08
invalid,67582-WS8-85,16.0,15,1,2022-07-03,2022-07-14
invalid,67567-KT4-140,16.0,16,1,2024-01-29,2024-03-04
invalid,68007-XH7-120,16.0,16,1,2022-11-09,2022-11-28
W001,83308-2YF-M,16.0,16,1,2024-12-06,2024-12-26
W001,83308-2XU-XL,16.0,16,1,2024-12-11,2025-01-11
W001,83308-2XU-L,16.0,16,1,2024-12-07,2024-12-19
W001,83308-2XQ-XL,16.0,16,1,2024-12-09,2024-12-29
W001,83308-2XQ-L,16.0,16,1,2024-12-08,2024-12-30
W001,67401-NV2-150,16.0,16,1,2022-03-09,2022-03-17
W001,44403-VP1-XL,16.0,16,3,2022-01-12,2022-02-21
W001,82483-3AH-90,16.0,12,1,2025-02-06,2026-04-08
W001,82483-3AH-85,16.0,12,1,2025-02-06,2026-04-08
W001,68012-XJ4-90,16.0,16,1,2022-07-21,2022-08-01
W001,68069-XJ2-90,16.0,16,1,2022-07-13,2022-07-31
invalid,59852-VP1-120,16.0,16,2,2022-01-02,2022-01-03
W001,67157-RT9-150,16.0,16,1,2022-07-01,2022-08-03
invalid,80648-450-90,16.0,15,1,2024-01-16,2024-03-05
W001,82490-3BI-60,16.0,11,1,2024-11-18,2026-02-12
invalid,67086-VH4-90,16.0,15,2,2022-01-06,2022-02-07
W001,67691-3EE-110,16.0,15,1,2025-04-10,2025-04-15
invalid,80252-XT8-140,16.0,16,1,2022-10-18,2022-10-24
W001,67504-VH3-85,16.0,16,1,2022-02-06,2022-03-04
invalid,80155-xw3-XL,16.0,15,1,2022-11-21,2022-11-25
W001,82484-3AJ-NB,16.0,15,1,2024-12-09,2026-04-18
W001,60325-VP1-XL,16.0,16,3,2022-01-13,2022-02-11
invalid,60600-PH7-85,16.0,16,1,2022-01-05,2022-01-28
W001,67132-TS1-XXL,16.0,15,1,2022-01-03,2022-02-20
W001,82485-3BC-75,16.0,14,2,2024-10-08,2026-02-12
W001,82485-3BC-70,16.0,15,2,2025-06-30,2026-06-17
invalid,67092-UD1-100,16.0,16,1,2022-04-30,2022-05-10
invalid,82036-IVJ-70,16.0,16,1,2024-08-24,2024-09-29
invalid,67090-B42-100,16.0,15,3,2022-01-09,2022-04-26
W001,52399-011-XL,16.0,14,2,2022-01-09,2022-02-21
W001,67871-VZ1-110,16.0,16,5,2022-05-12,2022-07-25
W001,60325-TN9-XS,16.0,15,1,2022-01-10,2022-08-02
W001,82489-3N3-70,16.0,10,1,2025-04-28,2026-05-08
invalid,68150-G44-50,16.0,16,1,2023-02-14,2023-03-21
invalid,67158-HI2-100,16.0,16,1,2022-01-02,2022-01-04
invalid,60599-VV2-90,16.0,16,1,2022-02-24,2022-03-02
invalid,67603-GK3-90,16.0,15,1,2022-07-10,2022-07-21
W001,84401-6BU-75,16.0,11,1,2026-04-08,2026-05-21
invalid,65591-XK9-70,16.0,16,1,2022-07-13,2022-07-27
W001,66640-JB1-85,16.0,16,1,2022-01-05,2022-02-28
W001,82585-3BA-75,16.0,9,2,2024-12-09,2026-01-30
invalid,68122-D16-110,16.0,16,1,2022-09-19,2022-09-28
invalid,65649-16N-90,16.0,10,1,2022-01-02,2022-02-05
W001,82476-3AQ-100,16.0,11,2,2024-10-03,2026-04-08
W001,67217-V98-120,16.0,16,4,2022-01-18,2022-02-10
W001,33175-S74-110,16.0,16,2,2022-01-07,2022-01-17
W001,52706-FX8-130,16.0,15,3,2022-01-08,2022-03-28
W001,82585-3BJ-50,16.0,11,1,2024-10-08,2025-10-01
invalid,68116-XJ5-110,15.0,15,3,2022-10-31,2023-01-29
invalid,80371-292-50,15.0,14,1,2023-02-17,2023-06-05
invalid,80432-291-110,15.0,15,2,2023-05-10,2023-11-26
W001,82585-3BH-75,15.0,11,1,2024-10-14,2026-03-08
W001,67217-75Z-130,15.0,15,6,2022-01-24,2022-02-24
invalid,67536-WQ1-120,15.0,14,2,2022-05-27,2022-07-16
W001,82586-VZ1-50,15.0,11,1,2025-01-27,2026-02-13
W001,67258-NG1-XL,15.0,15,2,2022-01-10,2022-04-07
invalid,64979-GN1-XS,15.0,14,2,2022-01-08,2022-05-04
invalid,83257-2KE-NB,15.0,15,1,2026-01-27,2026-05-26
invalid,66358-VJ4-M,15.0,15,2,2022-01-04,2022-01-10
W001,82476-3AK-100,15.0,9,1,2024-10-03,2026-01-30
invalid,67495-VZ2-130,15.0,15,1,2022-07-11,2022-07-27
W001,82482-3AH-110,15.0,14,2,2024-12-09,2026-02-25
invalid,80262-236-140,15.0,15,1,2023-06-03,2023-06-07
invalid,82484-3AG-60,15.0,12,1,2024-12-09,2025-06-02
invalid,80262-236-150,15.0,15,1,2023-04-05,2023-04-26
invalid,67122-PT0-120,15.0,15,1,2022-01-02,2022-01-03
W001,82486-3BC-110,15.0,13,2,2024-10-08,2026-02-18
invalid,67990-BD4-120,15.0,15,1,2023-05-31,2023-06-01
W001,57802-A91-100,15.0,15,2,2022-02-09,2022-03-21
W001,82488-3AG-XS,15.0,11,2,2024-10-14,2026-06-18
invalid,67592-WS7-90,15.0,15,1,2022-05-28,2022-07-26
W001,82486-3BA-85,15.0,12,1,2024-10-08,2026-02-12
W001,84407-VU6-70,15.0,10,2,2026-05-07,2026-05-23
invalid,80155-XV6-M,15.0,15,3,2022-11-18,2022-12-20
invalid,67990-SR4-120,15.0,15,1,2023-06-29,2023-06-30
W001,84407-VU6-75,15.0,11,1,2026-05-07,2026-05-23
W001,82492-3BA-S,15.0,10,2,2024-10-31,2026-02-12
W001,67255-Q84-XS,15.0,14,3,2022-01-11,2022-02-19
invalid,67088-VB8-110,15.0,15,2,2022-01-17,2022-02-12
W001,59845-VP1-XL,15.0,15,6,2022-01-06,2022-02-19
W001,67138-AT2-100,15.0,15,4,2022-01-06,2022-02-09
invalid,67090-A79-90,15.0,15,2,2022-03-13,2022-03-29
W001,67501-06G-120,15.0,14,1,2022-07-18,2022-08-02
invalid,67086-VB8-130,15.0,15,2,2022-01-07,2022-02-05
invalid,82036-1UN-50,15.0,15,1,2024-09-04,2024-09-25
W001,82484-3MZ-75,15.0,13,2,2025-04-25,2026-06-10
invalid,67537-365-100,15.0,15,1,2024-03-02,2024-03-06
invalid,80454-SR4-110,15.0,15,1,2024-02-29,2024-03-06
W001,82562-3BK-85,15.0,13,2,2024-10-03,2025-11-25
W001,82562-3BG-85,15.0,13,2,2024-10-03,2025-12-16
W001,61948-WV1-XL,15.0,14,1,2022-05-20,2022-06-28
W001,82478-3MU-50,15.0,10,1,2025-09-26,2025-11-06
W001,47052-FX7-140,15.0,15,1,2022-01-08,2022-01-23
invalid,80532-1OD-90,15.0,15,1,2024-01-17,2024-02-28
W001,47053-FX7-60,15.0,14,1,2022-01-07,2022-04-03
W001,82560-3BK-60,15.0,11,2,2024-10-03,2026-02-05
W001,67237-BD4-50,15.0,15,1,2022-02-07,2022-07-11
W001,66989-VF4-XS,15.0,14,2,2022-05-31,2022-06-30
W001,47218-EF5-S,15.0,15,1,2025-03-03,2025-04-10
W001,83069-3MZ-60,15.0,8,1,2025-05-01,2026-02-10
W001,83069-3AE-85,15.0,12,1,2025-05-01,2026-02-12
W001,83069-3AE-90,15.0,12,1,2025-05-01,2026-02-12
invalid,82490-3BI-75,15.0,10,1,2025-01-20,2025-05-28
W001,82478-3NA-75,15.0,13,1,2025-04-25,2026-01-29
invalid,67273-WC1-100,15.0,15,1,2022-01-04,2022-01-17
W001,82481-3AP-80,15.0,12,2,2025-02-03,2026-02-18
W001,68144-1FZ-80,15.0,15,1,2025-01-07,2025-01-13
invalid,67425-PH7-L,15.0,15,1,2022-02-20,2022-02-28
invalid,59845-QY5-L,15.0,13,1,2022-01-10,2022-01-17
invalid,67244-M23-60,15.0,15,1,2022-01-05,2022-03-17
W001,44403-TN7-S,15.0,15,5,2022-01-03,2022-02-22
invalid,43205-A91-100,15.0,15,1,2023-06-15,2023-06-20
W001,80441-31W-110,15.0,15,1,2024-12-23,2025-01-13
invalid,80983-823-90,15.0,15,1,2023-11-12,2023-11-18
W001,82480-3AK-XS,15.0,14,1,2024-10-08,2026-06-10
W001,68135-WV9-120,15.0,14,1,2022-07-13,2022-08-01
W001,59845-VP1-L,15.0,13,3,2022-01-14,2022-02-14
W001,67067-SR4-85,15.0,15,2,2022-01-02,2022-01-05
W001,82481-3MY-85,15.0,13,1,2025-05-01,2026-05-08
W001,82481-3MY-90,15.0,13,1,2025-05-01,2026-05-08
invalid,67235-M23-60,15.0,15,1,2022-01-13,2022-02-23
W001,44403-VK3-XS,15.0,15,2,2022-01-14,2022-04-01
W001,67078-FX9-XXL,15.0,14,1,2022-01-23,2022-03-13
invalid,39973-QQ3-80_85,15.0,15,1,2022-01-05,2022-07-25
W001,62423-J81-130,15.0,14,6,2022-01-13,2022-02-08
invalid,57538-PF4-150,15.0,15,1,2022-01-26,2022-07-14
invalid,67532-VX7-100,15.0,14,1,2022-07-18,2022-08-01
W001,82562-3B3-100,15.0,12,2,2024-10-03,2026-03-13
invalid,80458-1OD-150,15.0,15,1,2024-01-21,2024-03-06
W001,52408-Q84-130,15.0,15,10,2022-02-07,2022-02-23
W001,82476-3AR-80,15.0,11,1,2024-10-03,2026-02-12
invalid,56587-PL5-M,15.0,14,1,2022-03-13,2022-03-21
invalid,67773-WX3-90,15.0,14,1,2022-04-19,2022-04-30
invalid,81369-CB8-110,15.0,15,1,2024-01-17,2024-03-06
W001,51836-XB5-80,15.0,15,1,2022-07-15,2022-08-01
invalid,81371-06G-150,15.0,15,1,2024-01-24,2024-03-05
W001,82476-3MU-85,15.0,11,1,2025-09-25,2025-11-06
invalid,54899-NZ5-XS,15.0,15,1,2022-02-10,2022-04-21
W001,67118-PT0-L,15.0,15,2,2022-01-12,2022-01-31
invalid,66862-UZ7-XXL,15.0,15,1,2022-01-13,2022-03-26
W001,66994-TN9-XS,15.0,15,1,2022-01-18,2022-07-14
W001,59845-VJ7-L,15.0,13,1,2022-01-07,2022-02-24
invalid,57835-990-100,15.0,15,1,2022-01-03,2022-01-12
W001,67377-06G-90,15.0,15,1,2022-07-13,2022-08-01
W001,43197-015-100,15.0,15,1,2022-01-02,2022-01-16
W001,67042-B42-150,15.0,15,2,2022-03-25,2022-05-15
W001,83068-3MZ-110,15.0,13,1,2025-09-25,2026-02-06
invalid,62027-TX8-85,15.0,14,1,2022-03-09,2022-03-10
invalid,67396-WQ1-150,15.0,15,1,2022-03-05,2022-03-18
W001,62027-XF7-85,15.0,15,1,2022-07-18,2022-08-01
invalid,67078-FX9-XS,14.0,14,1,2022-01-12,2022-03-30
W001,83308-2XU-M,14.0,13,1,2024-12-06,2024-12-17
invalid,67512-NV2-150,14.0,13,2,2022-04-02,2022-04-30
W001,66957-SR4-120,14.0,13,6,2022-01-13,2022-02-24
W001,82482-3AH-120,14.0,14,1,2024-10-08,2026-02-25
W001,82489-3MZ-60,14.0,9,2,2025-04-28,2026-05-28
W001,82476-3AP-110,14.0,10,1,2024-10-08,2026-02-18
invalid,66717-VG5-120,14.0,12,1,2022-01-02,2022-01-03
W001,66359-VJ4-XL,14.0,14,2,2022-01-17,2022-07-25
W001,52621-Q84-2,14.0,14,1,2022-01-13,2022-03-09
invalid,66718-76X-150,14.0,14,1,2022-01-02,2022-01-03
W001,67486-NV2-130,14.0,14,1,2022-04-30,2022-05-03
invalid,59852-VM2-90,14.0,14,2,2022-01-05,2022-01-21
W001,59852-QY4-130,14.0,14,6,2022-01-12,2022-02-23
W001,67090-B42-150,14.0,14,3,2022-02-28,2022-04-22
W001,82484-3MX-60,14.0,11,2,2025-07-31,2026-06-18
invalid,60356-78M-85,14.0,14,1,2023-05-29,2023-06-01
W001,82484-3NC-70,14.0,10,1,2025-07-31,2026-06-18
W001,84393-6BS-70,14.0,9,1,2026-04-08,2026-05-12
W001,84393-6BS-60,14.0,9,1,2026-04-08,2026-05-12
W001,84393-6BR-70,14.0,8,1,2026-04-08,2026-05-21
W001,67514-WT8-L,14.0,14,7,2022-06-16,2022-08-02
W001,82486-3BA-100,14.0,13,2,2024-10-08,2026-02-12
invalid,60599-VU7-150,14.0,14,1,2022-01-02,2022-01-24
invalid,83268-2KE-50,14.0,14,1,2026-01-26,2026-02-08
W001,82486-3BC-120,14.0,11,2,2024-10-08,2026-02-18
W001,82476-3AK-85,14.0,11,2,2024-10-03,2026-01-30
W001,82476-3AP-85,14.0,9,2,2024-10-08,2026-02-18
invalid,83308-2XV-XXL,14.0,14,1,2025-01-11,2025-01-20
invalid,83257-3KL-NB,14.0,14,1,2026-02-16,2026-05-27
W001,67131-TS1-XXL,14.0,14,1,2022-01-03,2022-03-28
W001,82489-3N3-50,14.0,9,1,2025-04-28,2026-02-28
invalid,67157-GF2-130,14.0,14,1,2023-01-19,2023-03-21
W001,67182-M23-140,14.0,14,2,2022-01-02,2022-02-07
invalid,67127-QR7-M,14.0,13,1,2022-01-25,2022-02-02
W001,57801-A91-90,14.0,13,1,2022-02-07,2022-03-21
invalid,80155-XU5-L,14.0,13,1,2022-11-19,2022-11-25
W001,59852-VJ5-160,14.0,14,3,2022-01-14,2022-02-13
invalid,66994-NB1-M,14.0,14,1,2022-01-06,2022-01-09
W001,83069-3BI-70,14.0,9,1,2025-05-01,2026-01-07
invalid,66975-EF5-130,14.0,14,1,2022-01-03,2022-01-12
W001,82478-3AP-80,14.0,9,2,2024-10-03,2026-02-05
invalid,67261-VN4-XS,14.0,13,1,2022-01-07,2022-03-28
W001,66986-VF5-XS,14.0,13,4,2022-01-16,2022-02-11
W001,82479-3AQ-60,14.0,9,2,2025-01-02,2026-04-24
invalid,81055-045-M,14.0,13,1,2023-10-25,2023-11-01
W001,59852-VL9-140,14.0,14,3,2022-01-07,2022-01-31
W001,47052-FX7-150,14.0,14,1,2022-01-13,2022-03-15
W001,82560-3BK-70,14.0,11,2,2024-10-03,2026-02-05
W001,82560-3BK-50,14.0,10,1,2024-10-08,2026-02-05
invalid,67012-AT2-140,14.0,14,1,2022-01-03,2022-01-04
invalid,67023-UT6-120,14.0,14,2,2022-01-11,2022-02-20
invalid,68012-XG3-130,14.0,14,1,2022-07-15,2022-07-26
invalid,67412-011-110,14.0,14,1,2022-04-04,2022-04-11
W001,67425-WD5-XL,14.0,14,1,2022-03-09,2022-03-27
W001,82482-3AC-120,14.0,11,1,2024-10-08,2026-02-25
invalid,59845-VJ6-S,14.0,13,1,2022-01-07,2022-01-10
invalid,59852-VJ9-110,14.0,13,1,2022-02-18,2022-05-02
invalid,67251-S74-L,14.0,14,1,2022-01-03,2022-01-05
W001,68094-XH4-110,14.0,14,1,2022-07-13,2022-08-02
W001,82482-3AE-120,14.0,12,1,2024-10-08,2026-02-25
W001,67119-PT0-S,14.0,13,2,2022-01-20,2022-02-22
W001,68164-A71-12,14.0,13,1,2022-07-13,2022-08-02
invalid,43197-SR4-85,14.0,14,1,2023-12-04,2024-02-19
W001,82480-3AL-NB,14.0,13,1,2024-10-08,2026-06-12
W001,65593-M23-75,14.0,13,2,2022-01-18,2022-01-26
W001,82481-3AP-75,14.0,11,2,2025-02-03,2026-02-18
W001,82479-3MY-70,14.0,8,1,2025-04-24,2025-10-29
invalid,57538-GD6-140,14.0,14,1,2022-01-03,2022-01-31
W001,83069-3MZ-75,14.0,12,1,2025-05-01,2026-06-10
invalid,68033-GF2-140,14.0,14,1,2023-06-13,2023-06-28
W001,66844-PG5-150,14.0,14,2,2022-01-02,2022-02-10
invalid,68032-VX9-90,14.0,14,2,2023-01-13,2023-02-03
invalid,47684-WF8-140,14.0,13,1,2022-05-30,2022-05-31
invalid,67379-WC9-120,14.0,14,1,2022-01-12,2022-02-16
W001,62515-NU3-100,14.0,14,1,2022-01-07,2022-01-16
invalid,48200-VC6-XS,14.0,13,1,2022-07-02,2022-07-27
W001,83068-3MW-75,14.0,13,1,2025-09-25,2026-02-05
W001,67631-WW6-XS,14.0,14,5,2022-05-15,2022-06-26
invalid,67704-WV1-160,14.0,14,1,2022-04-19,2022-04-28
W001,66994-Q84-L,14.0,13,9,2022-01-23,2022-02-26
W001,66994-FU8-S,14.0,14,1,2022-01-06,2022-07-14
W001,81486-76X-XXS,14.0,14,1,2024-12-27,2025-05-02
W001,59845-QX6-XXL,14.0,14,1,2022-01-02,2022-03-11
W001,62423-10F-130,14.0,14,6,2022-01-09,2022-02-08
invalid,67396-291-110,14.0,14,1,2023-03-03,2023-03-18
W001,83013-2WJ-130,14.0,13,1,2024-11-10,2024-11-12
invalid,67853-WX4-120,14.0,14,1,2022-04-09,2022-04-19
invalid,67375-1CT-90,14.0,14,1,2024-01-18,2024-02-07
W001,59845-TN9-L,14.0,12,3,2022-01-11,2022-07-25
W001,67362-V98-90,14.0,14,1,2022-07-07,2022-07-08
invalid,67377-C57-150,14.0,13,1,2023-08-10,2023-08-14
W001,82244-2GW-120,14.0,14,1,2025-01-03,2025-01-04
invalid,67298-UZ1-85,14.0,14,1,2022-03-10,2022-07-15
W001,67012-AT2-130,14.0,14,8,2022-01-07,2022-02-15
W001,82562-3BG-120,14.0,10,2,2024-10-03,2026-03-13
W001,66826-UZ1-85,14.0,14,1,2022-01-06,2022-03-06
invalid,81390-1EH-100,14.0,14,1,2024-01-17,2024-03-06
W001,65203-VJ6-XXL,14.0,12,2,2022-01-07,2022-02-23
invalid,65591-XK8-75,14.0,14,1,2022-07-13,2022-07-28
W001,52631-75Z-S,14.0,14,1,2022-01-20,2022-01-29
W001,52605-75Z-1,14.0,14,1,2022-01-05,2022-04-04
W001,65203-QX6-XS,13.0,12,2,2022-01-24,2022-02-13
invalid,52399-SR4-XL,13.0,9,1,2023-01-23,2023-10-02
invalid,54062-BO1-120,13.0,13,1,2022-05-24,2022-05-31
W001,65203-TN9-XS,13.0,13,2,2022-01-07,2022-02-22
invalid,65666-1BD-85,13.0,13,1,2024-02-17,2024-03-07
W001,40152-VZ1-3Y,13.0,10,1,2022-07-13,2022-07-27
invalid,82035-1VG-70,13.0,13,1,2024-08-19,2024-09-20
W001,59852-TP7-130,13.0,13,7,2022-01-18,2022-02-23
W001,67216-JB3-150,13.0,13,1,2022-06-13,2022-07-07
invalid,62515-NU3-150,13.0,12,1,2022-01-09,2022-01-23
invalid,66929-BD4-50,13.0,13,1,2023-07-12,2023-07-22
W001,53210-75Z-80_85,13.0,13,1,2022-01-02,2022-01-05
W001,82562-3B3-85,13.0,10,2,2024-10-03,2025-11-25
W001,67093-NN9-XL,13.0,13,1,2022-01-13,2022-02-01
W001,67088-VB8-150,13.0,13,1,2022-01-13,2022-01-16
W001,67088-VH4-150,13.0,13,1,2022-01-10,2022-01-13
W001,67091-990-150,13.0,12,1,2022-02-22,2022-03-22
W001,82484-3MZ-NB,13.0,10,1,2025-04-25,2026-05-29
W001,82484-3N3-75,13.0,9,2,2025-05-01,2026-03-12
W001,82484-3NC-60,13.0,7,1,2025-07-31,2026-03-26
W001,67087-76X-120,13.0,13,8,2022-01-24,2022-02-27
W001,67085-GF2-100,13.0,13,2,2022-02-23,2022-03-26
W001,84406-1JG-70,13.0,10,1,2026-05-07,2026-05-23
invalid,67170-990-90,13.0,13,1,2022-01-02,2022-01-17
W001,82183-1SP-130,13.0,13,1,2024-10-06,2024-10-13
W001,82476-3MU-110,13.0,11,1,2025-09-25,2025-11-06
W001,82476-3MY-80,13.0,11,1,2025-05-01,2026-02-12
W001,67603-GK3-130,13.0,13,1,2022-08-01,2022-08-04
invalid,81181-704-140,13.0,13,2,2023-11-07,2023-12-22
W001,82586-145-70,13.0,8,1,2025-01-27,2026-01-30
W001,83068-3AN-110,13.0,10,1,2025-09-27,2026-04-08
W001,82562-3BK-120,13.0,11,2,2024-10-03,2025-11-06
invalid,67176-M23-110,13.0,13,1,2022-01-18,2022-01-23
invalid,60599-VW2-140,13.0,13,1,2022-01-04,2022-01-27
W001,84406-1JG-75,13.0,9,1,2026-05-07,2026-05-23
W001,68133-XB2-150,13.0,12,1,2022-07-14,2022-08-01
W001,82481-3AP-70,13.0,11,2,2025-02-03,2026-02-12
W001,82486-3BA-110,13.0,12,2,2024-10-08,2026-02-12
invalid,67116-FF5-120,13.0,13,1,2022-02-18,2022-03-19
invalid,66975-XL1-130,13.0,13,1,2022-09-15,2022-09-24
invalid,66994-VJ5-S,13.0,13,3,2022-01-10,2022-02-20
W001,81880-1FO-140,13.0,13,1,2024-12-31,2025-01-05
W001,66994-VJ7-S,13.0,13,1,2022-01-12,2022-07-28
W001,83068-3MW-80,13.0,12,1,2025-09-25,2026-02-05
W001,59818-B42-120,13.0,13,6,2022-01-13,2022-02-22
invalid,57538-GD7-140,13.0,13,1,2022-01-03,2022-01-04
W001,66995-NB1-M,13.0,13,8,2022-01-10,2022-02-14
W001,65290-GK3-140,13.0,12,5,2022-01-12,2022-02-19
W001,84403-6BU-80,13.0,8,1,2026-04-08,2026-05-21
invalid,80141-VM1-100,13.0,13,2,2022-09-20,2023-01-25
W001,84407-VU6-60,13.0,9,1,2026-05-12,2026-05-23
invalid,44403-TN7-L,13.0,12,2,2022-01-14,2022-07-28
invalid,44403-TN9-XXL,13.0,13,2,2022-01-05,2022-07-04
W001,84401-6BR-75,13.0,8,1,2026-04-08,2026-05-14
W001,83069-3MZ-80,13.0,11,1,2025-05-01,2026-02-10
W001,83308-2YF-XS,13.0,13,1,2024-12-09,2025-01-13
invalid,68010-XB8-90,13.0,13,1,2023-04-15,2023-04-22
invalid,57827-015-100,13.0,12,2,2022-01-02,2022-01-20
W001,66994-TN7-M,13.0,13,1,2022-02-06,2022-06-04
invalid,68027-191-120,13.0,13,1,2022-07-23,2022-07-30
invalid,62027-VV2-75,13.0,13,1,2022-03-10,2022-03-14
W001,67701-WU6-XXL,13.0,13,1,2022-05-12,2022-07-13
W001,84401-6BR-80,13.0,8,1,2026-04-08,2026-05-14
invalid,80656-434-110,13.0,13,1,2023-11-20,2023-11-23
W001,60325-VJ8-M,13.0,13,4,2022-01-07,2022-02-05
W001,84401-6BU-85,13.0,10,1,2026-04-08,2026-05-21
W001,84401-6BU-90,13.0,9,1,2026-04-08,2026-05-14
invalid,80005-017-160,13.0,12,1,2023-01-06,2023-09-24
W001,80039-2CK-M,13.0,9,1,2024-10-02,2024-10-02
invalid,81563-1VH-100,13.0,13,1,2024-02-27,2024-03-07
invalid,60741-A96-80,13.0,13,1,2023-09-05,2023-10-19
W001,67234-M23-90,13.0,13,5,2022-01-02,2022-05-09
W001,52572-kl9-L,13.0,10,3,2022-01-06,2022-01-24
W001,82560-3BK-75,13.0,9,2,2024-10-03,2026-02-05
invalid,47251-GY7-NB,13.0,13,1,2022-01-03,2022-01-15
W001,62618-TR2-120,13.0,13,1,2022-01-12,2022-03-02
invalid,50265-VJ9-S,13.0,12,2,2022-01-16,2022-06-24
W001,83069-3BI-80,13.0,11,1,2025-05-01,2026-04-24
invalid,80487-304-140,13.0,13,1,2023-05-26,2023-06-01
W001,47053-FX7-85,13.0,13,2,2022-01-10,2022-04-02
invalid,67091-990-130,13.0,13,1,2022-02-11,2022-02-28
W001,44403-Q84-XS,13.0,13,4,2022-01-12,2022-02-17
W001,67392-WC9-120,13.0,13,4,2022-06-05,2022-06-29
W001,82481-3AR-70,13.0,11,2,2024-10-14,2026-02-12
invalid,46239-A91-140,13.0,12,1,2022-07-15,2022-07-22
invalid,45346-G44-150,13.0,10,3,2023-05-21,2023-08-28
invalid,67419-GK3-85,13.0,12,1,2022-06-27,2022-07-12
W001,60325-QX6-XS,13.0,10,3,2022-01-10,2022-05-13
W001,66994-NB1-S,13.0,12,7,2022-01-24,2022-02-26
W001,67692-62L-100,13.0,13,1,2022-07-19,2022-08-03
W001,82560-3AT-NB,13.0,8,1,2024-10-08,2025-11-25
W001,67120-PT0-M,13.0,13,4,2022-01-09,2022-02-21
W001,67176-M23-130,13.0,13,2,2022-01-18,2022-02-12
W001,67597-WS3-150,13.0,13,1,2022-04-12,2022-04-27
W001,67191-M23-100,13.0,12,2,2022-01-17,2022-07-31
W001,82489-3AH-NB,13.0,9,2,2025-01-20,2025-11-25
W001,82489-3BI-70,13.0,9,2,2024-10-08,2026-01-07
W001,67128-NG1-140,13.0,13,5,2022-01-13,2022-02-22
W001,80361-011-60,13.0,13,2,2025-01-18,2025-02-05
invalid,68178-AN8-50,13.0,13,1,2022-08-27,2022-09-28
invalid,67271-WB3-140,13.0,12,1,2022-03-15,2022-07-10
W001,82478-3MU-75,13.0,8,1,2025-09-26,2026-05-28
W001,82478-3AP-NB,13.0,7,1,2024-10-08,2026-02-05
W001,84393-6BR-60,13.0,8,1,2026-04-08,2026-05-21
invalid,67087-GF2-130,13.0,13,2,2022-01-17,2022-02-08
W001,66936-XC8-60,13.0,13,1,2022-07-13,2022-07-29
W001,82490-3AJ-90,13.0,9,1,2025-03-17,2026-06-10
W001,82490-3BI-75,13.0,9,2,2024-11-18,2026-02-18
W001,60612-XE5-140,13.0,12,1,2022-07-15,2022-07-27
invalid,67704-WY2-160,13.0,13,1,2022-04-10,2022-04-25
W001,82586-145-75,13.0,7,1,2025-01-27,2026-01-30
W001,82586-145-80,13.0,7,1,2025-01-27,2026-01-30
W001,82586-NV2-70,13.0,9,1,2025-01-02,2026-04-08
invalid,81269-552-M,13.0,11,1,2023-10-26,2023-11-02
W001,65062-VK7-130,13.0,12,1,2022-01-03,2022-01-04
invalid,54899-657-M,13.0,11,1,2023-12-07,2023-12-12
W001,59818-C57-130,13.0,13,6,2022-01-20,2022-02-22
W001,67114-VN3-S,13.0,12,6,2022-01-11,2022-02-08
invalid,80323-GD4-140,13.0,13,1,2023-01-26,2023-03-06
invalid,60312-A91-120,13.0,13,4,2022-01-07,2022-02-14
W001,82484-3AC-80,13.0,13,2,2024-10-08,2026-02-10
W001,82483-3AH-110,13.0,11,1,2025-02-06,2026-04-24
W001,66719-XR7-130,13.0,13,1,2022-07-20,2022-07-28
W001,67751-WW6-80,13.0,13,1,2022-04-30,2022-05-02
W001,82585-3AV-70,13.0,9,2,2024-10-08,2026-05-14
W001,82585-3BJ-75,13.0,11,2,2024-12-09,2026-06-10
invalid,62667-TE8-S,13.0,13,1,2022-07-11,2022-07-27
W001,66360-VH1-160,13.0,13,1,2022-01-18,2022-03-17
invalid,83257-3LA-NB,12.0,12,1,2026-02-03,2026-05-06
invalid,66719-XR7-120,12.0,12,1,2022-07-19,2022-07-27
W001,82585-3AV-60,12.0,9,1,2024-10-08,2026-05-14
invalid,84728-5VD-M/L,12.0,12,1,2025-12-08,2025-12-29
W001,66719-XH6-110,12.0,12,1,2022-07-18,2022-08-01
W001,68048-76X-85,12.0,9,1,2022-07-14,2022-08-02
W001,66957-015-120,12.0,12,5,2022-01-20,2022-02-08
invalid,52606-G84-11,12.0,12,2,2022-01-05,2022-01-10
invalid,80394-262-XXS,12.0,12,1,2023-01-11,2023-03-11
W001,82586-06G-80,12.0,7,1,2024-10-14,2026-02-12
W001,47929-S74-XS,12.0,12,2,2022-01-06,2022-08-02
invalid,84728-5VG-M/L,12.0,11,1,2025-12-15,2026-01-08
W001,40152-M23-7,12.0,12,6,2022-01-10,2022-02-10
W001,48886-NN9-L,12.0,12,2,2022-02-21,2025-01-12
W001,59845-VJ5-M,12.0,12,1,2022-01-18,2022-01-24
invalid,67401-HI7-130,12.0,12,1,2023-02-28,2023-03-15
invalid,81094-BD4-85,12.0,12,1,2023-10-11,2023-10-20
W001,67042-B42-110,12.0,12,2,2022-01-05,2022-05-03
W001,67042-B42-100,12.0,12,2,2022-02-28,2022-03-26
W001,62027-XA7-80,12.0,12,1,2022-07-19,2022-08-01
W001,67389-WL0-110,12.0,12,1,2022-04-18,2022-04-27
W001,82490-3AJ-85,12.0,9,1,2025-03-17,2026-05-28
invalid,68004-929-85,12.0,12,1,2023-07-20,2023-07-27
invalid,80542-303-M,12.0,12,1,2023-03-28,2023-04-03
W001,84393-6BS-50,12.0,9,1,2026-04-08,2026-05-12
W001,84393-6BR-75,12.0,8,1,2026-04-08,2026-05-21
W001,83441-3AC-70,12.0,11,1,2025-09-23,2026-03-12
invalid,68176-146-70,12.0,12,1,2022-08-07,2023-02-28
W001,60325-TN7-L,12.0,12,2,2022-01-14,2022-08-02
W001,82489-3MZ-50,12.0,7,1,2025-04-28,2025-11-25
invalid,67522-1HN-85,12.0,11,1,2024-02-02,2024-03-08
W001,66921-EF5-85,12.0,12,2,2022-01-02,2022-01-31
W001,62423-015-120,12.0,11,6,2022-01-17,2022-02-22
W001,59845-QX6-XL,12.0,12,2,2022-01-21,2022-07-11
W001,67159-HI2-140,12.0,12,2,2022-01-02,2022-02-05
W001,82478-3AK-80,12.0,10,2,2024-10-03,2026-01-30
W001,65591-XK8-60,12.0,12,1,2022-07-13,2022-07-31
W001,66986-VF5-M,12.0,12,4,2022-01-24,2022-02-18
invalid,82485-3BH-60,12.0,10,1,2024-10-08,2025-06-27
W001,67252-75Z-S,12.0,12,2,2022-01-10,2022-07-25
W001,50265-VJ9-L,12.0,12,2,2022-01-22,2022-06-22
W001,82479-3AQ-70,12.0,7,2,2025-01-02,2026-04-08
W001,82479-3AQ-50,12.0,9,1,2025-01-02,2026-04-24
W001,60599-vf7-120,12.0,12,2,2022-01-06,2022-01-15
invalid,67591-SJ7-85,12.0,11,1,2022-06-08,2022-07-28
invalid,67091-990-90,12.0,11,2,2022-01-22,2022-04-05
invalid,67090-XH7-100,12.0,12,1,2023-06-29,2023-07-05
W001,67871-78M-120,12.0,12,6,2022-06-05,2022-07-26
W001,83069-3BI-75,12.0,10,1,2025-05-01,2026-04-24
invalid,67287-NG6-150,12.0,12,1,2022-02-02,2022-02-10
invalid,47149-FU8-60,12.0,12,1,2022-01-03,2022-02-22
W001,66935-BD4-70,12.0,12,2,2022-01-23,2022-02-19
invalid,67090-A79-140,12.0,12,1,2022-01-19,2022-03-15
invalid,60695-UX5-2Y/3Y,12.0,11,1,2023-10-24,2023-11-22
W001,67514-WV1-S,12.0,12,2,2022-06-09,2022-07-25
W001,60695-62S-13Y,12.0,12,1,2022-07-14,2022-07-15
W001,60611-NB1-110,12.0,12,4,2022-01-22,2022-02-25
W001,68175-990-60,12.0,12,1,2022-07-19,2022-08-01
invalid,67249-M23-50,12.0,11,1,2022-01-03,2022-01-13
W001,67278-VR7-110,12.0,12,1,2022-02-08,2022-02-10
W001,36086-M23-140,12.0,12,6,2022-01-09,2022-02-25
W001,84401-6BU-70,12.0,10,1,2026-04-08,2026-05-21
invalid,66961-VD8-120,12.0,12,1,2022-01-02,2022-01-10
W001,54905-015-60,12.0,12,1,2022-01-20,2022-07-27
W001,82562-3AT-130,12.0,10,1,2024-10-03,2026-01-29
W001,83069-3AE-50,12.0,7,1,2025-05-01,2025-06-10
W001,81486-76X-XS,12.0,12,1,2025-01-11,2025-02-17
W001,59852-VL9-110,12.0,12,7,2022-01-30,2022-04-01
W001,83069-3BI-50,12.0,6,1,2025-05-01,2025-06-21
W001,47053-NN9-50,12.0,11,1,2022-01-16,2022-03-18
W001,84401-6BR-70,12.0,8,1,2026-04-08,2026-05-14
W001,84400-6CC-80,12.0,8,1,2026-04-08,2026-05-12
W001,84400-6CC-75,12.0,7,1,2026-04-08,2026-05-12
W001,82481-3AR-75,12.0,11,2,2024-10-14,2026-02-12
W001,59845-VP1-M,12.0,11,4,2022-01-07,2022-01-27
W001,59845-VJ9-XL,12.0,11,1,2022-01-22,2022-07-19
W001,84406-1JG-60,12.0,8,1,2026-05-07,2026-05-23
invalid,80693-427-130,12.0,12,1,2023-06-27,2023-07-05
W001,84407-1JF-80,12.0,9,1,2026-04-11,2026-05-23
W001,59852-VJ6-85,12.0,12,7,2022-01-05,2022-02-03
W001,83068-3MW-90,12.0,11,1,2025-09-25,2026-02-05
W001,83068-3MW-85,12.0,11,1,2025-09-25,2026-02-05
W001,37028-BS8-110,12.0,12,1,2022-07-13,2022-08-01
W001,58712-76X-120,12.0,12,6,2022-01-10,2022-02-14
W001,67631-WX3-M,12.0,12,6,2022-05-06,2022-07-07
W001,50265-QX6-L,12.0,12,2,2022-01-16,2022-01-28
W001,33218-TD4-90,12.0,12,3,2022-01-05,2022-04-06
W001,67518-VV8-150,12.0,12,2,2022-06-21,2022-07-21
W001,82485-3NE-60,12.0,9,1,2025-05-01,2025-12-16
W001,82486-3BA-120,12.0,11,1,2024-10-08,2025-12-16
invalid,67459-WH5-90,12.0,12,1,2022-07-19,2022-07-20
W001,68133-XB2-160,12.0,12,1,2022-07-14,2022-08-01
W001,67085-GF2-90,12.0,12,1,2022-02-23,2022-03-25
W001,66955-990-120,12.0,11,8,2022-01-02,2022-02-25
W001,36086-011-130,12.0,12,7,2022-01-10,2022-02-15
invalid,82036-1UN-60,12.0,12,1,2024-08-26,2024-09-15
W001,67214-SR4-130,12.0,12,5,2022-01-05,2022-02-18
W001,82586-145-60,12.0,7,1,2025-01-27,2026-01-30
W001,82586-NV2-75,12.0,9,1,2025-01-02,2026-04-08
W001,82307-2ET-70,12.0,12,1,2024-11-11,2025-01-09
W001,67023-TW5-140,12.0,12,2,2022-01-09,2022-02-27
W001,62944-NJ1-100,12.0,12,7,2022-01-18,2022-02-28
invalid,67359-VW2-120,12.0,12,1,2022-01-30,2022-02-15
W001,65203-TN7-XL,12.0,11,3,2022-01-03,2022-02-11
W001,36086-C57-110,12.0,12,11,2022-01-18,2022-02-24
invalid,41423-A91-120,12.0,12,1,2022-07-08,2022-07-26
invalid,80963-817-140,12.0,12,2,2024-01-06,2024-01-10
W001,60599-uv8-120,12.0,11,3,2022-01-15,2022-02-07
W001,82484-3AH-80,12.0,10,2,2025-01-02,2026-02-10
W001,59852-VJ5-100,12.0,11,2,2022-01-12,2022-01-26
W001,67558-NN0-85,12.0,12,1,2022-06-20,2022-06-30
W001,67086-VH4-140,12.0,12,1,2022-01-03,2022-01-13
invalid,36086-A91-120,12.0,12,1,2022-01-15,2022-01-21
W001,67555-WM6-90,12.0,12,2,2022-03-18,2022-06-30
W001,82484-3AG-75,12.0,11,2,2024-10-08,2026-03-12
invalid,30070-GN1-L,12.0,12,1,2022-05-23,2022-06-27
W001,82562-3B3-120,12.0,9,2,2024-10-03,2026-03-13
W001,52718-Q84-70,12.0,12,3,2022-01-17,2022-02-14
invalid,66829-UZ1-140,12.0,12,1,2022-01-08,2022-01-17
invalid,66736-XH6-120,12.0,12,2,2022-07-13,2022-07-26
W001,84407-1JF-75,12.0,9,1,2026-04-11,2026-05-23
W001,82482-3AE-110,12.0,10,2,2024-10-08,2026-02-25
invalid,67486-SR4-100,12.0,10,1,2022-01-07,2022-01-31
W001,67086-VB8-130,12.0,12,5,2022-01-03,2022-02-09
W001,68076-SR4-70,12.0,12,1,2022-07-14,2022-08-01
invalid,84728-5VC-M/L,12.0,12,1,2025-12-06,2025-12-16
invalid,84728-5VF-XS/S,12.0,12,1,2025-12-07,2026-01-13
invalid,84728-5VF-M/L,12.0,12,1,2025-12-09,2026-01-10
invalid,84728-5VE-XS/S,12.0,12,1,2025-12-08,2025-12-20
invalid,84728-5VE-M/L,12.0,12,1,2025-12-06,2025-12-23
invalid,65666-EF5-80,12.0,12,1,2022-01-04,2022-03-02
invalid,52606-G84-9/10,12.0,11,1,2024-01-02,2024-01-05
invalid,84728-5VD-XS/S,12.0,12,1,2025-12-06,2025-12-22
invalid,68124-XJ4-85,12.0,12,1,2022-10-26,2022-10-30
W001,82476-3AK-110,12.0,10,1,2024-10-03,2026-01-30
W001,51911-015-120,12.0,12,3,2022-01-13,2022-02-14
W001,51836-XB5-50,12.0,12,1,2022-07-20,2022-08-01
invalid,84728-5VG-XS/S,12.0,11,1,2025-12-08,2026-01-04
invalid,83257-2KE-50,12.0,12,1,2026-01-28,2026-04-02
W001,82585-3BA-85,11.0,6,2,2024-12-10,2026-01-30
invalid,65019-TL8-80,11.0,11,1,2022-04-25,2022-04-29
invalid,66360-VJ4-110,11.0,11,1,2022-01-14,2022-04-27
W001,82585-3BA-50,11.0,6,1,2024-10-08,2026-01-30
W001,68012-XG3-110,11.0,11,1,2022-07-18,2022-07-31
invalid,67197-M23-100,11.0,11,1,2022-01-03,2022-01-11
invalid,84728-5VC-XS/S,11.0,11,1,2025-12-06,2025-12-13
invalid,62515-NU3-140,11.0,11,1,2022-01-18,2022-01-20
invalid,66716-080-150,11.0,10,1,2022-07-20,2022-07-27
W001,52605-75Z-5,11.0,11,3,2022-01-13,2022-02-23
invalid,83257-3LA-50,11.0,11,1,2026-01-28,2026-04-23
W001,60284-76X-120,11.0,11,5,2022-01-06,2022-02-12
W001,60008-VP1-90,11.0,11,3,2022-01-12,2022-02-23
W001,47681-2XU-140,11.0,11,1,2025-01-15,2025-01-16
W001,82891-3BW-150,11.0,11,1,2025-04-03,2025-04-15
invalid,67493-WH8-140,11.0,11,1,2022-03-09,2022-03-14
W001,67087-76X-110,11.0,11,4,2022-02-08,2022-02-22
W001,82484-3NC-50,11.0,6,1,2025-07-31,2026-05-25
W001,82586-NV2-60,11.0,7,1,2025-01-02,2025-06-19
invalid,67539-SR4-M,11.0,11,1,2022-05-27,2022-05-30
invalid,52558-QX3-M,11.0,11,1,2022-07-11,2022-07-18
W001,59818-SR4-100,11.0,11,5,2022-01-26,2022-02-13
W001,59827-76X-120,11.0,11,5,2022-01-17,2022-02-15
invalid,81390-1EH-150,11.0,10,1,2024-01-31,2024-03-03
invalid,81379-1FN-140,11.0,11,1,2024-02-11,2024-03-07
invalid,54901-VP6-S,11.0,10,1,2022-03-11,2022-03-16
W001,40152-M23-3Y,11.0,11,4,2022-02-02,2022-02-24
W001,82476-3AL-80,11.0,9,1,2024-10-08,2025-12-28
W001,82476-3AR-130,11.0,10,1,2024-10-03,2026-02-05
W001,50754-NL1-S,11.0,9,1,2022-02-06,2022-02-11
W001,59852-TQ7-110,11.0,11,6,2022-01-13,2022-02-15
W001,82485-3BA-75,11.0,11,2,2024-10-08,2026-02-12
W001,82485-3AV-75,11.0,10,2,2024-10-08,2026-03-12
invalid,59852-QY4-160,11.0,11,1,2022-01-20,2022-01-31
invalid,67220-NU3-100,11.0,11,1,2022-01-11,2022-08-14
W001,65602-UV5-75,11.0,11,1,2022-07-14,2022-08-01
W001,68134-XF7-120,11.0,11,1,2022-07-19,2022-07-31
W001,82484-3BI-75,11.0,10,2,2024-10-08,2026-02-05
W001,82482-3AH-80,11.0,11,1,2024-10-08,2026-02-25
invalid,54906-A79-120,11.0,9,1,2022-01-05,2022-01-11
W001,83068-3MW-100,11.0,10,1,2025-09-25,2026-02-05
W001,67201-B42-110,11.0,11,4,2022-01-05,2022-02-19
invalid,68021-VX9-90,11.0,11,1,2022-07-23,2022-07-28
invalid,66994-XT2-S,11.0,11,1,2022-10-11,2022-10-18
invalid,60325-XT2-M,11.0,10,1,2022-12-21,2023-01-10
W001,67901-QN4-140,11.0,11,1,2022-07-14,2022-08-02
W001,68031-XM5-130,11.0,11,1,2022-07-20,2022-08-01
W001,82481-3MY-60,11.0,9,1,2025-04-25,2026-04-03
W001,82481-3AR-80,11.0,10,2,2025-01-02,2026-02-12
W001,67071-FX7-L,11.0,10,2,2022-01-08,2022-02-28
invalid,37028-69U-140,11.0,10,1,2022-09-16,2022-09-17
W001,67083-015-S,11.0,11,2,2022-01-02,2022-02-08
invalid,40152-M23-5,11.0,10,1,2022-01-30,2022-02-02
W001,84407-1JF-70,11.0,8,1,2026-04-24,2026-05-23
W001,67533-VZ1-150,11.0,10,1,2022-03-02,2022-03-13
W001,59818-015-140,11.0,11,6,2022-01-11,2022-02-07
W001,59818-015-110,11.0,10,7,2022-01-12,2022-02-22
W001,82476-3MY-120,11.0,10,1,2025-05-14,2026-02-18
W001,67023-24D-140,11.0,11,1,2022-01-07,2022-01-18
W001,82476-3NA-100,11.0,10,1,2025-04-25,2026-01-29
W001,50265-QY5-XL,11.0,10,2,2022-01-16,2022-07-09
W001,50265-QY5-L,11.0,11,4,2022-01-14,2022-05-14
W001,50265-QX6-S,11.0,11,2,2022-01-19,2022-01-26
W001,82485-3ND-50,11.0,7,1,2025-05-20,2026-01-29
W001,82485-3BJ-80,11.0,10,2,2024-10-08,2026-02-05
W001,82485-3BH-75,11.0,9,2,2024-10-08,2026-02-12
W001,84403-6BU-85,11.0,9,1,2026-04-08,2026-05-21
W001,84406-1JH-75,11.0,7,1,2026-05-12,2026-05-23
W001,84406-1JH-70,11.0,7,1,2026-05-12,2026-05-23
W001,67086-VB8-110,11.0,11,6,2022-01-04,2022-02-13
W001,67085-GF2-150,11.0,11,1,2022-02-17,2022-03-17
W001,84406-1JG-80,11.0,9,1,2026-05-07,2026-05-23
invalid,67167-GF2-140,11.0,11,1,2022-01-10,2022-01-10
W001,84400-6CC-70,11.0,6,1,2026-04-08,2026-05-12
W001,67580-PM8-90,11.0,11,1,2022-07-02,2022-07-30
invalid,59852-713-150,11.0,10,1,2023-10-10,2023-10-13
W001,65597-AM7-80,11.0,11,1,2022-03-09,2022-03-10
W001,68133-XB2-140,11.0,11,1,2022-07-14,2022-07-31
W001,68125-XB2-140,11.0,11,1,2022-07-14,2022-07-30
W001,84407-VU6-80,11.0,8,2,2026-05-07,2026-05-23
invalid,66986-VF5-L,11.0,11,2,2022-01-02,2022-03-21
invalid,68020-XH6-110,11.0,11,1,2022-10-07,2022-10-09
W001,52572-kl9-M,11.0,10,2,2022-01-03,2022-01-19
W001,67218-76X-130,11.0,11,7,2022-01-07,2022-02-22
W001,67457-VU6-80,11.0,11,1,2022-03-09,2022-03-16
W001,66862-UZ7-XXL,11.0,11,1,2022-01-02,2022-01-10
W001,82560-3BG-80,11.0,9,2,2024-10-03,2026-03-13
W001,83069-3BI-60,11.0,7,1,2025-05-01,2026-01-07
invalid,80468-364-110,11.0,11,1,2023-04-28,2023-05-01
W001,62515-76X-110,11.0,11,3,2022-01-19,2022-01-31
W001,62515-76X-140,11.0,11,3,2022-01-11,2022-01-30
W001,66994-VJ7-L,11.0,11,2,2022-01-07,2022-05-10
W001,52171-81O-90,11.0,11,2,2022-01-27,2022-07-30
W001,62027-WV9-75,11.0,11,1,2022-07-13,2022-07-28
invalid,81074-76X-110,11.0,11,3,2023-12-18,2024-01-26
W001,83308-2XQ-XXL,11.0,11,1,2024-12-07,2025-01-03
invalid,44403-TN7-M,11.0,11,3,2022-01-10,2022-12-22
W001,82481-3AP-60,11.0,9,1,2025-02-03,2026-02-12
W001,82481-3AP-90,11.0,9,1,2025-02-04,2026-02-18
W001,82481-3AP-85,11.0,9,1,2025-02-04,2026-02-18
W001,67903-UZ0-90,11.0,11,1,2022-07-19,2022-08-01
W001,83441-3AC-90,11.0,10,1,2025-09-27,2026-02-20
W001,83441-3AC-85,11.0,10,1,2025-09-27,2026-02-20
W001,66930-2CH-75,11.0,11,1,2025-01-17,2025-01-22
invalid,67010-055-90,11.0,11,1,2022-07-26,2022-07-28
W001,62423-10F-120,11.0,11,5,2022-01-13,2022-02-14
invalid,67273-WC1-85,11.0,11,1,2022-01-06,2022-01-11
W001,58663-85H-L,11.0,11,2,2022-07-13,2022-07-29
W001,81380-32H-140,11.0,11,1,2024-12-26,2025-01-16
W001,82488-3AC-XXS,11.0,6,3,2024-10-08,2025-09-27
invalid,67090-B42-150,11.0,11,4,2022-03-25,2022-06-15
W001,67201-VK3-120,11.0,11,4,2022-01-24,2022-02-24
invalid,67993-A79-90,11.0,11,3,2022-10-13,2023-01-16
W001,82488-3N3-XS,11.0,11,2,2025-07-31,2026-06-18
invalid,58665-WQ7-XS,11.0,10,1,2022-09-19,2022-09-21
W001,82481-3NA-75,11.0,7,1,2025-04-25,2026-02-12
W001,84401-6BU-100,11.0,9,1,2026-04-08,2026-05-14
W001,82560-3B3-80,11.0,9,2,2024-10-03,2026-03-13
invalid,68007-XH7-90,11.0,11,1,2022-11-30,2022-12-03
invalid,67084-TL8-S,11.0,11,1,2022-03-20,2022-04-29
invalid,67084-TL8-L,11.0,9,1,2022-07-26,2022-07-27
invalid,60611-NB1-100,11.0,11,1,2022-01-02,2022-01-03
W001,62027-VM2-70,11.0,11,5,2022-01-11,2022-02-10
W001,62027-VL9-70,11.0,11,3,2022-01-21,2022-02-02
W001,82490-3AJ-80,11.0,8,1,2025-02-17,2026-02-05
W001,82490-3AJ-75,11.0,10,2,2024-10-08,2026-02-05
W001,83441-3AC-80,11.0,11,1,2025-09-27,2026-03-12
W001,82489-3AE-NB,11.0,7,2,2024-10-08,2025-11-25
W001,67125-QR7-L,11.0,11,5,2022-01-07,2022-02-17
W001,82479-3AL-70,11.0,7,1,2025-02-07,2026-02-28
W001,82479-3AL-60,11.0,8,1,2025-02-07,2026-02-28
W001,82479-3MY-50,11.0,9,1,2025-05-01,2026-04-28
invalid,43197-V98-130,11.0,11,2,2022-02-20,2022-07-04
invalid,67603-011-90,11.0,11,1,2022-07-11,2022-07-23
W001,82488-3AE-XS,11.0,5,1,2025-02-03,2026-02-10
W001,83441-3AC-75,11.0,10,1,2025-09-23,2026-02-20
W001,83441-3MX-80,11.0,8,1,2025-09-25,2026-02-20
W001,82478-3MU-NB,11.0,8,1,2025-09-27,2025-11-06
W001,66994-75Z-M,11.0,10,1,2022-01-22,2022-02-06
W001,66986-VF5-XXL,11.0,9,2,2022-01-02,2022-02-02
W001,58660-WR9-L,11.0,11,1,2022-07-17,2022-08-02
invalid,67419-VX9-100,11.0,11,2,2023-03-03,2023-03-15
invalid,82482-3AH-85,11.0,11,1,2024-10-08,2025-03-28
W001,66936-UV5-85,11.0,11,1,2022-07-18,2022-08-01
invalid,67092-UD1-90,11.0,11,2,2022-02-06,2022-05-15
W001,84393-6BS-75,11.0,8,1,2026-04-08,2026-05-12
W001,80039-2CK-L,11.0,11,2,2024-10-01,2024-10-02
W001,67222-FX9-L/XL,11.0,9,3,2022-01-12,2022-06-09
invalid,60325-75Z-XS,11.0,11,1,2022-04-27,2022-07-25
invalid,59852-TN7-160,11.0,11,1,2022-01-04,2022-01-11
invalid,30070-S74-S,11.0,10,1,2022-01-06,2022-01-17
invalid,33175-TT2-160,11.0,11,1,2022-04-07,2022-04-19
W001,59852-2CK-120,11.0,11,1,2024-10-02,2024-10-02
W001,82476-3AQ-120,11.0,9,1,2024-10-03,2025-08-07
W001,82476-3AQ-110,11.0,9,1,2024-10-03,2025-11-06
W001,82586-06G-75,11.0,6,1,2024-10-14,2026-02-12
W001,82586-06G-70,11.0,6,1,2024-10-14,2026-02-12
W001,82586-145-90,11.0,5,1,2025-03-28,2026-01-30
W001,82586-145-85,11.0,5,1,2025-03-28,2026-01-30
W001,82585-3AV-75,11.0,7,1,2024-11-18,2026-05-14
invalid,52622-75Z-M/L,11.0,11,2,2022-01-13,2022-12-14
invalid,80323-GD4-150,11.0,11,1,2023-02-02,2023-03-31
invalid,80374-262-90,11.0,11,1,2023-02-17,2023-02-19
W001,82585-3ND-75,11.0,8,1,2025-04-25,2026-05-14
invalid,80324-RR5-85,10.0,9,1,2023-01-25,2023-02-05
W001,65203-VK1-L,10.0,10,6,2022-01-11,2022-02-24
invalid,52718-Q84-70,10.0,10,4,2022-01-08,2022-02-22
W001,65203-VK5-L,10.0,10,3,2022-01-08,2022-02-05
W001,82586-M07-60,10.0,8,1,2025-02-07,2026-01-23
W001,82586-M07-75,10.0,7,1,2025-03-03,2026-01-23
W001,60008-VJ8-80,10.0,10,3,2022-01-18,2022-04-29
W001,67297-VP5-L,10.0,10,7,2022-02-17,2022-07-21
W001,82476-3AP-120,10.0,7,2,2024-10-14,2026-02-18
invalid,33218-GN1-160,10.0,7,1,2022-06-03,2022-06-05
W001,67088-VB8-130,10.0,10,5,2022-01-07,2022-02-26
invalid,80854-XT9-85,10.0,10,2,2024-01-05,2024-01-31
W001,67226-76X-80,10.0,10,5,2022-01-12,2022-02-06
invalid,60325-VJ9-XS,10.0,10,1,2022-01-07,2022-01-31
invalid,67182-GF2-120,10.0,10,2,2022-01-31,2022-02-15
invalid,68119-XM5-90,10.0,10,2,2022-07-25,2022-12-26
W001,60325-VJ6-S,10.0,10,1,2022-01-05,2022-01-13
invalid,68182-CD7-100,10.0,9,1,2022-07-13,2022-07-27
W001,84393-6BW-70,10.0,7,1,2026-04-08,2026-06-09
W001,84393-6BR-50,10.0,7,1,2026-04-08,2026-05-21
invalid,68004-925-150,10.0,10,1,2023-08-14,2023-08-21
W001,67867-WV1-140,10.0,10,7,2022-05-12,2022-06-14
W001,67867-WX3-110,10.0,10,6,2022-05-12,2022-06-16
invalid,68004-929-90,10.0,10,1,2023-10-29,2023-10-31
invalid,67087-WM3-150,10.0,10,1,2022-08-26,2022-09-24
W001,59852-VK5-160,10.0,10,2,2022-01-09,2022-01-26
W001,59852-VL8-130,10.0,10,4,2022-01-12,2022-02-07
W001,60612-XB1-110,10.0,10,1,2022-07-19,2022-07-30
W001,44403-75Z-XL,10.0,10,1,2022-01-12,2022-02-16
W001,58660-NL3-S,10.0,10,5,2022-01-19,2022-02-24
W001,80039-715-M,10.0,10,1,2024-09-30,2024-10-01
W001,82478-3NA-NB,10.0,8,1,2025-04-24,2026-04-22
W001,51517-G43-80,10.0,9,1,2022-01-02,2022-01-08
invalid,80533-356-100,10.0,10,1,2023-10-10,2023-10-16
W001,46239-PV5-130,10.0,10,1,2022-01-02,2022-01-03
W001,82488-3AJ-NB,10.0,9,1,2024-12-09,2026-06-13
W001,82479-3AR-60,10.0,6,1,2025-01-27,2026-01-23
W001,82479-3AR-70,10.0,6,1,2025-01-27,2026-01-23
W001,82479-3AL-50,10.0,8,1,2025-02-07,2026-02-28
W001,50265-VJ9-XS,10.0,9,2,2022-01-08,2022-04-26
W001,67124-QR7-S,10.0,10,6,2022-01-13,2022-02-22
W001,82489-3MZ-70,10.0,7,1,2025-04-28,2025-11-25
W001,67213-J81-110,10.0,10,7,2022-01-24,2022-02-19
W001,82490-3AJ-70,10.0,9,1,2025-02-17,2026-02-12
W001,67377-G44-150,10.0,10,1,2022-07-19,2022-08-01
invalid,60611-TW2-120,10.0,10,2,2022-01-02,2022-02-11
invalid,67068-67L-130,10.0,10,1,2022-01-04,2022-01-13
W001,67866-VU9-130,10.0,10,6,2022-06-07,2022-07-02
W001,50265-Q84-M,10.0,10,5,2022-01-05,2022-01-27
W001,84401-6BU-110,10.0,8,1,2026-04-08,2026-05-26
W001,82481-3NA-70,10.0,7,1,2025-04-25,2026-02-12
invalid,67253-75Z-L/XL,10.0,10,1,2022-10-03,2022-10-06
invalid,58663-WR4-S,10.0,8,2,2022-05-18,2023-10-04
invalid,81553-1RR-NB,10.0,10,1,2025-10-09,2025-10-21
invalid,81563-1VH-110,10.0,10,1,2024-03-02,2024-03-07
W001,57746-UT6-120,10.0,10,6,2022-01-14,2022-02-25
W001,67873-WV5-120,10.0,10,4,2022-06-10,2022-06-30
W001,82560-3BE-60,10.0,7,2,2024-10-03,2026-06-10
invalid,80261-296-110,10.0,10,1,2023-03-04,2023-03-14
W001,81486-76X-S,10.0,10,1,2025-01-19,2025-05-22
invalid,67391-WL0-100,10.0,10,2,2022-01-05,2022-12-20
invalid,67392-78M-130,10.0,10,2,2022-04-24,2022-06-24
W001,62423-10F-110,10.0,10,5,2022-01-25,2022-02-17
W001,83441-3BC-85,10.0,7,2,2025-09-27,2026-02-12
W001,83441-3BC-90,10.0,6,1,2025-09-27,2026-02-12
invalid,67154-VH5-100,10.0,9,1,2022-01-02,2022-01-03
W001,82485-3NE-70,10.0,9,1,2025-05-01,2026-05-28
W001,67521-EH3-110,10.0,10,4,2022-06-09,2022-06-30
invalid,43197-B42-110,10.0,10,1,2022-07-25,2022-07-26
W001,82480-3AL-XS,10.0,9,1,2025-03-03,2026-05-18
W001,44403-TN9-L,10.0,9,2,2022-01-07,2022-03-07
W001,67390-WL0-100,10.0,10,2,2022-06-14,2022-07-04
W001,84401-6BR-60,10.0,6,1,2026-04-08,2026-05-21
W001,46239-C57-120,10.0,10,2,2022-01-16,2022-01-31
W001,84402-6CG-70,10.0,6,1,2026-04-08,2026-05-21
W001,84402-6CG-80,10.0,6,1,2026-04-08,2026-05-21
W001,82478-3AQ-80,10.0,9,2,2025-01-02,2026-05-28
invalid,47929-GN1-S,10.0,9,1,2022-05-26,2022-07-26
invalid,57822-A91-80,10.0,10,1,2022-01-26,2022-07-09
W001,62515-CM4-120,10.0,10,6,2022-02-01,2022-02-24
W001,62515-NU3-140,10.0,10,5,2022-01-10,2022-02-25
W001,83069-3BI-90,10.0,8,1,2025-05-01,2026-04-24
W001,47049-kl9-80,10.0,10,1,2022-01-18,2022-03-26
W001,67189-M23-130,10.0,10,3,2022-01-24,2022-02-24
W001,36086-PV5-110,10.0,10,5,2022-01-13,2022-02-25
W001,66994-QX6-L,10.0,10,3,2022-01-03,2022-02-21
W001,83069-3MZ-85,10.0,9,1,2025-05-01,2025-10-29
W001,83069-3MZ-90,10.0,9,1,2025-05-01,2025-10-29
W001,47149-FU8-80,10.0,10,1,2022-01-05,2022-01-27
invalid,67567-258-140,10.0,9,1,2024-02-05,2024-03-07
W001,65788-06G-NB,10.0,9,1,2022-07-16,2022-07-31
invalid,82585-3BJ-70,10.0,7,1,2024-10-08,2025-04-11
W001,82482-3AE-80,10.0,9,2,2024-10-08,2026-02-25
W001,82482-3AG-100,10.0,9,2,2024-10-08,2026-02-12
W001,59845-VK5-M,10.0,10,3,2022-01-24,2022-02-18
W001,82481-3NA-80,10.0,7,1,2025-04-25,2026-02-12
W001,65593-SR4-70,10.0,10,5,2022-01-09,2022-02-17
W001,67580-PM8-85,10.0,10,1,2022-06-27,2022-08-02
W001,67581-PG3-100,10.0,10,2,2022-06-20,2022-07-25
W001,36086-011-140,10.0,10,5,2022-01-12,2022-02-01
invalid,60548-PH7-75,10.0,10,1,2022-01-02,2022-01-06
W001,84406-1JH-80,10.0,6,1,2026-05-14,2026-05-23
W001,84403-6BU-75,10.0,7,1,2026-04-08,2026-05-21
invalid,80689-711-85,10.0,10,1,2023-04-27,2023-08-02
W001,84403-6BU-90,10.0,8,1,2026-04-08,2026-05-21
W001,82485-3NE-50,10.0,7,1,2025-05-01,2025-12-16
W001,59852-VJ6-110,10.0,10,4,2022-01-26,2022-02-22
W001,50265-QY5-M,10.0,10,1,2022-01-17,2022-05-04
W001,82476-3NA-110,10.0,10,1,2025-04-25,2026-01-29
W001,82476-3NA-85,10.0,9,1,2025-05-01,2026-01-29
W001,82476-3NA-90,10.0,9,1,2025-04-25,2026-01-29
W001,67023-24D-150,10.0,10,1,2022-03-08,2022-03-24
invalid,81190-559-150,10.0,10,1,2023-12-08,2023-12-10
W001,62515-PW1-130,10.0,10,5,2022-01-13,2022-02-07
invalid,67531-38T-150,10.0,10,1,2022-05-24,2022-05-30
W001,59852-TQ7-120,10.0,10,2,2022-01-25,2022-02-01
W001,59852-TQ7-160,10.0,10,4,2022-01-15,2022-01-31
W001,82481-3AR-85,10.0,9,1,2024-10-14,2026-02-12
W001,67987-XC8-120,10.0,10,1,2022-07-23,2022-08-01
invalid,67161-GD4-85,10.0,10,1,2022-12-01,2023-01-13
W001,67707-SG7-110,10.0,10,1,2022-05-01,2022-05-03
W001,82562-3BK-130,10.0,8,1,2024-10-03,2025-11-06
W001,65788-06G-1,10.0,10,1,2022-07-15,2022-07-31
W001,65788-06G-5,10.0,10,1,2022-07-17,2022-07-30
W001,33175-U74-140,10.0,10,3,2022-01-07,2022-03-04
invalid,66930-EF5-85,10.0,9,1,2022-01-03,2022-01-11
W001,67844-C20-120,10.0,10,6,2022-05-21,2022-07-25
W001,83068-3MZ-50,10.0,4,1,2025-09-27,2025-10-29
invalid,57705-RM6-NB,10.0,10,1,2023-09-04,2023-10-13
invalid,81403-1EW-110,10.0,10,1,2024-01-17,2024-03-05
W001,82476-3AQ-85,10.0,8,1,2024-10-03,2026-04-08
invalid,30810-GN1-M,10.0,10,1,2022-02-17,2022-02-27
W001,67092-UD1-90,10.0,10,1,2022-05-27,2022-05-31
W001,57827-EH3-120,10.0,9,6,2022-01-23,2022-02-28
invalid,59852-VL9-150,10.0,10,2,2022-01-02,2022-01-02
W001,82484-4RM-70,10.0,6,1,2025-09-30,2026-06-18
W001,82484-4RM-75,10.0,6,1,2025-09-30,2026-06-10
W001,82476-3MU-120,10.0,8,1,2025-09-25,2025-11-06
invalid,81269-552-L,10.0,10,1,2023-10-25,2023-11-06
invalid,54901-302-XS,10.0,10,1,2023-02-15,2023-03-07
W001,51911-C57-120,10.0,10,5,2022-01-12,2022-02-03
W001,67012-AT3-140,10.0,10,3,2022-01-02,2022-01-22
invalid,67532-VX7-90,10.0,10,1,2022-07-18,2022-07-27
W001,67113-VN3-140,10.0,10,1,2022-01-12,2022-01-17
invalid,67555-PH7-90,10.0,10,1,2022-05-07,2022-06-03
W001,82586-NV2-50,10.0,7,1,2025-01-02,2025-08-14
W001,82483-3AH-120,10.0,9,1,2025-02-06,2026-04-08
W001,82482-4RM-85,10.0,5,1,2025-09-25,2025-10-17
W001,82482-4RM-90,10.0,5,1,2025-09-25,2025-10-17
W001,82482-3N3-85,10.0,8,2,2025-07-31,2026-05-08
W001,82482-4RM-100,10.0,7,2,2025-09-25,2025-10-17
W001,67088-VB8-110,10.0,10,6,2022-01-03,2022-02-18
W001,82482-3N3-100,10.0,8,2,2025-07-31,2026-05-08
W001,82482-3N3-110,10.0,8,1,2025-08-01,2026-05-08
W001,82482-3AG-85,10.0,8,1,2024-10-08,2026-02-12
W001,82585-3BA-90,10.0,5,2,2024-12-10,2026-01-30
W001,82585-3BH-80,10.0,7,1,2025-01-27,2026-02-20
W001,52706-FX8-140,10.0,9,2,2022-01-12,2022-03-27
W001,52631-Q84-XL,10.0,10,5,2022-01-07,2022-01-30
W001,33175-S74-90,10.0,10,3,2022-01-11,2022-04-11
invalid,66719-XH8-110,10.0,10,1,2022-07-14,2022-08-02
invalid,66719-XR7-90,10.0,10,1,2022-07-20,2022-08-01
W001,82585-3AV-50,10.0,7,1,2024-10-08,2026-05-14
W001,68069-XJ2-80,10.0,10,1,2022-07-13,2022-07-31
W001,68074-GF2-60,10.0,10,1,2022-07-13,2022-08-01
invalid,83842-4VQ-XXS,10.0,10,1,2025-09-16,2026-04-13
W001,59870-FX7-XXL,10.0,8,2,2022-01-14,2022-01-23
W001,52733-AN8-2,9.0,9,2,2022-01-02,2022-02-09
W001,67848-NV2-130,9.0,9,3,2022-06-05,2022-07-01
W001,66354-UK3-90,9.0,9,9,2022-01-07,2022-02-05
invalid,80283-260-100,9.0,9,1,2023-03-05,2023-03-28
W001,67484-DY2-120,9.0,9,3,2022-05-26,2022-06-30
W001,82585-3BJ-70,9.0,7,2,2024-11-18,2025-10-01
invalid,80394-262-M,9.0,9,1,2023-01-28,2023-03-11
W001,82585-3ND-70,9.0,7,1,2025-04-25,2025-10-01
W001,82585-3BJ-NB,9.0,6,1,2024-10-08,2025-08-14
W001,67848-VX9-130,9.0,9,2,2022-06-07,2022-07-03
W001,67201-B42-150,9.0,9,5,2022-01-10,2022-02-02
invalid,68027-190-120,9.0,9,1,2022-07-25,2022-07-28
W001,52399-M23-L,9.0,9,5,2022-01-08,2022-01-19
W001,67858-WX3-110,9.0,9,3,2022-05-12,2022-06-10
W001,67192-M23-110,9.0,9,2,2022-01-26,2022-02-23
invalid,60612-XF5-100,9.0,9,1,2022-07-14,2022-07-28
W001,55460-VF9-140,9.0,9,1,2022-01-02,2022-01-06
W001,67188-M23-150,9.0,9,4,2022-01-10,2022-02-16
invalid,68008-WV9-110,9.0,9,1,2022-10-25,2022-10-26
invalid,80452-371-110,9.0,8,1,2023-07-15,2023-07-16
W001,82586-06G-60,9.0,5,1,2025-10-01,2026-02-12
W001,82586-M07-70,9.0,7,1,2025-02-07,2026-01-23
invalid,68007-919-90,9.0,9,1,2023-09-06,2023-09-07
W001,67255-FU8-L,9.0,8,4,2022-01-14,2022-02-21
invalid,67048-23T-140,9.0,9,2,2022-07-26,2023-01-29
W001,67188-M23-130,9.0,9,1,2022-01-24,2022-01-26
W001,67867-WX9-130,9.0,9,7,2022-05-12,2022-06-27
W001,65607-ST6-NB,9.0,9,2,2022-01-03,2022-01-12
invalid,82036-IVJ-NB,9.0,9,2,2024-09-14,2024-10-02
invalid,67090-XC8-130,9.0,9,1,2022-08-17,2022-09-08
W001,67871-015-150,9.0,9,3,2022-05-24,2022-06-13
W001,67201-M23-130,9.0,9,7,2022-01-12,2022-02-24
invalid,68150-GF2-50,9.0,9,1,2022-08-10,2022-09-07
W001,67686-WY5-120,9.0,9,5,2022-05-13,2022-07-02
W001,57822-82F-85,9.0,9,2,2022-06-22,2022-07-15
W001,59852-VP1-140,9.0,9,1,2022-01-24,2022-01-27
W001,83069-3AG-70,9.0,5,1,2025-05-01,2026-02-10
W001,83069-3AG-60,9.0,5,1,2025-05-01,2026-02-10
W001,83069-3AG-50,9.0,4,1,2025-05-01,2026-02-10
W001,47149-FU8-85,9.0,8,2,2022-01-18,2022-02-28
W001,83068-3AN-50,9.0,3,1,2025-09-27,2025-10-29
W001,36086-015-120,9.0,9,5,2022-01-07,2022-02-14
invalid,67111-VN3-XS,9.0,9,1,2022-01-11,2022-07-26
invalid,67101-FX9-XL,9.0,8,2,2023-10-09,2023-12-20
invalid,60325-Q84-S,9.0,9,1,2022-07-15,2022-07-22
invalid,67161-GD4-120,9.0,9,1,2022-01-03,2022-01-08
W001,68012-XC3-100,9.0,9,1,2022-07-15,2022-08-01
W001,67987-XR7-120,9.0,9,1,2022-07-27,2022-08-01
W001,52382-AN8-75,9.0,9,6,2022-01-13,2022-02-25
W001,47050-kl9-140,9.0,9,1,2022-01-29,2022-04-20
invalid,80484-304-110,9.0,9,1,2023-06-28,2023-07-03
invalid,80482-348-M,9.0,9,1,2023-03-28,2023-04-03
W001,83069-3BI-85,9.0,8,1,2025-05-01,2026-04-24
W001,59852-VL9-100,9.0,9,6,2022-01-20,2022-02-23
W001,59852-VL8-150,9.0,8,1,2022-01-02,2022-01-10
invalid,67187-990-90,9.0,9,1,2022-01-02,2022-01-04
invalid,60325-TN9-S,9.0,9,1,2022-01-23,2022-02-16
W001,65602-UV5-90,9.0,9,1,2022-07-17,2022-07-31
W001,68082-UV5-80,9.0,9,1,2022-07-13,2022-07-30
W001,68077-990-75,9.0,9,1,2022-07-19,2022-08-01
W001,68075-06G-80,9.0,9,1,2022-07-18,2022-08-01
invalid,67903-XH1-90,9.0,9,1,2022-07-18,2022-07-28
W001,68135-UV5-160,9.0,9,1,2022-07-14,2022-08-01
invalid,67242-VM9-90,9.0,9,1,2022-01-02,2022-01-04
W001,67177-B42-150,9.0,9,4,2022-01-14,2022-02-12
invalid,68173-XH6-70,9.0,9,1,2022-07-16,2022-07-26
W001,67501-RT9-100,9.0,9,1,2022-07-18,2022-08-01
W001,82560-3BE-70,9.0,7,2,2024-10-03,2026-06-10
W001,83308-2XU-XXL,9.0,8,1,2024-12-09,2025-01-03
W001,83441-3BC-75,9.0,6,1,2025-09-27,2026-02-12
W001,82560-3BK-NB,9.0,6,1,2025-09-30,2025-11-25
W001,82560-3BG-NB,9.0,6,1,2025-04-24,2026-03-13
W001,58660-85H-XL,9.0,9,1,2022-07-14,2022-08-01
W001,66986-VF4-XS,9.0,9,1,2022-01-22,2022-04-01
invalid,67254-VN7-L/XL,9.0,9,1,2022-01-16,2022-01-17
invalid,67251-S74-S,9.0,9,1,2022-01-14,2022-01-17
invalid,68173-XH6-75,9.0,8,1,2022-07-18,2022-07-26
W001,65593-1FZ-75,9.0,9,1,2024-12-26,2025-01-15
W001,81339-3LS-90,9.0,8,1,2025-04-04,2025-04-14
W001,65580-SR4-75,9.0,9,1,2022-01-27,2022-02-02
invalid,67274-WC1-130,9.0,9,1,2022-01-03,2022-01-11
invalid,80255-M23-140,9.0,9,2,2023-02-16,2023-12-07
W001,82492-3BA-M,9.0,7,1,2024-12-10,2026-02-12
W001,83441-3MX-75,9.0,7,1,2025-09-26,2026-02-20
W001,59781-M23-130,9.0,9,5,2022-01-07,2022-02-22
invalid,81398-1HX-90,9.0,8,1,2024-01-17,2024-02-27
W001,65290-011-120,9.0,9,7,2022-01-19,2022-02-23
invalid,67313-WD9-70,9.0,9,1,2022-01-04,2022-01-11
invalid,52706-FX8-100,9.0,9,1,2022-01-20,2022-02-02
W001,65256-GE1-150,9.0,9,1,2022-01-03,2022-01-04
W001,65256-KL4-70,9.0,9,2,2022-01-03,2022-01-24
W001,82476-3AQ-80,9.0,6,1,2024-10-03,2025-08-07
W001,51836-XB2-70,9.0,9,1,2022-07-27,2022-08-01
invalid,80039-VJ9-S,9.0,8,1,2022-11-16,2022-11-18
W001,82476-3MU-80,9.0,6,1,2025-09-30,2025-10-25
W001,82476-3MU-75,9.0,7,1,2025-09-30,2025-10-25
W001,82476-3MU-130,9.0,7,1,2025-09-30,2025-11-06
W001,62515-PW1-140,9.0,9,7,2022-01-07,2022-02-16
W001,67161-GD4-85,9.0,9,1,2022-01-04,2022-06-27
W001,82476-3MY-75,9.0,7,1,2025-05-01,2026-02-12
W001,84400-6BR-80,9.0,5,1,2026-04-08,2026-05-13
W001,82489-3BI-NB,9.0,6,3,2024-10-08,2025-11-25
W001,59852-VK5-130,9.0,9,3,2022-01-07,2022-02-23
W001,84393-6BW-60,9.0,6,1,2026-04-08,2026-05-07
W001,67374-WV1-110,9.0,9,2,2022-07-18,2022-07-21
invalid,50282-PF2-S,9.0,9,1,2022-01-06,2022-01-19
invalid,67390-WL0-130,9.0,8,1,2022-01-04,2022-01-17
invalid,47929-S74-S,9.0,6,1,2022-01-03,2022-01-06
W001,67159-JB3-120,9.0,9,3,2022-01-19,2022-02-15
W001,62127-UK7-XL,9.0,9,1,2022-06-13,2022-06-30
invalid,46177-QD7-XL,9.0,9,1,2022-01-03,2022-01-07
invalid,46153-GK3-90,9.0,7,1,2023-01-25,2023-02-15
invalid,67407-78M-120,9.0,9,1,2022-06-25,2022-06-27
invalid,47048-kl9-L,9.0,8,3,2022-01-02,2023-01-16
W001,84394-6CH-70,9.0,4,1,2026-04-11,2026-05-14
W001,82478-3AL-85,9.0,5,1,2025-02-05,2026-02-05
invalid,45850-PV5-100,9.0,1,1,2022-01-26,2022-01-26
invalid,67410-303-130,9.0,9,1,2023-06-29,2023-07-01
invalid,67427-VU6-85,9.0,9,1,2022-03-30,2022-04-19
W001,67387-VH3-120,9.0,9,1,2022-07-19,2022-08-01
W001,60612-XB1-150,9.0,9,1,2022-07-19,2022-07-31
W001,60612-XB1-100,9.0,9,1,2022-07-17,2022-07-31
invalid,80977-1AY-100,9.0,9,1,2024-01-19,2024-03-04
W001,82479-3AQ-75,9.0,7,1,2025-01-02,2026-04-08
W001,82481-3AR-60,9.0,8,1,2025-01-02,2026-01-29
W001,82481-3AR-90,9.0,8,1,2025-02-03,2026-02-12
W001,44403-TN9-S,9.0,9,2,2022-01-26,2022-03-28
W001,82482-3AG-110,9.0,8,3,2024-10-08,2026-02-12
W001,82482-3AE-75,9.0,7,2,2025-02-03,2026-02-25
W001,44403-VK5-M,9.0,9,4,2022-01-05,2022-02-01
W001,44403-VK1-M,9.0,9,1,2022-01-10,2022-02-18
invalid,80649-442-85,9.0,9,1,2024-01-14,2024-03-06
W001,84400-6BV-80,9.0,5,1,2026-04-09,2026-05-13
W001,84400-6BV-75,9.0,5,1,2026-04-09,2026-05-13
W001,82489-3AG-70,9.0,6,2,2024-10-08,2025-03-28
W001,82482-3AG-90,9.0,8,3,2024-10-08,2026-02-12
invalid,33218-VF3-90,9.0,9,1,2022-01-13,2022-02-20
W001,82482-3MZ-90,9.0,8,1,2025-04-25,2025-12-28
W001,82482-3MZ-85,9.0,8,2,2025-04-25,2025-12-28
W001,82482-3MZ-100,9.0,8,1,2025-04-25,2025-12-28
W001,82483-3AC-100,9.0,7,2,2024-10-14,2026-02-25
W001,67209-M23-110,9.0,8,1,2022-01-12,2022-03-19
W001,67226-76X-60,9.0,8,4,2022-01-12,2022-01-25
W001,59852-QY4-160,9.0,9,2,2022-01-06,2022-01-19
W001,82484-3AE-80,9.0,9,2,2024-10-08,2025-09-30
W001,84409-6BR-60,9.0,6,1,2026-04-08,2026-06-17
W001,84409-6BW-70,9.0,5,1,2026-04-09,2026-06-17
W001,60325-VM2-XL,9.0,9,5,2022-01-10,2022-02-02
invalid,30070-S74-L,9.0,7,1,2022-04-20,2022-05-18
W001,84400-6CC-85,9.0,6,1,2026-04-08,2026-05-12
W001,82486-3BJ-90,9.0,8,2,2024-10-08,2026-02-25
W001,82486-3BJ-85,9.0,8,2,2024-10-08,2026-02-25
W001,67127-QR7-S,9.0,9,3,2022-01-27,2022-01-31
W001,82489-3AJ-70,9.0,6,1,2024-12-09,2026-02-05
W001,82484-3N3-80,9.0,7,2,2025-05-01,2026-03-12
W001,82484-3MZ-80,9.0,7,2,2025-04-25,2026-01-30
W001,84407-1JF-60,9.0,7,1,2026-04-24,2026-05-23
W001,84408-6ES-90,9.0,6,1,2026-04-09,2026-05-21
W001,84409-6BT-60,9.0,6,1,2026-04-08,2026-06-17
W001,82484-3MX-NB,9.0,7,1,2025-07-31,2026-04-28
W001,82484-4RM-50,9.0,5,1,2025-09-30,2025-10-01
W001,82484-4RM-60,9.0,5,1,2025-09-30,2025-10-01
W001,84406-1JH-60,9.0,6,1,2026-05-13,2026-05-23
W001,84400-6CC-60,9.0,6,1,2026-04-08,2026-05-12
W001,84402-6CG-75,9.0,6,1,2026-04-08,2026-05-21
W001,84400-6BR-90,9.0,5,1,2026-04-08,2026-05-13
W001,84401-6BR-90,9.0,7,1,2026-04-08,2026-05-14
W001,84401-6BR-85,9.0,7,1,2026-04-08,2026-05-14
W001,84401-6BR-100,9.0,7,1,2026-04-08,2026-05-14
W001,84400-6CC-90,9.0,6,1,2026-04-08,2026-05-12
W001,82485-3ND-60,9.0,6,1,2025-05-01,2026-01-29
W001,84403-6BS-100,9.0,6,1,2026-04-08,2026-05-12
W001,52622-FU8-XS/S,9.0,9,5,2022-01-12,2022-05-12
W001,66362-VJ4-XS,9.0,9,2,2022-01-17,2022-02-09
invalid,83069-3AE-75,9.0,9,1,2025-05-01,2025-06-21
invalid,66716-080-90,9.0,9,1,2022-07-14,2022-07-28
invalid,64979-S74-S,9.0,6,1,2022-01-03,2022-01-06
invalid,80389-390-150,9.0,9,1,2023-02-20,2023-04-04
invalid,80389-389-130,9.0,10,1,2023-02-03,2023-03-15
W001,52606-G84-9,9.0,9,2,2022-01-20,2022-01-27
invalid,65642-WM4-110,9.0,9,1,2022-06-02,2022-06-12
invalid,68119-XH7-100,8.0,8,2,2022-07-23,2022-10-06
invalid,62118-CP2-140,8.0,8,1,2022-05-14,2022-05-15
invalid,66930-SR4-70,8.0,8,1,2022-06-21,2022-06-29
W001,82585-3AZ-70,8.0,6,1,2024-12-09,2026-05-14
W001,82585-3AZ-60,8.0,6,1,2024-12-09,2026-05-14
W001,82585-3AV-80,8.0,5,1,2025-04-11,2026-05-14
W001,82586-06G-85,8.0,3,1,2025-09-30,2026-02-12
W001,82485-3BC-80,8.0,8,2,2024-10-08,2025-09-27
W001,60325-VJ7-XS,8.0,8,1,2022-01-08,2022-07-05
W001,84403-6BU-100,8.0,7,1,2026-04-08,2026-05-21
W001,84403-6BS-90,8.0,5,1,2026-04-08,2026-05-12
W001,84403-6BS-85,8.0,5,1,2026-04-08,2026-05-12
W001,84406-1JH-85,8.0,6,1,2026-05-14,2026-05-23
W001,82486-3BA-130,8.0,7,1,2024-10-08,2025-08-28
W001,66736-XR7-140,8.0,8,1,2022-07-12,2022-08-01
invalid,65203-TN7-S,8.0,8,2,2022-01-07,2022-01-14
invalid,65761-UE5-XS,8.0,8,1,2022-01-02,2022-01-04
invalid,66994-XT2-M,8.0,8,3,2022-11-09,2022-12-08
W001,65761-wr5-XS,8.0,7,1,2022-06-08,2022-08-01
invalid,66985-VF5-M,8.0,7,4,2022-01-11,2022-05-14
W001,67858-WV1-120,8.0,8,3,2022-05-23,2022-07-01
W001,67858-WV1-110,8.0,8,2,2022-05-27,2022-07-01
invalid,68015-VX9-90,8.0,8,2,2022-07-14,2022-12-14
invalid,60611-VW8-85,8.0,7,1,2022-07-24,2022-07-26
invalid,67042-B42-140,8.0,8,1,2022-03-29,2022-04-14
W001,67235-M23-75,8.0,8,4,2022-01-05,2022-01-22
W001,84407-VU6-85,8.0,6,1,2026-05-12,2026-05-21
W001,84407-1JF-85,8.0,8,1,2026-04-11,2026-05-21
W001,84402-6CG-60,8.0,6,1,2026-04-08,2026-05-21
W001,84400-6BR-85,8.0,5,1,2026-04-08,2026-05-13
W001,84401-6BR-110,8.0,7,1,2026-04-08,2026-05-14
W001,59852-VJ7-90,8.0,8,1,2022-01-07,2022-01-12
W001,59852-VJ5-90,8.0,8,4,2022-01-24,2022-02-20
W001,82485-3ND-70,8.0,6,1,2025-05-01,2026-01-29
W001,84408-6ES-85,8.0,6,1,2026-04-09,2026-05-21
W001,84408-6ES-80,8.0,5,1,2026-04-08,2026-05-21
W001,84408-6ES-75,8.0,5,1,2026-04-08,2026-05-21
W001,84408-6ES-110,8.0,5,1,2026-04-09,2026-05-21
invalid,67517-359-110,8.0,8,1,2023-10-09,2023-10-20
W001,84409-6BT-70,8.0,6,1,2026-04-08,2026-06-17
W001,84409-6BR-70,8.0,5,1,2026-04-08,2026-06-17
W001,67138-AT2-90,8.0,8,2,2022-01-09,2022-02-09
W001,82485-3BA-80,8.0,7,2,2024-10-08,2025-05-07
W001,84406-1JG-85,8.0,8,1,2026-05-12,2026-05-23
W001,84408-6ES-100,8.0,6,1,2026-04-09,2026-05-21
W001,67188-M23-140,8.0,8,6,2022-01-15,2022-02-09
W001,82586-06G-90,8.0,3,1,2025-09-30,2026-02-12
W001,82586-NV2-80,8.0,6,1,2025-01-27,2026-04-08
W001,67110-VN3-L,8.0,7,4,2022-01-03,2022-01-10
W001,82586-06G-50,8.0,7,1,2025-10-01,2026-02-12
W001,67217-75Z-150,8.0,8,5,2022-01-16,2022-02-22
W001,82562-3BG-75,8.0,6,1,2024-10-03,2025-12-16
W001,84418-6BR-60,8.0,5,1,2026-04-08,2026-06-16
W001,59852-VK3-100,8.0,8,3,2022-01-07,2022-02-10
W001,82488-3AG-XXS,8.0,6,2,2024-10-14,2025-07-31
W001,82484-3AJ-75,8.0,7,2,2024-10-08,2026-02-12
W001,67535-C57-130,8.0,8,6,2022-05-17,2022-07-26
W001,67866-VU9-110,8.0,8,5,2022-05-15,2022-06-30
invalid,67061-B42-110,8.0,8,1,2022-01-10,2022-01-23
W001,67255-Q84-XL,8.0,8,2,2022-01-06,2022-01-17
invalid,67087-76X-110,8.0,8,3,2022-01-16,2022-02-11
invalid,67085-GF2-150,8.0,8,1,2022-01-13,2022-01-25
W001,67866-WX4-140,8.0,8,3,2022-06-06,2022-07-01
W001,67867-WV1-100,8.0,8,3,2022-05-15,2022-06-08
W001,67867-WX3-130,8.0,8,4,2022-05-27,2022-06-19
invalid,82476-3AQ-85,8.0,5,1,2024-12-09,2025-06-25
invalid,67091-990-100,8.0,8,1,2022-03-27,2022-03-28
invalid,67090-B42-120,8.0,8,2,2022-01-11,2022-05-26
W001,67871-V98-110,8.0,8,5,2022-06-17,2022-07-29
W001,67226-76X-70,8.0,8,6,2022-01-15,2022-02-18
W001,82483-3MZ-85,8.0,5,1,2025-04-28,2026-05-14
W001,82483-3MZ-100,8.0,5,1,2025-04-28,2026-05-14
W001,59852-QY4-140,8.0,8,4,2022-01-12,2022-01-25
W001,84409-6BW-75,8.0,4,1,2026-04-09,2026-06-17
W001,84418-6BR-70,8.0,4,1,2026-04-08,2026-05-12
W001,67182-GF2-90,8.0,8,3,2022-01-13,2022-02-02
invalid,67987-XH9-120,8.0,8,1,2022-07-12,2022-07-27
W001,59852-VP1-150,8.0,8,8,2022-01-02,2022-02-23
W001,83068-3MW-110,8.0,7,1,2025-09-25,2026-02-05
W001,82562-3BK-80,8.0,7,1,2024-10-08,2025-11-25
invalid,67987-XE4-120,8.0,8,1,2022-07-20,2022-07-27
W001,36086-011-100,8.0,8,5,2022-01-13,2022-01-26
W001,82482-3MX-90,8.0,7,1,2025-07-31,2026-02-12
W001,82482-4RM-110,8.0,5,1,2025-09-25,2025-10-17
W001,82482-3N3-90,8.0,6,2,2025-07-31,2026-01-30
W001,82483-3AC-85,8.0,6,3,2024-10-14,2026-02-25
W001,82483-3AC-120,8.0,7,2,2024-10-14,2026-02-25
W001,82483-3AE-90,8.0,7,1,2025-02-12,2026-02-25
invalid,67514-372-S,8.0,8,1,2023-01-27,2023-03-15
W001,67987-XR7-100,8.0,8,1,2022-07-26,2022-08-01
W001,59852-VL9-120,8.0,7,5,2022-01-27,2022-02-20
W001,47075-FV7-S,8.0,8,3,2022-01-16,2022-02-11
W001,83308-2YF-XXL,8.0,8,1,2024-12-26,2025-01-10
W001,47218-M23-S,8.0,7,3,2022-01-17,2022-02-17
W001,83069-3MZ-50,8.0,3,1,2025-05-01,2025-05-28
invalid,60325-VJ7-L,8.0,8,2,2022-01-03,2022-07-26
W001,36086-A91-150,8.0,5,1,2022-02-08,2022-03-08
invalid,82015-2EE-110,8.0,8,1,2024-07-21,2024-08-04
invalid,59852-VJ9-140,8.0,6,1,2022-07-06,2022-07-24
W001,65602-XK9-90,8.0,8,1,2022-07-17,2022-07-31
W001,65602-XB5-50,8.0,8,1,2022-07-25,2022-08-01
W001,57827-EF4-120,8.0,8,8,2022-01-02,2022-02-28
W001,68134-XC8-120,8.0,8,1,2022-07-18,2022-08-02
W001,82482-3AH-85,8.0,7,2,2025-07-31,2026-02-25
W001,82482-3AH-75,8.0,8,1,2024-10-08,2026-02-25
W001,82482-3N3-120,8.0,7,1,2025-08-01,2026-05-08
invalid,36086-PV5-120,8.0,8,3,2022-01-11,2022-02-07
W001,59852-VM2-140,8.0,8,7,2022-01-13,2022-02-10
W001,83441-3BC-80,8.0,6,1,2025-09-27,2026-02-12
W001,82560-3AT-80,8.0,7,1,2025-09-26,2026-01-29
W001,68141-GF2-60,8.0,8,1,2022-07-18,2022-08-01
W001,57870-XQ7-M,8.0,8,1,2022-07-18,2022-08-01
invalid,81563-1VG-110,8.0,8,1,2024-02-27,2024-03-07
invalid,67255-75Z-S,8.0,8,1,2022-01-17,2022-01-18
invalid,67254-VN7-S/M,8.0,8,1,2022-01-23,2022-01-30
W001,68174-XH8-70,8.0,8,1,2022-07-13,2022-08-01
W001,67176-M23-140,8.0,8,6,2022-01-19,2022-02-11
invalid,39973-48Q-85,8.0,8,1,2022-01-13,2022-03-19
invalid,37028-XJ5-140,8.0,8,1,2022-07-20,2022-08-01
W001,84400-6BR-70,8.0,5,1,2026-04-08,2026-05-13
W001,84400-6BV-70,8.0,4,1,2026-04-09,2026-05-13
W001,84400-6BU-80,8.0,5,1,2026-04-08,2026-05-12
W001,67222-FX9-S/M,8.0,8,3,2022-01-10,2022-08-01
W001,82489-3AG-60,8.0,5,2,2024-10-08,2025-03-28
invalid,58661-WQ7-S,8.0,8,1,2022-07-30,2022-07-31
invalid,67263-VN4-S/M,8.0,8,1,2022-01-10,2022-01-11
W001,67176-M23-110,8.0,8,5,2022-01-16,2022-02-22
W001,58660-WR9-XL,8.0,3,1,2022-07-27,2022-08-01
W001,81538-EF5-NB,8.0,8,1,2024-10-15,2025-03-23
invalid,57835-990-150,8.0,8,1,2022-01-02,2022-01-27
invalid,67282-V98-150,8.0,8,1,2022-01-09,2022-01-23
W001,60395-VJ7-130,8.0,8,6,2022-01-12,2022-02-01
W001,67085-76X-120,8.0,8,4,2022-01-24,2022-02-25
W001,67226-AN8-75,8.0,8,4,2022-01-09,2022-02-02
invalid,67485-SR4-100,8.0,8,1,2022-01-03,2022-01-19
W001,67071-FX7-XXL,8.0,8,1,2022-01-29,2022-07-16
W001,82481-3NA-90,8.0,6,1,2025-08-14,2026-02-12
W001,82482-3AC-80,8.0,7,1,2024-10-08,2026-02-25
W001,67086-VH4-130,8.0,8,3,2022-01-21,2022-02-15
W001,67086-VH4-110,8.0,8,2,2022-02-05,2022-02-16
W001,37028-BS8-100,8.0,8,1,2022-07-17,2022-08-01
invalid,57822-A91-100,8.0,7,1,2022-01-02,2022-01-12
W001,65580-DD4-80,8.0,7,3,2022-02-01,2022-02-23
invalid,80255-M23-110,8.0,8,1,2023-10-18,2023-10-20
W001,82490-3MZ-75,8.0,6,2,2025-04-25,2026-03-12
W001,82492-3BC-S,8.0,5,1,2024-10-08,2025-08-20
W001,83441-4RM-75,8.0,6,1,2025-09-30,2025-10-11
invalid,80533-1JN-100,8.0,8,1,2024-01-24,2024-03-03
W001,84393-6BT-60,8.0,6,2,2026-04-08,2026-05-21
W001,60603-vf7-S,8.0,8,7,2022-01-07,2022-02-14
W001,82481-3NA-85,8.0,6,1,2025-08-14,2026-02-12
W001,44403-VJ7-XS,8.0,8,1,2022-01-11,2022-07-08
W001,44403-VJ7-XL,8.0,8,1,2022-01-24,2022-04-28
invalid,42067-75Z-120,8.0,8,3,2022-01-11,2022-07-27
W001,60599-uv8-110,8.0,8,6,2022-01-30,2022-02-22
W001,84393-6BT-50,8.0,6,1,2026-04-08,2026-05-21
W001,58712-QT3-100,8.0,8,5,2022-01-22,2022-02-08
W001,82094-2UK-XL,8.0,8,1,2024-10-05,2024-10-14
invalid,81403-1ES-150,8.0,8,1,2024-01-23,2024-02-20
W001,82476-3AL-130,8.0,8,1,2024-10-03,2026-02-05
invalid,81392-1FY-120,8.0,8,1,2024-02-04,2024-03-04
W001,65290-011-140,8.0,8,6,2022-02-03,2022-02-19
W001,65203-VK5-M,8.0,8,3,2022-01-07,2022-02-23
invalid,52667-FX8-OS,8.0,8,7,2022-03-23,2023-01-04
W001,82476-3AK-120,8.0,5,2,2024-10-03,2026-01-30
W001,82476-3AQ-75,8.0,5,1,2024-10-03,2025-08-07
W001,65203-TN7-M,8.0,8,3,2022-01-03,2022-02-07
W001,44403-FU8-L,8.0,8,6,2022-01-05,2022-02-09
W001,60784-PF2-S,8.0,8,2,2022-02-06,2022-02-07
W001,60609-TW3-120,8.0,8,4,2022-01-28,2022-02-17
W001,60604-vf7-S,8.0,8,3,2022-01-05,2022-02-14
W001,60611-NB1-120,8.0,8,7,2022-01-26,2022-02-25
W001,67060-76X-110,8.0,8,4,2022-01-07,2022-02-12
invalid,44403-QX6-XXL,8.0,8,1,2022-01-03,2022-01-31
W001,82481-3AP-50,8.0,6,1,2025-02-03,2026-02-12
W001,60600-VW2-120,8.0,7,1,2022-01-03,2022-01-10
W001,60600-XC3-140,8.0,7,1,2022-07-25,2022-07-31
W001,65203-VJ6-XS,8.0,8,1,2022-01-22,2022-01-31
invalid,51911-J81-80,8.0,8,1,2022-07-30,2022-07-31
invalid,81269-552-S,8.0,8,1,2023-10-26,2023-10-31
W001,67012-CP2-130,8.0,8,6,2022-01-14,2022-02-23
W001,64979-S74-XS,8.0,8,1,2022-01-06,2022-01-30
W001,46239-M23-140,8.0,8,5,2022-01-12,2022-02-11
W001,82478-3AQ-NB,8.0,7,1,2025-09-30,2026-06-13
W001,82478-3NA-80,8.0,8,1,2025-04-25,2026-01-29
invalid,45346-G44-110,8.0,8,1,2023-06-16,2023-06-28
W001,62027-TP7-80,8.0,8,3,2022-01-11,2022-01-25
W001,62027-UV5-90,8.0,8,1,2022-07-17,2022-07-31
W001,82479-3AL-75,8.0,5,1,2025-03-03,2026-02-28
W001,67593-GD4-120,8.0,8,5,2022-06-24,2022-07-29
invalid,80046-QX6-XXL,8.0,8,3,2022-12-04,2023-12-21
W001,59845-QY5-XL,8.0,7,1,2022-02-01,2022-03-21
W001,82476-3NA-120,8.0,8,1,2025-04-25,2026-01-29
W001,84400-6BR-75,8.0,5,1,2026-04-08,2026-05-13
W001,50265-VP1-L,8.0,7,2,2022-01-16,2022-01-28
W001,46906-76X-M,8.0,7,7,2022-01-10,2022-02-16
W001,84393-6BR-80,8.0,7,1,2026-04-08,2026-05-14
W001,82490-3AJ-60,8.0,7,1,2025-02-17,2026-02-05
W001,62423-J81-90,8.0,8,4,2022-01-20,2022-02-12
invalid,67399-WT7-110,8.0,8,1,2022-07-31,2022-08-02
W001,67513-WV2-L,8.0,8,2,2022-06-10,2022-07-01
W001,82489-3AE-75,8.0,8,1,2024-12-09,2025-10-01
W001,82489-3AC-NB,8.0,4,1,2024-10-08,2025-04-11
W001,82489-3N3-NB,8.0,5,1,2025-07-11,2026-05-08
W001,84393-6BT-70,8.0,6,1,2026-04-08,2026-06-09
W001,84394-6CH-60,8.0,4,1,2026-04-11,2026-05-14
invalid,50282-VP5-S,8.0,8,1,2022-02-28,2022-03-29
W001,62618-RA9-160,8.0,8,1,2022-01-12,2022-01-20
W001,62423-015-85,8.0,8,1,2022-01-25,2022-02-01
W001,82477-3AL-100,8.0,7,2,2024-10-14,2026-04-08
W001,59845-QX6-S,8.0,6,1,2022-04-07,2022-07-18
invalid,81094-BD4-120,8.0,8,1,2023-10-04,2023-10-12
W001,62125-UK7-XXL,8.0,8,1,2022-04-27,2022-05-03
invalid,47681-VP5-120,8.0,8,1,2022-02-22,2022-02-25
W001,52621-75Z-5,8.0,7,7,2022-01-13,2022-02-26
W001,52621-75Z-3Y,8.0,8,7,2022-01-02,2022-02-13
W001,52631-75Z-L,8.0,8,5,2022-01-27,2022-02-21
W001,52718-Q84-85,8.0,8,5,2022-01-05,2022-02-07
invalid,66826-UZ1-110,8.0,8,2,2022-01-23,2023-05-21
invalid,66736-XH6-130,8.0,8,1,2022-07-14,2022-07-26
invalid,66736-XE4-120,8.0,8,2,2022-07-17,2022-07-30
invalid,62027-VS9-85,8.0,8,1,2022-03-09,2022-03-14
W001,67246-VM7-75,8.0,8,3,2022-01-12,2022-01-31
W001,67113-VN5-130,8.0,8,3,2022-01-13,2022-01-24
W001,59956-82F-130,8.0,7,2,2022-01-12,2022-01-20
invalid,65602-VK1-60,8.0,8,1,2022-01-20,2022-01-22
W001,66730-UX9-XL,8.0,8,1,2022-01-03,2022-01-08
W001,65788-G44-5,7.0,7,1,2022-07-23,2022-07-31
W001,30070-S74-XXL,7.0,7,1,2022-02-18,2022-05-09
invalid,65602-XK9-75,7.0,7,1,2022-07-15,2022-07-28
invalid,65606-B42-60,7.0,6,1,2022-01-02,2022-01-02
W001,52606-56X-4Y,7.0,7,4,2022-01-18,2022-02-17
W001,52606-56X-9,7.0,7,1,2022-01-12,2022-01-13
W001,30070-TD4-XS,7.0,6,1,2022-07-12,2022-07-31
W001,30070-U74-XL,7.0,6,1,2022-01-20,2022-02-26
W001,52605-FU8-10,7.0,7,5,2022-01-21,2022-02-21
W001,52605-FU8-2,7.0,7,1,2022-01-02,2022-01-10
W001,52605-FU8-5,7.0,7,4,2022-01-21,2022-02-10
W001,52605-Q84-1Y,7.0,7,3,2022-01-19,2022-02-20
W001,52631-Q84-M,7.0,7,6,2022-01-10,2022-02-26
W001,65788-SR4-2,7.0,7,5,2022-01-26,2022-02-11
invalid,68027-202-130,7.0,7,1,2022-07-23,2022-07-31
W001,54899-RY2-XS,7.0,7,2,2022-02-07,2022-03-21
W001,52573-FV7-L,7.0,7,3,2022-01-11,2022-02-09
W001,67192-GF2-120,7.0,7,3,2022-01-20,2022-02-21
W001,67191-M23-90,7.0,7,2,2022-01-22,2022-05-16
W001,65666-B42-85,7.0,7,2,2022-01-07,2022-03-24
invalid,60612-XF5-90,7.0,7,1,2022-07-20,2022-07-28
W001,59852-VJ8-110,7.0,7,2,2022-01-02,2022-03-06
invalid,67604-WS5-130,7.0,7,2,2022-07-08,2022-07-19
W001,82486-3BJ-110,7.0,7,2,2024-10-08,2026-02-25
W001,82486-3BJ-100,7.0,7,3,2024-10-08,2026-02-25
W001,67408-WU4-130,7.0,7,4,2022-05-19,2022-06-17
W001,60325-VK3-S,7.0,7,1,2022-01-16,2022-07-11
W001,60325-VK1-S,7.0,7,4,2022-01-14,2022-02-20
W001,59852-VJ6-160,7.0,7,3,2022-01-31,2022-02-18
W001,84406-1JH-90,7.0,5,1,2026-05-13,2026-05-23
W001,82479-3AK-70,7.0,4,1,2025-01-27,2025-06-02
W001,82479-3MY-75,7.0,5,1,2025-05-01,2025-08-14
W001,59852-VK5-150,7.0,7,4,2022-01-10,2022-01-30
W001,59852-VK5-120,7.0,7,2,2022-01-28,2022-02-08
W001,83441-4RM-80,7.0,5,1,2025-09-30,2025-10-11
W001,84393-6BW-75,7.0,6,1,2026-04-08,2026-05-07
W001,84393-6BV-70,7.0,4,1,2026-04-09,2026-05-12
W001,82490-3AJ-50,7.0,6,1,2025-02-17,2026-02-05
W001,82490-3N3-75,7.0,5,2,2025-07-11,2026-05-14
W001,82477-3AL-90,7.0,6,2,2024-10-14,2026-04-08
W001,67051-990-130,7.0,7,2,2022-01-10,2022-01-27
invalid,67404-1CD-150,7.0,7,1,2024-02-15,2024-03-03
W001,62118-CP2-150,7.0,7,2,2022-03-08,2022-05-27
W001,82489-3N3-75,7.0,6,1,2025-04-28,2026-05-08
W001,84393-6BV-60,7.0,4,1,2026-04-09,2026-05-12
W001,84393-6BV-50,7.0,4,1,2026-04-09,2026-05-12
W001,67297-VP5-M,7.0,7,6,2022-02-05,2022-07-28
W001,67012-AT3-130,7.0,7,6,2022-01-07,2022-02-23
W001,40152-M23-10,7.0,7,4,2022-01-24,2022-02-18
invalid,81346-1FM-90,7.0,7,1,2024-03-01,2024-03-05
W001,65203-75Z-XXL,7.0,7,2,2022-01-02,2022-01-22
W001,67161-GD4-120,7.0,7,2,2022-01-17,2022-04-01
W001,82476-3AR-75,7.0,5,1,2024-10-03,2026-01-29
W001,62944-NJ1-110,7.0,7,4,2022-02-07,2022-02-17
W001,62944-NH9-140,7.0,7,5,2022-01-11,2022-02-19
invalid,51194-A91-80,7.0,7,1,2022-02-11,2022-03-19
W001,59845-QY5-XS,7.0,6,1,2022-01-12,2022-05-22
W001,67410-VV2-120,7.0,7,7,2022-05-06,2022-07-26
invalid,67520-WC9-110,7.0,7,1,2022-07-16,2022-07-17
W001,82478-3AP-85,7.0,4,1,2025-09-30,2026-06-10
W001,82478-3AK-NB,7.0,5,1,2025-02-03,2026-03-27
W001,67159-JB3-150,7.0,7,1,2022-02-18,2022-03-03
invalid,67773-WV1-70,7.0,7,2,2022-07-04,2022-08-03
W001,65290-015-120,7.0,7,6,2022-01-13,2022-02-22
W001,65290-015-110,7.0,7,5,2022-01-08,2022-02-25
invalid,81395-1KA-100,7.0,7,1,2024-02-03,2024-03-01
W001,65290-011-110,7.0,7,5,2022-01-24,2022-02-15
W001,65203-VJ6-XL,7.0,6,2,2022-01-13,2022-01-19
W001,65203-VK1-M,7.0,7,5,2022-01-18,2022-02-27
W001,51911-10F-100,7.0,7,5,2022-01-02,2022-02-12
invalid,52382-AN8-85,7.0,7,1,2022-01-03,2022-01-04
W001,65203-TN7-L,7.0,7,3,2022-01-02,2022-01-13
W001,67389-WH8-130,7.0,7,1,2022-03-14,2022-03-15
W001,43205-PV5-110,7.0,7,4,2022-01-20,2022-02-07
W001,60611-NB1-100,7.0,7,5,2022-01-13,2022-02-23
W001,60611-RB7-120,7.0,7,2,2022-01-20,2022-01-24
invalid,44403-75Z-XXL,7.0,7,1,2022-01-03,2022-01-18
W001,82479-3AR-50,7.0,6,1,2025-01-27,2026-01-23
W001,67069-B42-140,7.0,7,7,2022-01-07,2022-02-22
W001,44403-FU8-XS,7.0,7,2,2022-01-09,2022-02-17
W001,67396-WV1-110,7.0,7,1,2022-07-19,2022-07-24
W001,67226-M23-85,7.0,7,4,2022-01-11,2022-02-25
W001,60599-XA7-140,7.0,7,1,2022-07-20,2022-08-01
W001,60599-vf7-140,7.0,7,2,2022-01-07,2022-01-13
W001,84393-6BS-80,7.0,4,1,2026-04-08,2026-05-12
invalid,67861-WW6-140,7.0,7,2,2022-06-06,2022-06-20
W001,59781-M23-150,7.0,7,4,2022-01-08,2022-02-25
invalid,55492-AS3-XL,7.0,7,1,2022-01-18,2022-02-06
W001,65290-GK3-120,7.0,7,4,2022-01-10,2022-02-22
W001,37028-XJ5-150,7.0,7,1,2022-07-20,2022-07-31
W001,37028-XG7-130,7.0,7,1,2022-07-20,2022-08-01
W001,59818-B42-100,7.0,7,5,2022-01-13,2022-02-10
W001,59818-015-120,7.0,7,5,2022-02-01,2022-02-14
W001,67167-GF2-110,7.0,7,2,2022-01-25,2022-02-17
W001,67226-A91-70,7.0,7,4,2022-01-07,2022-02-25
W001,67396-WV1-120,7.0,7,1,2022-07-28,2022-07-31
invalid,41378-GK3-100,7.0,7,3,2022-11-10,2022-12-26
W001,82482-3AE-130,7.0,6,1,2024-10-08,2026-02-11
W001,82482-3AC-130,7.0,5,1,2024-10-08,2025-08-28
W001,37028-69U-85,7.0,7,1,2022-07-25,2022-07-31
W001,81538-76X-60,7.0,7,1,2024-12-08,2025-03-17
W001,67118-PT0-XXL,7.0,7,1,2022-01-18,2022-02-03
W001,83441-3AC-60,7.0,7,1,2025-09-27,2026-02-20
W001,83441-4RM-70,7.0,5,1,2025-09-30,2025-10-11
W001,83441-3MX-90,7.0,6,1,2025-09-25,2026-02-20
W001,83441-3MX-70,7.0,5,1,2025-09-26,2026-02-20
W001,44403-TN7-L,7.0,7,2,2022-01-07,2022-02-01
W001,60604-NB1-M,7.0,7,2,2022-01-30,2022-02-07
invalid,67453-WC9-50,7.0,7,1,2022-03-23,2022-05-12
W001,82481-3NA-60,7.0,5,1,2025-08-14,2026-02-12
W001,84400-6BU-75,7.0,5,1,2026-04-08,2026-05-12
W001,67220-NU3-120,7.0,7,3,2022-01-03,2022-07-30
W001,82489-3AH-75,7.0,7,1,2024-12-09,2026-06-10
W001,82489-3AG-75,7.0,5,1,2024-12-09,2025-03-28
W001,82482-3AJ-110,7.0,6,2,2024-10-08,2026-02-05
W001,66987-VF5-130,7.0,7,2,2022-01-20,2022-02-08
W001,66986-VF5-L,7.0,7,5,2022-01-22,2022-02-22
W001,81339-3IF-85,7.0,7,1,2025-04-03,2025-04-14
W001,51911-J81-120,7.0,7,2,2022-01-14,2022-01-24
W001,67207-B42-110,7.0,7,2,2022-01-07,2022-01-31
W001,37028-BS8-160,7.0,7,1,2022-07-13,2022-08-01
W001,66994-NB1-M,7.0,7,5,2022-01-19,2022-02-23
W001,66994-NB1-L,7.0,7,7,2022-01-12,2022-02-07
W001,66994-75Z-XXL,7.0,7,1,2022-02-20,2022-07-26
W001,60395-VJ9-120,7.0,6,3,2022-01-14,2022-02-13
W001,67085-76X-110,7.0,7,4,2022-01-25,2022-02-18
W001,82560-3BK-80,7.0,6,2,2024-10-03,2025-11-25
W001,67177-76X-120,7.0,7,4,2022-01-02,2022-01-27
W001,68146-XC6-80,7.0,7,1,2022-07-14,2022-07-27
W001,68144-SR4-80,7.0,7,1,2022-07-18,2022-07-30
invalid,81563-1VG-90,7.0,7,1,2024-02-28,2024-03-06
invalid,81563-1UN-100,7.0,7,1,2024-03-01,2024-03-07
invalid,67255-QX6-L,7.0,7,2,2022-01-03,2022-01-20
invalid,67253-75Z-S,7.0,5,3,2022-01-03,2022-02-25
W001,68173-XG5-90,7.0,6,1,2022-07-14,2022-07-30
invalid,68173-XH6-90,7.0,7,1,2022-07-16,2022-07-27
invalid,67871-VZ1-150,7.0,7,1,2022-06-13,2022-06-14
invalid,67273-NZ5-85,7.0,6,1,2022-01-05,2022-01-08
W001,67078-FX9-XS,7.0,7,1,2022-01-07,2022-01-14
W001,84400-6BR-60,7.0,7,1,2026-04-08,2026-05-13
W001,67409-WV1-110,7.0,6,5,2022-07-07,2022-07-29
W001,84400-6BU-90,7.0,4,1,2026-04-08,2026-05-12
W001,44403-VL8-M,7.0,7,3,2022-01-15,2022-01-24
invalid,67490-WT8-110,7.0,7,1,2022-05-10,2022-05-11
invalid,36754-76X-100,7.0,7,2,2022-02-21,2022-11-28
W001,60395-V98-120,7.0,7,4,2022-01-12,2022-02-20
W001,82482-3MZ-120,7.0,7,2,2025-04-25,2025-12-28
W001,67558-NM9-85,7.0,7,1,2022-06-20,2022-06-29
W001,65593-SR4-80,7.0,7,5,2022-01-19,2022-02-05
W001,67177-B42-90,7.0,7,3,2022-01-13,2022-01-30
W001,67177-B42-110,7.0,7,3,2022-01-18,2022-02-01
invalid,68173-XE3-90,7.0,7,1,2022-07-20,2022-07-26
W001,67122-PT0-100,7.0,7,4,2022-01-16,2022-01-31
W001,82560-3BE-50,7.0,5,1,2025-04-24,2026-06-10
W001,82560-3B3-NB,7.0,5,1,2025-09-30,2026-03-13
W001,83441-3MX-60,7.0,5,1,2025-09-26,2026-02-20
W001,83441-3BC-70,7.0,5,1,2025-09-27,2026-02-12
W001,82492-3BH-S,7.0,6,1,2024-10-31,2026-02-12
W001,82562-3AT-75,7.0,7,1,2025-09-30,2026-01-29
W001,68069-XL0-70,7.0,7,1,2022-07-13,2022-07-30
invalid,67197-M23-140,7.0,7,1,2022-01-02,2022-01-03
invalid,59954-RP2-120,7.0,7,1,2023-08-18,2023-09-03
invalid,60008-VJ7-85,7.0,7,2,2022-01-21,2022-04-11
invalid,60325-VJ6-L,7.0,7,1,2022-01-27,2022-02-03
W001,65602-UT3-75,7.0,7,5,2022-01-07,2022-02-25
invalid,59852-VJ6-130,7.0,7,1,2022-02-01,2022-02-07
W001,67681-NU7-110,7.0,7,4,2022-05-15,2022-06-09
W001,66982-UT6-100,7.0,7,2,2022-01-09,2022-02-07
invalid,80129-M23-140,7.0,7,1,2022-10-19,2022-10-29
W001,67576-WB3-110,7.0,7,3,2022-04-06,2022-07-13
W001,82482-3MX-85,7.0,7,2,2025-07-31,2026-02-12
W001,82482-3MX-100,7.0,7,1,2025-07-31,2026-02-12
W001,67224-M23-S,7.0,7,6,2022-01-12,2022-02-16
W001,44403-VP1-L,7.0,7,4,2022-01-15,2022-02-23
W001,82482-4RM-80,7.0,3,1,2025-09-30,2025-10-17
W001,82482-3NC-100,7.0,3,1,2025-07-31,2026-01-30
W001,82483-3AE-100,7.0,7,1,2025-02-12,2026-02-25
W001,82483-3AC-110,7.0,7,2,2024-10-14,2026-02-25
W001,59852-QX6-90,7.0,7,1,2022-01-31,2022-04-05
W001,59852-QX6-150,7.0,7,2,2022-01-13,2022-02-21
W001,82483-3AE-80,7.0,6,1,2025-02-12,2026-02-25
W001,82483-3AH-80,7.0,6,1,2025-02-06,2026-02-25
W001,36086-C57-120,7.0,7,3,2022-01-14,2022-02-14
invalid,67159-HI2-100,7.0,7,1,2022-01-22,2022-01-28
invalid,67979-XR3-120,7.0,7,1,2022-07-19,2022-07-28
invalid,67978-062-130,7.0,7,1,2022-07-15,2022-07-25
W001,83440-3MU-75,7.0,6,1,2025-09-30,2025-10-25
W001,83440-3MU-70,7.0,6,1,2025-09-30,2025-10-25
W001,47052-FX7-90,7.0,7,1,2022-01-07,2022-01-12
W001,67490-VV2-110,7.0,7,4,2022-06-19,2022-07-31
W001,67153-NK7-130,7.0,7,1,2022-01-06,2022-01-11
W001,82484-3AG-80,7.0,6,2,2024-10-08,2026-03-12
W001,84409-6BW-60,7.0,5,1,2026-04-09,2026-06-17
W001,60325-VP1-L,7.0,7,4,2022-01-03,2022-02-25
W001,84418-6CC-70,7.0,4,1,2026-04-09,2026-06-09
W001,84418-6BR-75,7.0,4,1,2026-04-08,2026-05-12
invalid,68154-WB7-XS,7.0,7,1,2022-07-19,2022-08-20
W001,67116-FF5-130,7.0,7,3,2022-01-03,2022-01-23
W001,83069-3AG-75,7.0,7,1,2025-05-01,2026-02-20
W001,83069-3AE-75,7.0,5,1,2025-07-11,2026-02-12
W001,60284-A91-100,7.0,7,3,2022-01-02,2022-02-07
W001,60284-76X-90,7.0,7,2,2022-01-18,2022-01-24
W001,67217-75Z-110,7.0,7,4,2022-01-10,2022-02-21
W001,60284-76X-150,7.0,7,4,2022-01-07,2022-02-06
W001,57826-EF4-120,7.0,7,4,2022-01-07,2022-02-17
W001,82482-3MZ-110,7.0,7,2,2025-04-25,2025-12-28
invalid,68142-XL1-80,7.0,7,1,2022-09-27,2022-10-03
W001,57746-TW5-130,7.0,7,3,2022-01-19,2022-01-28
W001,67871-G31-140,7.0,7,5,2022-05-12,2022-07-09
invalid,67090-V98-130,7.0,7,1,2022-02-15,2022-02-28
invalid,67090-V98-120,7.0,7,1,2022-04-27,2022-04-28
W001,67871-015-120,7.0,7,6,2022-05-24,2022-07-23
W001,67186-GF2-120,7.0,7,3,2022-01-08,2022-02-06
invalid,68000-06G-100,7.0,7,1,2022-09-28,2022-10-08
W001,67201-VK3-110,7.0,7,6,2022-01-14,2022-02-17
W001,67201-M23-120,7.0,7,6,2022-01-15,2022-02-20
invalid,68144-GF2-70,7.0,7,1,2022-07-26,2022-08-01
W001,67871-M91-140,7.0,7,5,2022-06-04,2022-07-26
invalid,33218-TD4-80,7.0,7,1,2022-01-03,2022-02-15
W001,82483-3MZ-90,7.0,4,1,2025-04-28,2026-05-14
W001,82483-3MZ-120,7.0,5,1,2025-04-28,2026-05-14
W001,82483-3MZ-110,7.0,5,2,2025-04-28,2026-05-14
W001,67517-WT8-140,7.0,7,4,2022-06-18,2022-07-25
W001,67128-QR7-140,7.0,6,3,2022-01-26,2022-02-19
W001,67128-QR7-130,7.0,7,5,2022-01-15,2022-02-11
W001,82488-3AJ-XXS,7.0,6,1,2024-12-09,2026-02-07
W001,67129-TS1-M,7.0,7,3,2022-01-23,2022-02-12
W001,82489-3AJ-60,7.0,5,1,2024-12-09,2026-02-05
W001,67094-FV7-L,7.0,7,2,2022-01-03,2022-07-20
W001,67535-C57-120,7.0,7,5,2022-06-06,2022-07-01
W001,67865-WX2-130,7.0,7,4,2022-05-15,2022-06-22
invalid,82486-3BC-130,7.0,6,1,2024-10-08,2025-05-07
W001,67255-FU8-XL,7.0,7,2,2022-01-09,2022-02-19
invalid,60609-TW3-130,7.0,7,3,2022-01-02,2022-01-17
invalid,67090-A79-120,7.0,7,1,2022-05-10,2022-05-13
invalid,82483-3AE-85,7.0,6,1,2025-02-12,2025-06-21
W001,67866-WX4-120,7.0,7,5,2022-05-15,2022-06-24
W001,67866-VU9-140,7.0,7,2,2022-05-21,2022-07-01
W001,84409-6BS-70,7.0,4,1,2026-04-08,2026-06-17
W001,84409-6BR-75,7.0,4,1,2026-04-08,2026-06-17
invalid,67616-104-110,7.0,7,1,2023-01-23,2023-02-14
W001,84406-1JG-90,7.0,6,1,2026-05-14,2026-05-23
invalid,68009-VH3-140,7.0,7,1,2022-07-12,2022-07-27
W001,67189-M23-140,7.0,7,6,2022-01-20,2022-02-15
W001,60008-VP1-70,7.0,7,1,2022-01-17,2022-01-20
W001,67217-VJ9-120,7.0,7,5,2022-01-18,2022-02-25
invalid,80451-975-110,7.0,7,1,2024-01-03,2024-01-16
invalid,80451-370-90,7.0,7,1,2023-06-29,2023-06-30
W001,82586-M07-80,7.0,5,1,2025-03-03,2026-02-12
W001,82586-M07-50,7.0,6,1,2025-02-07,2026-01-23
W001,82562-3BG-80,7.0,6,1,2024-10-03,2025-12-16
W001,82487-3BJ-100,7.0,6,2,2024-10-14,2026-02-25
W001,82487-3BJ-85,7.0,6,2,2024-10-14,2026-02-25
W001,67517-WT8-150,7.0,7,4,2022-05-25,2022-07-25
W001,67246-VM7-80,7.0,7,4,2022-01-28,2022-02-23
W001,82585-3AZ-75,7.0,5,1,2024-12-09,2026-05-14
W001,82585-3AV-NB,7.0,4,1,2024-10-08,2025-08-14
W001,82585-3AV-90,7.0,4,1,2025-04-11,2026-02-12
W001,82585-3BJ-80,7.0,5,2,2025-01-27,2025-12-28
W001,82585-3NE-60,7.0,5,1,2025-04-25,2026-03-12
W001,82585-3ND-60,7.0,6,1,2025-04-25,2025-10-01
W001,67192-VM1-120,7.0,7,4,2022-01-10,2022-02-19
W001,67192-NT9-130,7.0,7,3,2022-01-07,2022-02-03
W001,67192-NT9-110,7.0,7,2,2022-01-18,2022-02-02
W001,84403-6BS-110,7.0,4,1,2026-04-08,2026-05-12
W001,84403-6BU-70,7.0,4,1,2026-04-08,2026-05-13
W001,82485-3NE-75,7.0,7,1,2025-05-01,2026-06-18
W001,52701-kl9-L,7.0,7,2,2022-01-13,2022-02-09
W001,33175-16N-130,7.0,7,5,2022-01-11,2022-02-17
invalid,66719-XR7-110,7.0,7,1,2022-07-15,2022-07-27
W001,84395-6BS-100,7.0,4,1,2026-04-08,2026-05-08
W001,84395-6BS-90,7.0,4,1,2026-04-08,2026-05-08
W001,84395-6BS-85,7.0,4,1,2026-04-08,2026-05-08
W001,62515-AN8-110,7.0,7,5,2022-01-13,2022-02-13
W001,62423-10F-100,7.0,7,6,2022-01-25,2022-02-20
W001,67038-GF2-150,7.0,7,1,2022-01-19,2022-02-05
invalid,67392-78M-150,7.0,7,2,2022-06-10,2022-07-13
W001,82477-3AL-85,7.0,6,2,2024-10-14,2026-04-08
W001,82477-3AL-110,7.0,6,2,2024-10-14,2026-04-08
W001,59845-VJ5-L,7.0,6,1,2022-01-17,2022-01-20
W001,82478-3AR-85,7.0,4,1,2025-03-03,2026-02-05
W001,30810-GN1-XS,7.0,5,3,2022-05-20,2022-08-03
invalid,68119-XH6-85,7.0,7,2,2022-10-19,2022-11-28
W001,52622-Q84-XL,7.0,7,2,2022-01-07,2022-01-12
W001,52718-Q84-60,7.0,7,4,2022-01-06,2022-01-22
invalid,66849-RS8-60,7.0,7,1,2022-01-02,2022-01-03
W001,66714-015-150,6.0,6,5,2022-01-07,2022-02-01
W001,67238-SR4-75,6.0,6,1,2022-04-06,2022-04-09
invalid,65290-M23-140,6.0,6,3,2022-01-14,2022-01-25
W001,82485-3AZ-75,6.0,5,1,2024-12-10,2026-03-12
W001,82485-3AV-80,6.0,5,2,2024-10-08,2026-02-18
W001,66716-77M-110,6.0,6,3,2022-01-25,2022-02-11
W001,52605-Q84-7,6.0,6,2,2022-01-16,2022-01-23
W001,50763-011-XS,6.0,6,1,2022-01-02,2022-01-03
W001,82484-3NC-75,6.0,3,1,2025-07-31,2026-03-12
W001,50754-QP3-S,6.0,6,3,2022-02-10,2022-02-25
W001,66716-011-130,6.0,6,3,2022-01-27,2022-02-26
W001,67087-76X-140,6.0,6,5,2022-02-14,2022-04-03
W001,60395-V98-130,6.0,6,6,2022-02-07,2022-02-25
W001,82485-3NE-80,6.0,6,1,2025-05-01,2025-12-16
W001,82484-3MX-70,6.0,5,2,2025-07-31,2026-03-17
W001,82484-3BI-80,6.0,6,2,2024-10-08,2026-06-18
W001,67518-VV8-130,6.0,6,2,2022-06-24,2022-07-23
invalid,66716-DD4-140,6.0,5,2,2022-01-02,2022-01-10
W001,66362-VJ4-S,6.0,6,4,2022-01-12,2022-01-24
W001,66361-VJ4-50,6.0,6,1,2022-01-18,2022-05-28
W001,58661-UE3-L,6.0,6,5,2022-01-19,2022-02-10
W001,58660-HC7-L,6.0,5,4,2022-01-17,2022-01-24
W001,60599-uv8-130,6.0,6,3,2022-01-07,2022-02-05
invalid,43197-260-150,6.0,5,1,2023-05-22,2023-05-23
W001,60325-VP1-XS,6.0,6,1,2022-01-11,2022-01-16
W001,67087-76X-150,6.0,6,4,2022-02-27,2022-04-14
W001,60600-XE2-100,6.0,6,1,2022-07-23,2022-08-01
W001,67203-NT9-110,6.0,6,2,2022-01-04,2022-01-22
W001,68164-A71-5,6.0,5,1,2022-07-23,2022-07-31
W001,68149-XH6-80,6.0,6,1,2022-07-18,2022-08-01
W001,68146-XC6-75,6.0,6,1,2022-07-18,2022-07-31
W001,67392-WC9-130,6.0,6,4,2022-06-16,2022-07-25
W001,60609-TW3-130,6.0,6,3,2022-01-21,2022-02-26
W001,59852-QY5-160,6.0,6,1,2022-01-05,2022-01-11
W001,59852-QY4-90,6.0,6,4,2022-01-12,2022-02-11
W001,82486-3BA-80,6.0,4,1,2024-10-08,2026-02-12
W001,66825-PG5-XL,6.0,6,1,2022-01-17,2022-01-21
W001,82485-3ND-NB,6.0,4,1,2025-07-18,2026-01-29
W001,60611-NB1-140,6.0,6,3,2022-01-10,2022-02-11
invalid,68173-XE3-80,6.0,6,1,2022-07-18,2022-07-25
W001,44403-QX6-L,6.0,6,1,2022-01-20,2022-02-01
W001,67065-76X-130,6.0,6,5,2022-01-19,2022-02-15
W001,67172-M23-120,6.0,6,5,2022-01-07,2022-01-23
W001,59852-VK4-160,6.0,6,3,2022-01-26,2022-02-17
W001,59852-VK4-150,6.0,6,4,2022-01-20,2022-02-16
invalid,66736-XR7-130,6.0,6,1,2022-07-14,2022-07-25
W001,52631-75Z-XL,6.0,6,5,2022-01-26,2022-02-27
W001,52631-75Z-M,6.0,6,2,2022-01-14,2022-02-12
W001,67242-QX6-85,6.0,6,2,2022-01-20,2022-01-28
W001,59852-VK1-110,6.0,6,4,2022-02-07,2022-02-20
W001,67094-FV7-M,6.0,6,2,2022-01-05,2022-01-21
W001,67207-B42-90,6.0,6,2,2022-01-07,2022-02-22
W001,67207-B42-120,6.0,6,3,2022-01-18,2022-02-25
W001,67090-B42-110,6.0,6,5,2022-01-15,2022-03-03
W001,67061-B42-140,6.0,6,2,2022-01-12,2022-01-23
W001,67387-VH3-100,6.0,5,1,2022-07-20,2022-08-01
W001,60325-VM2-L,6.0,6,2,2022-01-13,2022-02-24
W001,58712-76X-110,6.0,6,3,2022-01-25,2022-02-10
W001,67157-75M-110,6.0,6,2,2022-02-02,2022-02-17
W001,82487-3BJ-90,6.0,5,2,2024-10-14,2026-02-25
W001,59852-VK4-100,6.0,6,4,2022-01-19,2022-02-13
W001,67518-VU9-140,6.0,6,5,2022-06-12,2022-07-03
W001,67517-WT8-110,6.0,6,4,2022-07-26,2022-08-02
W001,82486-3BJ-120,6.0,6,2,2024-10-08,2026-02-25
W001,60611-RB7-100,6.0,6,5,2022-01-12,2022-01-31
W001,67179-76X-140,6.0,6,4,2022-01-06,2022-02-02
W001,67683-WX3-110,6.0,6,1,2022-06-16,2022-06-25
W001,84418-6BU-70,6.0,4,1,2026-04-09,2026-06-10
W001,67207-B42-100,6.0,6,4,2022-01-13,2022-02-26
W001,84409-6BW-80,6.0,4,1,2026-04-09,2026-06-17
W001,84409-6BW-50,6.0,4,1,2026-04-09,2026-06-17
W001,67390-WH8-150,6.0,6,2,2022-04-22,2022-07-25
W001,60611-UW6-120,6.0,6,5,2022-01-06,2022-02-07
W001,67389-WH8-150,6.0,6,4,2022-03-23,2022-07-29
W001,68076-011-70,6.0,6,1,2022-07-19,2022-07-31
W001,67180-GF2-120,6.0,6,3,2022-01-18,2022-02-25
W001,84409-6BT-50,6.0,4,1,2026-04-08,2026-06-17
W001,82488-3BI-XXS,6.0,3,1,2025-01-20,2025-04-11
invalid,60784-VQ2-XS,6.0,6,2,2022-02-21,2022-07-01
W001,66921-DD4-90,6.0,6,1,2022-01-03,2022-01-06
invalid,62027-926-60,6.0,6,1,2023-08-10,2023-08-11
invalid,61960-SX2-150,6.0,6,1,2022-01-02,2022-01-03
W001,65788-011-NB,6.0,6,2,2022-02-28,2022-05-14
W001,84409-6BS-60,6.0,4,1,2026-04-08,2026-06-17
W001,84409-6BS-50,6.0,4,1,2026-04-08,2026-06-17
W001,84409-6BR-80,6.0,4,1,2026-04-08,2026-06-17
W001,84409-6BR-50,6.0,4,1,2026-04-08,2026-06-17
W001,57826-EH3-90,6.0,6,2,2022-01-15,2022-01-23
W001,68069-XL0-80,6.0,6,1,2022-07-13,2022-07-30
W001,68027-186-90,6.0,6,1,2022-07-27,2022-08-02
invalid,46239-GK3-120,6.0,6,1,2022-10-25,2022-10-26
invalid,67044-VH3-110,6.0,6,1,2022-09-27,2022-10-01
invalid,60612-XD1-140,6.0,6,1,2022-07-28,2022-07-29
invalid,66994-VP1-M,6.0,6,1,2022-01-20,2022-01-23
invalid,66994-Q84-XS,6.0,4,1,2022-02-02,2022-02-07
W001,82483-3AE-110,6.0,6,1,2025-02-12,2026-02-25
W001,82483-3AC-90,6.0,6,2,2024-10-14,2026-02-25
W001,67210-GF2-110,6.0,6,1,2022-01-03,2022-01-11
W001,82488-3AH-XXS,6.0,5,2,2024-10-14,2025-03-28
W001,61948-WX3-M,6.0,6,5,2022-05-23,2022-07-01
W001,57827-A91-130,6.0,6,3,2022-01-11,2022-02-22
W001,84406-1JG-50,6.0,4,1,2026-05-08,2026-05-23
W001,67631-WX3-S,6.0,6,4,2022-05-06,2022-06-24
W001,84407-1JF-90,6.0,6,1,2026-04-11,2026-05-21
W001,84408-6ES-70,6.0,4,1,2026-04-08,2026-05-21
invalid,80692-450-90,6.0,6,1,2024-01-14,2024-03-02
W001,67126-QR7-L,6.0,6,4,2022-01-15,2022-02-09
invalid,67086-VH4-110,6.0,6,1,2022-01-06,2022-01-11
W001,67194-M23-140,6.0,6,2,2022-02-01,2022-02-26
W001,52706-FX9-140,6.0,6,1,2022-01-08,2022-01-17
W001,52706-FX8-90,6.0,6,3,2022-01-08,2022-02-19
invalid,60604-vf7-XL,6.0,6,1,2022-01-17,2022-01-17
invalid,67085-76X-110,6.0,6,1,2022-02-02,2022-02-09
W001,82489-3AC-75,6.0,6,1,2025-02-03,2026-06-10
W001,82489-3AJ-50,6.0,5,1,2024-12-09,2026-02-05
W001,59818-B42-140,6.0,6,3,2022-01-24,2022-02-25
W001,84403-6BU-60,6.0,4,1,2026-04-08,2026-05-13
invalid,46239-PV5-150,6.0,6,1,2022-01-02,2022-01-03
W001,68005-A21-150,6.0,5,1,2022-07-13,2022-07-31
W001,68047-XJ3-50,6.0,6,1,2022-07-19,2022-08-01
W001,59781-M23-90,6.0,6,3,2022-01-14,2022-01-26
W001,84403-6BU-110,6.0,5,1,2026-04-08,2026-05-21
W001,84403-6BR-90,6.0,4,1,2026-04-08,2026-05-21
W001,84403-6BR-80,6.0,4,1,2026-04-08,2026-05-21
W001,67048-GK3-140,6.0,6,1,2022-01-24,2022-01-27
W001,67987-XH6-130,6.0,6,1,2022-07-26,2022-08-02
W001,67987-XF3-110,6.0,6,1,2022-07-24,2022-07-30
W001,67987-XD3-130,6.0,5,1,2022-07-26,2022-08-01
W001,67987-XB6-130,6.0,6,1,2022-07-24,2022-07-28
invalid,67398-1HW-90,6.0,6,1,2024-01-11,2024-02-06
invalid,67987-XF5-100,6.0,6,1,2022-07-20,2022-07-27
W001,67124-QR7-XXL,6.0,6,5,2022-01-06,2022-02-25
W001,82489-3NC-60,6.0,3,2,2025-09-09,2026-02-28
W001,82482-4RM-120,6.0,4,1,2025-09-25,2025-10-11
W001,67260-VN4-XXL,6.0,6,2,2022-01-07,2022-01-17
W001,67255-TN9-L,6.0,6,3,2022-01-07,2022-01-16
W001,67213-J81-120,6.0,6,3,2022-01-13,2022-02-22
W001,57826-EH3-130,6.0,6,2,2022-01-07,2022-01-24
invalid,47433-QT3-110,6.0,6,1,2022-02-05,2022-02-16
W001,67902-WS8-110,6.0,6,1,2022-07-21,2022-07-31
invalid,67981-XM2-110,6.0,6,1,2022-07-20,2022-07-28
W001,84401-6BU-60,6.0,5,1,2026-04-08,2026-05-14
invalid,47929-WF3-M,6.0,6,1,2023-02-02,2023-02-22
W001,52718-Q84-75,6.0,6,5,2022-01-31,2022-02-22
invalid,82482-3AE-110,6.0,5,1,2024-12-09,2025-06-25
invalid,67084-TL8-XS,6.0,6,1,2022-07-26,2022-07-27
W001,84400-6BU-85,6.0,4,1,2026-04-08,2026-05-12
W001,67220-NU3-110,6.0,6,3,2022-01-16,2022-07-24
W001,84400-6BU-70,6.0,4,1,2026-04-08,2026-05-12
W001,84400-6BU-60,6.0,4,1,2026-04-08,2026-05-12
W001,59818-SR4-120,6.0,6,4,2022-01-10,2022-02-23
W001,67207-SR4-130,6.0,6,3,2022-01-11,2022-01-26
W001,60325-TN7-XS,6.0,6,2,2022-01-13,2022-07-17
W001,51911-GF2-120,6.0,6,6,2022-01-07,2022-02-28
W001,66947-UT9-70,6.0,6,4,2022-01-21,2022-02-18
W001,82482-3MX-80,6.0,5,1,2025-07-31,2026-02-12
W001,82482-3MX-110,6.0,6,1,2025-07-31,2026-02-12
invalid,68064-XG3-85,6.0,6,1,2022-07-20,2022-07-29
W001,67255-QX6-S,6.0,6,4,2022-01-13,2022-02-22
W001,59818-HI7-110,6.0,6,3,2022-01-27,2022-02-17
W001,67409-WV1-120,6.0,6,5,2022-05-16,2022-07-29
W001,67038-GF2-120,6.0,6,4,2022-01-14,2022-02-18
W001,67873-WW6-110,6.0,6,5,2022-05-15,2022-06-21
W001,62618-TR2-140,6.0,6,2,2022-01-11,2022-02-13
W001,62515-AN8-100,6.0,6,3,2022-01-09,2022-02-05
W001,67185-B42-120,6.0,6,4,2022-01-11,2022-02-06
W001,62515-76X-130,6.0,6,3,2022-01-02,2022-01-28
W001,62515-PW1-110,6.0,6,3,2022-01-26,2022-03-01
W001,84394-6CH-75,6.0,3,1,2026-05-07,2026-05-14
W001,67410-VV2-130,6.0,6,4,2022-05-25,2022-07-27
W001,67410-VV2-110,6.0,6,6,2022-06-14,2022-08-02
W001,60325-75Z-S,6.0,6,1,2022-01-31,2022-02-28
W001,62515-NU3-85,6.0,6,4,2022-01-31,2022-02-22
W001,62515-CM4-130,6.0,6,4,2022-01-31,2022-02-19
invalid,51573-VC1-140,6.0,6,1,2022-07-17,2022-07-31
W001,82482-3AJ-120,6.0,5,1,2024-10-14,2026-02-05
W001,82492-3BC-M,6.0,5,1,2024-10-08,2025-08-20
W001,82490-3AE-80,6.0,5,1,2025-01-22,2025-06-25
W001,82490-3AE-75,6.0,5,1,2025-01-22,2025-06-25
W001,82490-3MX-85,6.0,4,1,2025-08-23,2026-06-10
W001,84393-6BV-75,6.0,3,1,2026-04-09,2026-05-08
W001,84394-6CE-70,6.0,3,1,2026-04-08,2026-05-08
W001,84394-6CE-60,6.0,3,1,2026-04-08,2026-05-08
W001,84395-6BS-110,6.0,4,1,2026-04-08,2026-05-08
invalid,67379-453-140,6.0,6,1,2023-08-04,2023-08-09
W001,67201-VK3-100,6.0,6,2,2022-01-27,2022-02-08
W001,46239-GK3-130,6.0,5,2,2022-01-25,2022-02-21
W001,67121-PT0-M,6.0,6,2,2022-01-16,2022-01-24
W001,59845-VK1-XL,6.0,6,5,2022-01-13,2022-03-04
W001,59845-VK1-M,6.0,6,5,2022-01-12,2022-02-21
W001,59845-VJ9-L,6.0,6,2,2022-01-06,2022-01-10
W001,67214-GF2-120,6.0,6,4,2022-01-23,2022-03-01
W001,67213-SR4-110,6.0,6,4,2022-01-25,2022-02-17
invalid,60325-VJ6-XS,6.0,6,1,2022-04-29,2022-06-22
W001,46284-93P-1/4,6.0,5,4,2022-01-13,2022-01-23
W001,83441-4RM-85,6.0,3,1,2025-09-30,2025-10-01
W001,82476-3AP-80,6.0,4,1,2024-10-08,2025-07-31
invalid,67377-G44-90,6.0,6,1,2022-12-11,2022-12-12
invalid,67377-B42-130,6.0,6,1,2022-07-08,2022-07-08
W001,57746-UT6-140,6.0,6,6,2022-01-23,2022-02-06
W001,67871-VZ1-90,6.0,6,4,2022-06-10,2022-07-28
W001,82476-3AL-75,6.0,6,1,2024-10-08,2025-12-28
W001,83441-3NC-90,6.0,4,1,2025-09-25,2025-12-19
W001,83441-3NC-85,6.0,4,1,2025-09-25,2025-12-19
W001,83441-3NC-75,6.0,4,1,2025-09-23,2025-12-19
W001,67192-VM1-130,6.0,6,5,2022-01-07,2022-02-02
W001,66958-EV5-120,6.0,6,1,2022-01-11,2022-01-15
W001,67848-V98-130,6.0,6,4,2022-05-23,2022-06-30
W001,52408-Q84-140,6.0,6,6,2022-02-03,2022-02-23
W001,67201-GF2-130,6.0,6,3,2022-01-26,2022-02-20
W001,67848-NV2-110,6.0,6,2,2022-06-16,2022-07-05
W001,67122-PT0-110,6.0,6,6,2022-01-14,2022-02-23
W001,83441-3MX-85,6.0,6,1,2025-09-25,2026-02-20
W001,84393-6BS-NB,6.0,4,1,2026-04-08,2026-05-08
W001,67410-WC9-130,6.0,6,2,2022-06-28,2022-07-26
invalid,51573-UY4-130,6.0,6,1,2022-07-14,2022-07-25
invalid,52081-GA5-80,6.0,5,1,2022-01-07,2022-01-18
W001,83440-3MU-60,6.0,5,1,2025-09-30,2025-10-25
W001,83441-3BC-60,6.0,4,1,2025-09-27,2026-01-30
W001,82560-3BE-NB,6.0,4,1,2025-04-24,2026-06-10
W001,67158-75M-140,6.0,6,4,2022-01-26,2022-02-22
W001,51057-M23-110,6.0,6,3,2022-01-22,2022-02-15
W001,50265-QX6-XS,6.0,6,2,2022-01-12,2022-01-24
W001,66955-990-140,6.0,6,5,2022-01-26,2022-02-22
W001,66955-990-130,6.0,6,4,2022-01-23,2022-02-20
W001,83441-4RM-60,6.0,5,1,2025-09-30,2025-10-11
invalid,81270-552-S,6.0,6,1,2023-10-26,2023-10-29
W001,67013-GN1-S,6.0,5,1,2022-02-27,2022-03-05
W001,67871-G31-130,6.0,6,6,2022-05-16,2022-07-01
W001,67871-G31-150,6.0,6,2,2022-05-24,2022-06-17
W001,67608-PH1-100,6.0,6,6,2022-06-24,2022-07-28
W001,67867-WX3-100,6.0,6,4,2022-05-20,2022-06-14
invalid,52621-VK1-7,6.0,6,2,2023-01-16,2023-01-22
W001,67162-NN9-100,6.0,6,1,2022-01-27,2022-01-30
W001,67161-GD6-140,6.0,6,2,2022-01-04,2022-03-30
W001,83069-3AG-80,6.0,6,1,2025-05-01,2026-02-20
W001,83440-3MU-80,6.0,4,1,2025-09-30,2025-10-01
W001,47052-NN9-160,6.0,6,2,2022-01-13,2022-02-27
W001,82481-3NA-50,6.0,4,1,2025-08-14,2026-02-12
W001,59852-VM2-160,6.0,6,4,2022-01-02,2022-02-02
invalid,67558-PF4-150,6.0,6,1,2022-06-14,2022-06-28
invalid,67558-NN0-150,6.0,6,1,2022-03-18,2022-04-23
invalid,59852-VJ5-140,6.0,6,3,2022-01-09,2022-01-31
W001,54899-VP5-L,6.0,6,3,2022-02-21,2022-06-08
W001,67853-WX4-110,6.0,6,3,2022-05-17,2022-07-02
W001,67853-WX2-130,6.0,6,4,2022-06-09,2022-07-01
W001,59852-VM2-120,6.0,6,3,2022-01-25,2022-02-10
W001,82560-3BE-75,6.0,5,2,2024-10-03,2026-06-10
W001,67490-WX1-110,6.0,6,4,2022-06-07,2022-07-28
W001,67604-WS5-110,6.0,6,6,2022-06-25,2022-07-28
W001,51836-XG7-70,6.0,6,1,2022-07-15,2022-08-01
W001,67162-NN9-130,6.0,6,5,2022-01-17,2022-03-22
W001,67162-NN9-120,6.0,6,1,2022-01-11,2022-01-12
W001,67117-NK7-120,6.0,6,2,2022-01-11,2022-01-21
W001,67217-75Z-100,6.0,6,5,2022-01-31,2022-02-24
W001,50265-QX6-XL,6.0,6,2,2022-01-11,2022-01-24
invalid,67567-258-90,6.0,6,1,2024-02-01,2024-03-03
W001,82562-3AT-80,6.0,5,1,2025-10-01,2026-01-29
invalid,80484-335-90,6.0,6,1,2023-06-02,2023-06-06
W001,83069-3AG-85,6.0,5,1,2025-05-01,2026-02-20
invalid,52706-FX8-150,6.0,6,1,2022-01-06,2022-01-12
W001,65203-VP1-XXL,6.0,6,2,2022-01-15,2022-02-08
W001,65203-VP1-M,6.0,5,1,2022-01-07,2022-01-14
W001,67187-990-110,6.0,6,5,2022-01-19,2022-02-22
W001,52382-M23-80,6.0,6,4,2022-01-18,2022-02-15
W001,60284-A91-110,6.0,6,2,2022-01-25,2022-02-02
W001,82477-3NA-110,6.0,4,1,2025-05-07,2026-02-05
W001,67855-M91-130,6.0,6,1,2022-07-15,2022-07-17
W001,67855-G31-130,6.0,6,1,2022-07-04,2022-07-06
W001,54899-VQ2-L,6.0,5,4,2022-01-31,2022-06-06
invalid,59852-QY4-60,6.0,5,1,2022-03-03,2022-04-05
W001,82562-3B3-80,6.0,5,1,2024-10-03,2025-11-25
W001,82562-3B3-75,6.0,5,1,2024-10-03,2025-11-25
W001,82477-3NA-100,6.0,4,1,2025-05-07,2026-02-05
W001,60312-A91-130,6.0,6,5,2022-01-12,2022-02-06
W001,67010-GF2-130,6.0,6,5,2022-01-06,2022-02-23
invalid,81372-1CM-85,6.0,6,1,2024-02-07,2024-03-06
invalid,80457-1AX-150,6.0,6,1,2024-01-18,2024-01-27
W001,67866-VU9-120,6.0,6,5,2022-05-19,2022-07-01
W001,60284-76X-140,6.0,6,2,2022-01-27,2022-02-05
W001,60284-76X-100,6.0,6,6,2022-01-18,2022-02-10
W001,82816-2RS-130,6.0,6,1,2024-11-07,2024-11-08
W001,37028-XG7-160,6.0,6,1,2022-07-17,2022-07-29
invalid,81416-1IY-100,6.0,6,1,2024-02-12,2024-03-06
invalid,67295-WB2-M,6.0,4,1,2022-06-15,2022-06-20
W001,60008-VK1-70,6.0,6,4,2022-01-03,2022-02-19
W001,67207-V98-120,6.0,6,4,2022-01-13,2022-03-01
W001,82585-3AV-85,6.0,4,1,2025-05-01,2026-05-14
W001,65593-PV4-85,6.0,6,2,2022-01-27,2022-02-07
invalid,67234-M23-75,6.0,6,1,2022-01-05,2022-01-06
W001,67234-M23-60,6.0,5,3,2022-01-18,2022-02-09
W001,59845-VJ7-XS,6.0,6,1,2022-01-07,2022-06-30
invalid,67287-XG3-130,6.0,6,3,2022-09-27,2023-01-03
W001,67691-SR4-150,6.0,6,3,2022-05-27,2022-06-10
W001,67192-76X-120,6.0,6,2,2022-01-20,2022-01-24
W001,66985-VF5-M,6.0,6,3,2022-02-01,2022-02-18
invalid,81762-76X-70,6.0,6,1,2024-08-08,2024-08-25
W001,36086-PV5-140,6.0,6,5,2022-02-17,2022-02-25
W001,37028-BS8-150,6.0,5,1,2022-07-19,2022-07-31
W001,82586-NV2-90,6.0,4,1,2025-03-28,2026-04-08
W001,82586-NV2-85,6.0,4,1,2025-03-28,2026-04-08
W001,67217-75Z-90,6.0,6,3,2022-01-13,2022-02-22
W001,82479-3NA-70,6.0,3,1,2025-04-24,2025-08-23
W001,82479-3AR-NB,6.0,5,1,2025-01-27,2026-01-23
W001,82479-3AR-75,6.0,5,1,2025-01-27,2026-01-23
W001,82585-3BH-85,6.0,5,1,2025-03-28,2026-02-20
W001,82585-3BC-NB,6.0,4,1,2024-10-08,2026-02-28
W001,67192-76X-140,6.0,6,2,2022-01-21,2022-01-27
W001,50265-FU8-XS,6.0,6,1,2022-01-05,2022-01-23
W001,82562-3BG-130,6.0,5,1,2024-10-03,2026-03-13
W001,82585-3AZ-50,6.0,6,1,2024-12-09,2026-05-14
W001,67159-75M-120,6.0,6,1,2022-02-13,2022-02-16
W001,67207-SR4-150,6.0,6,6,2022-01-17,2022-02-09
W001,67278-VR7-85,6.0,6,3,2022-02-05,2022-02-08
W001,67281-VR7-120,6.0,6,6,2022-01-16,2022-02-25
W001,36086-PV5-150,6.0,6,3,2022-01-13,2022-02-25
W001,82585-3NE-70,6.0,5,1,2025-04-25,2026-05-08
W001,82585-3NE-50,6.0,4,1,2025-04-25,2026-01-15
W001,82585-3ND-80,6.0,5,1,2025-04-25,2025-10-01
W001,82585-3ND-50,6.0,5,1,2025-04-25,2025-10-01
W001,65593-EF5-75,6.0,6,5,2022-01-27,2022-02-17
W001,52572-kl9-XXL,6.0,6,4,2022-01-02,2022-02-10
W001,66982-RY2-100,6.0,6,3,2022-01-10,2022-02-05
W001,82478-3MU-85,6.0,4,1,2025-09-26,2026-06-18
W001,82585-3NE-75,6.0,5,1,2025-04-25,2026-05-14
W001,82585-3BH-NB,6.0,4,1,2025-01-20,2025-10-11
invalid,80051-029-120,6.0,6,1,2023-01-29,2023-02-18
W001,67158-JB3-150,6.0,6,3,2022-02-06,2022-04-03
W001,67158-JB3-120,6.0,6,3,2022-01-17,2022-01-27
W001,82479-3AK-60,6.0,4,1,2025-01-27,2025-06-02
invalid,81563-IVJ-100,6.0,6,1,2024-03-01,2024-03-07
W001,67192-GF2-110,6.0,6,3,2022-01-27,2022-04-02
W001,67858-WW6-140,6.0,6,1,2022-06-08,2022-06-13
W001,67858-WW6-110,6.0,6,4,2022-05-17,2022-06-07
invalid,68119-XH7-130,6.0,6,1,2022-07-26,2022-07-26
invalid,66073-PF4-140,6.0,6,1,2022-05-10,2022-05-30
W001,66661-AT3-150,6.0,6,1,2022-02-24,2022-03-19
W001,67197-990-110,6.0,6,3,2022-01-11,2022-02-23
W001,66736-PJ9-120,6.0,6,3,2022-01-31,2022-02-10
W001,33175-GN1-120,6.0,6,1,2022-01-07,2022-01-24
W001,60395-VL8-110,6.0,6,3,2022-01-24,2022-02-01
W001,58660-NL3-M,6.0,6,6,2022-01-05,2022-02-20
W001,44403-VJ6-XS,6.0,6,3,2022-01-13,2022-01-31
W001,44403-VJ5-S,6.0,6,3,2022-01-13,2022-02-02
invalid,67484-DY2-130,6.0,6,1,2022-06-21,2022-06-22
W001,68165-XM5-100/110,6.0,6,1,2022-07-15,2022-08-01
W001,66716-011-140,6.0,6,2,2022-01-19,2022-01-24
invalid,80141-VD8-90,6.0,6,1,2022-12-02,2022-12-06
W001,50282-VP5-L,6.0,6,6,2022-02-14,2022-07-23
W001,82485-3BH-80,5.0,5,2,2024-10-08,2025-12-16
W001,67210-SR4-150,5.0,5,1,2022-01-15,2022-02-11
W001,67521-G31-110,5.0,5,3,2022-06-04,2022-06-23
invalid,66716-080-100,5.0,5,1,2022-07-19,2022-07-26
W001,67751-WX3-70,5.0,5,3,2022-05-12,2022-06-15
W001,60599-vf7-150,5.0,5,3,2022-01-08,2022-02-09
W001,60599-vf7-100,5.0,5,2,2022-01-06,2022-02-14
W001,60600-VU7-150,5.0,5,1,2022-01-04,2022-01-11
W001,60395-VL8-140,5.0,5,5,2022-01-07,2022-02-07
W001,81316-1CO-100,5.0,5,1,2024-10-05,2024-10-05
W001,67086-VB8-120,5.0,5,5,2022-01-02,2022-03-01
W001,67085-GF2-130,5.0,5,3,2022-01-17,2022-02-17
W001,44403-VK3-M,5.0,5,5,2022-01-02,2022-02-26
W001,67395-WL0-150,5.0,5,1,2022-06-29,2022-07-01
invalid,42068-75Z-S,5.0,5,2,2022-01-10,2022-07-13
W001,57870-XJ5-XS,5.0,5,1,2022-07-20,2022-07-29
W001,82478-3MU-80,5.0,5,1,2025-09-26,2026-05-28
W001,67593-NN0-110,5.0,5,4,2022-05-27,2022-08-01
W001,48080-GG7-85,5.0,5,2,2022-01-05,2022-02-01
W001,60008-QY4-75,5.0,5,4,2022-01-12,2022-01-24
invalid,80054-75Z-100,5.0,5,1,2023-01-30,2023-02-28
invalid,80048-017-120,5.0,5,2,2023-01-23,2023-02-06
W001,47681-VQ2-120,5.0,5,4,2022-01-23,2022-02-18
W001,67595-BD4-L,5.0,5,2,2022-05-16,2022-07-24
W001,67594-AT2-130,5.0,5,5,2022-05-19,2022-07-28
W001,82479-3AK-50,5.0,4,1,2025-01-27,2025-06-02
W001,82478-3MY-85,5.0,4,1,2025-05-01,2026-05-28
invalid,81563-22L-90,5.0,5,1,2024-02-28,2024-03-06
invalid,58712-GF2-110,5.0,5,1,2022-01-19,2022-01-21
W001,67858-WW6-150,5.0,5,2,2022-05-12,2022-05-20
W001,52399-A91-L,5.0,5,1,2022-01-11,2022-01-12
W001,67211-SW4-140,5.0,5,2,2022-01-24,2022-02-08
W001,82585-3BH-90,5.0,4,1,2025-09-27,2026-02-20
W001,82585-3BA-NB,5.0,3,1,2024-10-08,2025-02-03
W001,65593-DD4-75,5.0,5,3,2022-01-16,2022-02-02
W001,65593-DD4-70,5.0,5,5,2022-01-19,2022-02-17
W001,67858-WW6-90,5.0,5,4,2022-06-07,2022-06-26
W001,82585-3AZ-80,5.0,4,1,2024-12-09,2026-05-14
W001,67159-75M-130,5.0,5,2,2022-01-19,2022-02-19
W001,51194-015-80,5.0,5,1,2022-03-21,2022-03-26
W001,67217-75Z-140,5.0,5,2,2022-01-27,2022-01-30
W001,67472-JX7-110,5.0,5,2,2022-05-19,2022-06-10
invalid,67261-VN4-XXL,5.0,5,1,2022-01-07,2022-01-14
W001,67281-VR7-110,5.0,5,5,2022-02-14,2022-06-28
invalid,68012-XG3-100,5.0,5,1,2022-07-19,2022-07-27
invalid,67239-GF2-90,5.0,5,1,2022-02-03,2022-02-08
W001,65593-GF2-75,5.0,5,5,2022-01-21,2022-02-14
W001,67858-WX3-120,5.0,5,2,2022-05-12,2022-05-24
W001,66994-VK1-S,5.0,5,5,2022-01-20,2022-02-25
W001,66994-VJ7-XL,5.0,5,3,2022-01-03,2022-02-16
invalid,57822-A91-130,5.0,4,3,2022-01-20,2022-07-28
W001,67189-VH3-110,5.0,5,4,2022-02-10,2022-02-21
invalid,58663-J91-S,5.0,5,2,2022-01-18,2022-02-07
W001,66986-VF5-S,5.0,5,5,2022-02-15,2022-02-25
W001,65580-DD4-60,5.0,5,5,2022-01-11,2022-02-25
W001,66994-Q84-S,5.0,5,5,2022-01-05,2022-02-25
W001,66994-75Z-XS,5.0,5,3,2022-01-04,2022-04-27
invalid,58661-UE3-M,5.0,5,2,2022-01-03,2022-02-22
W001,65591-XK9-50,5.0,5,1,2022-07-20,2022-08-01
W001,82586-145-50,5.0,2,1,2025-08-14,2026-01-30
W001,65593-M23-70,5.0,5,2,2022-01-07,2022-02-06
W001,82586-M07-85,5.0,3,1,2025-03-03,2025-08-14
W001,67159-76X-100,5.0,5,3,2022-01-12,2022-02-16
W001,82479-3NA-60,5.0,3,1,2025-04-24,2025-08-23
W001,67115-NK7-100,5.0,5,3,2022-01-10,2022-02-05
W001,36086-M23-120,5.0,5,2,2022-01-28,2022-01-31
W001,36086-GK3-110,5.0,5,5,2022-01-07,2022-02-07
W001,65593-ST6-75,5.0,5,3,2022-01-19,2022-02-15
W001,65593-PV4-75,5.0,5,2,2022-01-13,2022-01-23
W001,66974-SR4-130,5.0,5,4,2022-01-05,2022-02-14
W001,65602-SY2-85,5.0,5,3,2022-01-20,2022-02-17
W001,67234-M23-80,5.0,5,2,2022-01-10,2022-02-07
W001,65602-VM7-60,5.0,5,3,2022-02-01,2022-02-14
W001,65602-VK1-70,5.0,5,3,2022-01-08,2022-02-11
W001,59845-VJ6-L,5.0,5,3,2022-02-17,2022-02-23
W001,59845-TN9-XXL,5.0,5,2,2022-01-02,2022-02-18
W001,60008-VJ8-90,5.0,5,2,2022-01-07,2022-02-24
W001,82722-2MP-70,5.0,5,1,2025-04-14,2025-04-22
invalid,67290-NZ5-75,5.0,4,1,2022-01-02,2022-01-04
W001,66994-VK5-L,5.0,4,3,2022-01-05,2022-02-22
W001,65290-PV5-130,5.0,5,3,2022-01-14,2022-01-28
W001,65290-M23-120,5.0,5,5,2022-01-23,2022-02-22
W001,60008-VP1-75,5.0,5,3,2022-01-14,2022-02-22
W001,82477-3NA-90,5.0,4,1,2025-05-07,2026-02-05
W001,82477-3NA-85,5.0,4,1,2025-05-07,2026-02-05
W001,59845-VJ8-S,5.0,5,4,2022-01-03,2022-01-17
invalid,80044-XT9-90,5.0,5,2,2022-12-13,2022-12-26
invalid,80044-734-110,5.0,5,2,2024-02-14,2024-02-15
W001,52406-Q84-L,5.0,5,4,2022-02-06,2022-02-23
W001,67865-WU6-150,5.0,5,2,2022-06-03,2022-06-30
W001,67865-WU6-140,5.0,5,4,2022-05-24,2022-07-02
W001,37028-XC1-110,5.0,5,1,2022-07-21,2022-07-31
W001,82586-M07-90,5.0,3,1,2025-03-28,2026-01-23
W001,67207-V98-110,5.0,5,5,2022-01-21,2022-02-24
W001,82480-3AP-XXS,5.0,2,1,2024-10-08,2024-10-08
W001,67208-SR4-130,5.0,5,2,2022-01-02,2022-01-14
W001,57580-A79-XS,5.0,5,1,2022-01-03,2022-01-10
W001,67866-WX4-130,5.0,5,3,2022-05-17,2022-06-15
W001,67188-GF2-120,5.0,4,2,2022-01-10,2022-02-15
W001,47149-FU8-75,5.0,5,2,2022-01-30,2022-03-05
W001,47681-VP5-110,5.0,5,3,2022-02-12,2022-02-23
W001,47681-VP5-100,5.0,5,4,2022-01-13,2022-02-19
W001,60008-VK5-80,5.0,5,3,2022-01-17,2022-02-12
W001,82477-3MY-90,5.0,5,1,2025-05-01,2025-05-01
W001,82477-3MY-85,5.0,5,1,2025-05-01,2025-05-01
W001,82477-3MY-100,5.0,5,1,2025-05-01,2025-05-01
W001,59845-2FO-L,5.0,5,1,2025-01-04,2025-01-15
W001,66998-SZ5-120,5.0,5,4,2022-01-11,2022-01-31
W001,66998-SZ5-110,5.0,5,4,2022-01-20,2022-02-10
W001,65290-B42-120,5.0,5,5,2022-02-07,2022-02-24
W001,65290-A91-150,5.0,5,3,2022-01-31,2022-02-11
W001,65290-A91-100,5.0,5,2,2022-01-21,2022-02-12
W001,67098-NN9-140,5.0,5,2,2022-01-02,2022-01-15
W001,82477-3NA-130,5.0,4,1,2025-05-20,2026-02-05
invalid,59852-VK1-100,5.0,5,2,2022-01-14,2022-01-17
W001,66974-JB3-120,5.0,5,4,2022-01-18,2022-02-23
invalid,67226-A91-85,5.0,5,3,2022-01-02,2022-02-05
invalid,67225-M23-85,5.0,5,2,2022-01-13,2022-02-13
invalid,68020-XH6-100,5.0,5,1,2022-09-20,2022-09-28
W001,67855-V98-130,5.0,5,3,2022-06-12,2022-07-01
W001,54899-VQ2-M,5.0,5,4,2022-01-22,2022-06-19
W001,65602-UT3-85,5.0,5,4,2022-01-19,2022-05-06
W001,65602-VM9-80,5.0,5,3,2022-01-17,2022-02-25
W001,67116-FF5-110,5.0,5,2,2022-01-10,2022-02-25
invalid,81374-1IY-140,5.0,5,1,2024-03-01,2024-03-07
W001,40152-A91-7,5.0,5,5,2022-01-10,2022-01-25
W001,40152-A91-10,5.0,5,2,2022-01-14,2022-01-19
W001,67010-PV4-110,5.0,5,2,2022-01-20,2022-02-11
W001,82562-3B3-70,5.0,4,1,2024-10-03,2025-11-25
W001,82562-3B3-130,5.0,4,1,2024-10-03,2026-03-13
W001,49027-GK3-130,5.0,2,1,2022-02-16,2022-02-16
W001,50265-S74-L,5.0,5,5,2022-01-10,2022-01-28
W001,82481-3AR-50,5.0,4,1,2025-02-03,2026-01-29
W001,66973-GF2-110,5.0,5,4,2022-02-08,2022-02-17
W001,66973-77M-110,5.0,5,5,2022-01-24,2022-02-12
invalid,82013-2TJ-110,5.0,5,1,2024-07-21,2024-08-02
W001,54899-RY2-L,5.0,5,5,2022-01-24,2022-02-25
W001,54899-NZ5-L,5.0,5,1,2022-05-22,2022-05-27
W001,59852-VL8-160,5.0,5,4,2022-01-08,2022-02-18
W001,82477-3AL-120,5.0,5,1,2024-10-14,2026-04-08
invalid,80484-VD8-110,5.0,5,1,2023-06-01,2023-06-09
W001,65203-VJ8-S,5.0,5,2,2022-01-19,2022-02-23
W001,52382-SR4-80,5.0,5,5,2022-01-24,2022-02-25
W001,65203-VP1-L,5.0,5,4,2022-01-07,2022-02-13
W001,66971-VG1-90,5.0,5,4,2022-01-20,2022-02-08
invalid,67217-75Z-100,5.0,5,2,2023-01-26,2023-01-29
invalid,68027-184-90,5.0,5,1,2022-07-23,2022-07-28
W001,67501-GF2-100,5.0,5,1,2022-07-20,2022-07-31
W001,47046-kl9-S,5.0,5,4,2022-01-03,2022-01-16
W001,47046-kl9-M,5.0,5,3,2022-01-13,2022-02-03
W001,59845-TN7-XXL,5.0,5,1,2022-01-29,2022-08-01
W001,82476-3NA-80,5.0,5,1,2025-05-01,2026-01-29
W001,65203-VJ5-S,5.0,5,1,2022-02-13,2022-02-17
W001,65203-VJ5-L,5.0,5,4,2022-01-26,2022-02-19
W001,65203-VK5-S,5.0,5,3,2022-02-11,2022-02-21
invalid,68144-011-75,5.0,5,1,2022-07-18,2022-07-27
W001,47107-FX8-1Y,5.0,5,2,2022-01-23,2022-02-09
W001,67217-VJ9-130,5.0,5,3,2022-01-19,2022-01-30
W001,67454-VV2-75,5.0,5,4,2022-05-06,2022-07-01
W001,82476-3NA-75,5.0,5,1,2025-05-01,2026-01-29
invalid,52399-011-XXL,5.0,5,1,2022-01-26,2022-02-02
W001,82476-3AP-130,5.0,3,1,2025-02-03,2026-02-05
W001,67232-SR4-75,5.0,5,5,2022-01-15,2022-02-20
W001,67010-SR4-90,5.0,5,5,2022-01-14,2022-02-07
W001,57746-TW5-110,5.0,5,2,2022-01-23,2022-01-26
W001,67868-WG4-130,5.0,5,1,2022-06-22,2022-06-27
W001,67867-WX9-150,5.0,5,2,2022-06-06,2022-07-01
invalid,81369-600-110,5.0,5,1,2024-01-30,2024-02-14
W001,40666-069-S,5.0,5,1,2022-01-08,2022-01-10
W001,40666-069-M,5.0,4,2,2022-01-09,2022-01-17
W001,67012-AT3-100,5.0,5,4,2022-01-13,2022-01-22
W001,67012-AT2-100,5.0,5,4,2022-01-08,2022-01-30
W001,67161-GD8-85,5.0,5,1,2022-01-05,2022-05-03
W001,67161-GD6-150,5.0,5,1,2022-05-02,2022-07-21
W001,65256-PF4-80,5.0,5,1,2022-01-02,2022-01-05
W001,51058-M23-85,5.0,5,5,2022-01-12,2022-03-13
W001,51573-VL7-100,5.0,5,1,2022-07-12,2022-07-27
W001,67604-WS5-120,5.0,5,4,2022-06-25,2022-07-25
W001,59852-VL8-85,5.0,5,2,2022-01-18,2022-02-17
W001,67158-75M-150,5.0,5,1,2022-02-18,2022-02-21
W001,51057-M23-100,5.0,5,3,2022-01-22,2022-02-14
W001,67490-VV2-100,5.0,5,4,2022-06-07,2022-06-16
W001,65605-RB7-75,5.0,5,3,2022-01-13,2022-02-13
invalid,67207-GF2-90,5.0,5,1,2022-01-25,2022-01-26
W001,66959-VD3-140,5.0,5,3,2022-01-18,2022-02-08
W001,67848-V98-120,5.0,5,3,2022-05-16,2022-06-17
W001,66955-990-110,5.0,5,3,2022-01-24,2022-02-23
W001,67193-76X-120,5.0,5,3,2022-01-17,2022-02-07
W001,83441-3BC-50,5.0,3,1,2025-09-27,2026-01-30
W001,83441-3AC-50,5.0,5,1,2025-09-27,2026-02-18
invalid,68001-XJ4-130,5.0,4,1,2022-11-28,2022-11-28
W001,67011-PJ9-110,5.0,5,4,2022-01-19,2022-02-08
invalid,68029-XG3-100,5.0,5,1,2022-07-12,2022-07-27
invalid,60363-307-110,5.0,5,1,2023-06-15,2023-06-22
invalid,67193-76X-140,5.0,5,1,2022-01-02,2022-01-03
invalid,67192-NT9-140,5.0,5,2,2022-01-19,2022-01-28
W001,66959-FJ0-140,5.0,5,5,2022-01-20,2022-02-25
W001,67201-GF2-150,5.0,5,3,2022-01-19,2022-02-14
W001,36086-B42-130,5.0,5,2,2022-02-11,2022-02-17
W001,66947-UT9-75,5.0,5,5,2022-01-20,2022-02-24
W001,65607-B42-75,5.0,5,2,2022-01-19,2022-01-31
W001,83441-3NC-70,5.0,4,1,2025-09-23,2025-12-19
W001,62944-NJ1-85,5.0,5,4,2022-01-16,2022-02-23
W001,64979-GN1-M,5.0,5,1,2022-01-22,2022-01-28
W001,67020-67L-110,5.0,5,2,2022-01-19,2022-02-16
W001,67186-GF2-110,5.0,5,3,2022-01-26,2022-02-14
W001,67185-M23-150,5.0,5,3,2022-01-11,2022-01-19
W001,67201-VK3-85,5.0,5,1,2022-01-24,2022-01-26
W001,65113-76X-80,5.0,5,3,2022-01-18,2022-01-28
W001,46239-G44-90,5.0,5,1,2022-07-21,2022-07-27
W001,50265-TN7-S,5.0,5,1,2022-02-19,2022-03-27
W001,67209-76X-140,5.0,5,2,2022-01-12,2022-02-15
W001,67208-V98-130,5.0,5,2,2022-01-23,2022-04-25
W001,67214-GF2-130,5.0,5,3,2022-01-13,2022-01-24
W001,66957-011-120,5.0,5,3,2022-01-30,2022-02-25
W001,82482-3AG-130,5.0,4,2,2024-10-08,2025-08-28
W001,82482-3AE-70,5.0,3,1,2025-03-03,2025-09-18
W001,82482-3AC-75,5.0,4,1,2024-10-08,2026-02-25
W001,82482-3AJ-85,5.0,4,1,2024-10-08,2026-02-05
W001,84393-6BW-NB,5.0,4,1,2026-04-08,2026-04-24
W001,84393-6BW-80,5.0,4,1,2026-04-08,2026-05-07
W001,84393-6BW-50,5.0,4,1,2026-04-08,2026-04-24
W001,62633-990-120,5.0,5,4,2022-01-16,2022-02-17
W001,62633-990-110,5.0,5,4,2022-01-31,2022-02-22
W001,82490-3MZ-60,5.0,4,2,2025-04-25,2026-03-12
W001,82490-3MX-90,5.0,3,1,2025-08-23,2026-05-28
invalid,67159-75M-140,5.0,5,2,2022-01-31,2022-02-19
W001,66952-SY2-80,5.0,5,3,2022-01-13,2022-01-19
invalid,67138-AT2-120,5.0,5,3,2022-01-18,2022-01-26
invalid,60395-VJ9-120,5.0,5,1,2022-01-10,2022-01-12
invalid,67132-022-S,5.0,5,2,2022-11-10,2022-11-17
invalid,67129-TS1-M,5.0,5,1,2022-01-02,2022-01-03
W001,82490-3AE-70,5.0,5,1,2025-02-03,2025-06-25
W001,84393-6BT-75,5.0,4,1,2026-04-24,2026-05-21
W001,84394-6CE-50,5.0,3,1,2026-04-08,2026-05-08
W001,67164-SR4-120,5.0,5,1,2022-01-05,2022-01-13
W001,82476-3AK-80,5.0,4,1,2024-10-08,2025-10-17
W001,62515-PW1-90,5.0,5,2,2022-01-18,2022-01-19
W001,67871-M91-120,5.0,5,4,2022-06-14,2022-07-29
W001,67873-WU4-120,5.0,5,3,2022-05-25,2022-06-22
W001,67183-M23-120,5.0,5,4,2022-01-02,2022-01-19
W001,62618-VL3-150,5.0,5,4,2022-01-11,2022-01-31
W001,67023-UT6-130,5.0,5,5,2022-01-20,2022-02-16
W001,62618-VL2-140,5.0,5,3,2022-01-12,2022-01-31
W001,84394-6CH-80,5.0,3,1,2026-05-07,2026-05-14
W001,84394-6CH-50,5.0,3,1,2026-05-07,2026-05-14
W001,59827-76X-90,5.0,5,3,2022-01-04,2022-01-17
W001,67166-GF2-150,5.0,5,1,2022-01-20,2022-01-23
W001,60325-QX6-XXL,5.0,5,3,2022-01-04,2022-07-10
W001,67025-PW1-S,5.0,5,3,2022-01-20,2022-02-11
W001,67873-XA4-130,5.0,5,4,2022-05-27,2022-06-12
W001,67871-VZ1-130,5.0,5,5,2022-05-15,2022-07-23
W001,62944-NJ1-120,5.0,5,4,2022-02-06,2022-02-17
W001,84393-6BV-80,5.0,3,1,2026-04-09,2026-05-08
W001,82482-3AJ-100,5.0,4,2,2024-10-08,2026-02-05
W001,82490-3MZ-70,5.0,4,1,2025-05-01,2025-09-23
W001,62423-10F-85,5.0,5,4,2022-01-25,2022-02-16
W001,42026-FV7-140,5.0,5,2,2022-01-22,2022-01-30
W001,67230-GF2-70,5.0,5,5,2022-01-18,2022-02-20
W001,62423-015-110,5.0,5,4,2022-02-07,2022-02-23
W001,67038-GF2-140,5.0,5,3,2022-01-02,2022-01-13
W001,67038-GF2-130,5.0,5,2,2022-01-20,2022-01-24
W001,67182-M23-120,5.0,5,3,2022-01-20,2022-02-08
W001,67873-XA4-100,5.0,5,5,2022-05-21,2022-06-24
W001,67873-WW6-90,5.0,5,4,2022-05-20,2022-07-01
invalid,68164-A71-5,5.0,5,1,2022-10-19,2022-10-24
W001,62515-015-110,5.0,5,3,2022-01-16,2022-02-11
W001,62515-015-100,5.0,5,4,2022-01-12,2022-02-24
W001,62423-J81-110,5.0,5,4,2022-02-10,2022-02-23
W001,62515-CM4-100,5.0,5,2,2022-02-08,2022-02-24
W001,62515-AN8-90,5.0,5,2,2022-01-22,2022-01-27
W001,67686-WY5-110,5.0,5,4,2022-05-23,2022-07-02
W001,67044-009-130,5.0,5,3,2022-01-27,2022-02-19
invalid,67520-WC9-130,5.0,5,1,2022-08-20,2022-08-21
W001,84397-6CE-100,5.0,1,1,2026-05-08,2026-05-08
invalid,60548-PH7-60,5.0,3,1,2022-07-26,2022-07-27
invalid,67124-QR7-L,5.0,5,2,2022-01-25,2022-01-26
W001,67844-C20-130,5.0,5,3,2022-07-21,2022-07-28
W001,67798-G31-80,5.0,5,4,2022-06-19,2022-07-30
W001,36086-015-130,5.0,5,3,2022-01-19,2022-01-26
W001,66947-SY2-70,5.0,5,2,2022-01-15,2022-01-19
W001,82490-3MX-70,5.0,4,2,2025-08-23,2026-05-21
W001,82482-3AG-80,5.0,4,2,2024-10-08,2026-02-12
W001,82490-3N3-70,5.0,5,1,2025-07-11,2026-05-14
invalid,68055-XL0-75,5.0,5,1,2023-01-19,2023-02-01
W001,67255-QX6-M,5.0,5,2,2022-01-11,2022-02-15
W001,67409-WV1-140,5.0,5,4,2022-06-13,2022-07-25
invalid,47761-WF8-100,5.0,5,1,2022-05-31,2022-06-03
invalid,60599-XC3-120,5.0,5,1,2022-07-21,2022-07-27
W001,59852-VK6-85,5.0,5,2,2022-01-12,2022-03-27
W001,82482-3BI-110,5.0,5,2,2024-10-08,2026-02-18
W001,82482-3BI-100,5.0,5,2,2024-10-08,2026-02-18
W001,82482-3AJ-90,5.0,4,2,2024-10-08,2026-02-05
W001,51057-06G-150,5.0,5,1,2022-07-14,2022-08-01
W001,82490-3AE-90,5.0,4,1,2025-01-22,2025-06-25
W001,82490-3AE-85,5.0,4,1,2025-01-22,2025-06-25
invalid,82485-3BA-70,5.0,4,1,2024-10-08,2024-10-08
invalid,60609-TW3-90,5.0,5,3,2022-01-12,2022-02-13
W001,67125-QR7-XS,5.0,5,3,2022-02-06,2022-03-09
W001,84400-6BV-60,5.0,3,1,2026-04-09,2026-05-13
W001,67220-NU3-130,5.0,5,1,2022-02-18,2022-08-03
W001,46239-B42-140,5.0,4,1,2022-01-27,2022-01-29
W001,51911-GF2-130,5.0,5,1,2022-01-08,2022-01-13
W001,67207-GF2-110,5.0,5,5,2022-01-13,2022-02-20
invalid,68069-XJ2-60,5.0,5,1,2022-07-13,2022-07-28
invalid,67691-BD4-120,5.0,5,1,2022-05-15,2022-05-17
W001,59852-QY4-120,5.0,5,3,2022-01-29,2022-02-07
W001,67213-J81-140,5.0,5,4,2022-01-07,2022-02-11
W001,57826-EH3-120,5.0,5,5,2022-01-03,2022-02-17
W001,62327-PW1-110,5.0,5,2,2022-01-13,2022-02-23
W001,43197-PV5-120,5.0,5,5,2022-02-17,2022-02-25
W001,57826-A91-100,5.0,5,5,2022-01-13,2022-01-27
W001,57824-BX0-80,5.0,4,1,2022-01-26,2022-02-28
W001,67884-WS5-M,5.0,5,2,2022-06-29,2022-07-22
W001,67044-009-150,5.0,4,2,2022-02-05,2022-02-13
W001,67878-WW6-150,5.0,5,3,2022-06-17,2022-07-11
W001,62515-015-140,5.0,5,3,2022-01-12,2022-01-20
W001,46177-XJ5-M,5.0,3,2,2022-07-30,2022-08-01
W001,66947-RB7-75,5.0,5,4,2022-01-12,2022-01-24
invalid,60599-vf7-100,5.0,5,2,2022-01-21,2022-02-08
W001,68041-990-150,5.0,5,1,2022-07-27,2022-08-02
W001,67408-WU4-120,5.0,5,3,2022-05-19,2022-06-30
W001,67408-WU4-110,5.0,5,5,2022-05-15,2022-06-23
W001,60325-VK1-XL,5.0,5,5,2022-01-05,2022-02-22
W001,84403-6BR-85,5.0,4,1,2026-04-08,2026-05-21
invalid,67404-SK3-150,5.0,5,1,2022-05-31,2022-06-05
W001,67987-XD3-120,5.0,5,1,2022-07-23,2022-08-01
W001,67987-XC5-110,5.0,5,1,2022-07-22,2022-08-02
W001,67180-NU3-90,5.0,5,2,2022-01-15,2022-01-17
W001,67180-GF2-85,5.0,5,4,2022-01-08,2022-01-23
W001,67122-PT0-90,5.0,5,4,2022-01-18,2022-02-18
W001,50265-VK1-XL,5.0,5,2,2022-01-20,2022-02-10
W001,82482-4RM-75,5.0,3,1,2025-09-30,2025-09-30
W001,82482-3NC-90,5.0,4,1,2025-07-31,2026-01-30
W001,82482-3NC-85,5.0,3,1,2025-07-31,2026-01-30
W001,67255-QX6-XS,5.0,5,4,2022-01-03,2022-02-13
W001,84403-6BR-75,5.0,4,1,2026-04-08,2026-05-21
W001,82203-2HM-150,5.0,5,1,2024-10-02,2024-10-02
W001,59781-GF2-90,5.0,5,1,2022-01-29,2022-03-08
W001,67213-GF2-120,5.0,5,5,2022-02-03,2022-03-10
W001,82489-3MZ-NB,5.0,4,1,2025-08-14,2025-11-25
invalid,67085-76X-140,5.0,5,1,2022-01-24,2022-01-28
W001,66936-VM9-75,5.0,5,3,2022-01-13,2022-02-08
invalid,67085-76X-120,5.0,5,4,2022-01-10,2022-02-14
W001,67213-015-100,5.0,5,5,2022-01-11,2022-03-01
W001,59852-QY4-100,5.0,5,4,2022-01-18,2022-02-12
W001,67408-WT7-110,5.0,5,4,2022-05-23,2022-06-15
W001,84404-6CC-70,5.0,3,1,2026-05-07,2026-05-12
W001,62027-VK3-50,5.0,5,3,2022-01-08,2022-06-13
invalid,46239-A91-120,5.0,5,1,2022-10-25,2022-10-26
W001,68004-XG5-100,5.0,5,1,2022-07-28,2022-07-30
W001,67987-XR7-150,5.0,5,1,2022-07-26,2022-08-01
W001,68029-XC3-140,5.0,5,1,2022-07-20,2022-08-01
W001,62027-VM2-75,5.0,5,3,2022-01-17,2022-02-12
W001,51042-NV2-90,5.0,5,4,2022-06-06,2022-06-30
invalid,60611-UW6-100,5.0,5,1,2022-03-16,2022-03-16
invalid,67014-XG7-XL,5.0,2,1,2022-07-26,2022-07-26
invalid,67013-S74-XXL,5.0,5,1,2022-01-17,2022-04-10
invalid,66994-VJ7-XL,5.0,4,1,2022-01-05,2022-01-17
W001,82483-3AE-120,5.0,5,1,2025-02-12,2026-02-25
W001,82483-3AG-110,5.0,5,2,2024-10-14,2025-04-28
W001,82488-3NC-XS,5.0,5,1,2025-07-31,2026-05-31
invalid,45346-A91-100,5.0,5,3,2022-10-14,2023-07-21
W001,62027-TP7-70,5.0,5,5,2022-01-17,2022-02-15
invalid,67855-VZ1-110,5.0,5,1,2022-08-21,2022-08-23
W001,84404-6CC-75,5.0,3,1,2026-05-07,2026-05-12
W001,84407-VU6-50,5.0,3,1,2026-05-08,2026-05-23
W001,67407-78M-130,5.0,5,2,2022-07-15,2022-07-28
W001,67213-015-130,5.0,5,4,2022-01-30,2022-02-24
W001,67248-B42-90,5.0,4,3,2022-02-12,2022-02-25
W001,67248-B42-70,5.0,5,2,2022-02-05,2022-02-09
W001,67248-A79-80,5.0,5,1,2022-02-17,2022-02-21
W001,65743-C57-85,5.0,5,2,2022-01-03,2022-02-07
W001,66920-VA6-75,5.0,5,4,2022-01-07,2022-02-11
invalid,62515-CM4-140,5.0,5,1,2022-01-10,2022-01-13
invalid,62515-015-130,5.0,5,1,2022-01-21,2022-01-22
invalid,62423-J81-120,5.0,5,4,2022-01-25,2022-02-14
W001,82487-3BH-85,5.0,4,2,2025-02-06,2026-05-08
W001,67633-AV3-110,5.0,5,3,2022-05-23,2022-07-04
W001,57827-A91-120,5.0,5,5,2022-02-01,2022-02-28
W001,57827-A91-110,5.0,5,4,2022-01-24,2022-02-18
W001,68064-XG3-80,5.0,5,1,2022-07-18,2022-07-28
W001,68055-XF5-60,5.0,5,1,2022-07-14,2022-07-31
W001,68048-06G-85,5.0,5,1,2022-07-18,2022-08-02
W001,67060-76X-120,5.0,5,5,2022-01-11,2022-02-16
W001,67391-WH8-110,5.0,5,1,2022-04-18,2022-04-20
W001,84418-6BV-70,5.0,3,1,2026-04-08,2026-06-09
W001,84418-6BU-60,5.0,3,1,2026-04-09,2026-05-12
W001,60784-RY2-M,5.0,5,4,2022-01-25,2022-02-25
invalid,45039-PG7-10,5.0,5,2,2022-07-24,2022-11-03
W001,58665-J91-S,5.0,5,4,2022-01-27,2022-02-17
W001,58712-QT3-110,5.0,5,2,2022-01-19,2022-02-12
W001,84417-6BR-80,5.0,4,1,2026-05-12,2026-05-23
W001,84417-6BR-75,5.0,4,1,2026-05-12,2026-05-23
invalid,80970-965-100,5.0,5,1,2023-10-09,2023-10-16
W001,67179-76X-110,5.0,5,2,2022-01-24,2022-02-19
W001,67387-VH3-150,5.0,2,1,2022-07-31,2022-07-31
W001,84409-6BT-75,5.0,3,1,2026-04-08,2026-06-17
W001,84409-6BS-80,5.0,3,1,2026-04-09,2026-06-17
W001,84409-6BS-75,5.0,3,1,2026-04-08,2026-06-17
W001,67092-F04-130,5.0,5,4,2022-02-06,2022-02-21
W001,67061-B42-130,5.0,5,5,2022-01-13,2022-02-15
W001,60325-VM2-M,5.0,5,4,2022-01-18,2022-02-02
W001,67157-HI2-120,5.0,5,4,2022-01-13,2022-02-24
W001,33175-TT2-60,5.0,5,1,2022-07-07,2022-08-02
invalid,66940-B42-70,5.0,5,1,2022-01-07,2022-01-14
invalid,66936-XJ2-90,5.0,5,1,2022-07-18,2022-08-01
W001,65788-G44-2,5.0,5,1,2022-07-21,2022-08-01
W001,67194-M23-90,5.0,5,4,2022-01-12,2022-01-28
W001,66073-TZ5-140,5.0,5,1,2022-05-01,2022-05-05
W001,59852-VJ9-130,5.0,4,1,2022-03-01,2022-03-15
W001,59852-VJ8-150,5.0,5,1,2022-01-19,2022-04-03
invalid,67602-WS9-110,5.0,5,1,2023-04-14,2023-04-18
W001,84417-6BU-90,5.0,4,1,2026-05-12,2026-05-21
W001,60611-TW2-110,5.0,5,3,2022-01-21,2022-02-12
W001,67179-76X-120,5.0,5,5,2022-01-31,2022-02-24
W001,84418-6BR-50,5.0,4,1,2026-04-08,2026-05-12
W001,84418-6CC-75,5.0,2,1,2026-04-09,2026-05-07
W001,59852-2GG-100,5.0,5,1,2024-10-02,2024-10-02
W001,82487-3BJ-120,5.0,4,1,2024-10-14,2026-02-25
W001,33175-U74-160,5.0,5,3,2022-01-14,2025-02-09
W001,52622-Q84-XS/S,5.0,5,3,2022-01-10,2022-02-19
W001,52622-Q84-M/L,5.0,5,4,2022-01-12,2022-03-11
W001,52622-FU8-M/L,5.0,5,5,2022-02-13,2022-02-14
W001,52622-75Z-XS/S,5.0,4,2,2022-01-11,2022-01-21
invalid,66656-JB5-80,5.0,5,1,2022-01-02,2022-01-04
W001,59852-VK1-130,5.0,5,4,2022-01-19,2022-02-23
W001,81339-38F-85,5.0,5,1,2025-04-07,2025-04-14
W001,81339-36M-120,5.0,5,1,2025-04-09,2025-04-14
W001,67175-M23-120,5.0,5,4,2022-01-21,2022-02-16
W001,67207-B42-150,5.0,5,5,2022-01-05,2022-02-22
W001,60356-WV1-110,5.0,5,2,2022-06-12,2022-07-01
invalid,62423-J81-110,5.0,5,1,2022-02-10,2022-02-13
invalid,66736-XE4-140,5.0,5,1,2022-07-23,2022-07-27
invalid,62618-VL4-140,5.0,4,1,2022-01-02,2022-01-03
W001,82486-3BJ-130,5.0,5,1,2024-10-08,2026-02-11
W001,66736-NB1-120,5.0,5,4,2022-01-14,2022-01-28
W001,66716-082-140,5.0,5,1,2022-07-27,2022-08-01
W001,66716-081-110,5.0,5,1,2022-07-28,2022-08-01
W001,68121-C20-90,5.0,5,1,2022-07-29,2022-07-31
W001,60610-TW3-140,5.0,5,5,2022-01-23,2022-02-20
invalid,67444-AM7-75,5.0,5,4,2022-04-25,2022-06-10
invalid,68173-XG5-80,5.0,5,1,2022-07-15,2022-07-25
invalid,68173-XE3-75,5.0,5,1,2022-07-15,2022-07-21
W001,67392-VV2-110,5.0,5,3,2022-06-14,2022-07-02
W001,60604-NB1-XS,5.0,5,5,2022-01-06,2022-02-09
W001,67065-76X-120,5.0,5,4,2022-01-22,2022-02-22
W001,67172-M23-140,5.0,5,3,2022-01-07,2022-02-17
W001,60599-XC3-140,5.0,5,1,2022-07-20,2022-07-30
W001,67226-76X-85,5.0,5,2,2022-01-04,2022-02-20
W001,60363-TW5-90,5.0,5,3,2022-01-05,2022-01-21
W001,67088-VH4-100,5.0,5,4,2022-01-31,2022-02-23
W001,60363-UT6-140,5.0,5,1,2022-01-08,2022-01-15
W001,81339-3MO-85,5.0,5,1,2025-04-08,2025-04-14
W001,67065-B42-100,5.0,5,2,2022-01-20,2022-05-07
W001,60600-XA7-85,5.0,5,1,2022-07-24,2022-08-01
W001,60603-NB1-S,5.0,5,4,2022-01-13,2022-02-07
W001,67681-78M-110,5.0,5,5,2022-06-04,2022-06-28
W001,57835-990-130,5.0,5,3,2022-01-14,2022-01-25
W001,57827-EH3-85,5.0,5,3,2022-01-12,2022-01-17
W001,50979-VP3-120,5.0,5,4,2022-02-08,2022-06-16
W001,51042-SR4-75,5.0,5,3,2022-05-12,2022-07-01
W001,59852-QY4-150,5.0,5,4,2022-01-24,2022-02-15
W001,82484-3AG-85,5.0,4,1,2024-12-10,2026-05-08
W001,59852-TP7-110,5.0,5,4,2022-02-11,2022-06-23
W001,82484-4RM-NB,5.0,2,1,2025-09-30,2025-09-30
W001,66716-DD4-110,5.0,5,4,2022-01-18,2022-02-11
W001,67132-TS1-L,5.0,5,2,2022-02-05,2022-02-25
W001,67138-AT2-130,5.0,5,3,2022-01-23,2022-02-22
W001,67532-C57-120,5.0,5,5,2022-06-04,2022-07-31
W001,67522-3EG-120,5.0,5,1,2024-12-26,2025-01-15
W001,50754-NL1-M,5.0,5,2,2022-01-22,2022-01-31
W001,50754-001-XL,5.0,4,3,2022-02-22,2022-06-05
W001,59852-TP7-160,5.0,5,3,2022-01-24,2022-02-07
invalid,65580-B42-70,5.0,4,1,2022-01-19,2022-01-20
W001,66716-DD4-140,5.0,5,5,2022-01-10,2022-01-27
invalid,65622-26U-OS,5.0,5,1,2024-08-07,2024-08-08
invalid,65605-UU3-50,5.0,5,1,2022-01-09,2022-01-10
W001,44403-VM2-L,5.0,5,2,2022-01-15,2022-01-19
W001,67087-76X-130,5.0,5,5,2022-01-25,2022-02-25
invalid,68119-XG3-110,5.0,5,3,2022-10-04,2023-01-23
W001,66716-ST6-110,5.0,5,4,2022-01-19,2022-02-11
W001,66716-SR4-130,5.0,5,5,2022-01-31,2022-02-23
W001,66736-XR7-150,5.0,5,1,2022-07-18,2022-07-31
invalid,66360-VJ3-85,5.0,4,1,2022-01-12,2022-06-28
invalid,65203-TN7-XXL,5.0,5,1,2022-01-22,2022-02-09
W001,67240-990-60,5.0,5,3,2022-01-08,2022-02-13
invalid,65593-PV4-80,5.0,5,2,2022-01-10,2022-01-19
invalid,65593-B42-70,5.0,5,1,2022-01-02,2022-01-18
W001,60395-VL8-120,5.0,5,5,2022-01-13,2022-02-13
W001,67075-kl9-XL,5.0,5,1,2022-01-28,2022-02-10
invalid,67482-WK2-140,5.0,5,1,2022-07-16,2022-07-17
invalid,68181-06G-90,5.0,5,1,2022-12-14,2022-12-20
W001,67175-M23-130,5.0,5,2,2022-01-24,2022-02-20
W001,44403-VJ8-XXL,5.0,5,1,2022-01-07,2022-05-09
invalid,65290-011-130,5.0,5,4,2022-01-06,2022-02-17
W001,30070-S74-L,4.0,4,2,2022-01-03,2022-01-11
W001,66719-NB1-130,4.0,4,2,2022-01-11,2022-01-17
W001,66732-UX9-110,4.0,4,3,2022-01-26,2022-02-23
W001,66732-UX9-120,4.0,4,3,2022-01-23,2022-02-24
W001,52621-FU8-5,4.0,3,2,2022-01-23,2022-02-26
W001,59852-VJ5-150,4.0,4,3,2022-01-31,2022-02-24
W001,82485-3NF-NB,4.0,3,1,2025-07-18,2025-09-18
W001,82485-3NF-50,4.0,3,1,2025-07-18,2025-09-18
W001,82485-3NE-NB,4.0,3,1,2025-05-01,2025-12-16
invalid,67632-DY2-100,4.0,4,1,2022-07-08,2022-07-09
W001,67535-VX7-150,4.0,4,1,2022-07-18,2022-07-20
W001,82486-3BA-70,4.0,2,1,2024-10-08,2024-12-10
W001,59852-VK1-90,4.0,4,3,2022-01-31,2022-02-19
W001,66741-UY3-80,4.0,4,1,2022-01-27,2022-01-31
invalid,62944-NJ1-140,4.0,4,2,2022-01-28,2022-02-14
W001,66359-VJ4-XXL,4.0,4,1,2022-01-20,2022-02-20
W001,66362-VJ4-XL,4.0,3,1,2022-01-17,2022-01-19
W001,66361-VJ4-85,4.0,4,2,2022-01-11,2022-03-05
W001,52621-75Z-1Y,4.0,4,4,2022-01-18,2022-02-24
W001,52621-75Z-10,4.0,4,2,2022-01-11,2022-02-25
W001,60600-VW2-160,4.0,4,1,2022-05-05,2022-05-07
W001,44403-VK3-L,4.0,4,2,2022-01-03,2022-01-22
invalid,40152-A91-5,4.0,4,2,2022-01-28,2022-02-06
W001,67085-76X-140,4.0,4,4,2022-01-03,2022-02-26
W001,67085-76X-130,4.0,4,3,2022-01-24,2022-02-21
W001,67083-015-L,4.0,4,1,2022-02-01,2022-02-06
W001,67226-A91-75,4.0,4,2,2022-01-09,2022-02-05
invalid,67873-015-150,4.0,4,3,2022-05-20,2022-06-09
W001,67177-76X-110,4.0,4,4,2022-01-10,2022-01-22
W001,67176-M23-150,4.0,4,4,2022-01-12,2022-02-16
invalid,67871-G31-100,4.0,4,2,2022-06-07,2022-06-30
invalid,67485-001-150,4.0,4,2,2022-07-26,2022-07-27
invalid,41378-76X-120,4.0,4,2,2022-01-08,2022-11-25
invalid,41378-76X-100,4.0,4,2,2022-01-17,2023-01-23
invalid,40957-A91-150,4.0,4,3,2022-05-12,2022-05-22
invalid,40957-011-80,4.0,4,1,2022-01-03,2022-03-07
W001,67681-70D-130,4.0,4,4,2022-06-07,2022-06-17
W001,68141-011-70,4.0,4,2,2022-07-18,2022-07-31
W001,60603-NB1-L,4.0,4,4,2022-01-21,2022-02-18
W001,44403-TN7-M,4.0,4,3,2022-01-14,2022-01-23
W001,60395-B42-120,4.0,4,3,2022-01-12,2022-02-08
W001,60395-V98-150,4.0,4,3,2022-01-13,2022-02-17
invalid,67867-WV1-120,4.0,4,1,2022-07-08,2022-07-10
W001,58661-QH4-XL,4.0,4,4,2022-01-19,2022-02-23
W001,58661-NL3-M,4.0,4,3,2022-02-11,2022-02-19
W001,67086-VB8-150,4.0,4,2,2022-01-13,2022-04-02
W001,67399-WU4-110,4.0,4,1,2022-07-24,2022-07-27
W001,44403-VJ8-XL,4.0,3,1,2022-01-12,2022-03-30
invalid,43197-015-120,4.0,3,2,2022-05-21,2022-07-27
invalid,43197-011-85,4.0,4,1,2022-01-27,2022-02-06
W001,68174-XH6-75,4.0,4,1,2022-07-25,2022-07-31
W001,52309-NL2-XL,4.0,4,2,2022-01-23,2022-01-26
W001,67392-VS9-120,4.0,4,4,2022-05-06,2022-07-22
W001,60604-NB1-XL,4.0,4,3,2022-01-20,2022-02-24
W001,67065-76X-100,4.0,4,2,2022-01-18,2022-02-01
W001,60603-vf7-L,4.0,4,1,2022-01-13,2022-01-15
W001,67092-F04-110,4.0,4,4,2022-01-26,2022-03-01
W001,67225-M23-90,4.0,4,2,2022-02-12,2022-04-26
W001,67088-VB8-140,4.0,4,4,2022-01-23,2022-02-07
W001,67088-VB8-120,4.0,4,2,2022-01-12,2022-01-31
W001,60395-76X-140,4.0,4,4,2022-01-18,2022-02-23
W001,67175-M23-100,4.0,4,2,2022-01-19,2022-01-31
W001,67175-B42-120,4.0,4,3,2022-01-26,2022-02-20
W001,44441-128-100/110,4.0,4,4,2022-01-14,2022-02-13
W001,44403-VM2-XS,4.0,4,2,2022-01-23,2022-02-01
W001,60600-WX3-120,4.0,4,2,2022-05-19,2022-06-09
W001,60603-VW2-L,4.0,4,3,2022-02-13,2022-07-29
W001,67681-70D-140,4.0,4,4,2022-06-08,2022-06-20
W001,45346-015-150,4.0,4,3,2022-01-27,2022-02-11
invalid,80009-017-S,4.0,4,1,2022-12-14,2022-12-19
W001,67207-B42-85,4.0,4,3,2022-01-25,2022-02-25
invalid,33081-U74-80,4.0,4,1,2022-07-18,2022-07-25
invalid,67513-VU6-M,4.0,4,1,2022-09-27,2022-10-04
invalid,67513-1EX-XS,4.0,3,1,2024-02-20,2024-02-27
W001,67061-GF2-110,4.0,4,3,2022-01-09,2022-02-10
invalid,68173-036-70,4.0,4,1,2023-01-26,2023-01-29
W001,52382-GF2-90,4.0,4,2,2022-01-20,2022-02-23
W001,60611-PB4-90,4.0,4,3,2022-01-06,2022-02-17
W001,60611-NB1-160,4.0,4,3,2022-01-13,2022-01-25
W001,60610-TW3-110,4.0,4,2,2022-02-08,2022-02-25
W001,67392-VV2-120,4.0,4,3,2022-06-24,2022-07-01
W001,67179-015-120,4.0,4,3,2022-01-25,2022-02-19
invalid,68173-XF3-80,4.0,4,1,2022-07-14,2022-07-26
invalid,68173-XE3-70,4.0,4,1,2022-07-20,2022-07-27
W001,60611-UW6-150,4.0,4,4,2022-02-10,2022-02-17
W001,67180-CM4-100,4.0,4,3,2022-01-21,2022-02-07
W001,67179-76X-130,4.0,4,4,2022-01-15,2022-02-22
W001,67682-WX3-90,4.0,4,3,2022-05-14,2022-06-07
W001,67682-WX3-120,4.0,4,1,2022-05-20,2022-05-27
W001,67682-WX3-100,4.0,4,2,2022-05-21,2022-06-10
W001,67392-VS9-100,4.0,4,3,2022-04-23,2022-05-21
W001,67391-WL0-90,4.0,4,1,2022-05-03,2022-05-05
W001,84418-6CC-60,4.0,3,1,2026-04-09,2026-05-12
W001,84418-6CC-50,4.0,4,1,2026-04-09,2026-06-16
W001,84418-6BV-75,4.0,2,1,2026-04-08,2026-04-09
W001,84418-6BV-60,4.0,2,1,2026-04-08,2026-04-09
W001,84418-6BU-50,4.0,4,1,2026-04-09,2026-06-13
W001,58662-J91-M,4.0,4,4,2022-01-03,2022-01-25
invalid,67862-430-100,4.0,4,1,2023-06-22,2023-06-23
W001,58663-UE2-M,4.0,4,4,2022-01-10,2022-02-17
W001,60611-UW6-140,4.0,4,4,2022-01-13,2022-02-23
W001,60611-VC2-120,4.0,4,1,2022-01-09,2022-01-14
W001,68075-G44-50,4.0,4,1,2022-07-18,2022-07-28
W001,84417-6BR-70,4.0,3,1,2026-05-12,2026-05-23
W001,84417-6BR-60,4.0,3,1,2026-05-12,2026-05-23
W001,60325-VL8-S,4.0,4,3,2022-01-19,2022-02-23
W001,84417-6SA-90,4.0,4,1,2026-05-12,2026-05-23
W001,84417-6SA-85,4.0,4,1,2026-05-12,2026-05-23
W001,84417-6SA-80,4.0,3,1,2026-05-12,2026-05-23
W001,67172-B42-130,4.0,4,4,2022-01-10,2022-02-23
W001,58694-QQ9-80,4.0,4,4,2022-01-12,2022-02-11
W001,84417-6SA-75,4.0,3,1,2026-05-12,2026-05-23
W001,84417-6SA-100,4.0,4,1,2026-05-12,2026-05-23
W001,84417-6BU-85,4.0,4,1,2026-05-12,2026-05-21
W001,84417-6BU-80,4.0,3,1,2026-05-12,2026-05-21
W001,60611-UW6-90,4.0,4,4,2022-01-17,2022-02-12
W001,67059-M23-130,4.0,4,3,2022-01-14,2022-02-13
W001,67059-M23-110,4.0,4,3,2022-01-30,2022-02-10
W001,84409-6BV-80,4.0,2,1,2026-05-21,2026-06-17
W001,84409-6BV-75,4.0,2,1,2026-05-21,2026-06-17
W001,84409-6BV-70,4.0,2,1,2026-05-21,2026-06-17
W001,84409-6BV-60,4.0,2,1,2026-05-21,2026-06-17
W001,84417-6BU-100,4.0,4,1,2026-05-12,2026-05-21
W001,58712-GF2-85,4.0,4,2,2022-01-16,2022-01-31
W001,58712-GF2-120,4.0,4,4,2022-01-13,2022-02-01
W001,67172-B42-100,4.0,4,4,2022-01-10,2022-02-19
W001,84417-6BR-90,4.0,4,1,2026-05-12,2026-05-23
W001,84417-6BR-85,4.0,4,1,2026-05-12,2026-05-23
W001,67390-WH8-140,4.0,4,4,2022-04-04,2022-07-25
W001,44223-CW2-85,4.0,4,4,2022-02-03,2022-02-25
invalid,44403-TN9-S,4.0,4,1,2022-01-27,2022-02-01
invalid,44403-TN7-XL,4.0,4,1,2022-01-12,2022-01-13
W001,67407-WQ1-120,4.0,4,2,2022-04-25,2022-06-16
W001,67407-VU6-130,4.0,4,2,2022-07-25,2022-07-28
W001,67407-VU6-110,4.0,4,3,2022-06-20,2022-07-25
W001,67407-VU6-100,4.0,4,4,2022-06-07,2022-06-15
invalid,80696-78M-90,4.0,4,1,2024-01-05,2024-01-06
invalid,67517-SK3-110,4.0,4,1,2023-07-10,2023-07-11
W001,67407-001-130,4.0,4,4,2022-05-14,2022-06-22
W001,84409-6BT-80,4.0,3,1,2026-04-08,2026-06-17
W001,67171-990-130,4.0,4,4,2022-01-31,2022-02-25
W001,67170-990-90,4.0,4,2,2022-01-03,2022-02-07
W001,67170-990-110,4.0,4,2,2022-02-12,2022-02-19
W001,43205-PV5-120,4.0,4,2,2022-01-19,2022-01-23
W001,68069-XL0-60,4.0,4,1,2022-07-18,2022-08-01
W001,60784-RY2-L,4.0,4,4,2022-02-11,2022-02-27
W001,67059-SR4-110,4.0,4,4,2022-01-31,2022-02-20
W001,67059-M23-150,4.0,4,3,2022-01-13,2022-01-18
invalid,67419-A71-100,4.0,4,4,2022-07-03,2022-07-05
W001,60784-VQ2-M,4.0,4,3,2022-01-31,2022-06-15
W001,60784-VP5-L,4.0,4,3,2022-02-19,2022-07-25
W001,62027-PF2-75,4.0,4,4,2022-01-12,2022-04-02
W001,62027-NB1-75,4.0,4,3,2022-01-13,2022-02-22
invalid,67410-WC9-110,4.0,4,2,2022-05-16,2022-05-25
invalid,81074-461-150,4.0,4,1,2023-12-30,2024-01-04
W001,52382-AN8-60,4.0,4,2,2022-01-12,2022-01-23
invalid,67408-336-110,4.0,4,2,2023-06-09,2023-06-27
W001,67050-76X-130,4.0,4,3,2022-01-08,2022-02-11
W001,67050-76X-120,4.0,4,4,2022-01-11,2022-02-08
W001,67050-76X-110,4.0,4,3,2022-01-07,2022-01-15
W001,84404-6BR-75,4.0,2,1,2026-05-07,2026-05-08
W001,84404-6BR-70,4.0,2,1,2026-05-07,2026-05-08
W001,84403-6CI-85,4.0,2,1,2026-05-12,2026-05-14
W001,84406-1JH-50,4.0,3,1,2026-05-14,2026-05-23
invalid,67979-XR3-90,4.0,4,1,2022-07-23,2022-07-27
W001,67987-XB6-110,4.0,4,1,2022-07-25,2022-07-28
invalid,47052-FX7-160,4.0,4,1,2022-01-12,2022-01-17
W001,67228-75M-75,4.0,4,4,2022-01-22,2022-02-09
W001,84403-6BR-70,4.0,3,1,2026-04-08,2026-05-13
W001,84403-6CG-85,4.0,4,1,2026-04-24,2026-05-13
W001,84403-6CG-80,4.0,3,1,2026-04-09,2026-05-13
W001,84403-6CG-75,4.0,3,1,2026-04-09,2026-05-13
W001,84403-6CG-70,4.0,3,1,2026-04-09,2026-05-13
invalid,80692-GK3-150,4.0,4,2,2023-08-13,2023-09-24
invalid,67854-76X-130,4.0,4,2,2022-06-25,2022-07-25
W001,84404-6CC-60,4.0,3,1,2026-05-07,2026-05-12
W001,62027-VK6-80,4.0,4,4,2022-01-06,2022-02-22
W001,62027-VK3-75,4.0,4,2,2022-01-06,2022-01-16
invalid,46239-A91-100,4.0,4,4,2023-01-13,2023-02-08
invalid,67407-VU6-120,4.0,4,1,2022-06-06,2022-06-07
W001,67902-WS8-85,4.0,4,1,2022-07-19,2022-07-30
W001,67182-GF2-130,4.0,4,3,2022-01-07,2022-02-17
invalid,67981-XM2-90,4.0,4,1,2022-07-23,2022-07-28
invalid,67981-XM2-140,4.0,3,1,2022-07-20,2022-07-27
invalid,47681-VQ2-160,4.0,4,1,2022-02-23,2022-02-25
W001,84403-6BR-60,4.0,3,1,2026-04-08,2026-05-13
W001,84403-6BR-110,4.0,3,1,2026-04-08,2026-05-21
W001,84403-6BR-100,4.0,3,1,2026-04-08,2026-05-21
W001,59818-B42-110,4.0,4,3,2022-01-31,2022-02-10
W001,59818-015-90,4.0,4,3,2022-01-19,2022-01-27
invalid,67851-WW6-140,4.0,4,1,2022-07-10,2022-07-10
invalid,67848-VX9-120,4.0,4,1,2022-06-18,2022-06-20
W001,67048-GK3-100,4.0,4,3,2022-01-27,2022-02-02
W001,62027-VL8-75,4.0,4,3,2022-01-13,2022-02-08
W001,62027-WB2-90,4.0,4,1,2022-04-18,2022-04-21
W001,67046-76X-110,4.0,4,4,2022-01-24,2022-02-13
W001,57822-A91-150,4.0,4,3,2022-01-18,2022-02-18
W001,84400-6BU-50,4.0,2,1,2026-05-08,2026-05-12
W001,67626-85H-150,4.0,4,1,2022-05-13,2022-05-18
W001,84400-6CC-50,4.0,2,1,2026-05-08,2026-05-12
W001,84402-6CG-50,4.0,4,1,2026-04-08,2026-05-21
W001,67182-GF2-110,4.0,4,3,2022-01-23,2022-02-12
W001,67182-76X-140,4.0,4,2,2022-01-26,2022-02-09
W001,67180-NU3-140,4.0,4,1,2022-01-11,2022-01-18
W001,57826-EH3-100,4.0,4,1,2022-01-12,2022-01-16
W001,67041-M23-110,4.0,4,3,2022-02-12,2022-02-22
W001,67041-A79-110,4.0,4,3,2022-01-19,2022-02-22
invalid,67396-WV1-100,4.0,3,1,2022-07-12,2022-07-13
invalid,47929-GN1-XL,4.0,4,1,2022-04-28,2022-06-06
W001,67379-WV1-120,4.0,3,3,2022-06-15,2022-07-31
invalid,81083-789-140,4.0,4,2,2023-12-27,2023-12-30
invalid,47681-VP5-110,4.0,4,2,2022-02-17,2022-06-28
invalid,50265-VJ7-M,4.0,4,1,2022-01-07,2022-01-13
invalid,50265-VJ6-L,4.0,4,3,2022-01-03,2022-01-26
invalid,67987-XH9-110,4.0,4,1,2022-07-22,2022-07-27
invalid,67387-VH3-100,4.0,4,1,2022-10-02,2022-10-11
invalid,67520-85H-130,4.0,4,1,2022-07-09,2022-07-10
W001,84396-6CH-90,4.0,3,1,2026-05-08,2026-05-12
W001,84398-6BV-100,4.0,2,1,2026-04-24,2026-05-08
W001,84398-6BV-90,4.0,2,1,2026-04-24,2026-05-08
W001,84398-6BV-85,4.0,2,1,2026-04-24,2026-05-08
W001,60325-VJ6-XXL,4.0,4,1,2022-01-30,2022-02-06
W001,60325-VJ5-M,4.0,4,3,2022-01-15,2022-03-04
W001,67409-WV2-90,4.0,4,2,2022-06-22,2022-07-01
W001,67409-WV2-140,4.0,4,4,2022-06-09,2022-07-31
W001,42026-FV7-150,4.0,4,2,2022-01-23,2022-01-25
W001,62423-015-100,4.0,4,2,2022-01-19,2022-01-21
W001,67183-76X-140,4.0,4,1,2022-01-31,2022-05-09
W001,67023-UT6-110,4.0,4,4,2022-01-15,2022-02-24
invalid,67526-85H-100,4.0,4,1,2022-10-05,2022-10-08
W001,46239-M23-130,4.0,4,2,2022-02-11,2022-02-17
W001,46239-M23-110,4.0,4,3,2022-01-12,2022-01-18
W001,67410-VS9-85,4.0,4,3,2022-05-26,2022-07-31
invalid,67522-1HO-85,4.0,4,1,2024-02-01,2024-03-07
W001,84396-6CH-85,4.0,2,1,2026-05-08,2026-05-12
W001,84396-6CH-100,4.0,2,1,2026-05-08,2026-05-12
W001,41423-GK3-130,4.0,4,3,2022-02-24,2022-03-01
invalid,81152-XS6-110,4.0,4,1,2024-01-28,2024-01-31
invalid,81148-75Z-110,4.0,4,1,2024-01-25,2024-01-28
W001,62515-CM4-150,4.0,4,4,2022-01-02,2022-02-14
W001,67873-WW6-120,4.0,4,4,2022-05-24,2022-07-04
invalid,68145-SR4-80,4.0,4,1,2022-07-18,2022-07-25
W001,67028-SR4-140,4.0,4,2,2022-01-23,2022-02-05
W001,62423-J81-100,4.0,4,1,2022-01-21,2022-01-23
invalid,51836-XG7-80,4.0,4,1,2022-07-18,2022-07-31
W001,84393-6BT-NB,4.0,4,1,2026-04-08,2026-05-13
W001,84394-6CE-75,4.0,2,1,2026-04-08,2026-05-08
W001,82476-3AK-130,4.0,4,1,2024-10-03,2025-10-20
W001,82403-2IO-L,4.0,4,2,2025-01-14,2025-01-24
W001,51911-10F-130,4.0,4,4,2022-01-06,2022-02-23
W001,67207-EH3-110,4.0,4,3,2022-01-03,2022-02-11
W001,84395-6BS-120,4.0,3,1,2026-04-08,2026-05-08
W001,62618-RA9-130,4.0,4,3,2022-01-10,2022-01-13
invalid,67377-M23-140,4.0,4,1,2024-01-03,2024-01-07
W001,67871-M91-130,4.0,4,3,2022-06-20,2022-07-01
W001,67871-M91-110,4.0,4,1,2022-06-09,2022-06-12
W001,67873-WV5-90,4.0,4,3,2022-05-25,2022-06-13
W001,67873-WV5-150,4.0,4,2,2022-05-13,2022-05-27
W001,67873-WV5-110,4.0,4,3,2022-06-16,2022-07-06
W001,67873-WU4-110,4.0,4,3,2022-05-21,2022-06-05
W001,67686-WY4-120,4.0,4,4,2022-04-25,2022-07-02
W001,67020-67L-100,4.0,4,3,2022-01-24,2022-02-19
W001,46284-M23-5/9,4.0,4,4,2022-01-07,2022-01-18
W001,84393-6BR-NB,4.0,3,1,2026-04-08,2026-05-14
W001,67608-PH1-150,4.0,4,2,2022-06-18,2022-07-26
W001,51911-015-130,4.0,4,4,2022-01-12,2022-02-24
W001,51891-GK3-150,4.0,4,2,2022-02-23,2022-03-01
W001,59818-SR4-130,4.0,4,3,2022-02-10,2022-02-22
W001,82476-3AQ-70,4.0,2,1,2024-10-03,2025-06-25
W001,84393-6BV-NB,4.0,2,1,2026-04-09,2026-05-08
W001,62618-VL2-130,4.0,4,4,2022-02-08,2022-02-19
invalid,51057-M23-120,4.0,4,2,2022-01-10,2022-01-16
W001,62618-VL5-140,4.0,4,3,2022-01-20,2022-02-12
W001,67231-M23-75,4.0,4,3,2022-01-24,2022-02-15
W001,41423-L40-120,4.0,4,2,2024-10-09,2024-11-02
W001,62944-NJ1-150,4.0,4,2,2022-01-31,2022-02-09
W001,65203-TN9-XL,4.0,4,2,2022-02-03,2022-02-16
W001,65203-TN9-M,4.0,4,2,2022-02-05,2022-02-10
W001,67871-G31-110,4.0,4,3,2022-05-20,2022-06-09
W001,65203-TN7-XS,4.0,4,2,2022-01-17,2022-01-25
W001,39973-48Q-80_85,4.0,4,1,2022-04-06,2022-05-10
W001,39973-48Q-70,4.0,4,1,2022-06-10,2022-07-30
W001,46239-PV5-140,4.0,4,2,2022-01-22,2022-02-07
W001,67218-A79-120,4.0,4,2,2022-01-26,2022-02-09
W001,67607-PH1-L,4.0,4,4,2022-07-22,2022-07-29
W001,82476-3MU-70,4.0,4,1,2025-09-30,2025-10-17
W001,82476-3AR-70,4.0,2,1,2024-10-03,2025-02-03
W001,83441-3NC-80,4.0,4,1,2025-09-25,2025-12-19
invalid,67374-WQ1-85,4.0,4,1,2022-01-12,2022-02-08
W001,67020-SR4-120,4.0,4,2,2022-01-12,2022-01-31
W001,64980-75Z-XXL,4.0,4,3,2022-01-02,2022-02-06
W001,65035-SY2-1,4.0,4,3,2022-01-07,2022-01-18
W001,57746-TW5-140,4.0,4,3,2022-02-03,2022-03-31
W001,57746-NM2-100,4.0,4,2,2022-01-13,2022-01-20
W001,67867-WX9-140,4.0,4,3,2022-06-09,2022-07-01
W001,40152-VZ1-2,4.0,3,1,2022-07-20,2022-07-25
W001,65203-QX6-S,4.0,4,3,2022-01-06,2022-02-23
W001,67012-AT3-120,4.0,4,4,2022-01-27,2022-02-06
W001,67012-AT2-120,4.0,4,2,2022-01-27,2022-02-06
W001,67012-AT2-110,4.0,4,3,2022-01-12,2022-02-08
W001,67161-GD6-120,4.0,4,1,2022-01-28,2022-03-16
W001,46906-M23-S,4.0,4,3,2022-01-14,2022-02-12
W001,83440-3MU-50,4.0,4,1,2025-09-30,2025-10-25
W001,83440-3MU-90,4.0,2,1,2025-09-30,2025-10-01
W001,83441-4RM-50,4.0,3,1,2025-09-30,2025-10-11
W001,40152-M23-NB,4.0,4,3,2022-01-09,2022-01-24
W001,67013-S74-L,4.0,1,1,2022-02-21,2022-02-21
invalid,52382-AN8-75,4.0,4,2,2022-01-29,2022-02-06
W001,57538-NM9-120,4.0,4,3,2022-01-06,2022-01-30
W001,52382-M23-90,4.0,4,4,2022-01-24,2022-02-20
W001,67691-BD4-100,4.0,4,4,2022-06-09,2022-06-30
W001,83440-3MU-85,4.0,2,1,2025-09-30,2025-10-01
W001,47053-NN9-90,4.0,4,2,2022-01-17,2022-03-02
W001,47046-kl9-XXL,4.0,4,3,2022-01-07,2022-02-18
W001,47046-kl9-XS,4.0,4,2,2022-01-14,2022-01-18
W001,46906-M23-XS,4.0,4,4,2022-01-16,2022-02-07
invalid,52606-RG7-11,4.0,4,2,2022-01-29,2022-02-11
invalid,52606-56X-9,4.0,4,1,2022-12-21,2022-12-26
invalid,52605-Q84-5,4.0,4,2,2022-01-24,2022-01-28
invalid,68135-XA5-110,4.0,4,1,2022-07-29,2022-07-31
W001,67867-WW6-140,4.0,4,3,2022-06-09,2022-06-22
invalid,52622-Q84-XS/S,4.0,4,2,2022-01-21,2022-01-22
invalid,52621-XU5-7,4.0,4,3,2022-12-13,2023-01-16
W001,67232-M23-80,4.0,4,2,2022-01-13,2022-01-27
invalid,81395-1KA-90,4.0,4,1,2024-02-18,2024-03-06
W001,67866-WX4-110,4.0,4,2,2022-07-04,2022-07-11
W001,67188-M23-100,4.0,4,4,2022-01-02,2022-01-19
invalid,67312-WB6-85,4.0,4,1,2022-05-14,2022-05-16
W001,65290-B42-90,4.0,4,2,2022-01-20,2022-01-24
W001,47107-FX9-7,4.0,4,3,2022-01-16,2022-01-20
W001,47107-FX9-5,4.0,4,4,2022-01-11,2022-03-23
W001,83068-SR4-70,4.0,4,1,2025-09-27,2026-06-13
W001,67454-VV2-80,4.0,4,1,2022-06-12,2022-06-16
W001,82476-3MY-70,4.0,4,1,2025-05-01,2026-02-12
W001,82476-3MY-130,4.0,4,1,2025-05-14,2026-02-12
W001,82477-3AP-120,4.0,4,1,2024-10-14,2025-05-07
invalid,52718-Q84-80,4.0,4,2,2022-02-09,2022-02-17
W001,65203-VJ9-L,4.0,4,1,2022-01-07,2022-01-10
W001,67011-AN8-130,4.0,4,3,2022-01-30,2022-02-26
W001,57538-NN0-90,4.0,4,3,2022-01-18,2022-06-30
W001,65290-M23-140,4.0,4,4,2022-01-17,2022-02-24
invalid,67297-NZ5-S,4.0,4,2,2022-02-09,2022-05-16
W001,67232-B42-70,4.0,4,3,2022-01-07,2022-02-17
W001,67293-VQ2-90,4.0,4,3,2022-02-20,2022-07-27
invalid,80456-GK3-140,4.0,4,1,2023-05-17,2023-05-26
W001,83068-3MW-50,4.0,4,1,2025-09-27,2025-11-25
W001,82477-3AR-110,4.0,3,1,2025-02-03,2026-04-08
W001,82477-3AR-100,4.0,3,1,2025-02-03,2026-04-08
W001,82477-3AP-90,4.0,4,1,2025-02-06,2025-05-07
W001,82477-3AP-85,4.0,4,1,2025-02-06,2025-05-07
W001,82477-3NA-120,4.0,3,1,2025-05-20,2026-02-05
W001,60318-06G-XS,4.0,4,1,2022-07-15,2022-07-25
W001,60312-V98-130,4.0,4,4,2022-01-25,2022-02-17
W001,47149-FU8-90,4.0,4,2,2022-01-08,2022-01-13
W001,67010-GF2-100,4.0,4,4,2022-02-07,2022-02-14
invalid,54062-BO1-110,4.0,4,2,2022-01-21,2022-03-16
W001,67865-WT6-110,4.0,4,4,2022-05-06,2022-06-26
W001,67865-WT6-100,4.0,4,3,2022-06-08,2022-06-15
W001,67865-PH7-120,4.0,4,2,2022-05-25,2022-07-02
invalid,81416-1IY-90,4.0,4,1,2024-02-01,2024-02-24
W001,47433-VG3-140,4.0,4,1,2022-01-09,2022-01-14
W001,83068-2A2-70,4.0,4,1,2025-09-27,2026-06-07
W001,60310-FX9-XS,4.0,4,2,2022-01-07,2022-01-14
W001,82477-3MY-80,4.0,4,1,2025-05-01,2025-05-01
W001,82477-3AR-90,4.0,3,1,2025-02-03,2026-04-08
W001,82477-3AR-85,4.0,3,1,2025-02-03,2026-04-08
W001,67218-A79-100,4.0,4,4,2022-01-13,2022-02-23
invalid,80468-303-100,4.0,4,1,2023-05-28,2023-05-28
W001,65290-A91-140,4.0,4,3,2022-02-02,2022-02-19
invalid,68007-XE3-85,4.0,4,1,2022-10-06,2022-10-13
W001,65290-PV5-120,4.0,4,3,2022-01-13,2022-02-10
W001,65290-M23-85,4.0,4,2,2022-01-24,2022-01-25
W001,67692-WF3-120,4.0,4,3,2022-06-10,2022-07-25
W001,66994-VJ6-L,4.0,4,2,2022-02-17,2022-02-23
W001,66994-VJ5-M,4.0,4,4,2022-01-18,2022-02-28
W001,67293-NZ5-80,4.0,4,4,2022-02-08,2022-02-23
W001,60008-VP1-85,4.0,4,3,2022-01-11,2022-02-22
W001,60008-VK5-90,4.0,4,2,2022-01-31,2022-02-15
W001,67103-VJ4-XS,4.0,4,1,2022-01-23,2022-01-31
W001,67101-FX9-M,4.0,4,2,2022-01-02,2022-01-12
W001,67098-NN9-150,4.0,4,1,2022-01-24,2022-01-27
W001,47629-HB9-S,4.0,4,4,2022-02-09,2022-02-21
W001,47629-HB9-L,4.0,4,4,2022-01-09,2022-01-19
W001,67293-VP5-90,4.0,4,2,2022-03-04,2022-07-27
W001,67293-VP5-60,4.0,4,2,2022-02-21,2022-02-27
W001,52406-Q84-XL,4.0,4,4,2022-01-13,2022-02-07
W001,52406-Q84-M,4.0,4,2,2022-02-12,2022-02-25
W001,52399-M23-XXL,4.0,4,1,2022-01-20,2022-01-30
invalid,57827-A91-110,4.0,4,1,2022-01-02,2022-01-02
W001,66994-TN7-XXL,4.0,4,1,2022-04-28,2022-08-01
W001,65580-ST6-75,4.0,4,3,2022-01-24,2022-02-15
W001,36086-PV5-120,4.0,4,4,2022-01-27,2022-02-19
W001,66994-75Z-XL,4.0,4,1,2022-02-07,2022-02-18
W001,55565-M07-XS,4.0,4,3,2022-01-26,2022-02-15
invalid,58661-NL3-L,4.0,3,1,2022-01-02,2022-01-03
W001,67159-JB3-130,4.0,4,2,2022-01-19,2022-02-20
W001,60008-VJ7-85,4.0,4,2,2022-01-06,2022-01-10
W001,82723-39D-90,4.0,4,1,2025-01-15,2025-01-15
W001,82681-2ON-60,4.0,4,1,2024-12-23,2025-01-10
W001,65291-SR4-120,4.0,4,3,2022-01-24,2022-02-07
W001,65291-B42-120,4.0,4,1,2022-01-23,2022-01-26
invalid,57726-GA5-90,4.0,4,1,2022-01-13,2022-02-20
invalid,68009-GF2-90,4.0,4,1,2022-07-20,2022-07-29
W001,67188-M23-85,4.0,4,2,2022-01-16,2022-01-26
W001,67858-WX3-90,4.0,4,2,2022-05-12,2022-05-27
invalid,68014-XF3-120,4.0,4,2,2022-07-22,2022-12-15
W001,65593-M23-80,4.0,4,3,2022-01-18,2022-02-17
invalid,80434-343-100,4.0,4,2,2023-06-22,2023-08-04
W001,82585-3NE-NB,4.0,3,1,2025-07-11,2026-05-08
W001,47629-HE1-S,4.0,4,3,2022-01-21,2022-01-26
W001,67159-75M-140,4.0,4,3,2022-01-19,2022-02-24
W001,51194-A91-85,4.0,4,2,2022-01-07,2022-02-09
W001,51194-A91-120,4.0,4,4,2022-01-16,2022-02-24
W001,67472-WZ6-150,4.0,4,3,2022-06-30,2022-07-29
W001,65591-XC6-50,4.0,4,1,2022-07-18,2022-08-01
invalid,68012-XG3-120,4.0,4,1,2022-07-30,2022-08-01
W001,67192-76X-110,4.0,4,2,2022-02-05,2022-02-23
W001,65592-SR4-60,4.0,4,4,2022-01-15,2022-02-14
invalid,67274-NZ5-100,4.0,4,1,2022-01-02,2022-01-05
W001,66994-QY5-S,4.0,4,2,2022-01-05,2022-01-13
W001,60008-QY4-80,4.0,4,4,2022-01-13,2022-02-23
W001,82585-3ND-90,4.0,4,1,2025-08-01,2026-05-14
W001,82585-3BJ-90,4.0,3,2,2025-02-07,2025-12-28
W001,82585-3NF-90,4.0,3,1,2025-08-23,2025-09-27
W001,82585-3NF-85,4.0,3,1,2025-08-23,2025-09-27
W001,47681-VP5-90,4.0,4,3,2022-02-14,2022-02-20
W001,67217-V98-85,4.0,4,3,2022-01-18,2022-03-03
W001,67217-V98-100,4.0,4,4,2022-02-14,2022-02-25
invalid,81563-22L-100,4.0,4,1,2024-03-06,2024-03-07
W001,67281-VP4-150,4.0,4,2,2022-06-20,2022-07-04
invalid,67255-TN9-XS,4.0,4,3,2022-01-02,2022-01-23
invalid,67255-TN9-L,4.0,4,1,2022-01-24,2022-01-25
W001,67189-M23-150,4.0,4,3,2022-01-18,2022-02-20
W001,67861-WX2-110,4.0,4,3,2022-05-18,2022-06-30
W001,67861-WW6-90,4.0,4,2,2022-06-07,2022-06-24
W001,67861-WW6-100,4.0,4,4,2022-05-12,2022-07-22
W001,52573-FV7-M,4.0,4,2,2022-01-20,2022-02-15
W001,67858-WV1-130,4.0,4,3,2022-05-15,2022-06-26
W001,67192-GF2-130,4.0,4,2,2022-01-14,2022-02-08
invalid,59781-M23-85,4.0,4,2,2023-01-24,2023-01-31
W001,66982-UT6-120,4.0,4,2,2022-01-12,2022-01-25
W001,66982-UT6-110,4.0,4,3,2022-01-18,2022-02-19
W001,66982-RY2-120,4.0,4,3,2022-01-15,2022-02-18
W001,66982-RY2-110,4.0,4,3,2022-01-17,2022-02-12
W001,66982-PJ9-130,4.0,4,1,2022-01-16,2022-01-17
W001,66975-VB3-140,4.0,4,3,2022-01-08,2022-01-20
W001,67116-FF5-100,4.0,4,2,2022-01-13,2022-01-30
W001,82478-3MY-80,4.0,4,1,2025-05-01,2025-07-04
W001,82479-3AP-60,4.0,2,1,2024-10-08,2025-08-14
W001,82479-3AP-50,4.0,2,1,2024-10-08,2025-08-14
invalid,80057-GF2-110,4.0,4,1,2023-01-25,2023-01-25
W001,60008-VJ5-80,4.0,4,3,2022-01-18,2022-02-11
W001,67855-VZ1-110,4.0,4,1,2022-07-04,2022-07-05
invalid,68014-XF3-90,4.0,4,2,2022-10-25,2022-12-09
W001,55355-HY4-85,4.0,4,1,2022-02-21,2022-03-10
W001,66974-JB3-150,4.0,4,4,2022-01-06,2022-02-17
W001,67113-VN3-90,4.0,4,2,2022-01-11,2022-01-17
invalid,80054-75Z-85,4.0,4,1,2023-01-23,2023-01-25
W001,82479-3AK-NB,4.0,3,1,2025-01-27,2025-06-02
W001,82479-3AK-75,4.0,3,1,2025-01-27,2025-06-02
invalid,59818-SR4-85,4.0,4,3,2022-01-20,2022-12-08
invalid,59818-SR4-100,4.0,4,3,2022-10-05,2022-11-26
invalid,59818-GF2-150,4.0,4,1,2023-01-25,2023-01-27
invalid,59818-C57-120,4.0,4,3,2022-01-13,2022-02-23
invalid,67244-M23-70,4.0,4,2,2022-01-14,2022-01-20
W001,67858-WW6-120,4.0,4,3,2022-05-23,2022-06-12
W001,65593-ST6-80,4.0,4,3,2022-01-10,2022-02-01
W001,52573-FV7-S,4.0,4,3,2022-01-05,2022-02-05
W001,67855-G31-120,4.0,4,2,2022-07-03,2022-07-21
W001,54905-015-120,4.0,4,4,2022-01-12,2022-02-27
W001,66974-SR4-110,4.0,4,2,2022-01-09,2022-02-05
invalid,67220-CM4-120,4.0,4,1,2022-01-02,2022-01-05
W001,82562-3BG-70,4.0,3,1,2024-10-03,2025-11-25
W001,48798-76X-120/130,4.0,4,2,2022-01-17,2022-01-27
W001,50265-75Z-XL,4.0,3,3,2022-01-13,2022-01-18
W001,82481-3AK-80,4.0,3,1,2025-02-03,2025-06-02
W001,82481-3AK-75,4.0,4,1,2025-02-03,2025-06-02
W001,51058-A91-100,4.0,4,2,2022-01-13,2022-01-21
W001,51058-A79-120,4.0,4,1,2022-08-01,2022-08-01
W001,67114-VN3-XS,4.0,4,3,2022-01-12,2022-02-03
invalid,81860-1GF-100,4.0,4,1,2024-07-31,2024-08-03
invalid,59845-QX6-S,4.0,4,1,2022-01-26,2022-02-21
W001,67855-VZ1-140,4.0,4,1,2022-07-09,2022-07-10
W001,67855-VZ1-130,4.0,4,1,2022-07-06,2022-07-07
W001,65603-011-80,4.0,4,4,2022-01-12,2022-02-02
W001,65602-VM9-75,4.0,4,2,2022-01-29,2022-02-09
W001,65602-VM8-60,4.0,4,1,2022-01-12,2022-01-13
W001,67118-PT0-XL,4.0,4,2,2022-01-09,2022-03-03
W001,67118-PT0-M,4.0,4,2,2022-01-02,2022-01-12
W001,50265-75Z-L,4.0,4,3,2022-01-17,2022-03-01
W001,49027-GK3-110,4.0,4,1,2022-02-13,2022-02-18
W001,67208-GF2-120,4.0,4,4,2022-01-13,2022-01-25
W001,67117-DW1-100,4.0,4,4,2022-01-05,2022-01-24
W001,66973-77M-120,4.0,4,2,2022-02-07,2022-02-26
W001,67277-NZ5-150,4.0,4,1,2022-03-27,2022-03-29
W001,54899-RY2-M,4.0,4,3,2022-01-20,2022-02-24
W001,54899-PF2-XXL,4.0,4,1,2022-05-26,2022-05-29
W001,67234-M23-70,4.0,4,2,2022-01-31,2022-02-05
W001,67233-VN2-90,4.0,4,3,2022-01-31,2022-02-18
W001,66974-JB3-110,4.0,4,3,2022-02-15,2022-02-22
invalid,59852-XW4-120,4.0,4,1,2022-12-22,2022-12-26
W001,66962-PJ9-150,4.0,4,4,2022-02-01,2022-02-06
W001,65605-UC7-85,4.0,4,2,2022-01-11,2022-01-16
invalid,60008-QY4-80,4.0,4,1,2022-01-31,2022-02-01
W001,50265-Q84-XS,4.0,4,2,2022-01-07,2022-01-16
W001,82562-3AT-70,4.0,4,1,2025-09-30,2026-01-29
W001,67576-WB6-90,4.0,4,4,2022-06-10,2022-07-26
W001,51058-M23-100,4.0,4,3,2022-01-09,2022-01-31
W001,67158-75M-100,4.0,4,3,2022-01-17,2022-02-13
W001,59852-VM2-90,4.0,4,2,2022-01-31,2022-02-02
W001,59852-VM2-150,4.0,4,4,2022-01-17,2022-02-22
invalid,59852-VJ9-100,4.0,4,1,2022-02-20,2022-03-31
invalid,68027-202-85,4.0,4,1,2022-07-23,2022-07-28
invalid,68027-192-90,4.0,4,2,2022-07-23,2022-10-08
W001,67853-WX4-100,4.0,4,4,2022-05-12,2022-06-19
W001,67853-WW6-140,4.0,4,3,2022-05-15,2022-06-24
invalid,67187-990-100,4.0,4,2,2022-01-02,2022-01-31
W001,67271-WB3-90,4.0,4,3,2022-01-13,2022-02-23
W001,67849-VX9-140,4.0,4,2,2022-06-15,2022-07-01
W001,67274-VP5-120,4.0,4,3,2022-02-13,2022-02-23
W001,67501-06G-150,4.0,4,1,2022-07-19,2022-08-01
W001,82549-2LD-110,4.0,4,1,2025-04-05,2025-04-14
W001,67158-76X-110,4.0,4,2,2022-02-02,2022-02-12
W001,59845-VK5-XL,4.0,4,3,2022-01-18,2022-02-23
invalid,59852-VL8-130,4.0,4,2,2022-01-21,2022-01-26
W001,66966-RG2-S,4.0,4,2,2022-01-15,2022-01-30
invalid,67207-GF2-140,4.0,3,1,2022-01-02,2022-01-11
W001,67201-B42-140,4.0,4,2,2022-01-13,2022-01-27
invalid,68125-919-110,4.0,4,1,2023-11-28,2023-12-13
W001,67853-WW6-110,4.0,4,2,2022-06-12,2022-06-20
W001,54062-NB1-100,4.0,4,3,2022-02-05,2022-02-25
W001,54062-BO1-100,4.0,4,4,2022-01-23,2022-02-15
W001,67845-DK4-110,4.0,4,2,2022-06-13,2022-07-25
W001,67120-PT0-L,4.0,4,3,2022-01-13,2022-01-30
W001,67209-76X-100,4.0,4,1,2022-01-08,2022-01-11
W001,51057-GF2-150,4.0,4,1,2022-07-14,2022-08-01
W001,82482-3AG-75,4.0,2,1,2024-12-10,2025-09-18
W001,82482-3AG-70,4.0,2,2,2024-12-10,2025-09-18
W001,66957-015-110,4.0,4,3,2022-01-23,2022-02-19
W001,67848-V98-100,4.0,4,4,2022-05-23,2022-06-28
W001,67848-NV2-150,4.0,4,2,2022-06-04,2022-06-14
W001,67193-76X-110,4.0,4,4,2022-01-19,2022-02-07
invalid,68029-XC3-90,4.0,4,2,2022-07-15,2022-10-14
invalid,67163-kl9-120,4.0,4,1,2022-01-04,2022-01-10
invalid,67159-JB3-85,4.0,4,1,2022-03-06,2022-03-28
W001,66958-EV5-140,4.0,4,3,2022-01-07,2022-02-19
invalid,67191-M23-85,4.0,4,1,2022-11-10,2022-11-12
invalid,67188-GF2-130,4.0,4,1,2022-01-10,2022-01-12
W001,82490-3N3-80,4.0,4,2,2025-08-01,2026-05-14
W001,82490-3N3-50,4.0,3,1,2025-07-11,2025-12-16
W001,67506-EF5-120,4.0,4,2,2022-06-27,2022-07-26
W001,82482-3AG-120,4.0,3,1,2025-08-28,2026-01-07
invalid,80127-QX6-90,4.0,4,2,2023-01-25,2023-01-28
invalid,80123-xw3-50,4.0,4,1,2023-07-08,2023-07-15
W001,67501-VX9-120,4.0,4,1,2022-07-18,2022-07-31
W001,82490-3MZ-80,4.0,3,2,2025-04-25,2025-08-23
W001,82492-3AZ-M,4.0,3,1,2024-12-10,2025-12-16
W001,67122-PT0-160,4.0,4,3,2022-01-09,2022-01-19
W001,65606-B42-50,4.0,4,2,2022-01-31,2022-02-09
invalid,67158-75M-90,4.0,4,1,2022-01-25,2022-01-27
invalid,67157-GF2-85,4.0,4,1,2023-02-26,2023-03-20
invalid,67153-NK7-120,4.0,4,1,2022-01-02,2022-01-10
invalid,67129-TS1-XL,4.0,4,1,2022-01-27,2022-02-10
W001,67845-DK4-120,4.0,4,4,2022-05-24,2022-06-23
W001,66947-VA5-90,4.0,4,3,2022-01-19,2022-02-22
W001,67258-NG1-M,4.0,4,1,2022-01-09,2022-01-12
W001,67791-WX9-80,4.0,4,3,2022-06-04,2022-07-29
W001,67791-WX9-70,4.0,4,3,2022-06-05,2022-08-01
W001,67844-C20-90,4.0,4,1,2022-07-14,2022-07-20
invalid,68045-015-140,4.0,4,1,2022-07-22,2022-07-26
invalid,67122-PT0-100,4.0,4,1,2022-02-02,2022-02-07
W001,66947-UT3-80,4.0,4,1,2022-01-19,2022-01-20
invalid,67115-NK7-120,4.0,3,1,2022-02-18,2022-02-20
W001,51058-011-120,4.0,4,2,2022-01-09,2022-01-14
W001,51057-M23-90,4.0,4,3,2022-01-16,2022-02-12
W001,82482-3AH-130,4.0,4,1,2024-10-14,2026-02-11
W001,82482-3MX-120,4.0,4,1,2025-09-25,2026-02-12
W001,82482-3BI-90,4.0,4,2,2024-10-08,2026-02-18
W001,82490-3N3-90,4.0,4,1,2025-08-01,2026-05-14
W001,82490-3N3-85,4.0,4,2,2025-08-01,2026-05-14
invalid,67113-VN5-160,4.0,4,3,2022-01-13,2022-02-01
W001,66947-RB7-60,4.0,4,2,2022-01-15,2022-02-01
W001,66945-VF4-75,4.0,4,2,2022-01-31,2022-02-14
W001,65607-SR4-70,4.0,4,3,2022-01-02,2022-01-25
invalid,60599-VW2-130,4.0,4,1,2022-01-02,2022-01-04
invalid,67092-UD1-150,4.0,4,2,2022-01-06,2022-07-07
W001,67197-M23-100,4.0,4,2,2022-01-18,2022-01-24
W001,67711-SR4-90,4.0,4,4,2022-06-16,2022-07-01
W001,67798-78M-75,4.0,4,2,2022-07-24,2022-07-29
W001,65607-ST6-70,4.0,4,2,2022-01-16,2022-01-23
invalid,82054-2VA-110,4.0,4,1,2026-03-04,2026-03-08
W001,59852-VK5-85,4.0,4,2,2022-01-20,2022-01-24
W001,59852-VK5-100,4.0,4,2,2022-02-01,2022-02-17
W001,82482-3BI-85,4.0,4,1,2024-10-08,2026-02-18
W001,82482-3MZ-75,4.0,3,2,2025-07-31,2025-12-28
W001,82490-3AE-60,4.0,3,1,2025-02-07,2025-06-25
W001,52706-FX9-120,4.0,4,3,2022-01-14,2022-02-23
W001,67124-QR7-XL,4.0,4,4,2022-01-07,2022-02-25
W001,82489-3NC-70,4.0,3,2,2025-09-09,2026-02-28
W001,51057-011-140,4.0,4,2,2022-01-16,2022-02-01
W001,67557-WV2-90,4.0,4,2,2022-06-08,2022-06-30
W001,82482-4RM-130,4.0,3,1,2025-09-30,2025-10-11
W001,50265-VJ7-XL,4.0,4,3,2022-01-09,2022-02-18
W001,59852-VL8-110,4.0,4,4,2022-01-25,2022-02-17
W001,36086-015-150,4.0,4,2,2022-01-19,2022-01-27
W001,67260-VN4-S,4.0,4,2,2022-01-09,2022-02-05
W001,66939-VN2-75,4.0,4,2,2022-02-10,2022-02-23
W001,66936-XL0-90,4.0,4,1,2022-07-18,2022-08-01
W001,67791-WT7-80,4.0,4,4,2022-06-17,2022-07-04
W001,52605-FU8-3Y,4.0,4,3,2022-01-09,2022-02-09
W001,67255-QX6-L,4.0,4,4,2022-01-02,2022-02-14
W001,66936-UV5-50,4.0,3,1,2022-07-20,2022-07-30
invalid,67061-011-100,4.0,4,2,2022-01-02,2022-01-10
invalid,67059-M23-100,4.0,4,2,2022-01-12,2022-02-01
invalid,67044-VH3-120,4.0,4,2,2022-10-23,2022-12-09
invalid,67027-D16-110,4.0,4,2,2022-10-19,2022-12-06
W001,67773-WX3-70,4.0,4,3,2022-05-19,2022-06-28
W001,67773-WV1-70,4.0,4,3,2022-07-21,2022-08-01
W001,67773-WU6-80,4.0,4,3,2022-06-30,2022-07-03
invalid,67691-BD4-150,4.0,4,1,2022-04-14,2022-04-23
W001,59852-QY4-110,4.0,4,3,2022-01-19,2022-02-08
W001,67213-J81-130,4.0,4,3,2022-01-17,2022-02-17
W001,67213-J81-100,4.0,4,3,2022-02-17,2022-03-01
W001,67213-GF2-110,4.0,4,2,2022-01-25,2022-02-02
W001,82489-3MZ-75,4.0,4,1,2025-04-28,2025-10-29
invalid,60600-XA7-150,4.0,4,1,2022-07-27,2022-07-31
W001,67194-M23-110,4.0,4,3,2022-01-17,2022-02-18
W001,67193-76X-130,4.0,4,3,2022-02-02,2022-02-26
W001,67770-78M-80,4.0,4,4,2022-05-23,2022-07-01
W001,65788-06G-2,4.0,4,1,2022-07-19,2022-08-01
invalid,62027-VM2-75,4.0,4,1,2022-01-19,2022-01-21
W001,65788-011-1,4.0,4,4,2022-01-13,2022-02-22
W001,67514-WX1-M,4.0,4,3,2022-06-07,2022-08-01
W001,67130-TS1-S,4.0,4,1,2022-01-24,2022-02-10
W001,82489-3AJ-75,4.0,3,1,2024-12-09,2026-02-05
W001,82489-3AG-50,4.0,3,1,2024-10-08,2025-03-22
W001,67513-WV2-M,4.0,4,3,2022-07-22,2022-07-29
W001,82483-3AH-75,4.0,4,1,2025-02-06,2026-02-25
W001,82483-3AG-90,4.0,4,1,2025-02-12,2025-04-28
W001,82483-3AG-85,4.0,4,1,2025-02-12,2025-04-28
W001,82482-3NC-110,4.0,3,1,2025-07-31,2026-01-30
W001,82482-3N3-80,4.0,4,1,2025-07-31,2025-12-16
W001,82483-3AE-75,4.0,4,1,2025-02-12,2026-02-25
invalid,67061-B42-100,4.0,4,1,2022-01-19,2022-01-22
invalid,62027-XF5-85,4.0,4,1,2022-07-18,2022-07-25
invalid,66935-JB3-70,4.0,4,1,2022-01-20,2022-01-30
W001,66073-GD4-90,4.0,4,2,2022-03-18,2022-08-01
W001,52631-Q84-S,4.0,4,4,2022-01-18,2022-02-01
invalid,66844-PG5-120,4.0,4,1,2022-01-12,2022-01-14
W001,67518-VU9-120,4.0,4,3,2022-06-26,2022-07-24
W001,67518-VU9-100,4.0,4,1,2022-06-27,2022-06-28
W001,59852-VK3-140,4.0,4,3,2022-01-02,2022-02-10
invalid,67592-WS7-85,4.0,4,1,2022-06-28,2022-07-22
W001,67128-QR7-150,4.0,4,2,2022-02-08,2022-02-19
W001,82483-3AG-120,4.0,4,1,2025-02-12,2025-04-28
W001,82483-3AG-100,4.0,4,1,2025-02-12,2025-04-28
W001,82483-3BI-110,4.0,4,1,2025-02-12,2025-05-07
W001,82483-3BI-100,4.0,4,1,2025-02-12,2025-05-07
invalid,66975-VB3-150,4.0,4,1,2022-01-13,2022-01-14
W001,66863-UY7-140,4.0,4,4,2022-01-09,2022-02-09
W001,67244-SR4-60,4.0,4,2,2022-01-12,2022-01-27
W001,82487-3BH-120,4.0,3,2,2025-02-06,2026-05-08
W001,82487-3BH-110,4.0,3,2,2025-02-06,2026-05-08
W001,82487-3BH-100,4.0,4,1,2025-12-16,2026-05-14
W001,82483-3BI-90,4.0,4,1,2025-02-12,2025-05-07
W001,82483-3BI-85,4.0,4,1,2025-02-12,2025-05-07
W001,82487-3BJ-80,4.0,3,1,2025-02-06,2026-02-25
W001,82487-3BJ-75,4.0,3,1,2025-02-06,2026-02-25
W001,59852-VK4-120,4.0,4,4,2022-01-17,2022-02-24
W001,59852-VK4-110,4.0,4,3,2022-01-06,2022-01-31
W001,67518-VU9-130,4.0,4,3,2022-06-29,2022-07-25
invalid,66960-VD0-110,4.0,4,3,2022-01-09,2022-01-31
W001,33218-16N-90,4.0,4,2,2022-02-23,2022-08-02
W001,66849-RS8-50,4.0,4,3,2022-01-24,2022-02-03
W001,66847-RS8-XL,4.0,4,3,2022-01-18,2022-02-12
W001,65788-GK3-2,4.0,4,2,2022-01-02,2022-05-19
invalid,66719-XC8-90,4.0,4,1,2022-07-14,2022-07-26
W001,67751-WV1-80,4.0,4,3,2022-05-18,2022-06-29
invalid,68125-744-100,4.0,4,1,2024-01-02,2024-01-03
W001,33175-S74-140,4.0,4,3,2022-01-11,2022-04-10
invalid,66716-SR4-130,4.0,4,3,2022-01-10,2022-01-25
W001,82486-3BJ-75,4.0,3,1,2024-10-08,2026-02-25
W001,59852-2FW-120,4.0,4,1,2025-03-24,2025-03-27
W001,59852-TN7-150,4.0,4,2,2022-01-24,2022-01-30
W001,50769-011-S,4.0,4,3,2022-01-25,2022-02-25
W001,59852-VK4-130,4.0,4,3,2022-01-31,2022-02-15
W001,82487-3BA-120,4.0,3,2,2024-10-14,2026-02-05
W001,82487-3BJ-110,4.0,3,2,2024-10-14,2026-02-25
invalid,66736-XH6-110,4.0,4,1,2022-07-20,2022-07-26
W001,67200-M23-110,4.0,4,4,2022-01-19,2022-01-24
W001,67197-M23-140,4.0,4,1,2022-01-20,2022-01-23
W001,67197-M23-130,4.0,4,3,2022-01-13,2022-02-11
invalid,66656-009-150,4.0,4,2,2022-01-07,2022-02-12
invalid,66363-SJ8-120,4.0,4,1,2022-06-07,2022-06-10
W001,59852-VK1-160,4.0,4,4,2022-01-17,2022-01-27
W001,59852-VK1-140,4.0,4,4,2022-01-24,2022-02-23
W001,59852-VK1-120,4.0,4,4,2022-02-11,2022-02-24
W001,82486-3BH-110,4.0,4,2,2024-10-08,2026-02-12
W001,67153-NK7-110,4.0,4,2,2022-01-13,2022-03-31
W001,82486-3BA-75,4.0,2,1,2024-10-08,2024-12-10
W001,82486-3BJ-80,4.0,3,1,2024-10-08,2026-02-25
invalid,66736-XC8-130,4.0,4,1,2022-07-13,2022-07-23
W001,66826-UZ1-90,4.0,4,1,2022-01-02,2022-01-04
W001,66826-UZ1-120,4.0,4,4,2022-01-19,2022-02-23
invalid,62618-VL2-100,4.0,4,1,2022-01-25,2022-01-27
invalid,62515-PW1-130,4.0,4,2,2022-01-10,2022-01-25
invalid,66719-XH8-140,4.0,4,1,2022-07-12,2022-07-27
invalid,66719-XF3-120,4.0,4,1,2022-07-19,2022-07-27
W001,66732-UY2-100,4.0,4,4,2022-01-07,2022-01-23
W001,59852-TP7-100,4.0,4,2,2022-02-11,2022-03-11
W001,67211-TV4-130,4.0,4,2,2022-01-07,2022-01-31
W001,82484-3NC-NB,4.0,2,1,2025-07-31,2026-01-30
W001,50265-XQ7-S,4.0,4,1,2022-07-20,2022-08-01
invalid,80141-VM1-90,4.0,4,3,2022-12-03,2023-01-23
W001,59852-VJ5-85,4.0,4,3,2022-01-02,2022-02-03
invalid,65203-VP1-XS,4.0,4,1,2022-01-27,2022-02-13
W001,67731-WW6-60,4.0,4,3,2022-05-24,2022-06-09
W001,67731-WV1-90,4.0,4,1,2022-07-11,2022-07-13
W001,66716-SR4-140,4.0,4,4,2022-01-19,2022-01-31
W001,67242-QX6-80,4.0,4,3,2022-01-24,2022-02-22
W001,66689-WV4-60,4.0,4,2,2022-06-30,2022-07-22
W001,67196-M23-90,4.0,4,3,2022-01-03,2022-01-14
W001,52621-Q84-5,4.0,4,4,2022-01-11,2022-01-24
W001,52621-Q84-3Y,4.0,4,4,2022-01-17,2022-02-13
W001,67078-FX9-M,4.0,3,3,2022-01-03,2022-03-04
W001,80039-2HM-L,4.0,4,1,2024-10-02,2024-10-02
invalid,67873-WW6-140,4.0,4,2,2022-05-23,2022-06-07
W001,67069-B42-150,4.0,4,4,2022-01-22,2022-02-20
W001,33175-GN1-150,4.0,4,2,2022-01-18,2022-01-20
W001,33175-GN1-100,4.0,4,1,2022-02-19,2022-02-21
W001,66717-VG3-100,4.0,4,4,2022-02-10,2022-02-25
W001,67138-AT2-110,4.0,4,4,2022-01-17,2022-02-12
W001,67532-C57-140,4.0,4,3,2022-06-23,2022-07-31
W001,66717-VG3-90,4.0,4,3,2022-01-31,2022-06-23
W001,66732-UY2-150,4.0,4,3,2022-02-02,2022-02-06
W001,33081-QT3-70,4.0,4,1,2022-02-10,2022-02-15
W001,67239-011-75,4.0,4,2,2022-02-02,2022-07-05
invalid,68121-C20-100,4.0,4,1,2022-11-10,2022-11-13
W001,52606-RG7-2Y,4.0,4,3,2022-01-26,2022-02-23
W001,52606-56X-13Y,4.0,4,1,2022-01-30,2022-01-31
W001,33081-U74-90,3.0,3,1,2022-02-18,2022-03-13
W001,66718-VF8-120,3.0,3,3,2022-01-22,2022-02-14
W001,52606-56X-7,3.0,3,2,2022-01-19,2022-02-13
W001,52606-RG7-11,3.0,3,1,2022-01-10,2022-01-12
W001,67711-WY2-75,3.0,3,2,2022-06-29,2022-07-07
W001,67722-VU6-75,3.0,3,2,2022-06-29,2022-07-21
W001,66717-VG3-130,3.0,3,3,2022-01-06,2022-02-23
W001,59852-TQ7-150,3.0,3,1,2022-01-12,2022-01-14
W001,82484-3NC-80,3.0,1,1,2026-01-30,2026-01-30
invalid,65592-B42-75,3.0,3,1,2022-01-02,2022-01-04
invalid,65602-VM9-75,3.0,3,3,2022-01-16,2022-02-19
invalid,65605-SY2-75,3.0,3,1,2022-01-14,2022-01-15
invalid,65612-PV4-70,3.0,3,3,2022-01-13,2022-02-17
W001,66716-DD4-130,3.0,3,3,2022-01-18,2022-02-11
W001,66733-UY2-100,3.0,3,3,2022-01-14,2022-02-10
W001,66734-UX9-70,3.0,3,3,2022-01-14,2022-02-23
invalid,68119-XE6-110,3.0,3,1,2022-07-24,2022-07-27
invalid,68119-XH5-85,3.0,3,1,2022-11-02,2022-11-05
invalid,68119-XH6-100,3.0,3,1,2022-07-25,2022-07-26
W001,67731-WW6-75,3.0,3,3,2022-05-13,2022-06-29
W001,67731-WW6-90,3.0,3,1,2022-07-02,2022-07-05
W001,66716-76X-100,3.0,3,2,2022-01-12,2022-02-08
W001,66716-76X-130,3.0,3,3,2022-01-18,2022-02-11
W001,66716-77M-100,3.0,3,3,2022-01-20,2022-02-08
W001,67136-TR8-L,3.0,3,2,2022-01-30,2022-02-12
W001,82485-3AV-85,3.0,2,1,2025-03-28,2026-02-18
W001,82485-3AV-90,3.0,2,1,2025-03-28,2026-02-18
W001,82485-3AZ-80,3.0,3,1,2026-02-05,2026-05-08
W001,82485-3AZ-85,3.0,2,1,2024-12-10,2026-02-18
invalid,80141-NT9-85,3.0,3,2,2022-11-27,2022-12-09
invalid,80141-NT9-90,3.0,3,2,2022-12-15,2023-01-21
W001,66716-DD4-120,3.0,3,3,2022-01-23,2022-02-14
invalid,65666-JB4-100,3.0,3,2,2023-06-15,2023-06-21
W001,66714-SR4-100,3.0,3,3,2022-01-03,2022-02-15
W001,66714-SR4-140,3.0,3,3,2022-02-11,2022-06-04
W001,59852-VJ5-140,3.0,3,1,2022-01-12,2022-01-15
W001,50942-78M-S,3.0,3,3,2022-06-14,2022-07-19
W001,50659-B42-2,3.0,3,2,2022-02-12,2022-02-25
W001,67535-C57-140,3.0,3,2,2022-07-26,2022-07-30
W001,67518-VV8-120,3.0,3,3,2022-04-26,2022-06-16
W001,82485-3BA-85,3.0,2,1,2024-12-10,2026-06-18
W001,66716-077-100,3.0,3,1,2022-07-27,2022-08-01
W001,66714-011-100,3.0,3,2,2022-01-20,2022-02-10
W001,66714-015-130,3.0,3,3,2022-01-13,2022-02-23
invalid,65738-001-L,3.0,3,1,2022-01-24,2022-01-25
W001,66736-RY2-110,3.0,3,1,2022-01-15,2022-01-17
W001,52621-FU8-3Y,3.0,3,3,2022-01-11,2022-02-13
invalid,68119-XD5-100,3.0,3,2,2022-07-27,2022-10-26
W001,67197-A91-100,3.0,3,3,2022-01-14,2022-01-24
W001,67197-A91-120,3.0,3,1,2022-01-05,2022-01-07
W001,67197-A91-130,3.0,3,3,2022-02-15,2022-02-17
W001,67197-A91-140,3.0,3,2,2022-02-16,2022-02-23
W001,66706-UQ2-75,3.0,3,2,2022-01-14,2022-01-23
W001,82486-3AV-110,3.0,3,2,2024-10-14,2025-08-28
W001,82485-3ND-75,3.0,3,1,2025-05-01,2026-01-29
W001,59852-VJ6-150,3.0,3,3,2022-02-17,2022-02-23
invalid,80141-SR4-150,3.0,3,1,2024-01-02,2024-01-08
W001,50282-NZ5-XS,3.0,3,1,2022-04-18,2022-05-04
invalid,65203-QX6-XS,3.0,3,2,2022-01-17,2022-02-13
invalid,65203-VJ5-L,3.0,3,2,2022-01-12,2022-01-13
invalid,66350-SY2-S,3.0,3,2,2022-02-08,2022-02-12
W001,66736-UT6-120,3.0,3,3,2022-01-24,2022-02-07
W001,66736-XH6-110,3.0,3,1,2022-08-01,2022-08-02
W001,67242-QX6-75,3.0,3,3,2022-01-17,2022-02-06
W001,67242-VL8-80,3.0,3,2,2022-01-20,2022-01-27
W001,67242-VL8-90,3.0,3,2,2022-01-26,2022-02-09
W001,33175-16N-100,3.0,3,2,2022-01-25,2022-01-26
invalid,66640-NV1-130,3.0,3,2,2022-02-07,2022-02-10
invalid,65019-TL8-85,3.0,3,1,2022-06-23,2022-06-23
W001,67751-WX3-75,3.0,3,2,2022-05-19,2022-05-25
W001,50754-001-S,3.0,3,3,2022-01-13,2022-02-01
W001,82484-3AG-90,3.0,3,1,2024-12-10,2026-03-12
W001,82484-3AJ-80,3.0,3,1,2024-12-09,2025-10-11
invalid,80143-SR4-100,3.0,3,1,2022-11-28,2022-12-03
invalid,80144-CK7-100,3.0,3,3,2023-01-19,2023-01-29
W001,82485-3NF-60,3.0,2,1,2025-07-31,2025-09-18
W001,67755-WX5-85,3.0,3,1,2022-06-13,2022-06-16
invalid,68118-XJ5-100,3.0,3,1,2022-07-22,2022-07-26
W001,67742-WX6-85,3.0,3,3,2022-06-15,2022-07-28
W001,67751-AV3-70,3.0,3,3,2022-05-23,2022-06-30
W001,66360-VJ3-150,3.0,3,3,2022-01-03,2022-01-07
invalid,62944-NJ1-120,3.0,3,1,2022-02-22,2022-02-22
invalid,64958-VP3-140,3.0,2,1,2022-01-02,2022-01-02
W001,82486-3AZ-110,3.0,3,2,2024-10-14,2025-11-21
W001,50282-VP5-S,3.0,3,3,2022-02-05,2022-07-22
W001,67535-C57-90,3.0,3,3,2022-05-23,2022-06-12
W001,67535-VX7-140,3.0,3,2,2022-06-13,2022-07-15
W001,67200-M23-120,3.0,3,3,2022-01-22,2022-02-22
W001,67711-WV7-70,3.0,3,2,2022-05-16,2022-05-25
invalid,68116-XJ5-100,3.0,3,1,2022-07-23,2022-07-28
W001,67751-WV1-85,3.0,3,1,2022-06-10,2022-06-15
W001,67751-WW6-75,3.0,3,3,2022-05-29,2022-06-24
invalid,83066-TN9-XL,3.0,2,1,2025-01-03,2025-01-03
invalid,66719-XC8-100,3.0,3,1,2022-07-15,2022-07-22
invalid,66719-XH8-100,3.0,3,1,2022-07-30,2022-07-30
invalid,62515-PW1-85,3.0,3,1,2022-01-16,2022-01-19
W001,66824-PG5-XL,3.0,3,1,2022-01-20,2022-01-21
invalid,66736-XC8-120,3.0,3,1,2022-07-23,2022-07-27
invalid,62515-76X-100,3.0,3,1,2022-01-18,2022-01-21
W001,67244-M23-75,3.0,3,2,2022-01-09,2022-01-27
W001,67244-SR4-85,3.0,3,2,2022-01-17,2022-02-02
W001,67154-VH5-120,3.0,3,2,2022-01-14,2022-01-18
W001,51042-78M-75,3.0,3,3,2022-05-13,2022-06-14
W001,51042-78M-90,3.0,3,3,2022-04-26,2022-06-06
W001,82486-3BH-120,3.0,3,1,2024-10-08,2025-12-16
W001,82486-3BH-90,3.0,3,2,2024-10-08,2026-02-12
W001,59852-VK1-150,3.0,3,3,2022-01-30,2022-02-02
W001,59852-VK2-100,3.0,3,3,2022-01-14,2022-01-31
W001,52631-FU8-L,3.0,3,1,2022-01-08,2022-01-11
W001,67197-M23-120,3.0,3,3,2022-01-30,2022-02-08
W001,67246-VK1-75,3.0,3,1,2022-01-12,2022-01-13
W001,67246-VM7-70,3.0,3,2,2022-01-07,2022-01-19
invalid,62423-015-130,3.0,3,2,2022-01-17,2022-02-14
invalid,62423-10F-120,3.0,3,2,2022-01-10,2022-02-28
W001,66073-GE1-80,3.0,3,1,2022-01-08,2022-01-14
W001,82486-3NE-70,3.0,1,1,2025-09-18,2025-09-18
W001,82486-3NE-75,3.0,2,1,2025-09-18,2025-11-21
W001,82486-3ND-100,3.0,3,1,2025-05-01,2026-01-29
W001,82486-3ND-110,3.0,3,1,2025-05-01,2026-01-29
W001,82486-3ND-120,3.0,3,1,2025-05-01,2026-01-29
W001,82486-3ND-85,3.0,3,1,2025-05-01,2026-01-29
W001,82486-3ND-90,3.0,3,1,2025-05-01,2026-01-29
W001,82486-3BC-130,3.0,2,2,2025-08-28,2026-02-18
W001,82486-3BH-100,3.0,3,2,2024-10-08,2026-02-12
W001,52631-Q84-L,3.0,3,3,2022-01-11,2022-01-21
W001,65797-SR4-OS,3.0,3,3,2022-02-17,2022-02-22
W001,65788-GK3-NB,3.0,3,3,2022-02-01,2022-02-19
W001,65788-SR4-1,3.0,3,3,2022-01-09,2022-02-22
invalid,66936-VK1-85,3.0,3,2,2022-01-24,2022-02-11
W001,66847-RS8-XS,3.0,3,2,2022-02-06,2022-02-12
W001,33218-16N-140,3.0,3,3,2022-01-21,2022-02-15
W001,33218-GN1-150,3.0,3,3,2022-01-22,2022-02-23
W001,33175-TD4-90,3.0,3,3,2022-02-13,2022-02-17
invalid,66952-UT9-80,3.0,3,1,2022-01-11,2022-01-13
W001,50769-001-L,3.0,3,3,2022-01-07,2022-01-08
W001,50769-001-XL,3.0,3,3,2022-01-08,2022-01-09
W001,67548-GF2-70,3.0,3,1,2022-07-28,2022-08-01
W001,59852-QX6-140,3.0,3,1,2022-01-26,2022-03-07
W001,59852-VK4-85,3.0,3,2,2022-02-12,2022-02-24
invalid,67593-NN0-110,3.0,3,2,2022-06-23,2022-07-22
W001,59852-VJ9-140,3.0,3,3,2022-01-11,2022-02-27
W001,66861-UZ7-120,3.0,3,2,2022-01-21,2022-01-31
invalid,66959-VD3-90,3.0,3,1,2022-01-20,2022-01-20
invalid,62027-VL8-70,3.0,3,1,2022-01-22,2022-01-23
invalid,62027-VL9-75,3.0,2,1,2022-01-03,2022-01-03
invalid,68095-XH4-100,3.0,3,1,2022-07-24,2022-07-27
W001,67767-WZ1-80,3.0,3,3,2022-06-21,2022-07-28
W001,67767-WZ1-90,3.0,3,3,2022-07-23,2022-07-27
W001,67770-V98-75,3.0,3,1,2022-06-04,2022-06-09
W001,65788-EF5-1,3.0,3,3,2022-02-11,2022-02-22
W001,82487-3BH-75,3.0,2,2,2025-02-06,2026-02-06
W001,82487-3BH-80,3.0,2,2,2025-02-06,2026-02-06
W001,82487-3BH-90,3.0,3,1,2025-12-16,2026-05-08
W001,82487-3BA-100,3.0,2,1,2025-06-25,2026-02-05
W001,82487-3BA-110,3.0,2,1,2025-06-25,2026-02-05
W001,82487-3BA-85,3.0,2,1,2025-06-25,2026-02-05
W001,82487-3BA-90,3.0,2,1,2025-06-25,2026-02-05
W001,82487-3BC-100,3.0,3,2,2024-10-14,2026-02-05
W001,59852-VK4-140,3.0,3,3,2022-01-27,2022-02-07
W001,51042-G31-75,3.0,3,3,2022-05-13,2022-06-10
invalid,66974-G44-120,3.0,3,1,2023-01-27,2023-01-27
W001,66863-UY7-150,3.0,3,2,2022-01-12,2022-01-16
invalid,66974-PW1-85,3.0,3,1,2022-01-28,2022-02-01
W001,82483-3AJ-100,3.0,2,1,2025-03-17,2025-06-19
W001,82487-3BC-85,3.0,3,2,2024-10-14,2026-02-05
W001,82487-3BC-90,3.0,3,2,2024-10-14,2026-02-05
invalid,61959-XA4-XL,3.0,3,1,2022-05-18,2022-05-24
invalid,61960-SX2-120,3.0,3,3,2022-01-13,2022-02-11
invalid,66985-VF4-XXL,3.0,3,1,2022-01-07,2022-01-13
invalid,66986-VF5-S,3.0,3,1,2022-02-17,2022-02-18
W001,65735-001-XL,3.0,3,3,2022-01-13,2022-02-27
W001,66920-VA7-90,3.0,3,3,2022-02-07,2022-02-18
W001,65738-990-L,3.0,3,2,2022-01-31,2022-02-18
W001,65743-B42-85,3.0,3,3,2022-01-12,2022-02-18
W001,67248-B42-80,3.0,3,3,2022-01-30,2022-02-23
invalid,82586-145-50,3.0,3,1,2025-01-27,2025-06-02
W001,33218-TT2-110,3.0,3,3,2022-02-15,2022-06-12
invalid,60784-VQ2-M,3.0,3,2,2022-02-07,2022-02-14
invalid,66994-Q84-M,3.0,3,2,2022-01-02,2022-07-23
W001,59852-VK3-90,3.0,3,3,2022-01-02,2022-02-09
W001,67157-82F-140,3.0,3,2,2022-01-08,2022-01-12
W001,82483-3MZ-130,3.0,3,1,2025-04-28,2026-05-14
invalid,66994-QY5-XL,3.0,3,1,2022-01-10,2022-01-12
W001,67194-M23-150,3.0,3,2,2022-01-19,2022-02-03
W001,52706-NP0-120,3.0,3,2,2022-01-07,2022-01-26
invalid,66994-VK1-XS,3.0,3,1,2022-01-22,2022-01-24
invalid,67010-056-90,3.0,3,1,2022-07-26,2022-07-28
invalid,67010-77M-120,3.0,3,1,2022-02-09,2022-02-11
invalid,67010-GF2-110,3.0,3,1,2022-02-11,2022-02-15
invalid,67010-SR4-130,3.0,3,2,2022-01-10,2022-01-26
invalid,60783-VQ6-XL,3.0,3,1,2022-02-27,2022-03-01
W001,66921-SR4-75,3.0,3,2,2022-02-03,2022-02-09
invalid,67011-PJ9-110,3.0,3,1,2022-01-25,2022-01-26
invalid,67012-AT2-130,3.0,3,1,2022-01-24,2022-01-24
invalid,67022-990-140,3.0,3,1,2022-02-16,2022-02-16
W001,66926-990-75,3.0,3,1,2022-01-13,2022-01-15
W001,82483-3BI-120,3.0,3,1,2025-02-12,2025-05-07
W001,82483-3BI-80,3.0,3,1,2025-02-12,2025-03-03
W001,67128-QR7-90,3.0,3,3,2022-01-18,2022-02-24
W001,59852-VK3-150,3.0,3,3,2022-01-03,2022-02-10
W001,59852-VK3-160,3.0,3,3,2022-01-03,2022-01-16
W001,67238-011-80,3.0,3,2,2022-01-13,2022-02-25
W001,67247-M23-70,3.0,3,2,2022-01-12,2022-01-26
invalid,67027-D16-120,3.0,3,2,2022-09-06,2022-11-26
invalid,60612-VW8-150,3.0,3,3,2022-05-19,2022-07-26
invalid,67036-B42-110,3.0,3,2,2022-01-03,2022-02-02
invalid,67038-GF2-110,3.0,3,1,2022-01-14,2022-01-17
invalid,67044-009-130,3.0,3,1,2022-01-21,2022-01-23
invalid,67044-06G-110,3.0,3,2,2023-12-02,2023-12-05
invalid,60611-XA3-150,3.0,3,2,2022-07-06,2022-07-19
W001,66929-BD4-85,3.0,3,3,2022-01-02,2022-02-20
W001,65635-A91-110,3.0,3,3,2022-01-13,2022-02-11
W001,50265-VJ7-L,3.0,3,3,2022-01-13,2022-02-19
W001,67213-015-120,3.0,3,3,2022-01-12,2022-02-28
W001,82488-3AE-XXS,3.0,2,2,2025-02-03,2025-09-27
W001,82488-3AJ-XS,3.0,3,1,2024-12-09,2026-06-06
W001,66936-RB7-50,3.0,3,3,2022-01-20,2022-02-06
invalid,67048-GK3-110,3.0,3,2,2022-01-19,2022-01-24
W001,66935-JB3-50,3.0,3,2,2022-01-06,2022-02-27
invalid,60611-NB1-110,3.0,3,2,2022-01-14,2022-02-16
invalid,60611-NB1-160,3.0,3,1,2022-01-07,2022-01-10
invalid,60611-TX4-150,3.0,3,1,2022-01-03,2022-01-03
W001,67250-75M-80,3.0,3,1,2022-03-15,2022-03-19
W001,67251-S74-L,3.0,3,2,2022-01-15,2022-01-20
W001,67255-75Z-L,3.0,3,2,2022-01-19,2022-02-08
invalid,82485-3AZ-80,3.0,2,1,2024-12-10,2025-05-07
W001,66936-TN9-70,3.0,3,3,2022-01-14,2022-02-25
W001,52706-FX9-90,3.0,3,2,2022-01-07,2024-10-08
W001,82489-3AJ-NB,3.0,2,1,2024-12-09,2025-02-03
W001,67126-QR7-XL,3.0,3,2,2022-01-18,2022-02-24
W001,67127-QR7-M,3.0,3,2,2022-02-12,2022-02-20
W001,67128-NG1-90,3.0,3,2,2022-01-11,2022-02-23
W001,67128-QR7-100,3.0,3,2,2022-02-17,2022-02-24
W001,67128-QR7-110,3.0,3,2,2022-01-12,2022-02-02
W001,67128-QR7-120,3.0,3,3,2022-02-17,2022-02-24
W001,67130-TS1-L,3.0,3,3,2022-01-15,2022-01-17
W001,67130-TS1-M,3.0,3,2,2022-02-12,2022-03-04
W001,67194-GF2-100,3.0,3,2,2022-01-12,2022-01-15
W001,67194-GF2-110,3.0,3,2,2022-01-20,2022-02-03
W001,67194-M23-100,3.0,3,3,2022-01-13,2022-02-01
W001,67194-M23-120,3.0,3,2,2022-01-12,2022-01-24
W001,65633-015-85,3.0,3,1,2022-03-25,2022-03-29
invalid,67086-VH4-120,3.0,3,1,2022-01-20,2022-01-23
invalid,67087-76X-130,3.0,3,2,2022-01-21,2022-02-09
W001,67255-Q84-S,3.0,3,3,2022-01-19,2022-02-20
W001,67255-Q84-XXL,3.0,3,2,2022-01-03,2022-01-13
W001,67255-QX6-XL,3.0,3,2,2022-01-10,2022-01-20
W001,67210-GF2-90,3.0,3,2,2022-01-17,2022-02-14
W001,67210-SR4-110,3.0,3,1,2022-02-03,2022-02-09
W001,67210-SR4-120,3.0,3,1,2022-01-17,2022-01-18
W001,51042-NV2-75,3.0,3,1,2022-06-01,2022-06-02
W001,82489-3AG-NB,3.0,2,1,2024-10-08,2024-12-09
W001,52605-75Z-1Y,3.0,3,2,2022-01-22,2022-01-23
W001,52605-75Z-2,3.0,3,1,2022-02-11,2022-03-04
W001,67791-WV1-70,3.0,3,3,2022-05-17,2022-06-07
W001,67255-QX6-XXL,3.0,3,2,2022-01-11,2022-01-30
W001,67255-TN9-M,3.0,3,2,2022-01-09,2022-01-11
W001,66939-VM7-75,3.0,3,2,2022-01-08,2022-01-22
invalid,67088-VB8-130,3.0,3,1,2022-01-20,2022-01-23
invalid,67088-VH4-110,3.0,3,3,2022-01-05,2022-01-30
invalid,67088-VH4-130,3.0,3,3,2022-01-10,2022-01-25
W001,66939-VN1-70,3.0,3,3,2022-01-16,2022-01-24
W001,66939-VN1-90,3.0,3,2,2022-01-18,2022-01-22
W001,66940-B42-80,3.0,3,3,2022-01-19,2022-01-26
W001,67260-VN4-XL,3.0,3,2,2022-01-11,2022-01-16
W001,67123-PT0-S,3.0,3,1,2022-01-21,2022-01-31
W001,67124-QR7-XS,3.0,3,3,2022-01-10,2022-02-10
W001,82489-3MX-60,3.0,2,1,2025-09-27,2026-02-28
W001,67513-WT8-M,3.0,3,2,2022-07-24,2022-07-25
W001,82483-3AC-130,3.0,3,1,2024-10-14,2026-02-05
W001,82482-3NC-120,3.0,2,1,2025-09-25,2026-01-30
W001,36086-A91-100,3.0,3,3,2022-01-12,2022-01-24
invalid,82481-3AK-70,3.0,2,1,2025-02-03,2025-06-02
invalid,82482-3AG-120,3.0,3,1,2024-10-08,2024-12-09
invalid,82482-3AH-110,3.0,3,1,2024-10-08,2024-10-14
W001,66940-VA5-50,3.0,3,3,2022-01-17,2022-02-18
W001,66940-VA7-85,3.0,3,2,2022-01-16,2022-01-17
invalid,60600-VU6-120,3.0,3,1,2022-07-16,2022-07-17
W001,50265-VK1-L,3.0,3,3,2022-01-12,2022-02-25
invalid,80129-M23-90,3.0,3,1,2022-12-15,2022-12-17
W001,67557-VS9-90,3.0,3,2,2022-06-07,2022-06-26
W001,51057-011-90,3.0,3,3,2022-02-20,2022-02-23
W001,50265-VK5-S,3.0,2,2,2022-01-18,2022-01-20
W001,82489-3NC-50,3.0,2,1,2025-09-23,2026-02-28
W001,52718-Q84-90,3.0,3,3,2022-01-13,2022-02-15
W001,52733-76X-2/4,3.0,3,1,2025-01-16,2025-01-22
W001,67711-WV4-85,3.0,3,2,2022-06-25,2022-06-28
W001,65607-SR4-80,3.0,3,2,2022-01-24,2022-02-19
W001,66945-VF5-85,3.0,3,3,2022-01-06,2022-02-13
W001,66947-RB7-70,3.0,3,2,2022-01-13,2022-01-16
invalid,67113-VN5-100,3.0,3,1,2022-02-01,2022-02-06
invalid,67114-VN3-M,3.0,3,1,2022-01-10,2022-01-11
W001,66947-SY2-90,3.0,3,2,2022-01-19,2022-01-31
W001,66947-UT3-75,3.0,3,2,2022-02-13,2022-03-21
invalid,67119-PT0-M,3.0,3,1,2022-01-11,2022-01-12
W001,67263-VN4-S,3.0,3,3,2022-01-10,2022-01-11
invalid,68045-015-100,3.0,3,1,2022-07-18,2022-07-20
W001,82482-3MZ-80,3.0,3,2,2025-07-31,2025-12-28
W001,82482-3N3-75,3.0,3,1,2025-07-31,2025-11-21
W001,82482-3BI-120,3.0,3,1,2024-10-14,2026-02-18
W001,59852-VK5-140,3.0,3,2,2022-01-15,2022-01-31
W001,50265-VJ9-S,3.0,3,1,2022-01-13,2022-01-15
W001,67798-VX9-85,3.0,3,1,2022-07-08,2022-07-08
W001,67842-C20-120,3.0,3,2,2022-05-27,2022-07-03
W001,67255-TN9-XS,3.0,3,2,2022-01-19,2022-02-05
W001,67256-FX7-M,3.0,3,1,2022-01-25,2022-01-28
W001,67257-PT0-XS,3.0,3,2,2022-01-12,2022-05-28
W001,66949-JG8-60,3.0,3,3,2022-01-17,2022-01-28
W001,51057-VX9-140,3.0,3,1,2022-07-23,2022-07-31
invalid,80123-XV6-70,3.0,3,1,2022-11-27,2022-11-28
W001,82490-3MX-75,3.0,2,2,2025-08-23,2026-05-21
W001,82490-3MX-80,3.0,2,1,2025-08-23,2026-05-21
W001,82490-3AG-60,3.0,2,1,2024-12-10,2025-08-23
W001,82490-3AG-70,3.0,2,1,2024-12-10,2025-08-23
W001,82490-3AG-75,3.0,2,1,2024-12-10,2025-08-23
W001,82490-3AG-85,3.0,2,1,2024-12-10,2025-08-23
W001,66950-EF5-70,3.0,3,2,2022-01-07,2022-01-31
W001,65607-011-70,3.0,3,2,2022-01-21,2022-01-31
W001,65607-B42-60,3.0,3,3,2022-01-27,2022-01-31
W001,53216-011-120,3.0,3,3,2022-02-21,2022-02-25
W001,53216-011-130,3.0,3,3,2022-01-12,2022-02-21
W001,67845-Y70-110,3.0,3,2,2022-06-27,2022-07-23
W001,67848-NV2-100,3.0,3,2,2022-06-06,2022-07-02
W001,67192-M23-140,3.0,3,2,2022-02-16,2022-02-20
invalid,68037-XF3-120,3.0,3,2,2022-11-09,2023-01-31
invalid,80207-XU5-S,3.0,3,1,2023-01-15,2023-01-16
W001,82490-3MZ-85,3.0,3,1,2025-05-01,2025-08-23
W001,82490-3N3-60,3.0,3,1,2025-07-11,2025-12-16
W001,51057-PV5-140,3.0,3,1,2022-01-18,2022-01-19
W001,66947-VA5-75,3.0,3,1,2022-01-15,2022-01-16
invalid,67129-TS1-XXL,3.0,3,2,2022-01-23,2022-01-31
invalid,67134-TR8-XS,3.0,3,1,2022-01-28,2022-02-21
invalid,67135-TR8-M,3.0,3,2,2022-01-17,2022-02-05
invalid,67135-TR8-XXL,3.0,3,1,2022-01-03,2022-01-03
invalid,60395-76X-130,3.0,3,1,2022-01-10,2022-01-12
invalid,67138-AT2-90,3.0,3,1,2022-01-24,2022-01-26
W001,66950-VB3-90,3.0,3,3,2022-01-11,2022-01-15
W001,66952-SY2-70,3.0,3,3,2022-01-18,2022-01-24
W001,66952-SY2-85,3.0,3,3,2022-01-26,2022-02-17
W001,82492-3AZ-S,3.0,2,1,2024-12-10,2025-05-28
W001,82492-3BA-L,3.0,2,1,2024-12-10,2025-08-14
W001,82490-3MZ-50,3.0,2,1,2025-04-25,2025-08-23
invalid,80128-76X-120,3.0,3,2,2023-01-16,2023-01-27
W001,66952-UT9-90,3.0,3,3,2022-01-11,2022-02-08
W001,66952-VB2-70,3.0,3,2,2022-01-17,2022-01-20
W001,65606-EF5-70,3.0,3,3,2022-01-16,2022-02-02
W001,65606-EF5-80,3.0,3,2,2022-01-24,2022-02-06
W001,65606-SR4-80,3.0,3,3,2022-02-02,2022-02-02
invalid,67171-990-90,3.0,2,2,2022-01-19,2022-02-01
W001,67272-SR4-100,3.0,3,2,2022-02-03,2022-02-23
W001,67272-SR4-110,3.0,3,2,2022-01-26,2022-02-20
W001,67273-VP5-120,3.0,3,2,2022-02-14,2022-02-23
invalid,68032-GF2-130,3.0,3,1,2022-12-29,2023-01-06
W001,67192-VM1-85,3.0,3,3,2022-01-13,2022-03-16
W001,67192-VM1-90,3.0,3,2,2022-01-18,2022-01-21
W001,36086-C57-100,3.0,3,3,2022-01-27,2022-02-24
W001,36086-011-110,3.0,3,3,2022-01-20,2022-02-14
W001,66954-011-90,3.0,3,1,2022-02-11,2022-02-13
W001,66954-SR4-75,3.0,3,3,2022-01-14,2022-02-22
W001,67209-015-90,3.0,3,2,2022-01-12,2022-01-16
W001,67209-76X-130,3.0,3,1,2022-01-17,2022-01-19
W001,67209-76X-150,3.0,3,3,2022-01-03,2022-02-15
W001,50265-TN9-M,3.0,3,3,2022-01-07,2022-01-19
W001,67119-PT0-XS,3.0,3,1,2022-01-26,2022-01-30
W001,67121-PT0-XS,3.0,3,2,2022-01-12,2022-01-16
W001,66955-990-100,3.0,3,2,2022-02-07,2022-02-11
W001,65606-011-60,3.0,3,3,2022-01-28,2022-02-23
W001,65606-011-80,3.0,3,3,2022-01-30,2022-02-02
invalid,67176-M23-140,3.0,3,1,2022-01-15,2022-01-17
W001,66953-EF5-85,3.0,3,3,2022-01-06,2022-02-11
W001,66957-011-130,3.0,3,3,2022-01-17,2022-02-24
invalid,67180-CM4-130,3.0,3,2,2022-01-16,2022-01-17
invalid,67182-76X-120,3.0,3,2,2022-01-03,2022-01-17
invalid,67182-GF2-85,3.0,3,1,2022-01-25,2022-01-31
W001,36086-B42-100,3.0,3,2,2022-02-08,2022-02-23
W001,36086-B42-90,3.0,3,2,2022-01-13,2022-02-22
W001,67213-J81-85,3.0,3,1,2022-02-13,2022-02-20
W001,50265-Q84-XL,3.0,3,3,2022-01-14,2022-01-29
W001,82560-3B3-85,3.0,2,1,2025-03-28,2025-09-30
W001,59852-VL9-85,3.0,3,2,2022-02-01,2022-02-10
W001,67213-SR4-140,3.0,3,2,2022-01-21,2022-02-22
W001,67213-SR4-85,3.0,3,2,2022-01-25,2022-02-21
W001,67201-GF2-140,3.0,3,3,2022-01-19,2022-02-16
W001,67201-GF2-85,3.0,3,3,2022-01-13,2022-02-21
W001,67201-M23-100,3.0,3,1,2022-01-27,2022-01-30
W001,52408-Q84-90,3.0,3,3,2022-01-25,2022-02-14
W001,67848-V98-150,3.0,3,3,2022-05-20,2022-07-01
W001,67848-VX9-150,3.0,3,2,2022-05-15,2022-05-21
W001,67275-SR4-110,3.0,3,2,2022-02-15,2022-02-20
W001,82561-3B3-85,3.0,3,1,2025-03-03,2025-05-12
W001,82560-3BG-85,3.0,2,1,2025-03-28,2025-10-01
W001,82492-3BH-M,3.0,3,1,2025-08-14,2026-02-12
W001,82560-3AT-85,3.0,3,1,2025-09-26,2025-11-25
W001,67490-WU6-110,3.0,3,2,2022-07-23,2022-08-02
W001,67490-WV1-120,3.0,3,1,2022-07-25,2022-07-29
W001,67275-SR4-90,3.0,3,1,2022-02-22,2022-03-02
W001,67233-VN1-50,3.0,3,1,2022-01-26,2022-04-06
W001,67233-VN1-75,3.0,3,1,2022-01-26,2022-01-28
invalid,67182-M23-90,3.0,3,2,2022-01-31,2022-02-13
invalid,67183-76X-130,3.0,3,1,2022-01-24,2022-03-27
W001,65605-UT3-NB,3.0,3,3,2022-01-17,2022-02-17
W001,65605-UT9-70,3.0,3,2,2022-01-11,2022-01-14
W001,65605-UT9-80,3.0,3,1,2022-01-12,2022-01-15
W001,65605-VB6-75,3.0,3,3,2022-01-14,2022-02-12
invalid,60284-A91-120,3.0,3,3,2022-01-03,2022-02-23
W001,51057-M23-85,3.0,3,3,2022-01-19,2022-02-19
W001,67158-76X-100,3.0,3,3,2022-01-24,2022-02-23
W001,67158-76X-140,3.0,3,3,2022-02-20,2022-02-23
W001,67214-SR4-110,3.0,3,2,2022-01-24,2022-02-06
W001,67214-SR4-120,3.0,3,2,2022-01-13,2022-02-17
W001,59852-VL9-150,3.0,3,3,2022-01-12,2022-02-13
W001,82561-3B3-100,3.0,3,1,2025-03-03,2025-05-12
invalid,60008-VJ8-70,3.0,3,1,2022-01-03,2022-01-09
invalid,67189-M23-140,3.0,3,2,2022-01-30,2022-02-09
invalid,67189-VH3-150,3.0,3,1,2022-01-25,2022-01-26
W001,66958-EV5-100,3.0,3,2,2022-01-07,2022-01-16
W001,66959-FJ0-110,3.0,3,2,2022-02-02,2022-02-13
W001,65605-SY2-80,3.0,3,2,2022-01-11,2022-01-16
W001,66959-VD3-90,3.0,3,3,2022-01-23,2022-02-23
W001,66959-VG2-110,3.0,3,3,2022-01-27,2022-02-12
W001,66959-VG2-120,3.0,3,2,2022-01-09,2022-01-25
W001,67158-75M-110,3.0,3,2,2022-01-25,2022-02-20
W001,82561-3BG-100,3.0,3,1,2025-03-03,2026-05-14
invalid,67566-RV5-130,3.0,3,1,2022-06-14,2022-06-16
W001,67490-VV2-120,3.0,3,2,2022-06-26,2022-07-29
W001,66960-QR5-150,3.0,3,1,2022-01-11,2022-01-12
W001,66960-VD0-100,3.0,3,2,2022-01-13,2022-02-19
W001,65605-UT3-75,3.0,3,3,2022-02-01,2022-02-22
W001,66962-PJ9-140,3.0,3,3,2022-01-07,2022-02-10
W001,66963-015-110,3.0,3,2,2022-02-08,2022-02-25
W001,54062-NB1-140,3.0,3,2,2022-01-22,2022-02-13
W001,67852-WU4-110,3.0,3,2,2022-06-19,2022-07-01
W001,67852-WU4-120,3.0,3,3,2022-06-20,2022-06-23
W001,67853-WW6-100,3.0,3,2,2022-05-13,2022-06-30
W001,67848-V98-110,3.0,3,2,2022-05-16,2022-05-26
W001,67201-GF2-120,3.0,3,2,2022-01-20,2022-02-11
invalid,67197-AN8-130,3.0,3,1,2022-01-22,2022-01-24
invalid,67197-M23-120,3.0,3,1,2022-01-18,2022-01-20
W001,50265-S74-S,3.0,3,2,2022-01-07,2022-01-14
W001,82562-3BE-90,3.0,2,1,2024-10-03,2026-03-13
W001,82562-3BE-100,3.0,2,1,2024-10-03,2026-03-13
W001,82562-3BE-110,3.0,2,1,2024-10-03,2026-03-13
W001,82562-3BE-120,3.0,2,1,2024-10-03,2026-03-13
W001,82562-3BE-130,3.0,2,1,2024-10-03,2026-03-13
W001,59852-VP1-110,3.0,3,3,2022-01-20,2022-02-20
W001,82481-3MY-50,3.0,3,1,2025-05-01,2026-02-13
invalid,67201-M23-120,3.0,3,3,2022-02-01,2022-02-17
invalid,67201-M23-130,3.0,3,2,2022-02-15,2022-02-23
invalid,59852-VM2-150,3.0,3,1,2022-01-19,2022-01-20
W001,66963-015-90,3.0,3,1,2022-01-02,2022-01-05
invalid,59852-VK4-150,3.0,3,1,2022-01-27,2022-01-27
invalid,59852-VM2-110,3.0,3,1,2022-01-20,2022-01-21
invalid,59852-VM2-130,3.0,3,2,2022-01-10,2022-02-08
W001,65602-VM8-75,3.0,3,2,2022-02-03,2022-02-18
W001,65602-VM9-70,3.0,3,3,2022-01-19,2022-02-17
W001,67853-WW6-90,3.0,3,3,2022-06-09,2022-06-24
invalid,80103-TN9-M,3.0,3,1,2022-12-16,2022-12-16
W001,82481-3AQ-70,3.0,3,1,2025-02-03,2026-04-08
W001,82481-3AQ-75,3.0,3,1,2025-02-03,2026-04-08
W001,82481-3AQ-80,3.0,3,1,2025-02-03,2026-04-08
W001,82481-3AQ-85,3.0,3,1,2025-02-04,2026-04-08
W001,82481-3AQ-90,3.0,3,1,2025-02-04,2026-04-08
W001,67208-GF2-140,3.0,3,2,2022-01-12,2022-02-07
W001,67208-GF2-150,3.0,3,3,2022-01-12,2022-02-13
W001,67853-WX2-120,3.0,3,3,2022-05-23,2022-07-01
invalid,68027-190-85,3.0,3,1,2023-01-25,2023-01-27
invalid,67217-V98-140,3.0,3,2,2022-01-22,2022-02-16
W001,65602-UU3-75,3.0,3,3,2022-01-10,2022-01-27
invalid,59852-VK1-85,3.0,3,2,2022-01-09,2022-01-17
W001,66971-FJ0-90,3.0,3,3,2022-01-13,2022-02-14
W001,66971-QT3-140,3.0,3,2,2022-01-16,2022-02-22
W001,48879-FX7-L,3.0,3,1,2022-02-07,2022-02-28
W001,48879-FX7-XS,3.0,3,1,2022-03-10,2022-03-27
W001,82562-3BK-75,3.0,3,1,2025-10-01,2025-11-25
W001,67214-SR4-150,3.0,3,1,2022-01-12,2022-01-13
W001,67216-JB3-100,3.0,3,3,2022-02-16,2022-06-06
W001,67216-JB3-110,3.0,3,2,2022-02-21,2022-06-20
W001,66971-VD4-110,3.0,3,3,2022-02-14,2022-02-16
W001,66971-VD4-120,3.0,3,2,2022-01-11,2022-01-25
W001,66971-VG1-120,3.0,3,2,2022-02-01,2022-02-06
W001,65602-UU3-85,3.0,3,2,2022-01-20,2022-02-11
W001,65602-UV5-80,3.0,3,1,2022-07-22,2022-07-26
W001,65602-VM7-75,3.0,3,3,2022-01-07,2022-02-25
invalid,68022-76X-110,3.0,2,1,2022-11-27,2022-11-28
W001,67854-G31-130,3.0,3,2,2022-06-10,2022-07-25
W001,67484-DY2-130,3.0,3,1,2022-06-30,2022-07-02
W001,67208-SR4-90,3.0,3,3,2022-01-02,2022-01-20
W001,82585-3AZ-85,3.0,3,1,2025-12-28,2026-05-14
W001,67854-NV2-130,3.0,3,3,2022-06-09,2022-07-19
W001,54899-RY2-S,3.0,3,3,2022-01-19,2022-02-23
W001,36086-A91-90,3.0,3,2,2022-01-12,2022-01-22
W001,66973-76X-130,3.0,3,3,2022-02-01,2022-02-22
W001,66973-76X-85,3.0,3,2,2022-01-20,2022-01-21
W001,66973-77M-90,3.0,3,3,2022-01-14,2022-02-02
invalid,67219-77M-120,3.0,3,1,2022-01-25,2022-01-26
invalid,67220-613-140,3.0,3,1,2024-02-01,2024-02-03
invalid,59852-QY4-120,3.0,3,2,2022-01-02,2022-02-10
invalid,68021-GF2-90,3.0,3,2,2022-12-26,2023-01-31
W001,65593-ST6-90,3.0,3,3,2022-01-31,2022-02-23
W001,66974-PW1-120,3.0,3,3,2022-01-14,2022-01-25
W001,82479-3NA-75,3.0,2,1,2025-04-25,2026-06-10
W001,51194-011-100,3.0,3,2,2022-01-18,2022-02-18
W001,59956-A91-110,3.0,3,1,2022-01-19,2022-01-20
W001,59957-BX0-130,3.0,3,1,2022-01-14,2022-01-16
W001,82585-3AZ-90,3.0,2,1,2025-12-28,2026-01-23
W001,67113-VN3-85,3.0,3,1,2022-01-12,2022-01-13
invalid,80356-G44-50,3.0,3,1,2023-02-20,2023-03-06
W001,67483-BD4-150,3.0,3,1,2022-04-28,2022-04-29
W001,67483-BD4-85,3.0,3,1,2022-03-31,2022-04-01
W001,67484-DY2-110,3.0,3,3,2022-06-09,2022-06-30
W001,65602-SY2-75,3.0,3,1,2022-01-18,2022-01-20
invalid,67232-M23-90,3.0,3,1,2022-01-24,2022-01-26
W001,66975-EF5-120,3.0,3,3,2022-01-27,2022-03-19
invalid,59845-VK5-XL,3.0,2,1,2022-02-03,2022-02-07
invalid,67235-M23-70,3.0,2,1,2022-01-22,2022-01-23
W001,65593-M23-85,3.0,3,3,2022-01-23,2022-02-09
W001,82479-3AP-70,3.0,2,2,2024-10-08,2025-08-14
W001,82479-3AP-75,3.0,2,1,2024-10-08,2025-08-14
W001,82479-3AP-NB,3.0,2,1,2024-10-08,2025-08-14
invalid,80412-365-110,3.0,3,1,2023-07-18,2023-07-21
W001,67192-76X-85,3.0,3,1,2022-01-03,2022-01-10
invalid,68014-XF3-130,3.0,3,2,2022-07-22,2022-10-27
invalid,68014-XH8-90,3.0,3,2,2022-12-27,2023-02-18
W001,67855-V98-150,3.0,3,2,2022-06-10,2022-06-23
W001,67855-VZ1-100,3.0,3,1,2022-07-04,2022-07-04
invalid,59845-VJ9-L,3.0,3,1,2022-12-13,2022-12-14
W001,65593-PV4-80,3.0,3,2,2022-01-19,2022-01-22
invalid,81853-21P-60,3.0,3,1,2024-07-29,2024-08-06
W001,36086-M23-80,3.0,3,3,2022-05-27,2022-06-28
W001,67277-VP4-120,3.0,3,3,2022-02-22,2022-02-25
W001,67278-NZ5-130,3.0,3,3,2022-02-15,2022-02-26
W001,67278-VQ2-110,3.0,3,2,2022-02-02,2022-02-11
W001,67233-VN1-80,3.0,2,2,2022-01-20,2022-02-02
W001,65593-ST6-85,3.0,3,3,2022-01-12,2022-02-17
invalid,67242-VL8-90,3.0,3,2,2022-01-10,2022-02-11
W001,82585-3ND-85,3.0,3,1,2025-08-01,2025-10-01
W001,82585-3NE-80,3.0,3,1,2025-08-01,2026-03-12
W001,60008-VJ6-75,3.0,3,2,2022-01-13,2022-02-17
W001,48080-HI2-85,3.0,3,1,2022-04-10,2022-04-12
W001,47929-GN1-M,3.0,3,2,2022-01-11,2022-02-25
W001,67581-PG3-85,3.0,3,1,2022-07-03,2022-07-14
W001,67200-M23-150,3.0,3,3,2022-01-08,2022-01-24
W001,52399-A91-M,3.0,3,2,2022-01-12,2022-02-10
W001,52399-A91-XL,3.0,3,3,2022-01-17,2022-01-25
W001,67858-WW6-100,3.0,3,2,2022-06-13,2022-06-17
W001,67858-WW6-130,3.0,3,2,2022-06-23,2022-07-03
W001,66982-24D-120,3.0,3,2,2022-01-23,2022-02-02
invalid,59827-B42-120,3.0,3,2,2022-01-17,2022-01-21
W001,67158-JB3-140,3.0,3,3,2022-01-17,2022-02-19
W001,67594-AT3-110,3.0,3,3,2022-05-19,2022-06-29
W001,47681-VQ2-100,3.0,3,2,2022-02-11,2022-02-14
W001,82585-3NF-75,3.0,3,1,2025-08-23,2026-06-10
invalid,59818-HI7-110,3.0,3,1,2022-02-11,2022-02-13
invalid,59818-015-100,3.0,3,1,2022-01-03,2022-01-03
W001,67192-M23-100,3.0,3,1,2022-01-27,2022-01-28
W001,67858-WX3-100,3.0,3,1,2022-06-17,2022-06-17
W001,67858-WV1-140,3.0,3,3,2022-04-25,2022-06-30
W001,67858-WV1-150,3.0,3,2,2022-06-10,2022-06-30
invalid,59729-76X-80,3.0,3,2,2022-01-09,2023-01-27
invalid,59781-GF2-100,3.0,3,3,2023-01-06,2023-01-23
invalid,58663-QH4-L,3.0,2,1,2022-01-30,2022-01-30
invalid,58665-NL3-S,3.0,3,1,2022-01-26,2022-01-28
W001,54909-A79-85,3.0,3,1,2022-03-24,2022-03-29
W001,67861-WW6-120,3.0,3,3,2022-06-07,2022-06-30
W001,67861-WX2-100,3.0,3,3,2022-06-06,2022-06-25
W001,67207-SR4-90,3.0,3,3,2022-01-31,2022-02-11
W001,51194-A91-100,3.0,3,3,2022-02-17,2022-02-23
W001,67159-75M-150,3.0,3,3,2022-01-23,2022-02-19
W001,47629-HE1-XL,3.0,3,3,2022-01-12,2022-01-12
W001,67217-75Z-85,3.0,3,2,2022-02-16,2022-02-26
W001,67281-VP4-90,3.0,3,3,2022-02-10,2022-04-16
invalid,81562-766-XS,3.0,3,1,2024-03-04,2024-03-07
W001,66985-VF5-S,3.0,3,3,2022-01-02,2022-02-22
W001,66986-VF5-XL,3.0,3,2,2022-02-02,2022-02-21
invalid,68010-XH5-110,3.0,3,2,2022-09-04,2023-02-02
W001,55461-VC9-130,3.0,3,2,2022-02-10,2022-02-11
W001,55461-VC9-140,3.0,3,2,2022-01-07,2022-01-29
W001,67189-VH3-120,3.0,3,2,2022-02-01,2022-02-19
W001,67189-VH3-140,3.0,3,3,2022-01-28,2022-02-16
W001,67189-VH3-150,3.0,3,2,2022-01-20,2022-01-31
W001,67191-M23-130,3.0,3,3,2022-01-02,2022-02-26
W001,67112-VN3-S,3.0,3,2,2022-01-06,2022-03-23
W001,67472-WZ4-110,3.0,3,2,2022-05-09,2022-06-23
W001,36754-A91-120,3.0,3,2,2022-01-16,2022-01-19
W001,67281-VR7-100,3.0,3,2,2022-02-26,2022-06-18
W001,67281-VR7-140,3.0,3,3,2022-01-27,2022-06-09
W001,67280-VQ2-110,3.0,3,3,2022-02-19,2022-02-26
invalid,67264-VN3-L,3.0,3,2,2022-01-04,2022-01-18
invalid,68009-VH3-110,3.0,3,1,2022-07-15,2022-07-26
invalid,68009-VH3-85,3.0,3,2,2022-07-18,2022-12-16
invalid,68010-921-110,3.0,3,2,2023-10-12,2024-02-03
W001,67861-WX4-110,3.0,3,2,2022-05-13,2022-06-21
W001,67861-WX4-130,3.0,3,2,2022-06-09,2022-06-16
W001,66994-NB1-XL,3.0,3,3,2022-01-14,2022-02-17
W001,67290-NZ5-60,3.0,3,3,2022-02-07,2022-02-14
W001,82478-3AL-90,3.0,2,1,2025-03-28,2025-08-14
W001,82478-3AQ-85,3.0,2,1,2025-09-30,2026-05-28
W001,59845-VJ7-XXL,3.0,2,1,2022-05-25,2022-07-03
W001,59845-VJ8-L,3.0,3,2,2022-01-17,2022-03-21
W001,67208-B42-110,3.0,3,1,2022-01-07,2022-01-11
W001,60008-VK1-75,3.0,3,3,2022-01-15,2022-02-22
W001,67108-VN3-L,3.0,3,2,2022-02-23,2022-02-27
W001,65580-ST6-70,3.0,3,2,2022-01-14,2022-01-27
invalid,57826-EH3-120,3.0,3,1,2022-01-10,2022-01-11
invalid,57827-EF4-100,3.0,3,1,2022-01-18,2022-01-19
invalid,57870-XQ7-M,3.0,3,1,2022-11-03,2022-11-10
invalid,57822-JD1-140,3.0,3,1,2022-01-25,2022-01-31
invalid,57826-A91-85,3.0,3,2,2022-01-23,2022-07-26
W001,66994-Q84-M,3.0,3,3,2022-02-15,2022-02-22
invalid,57746-UT6-130,3.0,3,1,2022-01-23,2022-01-24
W001,67290-NZ5-75,3.0,3,3,2022-02-14,2022-02-27
invalid,80044-CK7-90,3.0,3,1,2023-01-25,2023-01-27
W001,67159-76X-140,3.0,3,3,2022-02-20,2022-06-30
W001,60284-76X-110,3.0,3,2,2022-02-12,2022-02-19
W001,67159-JB3-85,3.0,3,2,2022-02-03,2022-02-22
W001,67292-VP5-75,3.0,3,3,2022-01-23,2022-02-24
W001,67292-VQ2-70,3.0,3,2,2022-02-21,2022-02-28
W001,67293-NZ5-50,3.0,3,1,2022-02-25,2022-02-27
W001,39537-53H-M,3.0,3,3,2022-02-07,2022-02-17
W001,66994-VJ5-S,3.0,3,3,2022-01-18,2022-02-25
W001,52408-Q84-100,3.0,3,3,2022-01-18,2022-02-17
W001,67189-A79-110,3.0,3,2,2022-02-07,2022-02-10
W001,67189-M23-110,3.0,3,2,2022-01-21,2022-01-24
W001,66994-VK1-M,3.0,3,3,2022-02-06,2022-02-14
W001,65290-PV5-150,3.0,3,3,2022-01-16,2022-02-11
W001,65291-B42-100,3.0,3,3,2022-01-10,2022-01-28
W001,66995-NB1-S,3.0,3,3,2022-01-13,2022-02-24
W001,67865-PH7-150,3.0,3,3,2022-06-08,2022-06-26
W001,47681-VP5-130,3.0,3,3,2022-02-10,2022-02-22
invalid,80452-903-90,3.0,3,1,2023-10-04,2023-10-05
W001,47433-VG3-130,3.0,3,3,2022-01-27,2022-02-23
W001,82788-39H-90,3.0,3,1,2025-01-15,2025-01-15
W001,60008-VK5-85,3.0,3,1,2022-02-02,2022-02-02
W001,67208-B42-85,3.0,3,2,2022-01-14,2022-01-18
W001,67865-WU6-100,3.0,3,2,2022-05-26,2022-06-28
W001,67865-WU6-120,3.0,3,2,2022-06-04,2022-07-04
W001,52399-M23-M,3.0,3,1,2022-01-15,2022-01-17
W001,65290-M23-90,3.0,3,2,2022-01-20,2022-01-23
invalid,68005-A21-90,3.0,3,2,2022-12-18,2023-01-22
W001,67865-WX2-140,3.0,3,3,2022-05-12,2022-06-08
W001,67865-WX2-150,3.0,3,2,2022-06-10,2022-06-28
W001,67866-M91-110,3.0,3,2,2022-05-12,2022-07-01
W001,57388-RC0-M,3.0,3,3,2022-01-23,2022-02-08
W001,57538-GD7-70,3.0,3,1,2022-03-13,2022-03-14
W001,65290-PV5-140,3.0,3,3,2022-01-16,2022-02-24
W001,65290-B42-140,3.0,3,3,2022-01-11,2022-02-11
W001,67159-HI2-90,3.0,3,1,2022-02-01,2022-02-07
W001,82477-3MY-110,3.0,3,1,2025-05-01,2025-05-01
W001,82974-3LK-150,3.0,3,1,2025-04-16,2025-04-19
W001,47681-2XQ-120,3.0,3,1,2025-01-16,2025-01-16
W001,66997-SR4-100,3.0,3,2,2022-01-16,2022-02-02
W001,66997-SR4-110,3.0,3,3,2022-01-12,2022-02-19
W001,66998-SZ5-150,3.0,3,2,2022-01-22,2022-02-22
W001,66998-VF3-120,3.0,3,2,2022-01-25,2022-02-07
W001,65290-GK3-110,3.0,3,3,2022-01-13,2022-01-31
W001,67188-GF2-130,3.0,3,2,2022-01-20,2022-01-22
W001,67188-M23-110,3.0,3,2,2022-01-17,2022-01-19
W001,67867-WU4-150,3.0,3,2,2022-06-06,2022-06-09
W001,67010-PV4-100,3.0,3,3,2022-01-13,2022-01-13
invalid,80456-JB4-90,3.0,3,1,2023-06-21,2023-06-22
W001,67217-VJ7-130,3.0,3,3,2022-01-21,2022-02-20
W001,65290-011-130,3.0,3,3,2022-01-27,2022-02-19
W001,67233-VM7-85,3.0,3,2,2022-01-30,2022-02-23
W001,67297-NZ5-S,3.0,3,2,2022-02-13,2022-02-15
W001,40152-A91-3Y,3.0,3,3,2022-02-07,2022-02-12
W001,67691-BD4-150,3.0,3,3,2022-05-27,2022-06-07
W001,57538-NN0-130,3.0,3,2,2022-01-22,2022-01-28
W001,65203-VP1-XL,3.0,3,1,2022-01-06,2022-01-11
W001,65256-GE1-140,3.0,3,3,2022-01-17,2022-04-05
W001,65203-VJ9-XL,3.0,3,3,2022-01-06,2022-01-13
invalid,52631-Q84-S,3.0,3,3,2022-01-14,2022-02-06
invalid,52733-AN8-5,3.0,3,2,2022-12-09,2023-01-27
W001,67300-WD8-110,3.0,3,2,2022-02-16,2022-02-20
W001,67306-DW1-100,3.0,3,3,2022-02-15,2022-02-24
W001,67232-B42-75,3.0,3,3,2022-01-25,2022-02-05
W001,67232-B42-85,3.0,3,3,2022-01-02,2022-02-18
W001,67232-M23-90,3.0,3,2,2022-01-23,2022-01-31
W001,67233-VM7-70,3.0,3,3,2022-01-16,2022-02-22
invalid,52621-VK1-5,3.0,3,2,2022-11-17,2022-12-19
invalid,52621-XU5-1Y,3.0,3,2,2023-01-21,2023-01-26
invalid,52622-75Z-XS/S,3.0,3,3,2022-01-14,2022-02-13
W001,67867-WV1-110,3.0,3,2,2022-06-06,2022-07-01
W001,82477-3AP-80,3.0,3,1,2025-02-06,2025-03-12
W001,82477-3AQ-100,3.0,3,1,2025-02-03,2025-05-07
W001,82477-3AQ-110,3.0,3,1,2025-02-03,2025-05-07
W001,82477-3AQ-85,3.0,3,1,2025-02-03,2025-05-07
W001,82477-3AQ-90,3.0,3,1,2025-02-03,2025-05-07
W001,60318-G44-NB,3.0,3,1,2022-07-18,2022-07-27
W001,67097-VM5-110,3.0,3,1,2022-02-26,2022-03-17
W001,67097-VM5-130,3.0,3,3,2022-01-13,2022-01-20
W001,83068-SR4-100,3.0,3,1,2025-09-27,2026-02-18
W001,83068-SR4-110,3.0,3,1,2025-09-27,2026-02-18
W001,67217-VJ9-85,3.0,3,3,2022-01-18,2022-02-17
W001,67218-76X-120,3.0,3,3,2022-01-12,2022-02-11
W001,47107-FX8-10,3.0,3,3,2022-01-18,2022-02-02
W001,60312-A91-110,3.0,3,3,2022-01-27,2022-02-17
W001,60312-V98-110,3.0,3,1,2022-01-20,2022-01-21
W001,60312-V98-120,3.0,3,2,2022-02-10,2022-02-19
W001,60312-V98-140,3.0,3,2,2022-01-19,2022-02-25
W001,67867-WX3-150,3.0,3,2,2022-04-23,2022-07-01
invalid,68125-XT9-90,3.0,3,2,2023-12-07,2023-12-27
W001,52382-M23-75,3.0,3,2,2022-02-01,2022-02-22
W001,67687-RR7-120,3.0,3,1,2022-06-26,2022-06-27
invalid,52631-FU8-M,3.0,3,1,2022-01-15,2022-01-21
W001,65203-VK1-S,3.0,3,3,2022-01-11,2022-02-08
invalid,52606-56X-2Y,3.0,3,2,2022-12-26,2023-01-16
W001,67011-PJ9-120,3.0,3,3,2022-01-18,2022-02-10
invalid,67358-75M-120,3.0,3,1,2022-06-06,2022-06-06
W001,67867-WX9-110,3.0,3,2,2022-05-23,2022-06-09
W001,67868-WY4-140,3.0,3,3,2022-06-07,2022-06-09
W001,82477-3AK-90,3.0,3,1,2025-03-12,2025-05-01
W001,82477-3AL-75,3.0,3,1,2025-02-03,2025-06-19
W001,82477-3AL-80,3.0,3,1,2025-02-03,2025-06-19
W001,82477-3AP-100,3.0,3,1,2025-02-06,2025-05-07
W001,82477-3AP-110,3.0,3,1,2025-02-06,2025-05-07
W001,67454-VV2-90,3.0,3,2,2022-06-22,2022-07-02
W001,83068-SR4-75,3.0,3,1,2025-09-27,2026-02-18
W001,83068-SR4-80,3.0,3,1,2025-09-27,2026-02-18
W001,83068-SR4-85,3.0,3,1,2025-09-27,2026-02-18
W001,83068-SR4-90,3.0,3,1,2025-09-27,2026-02-18
W001,57746-US8-100,3.0,3,3,2022-01-05,2022-01-25
W001,40152-011-3Y,3.0,3,3,2022-02-25,2022-03-04
W001,65203-QX6-XXL,3.0,3,3,2022-01-05,2022-02-24
W001,67013-TD4-S,3.0,3,3,2022-01-27,2022-02-13
invalid,52382-GF2-85,3.0,3,1,2022-01-10,2022-01-11
invalid,52408-Q84-140,3.0,3,3,2022-02-07,2022-02-15
W001,67219-76X-110,3.0,3,3,2022-02-10,2022-02-17
W001,67219-77M-130,3.0,3,2,2022-01-18,2022-01-23
W001,47053-FX7-90,3.0,3,1,2022-02-11,2022-02-13
W001,47053-NN9-85,3.0,3,2,2022-01-08,2022-01-12
invalid,80493-1NU-85,3.0,3,1,2024-02-22,2024-02-28
W001,83069-3AG-90,3.0,3,1,2025-05-01,2026-02-20
W001,67452-VU6-60,3.0,3,3,2022-05-12,2022-06-09
invalid,68001-XE3-100,3.0,3,1,2022-12-03,2022-12-03
invalid,68001-XJ4-90,3.0,3,2,2022-11-15,2022-12-10
W001,67871-78M-140,3.0,3,3,2022-05-11,2022-06-27
W001,67185-B42-140,3.0,3,2,2022-01-20,2022-01-26
invalid,67358-990-100,3.0,3,1,2022-06-09,2022-06-12
W001,65203-Q84-XS,3.0,3,3,2022-02-01,2022-02-02
invalid,80040-M23-130,3.0,3,1,2022-12-08,2022-12-12
W001,67601-TZ2-140,3.0,3,2,2022-07-27,2022-08-02
W001,46906-M23-XXS,3.0,3,3,2022-01-17,2022-02-03
W001,67219-015-120,3.0,3,2,2022-01-11,2022-01-21
W001,67231-VH3-75,3.0,3,3,2022-01-10,2022-02-08
invalid,81246-795-90,3.0,3,1,2023-12-20,2023-12-21
W001,40152-M23-1Y,3.0,3,2,2022-02-02,2022-02-23
W001,40152-M23-5,3.0,3,3,2022-01-08,2022-02-17
W001,40152-V98-1,3.0,3,1,2022-07-13,2022-07-15
W001,65113-76X-85,3.0,3,3,2022-01-13,2022-02-03
W001,65171-SR4-50,3.0,3,1,2022-01-07,2022-01-08
W001,67014-XQ7-M,3.0,2,1,2022-07-27,2022-07-31
W001,67019-NU3-110,3.0,3,2,2022-02-09,2022-02-11
W001,67019-NU3-120,3.0,3,3,2022-01-19,2022-02-06
W001,67201-VK3-140,3.0,3,1,2022-01-17,2022-01-18
W001,67686-WY4-110,3.0,3,3,2022-05-23,2022-06-28
W001,67185-M23-130,3.0,3,1,2022-01-24,2022-01-27
W001,67186-GF2-130,3.0,3,3,2022-01-20,2022-02-20
W001,67186-GF2-90,3.0,3,3,2022-02-05,2022-02-14
W001,65062-VK7-120,3.0,3,3,2022-01-20,2022-01-30
W001,65064-TR8-50,3.0,3,1,2022-01-12,2022-01-13
W001,67604-WS6-120,3.0,3,3,2022-06-28,2022-07-22
W001,51836-XG7-50,3.0,3,1,2022-07-21,2022-07-24
W001,46239-PV5-150,3.0,3,3,2022-01-09,2022-02-07
W001,67604-WS5-130,3.0,3,3,2022-06-09,2022-07-26
invalid,67745-ST5-90,3.0,3,1,2022-06-20,2022-06-21
W001,65065-TS2-140,3.0,3,3,2022-01-08,2022-01-25
W001,65006-AN8-120,3.0,3,2,2022-01-15,2022-01-31
W001,65018-TL8-130,3.0,3,3,2022-01-26,2022-02-18
W001,65019-TL8-75,3.0,3,1,2022-01-20,2022-01-21
invalid,51911-J81-150,3.0,3,1,2022-04-04,2022-04-08
W001,64979-GN1-S,3.0,3,1,2022-02-16,2022-02-17
W001,67410-78M-120,3.0,3,2,2022-06-09,2022-06-14
W001,67419-A71-140,3.0,3,3,2022-07-25,2022-08-01
W001,51911-10F-150,3.0,3,3,2022-02-12,2022-02-14
invalid,80037-XT9-110,3.0,3,1,2022-11-07,2022-11-14
W001,67020-SR4-130,3.0,3,3,2022-01-27,2022-02-05
W001,67020-US8-140,3.0,3,3,2022-01-07,2022-01-17
invalid,51836-XB5-90,3.0,3,1,2022-07-18,2022-07-25
W001,62944-NH9-150,3.0,3,3,2022-01-03,2022-02-07
W001,67871-M91-90,3.0,3,2,2022-06-30,2022-07-19
W001,67871-V98-100,3.0,3,3,2022-05-23,2022-07-29
W001,67871-V98-90,3.0,3,2,2022-05-20,2022-05-25
W001,57801-GK3-130,3.0,3,1,2022-01-09,2022-01-10
W001,57801-GK3-85,3.0,2,1,2022-04-28,2022-04-28
W001,67686-WY6-120,3.0,3,2,2022-05-11,2022-06-12
invalid,67377-015-85,3.0,3,1,2022-12-13,2022-12-13
invalid,67377-A79-130,3.0,3,1,2022-12-07,2022-12-09
W001,82476-3AQ-130,3.0,2,1,2025-05-14,2025-06-25
invalid,80033-036-90,3.0,3,1,2023-01-23,2023-01-25
W001,67608-PH1-110,3.0,3,3,2022-06-25,2022-07-28
W001,46284-M23-10/1Y,3.0,3,3,2022-01-18,2022-01-27
W001,46906-76X-XS,3.0,3,3,2022-01-17,2022-02-10
W001,46906-76X-XXS,3.0,3,1,2022-01-20,2022-01-22
W001,67022-990-140,3.0,3,2,2022-01-03,2022-01-11
W001,67023-24D-130,3.0,3,2,2022-01-24,2022-02-17
invalid,81180-789-110,3.0,3,1,2023-12-12,2023-12-13
W001,41378-015-100,3.0,3,3,2022-01-27,2022-02-25
W001,67361-PH7-120,3.0,3,1,2022-05-18,2022-05-19
W001,67231-SR4-75,3.0,3,3,2022-01-20,2022-02-22
W001,62618-VL5-120,3.0,3,3,2022-01-11,2022-02-14
invalid,51057-015-130,3.0,3,1,2022-01-19,2022-01-24
W001,62618-VL1-110,3.0,3,2,2022-01-12,2022-02-11
W001,62618-VL2-120,3.0,3,2,2022-02-14,2022-02-19
invalid,51042-SR4-60,3.0,3,2,2022-07-05,2022-07-13
invalid,67997-GF2-100,3.0,3,2,2023-11-28,2024-01-02
W001,84394-6CD-60,3.0,2,1,2026-04-08,2026-04-11
W001,59818-SR4-90,3.0,3,3,2022-01-13,2022-01-31
W001,82406-2FN-120,3.0,3,1,2024-09-30,2024-10-01
W001,67166-GF2-100,3.0,3,3,2022-01-03,2022-02-25
W001,84394-6CD-70,3.0,2,1,2026-04-08,2026-04-11
W001,84394-6CE-80,3.0,2,1,2026-05-08,2026-05-08
W001,84393-6BT-80,3.0,3,1,2026-04-24,2026-05-13
invalid,67997-GF2-110,3.0,3,2,2024-01-03,2024-01-29
W001,67872-A71-120,3.0,3,1,2022-07-29,2022-07-31
W001,67873-WU4-90,3.0,3,2,2022-06-24,2022-06-30
invalid,67379-292-110,3.0,3,1,2023-05-09,2023-05-11
invalid,67379-76X-90,3.0,3,1,2022-05-12,2022-05-16
W001,62515-PW1-150,3.0,3,2,2022-01-05,2022-01-20
W001,67032-A79-130,3.0,3,2,2022-01-12,2022-02-11
W001,62618-TR2-160,3.0,3,2,2022-01-03,2022-01-11
invalid,67523-G31-120,3.0,3,2,2022-06-13,2022-06-18
W001,84395-6BV-100,3.0,3,1,2026-04-08,2026-05-13
W001,84395-6BV-85,3.0,3,1,2026-04-08,2026-05-13
W001,84395-6BV-90,3.0,3,1,2026-04-08,2026-05-13
W001,84394-6CH-NB,3.0,2,1,2026-05-08,2026-05-14
W001,84395-6BR-100,3.0,3,1,2026-04-08,2026-05-13
W001,84395-6BR-110,3.0,3,1,2026-04-08,2026-05-13
W001,84395-6BR-120,3.0,3,1,2026-04-08,2026-05-13
W001,84395-6BR-80,3.0,3,1,2026-04-08,2026-05-13
W001,84395-6BR-85,3.0,3,1,2026-04-08,2026-05-13
W001,84395-6BR-90,3.0,3,1,2026-04-08,2026-05-13
invalid,68145-011-70,3.0,3,1,2022-07-20,2022-07-28
invalid,68166-GF2-S,3.0,3,1,2022-11-12,2022-11-17
invalid,67994-XH7-110,3.0,3,1,2022-07-24,2022-07-26
W001,62515-CM4-85,3.0,3,3,2022-01-12,2022-02-17
W001,62515-NU3-90,3.0,3,2,2022-01-26,2022-01-28
W001,59827-76X-110,3.0,3,2,2022-01-02,2022-01-19
W001,59827-GF2-110,3.0,3,2,2022-01-19,2022-01-21
W001,59845-2CK-M,3.0,3,1,2024-10-02,2024-10-02
W001,67410-VS9-90,3.0,3,2,2022-07-01,2022-07-21
W001,46239-M23-150,3.0,3,2,2022-01-09,2022-02-11
invalid,80646-420-L,3.0,3,1,2023-08-01,2023-08-03
W001,41378-A91-110,3.0,3,2,2022-01-24,2022-02-05
W001,41378-M23-110,3.0,2,1,2022-01-08,2022-01-10
W001,67183-M23-130,3.0,3,2,2022-01-10,2022-01-24
W001,57822-JD1-100,3.0,3,1,2022-01-23,2022-01-25
W001,67686-WY4-150,3.0,3,3,2022-05-12,2022-06-15
W001,67032-C57-140,3.0,3,2,2022-01-08,2022-02-10
W001,62515-76X-90,3.0,3,2,2022-01-17,2022-01-25
invalid,67387-VX9-110,3.0,3,2,2022-11-17,2022-11-26
invalid,50265-Q84-M,3.0,3,2,2022-01-15,2022-02-16
W001,67036-B42-150,3.0,3,3,2022-01-26,2022-03-08
W001,60325-Q84-S,3.0,3,2,2022-02-03,2022-02-06
W001,84396-6CG-110,3.0,3,1,2026-05-12,2026-05-22
W001,84396-6CG-120,3.0,3,2,2026-05-12,2026-05-22
W001,84396-6CH-110,3.0,2,1,2026-05-08,2026-05-12
W001,84396-6CH-120,3.0,2,1,2026-05-08,2026-05-12
W001,60325-Q84-XL,3.0,3,2,2022-01-07,2022-02-18
W001,67410-VS9-110,3.0,3,3,2022-06-27,2022-07-28
W001,67410-VS9-130,3.0,3,1,2022-05-14,2022-05-21
W001,67166-GF2-110,3.0,3,2,2022-01-15,2022-01-23
W001,62515-015-130,3.0,3,3,2022-01-10,2022-02-22
invalid,48080-HI2-130,3.0,3,1,2022-06-03,2022-06-04
W001,67036-B42-100,3.0,3,3,2022-02-01,2022-02-18
W001,67878-WW6-120,3.0,3,1,2022-06-30,2022-07-01
W001,67881-G31-120,3.0,3,3,2022-06-27,2022-07-29
W001,67183-76X-110,3.0,3,1,2022-04-28,2022-07-03
W001,67038-B42-100,3.0,3,1,2022-01-17,2022-01-18
W001,84398-6BV-110,3.0,2,1,2026-04-24,2026-05-08
W001,84398-6BV-120,3.0,2,1,2026-04-24,2026-05-08
W001,84397-6CE-85,3.0,1,1,2026-05-08,2026-05-08
W001,84397-6CE-90,3.0,1,1,2026-05-08,2026-05-08
W001,67230-B42-80,3.0,3,2,2022-01-18,2022-02-02
W001,67231-B42-60,3.0,3,2,2022-01-18,2022-02-15
W001,43197-015-110,3.0,3,2,2022-02-07,2022-02-15
W001,42026-FV7-110,3.0,3,1,2022-01-02,2022-01-10
W001,42026-FV7-130,3.0,3,2,2022-01-12,2022-01-15
W001,42026-FV7-160,3.0,2,2,2022-01-17,2022-01-17
W001,42067-75Z-140,3.0,3,1,2022-02-05,2022-02-25
W001,62423-015-90,3.0,3,3,2022-01-27,2022-02-07
W001,62373-PG5-120,3.0,3,3,2022-02-05,2022-02-25
invalid,67396-WV2-110,3.0,3,2,2022-06-10,2022-07-25
W001,67039-B42-110,3.0,3,2,2022-02-02,2022-02-20
W001,67039-B42-90,3.0,3,1,2022-01-21,2022-01-23
invalid,67987-XC7-120,3.0,3,1,2022-07-22,2022-07-26
W001,46239-A91-150,3.0,3,2,2022-02-06,2022-02-11
W001,46239-B42-120,3.0,3,3,2022-01-25,2022-02-05
W001,84400-6BR-50,3.0,1,1,2026-05-08,2026-05-08
W001,84398-6BR-100,3.0,3,1,2026-04-08,2026-05-12
W001,84398-6BR-110,3.0,3,1,2026-04-08,2026-05-12
W001,84398-6BR-80,3.0,3,1,2026-04-08,2026-05-12
W001,84398-6BR-85,3.0,3,1,2026-04-08,2026-05-12
W001,84398-6BR-90,3.0,3,1,2026-04-08,2026-05-12
W001,67180-NU3-110,3.0,3,3,2022-01-23,2022-02-24
W001,67182-76X-120,3.0,3,2,2022-01-09,2022-01-26
invalid,67987-XC8-100,3.0,3,1,2022-07-25,2022-07-29
invalid,67987-XE4-85,3.0,3,1,2022-07-26,2022-07-27
W001,57822-82F-130,3.0,3,3,2022-01-31,2022-02-01
invalid,67398-VU7-120,3.0,3,1,2022-06-09,2022-06-14
W001,62319-PG5-100,3.0,3,3,2022-01-13,2022-02-13
W001,59818-C57-140,3.0,3,3,2022-01-19,2022-01-26
W001,82319-2GB-120,3.0,3,1,2024-10-01,2024-10-01
W001,59818-HI7-120,3.0,3,3,2022-02-22,2022-02-23
W001,59818-HI7-140,3.0,3,2,2022-01-25,2022-02-09
W001,51911-77M-130,3.0,3,1,2022-01-14,2022-01-16
W001,51911-C57-110,3.0,3,2,2022-02-10,2022-02-11
W001,67409-WX9-130,3.0,3,2,2022-06-12,2022-07-22
W001,46239-A91-140,3.0,3,1,2022-01-27,2022-01-29
W001,62130-UK7-90,3.0,3,1,2022-07-21,2022-07-24
invalid,67981-XM2-85,3.0,3,1,2022-07-23,2022-07-27
W001,67976-XM0-130,3.0,3,1,2022-07-28,2022-08-01
W001,57826-EF4-130,3.0,3,1,2022-01-07,2022-01-10
invalid,67399-WQ1-110,3.0,3,1,2023-02-08,2023-02-09
W001,62125-UK7-S,3.0,3,2,2022-06-07,2022-06-09
invalid,81083-789-90,3.0,3,2,2023-12-31,2024-01-19
W001,84400-6BV-85,3.0,2,1,2026-05-13,2026-05-13
W001,84400-6BV-90,3.0,2,1,2026-05-13,2026-05-13
invalid,67517-WU2-110,3.0,3,1,2023-08-01,2023-08-04
invalid,81093-740-140,3.0,3,2,2024-01-03,2024-01-06
W001,43197-GK3-130,3.0,3,3,2022-02-17,2022-02-17
invalid,47107-FX8-10,3.0,3,1,2022-01-02,2022-01-02
invalid,47218-M23-S,3.0,3,1,2022-01-10,2022-01-10
invalid,47218-SR4-S,3.0,3,1,2022-12-04,2022-12-05
W001,43201-GK3-100,3.0,3,3,2022-01-17,2022-01-19
W001,43205-A91-130,3.0,3,3,2022-02-05,2022-05-06
invalid,81079-VZ3-110,3.0,3,1,2023-12-18,2023-12-20
W001,43197-PV5-100,3.0,3,3,2022-01-27,2022-02-25
W001,43197-PV5-130,3.0,3,3,2022-02-25,2022-02-25
W001,67379-WW6-110,3.0,3,1,2022-07-25,2022-07-26
W001,67979-20E-110,3.0,3,1,2022-07-27,2022-08-01
W001,62027-WB2-75,3.0,3,2,2022-02-17,2022-02-27
W001,62027-WW6-60,3.0,3,3,2022-06-29,2022-07-30
W001,67207-SR4-100,3.0,3,3,2022-01-19,2022-02-08
W001,59818-HI7-150,3.0,3,3,2022-01-21,2022-01-22
W001,67167-GF2-150,3.0,3,1,2022-01-31,2022-02-01
W001,46239-C57-110,3.0,3,2,2022-01-11,2022-02-23
invalid,67404-WM4-110,3.0,3,1,2022-09-28,2022-10-05
W001,67048-GK3-130,3.0,3,3,2022-02-10,2022-02-19
invalid,46906-M23-S,3.0,3,2,2022-01-29,2023-01-23
W001,62027-VM2-80,3.0,3,2,2022-01-27,2022-02-22
invalid,46239-C57-80,3.0,3,1,2022-02-06,2022-02-09
invalid,46239-G44-85,3.0,3,2,2022-10-25,2023-01-13
W001,68014-XF3-90,3.0,3,1,2022-07-21,2022-08-01
W001,68041-85H-100,3.0,3,1,2022-07-28,2022-07-31
W001,67987-XR7-130,3.0,3,1,2022-07-27,2022-07-31
W001,67987-XR7-85,3.0,3,1,2022-07-27,2022-07-30
W001,68009-VH3-90,3.0,3,1,2022-07-18,2022-07-29
W001,68012-A21-85,3.0,3,1,2022-07-18,2022-07-25
invalid,46239-M23-120,3.0,3,2,2022-01-15,2022-02-06
W001,45477-L40-150,3.0,3,1,2022-01-23,2022-02-05
W001,67408-WU4-140,3.0,3,3,2022-06-08,2022-06-28
W001,67408-WU4-90,3.0,3,2,2022-06-08,2022-06-30
W001,67408-WV5-100,3.0,3,3,2022-06-24,2022-07-08
W001,84401-6CC-70,3.0,3,1,2026-04-08,2026-05-12
W001,84401-6CC-75,3.0,3,1,2026-04-08,2026-05-12
W001,84401-6CC-80,3.0,3,1,2026-04-08,2026-05-12
W001,62027-TW3-75,3.0,3,3,2022-01-13,2022-01-20
W001,67050-76X-100,3.0,3,3,2022-01-17,2022-02-11
W001,67051-990-100,3.0,3,1,2022-01-18,2022-01-19
W001,62027-RY2-90,3.0,3,3,2022-02-25,2022-07-28
W001,67685-PN4-110,3.0,3,3,2022-06-07,2022-06-23
W001,67685-WL5-110,3.0,3,3,2022-06-16,2022-06-21
W001,52382-AN8-80,3.0,3,3,2022-02-08,2022-02-21
W001,52382-GF2-60,3.0,3,2,2022-01-12,2022-02-07
W001,57827-EF4-110,3.0,3,2,2022-01-07,2022-01-18
W001,62027-TP7-75,3.0,3,1,2022-01-25,2022-01-26
W001,62027-TP7-85,3.0,3,2,2022-01-18,2022-02-11
W001,62027-TP7-90,3.0,3,3,2022-01-19,2022-01-31
invalid,67409-WQ1-110,3.0,3,2,2022-09-27,2023-01-16
invalid,67848-VX9-110,3.0,3,2,2022-06-04,2022-06-24
W001,67166-SR4-120,3.0,3,3,2022-01-20,2022-02-08
W001,59818-B42-130,3.0,3,3,2022-01-27,2022-02-22
W001,84402-6CG-85,3.0,3,1,2026-05-07,2026-05-21
W001,67051-GN3-120,3.0,3,3,2022-01-25,2022-02-19
W001,67052-B42-120,3.0,3,2,2022-01-11,2022-02-27
W001,67052-B42-85,3.0,3,1,2022-01-17,2022-02-05
invalid,81073-740-100,3.0,3,1,2024-01-02,2024-01-07
invalid,81074-560-110,3.0,3,1,2024-01-18,2024-01-25
W001,67228-HI2-75,3.0,3,2,2022-01-22,2022-02-08
W001,67228-HI2-80,3.0,3,2,2022-01-27,2022-02-22
invalid,80693-420-90,3.0,3,1,2023-11-06,2023-11-06
W001,84403-6CG-60,3.0,3,1,2026-04-09,2026-05-13
W001,84403-6CG-90,3.0,3,1,2026-04-24,2026-05-13
W001,84403-6BS-60,3.0,2,1,2026-04-08,2026-05-12
W001,84403-6BS-70,3.0,2,1,2026-04-08,2026-05-12
W001,84403-6BS-75,3.0,2,1,2026-04-08,2026-05-12
W001,84403-6BS-80,3.0,2,1,2026-04-08,2026-05-12
W001,60325-VJ8-S,3.0,3,2,2022-01-07,2022-01-11
W001,60325-VK1-L,3.0,3,3,2022-01-28,2022-02-19
W001,61979-XA4-80,3.0,3,3,2022-06-19,2022-07-03
W001,67051-B42-120,3.0,3,3,2022-01-11,2022-02-10
W001,62027-NB1-50,3.0,3,3,2022-01-20,2022-02-23
W001,62027-NB1-70,3.0,3,3,2022-01-13,2022-02-07
W001,67052-SR4-150,3.0,3,3,2022-01-07,2022-02-15
W001,67054-B42-100,3.0,3,1,2022-01-20,2022-01-21
W001,61961-SX2-110,3.0,3,3,2022-01-21,2022-02-07
W001,61961-SX2-140,3.0,3,3,2022-01-30,2022-02-24
W001,61961-SX2-60,3.0,3,1,2022-04-01,2022-04-06
W001,61956-WX6-90,3.0,3,1,2022-06-09,2022-06-10
W001,60784-VP5-XS,3.0,3,1,2022-02-27,2022-02-28
W001,60784-VQ2-L,3.0,3,3,2022-01-31,2022-06-06
W001,59818-C57-120,3.0,3,2,2022-02-01,2022-02-23
W001,59580-A96-80,3.0,3,1,2022-01-11,2022-01-27
W001,58712-TS3-100,3.0,3,3,2022-01-26,2022-02-14
W001,58712-TS3-120,3.0,3,3,2022-02-01,2022-02-25
W001,67059-SR4-100,3.0,3,3,2022-01-18,2022-02-13
invalid,45346-011-150,3.0,3,1,2022-01-26,2022-01-30
W001,68069-UV5-50,3.0,3,1,2022-07-21,2022-07-31
W001,57826-EH3-85,3.0,3,2,2022-01-18,2022-06-30
W001,57827-015-90,3.0,3,3,2022-01-20,2022-02-17
invalid,68166-VH3-L,3.0,3,1,2022-07-13,2022-07-28
invalid,44403-VP1-M,3.0,3,2,2022-01-16,2022-02-05
invalid,44403-XU1-XS,3.0,3,1,2022-12-12,2022-12-14
W001,43205-GK3-130,3.0,3,2,2022-02-05,2022-02-22
W001,67385-VX9-110,3.0,2,1,2022-06-17,2022-06-19
W001,84404-6CC-80,3.0,2,1,2026-05-07,2026-05-08
W001,84403-6CI-70,3.0,2,1,2026-05-14,2026-05-21
W001,84403-6CI-75,3.0,2,1,2026-05-12,2026-05-14
W001,84404-6BR-60,3.0,2,1,2026-05-07,2026-05-08
W001,67407-WW6-150,3.0,3,2,2022-06-12,2022-07-20
W001,59818-C57-110,3.0,3,3,2022-01-19,2022-02-11
W001,67387-76X-150,3.0,3,2,2022-04-03,2022-05-31
W001,67180-GF2-110,3.0,3,2,2022-01-13,2022-01-19
W001,68082-XF5-80,3.0,3,1,2022-07-14,2022-07-27
W001,67179-76X-100,3.0,3,3,2022-01-16,2022-02-24
W001,44208-FV7-S,3.0,3,2,2022-01-26,2022-05-05
W001,60611-UM2-150,3.0,3,3,2022-01-17,2022-01-30
W001,60611-UW6-110,3.0,3,3,2022-02-11,2022-02-25
W001,58717-QN4-XS,3.0,3,3,2022-02-02,2024-10-09
W001,67631-WX3-XL,3.0,3,3,2022-04-23,2022-05-29
W001,67632-DY2-120,3.0,3,1,2022-07-13,2022-07-13
W001,67407-WQ1-130,3.0,3,2,2022-06-12,2022-06-12
invalid,44403-VK3-M,3.0,3,2,2022-01-14,2022-12-21
W001,44228-FV7-XL,3.0,3,3,2022-01-04,2022-01-13
W001,67390-WL0-140,3.0,3,2,2022-06-28,2022-07-26
W001,67061-011-110,3.0,3,2,2022-01-28,2022-02-08
W001,67061-990-100,3.0,3,3,2022-01-12,2022-02-22
W001,67061-990-140,3.0,3,3,2022-01-15,2022-01-23
W001,67682-WX3-110,3.0,3,3,2022-05-30,2022-06-22
W001,67180-CM4-130,3.0,3,2,2022-01-13,2022-02-02
W001,60611-RB7-110,3.0,3,1,2022-01-12,2022-01-13
W001,57827-EH3-100,3.0,3,3,2022-01-24,2022-02-28
W001,57827-EH3-110,3.0,3,2,2022-02-11,2022-02-19
W001,84407-1JF-50,3.0,2,1,2026-05-21,2026-05-23
invalid,80694-442-100,3.0,3,1,2023-06-21,2023-06-24
W001,67407-VU6-90,3.0,3,2,2022-06-06,2022-06-17
W001,58712-TS3-130,3.0,3,3,2022-01-26,2022-02-25
W001,58712-TS3-140,3.0,3,3,2022-01-13,2022-02-01
W001,57835-990-120,3.0,3,2,2022-01-30,2022-02-25
W001,67681-78M-130,3.0,3,2,2022-06-04,2022-07-08
W001,67681-78M-140,3.0,3,2,2022-06-06,2022-06-17
W001,67681-NU7-140,3.0,3,3,2022-05-12,2022-06-18
W001,67061-SR4-110,3.0,3,3,2022-02-11,2022-02-18
W001,60609-TV8-110,3.0,3,3,2022-01-19,2022-02-07
W001,60609-TW3-90,3.0,3,2,2022-01-21,2022-02-25
W001,67061-B42-100,3.0,3,2,2022-01-30,2022-01-31
W001,60604-UT3-S,3.0,3,3,2022-01-07,2022-02-17
W001,67392-VS9-130,3.0,3,3,2022-05-20,2022-06-05
invalid,68173-XF3-75,3.0,3,1,2022-07-21,2022-07-25
W001,67177-76X-140,3.0,3,2,2022-01-07,2022-01-22
W001,67177-B42-130,3.0,3,3,2022-01-03,2022-02-22
W001,67179-015-110,3.0,3,2,2022-01-24,2022-02-16
W001,67179-015-130,3.0,3,1,2022-02-02,2022-02-08
W001,67406-VV8-140,3.0,3,3,2022-05-29,2022-06-17
W001,45346-PV5-120,3.0,3,3,2022-01-24,2022-02-07
W001,45346-PV5-140,3.0,3,2,2022-01-23,2022-01-25
invalid,67517-VS7-140,3.0,3,1,2022-06-29,2022-07-02
W001,84408-6ES-60,3.0,2,1,2026-04-09,2026-05-14
W001,68097-WE1-M,3.0,2,1,2022-07-20,2022-07-24
W001,68100-WE1-100,3.0,3,1,2022-07-17,2022-07-26
W001,67226-76X-90,3.0,3,2,2022-01-07,2022-02-03
invalid,67470-117-85,3.0,3,1,2023-01-21,2023-03-07
W001,67065-B42-120,3.0,3,2,2022-01-18,2022-02-10
W001,68141-SR4-60,3.0,3,1,2022-07-19,2022-07-26
W001,68141-VX9-50,3.0,3,1,2022-07-19,2022-07-30
W001,68144-1FZ-85,3.0,3,1,2025-01-22,2025-01-28
invalid,68173-VL8-80,3.0,3,1,2022-12-13,2022-12-14
W001,67066-PV4-100,3.0,3,3,2022-01-12,2022-02-02
W001,67066-PV4-150,3.0,3,3,2022-01-10,2022-01-19
W001,67066-SR4-120,3.0,3,3,2022-01-19,2022-02-18
W001,60600-WU9-120,3.0,3,3,2022-05-19,2022-06-08
W001,51911-77M-100,3.0,3,2,2022-01-15,2022-02-28
invalid,67857-WX3-110,3.0,3,1,2022-07-02,2022-07-03
W001,60600-RY2-90,3.0,3,3,2022-06-06,2022-07-29
W001,67068-67L-90,3.0,3,1,2022-02-07,2022-02-14
W001,60600-RY2-150,3.0,3,3,2022-01-25,2022-02-23
W001,60600-RY2-85,3.0,3,1,2022-07-22,2022-07-25
W001,60599-XH5-140,3.0,2,1,2022-08-01,2022-08-01
W001,68174-XL0-60,3.0,3,1,2022-07-18,2022-08-01
W001,68174-XL0-80,3.0,3,1,2022-07-18,2022-07-31
W001,80039-2CK-XL,3.0,3,1,2024-10-01,2024-10-01
W001,58660-HC7-M,3.0,3,2,2022-02-09,2022-02-20
invalid,67877-WV1-150,3.0,3,1,2022-08-21,2022-08-24
W001,67070-48Q-S,3.0,3,1,2022-02-19,2022-02-27
W001,67226-M23-60,3.0,3,3,2022-01-10,2022-02-10
W001,82050-2VA-M,3.0,3,1,2025-01-15,2025-01-16
W001,58694-QQ9-75,3.0,3,1,2022-01-14,2022-01-16
W001,84417-6BU-110,3.0,3,1,2026-05-12,2026-05-21
W001,84410-6CE-60,3.0,2,1,2026-05-07,2026-05-12
W001,84410-6CE-70,3.0,2,1,2026-05-07,2026-05-12
invalid,80930-910-M,3.0,3,1,2024-01-25,2024-01-27
W001,44403-FU8-XL,3.0,3,2,2022-02-02,2022-02-19
W001,60599-uw5-110,3.0,3,3,2022-01-31,2022-02-10
invalid,67476-WT2-110,3.0,3,1,2022-08-20,2022-08-21
W001,67069-B42-110,3.0,3,3,2022-01-08,2022-02-23
W001,67069-B42-130,3.0,3,3,2022-01-07,2022-02-19
invalid,67873-WV5-90,3.0,3,1,2022-06-08,2022-06-14
invalid,67873-WW6-120,3.0,3,1,2022-06-07,2022-06-08
invalid,67873-WW6-130,3.0,3,1,2022-06-12,2022-06-16
W001,60599-QQ9-110,3.0,3,3,2022-02-03,2022-02-11
W001,58712-76X-100,3.0,3,3,2022-01-19,2022-02-18
W001,81538-76X-NB,3.0,3,1,2024-11-14,2025-03-07
W001,84417-6BR-100,3.0,3,1,2026-05-12,2026-05-23
W001,84417-6BR-110,3.0,3,1,2026-05-12,2026-05-23
W001,84417-6BR-50,3.0,2,1,2026-05-12,2026-05-23
W001,60599-QQ9-150,3.0,3,2,2022-01-11,2022-02-22
invalid,67482-WK2-110,3.0,3,2,2022-05-22,2022-07-17
invalid,67485-SR4-120,3.0,3,1,2022-06-14,2022-06-15
W001,58660-NL3-XS,3.0,3,3,2022-01-12,2022-01-19
W001,58660-UE3-S,3.0,3,3,2022-01-24,2022-02-11
W001,58660-UE3-XL,3.0,3,2,2022-02-07,2022-02-22
invalid,67871-G31-120,3.0,3,2,2022-06-17,2022-06-29
W001,67175-PW1-110,3.0,3,3,2022-01-20,2022-02-12
W001,67176-M23-120,3.0,3,2,2022-01-27,2022-02-07
W001,67396-WV2-130,3.0,3,2,2022-06-04,2022-07-25
W001,67397-WL0-130,3.0,3,3,2022-02-17,2022-02-24
invalid,80854-XT9-150,3.0,3,1,2024-01-23,2024-01-26
W001,84418-6BU-75,3.0,2,1,2026-04-09,2026-05-07
W001,84418-6BV-50,3.0,2,1,2026-04-08,2026-04-09
W001,84417-6BU-60,3.0,2,1,2026-05-12,2026-05-21
W001,84417-6BU-70,3.0,3,1,2026-05-12,2026-05-21
W001,84417-6BU-75,3.0,3,1,2026-05-12,2026-05-21
W001,84417-6SA-50,3.0,2,1,2026-05-12,2026-05-23
W001,84417-6SA-60,3.0,2,1,2026-05-12,2026-05-23
W001,84417-6SA-70,3.0,2,1,2026-05-12,2026-05-23
W001,67167-VD8-130,3.0,3,2,2022-01-20,2022-02-08
W001,67226-A91-90,3.0,3,2,2022-02-06,2022-02-26
W001,67226-AN8-60,3.0,3,2,2022-01-07,2022-01-24
W001,60395-VJ7-100,3.0,3,2,2022-01-18,2022-02-22
W001,67084-TL8-M,3.0,3,3,2022-01-07,2022-02-23
W001,67085-76X-100,3.0,3,2,2022-01-06,2022-02-21
invalid,39973-48Q-130,3.0,3,1,2022-06-09,2022-06-13
W001,67085-GF2-110,3.0,3,2,2022-01-28,2022-02-19
W001,44403-VK3-S,3.0,2,1,2022-01-20,2022-01-21
W001,67172-B42-150,3.0,3,2,2022-01-11,2022-01-25
W001,67172-M23-110,3.0,3,3,2022-01-13,2022-02-17
W001,67206-M23-150,3.0,3,2,2022-01-21,2022-01-26
W001,67206-M23-90,3.0,3,1,2022-01-16,2022-01-16
W001,44403-VK3-XL,3.0,3,3,2022-01-14,2022-01-23
W001,67399-VU6-130,3.0,3,3,2022-05-22,2022-07-24
W001,67399-WT7-120,3.0,3,3,2022-06-14,2022-06-24
W001,67086-VB8-100,3.0,3,2,2022-01-17,2022-01-24
W001,60395-TW5-140,3.0,3,2,2022-01-19,2022-01-24
W001,58661-HC7-XS,3.0,3,1,2022-01-27,2022-02-16
W001,58661-UE3-M,3.0,3,3,2022-01-19,2022-02-22
invalid,67867-WU4-130,3.0,3,2,2022-06-30,2022-07-08
invalid,67867-WW6-100,3.0,3,1,2022-06-23,2022-06-25
invalid,67867-WW6-120,3.0,3,2,2022-05-27,2022-06-14
W001,58660-NL3-L,3.0,3,3,2022-01-21,2022-01-27
W001,60395-UT6-100,3.0,3,3,2022-01-13,2022-02-11
invalid,36086-C57-120,3.0,3,2,2022-01-07,2022-01-12
W001,58662-J91-S,3.0,3,2,2022-01-15,2022-01-24
W001,81339-38G-85,3.0,3,1,2025-03-24,2025-03-25
W001,81339-3DR-85,3.0,3,1,2025-04-08,2025-04-10
W001,67092-UD1-100,3.0,3,3,2022-01-16,2022-02-19
W001,67095-FX9-L,3.0,3,2,2022-01-12,2022-01-18
invalid,80845-C57-90,3.0,3,1,2024-01-07,2024-01-16
invalid,80847-CK7-90,3.0,3,1,2023-12-27,2023-12-28
W001,45346-A91-120,3.0,3,3,2022-01-25,2022-05-05
W001,60395-B42-140,3.0,3,2,2022-01-09,2022-01-18
W001,60395-PV4-110,3.0,3,3,2022-01-17,2022-02-05
invalid,67490-TW2-110,3.0,3,2,2022-06-29,2022-07-24
W001,44403-VL8-XS,3.0,3,2,2022-01-16,2022-02-12
W001,44403-VM2-S,3.0,3,1,2022-01-25,2022-01-27
W001,67090-V98-110,3.0,3,3,2022-01-24,2022-02-15
W001,67091-990-120,3.0,3,2,2022-01-31,2022-02-22
W001,67399-WW6-120,3.0,3,2,2022-06-19,2022-06-25
invalid,67866-WX4-110,3.0,3,1,2022-07-11,2022-07-11
W001,67175-76X-150,3.0,3,3,2022-01-12,2022-01-24
W001,67175-B42-110,3.0,3,2,2022-01-25,2022-02-24
W001,67175-B42-90,3.0,3,2,2022-01-21,2022-01-31
W001,67087-GF2-100,3.0,3,2,2022-01-26,2022-02-25
W001,67087-GF2-120,3.0,3,3,2022-02-17,2022-02-22
W001,67087-GF2-130,3.0,3,2,2022-02-18,2022-02-24
W001,67087-GF2-140,3.0,3,2,2022-01-22,2022-01-26
W001,67087-GF2-150,3.0,3,2,2022-02-01,2022-02-16
W001,60395-76X-110,3.0,3,3,2022-02-10,2022-02-14
W001,60395-76X-130,3.0,3,3,2022-01-17,2022-02-07
W001,60363-UT6-85,3.0,3,3,2022-01-05,2022-01-24
W001,67090-A79-140,3.0,3,3,2022-01-10,2022-02-24
W001,67225-M23-75,3.0,3,2,2022-01-04,2022-01-10
W001,67226-76X-50,3.0,3,2,2022-01-07,2022-01-18
W001,44940-HE1-XL,3.0,3,3,2022-01-30,2022-01-31
W001,45039-PG7-10,3.0,3,3,2022-01-16,2022-02-16
W001,60363-UT6-100,3.0,3,2,2022-01-19,2022-01-30
W001,60363-UT6-110,3.0,3,3,2022-01-26,2022-02-02
W001,60363-Y74-100,3.0,3,3,2022-01-28,2022-01-31
W001,60395-015-100,3.0,3,1,2022-01-19,2022-01-22
W001,60363-2OU-130,3.0,3,1,2024-12-23,2025-01-05
W001,67241-SR4-75,3.0,3,3,2022-01-19,2022-02-08
W001,66717-VG3-120,3.0,3,3,2022-02-09,2022-02-14
W001,66731-UX9-M,3.0,3,2,2022-01-13,2022-02-22
W001,66732-UX9-130,3.0,3,2,2022-01-10,2022-04-23
W001,52606-56X-2Y,3.0,3,2,2022-02-06,2022-02-11
W001,33175-16N-160,3.0,3,2,2022-01-12,2022-01-30
invalid,65602-UC7-75,3.0,3,1,2022-01-11,2022-05-27
invalid,65602-UT3-85,3.0,3,2,2022-01-20,2022-02-24
invalid,65593-M23-60,3.0,3,1,2022-01-20,2022-01-21
W001,67239-GF2-80,3.0,3,3,2022-01-14,2022-02-02
W001,67239-GF2-90,3.0,3,2,2022-01-26,2022-02-01
W001,67239-SR4-75,3.0,3,3,2022-01-20,2022-02-02
W001,66717-VG5-130,2.0,2,2,2022-01-30,2022-02-02
W001,66718-76X-100,2.0,2,2,2022-01-12,2022-02-02
W001,66718-76X-120,2.0,2,2,2022-01-12,2022-01-13
invalid,65607-B42-70,2.0,2,2,2022-01-31,2022-02-08
W001,67532-C57-150,2.0,2,2,2022-05-19,2022-05-23
W001,67532-VX7-140,2.0,2,2,2022-06-13,2022-06-24
W001,59852-TQ7-130,2.0,2,2,2022-02-09,2022-02-09
W001,67138-AT2-140,2.0,2,2,2022-01-21,2022-02-25
W001,67142-RS8-85,2.0,2,1,2022-01-18,2022-01-19
W001,67142-RS8-90,2.0,2,2,2022-01-20,2022-02-06
W001,67143-RS8-60,2.0,2,2,2022-01-17,2022-01-18
W001,67144-RS8-80,2.0,2,2,2022-02-09,2022-02-25
W001,66719-PJ9-120,2.0,2,2,2022-01-31,2022-02-23
invalid,65602-VM7-60,2.0,2,2,2022-01-26,2022-02-09
W001,66732-UY2-85,2.0,2,2,2022-01-20,2022-02-17
invalid,65612-76X-80,2.0,2,1,2022-01-11,2022-01-13
W001,60363-WD5-100,2.0,2,2,2022-02-03,2022-06-05
W001,60363-Y74-110,2.0,2,2,2022-01-12,2022-02-03
W001,60356-WW6-120,2.0,2,2,2022-07-01,2022-07-09
W001,60363-B42-110,2.0,2,1,2022-02-07,2022-02-08
W001,60363-B42-140,2.0,2,2,2022-01-19,2022-01-19
W001,67088-VB8-90,2.0,2,2,2022-01-15,2022-01-28
W001,67088-VH4-110,2.0,2,2,2022-01-02,2022-01-20
W001,67088-VH4-120,2.0,2,2,2022-01-24,2022-02-07
W001,67088-VH4-140,2.0,2,2,2022-01-18,2022-01-31
W001,67088-VH4-90,2.0,2,2,2022-02-06,2022-02-25
W001,67090-A79-120,2.0,2,2,2022-02-13,2022-02-19
W001,67090-A79-130,2.0,2,2,2022-02-20,2022-02-28
W001,66718-VF8-90,2.0,2,2,2022-01-07,2022-01-28
W001,67238-GF2-80,2.0,2,2,2022-01-12,2022-01-18
W001,67241-SR4-80,2.0,2,2,2022-02-09,2022-02-23
W001,67241-SR4-90,2.0,2,1,2022-02-01,2022-02-02
W001,67088-VB8-100,2.0,2,2,2022-01-20,2022-02-25
W001,60395-76X-120,2.0,2,2,2022-02-01,2022-02-07
W001,60395-76X-150,2.0,2,2,2022-01-13,2022-02-07
W001,60395-76X-85,2.0,2,2,2022-01-13,2022-02-17
W001,60395-990-150,2.0,2,1,2022-01-21,2022-01-29
W001,60395-AN8-110,2.0,2,2,2022-02-14,2022-02-14
invalid,80854-XT9-90,2.0,2,2,2024-01-28,2024-02-01
W001,67225-M23-80,2.0,2,1,2022-01-11,2022-01-11
W001,67403-VU6-90,2.0,2,1,2022-02-23,2022-02-27
W001,67403-VU7-120,2.0,2,2,2022-02-18,2022-02-22
W001,45029-DW1-90,2.0,2,2,2022-01-21,2022-01-25
W001,45039-PG7-3Y,2.0,2,2,2022-01-12,2022-01-12
invalid,67506-G31-100,2.0,2,1,2022-06-17,2022-06-20
W001,60325-VP1-XXL,2.0,2,2,2022-01-17,2022-01-31
W001,67090-B42-90,2.0,2,2,2022-02-21,2022-03-03
W001,60363-VZ2-100,2.0,2,2,2022-02-05,2022-05-17
W001,67207-B42-130,2.0,2,2,2022-01-24,2022-02-11
invalid,80019-025-S,2.0,2,1,2022-12-06,2022-12-09
W001,51911-HI7-140,2.0,2,1,2022-01-21,2022-01-21
W001,81378-33B-120,2.0,2,1,2025-01-08,2025-01-12
invalid,67865-WT6-120,2.0,2,1,2022-06-06,2022-06-08
invalid,67865-WU6-110,2.0,2,1,2022-06-15,2022-06-17
invalid,67866-446-110,2.0,2,2,2023-06-28,2023-08-08
invalid,67866-VU9-140,2.0,2,1,2022-05-17,2022-05-17
invalid,67866-WX4-130,2.0,2,2,2022-06-04,2022-07-01
W001,67175-015-90,2.0,2,2,2022-01-13,2022-02-11
W001,67175-76X-140,2.0,2,2,2022-01-23,2022-02-24
W001,67175-M23-110,2.0,2,2,2022-01-02,2022-01-17
W001,67400-WH7-130,2.0,2,2,2022-02-17,2022-02-19
invalid,80902-906-150,2.0,2,1,2023-11-30,2023-12-05
W001,67087-76X-90,2.0,2,1,2022-02-13,2022-02-14
W001,67087-GF2-110,2.0,2,2,2022-01-23,2022-02-15
invalid,67490-WV2-120,2.0,2,1,2022-07-31,2022-07-31
invalid,36086-011-110,2.0,2,2,2022-01-13,2022-01-14
W001,45346-011-120,2.0,2,2,2022-02-23,2022-02-25
W001,45346-015-110,2.0,2,2,2022-01-27,2025-03-22
W001,44403-VM2-M,2.0,2,1,2022-02-02,2022-02-02
W001,67091-990-130,2.0,2,2,2022-01-18,2022-01-28
W001,67092-F04-100,2.0,2,2,2022-01-13,2022-02-07
invalid,33081-VF3-80,2.0,2,2,2022-02-01,2022-02-22
invalid,33175-QN6-85,2.0,2,1,2022-01-10,2022-01-10
invalid,67513-WT8-XS,2.0,2,1,2022-05-30,2022-06-06
invalid,67514-WM4-L,2.0,2,1,2022-07-29,2022-07-30
invalid,30070-WQ4-XL,2.0,2,1,2022-06-08,2022-06-14
invalid,33081-16N-70,2.0,2,2,2022-01-10,2022-01-25
invalid,33081-TD4-80,2.0,2,1,2022-06-04,2022-06-08
invalid,33081-TT2-75,2.0,2,1,2022-06-06,2022-06-07
W001,67090-B42-130,2.0,2,2,2022-01-13,2022-01-17
invalid,36086-C57-140,2.0,2,2,2022-01-14,2022-01-25
invalid,36086-M23-120,2.0,2,2,2022-02-02,2022-06-14
W001,51911-J81-110,2.0,2,2,2022-01-14,2022-02-13
W001,52081-GA5-120,2.0,2,2,2022-01-23,2022-02-12
W001,67092-UD1-110,2.0,2,2,2022-02-16,2022-02-28
W001,67093-NN9-M,2.0,2,2,2022-01-03,2025-01-16
W001,67094-FV7-S,2.0,2,1,2022-01-17,2022-01-18
W001,67094-FV7-XXL,2.0,2,2,2022-01-23,2022-06-06
invalid,80845-C57-150,2.0,2,2,2023-12-21,2023-12-26
invalid,80848-004-90,2.0,2,2,2024-01-12,2024-01-29
invalid,36086-M23-130,2.0,2,1,2022-01-10,2022-01-12
invalid,36086-PV5-140,2.0,2,1,2022-01-25,2022-01-26
W001,60395-PV4-100,2.0,2,2,2022-01-06,2022-02-07
W001,60395-SR4-110,2.0,2,2,2022-01-17,2022-02-09
invalid,67490-355-120,2.0,2,1,2024-01-31,2024-01-31
invalid,67490-WV1-90,2.0,2,1,2022-06-16,2022-06-17
W001,67399-001-130,2.0,2,2,2022-05-17,2022-06-09
W001,67399-001-140,2.0,2,1,2022-06-28,2022-06-29
W001,67399-78M-130,2.0,2,2,2022-04-24,2022-06-17
W001,67399-WQ1-130,2.0,2,1,2022-06-19,2022-06-20
W001,44403-VK5-XS,2.0,2,2,2022-01-27,2022-02-27
W001,67086-VB8-90,2.0,2,1,2022-01-14,2022-01-15
W001,60395-TW5-110,2.0,2,2,2022-01-17,2022-01-31
W001,60395-TW5-120,2.0,2,2,2022-01-27,2022-02-11
W001,58661-NL3-S,2.0,2,1,2022-01-06,2022-01-08
W001,58661-QH4-M,2.0,2,1,2022-01-10,2022-01-10
W001,81047-1VS-140,2.0,2,1,2024-10-06,2024-10-06
W001,81185-2XJ-M,2.0,2,1,2024-10-06,2024-10-06
invalid,67867-WX9-110,2.0,2,2,2022-05-27,2022-06-22
W001,60395-TW5-85,2.0,2,2,2022-01-12,2022-02-17
W001,60395-UT6-120,2.0,2,2,2022-02-01,2022-02-08
W001,60395-UT6-85,2.0,2,2,2022-01-13,2022-01-15
W001,60395-VL8-150,2.0,2,2,2022-01-24,2022-02-19
invalid,37028-XQ7-100,2.0,2,1,2022-07-28,2022-07-31
invalid,39537-53H-XL,2.0,2,2,2022-11-27,2022-11-27
W001,45346-A91-90,2.0,2,2,2022-02-13,2022-05-03
W001,67172-B42-90,2.0,2,2,2022-01-13,2022-01-22
W001,67172-M23-100,2.0,2,1,2022-01-10,2022-01-10
W001,67172-M23-130,2.0,2,2,2022-01-31,2022-02-13
W001,58661-UE3-XL,2.0,2,2,2022-01-14,2022-02-14
W001,58662-J91-L,2.0,2,2,2022-02-12,2022-02-13
W001,67206-M23-85,2.0,2,2,2022-01-20,2022-02-20
W001,67403-VW2-120,2.0,2,2,2022-02-25,2022-05-06
W001,67404-VW2-110,2.0,2,2,2022-02-14,2022-02-20
W001,67404-VW2-120,2.0,2,1,2022-02-17,2022-02-18
W001,67404-WT8-110,2.0,2,2,2022-07-22,2022-07-22
W001,67404-WT8-150,2.0,2,1,2022-07-26,2022-07-26
W001,44403-VK5-XL,2.0,2,2,2022-01-12,2022-01-20
invalid,67871-VZ1-110,2.0,2,2,2022-06-09,2022-06-21
W001,67175-M23-90,2.0,2,2,2022-01-20,2022-01-23
W001,67175-PW1-130,2.0,2,2,2022-01-13,2022-01-14
W001,67396-WX9-120,2.0,2,2,2022-06-14,2022-06-22
W001,67397-WH8-150,2.0,2,1,2022-05-21,2022-05-24
invalid,80854-705-100,2.0,2,1,2024-01-25,2024-01-27
invalid,80854-705-140,2.0,2,1,2024-01-25,2024-01-28
invalid,80854-929-150,2.0,2,1,2023-12-26,2023-12-27
W001,84417-6BU-50,2.0,2,1,2026-05-12,2026-05-21
W001,84417-6SA-110,2.0,2,1,2026-05-12,2026-05-23
W001,81889-23L-70,2.0,2,1,2024-10-10,2024-10-10
W001,67226-AN8-80,2.0,2,1,2022-01-16,2022-01-17
invalid,40152-011-3Y,2.0,2,1,2022-02-20,2022-02-20
W001,60395-VJ7-110,2.0,2,2,2022-02-01,2022-02-22
W001,60395-VJ7-120,2.0,2,2,2022-01-18,2022-02-22
W001,60395-VJ7-140,2.0,2,2,2022-02-16,2022-02-25
W001,60599-RY2-110,2.0,2,1,2022-01-20,2022-02-02
W001,60599-RY2-130,2.0,2,2,2022-01-18,2022-01-18
W001,60413-TV8-85,2.0,2,2,2022-02-19,2022-02-24
W001,60599-PF2-100,2.0,2,2,2022-01-21,2022-02-17
W001,60599-PF2-110,2.0,2,2,2022-01-28,2022-02-15
invalid,40152-M23-12,2.0,2,2,2022-02-11,2022-02-14
W001,67075-kl9-M,2.0,2,2,2022-01-17,2022-02-23
W001,67075-kl9-S,2.0,2,1,2022-01-20,2022-01-21
invalid,67483-BD4-120,2.0,2,1,2022-07-09,2022-07-11
invalid,67484-DY2-120,2.0,2,2,2022-06-01,2022-07-08
invalid,67485-001-120,2.0,2,2,2022-06-14,2022-06-14
invalid,67485-78M-140,2.0,2,2,2022-02-19,2022-04-12
invalid,80905-922-100,2.0,2,1,2023-12-20,2023-12-26
W001,44403-VJ5-XXL,2.0,2,2,2022-01-24,2022-02-12
W001,58660-UE3-XS,2.0,2,2,2022-01-25,2022-02-15
invalid,67871-015-120,2.0,2,2,2022-05-23,2022-07-18
invalid,68179-200-120,2.0,2,2,2022-09-07,2022-09-08
invalid,68182-CD7-120,2.0,2,1,2023-01-16,2023-01-16
invalid,67477-38T-90,2.0,2,1,2022-02-25,2022-02-27
W001,60599-PH7-160,2.0,2,2,2022-01-19,2022-02-13
W001,60599-QQ9-140,2.0,2,2,2022-01-23,2022-01-30
W001,67167-VD8-85,2.0,2,2,2022-01-16,2022-01-19
W001,58712-76X-140,2.0,2,2,2022-01-26,2022-02-14
invalid,67861-WW6-130,2.0,2,1,2022-05-20,2022-05-24
W001,58663-QH4-L,2.0,2,2,2022-01-02,2022-01-31
W001,58663-UE2-L,2.0,2,1,2022-01-12,2022-01-13
W001,67173-B42-110,2.0,2,2,2022-01-07,2022-01-15
W001,67173-B42-120,2.0,2,2,2022-01-13,2022-02-25
W001,81647-A96-100,2.0,2,1,2024-10-09,2024-10-09
W001,67172-B42-140,2.0,2,2,2022-01-25,2022-02-01
W001,60325-VL8-XS,2.0,2,2,2022-02-12,2022-02-18
W001,67172-B42-110,2.0,2,2,2022-01-12,2022-01-15
W001,67228-75M-60,2.0,2,2,2022-02-05,2022-02-15
W001,44403-VJ8-S,2.0,2,2,2022-01-06,2022-01-09
W001,60599-uw5-100,2.0,2,2,2022-01-11,2022-02-28
W001,60599-uw5-120,2.0,2,2,2022-01-28,2022-01-30
W001,60599-UT6-120,2.0,2,2,2022-01-19,2022-02-20
W001,60599-UT6-130,2.0,2,2,2022-01-17,2022-01-26
W001,60599-VU7-140,2.0,2,2,2022-02-25,2022-02-25
W001,60599-VU7-160,2.0,2,2,2022-02-24,2022-02-25
W001,67069-B42-120,2.0,2,2,2022-01-17,2022-01-19
W001,67069-B42-85,2.0,2,2,2022-01-12,2022-01-12
invalid,67873-WW6-100,2.0,2,1,2022-06-28,2022-06-29
W001,57835-SR4-140,2.0,2,1,2022-01-06,2022-01-10
W001,80046-2HC-M,2.0,2,1,2024-10-04,2024-10-04
W001,80276-2XX-100,2.0,2,1,2025-01-21,2025-01-22
W001,67175-M23-140,2.0,2,2,2022-01-13,2022-02-17
invalid,68175-XF3-80,2.0,2,1,2022-11-27,2022-11-27
invalid,42026-FV7-130,2.0,2,2,2022-01-18,2023-01-17
invalid,43197-015-130,2.0,2,2,2022-02-12,2022-02-14
W001,60599-uv8-160,2.0,2,2,2022-01-22,2022-02-18
W001,67226-M23-80,2.0,2,2,2022-01-12,2022-02-10
W001,58712-76X-150,2.0,2,2,2022-01-19,2022-01-19
W001,58712-GF2-100,2.0,2,2,2022-02-09,2022-02-19
W001,58712-GF2-130,2.0,2,2,2022-01-03,2022-01-19
W001,58712-GF2-140,2.0,2,2,2022-01-13,2022-01-19
W001,58712-QT3-130,2.0,2,2,2022-01-13,2022-01-18
W001,58712-ST6-120,2.0,2,2,2022-01-17,2022-01-24
invalid,67858-WX3-140,2.0,2,2,2022-04-23,2022-06-12
invalid,67859-WY4-130,2.0,2,1,2022-08-20,2022-08-21
W001,84409-6BV-50,2.0,1,1,2026-06-17,2026-06-17
W001,84410-6CE-75,2.0,1,1,2026-05-07,2026-05-07
W001,84408-85H-90,2.0,2,1,2026-04-08,2026-04-09
W001,67226-M23-90,2.0,2,2,2022-01-27,2022-02-10
invalid,43197-NV2-150,2.0,2,1,2022-05-12,2022-05-15
invalid,43197-PV5-120,2.0,2,2,2022-02-08,2022-02-22
invalid,43197-PV5-90,2.0,2,1,2022-02-12,2022-02-14
W001,67066-SR4-130,2.0,2,2,2022-01-14,2022-01-24
W001,67066-SR4-140,2.0,2,2,2022-01-19,2022-01-22
W001,67068-VB3-120,2.0,2,2,2022-02-06,2022-02-13
invalid,67472-WZ4-90,2.0,2,1,2022-08-22,2022-08-28
W001,52171-VC6-85,2.0,2,2,2022-01-20,2022-01-25
W001,52309-001-XL,2.0,2,1,2022-06-02,2022-06-03
W001,52309-WQ9-L,2.0,2,2,2022-07-30,2022-07-30
W001,67681-70D-100,2.0,2,2,2022-06-08,2022-06-09
W001,67203-KR4-120,2.0,2,2,2022-01-20,2022-02-20
W001,68174-XH8-80,2.0,2,1,2022-07-26,2022-07-28
W001,68181-011-90,2.0,1,1,2022-07-17,2022-07-17
W001,60599-uv8-150,2.0,2,2,2022-01-31,2022-02-13
invalid,41423-GK3-80,2.0,2,1,2022-06-15,2022-06-16
invalid,67472-990-100,2.0,2,2,2022-03-21,2022-07-26
W001,60600-WU4-100,2.0,2,2,2022-06-14,2022-06-25
W001,67633-AV3-150,2.0,2,2,2022-05-28,2022-07-01
W001,67204-NU3-110,2.0,2,2,2022-01-22,2022-02-23
W001,67204-NU3-150,2.0,2,2,2022-01-26,2022-02-27
invalid,80032-XU5-90,2.0,2,1,2022-12-09,2022-12-15
invalid,67858-WV1-110,2.0,2,2,2022-04-24,2022-05-20
W001,67170-990-150,2.0,2,1,2022-01-12,2022-01-12
W001,67171-990-100,2.0,2,2,2022-01-31,2022-02-13
W001,67171-990-110,2.0,2,2,2022-02-21,2022-02-22
W001,67171-990-120,2.0,2,2,2022-01-30,2022-02-23
W001,67172-015-90,2.0,2,2,2022-01-03,2022-01-19
invalid,67514-WV1-S,2.0,2,2,2022-05-22,2022-06-14
invalid,67514-WV2-M,2.0,2,2,2022-06-26,2022-09-02
invalid,67517-241-130,2.0,2,1,2023-02-15,2023-02-16
invalid,67517-337-140,2.0,2,1,2023-07-31,2023-08-01
W001,68106-XH2-M,2.0,2,1,2022-07-20,2022-07-22
W001,67392-VV2-130,2.0,2,2,2022-05-23,2022-06-22
W001,67392-WC9-110,2.0,2,2,2022-06-24,2022-06-28
W001,67226-A91-60,2.0,2,2,2022-01-31,2022-02-25
W001,60604-UT3-XL,2.0,2,2,2022-01-14,2022-01-24
invalid,67466-VJ2-85,2.0,2,1,2022-05-12,2022-05-17
W001,60600-uw5-90,2.0,2,2,2022-01-31,2022-01-31
W001,60603-NB1-M,2.0,2,2,2022-01-16,2022-01-30
W001,60603-PH7-L,2.0,2,1,2022-01-30,2022-01-31
W001,68141-VX9-90,2.0,2,1,2022-07-19,2022-07-27
W001,67177-76X-130,2.0,2,2,2022-01-15,2022-01-21
W001,67203-NT9-120,2.0,2,2,2022-01-07,2022-01-18
W001,67203-NT9-140,2.0,2,2,2022-01-13,2022-01-20
W001,67204-CM4-100,2.0,2,2,2022-01-21,2022-02-14
W001,67066-B42-130,2.0,2,2,2022-01-06,2022-01-12
W001,60600-WX3-110,2.0,2,1,2022-06-30,2022-06-30
W001,67065-76X-85,2.0,2,2,2022-01-21,2022-02-20
W001,60604-NB1-L,2.0,2,2,2022-02-02,2022-02-11
W001,44403-QY5-M,2.0,2,2,2022-01-06,2022-01-06
invalid,68173-XF3-70,2.0,2,1,2022-07-18,2022-07-18
W001,45477-J81-120,2.0,2,2,2022-01-22,2022-02-06
W001,45477-L40-120,2.0,2,1,2022-01-16,2022-01-16
W001,67404-WX1-120,2.0,2,1,2022-06-22,2022-06-23
W001,67404-WX1-140,2.0,2,1,2022-06-13,2022-06-14
W001,67406-VV8-130,2.0,2,2,2022-06-07,2022-07-24
W001,67407-001-110,2.0,2,1,2022-06-18,2022-06-19
W001,67407-001-140,2.0,2,2,2022-05-29,2022-06-12
W001,67407-001-150,2.0,2,2,2022-04-25,2022-05-10
W001,45346-PV5-110,2.0,2,2,2022-01-20,2022-02-23
W001,45346-PV5-130,2.0,2,2,2022-01-19,2022-01-26
W001,45346-VX9-90,2.0,2,2,2022-02-13,2022-06-22
W001,68096-WE1-S,2.0,2,1,2022-07-21,2022-07-25
W001,58712-TS3-150,2.0,2,2,2022-01-19,2022-01-20
W001,82083-FX7-75,2.0,2,1,2025-01-10,2025-01-10
W001,82143-2WM-100,2.0,2,1,2025-03-11,2025-03-11
W001,57827-EH3-90,2.0,2,2,2022-01-23,2022-02-16
W001,57835-990-150,2.0,2,2,2022-01-20,2022-02-13
W001,52382-M23-70,2.0,2,2,2022-01-05,2022-02-15
invalid,44208-FV7-S,2.0,2,1,2022-07-18,2022-07-18
W001,60604-vf7-M,2.0,2,2,2022-02-18,2022-02-20
W001,60609-TW3-100,2.0,2,2,2022-02-02,2022-02-23
invalid,43205-PV5-130,2.0,2,1,2022-01-18,2022-01-18
W001,67061-B42-120,2.0,2,1,2022-01-17,2022-01-17
invalid,67459-WH5-75,2.0,2,2,2022-07-05,2022-07-22
invalid,67463-SR4-85,2.0,2,1,2022-06-13,2022-06-13
invalid,43201-PV5-80,2.0,2,1,2022-01-26,2022-01-26
W001,67064-009-140,2.0,2,2,2022-01-22,2022-02-26
W001,67065-76X-140,2.0,2,2,2022-01-18,2022-01-31
W001,67180-CM4-110,2.0,2,2,2022-02-01,2022-02-17
W001,67180-CM4-85,2.0,2,2,2022-01-07,2022-01-17
W001,60611-TW2-130,2.0,2,2,2022-01-18,2022-02-16
W001,60611-TW2-75,2.0,2,1,2022-02-27,2022-02-28
W001,60611-NB1-130,2.0,2,2,2022-02-11,2022-02-23
W001,60611-NB1-85,2.0,2,2,2022-02-10,2022-02-24
W001,67061-EF5-90,2.0,2,2,2022-01-23,2022-01-31
W001,57827-EF4-140,2.0,2,2,2022-01-07,2022-01-29
W001,84408-85H-100,2.0,2,1,2026-04-08,2026-04-09
W001,84408-85H-110,2.0,2,1,2026-04-08,2026-04-09
W001,84408-85H-70,2.0,2,1,2026-04-08,2026-04-09
W001,84408-85H-75,2.0,2,1,2026-04-08,2026-04-09
W001,84408-85H-80,2.0,2,1,2026-04-08,2026-04-09
W001,84408-85H-85,2.0,2,1,2026-04-08,2026-04-09
W001,84407-VU6-90,2.0,1,1,2026-05-21,2026-05-21
W001,67407-78M-90,2.0,2,1,2022-06-23,2022-06-23
W001,45360-QQ3-130,2.0,2,1,2022-01-21,2022-01-24
W001,45477-1AY-110,2.0,2,1,2024-10-09,2024-10-09
W001,45477-GF2-110,2.0,2,2,2022-01-17,2022-01-18
invalid,44403-VJ5-S,2.0,2,1,2022-01-18,2022-01-19
invalid,44403-VJ9-S,2.0,2,2,2022-10-11,2022-12-22
W001,44228-FV7-M,2.0,2,2,2022-01-09,2022-01-09
W001,67390-WH8-130,2.0,2,1,2022-03-08,2022-03-08
W001,67392-VS9-110,2.0,2,2,2022-06-14,2022-07-21
W001,67060-76X-130,2.0,2,2,2022-01-17,2022-02-10
W001,67060-76X-90,2.0,2,2,2022-01-10,2022-01-19
W001,67061-011-120,2.0,2,2,2022-02-12,2022-02-19
W001,67061-76X-90,2.0,2,2,2022-01-13,2022-02-22
W001,67682-WY2-120,2.0,2,1,2022-06-20,2022-06-20
W001,67683-434-130,2.0,2,1,2025-04-14,2025-04-14
W001,67203-NT9-100,2.0,2,2,2022-01-16,2022-02-10
W001,57835-990-90,2.0,2,2,2022-01-02,2022-02-01
W001,57835-SR4-120,2.0,2,2,2022-02-10,2022-02-23
invalid,67900-XS5-130,2.0,2,2,2022-07-15,2022-07-27
invalid,67903-XH0-90,2.0,2,1,2022-07-20,2022-07-26
invalid,67911-PG5-120,2.0,2,1,2022-11-10,2022-11-16
invalid,67911-PG5-140,2.0,2,1,2022-07-21,2022-07-25
W001,68076-011-60,2.0,2,1,2022-07-19,2022-07-31
W001,68077-990-85,2.0,2,1,2022-07-27,2022-07-28
W001,82143-2WM-130,2.0,2,1,2025-03-11,2025-03-12
W001,82143-2WM-150,2.0,2,1,2025-03-12,2025-03-12
W001,82143-2WO-85,2.0,2,1,2025-03-11,2025-03-12
W001,58717-QN4-S,2.0,2,1,2022-02-17,2022-02-18
W001,52081-GA5-85,2.0,2,1,2022-07-18,2022-07-19
W001,67631-WX3-XS,2.0,2,2,2022-05-13,2022-05-19
W001,67407-WU4-100,2.0,2,2,2022-06-12,2022-06-15
W001,67407-WU4-120,2.0,2,1,2022-07-01,2022-07-03
W001,67407-WV5-110,2.0,2,2,2022-06-08,2022-06-24
W001,60612-RB7-100,2.0,2,2,2022-01-13,2022-02-20
invalid,44403-XS9-S,2.0,2,2,2022-12-03,2022-12-04
W001,44403-2FV-XS,2.0,2,2,2024-12-21,2025-01-04
W001,67385-VX9-150,2.0,2,2,2022-06-07,2022-07-01
W001,84403-6CI-100,2.0,2,1,2026-05-12,2026-05-14
W001,84403-6CI-60,2.0,2,1,2026-05-14,2026-05-21
W001,84403-6CI-90,2.0,2,1,2026-05-12,2026-05-14
W001,84404-6BR-50,2.0,1,1,2026-05-08,2026-05-08
W001,84404-6BR-80,2.0,2,1,2026-05-07,2026-05-08
W001,84404-6CC-50,2.0,1,1,2026-05-08,2026-05-08
W001,45850-A91-120,2.0,2,1,2022-02-05,2022-02-05
W001,45850-PV5-100,2.0,2,2,2022-01-03,2022-01-24
W001,67407-WW6-120,2.0,2,2,2022-06-19,2022-07-01
W001,67408-WT7-130,2.0,2,2,2022-05-24,2022-06-30
W001,68093-XH4-XXL,2.0,2,1,2022-07-20,2022-07-26
W001,57835-SR4-110,2.0,2,1,2022-01-31,2022-02-01
W001,67059-M23-100,2.0,2,2,2022-01-13,2022-02-19
W001,67059-M23-90,2.0,2,2,2022-01-16,2022-02-12
invalid,67419-A71-140,2.0,2,2,2022-06-30,2022-07-03
W001,60784-RY2-XL,2.0,2,1,2022-02-17,2022-02-19
W001,60784-RY2-XS,2.0,2,1,2022-01-09,2022-01-11
W001,60612-VW8-160,2.0,2,1,2022-02-13,2022-02-14
W001,60640-VS1-75,2.0,2,2,2022-02-19,2022-04-02
W001,60640-VS1-80,2.0,2,2,2022-05-06,2022-06-04
W001,68055-XF5-90,2.0,2,1,2022-07-16,2022-07-28
W001,52312-990-M,2.0,2,2,2022-01-09,2022-01-17
W001,67683-WX3-85,2.0,2,1,2022-05-20,2022-05-22
W001,67683-WY2-120,2.0,2,1,2022-06-28,2022-06-28
invalid,67420-WH9-120,2.0,2,1,2022-06-15,2022-06-17
W001,60611-XF5-150,2.0,2,1,2022-07-28,2022-07-30
W001,60612-NB1-100,2.0,2,2,2022-01-19,2022-02-22
W001,60612-PB4-130,2.0,2,2,2022-01-23,2022-01-23
W001,67054-SR4-120,2.0,2,2,2022-01-29,2022-02-09
W001,67054-UT6-120,2.0,2,2,2022-02-03,2022-02-22
invalid,67851-WX4-110,2.0,2,2,2022-06-29,2022-08-27
invalid,67852-WU4-140,2.0,2,1,2022-06-20,2022-06-20
invalid,67853-SR4-140,2.0,2,2,2023-08-04,2023-08-04
invalid,67853-WX2-110,2.0,2,1,2022-06-30,2022-06-30
W001,59781-M23-110,2.0,2,2,2022-02-13,2022-02-22
invalid,67854-76X-120,2.0,2,1,2022-06-14,2022-06-15
W001,58712-ST6-140,2.0,2,2,2022-02-01,2022-02-08
W001,67408-WT7-140,2.0,2,2,2022-06-08,2022-06-09
W001,67408-WT7-85,2.0,2,2,2022-05-25,2022-07-01
invalid,80686-G31-140,2.0,2,1,2023-08-05,2023-08-05
invalid,80686-G31-90,2.0,2,1,2023-07-31,2023-08-01
invalid,80689-711-140,2.0,2,1,2024-01-21,2024-02-29
W001,67056-B42-120,2.0,2,1,2022-01-31,2022-02-01
W001,67056-GF2-140,2.0,2,2,2022-02-18,2022-02-18
W001,67229-VN1-50,2.0,2,2,2022-01-17,2022-01-20
W001,43197-VX9-90,2.0,2,2,2022-02-24,2022-05-12
W001,43201-015-100,2.0,2,2,2022-01-16,2022-02-12
W001,62027-NB1-85,2.0,2,2,2022-01-27,2022-02-10
W001,62027-NB1-90,2.0,2,2,2022-02-02,2022-02-02
W001,62027-RC5-60,2.0,2,2,2022-01-06,2022-01-20
W001,62027-RC5-85,2.0,2,2,2022-01-13,2022-01-18
W001,61979-WX6-75,2.0,2,2,2022-06-10,2022-06-28
W001,67054-SR4-110,2.0,2,2,2022-01-21,2022-01-27
invalid,45477-L40-130,2.0,2,1,2022-01-14,2022-01-16
W001,67051-990-150,2.0,2,2,2022-01-19,2022-01-19
W001,67051-B42-150,2.0,2,2,2022-01-07,2022-01-27
W001,62027-NB1-60,2.0,2,2,2022-01-11,2022-01-14
W001,61956-XA4-110,2.0,2,2,2022-06-08,2022-07-11
W001,61960-SX2-130,2.0,2,2,2022-01-20,2022-01-20
W001,67054-990-140,2.0,2,1,2022-01-17,2022-01-18
W001,67051-GN3-150,2.0,2,2,2022-01-07,2022-01-27
invalid,67410-VV2-100,2.0,2,1,2022-09-06,2022-09-06
invalid,67410-VV2-120,2.0,2,2,2022-06-23,2022-06-27
invalid,81030-545-70,2.0,2,1,2023-11-28,2023-12-11
invalid,81073-740-110,2.0,2,2,2023-11-02,2024-01-23
W001,67228-76X-60,2.0,2,2,2022-02-08,2022-02-20
W001,67228-76X-75,2.0,2,2,2022-02-12,2022-02-20
invalid,80693-420-110,2.0,2,2,2023-12-15,2024-01-23
W001,84403-6CG-100,2.0,2,1,2026-04-24,2026-05-12
invalid,67517-VU6-130,2.0,2,1,2023-01-13,2023-01-17
W001,60325-VJ8-XS,2.0,2,1,2022-02-16,2022-02-17
W001,60325-VK1-M,2.0,2,1,2022-01-25,2022-01-25
W001,67167-M23-130,2.0,2,2,2022-01-14,2022-02-20
W001,67167-VD8-110,2.0,2,2,2022-01-31,2022-02-17
W001,67228-JB3-80,2.0,2,2,2022-04-27,2022-06-16
W001,67228-JB3-85,2.0,2,2,2022-03-15,2022-06-09
W001,57827-A91-90,2.0,2,1,2022-01-20,2022-01-21
W001,57827-EF4-100,2.0,2,1,2022-01-24,2022-01-24
invalid,67848-NV2-150,2.0,2,2,2022-06-28,2022-07-08
invalid,67848-VX9-150,2.0,2,1,2022-05-08,2022-05-09
invalid,67849-38T-110,2.0,2,1,2022-06-30,2022-07-01
invalid,67849-38T-140,2.0,2,1,2022-06-15,2022-06-20
W001,82244-2F2-120,2.0,2,1,2025-01-10,2025-01-10
W001,59818-015-100,2.0,2,1,2022-01-12,2022-01-13
W001,60325-VK1-XXL,2.0,2,2,2022-02-01,2022-02-01
W001,60325-VK3-XS,2.0,2,2,2022-01-02,2022-01-30
W001,84402-6CG-90,2.0,2,1,2026-05-13,2026-05-21
W001,84402-6CI-80,2.0,2,1,2026-05-14,2026-05-21
W001,46153-NV2-100,2.0,2,2,2022-02-05,2022-02-26
W001,46153-PV5-120,2.0,2,2,2022-01-20,2022-01-21
invalid,67410-303-150,2.0,2,1,2023-08-01,2023-08-01
W001,67051-GN3-100,2.0,2,2,2022-01-19,2022-02-18
invalid,46153-G44-140,2.0,2,1,2023-09-12,2023-09-14
invalid,67407-WW6-110,2.0,2,2,2022-07-22,2022-08-22
W001,62027-TW2-80,2.0,2,2,2022-01-11,2022-02-17
W001,62027-TW3-60,2.0,2,2,2022-01-14,2022-01-17
W001,62027-TW3-80,2.0,2,2,2022-01-13,2022-02-11
W001,62027-TX8-80,2.0,2,1,2022-01-26,2022-01-27
W001,67049-SR4-150,2.0,2,2,2022-01-16,2022-02-09
W001,62027-SX2-90,2.0,2,2,2022-01-31,2022-02-12
W001,62027-TP7-60,2.0,2,2,2022-01-30,2022-01-30
W001,67685-WL5-120,2.0,2,2,2022-06-26,2022-06-29
W001,67685-WY4-130,2.0,2,2,2022-05-27,2022-06-02
W001,67686-WJ8-110,2.0,2,2,2022-06-07,2022-06-16
W001,67686-WJ8-120,2.0,2,2,2022-06-24,2022-06-27
W001,52382-AN8-70,2.0,2,2,2022-02-08,2022-02-14
W001,52382-GF2-85,2.0,2,2,2022-02-12,2022-02-21
W001,57827-A91-140,2.0,2,2,2022-01-26,2022-02-08
W001,68010-XA6-140,2.0,2,1,2022-08-01,2022-08-01
invalid,46239-M23-90,2.0,2,1,2022-01-16,2022-01-17
invalid,46284-011-1/4,2.0,2,2,2022-01-13,2022-01-14
W001,67048-23T-85,2.0,2,1,2022-07-27,2022-07-28
invalid,67407-VU6-85,2.0,2,1,2022-09-05,2022-09-06
invalid,67407-WQ1-110,2.0,2,2,2023-06-08,2023-06-09
W001,46153-PV5-130,2.0,2,1,2022-01-31,2022-01-31
W001,46153-PV5-140,2.0,2,2,2022-01-14,2022-02-22
W001,67408-WV5-110,2.0,2,2,2022-06-12,2022-07-01
W001,67408-WV5-130,2.0,2,1,2022-06-15,2022-06-16
W001,67408-WV5-90,2.0,2,2,2022-06-05,2022-07-01
W001,67220-CM4-100,2.0,2,2,2022-01-12,2022-02-08
W001,45477-SR4-120,2.0,2,1,2022-02-17,2022-02-19
W001,84401-6CC-85,2.0,2,1,2026-04-11,2026-05-12
W001,84401-6CC-90,2.0,2,1,2026-04-11,2026-05-12
invalid,67407-WV5-130,2.0,2,2,2022-06-09,2022-06-30
W001,46239-C57-130,2.0,2,2,2022-01-14,2022-01-17
invalid,80678-418-85,2.0,2,1,2023-08-02,2023-08-02
W001,67220-CM4-140,2.0,2,2,2022-01-26,2022-02-08
W001,62027-WW6-70,2.0,2,1,2022-07-06,2022-07-06
W001,67048-F04-130,2.0,2,2,2022-01-07,2022-05-06
W001,67048-F04-140,2.0,2,2,2022-01-06,2022-01-17
W001,67048-GK3-110,2.0,2,2,2022-01-25,2022-02-16
W001,67048-GK3-120,2.0,2,2,2022-01-07,2022-02-22
W001,67048-GK3-150,2.0,2,2,2022-01-12,2022-01-24
W001,62027-VL9-75,2.0,2,2,2022-01-10,2022-02-07
W001,62027-VL9-80,2.0,2,2,2022-01-13,2022-02-12
W001,62027-VL9-85,2.0,2,2,2022-01-27,2022-02-10
invalid,46239-GK3-90,2.0,2,2,2023-10-05,2023-11-14
invalid,46239-M23-100,2.0,2,1,2023-12-29,2024-01-02
W001,68012-XG3-85,2.0,2,1,2022-07-21,2022-07-27
W001,68010-XA6-100,2.0,2,1,2022-07-31,2022-08-01
invalid,67980-SX8-120,2.0,2,1,2022-07-25,2022-07-27
invalid,67981-C82-110,2.0,2,1,2022-07-27,2022-07-27
W001,67046-76X-130,2.0,2,2,2022-01-12,2022-01-18
invalid,67404-237-110,2.0,2,1,2023-06-11,2023-06-12
W001,62027-WB2-50,2.0,2,1,2022-03-06,2022-03-08
W001,62027-WB2-80,2.0,2,2,2022-02-17,2022-05-06
W001,62027-WB2-85,2.0,2,2,2022-05-12,2022-05-12
W001,84401-6BR-50,2.0,2,1,2026-04-08,2026-05-13
W001,67207-GF2-85,2.0,2,2,2022-02-09,2022-02-26
W001,67207-GF2-90,2.0,2,2,2022-02-07,2022-02-22
W001,67207-SR4-110,2.0,2,2,2022-01-12,2022-01-26
W001,67627-WV5-L,2.0,2,1,2022-07-26,2022-07-26
W001,59818-HI7-85,2.0,2,2,2022-01-12,2022-01-22
invalid,67791-WX9-80,2.0,2,2,2022-07-01,2022-07-23
W001,67167-GF2-120,2.0,2,2,2022-01-31,2022-02-18
W001,67167-GF2-130,2.0,2,1,2022-01-23,2022-01-23
W001,62118-SJ8-100,2.0,2,2,2022-01-10,2022-01-16
invalid,47319-QE5-140,2.0,2,2,2022-02-07,2022-02-07
W001,43205-011-100,2.0,2,2,2022-02-23,2022-02-23
invalid,81075-76X-140,2.0,2,1,2024-01-30,2024-01-30
W001,43197-GK3-140,2.0,2,2,2022-01-24,2022-02-14
W001,67379-015-120,2.0,2,1,2022-07-24,2022-07-25
W001,43197-PV5-140,2.0,2,2,2022-01-07,2022-02-25
invalid,67403-303-140,2.0,2,1,2023-06-16,2023-06-17
invalid,67403-VU7-140,2.0,2,2,2022-05-14,2022-07-27
W001,67044-HI7-150,2.0,2,2,2022-01-07,2022-01-12
W001,67046-76X-100,2.0,2,2,2022-01-30,2022-02-13
W001,67987-XB6-140,2.0,2,1,2022-07-23,2022-07-28
W001,67987-XD3-140,2.0,2,1,2022-07-28,2022-07-30
invalid,67975-217-100,2.0,2,1,2023-01-26,2023-01-29
invalid,67977-060-110,2.0,2,1,2022-07-31,2022-08-01
invalid,67980-Q59-100,2.0,2,1,2022-07-25,2022-07-25
W001,46153-PV5-150,2.0,2,2,2022-01-21,2022-01-26
W001,67409-WV2-120,2.0,2,1,2022-07-25,2022-07-25
W001,67409-WV2-150,2.0,2,1,2022-07-29,2022-07-29
W001,67409-WX9-110,2.0,2,2,2022-06-29,2022-07-22
invalid,67770-SR4-80,2.0,2,2,2022-06-09,2022-07-19
invalid,81084-M23-100,2.0,2,2,2024-01-03,2024-01-16
invalid,81091-739-140,2.0,1,1,2024-02-14,2024-02-14
W001,43197-GK3-110,2.0,2,2,2022-01-19,2022-01-20
W001,67377-V98-140,2.0,2,2,2022-02-27,2022-02-28
W001,67377-VX9-100,2.0,2,2,2022-02-23,2022-02-23
W001,67229-VN2-70,2.0,2,2,2022-02-03,2022-02-17
W001,67229-VN2-90,2.0,2,2,2022-01-14,2022-01-20
W001,62130-UK7-70,2.0,2,2,2022-05-20,2022-05-20
W001,62027-XH5-80,2.0,2,1,2022-08-01,2022-08-01
W001,62027-uv8-60,2.0,2,2,2022-01-17,2022-01-18
W001,62027-uv8-80,2.0,2,2,2022-01-11,2022-01-21
W001,67903-UZ0-100,2.0,2,1,2022-07-23,2022-07-23
W001,57824-XQ6-90,2.0,2,1,2022-07-20,2022-07-22
W001,57826-A91-120,2.0,2,2,2022-01-11,2022-02-17
W001,62190-A91-110,2.0,2,2,2022-01-10,2022-03-11
W001,62190-DD4-120,2.0,2,2,2022-01-13,2022-02-15
invalid,47433-VG9-110,2.0,2,1,2022-08-08,2022-08-08
W001,62120-PG5-85,2.0,2,1,2022-01-13,2022-02-23
invalid,81083-790-140,2.0,2,1,2023-12-26,2023-12-26
W001,67220-CM4-150,2.0,2,1,2022-01-15,2022-01-30
W001,67220-NU3-140,2.0,2,1,2022-01-04,2022-01-05
W001,67408-WW6-85,2.0,2,2,2022-05-19,2022-06-27
W001,46153-C57-140,2.0,2,2,2022-02-24,2022-02-26
W001,84400-6BV-50,2.0,1,1,2026-04-09,2026-04-09
W001,60325-VK3-XXL,2.0,2,2,2022-03-17,2022-05-02
W001,60325-VK5-L,2.0,2,2,2022-01-18,2022-02-22
W001,60325-TN7-XL,2.0,2,1,2022-01-14,2022-01-20
W001,62317-SS9-130,2.0,2,2,2022-01-20,2022-02-11
W001,67044-009-140,2.0,2,1,2022-01-02,2022-01-09
W001,67044-461-100,2.0,1,1,2024-10-08,2024-10-08
W001,62319-PG5-120,2.0,2,2,2022-01-24,2022-02-25
W001,62319-PG5-130,2.0,2,2,2022-02-12,2022-02-14
W001,62321-PG1-150,2.0,2,2,2022-01-20,2022-04-22
W001,62327-EH3-110,2.0,2,2,2022-02-08,2022-02-26
W001,82312-2TM-90,2.0,2,1,2024-10-05,2024-10-06
W001,82344-2EL-140,2.0,2,1,2024-10-02,2024-10-02
W001,82377-2JA-90,2.0,2,2,2024-10-01,2024-10-02
W001,59818-GF2-130,2.0,2,2,2022-01-20,2022-02-22
W001,51911-C57-100,2.0,2,2,2022-02-05,2022-02-11
W001,67207-EH3-150,2.0,2,2,2022-01-15,2022-02-25
W001,67207-GF2-100,2.0,2,2,2022-01-19,2022-01-27
W001,46239-A91-110,2.0,2,2,2022-01-11,2022-01-28
W001,67900-XS0-100,2.0,2,1,2022-07-14,2022-07-20
invalid,67396-WQ1-100,2.0,2,1,2022-08-22,2022-08-24
invalid,67396-WV2-100,2.0,2,2,2022-06-12,2022-07-25
W001,67039-B42-120,2.0,2,2,2022-01-17,2022-01-27
W001,67041-A79-100,2.0,2,2,2022-02-06,2022-02-14
W001,67041-A79-120,2.0,2,2,2022-01-14,2022-02-07
W001,67180-NU3-100,2.0,2,2,2022-02-08,2022-02-15
W001,60325-VJ5-XL,2.0,2,1,2022-02-01,2022-02-05
W001,60325-VJ5-XXL,2.0,2,2,2022-01-13,2022-01-31
W001,60325-VJ6-M,2.0,2,2,2022-01-10,2022-01-15
W001,84397-6CH-90,2.0,2,1,2026-04-08,2026-05-12
W001,84398-6BR-120,2.0,2,1,2026-04-24,2026-05-12
W001,84398-6BS-100,2.0,2,1,2026-04-08,2026-05-12
W001,84398-6BS-110,2.0,2,1,2026-04-08,2026-05-12
W001,84398-6BS-80,2.0,2,1,2026-04-08,2026-05-12
invalid,67398-372-150,2.0,2,1,2023-06-20,2023-08-06
invalid,67398-VU7-100,2.0,2,1,2022-12-22,2022-12-26
invalid,67518-VU9-140,2.0,2,1,2022-06-16,2022-06-17
invalid,67521-EH3-140,2.0,2,2,2022-06-20,2022-06-30
W001,60325-FU8-XS,2.0,2,2,2022-02-19,2022-04-01
W001,67038-B42-150,2.0,2,2,2022-01-06,2022-01-07
W001,67038-B42-90,2.0,2,1,2022-01-07,2022-01-11
W001,67039-015-120,2.0,2,2,2022-01-12,2022-01-14
W001,67230-B42-75,2.0,2,2,2022-01-25,2022-02-08
W001,67230-GF2-80,2.0,2,2,2022-01-15,2022-02-18
W001,67230-M23-60,2.0,2,2,2022-01-25,2022-02-01
W001,67230-M23-70,2.0,2,2,2022-01-12,2022-01-23
W001,67230-M23-75,2.0,2,2,2022-02-09,2022-02-22
W001,62423-015-130,2.0,2,2,2022-01-25,2022-02-24
W001,67041-M23-130,2.0,2,2,2022-01-15,2022-01-31
invalid,47761-VQ6-90,2.0,2,1,2022-02-22,2022-02-25
invalid,67396-VU7-130,2.0,2,1,2022-07-22,2022-07-22
invalid,67396-VU7-150,2.0,2,1,2022-06-23,2022-06-26
W001,67877-WY2-110,2.0,2,2,2022-06-07,2022-06-26
W001,67881-VH3-120,2.0,2,1,2022-06-20,2022-06-27
W001,67881-VX9-100,2.0,2,2,2022-07-23,2022-07-25
W001,67883-WS5-70,2.0,2,2,2022-07-01,2022-07-22
W001,67182-M23-90,2.0,2,2,2022-01-03,2022-01-03
W001,67038-990-120,2.0,2,2,2022-01-12,2022-02-02
W001,67038-990-140,2.0,2,2,2022-01-03,2022-01-14
W001,84398-6BS-85,2.0,2,1,2026-04-08,2026-05-12
W001,84398-6BS-90,2.0,2,1,2026-04-08,2026-05-12
W001,84397-6CE-110,2.0,1,1,2026-05-08,2026-05-08
W001,84397-6CE-120,2.0,1,1,2026-05-08,2026-05-08
W001,84397-6CH-100,2.0,2,1,2026-04-08,2026-05-12
W001,84397-6CH-110,2.0,2,1,2026-04-08,2026-05-12
W001,84397-6CH-80,2.0,2,1,2026-04-08,2026-05-12
W001,84397-6CH-85,2.0,2,1,2026-04-08,2026-05-12
invalid,67518-VU9-110,2.0,2,1,2022-09-13,2022-09-14
W001,62515-015-120,2.0,2,2,2022-01-13,2022-01-28
W001,62515-015-150,2.0,2,2,2022-01-12,2022-01-24
W001,62515-015-85,2.0,2,2,2022-01-18,2022-02-14
W001,62515-015-90,2.0,2,2,2022-01-12,2022-01-13
W001,67036-990-120,2.0,2,2,2022-01-23,2022-01-26
W001,67036-B42-110,2.0,2,1,2022-01-13,2022-01-13
W001,67036-B42-120,2.0,2,2,2022-01-14,2022-01-24
W001,67036-B42-130,2.0,2,2,2022-01-21,2022-01-23
invalid,67391-260-100,2.0,2,1,2023-08-12,2023-08-24
invalid,67391-WL0-110,2.0,2,2,2022-06-09,2022-09-13
invalid,67392-WC9-130,2.0,2,1,2022-06-28,2022-06-28
invalid,67392-WC9-90,2.0,2,2,2022-06-15,2022-09-21
W001,57822-82F-140,2.0,2,2,2022-02-23,2022-02-26
W001,57822-82F-80,2.0,2,1,2022-07-12,2022-07-12
W001,57822-A91-110,2.0,2,2,2022-01-12,2022-02-24
W001,67877-WV1-150,2.0,2,2,2022-07-01,2022-07-01
invalid,50265-S74-L,2.0,2,2,2022-01-04,2022-01-15
invalid,50265-S74-M,2.0,2,2,2022-01-24,2022-01-26
invalid,50265-VJ5-S,2.0,2,1,2022-01-16,2022-01-16
invalid,50265-VJ7-L,2.0,2,1,2022-01-19,2022-01-19
W001,67037-B42-110,2.0,2,2,2022-02-08,2022-03-10
invalid,48200-XD9-S,2.0,2,2,2022-10-22,2022-11-08
invalid,48200-XQ8-S,2.0,2,1,2022-12-09,2022-12-10
W001,84396-6CG-100,2.0,2,1,2026-05-12,2026-05-13
W001,84396-6CG-80,2.0,2,1,2026-05-12,2026-05-13
W001,84396-6CG-85,2.0,2,1,2026-05-12,2026-05-13
W001,84396-6CG-90,2.0,2,1,2026-05-12,2026-05-13
W001,67410-VS9-100,2.0,2,2,2022-05-17,2022-07-27
W001,67166-GF2-120,2.0,2,2,2022-01-17,2022-02-05
W001,67166-GF2-130,2.0,2,2,2022-01-31,2022-02-27
invalid,50265-714-XL,2.0,2,1,2023-12-20,2023-12-21
W001,62423-J81-85,2.0,2,1,2022-01-27,2022-01-31
W001,67877-WV1-100,2.0,2,2,2022-06-21,2022-07-21
invalid,67987-XH9-150,2.0,2,1,2022-07-26,2022-07-26
invalid,67992-XH5-100,2.0,2,2,2022-07-28,2022-09-28
W001,67686-WY4-140,2.0,2,1,2022-06-16,2022-06-18
W001,67686-WY5-100,2.0,2,1,2022-05-17,2022-05-18
W001,67686-WY5-140,2.0,2,2,2022-05-10,2022-06-29
W001,67686-WY5-90,2.0,2,2,2022-05-15,2022-06-07
invalid,68144-VX9-70,2.0,2,1,2022-07-26,2022-07-28
W001,67033-B42-110,2.0,2,2,2022-01-20,2022-02-08
W001,62515-76X-85,2.0,2,1,2022-01-29,2022-01-30
W001,62515-AN8-130,2.0,2,2,2022-01-14,2022-01-31
W001,62515-AN8-140,2.0,2,2,2022-01-10,2022-01-19
W001,62515-AN8-150,2.0,2,2,2022-01-24,2022-02-09
W001,62515-CM4-110,2.0,2,2,2022-01-13,2022-01-16
invalid,67387-VX9-120,2.0,2,1,2022-11-26,2022-11-26
invalid,50265-75Z-M,2.0,2,2,2022-01-12,2022-12-22
W001,46239-M23-100,2.0,2,2,2022-01-21,2022-02-11
invalid,81146-798-140,2.0,2,1,2023-12-22,2023-12-23
invalid,81148-75Z-140,2.0,2,2,2024-01-05,2024-01-24
invalid,81152-XS6-100,2.0,2,2,2024-01-27,2024-02-10
W001,41378-GK3-120,2.0,2,2,2022-01-16,2022-02-25
W001,67366-SR7-120,2.0,2,2,2022-02-24,2022-02-25
W001,67374-015-120,2.0,2,2,2022-07-25,2022-07-26
W001,41378-GK3-150,2.0,2,1,2022-02-14,2022-02-20
W001,41423-A91-120,2.0,2,2,2022-01-31,2022-02-10
W001,41423-A91-90,2.0,2,2,2022-02-20,2022-05-30
W001,62515-PW1-100,2.0,2,2,2022-01-07,2022-03-01
invalid,67381-85H-140,2.0,2,1,2022-06-07,2022-06-08
W001,62515-76X-150,2.0,2,2,2022-01-19,2022-02-14
invalid,50265-XQ7-M,2.0,2,1,2022-07-12,2022-07-25
W001,67032-A79-150,2.0,2,2,2022-02-08,2022-02-16
W001,67183-M23-140,2.0,2,2,2022-01-13,2022-02-20
W001,67873-XA4-110,2.0,2,2,2022-06-19,2022-06-22
W001,67873-XA4-120,2.0,2,2,2022-06-07,2022-06-10
W001,67873-XA4-85,2.0,2,2,2022-06-24,2022-06-29
W001,62515-NU3-150,2.0,2,2,2022-02-16,2022-02-22
W001,67035-990-100,2.0,2,2,2022-01-09,2022-01-19
W001,67025-PW1-M,2.0,2,2,2022-01-21,2022-02-17
W001,42068-75Z-L,2.0,2,2,2022-01-02,2022-01-06
W001,67166-GF2-140,2.0,2,2,2022-01-05,2022-01-15
W001,67166-GF2-90,2.0,2,2,2022-02-06,2022-02-20
W001,67166-SR4-100,2.0,2,2,2022-01-22,2022-01-31
W001,59827-76X-150,2.0,2,2,2022-02-11,2022-02-11
W001,59827-76X-85,2.0,2,2,2022-01-03,2022-02-19
W001,59827-B42-110,2.0,2,1,2022-02-24,2022-02-25
W001,59827-B42-130,2.0,2,2,2022-01-21,2022-02-03
W001,59827-GF2-120,2.0,2,2,2022-01-12,2022-01-26
W001,67410-VV2-100,2.0,2,2,2022-06-14,2022-07-31
W001,67873-015-140,2.0,2,2,2022-05-25,2022-06-13
W001,67873-WU4-140,2.0,2,2,2022-06-06,2022-06-30
W001,67873-WV5-130,2.0,2,2,2022-06-06,2022-06-25
W001,62618-VL4-130,2.0,2,2,2022-01-12,2022-02-23
W001,62618-VL5-100,2.0,2,2,2022-01-30,2022-02-14
W001,62618-RA9-110,2.0,2,1,2022-01-10,2022-01-12
invalid,50942-V98-S,2.0,2,2,2022-06-28,2022-07-18
invalid,67526-85H-110,2.0,2,1,2022-09-12,2022-09-12
invalid,67526-990-140,2.0,2,2,2023-08-04,2023-08-04
W001,84395-6BV-110,2.0,2,1,2026-04-08,2026-05-13
W001,84395-6BV-80,2.0,2,1,2026-05-12,2026-05-13
W001,84394-6CG-70,2.0,1,1,2026-04-11,2026-04-11
W001,62618-TR2-85,2.0,2,2,2022-01-09,2022-02-01
invalid,68166-V98-S,2.0,2,1,2022-12-05,2022-12-09
W001,67873-WW6-140,2.0,2,2,2022-05-16,2022-06-10
W001,67873-WW6-150,2.0,2,2,2022-05-25,2022-05-25
W001,62618-VL1-120,2.0,2,2,2022-02-06,2022-02-17
W001,62618-VL2-100,2.0,2,2,2022-02-02,2022-02-23
W001,62618-VL2-160,2.0,2,1,2022-02-10,2022-02-11
W001,67023-UT6-100,2.0,2,2,2022-01-14,2022-02-03
W001,67024-BD4-100,2.0,2,1,2022-02-02,2022-02-02
W001,62618-VL3-100,2.0,2,2,2022-01-19,2022-01-22
W001,67611-RR5-L,2.0,2,1,2022-07-08,2022-07-09
W001,67207-EH3-130,2.0,2,2,2022-01-03,2022-01-11
W001,51911-10F-120,2.0,2,2,2022-02-01,2022-02-10
W001,82419-2JX-140,2.0,2,1,2025-01-16,2025-01-16
W001,82476-3AK-70,2.0,1,1,2025-02-03,2025-02-03
W001,82476-3AK-75,2.0,1,1,2025-02-03,2025-02-03
W001,82476-3AL-70,2.0,2,1,2025-11-21,2025-11-25
W001,84394-6CE-NB,2.0,1,1,2026-05-08,2026-05-08
W001,84394-6CG-60,2.0,1,1,2026-04-11,2026-04-11
W001,57746-UT6-130,2.0,2,2,2022-01-20,2022-02-07
W001,46906-76X-S,2.0,2,2,2022-01-08,2022-01-26
W001,46239-C57-140,2.0,2,2,2022-01-27,2022-02-24
W001,67023-NB1-120,2.0,2,2,2022-01-13,2022-02-08
invalid,67377-C57-110,2.0,2,2,2023-05-10,2023-11-28
invalid,81158-SR4-150,2.0,2,1,2024-02-20,2024-02-20
invalid,81177-699-100,2.0,2,1,2024-03-03,2024-03-05
W001,41378-76X-110,2.0,2,1,2022-02-16,2022-02-18
W001,67231-M23-60,2.0,2,2,2022-01-30,2022-02-10
W001,67231-M23-80,2.0,2,2,2022-01-24,2022-02-16
W001,67231-SR4-70,2.0,2,2,2022-01-16,2022-02-23
W001,62618-VL5-110,2.0,2,1,2022-01-11,2022-01-11
W001,62633-990-150,2.0,2,1,2022-01-05,2022-01-07
invalid,51057-PV5-120,2.0,2,1,2022-01-11,2022-01-11
invalid,51057-VX9-100,2.0,2,1,2022-07-17,2022-07-28
invalid,67377-C57-90,2.0,2,2,2023-09-23,2023-11-14
invalid,67377-G44-110,2.0,2,2,2023-01-21,2023-01-21
W001,67871-M91-150,2.0,2,2,2022-06-05,2022-07-01
W001,67871-M91-85,2.0,2,2,2022-06-28,2022-07-30
W001,67871-V98-130,2.0,2,2,2022-06-06,2022-06-19
W001,67871-VZ1-85,2.0,2,2,2022-06-28,2022-07-31
W001,52399-011-XXL,2.0,2,2,2022-02-19,2022-02-19
W001,52399-069-S,2.0,2,1,2022-01-03,2022-01-03
W001,67201-M23-140,2.0,2,2,2022-01-28,2022-01-30
invalid,67377-A91-85,2.0,1,1,2022-11-09,2022-11-09
W001,82476-3AP-70,2.0,1,1,2025-02-03,2025-02-03
W001,82476-3AP-75,2.0,1,1,2025-02-03,2025-02-03
invalid,67751-WW6-75,2.0,2,2,2022-05-21,2022-05-27
W001,51891-GK3-100,2.0,2,2,2022-05-10,2022-07-04
W001,51891-GK3-130,2.0,2,2,2022-01-16,2022-01-20
W001,51911-015-110,2.0,2,2,2022-02-22,2022-02-25
W001,67609-PH1-85,2.0,2,2,2022-06-05,2022-07-29
W001,46283-M23-XS/S,2.0,2,2,2022-01-18,2022-01-18
W001,67419-UU6-120,2.0,2,1,2022-06-29,2022-07-01
invalid,80039-FU8-XXL,2.0,2,1,2022-12-03,2022-12-04
invalid,80039-QX6-XXL,2.0,2,1,2023-12-19,2023-12-20
invalid,80039-VK3-S,2.0,2,1,2023-01-22,2023-01-24
W001,67020-SR4-110,2.0,2,2,2022-01-09,2022-02-19
W001,67020-US8-120,2.0,2,2,2022-01-13,2022-02-10
W001,67022-990-100,2.0,2,2,2022-01-02,2022-02-15
W001,64956-VM4-100,2.0,2,2,2022-01-16,2022-01-16
W001,64958-VP3-120,2.0,2,2,2022-01-17,2022-02-01
W001,64979-16N-M,2.0,2,2,2022-02-06,2022-02-23
invalid,51573-VL7-160,2.0,2,1,2022-07-20,2022-07-30
invalid,51891-77M-110,2.0,2,1,2022-01-24,2022-02-08
invalid,51891-GF2-110,2.0,2,2,2022-01-06,2022-12-22
W001,64979-16N-XL,2.0,2,1,2022-06-28,2022-06-30
W001,64979-16N-XXL,2.0,2,1,2022-01-03,2022-01-10
W001,62944-NH9-110,2.0,2,2,2022-01-11,2022-05-06
invalid,67366-SR7-120,2.0,2,1,2022-06-08,2022-06-09
invalid,51911-015-85,2.0,2,1,2022-08-08,2022-08-09
invalid,51911-77M-100,2.0,2,1,2022-01-23,2022-01-24
W001,65035-SY2-5,2.0,2,2,2022-02-02,2022-02-07
W001,64979-GN1-L,2.0,2,2,2022-01-10,2022-01-15
W001,64979-U74-M,2.0,2,2,2022-01-04,2022-01-10
W001,64980-FU8-S,2.0,2,1,2022-02-01,2022-02-02
W001,67020-RB7-120,2.0,2,2,2022-02-03,2022-02-25
W001,67410-WC9-110,2.0,2,2,2022-06-24,2022-08-01
W001,67410-78M-140,2.0,2,2,2022-06-14,2022-07-22
W001,83441-3NC-50,2.0,1,1,2025-10-01,2025-10-01
W001,83441-3NC-60,2.0,2,1,2025-09-30,2025-12-19
W001,67419-990-85,2.0,2,1,2022-05-26,2022-05-28
W001,67419-A71-100,2.0,2,2,2022-07-22,2022-07-22
W001,67419-A71-90,2.0,2,2,2022-06-30,2022-07-21
W001,67419-G31-140,2.0,2,2,2022-02-23,2022-02-25
W001,67186-GF2-150,2.0,2,2,2022-01-19,2022-02-09
W001,67020-67L-120,2.0,2,2,2022-01-18,2022-02-12
invalid,52309-NL2-L,2.0,1,1,2022-01-20,2022-01-20
W001,67606-PH1-L,2.0,2,2,2022-07-25,2022-07-28
W001,67606-PH1-M,2.0,2,2,2022-07-22,2022-07-24
W001,67607-PH1-M,2.0,2,2,2022-06-26,2022-07-07
invalid,80536-990-110,2.0,2,1,2023-06-15,2023-06-16
W001,46239-PV5-100,2.0,2,2,2022-02-13,2022-02-19
W001,46239-PV5-90,2.0,2,2,2022-01-14,2022-02-11
W001,46283-M23-XL,2.0,2,1,2022-01-17,2022-01-17
W001,51573-UY4-160,2.0,2,2,2022-01-03,2022-01-13
invalid,67737-WX5-90,2.0,2,1,2022-07-11,2022-07-31
invalid,67751-AV3-85,2.0,2,2,2022-06-22,2022-06-28
W001,67161-GD8-120,2.0,2,2,2022-01-20,2022-03-06
W001,65064-TR8-90,2.0,2,2,2022-01-24,2022-02-09
W001,65065-TS2-100,2.0,2,2,2022-01-25,2022-02-22
invalid,80039-XV6-S,2.0,2,1,2024-01-30,2024-02-03
W001,67597-WS4-130,2.0,2,2,2022-05-15,2022-05-19
W001,67597-WS4-140,2.0,2,2,2022-06-07,2022-06-21
W001,47048-kl9-M,2.0,2,1,2022-01-19,2022-01-21
W001,67013-GN1-XS,2.0,2,1,2022-06-08,2022-06-12
W001,67330-RR5-140,2.0,2,2,2022-02-18,2022-02-22
invalid,81246-795-110,2.0,2,2,2023-12-27,2024-01-03
W001,65113-76X-70,2.0,2,1,2022-01-07,2022-01-10
W001,65113-76X-75,2.0,2,1,2022-02-05,2022-02-05
W001,65113-76X-90,2.0,2,2,2022-01-13,2022-01-27
invalid,67363-WH7-150,2.0,2,1,2022-05-12,2022-05-13
W001,67201-VK3-150,2.0,2,2,2022-01-25,2022-02-18
W001,57811-25E-90,2.0,2,1,2022-01-23,2022-01-26
W001,57811-NB1-110,2.0,2,2,2022-02-02,2022-02-15
invalid,68000-G44-90,2.0,2,1,2022-11-13,2022-11-17
W001,67185-M23-90,2.0,2,2,2022-01-17,2022-02-23
W001,67871-015-130,2.0,2,2,2022-05-27,2022-07-23
W001,67871-015-85,2.0,2,2,2022-07-25,2022-07-28
W001,67871-78M-90,2.0,2,2,2022-05-20,2022-07-22
W001,67871-G31-100,2.0,2,2,2022-06-05,2022-06-30
W001,65171-SR4-60,2.0,2,1,2022-01-16,2022-01-17
W001,65171-SR4-70,2.0,2,2,2022-01-27,2022-02-17
W001,67012-AT3-90,2.0,2,2,2022-01-12,2022-01-14
W001,67012-CP2-110,2.0,2,2,2022-02-12,2022-02-24
W001,67162-NN9-110,2.0,2,1,2022-01-07,2022-01-10
W001,82477-3AK-100,2.0,2,1,2025-03-12,2025-05-01
W001,82477-3AK-110,2.0,2,1,2025-03-12,2025-03-18
invalid,67731-WV1-75,2.0,2,1,2022-05-27,2022-05-28
W001,51891-77M-110,2.0,2,1,2022-01-07,2022-01-07
W001,51891-GF2-130,2.0,2,2,2022-02-10,2022-02-11
W001,51891-GF2-140,2.0,2,2,2022-02-10,2022-02-11
invalid,80039-XU5-L,2.0,2,2,2023-01-16,2023-01-24
W001,65203-TN7-S,2.0,2,2,2022-01-18,2022-01-24
W001,67013-TD4-L,2.0,2,2,2022-01-18,2022-02-21
invalid,52399-M23-L,2.0,2,1,2023-01-17,2023-01-19
invalid,68001-QX6-100,2.0,2,2,2022-12-27,2023-01-23
invalid,68001-XD4-90,2.0,2,1,2022-10-19,2022-10-19
W001,67219-76X-120,2.0,2,2,2022-01-30,2022-02-14
W001,67219-77M-110,2.0,2,2,2022-01-03,2022-01-12
W001,47058-FU8-85,2.0,2,2,2022-01-03,2022-01-03
W001,47052-FX7-100,2.0,2,2,2022-02-18,2022-02-19
W001,67436-990-85,2.0,2,1,2022-05-19,2022-05-19
W001,47053-FX7-80,2.0,2,1,2022-01-08,2022-01-11
invalid,80484-85H-90,2.0,2,1,2023-05-17,2023-05-17
W001,67447-WD5-75,2.0,2,2,2022-07-05,2022-07-05
W001,67453-VU7-80,2.0,2,2,2022-02-14,2022-02-20
invalid,68001-XE3-110,2.0,2,1,2022-12-08,2022-12-09
invalid,68001-XM5-110,2.0,2,1,2022-12-15,2022-12-15
W001,67868-WG4-100,2.0,2,1,2022-06-08,2022-06-08
W001,67868-WG4-140,2.0,2,2,2022-07-02,2022-07-02
W001,67868-WY4-100,2.0,2,2,2022-05-27,2022-06-07
W001,67868-WY4-130,2.0,2,2,2022-06-07,2022-07-01
W001,67870-V98-140,2.0,2,1,2022-07-06,2022-07-07
W001,82477-3AR-75,2.0,2,1,2025-02-03,2025-03-03
W001,82477-3AK-80,2.0,2,1,2025-03-12,2025-05-01
W001,82477-3AK-85,2.0,2,1,2025-03-12,2025-05-01
W001,82477-3AL-70,2.0,2,1,2025-05-01,2025-06-19
W001,82476-3NA-130,2.0,2,1,2025-10-11,2026-01-29
W001,82476-3NA-70,2.0,2,1,2025-05-01,2026-01-29
W001,57746-US8-150,2.0,2,2,2022-01-11,2022-01-16
W001,57746-UT6-100,2.0,2,2,2022-01-19,2022-02-25
W001,39973-AH1-80,2.0,2,1,2022-01-15,2022-02-16
W001,67313-WD9-90,2.0,2,2,2022-02-19,2022-02-22
W001,67299-GD4-120,2.0,2,2,2022-02-03,2022-02-11
W001,67867-WW6-120,2.0,2,2,2022-06-10,2022-07-01
W001,67867-WW6-85,2.0,2,2,2022-06-09,2022-06-29
W001,67867-WW6-90,2.0,2,2,2022-06-09,2022-06-17
W001,67867-WX3-90,2.0,2,2,2022-05-27,2022-06-16
W001,67687-G31-110,2.0,2,2,2022-06-15,2022-06-30
invalid,52631-75Z-M,2.0,2,1,2022-02-20,2022-02-20
invalid,52631-75Z-XL,2.0,2,2,2022-01-02,2022-02-16
W001,65203-VK5-XS,2.0,2,2,2022-01-07,2022-01-12
W001,65203-VK5-XXL,2.0,2,2,2022-01-11,2022-02-23
W001,65203-VJ6-S,2.0,2,1,2022-01-27,2022-01-28
invalid,52605-FU8-2,2.0,2,1,2022-01-04,2022-01-07
invalid,52621-75Z-7,2.0,2,1,2022-01-26,2022-01-26
W001,67011-PJ9-150,2.0,2,2,2022-01-17,2022-02-25
W001,67012-AT2-90,2.0,2,2,2022-01-17,2022-02-15
W001,65203-VJ7-XL,2.0,2,2,2022-01-19,2022-02-08
W001,65203-VJ7-XS,2.0,2,1,2022-01-14,2022-01-17
W001,67867-WW6-110,2.0,2,1,2022-05-13,2022-05-13
W001,82477-3AQ-120,2.0,2,1,2025-04-28,2025-05-07
W001,82477-3AR-120,2.0,2,1,2025-03-03,2026-04-08
W001,60325-2CH-M,2.0,2,2,2025-01-09,2025-01-10
W001,67096-FX9-120,2.0,2,2,2022-01-10,2022-01-19
W001,67096-FX9-140,2.0,2,1,2022-01-10,2022-01-12
W001,67098-NN9-110,2.0,2,1,2022-01-13,2022-01-13
W001,67217-VJ9-90,2.0,2,2,2022-02-07,2022-02-15
W001,67218-76X-110,2.0,2,2,2022-01-13,2022-01-19
W001,67218-76X-90,2.0,2,1,2022-01-27,2022-01-29
W001,47107-FX9-3Y,2.0,2,2,2022-01-22,2022-01-27
W001,60312-A91-120,2.0,2,2,2022-01-16,2022-02-08
W001,60312-A91-140,2.0,2,2,2022-01-24,2022-02-24
W001,60312-V98-150,2.0,2,2,2022-01-17,2022-02-13
W001,60318-06G-XXS,2.0,2,1,2022-07-16,2022-07-23
W001,82477-3AP-75,2.0,2,1,2025-02-06,2025-03-03
W001,65256-KL4-100,2.0,2,2,2022-01-12,2022-01-14
W001,65256-KL4-140,2.0,2,2,2022-02-01,2022-02-06
W001,65203-VJ8-L,2.0,2,2,2022-01-24,2022-01-31
W001,65203-VJ8-M,2.0,2,1,2022-02-18,2022-02-19
W001,65203-VJ8-XL,2.0,2,2,2022-01-30,2022-02-03
W001,65203-VJ9-XS,2.0,2,2,2022-01-16,2022-01-31
W001,67010-SR4-130,2.0,2,2,2022-02-11,2022-02-17
W001,67299-NM9-120,2.0,2,2,2022-02-11,2022-02-22
W001,67306-DW1-110,2.0,2,2,2022-02-23,2022-02-24
W001,67306-DW1-90,2.0,2,2,2022-02-02,2022-02-20
W001,67312-WE0-75,2.0,2,2,2022-03-10,2022-07-06
W001,67232-M23-70,2.0,2,2,2022-01-02,2022-01-20
W001,67232-M23-85,2.0,2,2,2022-01-13,2022-01-27
W001,67232-SR4-70,2.0,2,2,2022-02-07,2022-02-19
W001,67233-VM7-80,2.0,2,1,2022-01-24,2022-01-24
W001,57746-UT6-110,2.0,2,2,2022-01-25,2022-02-13
W001,67010-77M-90,2.0,2,2,2022-01-13,2022-02-02
W001,67010-GF2-110,2.0,2,2,2022-02-11,2022-02-17
W001,65289-PG5-100,2.0,2,2,2022-02-14,2022-02-23
W001,67691-HI2-110,2.0,2,2,2022-05-15,2022-06-08
W001,52382-SR4-85,2.0,2,2,2022-02-14,2022-02-14
W001,52382-SR4-90,2.0,2,2,2022-01-06,2022-02-23
invalid,68004-975-110,2.0,2,1,2023-12-26,2023-12-27
W001,57538-NM9-100,2.0,2,2,2022-01-17,2022-02-13
W001,57580-A79-L,2.0,2,2,2022-01-27,2022-02-12
W001,67187-990-120,2.0,2,2,2022-01-24,2022-02-01
W001,67011-AN8-100,2.0,2,2,2022-02-02,2022-02-11
W001,67011-AN8-120,2.0,2,2,2022-01-02,2022-02-08
W001,67011-GF2-110,2.0,2,2,2022-01-07,2022-01-15
W001,67011-GF2-120,2.0,2,2,2022-01-31,2022-02-14
invalid,52733-M23-5,2.0,2,2,2022-11-15,2023-01-23
invalid,52809-FV7-S,2.0,2,1,2022-01-07,2022-01-10
W001,67218-A79-110,2.0,2,1,2022-01-20,2022-01-20
W001,67460-VU7-80/90,2.0,2,2,2022-01-27,2022-06-30
W001,67461-WL3-7,2.0,2,2,2022-02-15,2022-02-22
W001,67463-38T-85,2.0,2,2,2022-04-13,2022-04-24
W001,67464-75M-85,2.0,2,2,2022-04-13,2022-04-28
W001,67217-VJ9-110,2.0,2,2,2022-01-18,2022-02-16
invalid,54899-RY2-L,2.0,2,2,2022-01-06,2022-02-23
invalid,54899-VQ2-L,2.0,2,2,2022-01-23,2022-06-06
W001,65290-011-150,2.0,2,2,2022-01-13,2022-02-07
W001,67296-WB2-150,2.0,2,1,2022-06-29,2022-07-01
W001,40152-A91-12,2.0,2,2,2022-01-17,2022-02-07
W001,65290-011-90,2.0,2,2,2022-01-30,2022-02-07
W001,65290-015-140,2.0,2,2,2022-01-14,2022-02-07
invalid,53852-10F-90,2.0,2,1,2022-01-03,2022-01-03
W001,67010-77M-100,2.0,2,1,2022-01-12,2022-01-14
W001,67010-77M-110,2.0,2,1,2022-01-26,2022-01-26
W001,67866-WX4-100,2.0,2,1,2022-06-04,2022-06-06
W001,67866-WX4-90,2.0,2,2,2022-06-28,2022-07-01
W001,57582-015-XL,2.0,2,1,2022-01-21,2022-01-21
invalid,68004-XJ3-100,2.0,2,1,2022-10-07,2022-10-08
invalid,68005-A21-85,2.0,2,2,2022-11-11,2023-01-23
W001,65289-PG5-130,2.0,2,2,2022-01-26,2022-02-09
W001,67010-PV4-130,2.0,2,2,2022-02-07,2022-02-07
W001,67010-SR4-100,2.0,2,1,2022-01-20,2022-01-21
W001,83068-SR4-60,2.0,2,1,2025-09-27,2026-01-29
W001,83068-3BL-60,2.0,1,1,2026-02-25,2026-02-25
W001,83068-3BL-70,2.0,1,1,2026-02-25,2026-02-25
W001,83068-3BL-75,2.0,1,1,2026-02-25,2026-02-25
W001,67096-FX8-140,2.0,2,2,2022-01-13,2022-02-05
invalid,67532-C57-100,2.0,2,1,2022-08-24,2022-08-25
W001,60284-A91-150,2.0,2,2,2022-01-24,2022-01-31
invalid,80457-004-150,2.0,2,1,2023-10-29,2023-10-30
W001,47681-NZ5-130,2.0,2,2,2022-05-12,2022-06-22
W001,66997-HI7-120,2.0,2,2,2022-01-16,2022-01-23
W001,66997-HI7-130,2.0,2,2,2022-01-31,2022-02-14
W001,66997-HI7-140,2.0,2,2,2022-01-11,2022-02-03
W001,66997-HI7-150,2.0,2,1,2022-01-07,2022-01-11
W001,66998-SZ5-100,2.0,2,1,2022-01-25,2022-01-25
W001,66998-SZ5-140,2.0,2,2,2022-01-20,2022-01-27
W001,66998-VF3-100,2.0,2,2,2022-01-21,2022-01-27
W001,66999-VF3-90,2.0,2,2,2022-01-27,2022-01-27
W001,65290-C57-110,2.0,2,2,2022-01-24,2022-02-22
W001,65290-C57-130,2.0,2,2,2022-01-14,2022-02-11
W001,65290-C57-140,2.0,2,2,2022-02-03,2022-02-17
W001,65290-GK3-100,2.0,2,2,2022-01-13,2022-01-22
W001,67866-VU9-150,2.0,2,2,2022-05-20,2022-06-26
W001,67866-VU9-85,2.0,2,2,2022-06-05,2022-06-21
W001,67866-VU9-90,2.0,2,2,2022-05-19,2022-06-30
W001,65290-A91-130,2.0,2,2,2022-02-07,2022-02-14
W001,65290-A91-90,2.0,2,2,2022-02-07,2022-02-13
W001,65290-B42-100,2.0,2,2,2022-01-27,2022-02-08
W001,66997-GF2-140,2.0,2,1,2022-01-16,2022-01-17
W001,66997-HI7-110,2.0,2,2,2022-01-13,2022-01-25
W001,67159-HI2-110,2.0,2,2,2022-01-14,2022-02-27
W001,67159-HI2-120,2.0,2,1,2022-01-30,2022-01-30
W001,67159-HI2-130,2.0,2,2,2022-02-19,2022-02-22
invalid,67710-WU2-60,2.0,2,1,2023-06-22,2023-06-22
W001,82477-3AR-80,2.0,2,1,2025-02-03,2025-03-03
W001,82477-3MY-70,2.0,2,1,2025-05-01,2025-05-01
W001,82477-3MY-75,2.0,2,1,2025-05-01,2025-05-01
W001,60310-FX9-XXL,2.0,2,1,2022-01-12,2022-01-13
W001,60008-VK5-70,2.0,2,1,2022-02-12,2022-02-14
W001,60008-VK5-75,2.0,2,2,2022-01-18,2022-02-16
W001,83068-2A2-60,2.0,2,1,2025-09-27,2026-06-18
W001,67208-EH3-110,2.0,2,2,2022-01-31,2022-02-16
W001,67865-WT6-130,2.0,2,2,2022-05-10,2022-05-21
W001,52399-M23-XL,2.0,2,1,2022-01-14,2022-01-17
W001,67691-SR4-110,2.0,2,2,2022-06-07,2022-06-09
W001,37028-XG7-85,2.0,2,1,2022-07-23,2022-07-28
W001,67293-VP5-70,2.0,2,2,2022-02-23,2022-02-26
invalid,67296-WB2-150,2.0,2,1,2022-07-29,2022-07-30
invalid,55461-NU3-120,2.0,2,1,2022-09-08,2022-09-10
W001,67865-WU6-90,2.0,2,2,2022-05-12,2022-06-30
W001,67865-WX2-100,2.0,2,2,2022-06-07,2022-06-28
W001,67866-M91-100,2.0,2,2,2022-05-25,2022-06-06
W001,67866-M91-140,2.0,2,2,2022-06-07,2022-06-26
W001,56613-PF2-120,2.0,2,2,2022-02-22,2022-05-12
W001,57388-RC0-XL,2.0,2,2,2022-02-08,2022-02-08
W001,57538-GD7-140,2.0,2,2,2022-01-12,2022-01-23
W001,67865-PH7-110,2.0,2,2,2022-05-19,2022-06-17
W001,66994-VK1-XS,2.0,2,2,2022-02-27,2022-02-27
W001,66994-VK5-M,2.0,2,2,2022-02-11,2022-02-21
W001,66994-VK5-S,2.0,2,1,2022-01-16,2022-01-17
W001,66995-NB1-XL,2.0,2,1,2022-01-30,2022-01-31
W001,66996-SZ5-110,2.0,2,2,2022-01-17,2022-01-22
invalid,57388-RC0-L,2.0,2,2,2022-02-23,2022-07-14
W001,37028-UV2-120,2.0,2,2,2022-01-02,2022-01-02
W001,47681-VP5-120,2.0,2,1,2022-02-17,2022-02-17
W001,47433-VG9-130,2.0,2,2,2022-02-17,2022-02-19
W001,67468-BD4-130,2.0,2,2,2022-02-09,2022-02-23
W001,67100-VJ0-120,2.0,2,2,2022-01-12,2022-02-15
W001,67101-FX9-L,2.0,2,1,2022-01-16,2022-01-17
W001,67104-VJ4-120,2.0,2,1,2022-01-20,2022-01-22
W001,82825-2OZ-XS,2.0,2,1,2025-01-14,2025-01-16
W001,67208-B42-120,2.0,2,2,2022-01-20,2022-02-26
W001,67208-B42-130,2.0,2,2,2022-01-09,2022-01-14
W001,52406-Q84-XS,2.0,2,1,2022-01-17,2022-01-18
W001,52406-Q84-XXL,2.0,2,2,2022-01-13,2022-02-01
W001,67189-A79-140,2.0,2,2,2022-01-15,2022-01-30
W001,67189-M23-100,2.0,2,2,2022-01-12,2022-02-09
W001,67189-M23-120,2.0,2,2,2022-01-17,2022-01-21
invalid,68009-GF2-130,2.0,2,1,2022-11-18,2022-11-27
W001,66994-VJ8-S,2.0,2,1,2022-01-04,2022-01-06
invalid,67279-V98-120,2.0,2,1,2022-02-24,2022-04-03
invalid,67280-VQ2-110,2.0,2,2,2022-01-26,2022-02-07
invalid,67282-V98-120,2.0,2,1,2022-02-18,2022-02-20
W001,65291-TW5-150,2.0,2,1,2022-01-13,2022-01-16
W001,65558-VH1-L,2.0,2,2,2022-02-15,2022-02-16
invalid,57538-GD7-90,2.0,2,1,2022-01-12,2022-01-13
invalid,57538-NN0-150,2.0,2,1,2022-04-25,2022-04-28
invalid,57582-015-L,2.0,2,2,2022-01-09,2022-01-16
W001,65291-B42-110,2.0,2,1,2022-01-02,2022-01-03
W001,82723-39K-140,2.0,2,1,2025-01-09,2025-01-11
invalid,67545-VU6-S,2.0,2,1,2023-02-02,2023-02-02
W001,60008-VJ8-60,2.0,2,1,2022-01-29,2022-01-30
W001,67159-JB3-140,2.0,2,1,2022-02-24,2022-02-27
W001,67290-VP5-75,2.0,2,2,2022-02-09,2022-02-27
W001,67291-NG6-70,2.0,2,1,2022-02-23,2022-02-24
W001,67292-VQ2-75,2.0,2,2,2022-02-07,2022-02-23
W001,67293-NZ5-70,2.0,2,1,2022-01-31,2022-02-01
W001,67293-VP5-50,2.0,2,2,2022-04-26,2022-07-23
W001,39537-53H-XS,2.0,2,2,2022-02-08,2022-02-12
W001,66994-VJ5-L,2.0,2,2,2022-02-08,2022-02-22
W001,66994-VJ6-XS,2.0,2,1,2022-02-13,2022-02-17
W001,66994-VJ8-L,2.0,2,2,2022-01-09,2022-03-23
W001,67691-SR4-120,2.0,2,2,2022-05-16,2022-05-23
W001,67692-WF3-130,2.0,2,2,2022-06-05,2022-06-08
W001,67692-WK9-120,2.0,2,2,2022-06-06,2022-06-08
W001,65580-B42-80,2.0,2,2,2022-01-13,2022-02-08
W001,65580-DD4-70,2.0,2,2,2022-02-17,2022-02-24
W001,65580-DD4-90,2.0,2,2,2022-01-20,2022-02-19
W001,65580-SR4-70,2.0,2,2,2022-01-06,2022-02-23
invalid,57746-TW5-120,2.0,2,1,2022-01-24,2022-01-25
invalid,57822-82F-120,2.0,2,2,2022-01-03,2022-09-06
invalid,57822-A91-150,2.0,2,2,2022-02-17,2022-02-18
W001,67290-NZ5-70,2.0,2,2,2022-02-20,2022-02-23
invalid,80043-XU4-100,2.0,2,1,2023-01-24,2023-01-27
invalid,80043-XU4-90,2.0,2,1,2023-01-24,2023-01-24
invalid,80044-QX6-110,2.0,2,1,2023-01-26,2023-01-29
W001,59845-VJ8-XL,2.0,2,2,2022-01-20,2022-02-07
W001,82478-3AK-85,2.0,2,1,2025-03-28,2025-09-30
W001,60008-VP1-80,2.0,2,2,2022-01-23,2022-02-08
W001,60284-76X-130,2.0,2,2,2022-02-07,2022-02-10
invalid,67542-85H-110,2.0,2,2,2022-07-27,2022-10-01
W001,67108-VN3-XXL,2.0,2,2,2022-01-19,2022-02-26
invalid,81538-461-60,2.0,2,1,2025-09-13,2025-09-25
W001,36086-PV5-100,2.0,2,1,2022-02-10,2022-02-11
W001,36086-PV5-130,2.0,2,2,2022-02-19,2022-02-25
W001,65591-RB7-90,2.0,2,1,2022-01-21,2022-01-23
W001,65591-UT3-85,2.0,2,2,2022-01-12,2022-02-17
W001,65591-UT9-85,2.0,2,1,2022-01-19,2022-01-20
W001,65591-UU3-80,2.0,2,1,2022-01-12,2022-01-13
W001,66994-TN7-XL,2.0,2,2,2022-01-03,2022-01-04
invalid,57835-SR4-140,2.0,2,2,2022-01-25,2022-02-14
invalid,57826-A91-110,2.0,2,2,2022-01-21,2022-01-23
W001,66994-QY5-XXL,2.0,2,2,2022-01-04,2022-01-12
invalid,67274-NZ5-85,2.0,2,1,2022-01-21,2022-01-21
invalid,67275-SR4-110,2.0,2,1,2022-02-07,2022-02-08
W001,65580-011-75,2.0,2,2,2022-02-01,2022-02-01
W001,65580-B42-75,2.0,2,2,2022-02-08,2022-02-10
W001,66994-NB1-XS,2.0,2,1,2022-01-06,2022-01-08
W001,37028-QD7-160,2.0,2,2,2022-01-19,2022-02-19
W001,37028-TA7-150,2.0,2,2,2022-02-23,2022-02-23
W001,67285-VR7-130,2.0,2,2,2022-02-13,2022-02-17
W001,67286-SR4-S,2.0,2,2,2022-02-06,2022-02-15
W001,67287-NG6-100,2.0,2,2,2022-05-17,2022-06-04
W001,67288-VP5-70,2.0,2,1,2022-02-11,2022-02-12
W001,67289-WB2-80,2.0,2,2,2022-01-20,2022-02-19
W001,59845-VJ7-S,2.0,2,1,2022-01-07,2022-01-10
W001,51573-VL7-90,2.0,2,1,2022-07-12,2022-07-17
W001,51836-QD7-60,2.0,2,2,2022-01-17,2022-01-19
W001,60008-VJ9-85,2.0,2,1,2022-03-26,2022-04-16
W001,60008-VK1-60,2.0,2,2,2022-01-25,2022-02-14
W001,67107-VN4-100,2.0,2,1,2022-03-07,2022-03-20
W001,67107-VN4-130,2.0,2,2,2022-01-12,2022-01-31
W001,67108-VN3-XS,2.0,2,2,2022-01-02,2022-01-03
invalid,68010-925-100,2.0,2,2,2024-01-27,2024-01-27
invalid,68010-938-110,2.0,2,1,2023-09-12,2023-09-14
W001,55461-VG0-120,2.0,2,1,2022-01-08,2022-01-11
W001,55485-011-L,2.0,2,2,2022-01-15,2022-02-11
W001,55492-AS3-L,2.0,2,2,2022-02-06,2022-02-14
W001,67861-WX4-100,2.0,2,1,2022-06-19,2022-06-20
W001,67862-WV1-150,2.0,2,2,2022-06-25,2022-07-08
W001,67862-WV5-120,2.0,2,2,2022-06-14,2022-07-01
W001,67862-WX6-90,2.0,2,1,2022-06-30,2022-06-30
W001,67864-VH3-130,2.0,2,2,2022-06-12,2022-07-01
W001,65592-011-70,2.0,2,2,2022-01-15,2022-01-25
W001,65592-B42-50,2.0,2,2,2022-02-02,2022-02-09
W001,65592-B42-75,2.0,2,1,2022-02-10,2022-02-11
W001,65592-B42-80,2.0,2,2,2022-02-14,2022-02-15
invalid,67271-WB6-120,2.0,2,1,2022-05-25,2022-05-30
W001,66994-FU8-L,2.0,2,2,2022-02-23,2022-02-27
W001,67472-WZ6-100,2.0,2,1,2022-07-25,2022-07-25
W001,67472-WZ6-120,2.0,2,1,2022-06-14,2022-06-15
invalid,80452-903-100,2.0,2,2,2024-01-06,2024-01-31
W001,47629-HB9-XS,2.0,2,2,2022-02-21,2022-06-15
W001,36754-A91-130,2.0,2,2,2022-01-18,2022-01-24
W001,67281-VR7-130,2.0,2,2,2022-02-16,2022-06-10
W001,67281-VR7-150,2.0,2,2,2022-02-23,2022-06-10
W001,67281-VR7-85,2.0,2,2,2022-02-05,2022-02-20
W001,67281-VR7-90,2.0,2,1,2022-02-27,2022-02-27
W001,67282-VZ1-110,2.0,2,2,2022-01-17,2022-01-31
W001,67283-85H-100/110,2.0,2,2,2022-05-08,2022-06-08
W001,67283-85H-80/90,2.0,2,2,2022-01-26,2022-06-17
W001,65592-011-50,2.0,2,2,2022-01-24,2022-02-23
W001,65592-011-60,2.0,2,2,2022-01-10,2022-01-31
W001,66994-PF2-L,2.0,2,2,2022-04-08,2022-07-22
invalid,58660-UE3-S,2.0,2,2,2022-01-02,2022-02-17
W001,65593-B42-85,2.0,2,1,2022-01-07,2022-01-11
invalid,67257-PT0-S,2.0,2,1,2022-01-09,2022-01-11
W001,66987-VF4-100,2.0,2,2,2022-01-19,2022-02-21
W001,66987-VF4-120,2.0,2,2,2022-02-02,2022-02-17
W001,66987-VF5-120,2.0,2,2,2022-01-14,2022-01-15
W001,66987-VF5-90,2.0,2,2,2022-01-26,2022-02-14
W001,60008-VK1-80,2.0,2,2,2022-01-13,2022-01-13
invalid,67547-VX9-50,2.0,2,1,2022-06-25,2022-06-25
invalid,67549-C57-85,2.0,2,1,2022-07-17,2022-07-17
invalid,67554-SR4-60,2.0,2,1,2022-06-30,2022-07-01
invalid,67555-WM6-70,2.0,2,1,2022-06-09,2022-06-09
W001,82586-M07-NB,2.0,2,1,2025-08-14,2026-01-23
W001,82586-NV2-NB,2.0,2,1,2025-01-27,2025-08-14
W001,82586-VZ1-NB,2.0,2,1,2025-01-27,2025-08-14
W001,47681-VQ2-160,2.0,2,2,2022-02-17,2022-02-23
W001,47681-VQ2-90,2.0,2,2,2022-02-07,2022-02-14
W001,47761-WF7-90,2.0,2,2,2022-05-03,2022-05-12
W001,67281-VP4-120,2.0,2,2,2022-05-08,2022-06-23
W001,67281-VP4-85,2.0,2,2,2022-02-05,2022-02-19
invalid,67255-TN9-XXL,2.0,2,2,2022-01-31,2022-02-18
W001,65592-DD4-60,2.0,2,2,2022-01-12,2022-01-28
W001,66985-VF5-L,2.0,2,2,2022-02-23,2022-03-01
W001,66985-VF5-XL,2.0,2,2,2022-01-06,2022-02-21
W001,66986-VF4-XL,2.0,2,2,2022-01-20,2022-01-26
W001,65592-SR4-70,2.0,2,2,2022-01-13,2022-02-23
W001,65592-SR4-75,2.0,2,2,2022-01-24,2022-02-10
W001,65592-ST6-85,2.0,2,2,2022-01-22,2022-02-18
W001,67191-M23-85,2.0,2,1,2022-01-23,2022-06-06
W001,67861-WX2-140,2.0,2,1,2022-06-29,2022-07-01
invalid,68012-A21-120,2.0,2,2,2022-09-17,2022-11-17
invalid,68012-XC3-110,2.0,2,1,2022-12-13,2022-12-15
W001,65593-B42-75,2.0,2,2,2022-01-20,2022-01-31
invalid,58712-76X-130,2.0,2,2,2022-01-10,2022-01-26
invalid,58712-76X-150,2.0,2,1,2022-01-31,2022-02-01
invalid,58712-GF2-120,2.0,2,2,2022-02-22,2022-03-11
invalid,58712-GF2-130,2.0,2,1,2022-01-27,2022-01-27
invalid,67255-QX6-M,2.0,2,1,2022-02-05,2022-02-07
W001,67280-VQ2-130,2.0,2,1,2022-02-24,2022-02-24
W001,67597-WS3-120,2.0,2,2,2022-06-06,2022-06-16
W001,67207-SR4-85,2.0,2,2,2022-01-14,2022-02-15
W001,51218-QN4-S,2.0,2,2,2022-02-18,2024-10-08
W001,67159-75M-85,2.0,2,2,2022-01-14,2022-02-24
W001,67159-76X-120,2.0,2,2,2022-02-22,2022-02-23
W001,47629-HE1-XS,2.0,2,1,2022-02-06,2022-02-07
W001,82586-145-NB,2.0,2,1,2025-01-27,2025-08-14
W001,82585-3NF-50,2.0,2,1,2025-08-23,2025-09-27
W001,82585-3NF-60,2.0,2,1,2025-08-23,2025-09-27
W001,47761-WF7-110,2.0,2,1,2022-04-13,2022-04-13
W001,52572-kl9-XL,2.0,2,2,2022-01-11,2022-01-16
W001,67692-WN1-110,2.0,2,1,2022-06-25,2022-06-26
W001,65593-GF2-50,2.0,2,2,2022-02-02,2022-02-07
invalid,59781-76X-90,2.0,2,2,2022-12-08,2023-01-20
invalid,59781-G44-120,2.0,2,2,2022-12-30,2023-01-16
invalid,59781-G44-130,2.0,2,2,2022-12-08,2023-01-16
invalid,59781-G44-85,2.0,2,1,2023-01-22,2023-01-24
invalid,59781-G44-90,2.0,2,2,2022-12-15,2023-01-19
invalid,59781-GF2-90,2.0,2,2,2022-12-30,2023-01-31
W001,66982-PJ9-100,2.0,2,1,2022-01-23,2022-01-25
invalid,68012-XJ4-85,2.0,2,1,2022-07-13,2022-07-21
W001,55355-HY4-130,2.0,2,1,2022-02-13,2022-02-15
W001,67860-WV5-110,2.0,2,1,2022-07-21,2022-07-21
W001,67861-WW6-140,2.0,2,2,2022-06-24,2022-06-29
W001,67192-76X-90,2.0,2,2,2022-01-16,2022-01-24
W001,67192-GF2-100,2.0,2,1,2022-01-28,2022-01-31
W001,47681-VQ2-130,2.0,2,2,2022-02-24,2022-02-25
W001,82585-3NF-70,2.0,2,1,2025-08-23,2025-09-27
W001,82585-3NF-80,2.0,2,1,2025-08-23,2025-09-27
W001,65593-DD4-60,2.0,2,2,2022-02-01,2022-02-03
invalid,59818-015-150,2.0,2,2,2022-01-19,2022-11-23
invalid,59818-HI7-100,2.0,2,2,2022-01-23,2022-02-08
W001,66975-VB3-120,2.0,2,2,2022-01-13,2022-02-06
W001,66982-PJ9-120,2.0,2,2,2022-01-31,2022-02-22
W001,66982-RY2-90,2.0,2,2,2022-01-14,2022-02-11
W001,66982-UT6-130,2.0,2,1,2022-02-02,2022-02-05
invalid,59818-015-120,2.0,2,1,2022-02-07,2022-02-07
W001,65593-EF5-60,2.0,2,2,2022-02-01,2022-02-09
W001,67192-GF2-150,2.0,2,2,2022-01-28,2022-02-11
W001,67192-M23-120,2.0,2,1,2022-01-27,2022-01-29
W001,67858-WX3-85,2.0,2,2,2022-06-14,2022-06-30
W001,67858-WV1-90,2.0,2,1,2022-07-01,2022-07-03
W001,52399-A91-XXL,2.0,2,1,2022-01-25,2022-01-26
W001,67192-76X-130,2.0,2,2,2022-01-15,2022-01-31
W001,67192-76X-150,2.0,2,1,2022-01-23,2022-01-24
W001,66982-NB1-110,2.0,2,2,2022-01-17,2022-01-24
invalid,67244-M23-90,2.0,2,1,2022-01-12,2022-01-12
invalid,67244-SR4-85,2.0,2,1,2022-01-10,2022-01-10
invalid,67244-SR4-90,2.0,2,2,2022-01-07,2022-02-08
W001,67217-V98-90,2.0,2,2,2022-01-13,2022-02-15
W001,82478-3AR-90,2.0,2,1,2025-03-28,2025-03-28
W001,67158-JB3-100,2.0,2,2,2022-01-21,2022-02-16
W001,67158-JB3-85,2.0,2,1,2022-02-09,2022-02-10
W001,67159-75M-110,2.0,2,2,2022-01-14,2022-02-26
invalid,80046-010-S,2.0,2,1,2023-01-27,2023-01-30
W001,67594-AT3-120,2.0,2,2,2022-05-19,2022-07-22
W001,67594-AT3-130,2.0,2,2,2022-05-19,2022-07-25
W001,67474-W83-85,2.0,2,1,2022-06-06,2022-06-09
W001,67233-VN2-75,2.0,2,2,2022-01-12,2022-01-16
invalid,67242-TN9-90,2.0,2,2,2022-02-11,2022-02-15
W001,66975-VB3-150,2.0,2,2,2022-01-06,2022-01-06
W001,66976-SR4-120,2.0,2,1,2022-02-13,2022-02-13
W001,82585-3BJ-85,2.0,2,1,2025-02-07,2025-12-28
W001,60008-TN7-70,2.0,2,1,2022-01-04,2022-01-04
W001,60008-VJ6-70,2.0,2,2,2022-02-22,2022-02-23
W001,48150-HL3-70,2.0,2,1,2022-03-10,2022-03-16
W001,48151-HL3-120,2.0,2,2,2022-01-03,2022-01-20
W001,47929-16N-M,2.0,2,2,2022-01-10,2022-02-06
invalid,80054-xw3-85,2.0,2,1,2023-01-22,2023-01-23
invalid,80054-xw3-90,2.0,2,2,2023-01-16,2023-01-23
W001,67593-GD4-110,2.0,2,2,2022-06-15,2022-06-25
W001,67208-EH3-90,2.0,2,1,2022-01-22,2022-01-22
W001,66976-SR4-85,2.0,2,2,2022-02-05,2022-02-11
W001,67705-WT3-100,2.0,2,2,2022-07-13,2022-07-14
W001,67115-NK7-120,2.0,2,2,2022-01-08,2022-01-13
W001,67115-NK7-85,2.0,2,1,2022-01-08,2022-01-10
W001,82479-3AQ-NB,2.0,2,1,2025-01-27,2026-04-08
invalid,68014-XF3-140,2.0,2,1,2022-07-24,2022-07-26
invalid,68015-SR4-100,2.0,2,1,2022-12-09,2022-12-10
invalid,68016-XM5-85,2.0,2,1,2022-11-10,2022-11-14
W001,67855-V98-90,2.0,2,2,2022-06-07,2022-06-09
W001,67855-VZ1-150,2.0,2,2,2022-06-03,2022-06-09
W001,54899-VP5-XL,2.0,2,2,2022-01-25,2022-06-07
invalid,59845-VJ6-XS,2.0,2,1,2022-01-25,2022-01-26
invalid,59845-VK1-XL,2.0,2,2,2022-01-11,2022-02-08
W001,65593-SR4-75,2.0,2,2,2022-01-21,2022-01-27
W001,36086-GK3-100,2.0,2,2,2022-01-19,2022-02-07
W001,36086-GK3-140,2.0,2,1,2022-01-31,2022-01-31
W001,36086-M23-150,2.0,2,2,2022-01-20,2022-02-14
W001,67233-VN2-60,2.0,2,1,2022-01-27,2022-02-08
W001,66974-SR4-90,2.0,2,2,2022-01-30,2022-03-11
W001,66975-EF5-140,2.0,2,2,2022-02-07,2022-02-18
invalid,67234-M23-70,2.0,2,1,2022-01-22,2022-01-23
invalid,67238-GF2-75,2.0,2,2,2022-01-22,2022-02-14
invalid,67238-SR4-70,2.0,2,2,2022-01-13,2022-01-22
W001,65593-PV4-50,2.0,2,2,2022-02-07,2022-02-17
W001,65593-PV4-70,2.0,2,2,2022-02-17,2022-02-18
W001,82479-3AL-NB,2.0,2,1,2025-08-14,2026-02-28
invalid,80408-A71-150,2.0,2,2,2023-04-05,2023-08-04
invalid,80416-HI2-90,2.0,2,1,2023-10-01,2023-10-03
invalid,80432-SK3-100,2.0,2,1,2023-06-15,2023-06-20
W001,67474-WJ3-120,2.0,2,2,2022-02-20,2022-05-11
W001,67477-WN7-110,2.0,2,2,2022-06-09,2022-06-30
W001,47684-WM8-110,2.0,2,1,2022-05-06,2022-05-12
W001,60008-VJ6-80,2.0,2,2,2022-02-14,2022-02-22
W001,60008-VJ7-60,2.0,2,2,2022-01-09,2022-01-12
invalid,67226-76X-60,2.0,2,1,2022-02-01,2022-02-02
invalid,67226-76X-80,2.0,2,1,2022-02-12,2022-02-12
invalid,67226-A91-50,2.0,2,1,2022-01-20,2022-01-25
invalid,67226-AN8-70,2.0,2,1,2022-01-10,2022-01-12
invalid,67228-75M-75,2.0,2,2,2022-01-24,2022-02-23
W001,66973-GF2-90,2.0,2,2,2022-02-01,2022-02-12
W001,66974-JB3-140,2.0,2,2,2022-01-06,2022-01-13
W001,82479-3NA-50,2.0,2,1,2025-04-25,2025-08-23
W001,51058-PV5-100,2.0,2,2,2022-01-07,2022-01-12
W001,51194-011-130,2.0,2,1,2022-02-17,2022-02-19
W001,59957-BX0-140,2.0,2,2,2022-01-11,2022-01-26
W001,67482-WL5-140,2.0,2,1,2022-06-12,2022-06-13
W001,67483-EH3-150,2.0,2,1,2022-03-20,2022-03-22
W001,66974-PW1-130,2.0,2,2,2022-01-03,2022-01-16
invalid,67232-M23-60,2.0,2,2,2022-01-15,2022-01-18
invalid,67232-SR4-85,2.0,2,1,2022-01-25,2022-01-25
invalid,67218-76X-120,2.0,2,2,2022-01-27,2022-02-14
W001,65602-UC3-90,2.0,2,1,2022-06-20,2022-06-20
W001,65602-UC7-85,2.0,2,1,2022-01-24,2022-01-25
W001,65602-UT3-60,2.0,2,2,2022-01-17,2022-01-19
W001,65602-UT3-90,2.0,2,2,2022-01-13,2022-01-26
W001,65602-UT9-85,2.0,2,2,2022-02-17,2022-02-23
invalid,59852-QX6-160,2.0,2,2,2022-01-18,2022-01-18
invalid,59852-TN9-90,2.0,2,2,2022-01-11,2022-11-07
invalid,67225-M23-75,2.0,2,1,2022-01-28,2022-02-01
W001,54901-VQ6-XXL,2.0,2,1,2022-02-25,2022-02-27
W001,54905-015-85,2.0,2,2,2022-01-19,2022-01-25
invalid,68020-XE3-90,2.0,2,1,2022-10-08,2022-10-09
W001,67854-VX9-140,2.0,2,2,2022-06-06,2022-06-28
W001,67855-GK3-140,2.0,2,1,2022-06-29,2022-06-30
invalid,68021-GF2-130,2.0,2,1,2022-10-19,2022-10-19
invalid,68021-VH3-90,2.0,2,1,2022-10-12,2022-10-13
W001,50265-75Z-XS,2.0,2,2,2022-01-11,2022-01-26
W001,50265-Q84-L,2.0,2,2,2022-01-03,2022-01-18
W001,48151-HL3-90,2.0,2,1,2022-02-05,2022-02-21
W001,67854-M91-120,2.0,2,2,2022-06-15,2022-06-20
W001,67854-M91-130,2.0,2,1,2022-07-25,2022-07-25
W001,67854-NV2-150,2.0,2,2,2022-06-09,2022-06-13
W001,67854-VX9-130,2.0,2,2,2022-05-19,2022-06-09
W001,54629-BH5-M,2.0,2,2,2022-02-10,2022-02-14
W001,54630-BH5-M,2.0,2,1,2022-02-05,2022-02-07
W001,36086-A91-110,2.0,2,2,2022-02-02,2022-02-03
W001,36086-A91-120,2.0,2,2,2022-01-16,2022-01-30
W001,65602-VM7-85,2.0,2,2,2022-01-25,2022-01-31
invalid,67217-VJ9-130,2.0,2,2,2022-01-10,2022-01-26
W001,66973-76X-150,2.0,2,2,2022-01-27,2022-02-25
invalid,59852-TP7-160,2.0,2,2,2022-01-02,2022-02-14
invalid,67217-VJ9-140,2.0,2,2,2022-01-25,2022-02-08
W001,67233-VN2-80,2.0,2,2,2022-01-16,2022-02-22
W001,67234-M23-75,2.0,2,2,2022-01-21,2022-02-11
W001,67277-NZ5-100,2.0,2,1,2022-05-21,2022-05-22
W001,67277-NZ5-120,2.0,2,1,2022-04-03,2022-04-06
invalid,68022-G44-110,2.0,2,1,2022-10-31,2022-10-31
invalid,68022-G44-90,2.0,2,1,2022-09-22,2022-09-22
W001,67208-SR4-140,2.0,2,2,2022-01-13,2022-01-25
invalid,80060-021-140,2.0,2,1,2023-02-03,2023-02-10
invalid,80063-DU6-100,2.0,2,1,2022-11-04,2022-11-07
W001,51058-A91-120,2.0,2,2,2022-01-13,2022-01-22
W001,82480-3AP-NB,2.0,1,1,2024-10-08,2024-10-08
W001,82481-3AK-50,2.0,1,1,2025-02-03,2025-02-03
W001,82481-3AK-60,2.0,1,1,2025-02-03,2025-02-03
W001,82481-3AK-85,2.0,2,1,2025-03-03,2025-06-02
W001,82481-3AK-90,2.0,2,1,2025-03-03,2025-06-02
W001,82572-3DY-130,2.0,2,1,2025-01-14,2025-01-15
invalid,67213-GF2-130,2.0,2,2,2022-01-10,2022-01-24
invalid,67213-J81-130,2.0,2,2,2022-02-10,2022-02-22
invalid,67214-SR4-120,2.0,2,1,2022-01-27,2022-01-28
W001,66971-QT3-100,2.0,2,2,2022-01-31,2022-02-19
W001,48383-001-M,2.0,2,2,2022-01-13,2022-01-13
W001,48383-011-S,2.0,2,2,2022-01-13,2022-01-26
W001,48879-FX7-M,2.0,2,1,2022-01-10,2022-01-11
W001,48886-NN9-M,2.0,2,2,2022-01-24,2022-02-09
W001,67214-GF2-90,2.0,2,1,2022-02-10,2022-02-11
W001,82562-3BK-70,2.0,2,1,2025-10-29,2025-11-25
W001,67116-FF5-85,2.0,2,1,2022-01-11,2022-01-12
W001,67117-DW1-110,2.0,2,2,2022-02-15,2022-02-19
W001,67117-DW1-130,2.0,2,2,2022-02-01,2022-02-15
W001,67216-HI2-85,2.0,2,1,2022-06-12,2022-06-15
invalid,59852-TQ7-85,2.0,2,1,2022-01-11,2022-01-18
W001,65602-VM7-70,2.0,2,2,2022-02-06,2022-02-07
W001,65602-VM9-60,2.0,2,2,2022-01-24,2022-06-22
W001,65603-011-60,2.0,2,2,2022-01-17,2022-01-30
W001,65603-011-75,2.0,2,1,2022-01-27,2022-01-27
W001,67490-PB4-120,2.0,2,2,2022-02-22,2022-02-23
invalid,80103-QX6-M,2.0,2,2,2022-12-08,2022-12-12
W001,67208-GF2-110,2.0,2,2,2022-02-09,2022-02-21
W001,67208-GF2-130,2.0,2,2,2022-01-12,2022-01-12
W001,67208-GF2-90,2.0,2,2,2022-01-13,2022-01-19
W001,67208-SR4-110,2.0,2,1,2022-01-31,2022-01-31
W001,67208-SR4-120,2.0,2,2,2022-01-13,2022-02-24
W001,67490-PB4-140,2.0,2,1,2022-02-22,2022-02-26
W001,67853-WX2-90,2.0,2,2,2022-06-05,2022-06-30
W001,67853-WX4-120,2.0,2,2,2022-05-23,2022-06-06
W001,67853-WX4-130,2.0,2,1,2022-05-20,2022-05-21
invalid,68027-201-120,2.0,2,1,2022-07-25,2022-07-27
W001,54058-BH5-150,2.0,2,2,2022-02-05,2022-03-22
invalid,67207-B42-85,2.0,2,1,2022-01-08,2022-01-11
invalid,59852-VP1-130,2.0,2,1,2022-01-10,2022-01-11
W001,66961-VD8-100,2.0,2,1,2022-01-22,2022-01-23
W001,66961-VD8-140,2.0,2,2,2022-01-14,2022-02-14
invalid,67207-GF2-110,2.0,2,1,2022-01-16,2022-01-17
invalid,67208-V98-120,2.0,2,1,2022-01-06,2022-01-10
W001,65603-B42-75,2.0,2,1,2022-02-06,2022-03-21
invalid,67209-76X-130,2.0,2,1,2022-01-10,2022-01-10
invalid,67212-DD4-140,2.0,2,2,2022-01-03,2022-01-10
W001,66971-FJ0-120,2.0,2,1,2022-01-17,2022-01-17
W001,66971-FJ0-140,2.0,2,2,2022-01-19,2022-01-26
invalid,59852-VK5-150,2.0,2,2,2022-01-14,2022-02-23
invalid,59852-VL8-150,2.0,2,2,2022-01-31,2022-02-07
invalid,59852-VL9-160,2.0,2,1,2022-02-02,2022-02-02
W001,65602-VM7-NB,2.0,2,1,2022-01-31,2022-02-01
W001,65602-VM8-80,2.0,2,2,2022-02-14,2022-02-25
W001,66959-VD3-130,2.0,2,1,2022-02-07,2022-02-07
invalid,67196-M23-120,2.0,2,1,2022-01-14,2022-01-16
invalid,67196-M23-150,2.0,2,1,2022-01-21,2022-01-21
invalid,67200-M23-100,2.0,2,2,2023-01-16,2023-01-23
invalid,67201-B42-100,2.0,2,1,2022-01-24,2022-01-26
W001,50265-QY5-XS,2.0,2,1,2022-01-14,2022-01-17
W001,67117-DW1-90,2.0,2,2,2022-01-11,2022-02-14
invalid,67557-WX1-70,2.0,2,2,2022-07-23,2022-08-26
W001,59852-VM2-85,2.0,2,2,2022-01-19,2022-01-20
W001,59852-VP1-120,2.0,2,1,2022-02-22,2022-02-23
W001,59852-XU1-140,2.0,1,1,2024-10-08,2024-10-08
W001,59870-FX7-S,2.0,2,1,2022-02-02,2022-02-02
W001,67158-76X-150,2.0,2,2,2022-01-18,2022-02-20
invalid,67201-B42-140,2.0,2,1,2022-01-03,2022-01-03
invalid,67201-B42-85,2.0,2,2,2022-01-12,2022-02-17
invalid,67201-GF2-140,2.0,2,1,2022-01-19,2022-01-19
W001,67490-SK3-85,2.0,2,1,2022-06-14,2022-06-14
W001,67490-WT8-150,2.0,2,1,2022-07-23,2022-07-25
W001,66960-VD0-110,2.0,2,2,2022-01-11,2022-02-15
W001,66960-VD0-140,2.0,2,1,2022-01-08,2022-01-10
W001,65605-UC3-60,2.0,2,2,2022-01-28,2022-02-17
W001,65605-UC3-70,2.0,2,2,2022-01-27,2022-02-17
W001,65605-UC7-70,2.0,2,2,2022-01-14,2022-01-20
W001,65605-UC7-75,2.0,2,2,2022-01-14,2022-01-16
W001,65605-UT3-80,2.0,2,2,2022-01-13,2022-02-22
W001,65605-UT3-90,2.0,2,2,2022-01-31,2022-02-19
W001,66962-PJ9-120,2.0,2,1,2022-02-10,2022-02-11
invalid,59870-FX7-L,2.0,2,1,2022-02-22,2022-02-25
W001,54062-JB1-90,2.0,2,1,2022-02-14,2022-02-16
W001,67851-VU6-140,2.0,2,2,2022-07-25,2022-07-27
W001,67852-WU4-100,2.0,2,2,2022-06-21,2022-06-24
W001,67201-GF2-100,2.0,2,2,2022-02-01,2022-02-05
invalid,67192-NT9-85,2.0,2,2,2022-01-18,2022-01-18
invalid,67192-VM1-130,2.0,2,2,2022-02-15,2022-02-25
invalid,67194-M23-85,2.0,2,2,2022-01-25,2022-01-26
invalid,67195-015-140,2.0,2,1,2022-01-12,2022-01-12
W001,66959-VG2-90,2.0,2,1,2022-01-20,2022-01-20
W001,66960-QR5-100,2.0,2,2,2022-01-13,2022-02-19
W001,51058-C57-110,2.0,2,1,2022-01-20,2022-01-21
W001,51058-C57-120,2.0,2,2,2022-01-12,2022-02-19
W001,51058-C57-150,2.0,2,2,2022-01-11,2022-02-14
W001,51058-M23-110,2.0,2,2,2022-01-07,2022-01-13
W001,67576-WB4-100,2.0,2,1,2022-06-07,2022-06-07
W001,67579-PG2-120,2.0,2,2,2022-07-28,2022-07-31
W001,51058-M23-120,2.0,2,1,2022-01-07,2022-01-10
invalid,80080-041-100,2.0,2,2,2022-11-25,2022-12-26
W001,82561-3BG-110,2.0,2,1,2025-03-03,2025-05-12
W001,82561-3BG-85,2.0,2,1,2025-03-03,2025-05-12
invalid,60312-V98-130,2.0,2,1,2022-02-12,2022-02-13
W001,66956-SZ5-130,2.0,2,2,2022-01-30,2022-02-02
invalid,67185-M23-120,2.0,2,2,2022-01-18,2022-02-15
invalid,67186-M23-85,2.0,2,2,2023-01-07,2023-02-05
invalid,67188-GF2-100,2.0,2,1,2022-01-24,2022-01-24
W001,66959-VD3-110,2.0,2,2,2022-02-10,2022-02-13
invalid,60008-VJ8-75,2.0,2,1,2022-01-25,2022-01-29
invalid,60008-VJ9-90,2.0,2,1,2022-05-04,2022-06-06
invalid,67191-M23-150,2.0,2,2,2024-01-26,2024-02-06
invalid,67192-GF2-130,2.0,2,1,2022-01-20,2022-01-20
invalid,67192-M23-110,2.0,2,2,2022-01-18,2022-02-13
invalid,67192-NT9-100,2.0,2,2,2022-01-25,2022-02-20
W001,66957-SR4-140,2.0,2,2,2022-01-18,2022-01-24
W001,66959-FJ0-130,2.0,2,2,2022-01-13,2022-02-24
W001,66959-VD3-100,2.0,2,2,2022-02-08,2022-02-19
invalid,67192-NT9-150,2.0,2,1,2022-01-07,2022-01-10
W001,67275-V98-140,2.0,2,2,2022-02-07,2022-02-19
W001,65605-UT9-50,2.0,2,2,2022-01-20,2022-02-02
W001,65605-UU3-75,2.0,2,2,2022-01-16,2022-02-08
invalid,67183-M23-150,2.0,2,1,2022-02-15,2022-02-16
invalid,60284-76X-90,2.0,2,1,2022-01-07,2022-01-11
invalid,60284-A91-90,2.0,2,1,2022-02-10,2022-02-12
W001,67490-WU2-100,2.0,2,2,2022-07-25,2022-08-01
W001,67209-76X-85,2.0,2,2,2022-01-14,2022-01-17
W001,51057-M23-120,2.0,2,2,2022-01-28,2022-01-31
W001,51057-M23-130,2.0,2,2,2022-02-12,2022-02-17
W001,51057-M23-140,2.0,2,1,2022-01-12,2022-01-13
W001,59845-VK5-S,2.0,2,2,2022-01-13,2022-01-17
W001,67158-75M-120,2.0,2,2,2022-01-22,2022-02-05
W001,67158-76X-120,2.0,2,2,2022-01-24,2022-02-26
W001,59852-VL8-90,2.0,2,2,2022-02-14,2022-02-18
invalid,60312-A91-90,2.0,2,2,2022-02-10,2023-02-07
W001,67849-38T-120,2.0,2,2,2022-06-06,2022-06-15
W001,67849-VX9-120,2.0,2,2,2022-07-21,2022-07-22
W001,67849-VX9-130,2.0,2,2,2022-06-27,2022-07-08
W001,67274-WC1-140,2.0,2,1,2022-03-04,2022-03-09
W001,67275-78M-130,2.0,2,2,2022-02-07,2022-02-17
W001,67275-GK3-110,2.0,2,2,2022-03-14,2022-05-19
W001,82561-3B3-120,2.0,2,1,2025-03-03,2025-05-12
W001,82561-3B3-70,2.0,2,1,2025-03-03,2025-05-01
W001,82561-3B3-75,2.0,2,1,2025-03-03,2025-05-01
W001,82561-3B3-80,2.0,2,1,2025-03-03,2025-05-01
W001,82561-3B3-90,2.0,2,1,2025-03-03,2025-05-01
W001,82560-3BE-80,2.0,2,2,2024-10-03,2026-03-13
W001,82560-3BG-90,2.0,1,1,2025-03-28,2025-03-28
W001,82561-3AT-100,2.0,2,1,2025-05-01,2026-05-14
W001,50265-U74-XS,2.0,2,1,2022-01-21,2022-01-22
W001,50265-VJ5-L,2.0,2,2,2022-01-22,2022-02-11
invalid,67180-NU3-100,2.0,2,1,2022-01-13,2022-01-15
W001,36086-B42-110,2.0,2,2,2022-02-08,2022-02-14
W001,36086-B42-140,2.0,2,2,2022-02-05,2022-02-07
W001,67490-WX1-100,2.0,2,1,2022-06-18,2022-06-19
W001,50265-Q84-S,2.0,2,2,2022-01-03,2022-01-26
W001,82560-3B3-90,2.0,1,1,2025-03-28,2025-03-28
W001,59852-VM2-130,2.0,2,2,2022-02-07,2022-02-23
invalid,67567-NV2-130,2.0,2,1,2022-05-12,2022-05-13
invalid,67576-WB6-90,2.0,2,2,2022-06-04,2022-07-25
W001,50265-S74-XS,2.0,2,2,2022-01-13,2022-01-24
W001,67213-J81-90,2.0,2,2,2022-01-20,2022-01-24
W001,67213-SR4-150,2.0,2,2,2022-01-28,2022-02-25
W001,50265-TN7-L,2.0,2,1,2022-01-29,2022-04-03
W001,67274-VP5-150,2.0,2,2,2022-02-05,2022-06-13
W001,67848-VX9-100,2.0,2,2,2022-05-13,2022-06-28
W001,67848-VX9-140,2.0,2,2,2022-05-12,2022-07-01
invalid,60325-VK1-XS,2.0,2,1,2022-01-16,2022-01-17
invalid,60325-VK1-XXL,2.0,2,1,2022-01-06,2022-01-06
W001,65605-XK8-80,2.0,2,1,2022-07-27,2022-07-28
W001,65605-XK8-90,2.0,2,1,2022-07-27,2022-07-27
W001,65606-011-70,2.0,2,1,2022-01-16,2022-01-27
invalid,67176-M23-130,2.0,2,1,2022-02-13,2022-02-13
invalid,67177-76X-120,2.0,2,1,2022-01-20,2022-01-21
invalid,67177-76X-90,2.0,2,2,2022-01-23,2022-01-31
invalid,60325-FU8-XS,2.0,2,1,2022-01-19,2022-01-30
invalid,60325-VJ5-L,2.0,2,2,2022-01-14,2022-02-25
W001,66957-011-140,2.0,2,2,2022-01-10,2022-01-24
W001,66957-015-130,2.0,2,2,2022-02-01,2022-02-14
W001,66957-015-140,2.0,2,1,2022-01-18,2022-01-18
W001,66957-SR4-130,2.0,2,2,2022-01-19,2022-02-19
invalid,67180-CM4-120,2.0,2,2,2022-02-01,2022-02-14
invalid,67180-GF2-130,2.0,2,1,2022-01-27,2022-01-27
W001,67848-NV2-140,2.0,2,1,2022-06-08,2022-06-08
W001,67274-NZ5-85,2.0,2,2,2022-01-23,2022-02-02
W001,36086-011-120,2.0,2,2,2022-01-19,2022-01-24
invalid,67172-M23-140,2.0,2,1,2022-01-20,2022-01-20
W001,59845-VK1-S,2.0,2,2,2022-02-02,2022-02-19
W001,59845-VK5-L,2.0,2,2,2022-01-20,2022-02-20
W001,67208-V98-140,2.0,2,1,2022-01-03,2022-01-04
W001,67209-015-150,2.0,2,2,2022-01-12,2022-01-19
W001,50265-TN7-M,2.0,2,1,2022-01-03,2022-01-03
W001,50265-TN9-S,2.0,2,1,2022-01-12,2022-01-13
W001,50265-TN9-XL,2.0,2,2,2022-01-20,2022-01-20
W001,67122-PT0-140,2.0,2,2,2022-01-13,2022-01-17
W001,82490-3NC-60,2.0,2,1,2025-08-14,2025-08-23
W001,82490-3NC-70,2.0,2,1,2025-08-14,2025-08-23
W001,66955-990-85,2.0,2,1,2022-01-22,2022-01-22
invalid,60325-VK1-M,2.0,2,2,2022-01-26,2022-02-05
W001,66950-VB3-75,2.0,2,2,2022-01-18,2022-02-12
W001,65606-EF5-75,2.0,2,2,2022-01-31,2022-02-08
W001,65606-SR4-60,2.0,2,2,2022-02-23,2022-03-13
invalid,67164-SR4-110,2.0,2,2,2022-01-10,2022-01-28
invalid,60325-XS9-M,2.0,2,2,2022-12-08,2022-12-08
W001,66952-VA4-80,2.0,2,2,2022-02-02,2022-02-14
W001,66952-VA5-60,2.0,2,2,2022-02-08,2022-02-22
W001,66952-VA5-70,2.0,2,2,2022-01-22,2022-02-14
W001,67273-VP5-100,2.0,2,2,2022-02-05,2022-02-22
W001,67273-VP5-110,2.0,2,2,2022-01-19,2022-05-14
W001,67273-WC1-140,2.0,2,2,2022-02-23,2022-03-04
W001,67849-VX9-150,2.0,2,2,2022-06-05,2022-06-13
invalid,68029-A21-100,2.0,2,1,2022-11-27,2022-11-27
invalid,68031-XD5-100,2.0,2,1,2022-11-14,2022-11-14
invalid,68032-VX9-110,2.0,2,2,2022-07-30,2023-01-23
W001,67192-VM1-100,2.0,2,2,2022-01-19,2022-01-19
invalid,80127-036-110,2.0,2,1,2023-01-26,2023-01-27
invalid,80128-560-150,2.0,2,2,2023-12-26,2024-02-02
W001,82482-3AH-70,2.0,2,1,2025-02-05,2025-03-03
W001,82482-3AJ-130,2.0,2,1,2024-12-09,2026-02-05
W001,66952-UT9-50,2.0,2,2,2022-01-19,2022-02-19
W001,66952-UT9-60,2.0,2,2,2022-01-27,2022-01-27
W001,66952-UT9-75,2.0,2,1,2022-01-22,2022-01-23
W001,66952-UT9-85,2.0,2,2,2022-02-15,2022-02-17
invalid,67157-HI2-110,2.0,2,1,2022-02-05,2022-02-06
invalid,67158-JB3-120,2.0,2,1,2022-02-02,2022-02-03
invalid,67158-JB3-140,2.0,2,2,2022-01-20,2022-01-27
invalid,67159-75M-150,2.0,2,1,2022-01-20,2022-01-21
W001,66953-990-70,2.0,2,2,2022-01-12,2022-01-27
invalid,60363-292-110,2.0,2,1,2023-08-03,2023-08-04
invalid,60363-303-85,2.0,2,1,2023-05-04,2023-05-04
invalid,60363-331-110,2.0,2,1,2023-08-02,2023-08-03
W001,82482-3MX-75,2.0,2,1,2025-12-28,2026-02-12
W001,51057-PV5-110,2.0,2,2,2022-01-24,2022-02-23
W001,66947-VA5-50,2.0,2,2,2022-01-18,2022-02-01
invalid,67130-TS1-XL,2.0,2,2,2022-01-17,2022-02-09
invalid,60363-Y74-110,2.0,2,1,2022-01-15,2022-01-15
invalid,67154-VH5-120,2.0,2,1,2022-01-10,2022-01-10
invalid,67157-GF2-120,2.0,2,1,2022-09-20,2022-09-20
W001,66952-SY2-60,2.0,2,2,2022-01-19,2022-02-17
W001,82490-3NC-75,2.0,2,1,2025-08-14,2025-08-23
W001,82490-3NC-80,2.0,2,1,2025-08-14,2025-08-23
W001,82490-3NC-85,2.0,2,1,2025-08-14,2025-08-23
W001,82490-3NC-90,2.0,2,1,2025-08-14,2025-08-23
W001,82492-3AZ-L,2.0,1,1,2024-12-10,2024-12-10
invalid,80207-75Z-S,2.0,2,2,2022-12-07,2023-01-06
W001,67501-SR4-120,2.0,2,2,2022-02-20,2024-10-09
W001,67506-EF5-110,2.0,2,2,2022-06-18,2022-06-29
W001,67845-31A-90,2.0,2,2,2022-05-21,2022-06-30
W001,67845-DK4-140,2.0,2,1,2022-06-10,2022-06-10
W001,67845-Y70-130,2.0,2,2,2022-06-08,2022-07-23
W001,53841-PU9-90,2.0,2,2,2022-02-18,2022-03-27
W001,66947-UU3-85,2.0,2,2,2022-01-21,2022-01-26
W001,66947-UU3-90,2.0,2,2,2022-01-27,2022-02-20
W001,82482-3AJ-80,2.0,2,1,2024-10-08,2026-02-05
W001,82482-3AC-70,2.0,1,1,2025-06-25,2025-06-25
W001,67513-SK3-XL,2.0,2,2,2022-02-25,2022-06-22
invalid,80207-XS6-S,2.0,2,2,2022-11-05,2023-01-25
invalid,80207-xw3-S,2.0,2,1,2023-01-30,2023-01-30
invalid,80256-NZ5-100,2.0,2,1,2023-06-14,2023-06-16
invalid,80257-260-110,2.0,2,2,2023-02-01,2023-06-14
W001,82490-3MZ-90,2.0,2,1,2025-08-01,2025-08-23
W001,82490-3NC-50,2.0,2,1,2025-08-14,2025-08-23
W001,82482-3MX-130,2.0,2,1,2025-12-28,2026-02-12
W001,65607-011-60,2.0,2,2,2022-01-22,2022-02-08
W001,65607-011-85,2.0,2,2,2022-02-18,2022-02-23
W001,65607-B42-50,2.0,2,2,2022-01-23,2022-02-01
W001,65607-B42-85,2.0,2,2,2022-02-17,2022-02-17
W001,65607-B42-90,2.0,2,2,2022-01-25,2022-02-23
W001,65607-EF5-50,2.0,2,1,2022-01-17,2022-01-17
W001,65607-EF5-60,2.0,2,2,2022-01-30,2022-02-11
invalid,60395-VJ9-140,2.0,2,2,2022-01-16,2022-01-21
invalid,60395-VJ9-90,2.0,2,1,2022-01-14,2022-01-15
W001,66947-UT9-85,2.0,2,2,2022-02-11,2022-02-17
W001,66947-UT9-90,2.0,2,1,2022-02-22,2022-02-22
W001,66947-UU3-60,2.0,2,2,2022-01-14,2022-01-21
W001,66947-UU3-75,2.0,2,2,2022-01-24,2022-02-23
invalid,68035-XH6-130,2.0,2,1,2022-11-27,2022-11-27
W001,53841-PU9-120,2.0,2,1,2022-01-12,2022-01-15
W001,67845-31A-140,2.0,2,2,2022-05-22,2022-06-09
W001,67798-76X-70,2.0,2,1,2022-07-26,2022-07-26
W001,67798-76X-90,2.0,2,2,2022-06-15,2022-07-25
W001,67259-VN3-70,2.0,2,1,2022-01-23,2022-02-15
W001,67260-VN4-L,2.0,2,2,2022-02-05,2022-02-25
invalid,67122-PT0-85,2.0,2,1,2022-01-12,2022-01-19
invalid,67123-PT0-M,2.0,2,1,2022-01-26,2022-01-28
invalid,67126-QR7-M,2.0,2,1,2022-02-22,2022-02-28
W001,51057-PW1-130,2.0,2,1,2022-01-14,2022-01-17
W001,51057-PW1-90,2.0,2,2,2022-01-13,2022-01-21
W001,82490-3AG-90,2.0,2,1,2024-12-10,2025-08-23
W001,82490-3MX-60,2.0,2,1,2025-08-23,2026-03-17
W001,51057-015-120,2.0,2,2,2022-01-11,2022-02-14
W001,51057-015-80,2.0,2,2,2022-02-09,2022-03-06
W001,51057-A79-120,2.0,2,1,2022-07-13,2022-07-28
W001,82482-3MZ-130,2.0,2,1,2025-05-20,2025-08-01
invalid,67127-QR7-L,2.0,2,1,2022-02-15,2022-02-15
invalid,68045-015-85,2.0,2,1,2023-11-19,2023-11-19
W001,52706-NP0-90,2.0,2,2,2022-01-24,2022-02-15
W001,82482-3MZ-70,2.0,1,1,2025-09-18,2025-09-18
W001,82482-3BI-130,2.0,2,1,2024-10-14,2025-02-03
W001,82482-3BI-80,2.0,2,1,2024-10-08,2025-03-12
W001,59852-VK5-110,2.0,2,2,2022-01-31,2022-02-23
W001,59852-VK6-110,2.0,2,1,2022-01-12,2022-01-12
W001,59852-VL8-120,2.0,2,2,2022-02-10,2022-02-17
W001,67514-SK3-XL,2.0,2,1,2022-03-09,2022-03-10
W001,67514-SK3-XS,2.0,2,2,2022-02-18,2022-02-23
W001,67514-WT8-S,2.0,2,2,2022-07-21,2022-07-21
W001,67514-WT8-XL,2.0,2,1,2022-07-25,2022-07-26
W001,50265-VJ7-S,2.0,2,2,2022-01-10,2022-01-14
W001,67798-VX9-90,2.0,2,1,2022-07-25,2022-07-25
W001,67845-31A-110,2.0,2,1,2022-07-01,2022-07-03
W001,67845-31A-130,2.0,2,2,2022-05-15,2022-05-20
W001,65607-GF2-75,2.0,2,1,2022-01-21,2022-01-21
W001,65607-GF2-85,2.0,2,2,2022-01-14,2022-01-19
W001,65607-SR4-75,2.0,2,1,2022-01-23,2022-01-24
W001,65607-SR4-85,2.0,2,2,2022-02-17,2022-02-19
W001,66945-VF4-80,2.0,2,1,2022-02-10,2022-02-12
W001,66946-GF2-85,2.0,2,2,2022-01-07,2022-02-02
W001,66946-SR4-90,2.0,2,2,2022-01-27,2022-02-03
W001,65607-SR4-NB,2.0,2,2,2022-02-13,2022-02-19
invalid,67107-VN9-120,2.0,2,2,2022-01-20,2022-01-23
W001,66947-UC7-50,2.0,2,2,2022-01-11,2022-01-14
W001,66947-UC7-90,2.0,2,2,2022-01-13,2022-01-17
W001,36086-011-85,2.0,2,2,2022-02-17,2022-02-23
W001,67262-VN4-110,2.0,2,2,2022-01-17,2022-01-17
W001,67262-VN4-120,2.0,2,2,2022-01-06,2022-01-12
W001,67263-VN4-S/M,2.0,2,2,2022-01-25,2022-01-25
W001,67268-BH5-L,2.0,2,2,2022-02-23,2022-03-25
W001,67798-78M-90,2.0,2,1,2022-07-29,2022-07-29
W001,52718-Q84-50,2.0,2,2,2022-01-08,2022-01-20
W001,52733-AN8-1,2.0,2,2,2022-01-20,2022-02-22
W001,52733-AN8-5,2.0,2,2,2022-01-22,2022-02-15
W001,52809-FV7-L,2.0,2,1,2022-01-10,2022-01-11
W001,52605-75Z-10,2.0,2,2,2022-01-13,2022-01-24
W001,67710-WV7-60,2.0,2,2,2022-05-20,2022-05-24
W001,67197-M23-110,2.0,2,2,2022-02-07,2022-02-17
invalid,67091-XM3-90,2.0,2,1,2022-12-09,2022-12-10
invalid,67092-F04-140,2.0,2,1,2022-01-04,2022-01-06
invalid,67092-UD1-140,2.0,2,1,2022-01-04,2022-01-06
invalid,60599-XA6-120,2.0,2,1,2022-07-30,2022-07-30
invalid,60599-uv8-120,2.0,1,1,2022-01-10,2022-01-10
invalid,60599-vf7-130,2.0,2,2,2022-01-06,2022-01-16
W001,65607-EF5-85,2.0,2,2,2022-01-14,2022-02-10
W001,65607-EF5-90,2.0,2,2,2022-02-22,2022-02-22
W001,65612-PV4-80,2.0,2,1,2022-01-20,2022-01-20
W001,66944-EF5-75,2.0,2,2,2022-01-17,2022-02-24
W001,66945-VF4-60,2.0,2,2,2022-01-13,2022-01-19
W001,66945-VF4-70,2.0,2,2,2022-01-11,2022-02-11
invalid,67091-XM3-100,2.0,2,1,2022-12-27,2022-12-27
W001,67557-VS9-80,2.0,2,2,2022-05-19,2022-06-16
W001,67557-WT8-80,2.0,2,2,2022-06-15,2022-07-22
W001,67557-WV1-80,2.0,2,2,2022-07-22,2022-07-28
W001,67557-WV2-70,2.0,2,2,2022-06-16,2022-06-30
W001,67557-WV2-80,2.0,2,2,2022-06-09,2022-06-15
W001,51057-011-85,2.0,2,2,2022-01-18,2022-02-27
W001,50265-VK1-M,2.0,2,2,2022-01-13,2022-02-08
W001,50265-VK1-S,2.0,2,2,2022-01-12,2022-01-18
W001,59852-VL8-140,2.0,2,2,2022-01-31,2022-02-17
W001,67123-PT0-M,2.0,2,2,2022-01-02,2022-02-05
W001,67798-78M-80,2.0,2,2,2022-06-20,2022-06-21
W001,66940-B42-60,2.0,2,2,2022-02-01,2022-02-02
W001,66940-SR4-70,2.0,2,1,2022-01-08,2022-01-11
W001,67125-QR7-M,2.0,2,2,2022-02-12,2022-02-17
W001,82489-3BI-75,2.0,2,1,2025-03-22,2025-08-14
W001,82489-3MX-50,2.0,2,1,2025-09-27,2026-02-28
W001,82489-3MX-70,2.0,2,1,2025-09-27,2026-02-28
W001,67213-GF2-130,2.0,2,2,2022-02-02,2022-02-14
W001,67213-GF2-90,2.0,2,2,2022-01-23,2022-02-11
invalid,67686-WY5-120,2.0,2,2,2022-06-10,2022-06-15
invalid,67691-BD4-90,2.0,2,1,2022-06-09,2022-06-09
W001,82483-3AC-75,2.0,2,1,2025-03-17,2026-02-25
W001,82483-3AC-80,2.0,2,1,2025-03-17,2026-02-25
W001,67261-VN4-L,2.0,2,2,2022-01-03,2022-01-06
W001,36086-015-90,2.0,2,2,2022-01-13,2022-02-13
invalid,82405-990-OS,2.0,2,1,2024-11-27,2024-12-19
W001,65612-EF5-70,2.0,2,2,2022-01-27,2022-02-17
invalid,68048-GF2-50,2.0,2,1,2022-07-20,2022-07-27
W001,67784-001-70,2.0,2,1,2022-06-30,2022-07-01
W001,67788-WU4-70,2.0,2,2,2022-07-31,2022-08-02
W001,67788-WX1-80,2.0,2,1,2022-07-24,2022-07-26
W001,67791-WV1-80,2.0,2,2,2022-07-25,2022-07-28
W001,67791-WV5-75,2.0,2,2,2022-06-15,2022-06-26
W001,67255-TN9-XL,2.0,2,1,2022-01-09,2022-01-10
invalid,60600-WU9-100,2.0,2,2,2022-05-12,2022-05-25
W001,66937-B42-85,2.0,2,2,2022-01-30,2022-02-15
W001,66937-TN4-85,2.0,2,2,2022-01-12,2022-01-31
W001,66937-TN4-90,2.0,2,2,2022-01-12,2022-01-27
W001,66939-VM7-60,2.0,2,1,2022-01-17,2022-01-17
W001,66939-VM7-90,2.0,2,2,2022-02-06,2022-02-15
invalid,67088-VH4-140,2.0,2,2,2022-02-11,2022-02-12
invalid,67090-XC8-100,2.0,2,1,2023-01-24,2023-02-04
W001,66939-VN2-90,2.0,2,2,2022-01-31,2022-02-12
W001,66936-UT9-75,2.0,2,2,2022-01-17,2022-02-14
invalid,60600-WT7-120,2.0,2,1,2022-07-01,2022-07-02
W001,67255-FU8-XXL,2.0,2,1,2022-01-13,2022-01-13
W001,52605-75Z-12,2.0,2,2,2022-02-18,2022-02-20
W001,67210-SR4-100,2.0,2,2,2022-01-12,2022-02-19
W001,67556-NV2-80,2.0,2,2,2022-05-26,2022-06-30
W001,67557-VS9-60,2.0,2,2,2022-06-15,2022-06-30
W001,51042-NV2-85,2.0,2,2,2022-05-14,2022-05-23
W001,51042-SR4-70,2.0,2,2,2022-06-04,2022-06-28
W001,82483-3AG-80,2.0,2,1,2025-02-12,2025-03-17
W001,82483-3AH-130,2.0,2,1,2025-03-17,2025-04-28
W001,67513-WV1-XL,2.0,2,2,2022-05-27,2022-06-21
W001,67513-WV2-XL,2.0,2,1,2022-06-08,2022-06-09
W001,67513-WX1-L,2.0,2,2,2022-07-21,2022-07-22
W001,67513-WX1-M,2.0,2,2,2022-06-27,2022-07-23
W001,52605-FU8-12,2.0,2,2,2022-02-09,2022-02-19
W001,67194-GF2-90,2.0,2,2,2022-01-13,2022-01-16
W001,66936-VA3-60,2.0,2,2,2022-02-02,2022-02-22
W001,66936-VA3-80,2.0,2,2,2022-01-19,2022-02-07
W001,66936-VA3-90,2.0,2,2,2022-02-01,2022-02-15
W001,66936-VK1-60,2.0,2,1,2022-01-16,2022-01-17
W001,66936-VK1-90,2.0,2,2,2022-01-12,2022-02-07
W001,66936-RB7-90,2.0,2,2,2022-02-08,2022-02-12
W001,66936-SY2-60,2.0,2,2,2022-01-15,2022-02-14
W001,65633-J81-80,2.0,2,1,2022-01-03,2022-01-07
W001,65633-SR4-85,2.0,2,1,2022-01-13,2022-01-13
W001,65635-015-100,2.0,2,2,2022-02-16,2022-02-25
W001,65635-015-130,2.0,2,1,2022-01-12,2022-01-13
W001,65635-015-80,2.0,2,1,2022-02-16,2022-02-22
invalid,67087-76X-120,2.0,2,2,2022-01-29,2022-02-11
invalid,67087-76X-140,2.0,2,2,2022-01-23,2022-02-23
invalid,67087-GF2-150,2.0,2,1,2022-02-17,2022-02-19
W001,66936-SY2-75,2.0,2,2,2022-01-08,2022-01-14
W001,66936-SY2-85,2.0,2,2,2022-01-10,2022-02-10
W001,66936-TN9-75,2.0,2,2,2022-02-14,2022-02-20
W001,66936-TN9-80,2.0,2,2,2022-02-02,2022-02-22
invalid,60604-vf7-L,2.0,2,2,2022-02-06,2022-02-15
W001,52706-FX9-100,2.0,2,2,2022-01-28,2022-02-16
W001,52706-FX9-150,2.0,2,2,2022-01-13,2024-10-09
W001,67127-QR7-L,2.0,2,1,2022-02-17,2022-02-19
W001,67128-NG1-100,2.0,2,2,2022-01-16,2022-02-20
W001,67128-NG1-120,2.0,2,2,2022-01-13,2022-02-23
W001,67128-NG1-130,2.0,2,2,2022-01-19,2022-01-27
W001,67128-NG1-150,2.0,2,1,2022-01-16,2022-01-16
W001,67129-TS1-L,2.0,2,1,2022-02-02,2022-02-06
invalid,80155-XV6-S,2.0,2,1,2023-01-09,2023-01-16
W001,67193-76X-140,2.0,2,2,2022-01-24,2022-02-17
W001,67193-76X-150,2.0,2,2,2022-01-12,2022-01-22
W001,66934-SR4-75,2.0,2,2,2022-02-16,2022-02-17
W001,66935-JB3-NB,2.0,2,2,2022-01-17,2022-04-23
W001,66935-SR4-50,2.0,2,2,2022-01-15,2022-02-11
invalid,67053-HI7-85,2.0,2,2,2022-01-22,2022-02-07
invalid,67056-GF2-130,2.0,2,1,2022-03-24,2022-03-25
invalid,67057-76X-120,2.0,2,1,2022-01-20,2022-02-01
invalid,67059-SR4-100,2.0,2,1,2022-01-21,2022-01-23
invalid,67061-011-140,2.0,2,1,2022-01-03,2022-01-03
invalid,60609-TW8-130,2.0,2,1,2022-01-16,2022-01-17
invalid,60611-TX8-150,2.0,2,2,2022-02-27,2022-07-26
W001,67249-SR4-80,2.0,2,2,2022-02-07,2022-02-13
W001,67250-HI2-80,2.0,2,2,2022-05-26,2022-07-06
W001,67251-S74-S,2.0,2,2,2022-01-22,2022-02-02
W001,67251-VN7-L,2.0,2,2,2022-01-28,2022-02-07
W001,67255-75Z-XL,2.0,2,2,2022-01-03,2022-01-10
W001,66936-SY2-70,2.0,2,2,2022-01-19,2022-02-17
W001,67132-022-M,2.0,2,2,2024-10-09,2024-10-09
W001,82488-3AE-NB,2.0,1,1,2025-02-03,2025-02-03
W001,82483-3AJ-90,2.0,2,1,2025-03-17,2025-06-19
W001,66936-RB7-80,2.0,2,2,2022-01-11,2022-01-24
invalid,60611-UW6-85,2.0,2,1,2022-01-27,2022-01-28
W001,66930-ST6-75,2.0,2,2,2022-01-27,2022-02-08
W001,66930-ST6-85,2.0,2,2,2022-02-05,2022-02-22
W001,65635-A91-120,2.0,2,2,2022-01-02,2022-01-18
W001,65639-AM7-110,2.0,2,2,2022-01-21,2022-01-24
W001,65639-SR4-80,2.0,2,2,2022-01-02,2022-02-18
invalid,67048-926-110,2.0,2,1,2023-12-21,2023-12-21
invalid,67050-76X-140,2.0,2,2,2022-01-07,2022-01-26
invalid,60611-UW6-120,2.0,2,2,2022-01-27,2022-02-07
invalid,60611-UW6-160,2.0,2,1,2022-01-17,2022-01-19
W001,66934-JB3-75,2.0,2,2,2022-01-17,2022-01-22
W001,66934-SR4-70,2.0,2,2,2022-01-12,2022-02-24
W001,66928-JG8-90,2.0,2,1,2022-06-07,2022-06-08
W001,66929-BD4-60,2.0,2,2,2022-01-25,2022-02-23
invalid,67044-DD4-140,2.0,2,2,2024-01-03,2024-01-03
invalid,67044-GF2-130,2.0,2,1,2023-01-25,2023-01-26
invalid,67044-HI7-140,2.0,2,2,2022-01-13,2022-01-18
invalid,67044-VH3-90,2.0,2,1,2022-10-07,2022-10-08
invalid,67044-VX9-120,2.0,2,2,2022-11-23,2023-01-19
invalid,80155-xw3-L,2.0,2,1,2022-12-20,2022-12-20
W001,50265-VJ6-XL,2.0,2,2,2022-01-07,2022-01-13
W001,50265-VJ6-XS,2.0,2,2,2022-01-12,2022-01-19
W001,67514-WT8-XS,2.0,2,1,2022-06-09,2022-06-13
W001,67514-WV1-L,2.0,2,2,2022-06-06,2022-06-07
W001,67517-VU6-120,2.0,2,2,2022-02-14,2022-02-18
W001,67213-015-110,2.0,2,2,2022-02-10,2022-02-19
W001,67213-015-150,2.0,2,2,2022-01-19,2022-01-23
W001,67131-TS1-XL,2.0,2,1,2022-01-12,2022-01-13
W001,59852-VK3-130,2.0,2,2,2022-01-30,2022-02-10
W001,59852-VK3-85,2.0,2,2,2022-01-18,2022-01-26
W001,67237-BD4-85,2.0,2,2,2022-01-12,2022-01-23
invalid,67025-PW1-S,2.0,2,2,2022-01-23,2022-02-11
invalid,67027-D16-100,2.0,2,1,2023-01-13,2023-01-15
invalid,67033-B42-100,2.0,2,1,2022-01-11,2022-01-12
invalid,67033-B42-120,2.0,2,2,2022-01-13,2022-02-14
invalid,67034-015-90,2.0,2,1,2022-11-15,2022-11-17
W001,66930-EF5-50,2.0,2,1,2022-01-05,2022-01-17
invalid,67041-M23-120,2.0,2,1,2022-01-30,2022-02-01
W001,65666-B42-80,2.0,2,1,2022-04-08,2022-04-10
invalid,67044-06G-90,2.0,2,1,2022-12-04,2022-12-05
W001,66934-BD4-75,2.0,2,2,2022-01-19,2022-01-22
invalid,60611-VX4-160,2.0,2,1,2022-07-27,2022-07-27
invalid,60611-XF7-160,2.0,2,1,2022-07-24,2022-07-24
W001,66928-JG8-70,2.0,2,2,2022-05-19,2022-07-07
invalid,82487-3ND-85,2.0,1,1,2025-05-01,2025-05-01
invalid,82490-3AG-80,2.0,1,1,2024-12-10,2024-12-10
W001,67235-M23-90,2.0,2,2,2022-01-12,2022-01-27
W001,67236-M23-50,2.0,1,1,2022-01-27,2022-01-27
W001,67236-M23-75,2.0,2,2,2022-02-23,2022-02-23
W001,67236-M23-80,2.0,2,1,2022-02-18,2022-02-20
W001,67236-M23-90,2.0,2,2,2022-01-31,2022-02-11
W001,82483-3BI-75,2.0,2,1,2025-02-12,2025-03-03
W001,82483-3AG-130,2.0,2,1,2025-02-12,2025-04-28
W001,82483-3AG-75,2.0,2,1,2025-02-12,2025-03-17
W001,51057-A91-80,2.0,2,1,2022-01-17,2022-02-14
W001,51057-A91-85,2.0,2,1,2022-02-28,2022-03-01
W001,51057-A91-90,2.0,2,2,2022-02-21,2022-02-22
W001,67209-AN8-110,2.0,2,2,2022-01-23,2022-02-25
invalid,67592-WS7-120,2.0,2,1,2022-05-28,2022-05-29
W001,59852-VK3-120,2.0,2,2,2022-01-02,2022-01-05
invalid,66998-SZ5-130,2.0,2,2,2022-01-13,2022-02-02
invalid,66999-VF3-130,2.0,2,1,2022-01-14,2022-01-16
W001,65671-PV5-90,2.0,2,2,2022-01-12,2022-01-21
W001,66921-M23-50,2.0,2,1,2022-01-24,2022-01-25
W001,66921-M23-70,2.0,2,1,2022-01-09,2022-01-10
W001,66921-SR4-80,2.0,2,2,2022-02-02,2022-02-06
invalid,67012-AT2-85,2.0,2,1,2022-01-16,2022-01-16
invalid,67014-UU9-S,2.0,2,2,2022-01-04,2022-02-03
invalid,67020-67L-120,2.0,2,1,2022-01-11,2022-01-11
invalid,67020-67L-140,2.0,2,1,2022-01-18,2022-01-20
invalid,67020-SR4-110,2.0,2,1,2022-01-11,2022-01-12
invalid,67023-24D-120,2.0,2,2,2022-01-05,2022-02-26
invalid,67025-PW1-M,2.0,2,1,2022-01-12,2022-01-13
invalid,82486-3BH-85,2.0,2,1,2024-10-08,2024-10-14
invalid,82487-3BH-100,2.0,1,1,2025-02-06,2025-02-06
invalid,82487-3BH-90,2.0,1,1,2025-02-06,2025-02-06
W001,82487-3BJ-70,2.0,1,1,2025-02-06,2025-02-06
W001,82487-3ND-100,2.0,2,1,2025-05-01,2025-05-01
W001,67157-75M-140,2.0,2,1,2022-01-16,2022-01-17
W001,67157-75M-90,2.0,2,1,2022-02-18,2022-02-19
W001,82484-3AC-85,2.0,2,1,2025-03-28,2025-04-28
W001,67770-V98-85,2.0,2,1,2022-06-03,2022-06-03
W001,67773-WU1-85,2.0,2,1,2022-07-05,2022-07-05
W001,67773-WU4-70,2.0,2,2,2022-06-22,2022-07-04
W001,67773-WU4-85,2.0,2,2,2022-06-30,2022-07-01
W001,67773-WV1-50,2.0,2,1,2022-07-29,2022-07-29
W001,67773-WV1-60,2.0,2,2,2022-07-26,2022-07-28
W001,67773-WV1-75,2.0,2,2,2022-06-08,2022-07-22
W001,67773-WV1-80,2.0,2,2,2022-07-25,2022-07-28
W001,67773-WX3-75,2.0,2,2,2022-06-28,2022-06-30
W001,52706-NP0-100,2.0,2,2,2022-01-12,2022-01-19
W001,52706-NP0-110,2.0,2,2,2022-01-10,2022-02-06
W001,67249-M23-50,2.0,2,1,2022-01-07,2022-01-12
invalid,82490-3MZ-70,2.0,1,1,2025-04-25,2025-04-25
W001,33218-TD4-100,2.0,2,2,2022-06-06,2022-06-07
W001,33218-TT2-100,2.0,2,2,2022-06-06,2022-06-18
invalid,60784-NZ5-XL,2.0,2,1,2022-07-17,2022-07-18
invalid,60784-VP5-XL,2.0,2,1,2022-03-01,2022-03-05
invalid,61384-A91-150,2.0,2,2,2022-01-04,2022-01-20
invalid,61944-TY2-80,2.0,2,1,2022-01-26,2022-02-07
invalid,80144-CK7-90,2.0,2,1,2022-12-14,2022-12-14
invalid,80144-VL8-85,2.0,2,2,2023-01-26,2023-01-27
W001,67517-WT8-120,2.0,2,2,2022-07-22,2022-07-22
W001,67517-WT8-130,2.0,2,2,2022-05-15,2022-06-06
W001,67518-VU9-150,2.0,2,2,2022-07-22,2022-07-25
invalid,80144-XU7-90,2.0,2,1,2023-01-27,2023-01-28
invalid,80145-HQ7-90,2.0,2,1,2022-12-14,2022-12-16
invalid,80154-WS9-L,2.0,2,1,2022-08-10,2022-08-13
W001,82487-3ND-70,2.0,1,1,2025-05-01,2025-05-01
W001,82487-3ND-75,2.0,1,1,2025-05-01,2025-05-01
W001,82487-3ND-80,2.0,1,1,2025-05-01,2025-05-01
W001,82487-3ND-90,2.0,1,1,2025-05-01,2025-05-01
W001,82487-3BH-70,2.0,1,1,2025-02-06,2025-02-06
invalid,61956-XA4-150,2.0,2,1,2022-07-11,2022-07-12
invalid,62027-PB4-75,2.0,2,1,2022-01-11,2022-01-12
invalid,66982-PJ9-130,2.0,2,2,2022-01-04,2022-01-25
invalid,66985-VF5-XL,2.0,2,2,2022-02-02,2022-02-12
invalid,66988-VF4-S,2.0,2,1,2022-01-19,2022-01-22
W001,66921-B42-50,2.0,2,2,2022-02-09,2022-02-23
W001,66921-B42-60,2.0,2,2,2022-01-03,2022-02-18
W001,66921-EF5-50,2.0,2,2,2022-01-25,2022-02-21
W001,65738-001-XL,2.0,2,1,2022-01-21,2022-01-23
W001,67247-M23-80,2.0,2,2,2022-01-12,2022-01-17
W001,67247-SR4-75,2.0,2,2,2022-01-14,2022-02-05
W001,66920-VA4-85,2.0,1,1,2022-02-17,2022-02-17
W001,65776-UT9-XS,2.0,2,2,2022-01-13,2022-01-20
W001,65776-UU3-XS,2.0,2,2,2022-01-21,2022-02-08
W001,65783-UC3-OS,2.0,2,2,2022-01-18,2022-01-24
W001,65784-UT9-OS,2.0,2,1,2022-01-23,2022-01-24
invalid,66976-JB3-150,2.0,2,1,2022-01-26,2022-01-26
invalid,66982-NB1-140,2.0,2,1,2022-02-03,2022-02-06
W001,66921-EF5-80,2.0,2,1,2022-01-25,2022-01-26
W001,82483-3N3-100,2.0,1,1,2025-05-20,2025-05-20
W001,82483-3N3-85,2.0,1,1,2025-05-20,2025-05-20
W001,82483-3N3-90,2.0,1,1,2025-05-20,2025-05-20
W001,82483-3AJ-110,2.0,2,1,2025-03-17,2025-06-19
W001,82483-3AJ-120,2.0,2,1,2025-03-17,2025-06-19
W001,82483-3AJ-85,2.0,2,1,2025-03-17,2025-06-19
W001,82487-3ND-110,2.0,1,1,2025-05-01,2025-05-01
W001,82487-3ND-120,2.0,1,1,2025-05-01,2025-05-01
W001,67770-78M-70,2.0,2,1,2022-07-05,2022-07-10
W001,67770-78M-75,2.0,2,2,2022-05-10,2022-05-21
W001,67770-78M-85,2.0,2,2,2022-05-23,2022-06-28
W001,67770-SR4-75,2.0,2,2,2022-05-21,2022-06-30
W001,65788-B42-5,2.0,2,2,2022-01-13,2022-01-31
W001,82487-3BA-130,2.0,1,1,2025-06-25,2025-06-25
W001,82487-3BA-70,2.0,1,1,2025-06-25,2025-06-25
W001,82487-3BA-75,2.0,1,1,2025-06-25,2025-06-25
W001,82487-3BA-80,2.0,1,1,2025-06-25,2025-06-25
W001,82487-3BC-110,2.0,2,1,2025-02-18,2026-02-05
W001,50764-UD9-XL,2.0,2,2,2022-01-10,2022-05-25
W001,65788-EF5-2,2.0,2,2,2022-01-26,2022-02-08
invalid,66961-VD8-130,2.0,2,2,2022-01-10,2022-02-21
invalid,66962-PJ9-130,2.0,2,2,2022-01-31,2022-02-10
invalid,66973-GF2-100,2.0,2,2,2022-02-07,2022-02-07
W001,66863-UY7-130,2.0,2,2,2022-01-07,2022-01-18
W001,66852-RS8-S,2.0,2,2,2022-01-31,2022-02-22
W001,66857-KZ5-XL,2.0,2,2,2022-01-03,2022-02-20
W001,66861-TZ8-100,2.0,2,2,2022-01-27,2022-02-07
invalid,66959-FJ0-120,2.0,2,1,2022-01-10,2022-01-11
invalid,66961-VD8-100,2.0,2,1,2022-02-01,2022-02-02
W001,65788-011-2,2.0,2,2,2022-01-14,2022-01-26
invalid,62027-TW3-85,2.0,2,1,2022-01-12,2022-01-12
invalid,62027-VL8-85,2.0,2,2,2022-01-10,2022-02-01
invalid,62027-VL9-50,2.0,2,2,2022-01-06,2022-01-21
W001,52706-NP0-140,2.0,2,1,2022-01-08,2022-01-10
W001,52706-NP0-160,2.0,2,2,2022-01-16,2022-02-07
invalid,68071-XA7-60,2.0,2,1,2022-12-26,2022-12-26
invalid,68082-XC8-85,2.0,2,1,2022-11-11,2022-11-12
invalid,68099-XH4-150,2.0,2,1,2022-11-27,2022-11-28
W001,67767-WW6-75,2.0,2,2,2022-06-12,2022-06-21
W001,67767-WW6-90,2.0,2,1,2022-06-30,2022-06-30
invalid,66950-VB3-90,2.0,2,2,2022-01-17,2022-02-19
invalid,66952-VA5-50,2.0,2,2,2022-02-08,2022-02-23
invalid,66952-VA5-60,2.0,2,2,2022-01-16,2022-02-07
invalid,66952-VA5-80,2.0,2,1,2022-01-09,2022-01-09
invalid,66952-VB2-60,2.0,2,2,2022-01-12,2022-02-15
W001,67547-78M-70,2.0,2,1,2022-06-30,2022-07-01
W001,67547-78M-75,2.0,2,1,2022-07-05,2022-07-08
W001,67209-A91-150,2.0,2,2,2022-01-13,2022-01-28
W001,59852-TN7-100,2.0,2,2,2022-01-04,2022-01-10
invalid,67681-SR4-90,2.0,2,1,2023-04-06,2023-04-06
invalid,67686-WY4-100,2.0,2,2,2022-06-14,2022-06-21
invalid,67601-VH1-120,2.0,2,1,2022-07-29,2022-07-30
W001,82486-3NE-110,2.0,2,1,2025-11-21,2025-12-16
W001,82486-3NE-120,2.0,2,1,2025-11-21,2025-12-16
invalid,66954-ST6-90,2.0,2,1,2022-01-02,2022-01-02
invalid,66958-EV5-120,2.0,2,2,2022-01-03,2022-02-08
W001,65788-EF5-5,2.0,2,2,2022-01-21,2022-01-26
W001,66849-RS8-NB,2.0,2,1,2022-02-13,2022-02-15
W001,66851-RS8-S,2.0,2,1,2022-01-02,2022-01-04
W001,66852-RS8-M,2.0,2,2,2022-01-12,2022-02-07
invalid,62027-XH5-85,2.0,1,1,2022-07-31,2022-07-31
invalid,66940-VA7-70,2.0,2,1,2022-01-13,2022-01-14
invalid,66947-UT3-80,2.0,2,1,2022-01-10,2022-01-11
W001,66846-UA1-90,2.0,2,2,2022-01-30,2022-02-23
W001,66847-RS8-M,2.0,2,2,2022-01-14,2022-02-01
W001,33218-16N-130,2.0,2,2,2022-01-26,2022-02-01
W001,33218-16N-150,2.0,2,2,2022-01-28,2022-02-19
W001,33218-GN1-160,2.0,2,2,2022-06-30,2022-07-25
W001,67246-VM8-80,2.0,2,1,2022-01-18,2022-01-19
W001,67246-VM9-70,2.0,2,2,2022-01-27,2022-02-01
W001,67246-VM9-75,2.0,2,2,2022-01-20,2022-02-05
W001,67247-GF2-85,2.0,2,1,2022-02-11,2022-02-12
invalid,68103-XS1-140,2.0,2,2,2022-07-23,2022-08-02
W001,52631-FU8-XL,2.0,2,1,2022-01-23,2022-01-24
W001,52695-kl9-XXL,2.0,2,1,2022-01-24,2022-01-30
W001,52701-kl9-XS,2.0,2,1,2022-02-05,2022-02-06
W001,52706-FX8-100,2.0,2,2,2022-02-23,2022-02-25
W001,52622-2ZP-M/L,2.0,2,1,2024-10-02,2024-10-02
W001,67195-76X-130,2.0,2,1,2022-01-18,2022-01-19
W001,67196-M23-130,2.0,2,1,2022-01-13,2022-01-13
W001,67765-WX6-90,2.0,2,2,2022-07-07,2022-07-23
W001,67759-WV1-75,2.0,2,2,2022-06-14,2022-06-24
W001,67759-WV1-90,2.0,2,2,2022-06-12,2022-06-18
W001,67759-WZ1-50,2.0,2,1,2022-06-15,2022-06-22
W001,67194-SR4-100,2.0,2,2,2022-01-24,2022-01-25
invalid,66929-BD4-80,2.0,2,2,2022-01-10,2022-02-08
W001,66840-UZ3-110,2.0,2,2,2022-01-17,2022-02-13
W001,66073-GD4-100,2.0,2,1,2022-01-02,2022-01-04
invalid,62423-10F-140,2.0,2,1,2022-01-21,2022-01-22
invalid,66736-XH8-90,2.0,2,1,2022-07-19,2022-07-21
invalid,66829-UZ1-110,2.0,2,1,2022-06-14,2022-06-14
invalid,66834-UZ7-100,2.0,2,2,2022-02-07,2022-02-23
W001,66073-GE1-140,2.0,2,2,2022-07-26,2022-07-30
W001,66073-PF4-110,2.0,2,2,2022-06-30,2022-07-22
W001,66073-PF4-120,2.0,2,2,2022-05-25,2022-06-14
W001,66350-RB7-S,2.0,2,2,2022-01-27,2022-02-14
W001,82486-3NE-80,2.0,2,1,2025-11-21,2025-12-16
W001,82486-3NE-85,2.0,2,1,2025-11-21,2025-12-16
W001,82486-3NE-90,2.0,2,1,2025-11-21,2025-12-16
W001,82486-3BJ-70,2.0,1,1,2024-10-08,2024-10-08
W001,82486-3ND-80,2.0,2,1,2025-05-01,2026-01-29
W001,82486-3NE-100,2.0,2,1,2025-11-21,2025-12-16
W001,82486-3BC-80,2.0,2,1,2024-10-08,2026-02-12
W001,66350-SY2-XS,2.0,2,2,2022-01-20,2022-02-17
W001,52631-FU8-M,2.0,2,2,2022-01-21,2022-01-26
W001,67200-A79-140,2.0,2,2,2022-01-27,2022-02-25
W001,67200-M23-100,2.0,2,2,2022-01-17,2022-01-27
W001,67245-990-50,2.0,2,1,2022-01-16,2022-01-17
W001,67245-990-75,2.0,2,2,2022-01-17,2022-01-24
W001,67246-QX6-60,2.0,2,2,2022-01-13,2022-02-08
W001,67246-QX6-70,2.0,2,2,2022-01-16,2022-01-28
W001,67246-VM7-50,2.0,2,1,2022-01-20,2022-01-21
W001,33175-GN1-160,2.0,2,1,2022-02-09,2022-02-09
W001,33175-GN1-80,2.0,2,1,2022-04-30,2022-04-30
W001,33175-QN6-80,2.0,2,2,2022-01-11,2022-01-12
invalid,66736-XF5-140,2.0,2,1,2022-07-14,2022-07-22
invalid,66736-XF5-90,2.0,2,1,2022-07-18,2022-07-26
invalid,62317-ST0-110,2.0,2,1,2022-01-25,2022-01-25
invalid,62327-EH3-110,2.0,2,2,2022-01-22,2022-02-02
invalid,62327-PW1-110,2.0,2,1,2022-01-02,2022-01-02
invalid,66736-XF3-120,2.0,2,1,2022-07-21,2022-07-23
W001,66350-UT3-XS,2.0,2,2,2022-01-19,2022-02-11
W001,66352-UK3-XL,2.0,2,2,2022-01-13,2022-01-23
W001,66354-UK3-100,2.0,2,2,2022-01-07,2022-01-23
W001,67244-M23-85,2.0,2,1,2022-02-07,2022-02-08
W001,67194-SR4-120,2.0,2,1,2022-01-08,2022-01-10
W001,67153-NK7-90,2.0,2,2,2022-01-11,2022-01-11
W001,67154-VH5-100,2.0,2,2,2022-01-13,2022-01-17
W001,67154-VH5-150,2.0,2,1,2022-02-07,2022-02-10
W001,59852-QY4-85,2.0,2,2,2022-02-01,2022-02-22
W001,51042-SR4-90,2.0,2,1,2022-05-14,2022-05-15
W001,50979-VS1-120,2.0,2,2,2022-02-23,2022-06-19
W001,82486-3BH-130,2.0,2,1,2024-10-08,2024-10-14
W001,82486-3BH-80,2.0,2,1,2025-12-16,2026-02-12
W001,82486-3BH-85,2.0,2,1,2025-12-16,2026-02-12
W001,52622-75Z-XL,2.0,2,2,2022-01-03,2022-01-12
W001,67243-M23-60,2.0,2,2,2022-01-31,2022-02-13
W001,67243-M23-75,2.0,2,2,2022-01-19,2022-02-19
W001,67243-M23-80,2.0,2,2,2022-02-06,2022-02-13
W001,33175-TD4-120,2.0,2,2,2022-02-02,2022-02-17
W001,33175-TD4-150,2.0,2,2,2022-01-31,2022-02-09
invalid,62515-PW1-150,2.0,2,1,2022-01-22,2022-01-23
invalid,62618-VL4-130,2.0,2,2,2022-01-31,2022-02-11
invalid,62618-VL5-160,2.0,2,1,2022-02-09,2022-02-09
invalid,66732-UX9-120,2.0,2,1,2022-01-13,2022-01-14
invalid,66732-UX9-90,2.0,2,1,2022-01-29,2022-01-31
W001,66823-PG2-100,2.0,2,1,2022-01-26,2022-01-26
W001,66824-PG5-L,2.0,2,2,2022-02-12,2022-02-17
invalid,66736-NB1-130,2.0,2,2,2022-01-17,2022-01-22
invalid,66736-XE4-85,2.0,2,1,2022-07-26,2022-07-27
invalid,66736-XE4-90,2.0,2,1,2022-07-18,2022-07-22
invalid,62423-GF2-100,2.0,2,1,2022-01-19,2022-01-19
W001,67521-G31-85,2.0,2,2,2022-06-07,2022-06-30
invalid,80142-76X-85,2.0,2,2,2022-12-04,2023-01-25
invalid,80142-76X-90,2.0,2,1,2022-12-08,2022-12-09
invalid,80142-SR4-90,2.0,2,1,2022-11-26,2022-11-28
W001,67243-AN8-70,2.0,2,2,2022-01-13,2022-01-13
W001,67200-M23-130,2.0,2,1,2022-01-18,2022-01-19
W001,67200-M23-140,2.0,2,2,2022-01-27,2022-02-25
invalid,68125-732-85,2.0,2,2,2023-12-13,2024-01-02
invalid,68125-733-90,2.0,2,2,2023-12-04,2023-12-08
invalid,68125-744-110,2.0,2,2,2023-11-28,2024-02-08
W001,52631-FU8-S,2.0,2,2,2022-02-10,2022-02-21
W001,67751-WV1-75,2.0,2,2,2022-06-14,2022-07-21
W001,67751-WW6-70,2.0,2,2,2022-06-06,2022-06-07
W001,67751-WX3-60,2.0,2,2,2022-05-24,2022-05-24
W001,67243-AN8-80,2.0,2,2,2022-01-20,2022-02-10
W001,67243-GF2-60,2.0,2,1,2022-01-19,2022-01-19
invalid,62944-NH9-100,2.0,2,2,2022-02-14,2022-02-17
invalid,62944-NH9-150,2.0,2,2,2022-01-21,2022-01-31
invalid,62944-NJ1-110,2.0,2,1,2022-02-11,2022-02-11
invalid,66717-VG3-150,2.0,2,1,2022-01-20,2022-01-20
invalid,66717-VG4-90,2.0,2,1,2022-03-11,2022-03-12
W001,33175-QT3-140,2.0,2,1,2022-02-05,2022-02-06
W001,67242-VM9-90,2.0,2,2,2022-01-10,2022-02-22
W001,67243-AN8-60,2.0,2,1,2022-01-07,2022-01-07
W001,59852-VK2-130,2.0,2,1,2022-02-05,2022-02-06
W001,82486-3AV-90,2.0,2,1,2025-02-05,2025-08-28
W001,82486-3AZ-100,2.0,2,1,2025-05-07,2025-11-21
W001,82486-3AZ-120,2.0,2,1,2025-05-07,2025-11-21
W001,82486-3AZ-90,2.0,2,1,2025-05-07,2025-11-21
W001,67521-EH3-90,2.0,2,2,2022-05-12,2022-06-07
W001,67521-G31-120,2.0,2,2,2022-06-19,2022-06-30
W001,67521-G31-140,2.0,2,2,2022-06-06,2022-06-07
W001,67755-WV4-70,2.0,2,1,2022-06-30,2022-07-04
invalid,68116-XQ7-100,2.0,2,1,2022-11-27,2022-11-27
invalid,68117-AD5-100,2.0,2,1,2022-12-16,2022-12-19
W001,67745-ST5-80,2.0,2,2,2022-06-24,2022-06-30
W001,67745-VU6-85,2.0,2,1,2022-06-30,2022-07-03
W001,67745-WV5-75,2.0,2,1,2022-07-08,2022-07-09
W001,67751-WV1-70,2.0,2,2,2022-05-29,2022-06-09
invalid,65113-76X-70,2.0,2,1,2022-01-20,2022-01-20
invalid,65113-76X-85,2.0,2,1,2022-02-14,2022-02-22
W001,66362-VJ4-M,2.0,2,1,2022-01-12,2022-01-13
W001,66363-CP2-90,2.0,2,1,2022-02-16,2022-02-17
W001,66363-SJ8-90,2.0,2,1,2022-02-16,2022-02-16
W001,66815-UY8-120,2.0,2,2,2022-01-13,2022-01-16
invalid,64979-GN1-M,2.0,2,1,2022-03-04,2022-03-05
W001,66360-VJ4-110,2.0,2,2,2022-01-02,2022-01-12
invalid,62633-990-140,2.0,2,1,2022-08-07,2022-08-09
W001,66656-009-120,2.0,2,2,2022-01-06,2022-01-17
W001,66656-SR4-110,2.0,2,2,2022-01-03,2022-01-19
W001,66656-SR4-130,2.0,2,2,2022-01-05,2022-01-17
invalid,66640-BO1-130,2.0,2,1,2022-01-18,2022-01-28
invalid,66661-AT3-150,2.0,2,1,2022-03-21,2022-03-28
W001,67547-78M-50,2.0,2,2,2022-06-24,2022-06-30
invalid,67631-WW6-XS,2.0,2,1,2022-05-13,2022-05-21
invalid,67633-AV3-110,2.0,2,2,2022-05-15,2022-05-23
invalid,67633-AV3-140,2.0,2,1,2022-06-28,2022-06-30
W001,82484-3AH-85,2.0,2,1,2025-03-28,2025-04-28
W001,82484-3MX-75,2.0,2,1,2025-07-31,2025-09-18
W001,82484-3AE-90,2.0,1,1,2025-08-28,2025-08-28
invalid,80143-G44-130,2.0,2,1,2022-12-20,2022-12-20
W001,82485-3NF-70,2.0,2,1,2025-07-31,2025-09-18
W001,82486-3AV-100,2.0,2,1,2025-02-05,2025-08-28
W001,67751-WX3-85,2.0,2,2,2022-05-29,2022-06-09
W001,59852-TQ7-90,2.0,2,2,2022-01-20,2022-01-22
W001,66660-AT3-140,2.0,2,2,2022-01-17,2022-01-30
invalid,65203-Q84-M,2.0,2,2,2022-01-03,2022-01-20
invalid,65203-TN7-M,2.0,2,2,2022-01-13,2022-01-20
invalid,65203-TN9-XL,2.0,2,2,2022-02-22,2022-03-04
invalid,65203-VJ8-XL,2.0,2,1,2022-01-24,2022-01-25
invalid,66350-UT3-S,2.0,2,1,2022-02-23,2022-02-25
W001,66736-UT6-140,2.0,2,1,2022-02-05,2022-02-05
W001,66736-VF8-100,2.0,2,2,2022-01-17,2022-02-03
W001,66736-VF8-110,2.0,2,2,2022-01-07,2022-01-31
W001,66736-VF8-120,2.0,2,2,2022-01-28,2022-02-17
W001,66737-UY2-100,2.0,2,2,2022-01-12,2022-02-11
W001,67242-TN9-70,2.0,2,2,2022-01-30,2022-02-19
W001,67242-VK1-75,2.0,2,2,2022-01-17,2022-02-14
W001,67242-VL8-70,2.0,2,2,2022-02-17,2022-02-23
W001,66653-EF4-90,2.0,2,2,2022-01-13,2022-01-27
W001,67197-A91-110,2.0,2,2,2022-01-31,2022-02-15
W001,66706-UQ2-70,2.0,2,1,2022-01-14,2022-01-15
W001,66707-UQ2-120,2.0,2,2,2022-02-22,2022-02-22
invalid,65788-B42-5,2.0,2,1,2022-01-13,2022-01-14
invalid,65788-GF2-NB,2.0,2,1,2022-01-14,2022-01-19
invalid,65788-SR4-1,2.0,2,2,2022-02-17,2022-02-22
W001,82486-3AV-120,2.0,2,1,2025-02-05,2025-08-28
W001,67137-DU6-100,2.0,2,2,2022-01-21,2022-01-22
invalid,67607-PH1-M,2.0,2,1,2022-08-03,2022-08-04
W001,50265-VP1-M,2.0,2,2,2022-01-17,2022-01-20
W001,50265-VP1-S,2.0,2,2,2022-01-17,2022-02-03
W001,50265-XJ5-S,2.0,2,1,2022-07-30,2022-07-30
W001,67211-SW4-150,2.0,2,1,2022-01-12,2022-01-14
W001,67211-TV4-120,2.0,2,2,2022-01-07,2022-01-17
W001,82484-3MZ-85,2.0,2,1,2025-04-25,2025-04-28
W001,82484-3N3-85,2.0,2,1,2026-03-12,2026-05-08
W001,67132-TS1-M,2.0,2,2,2022-01-16,2022-03-07
W001,67134-TR8-L,2.0,2,2,2022-01-13,2022-01-27
invalid,65290-A91-120,2.0,2,2,2022-01-02,2022-02-01
W001,66714-015-100,2.0,2,2,2022-02-26,2022-02-27
invalid,65743-B42-80,2.0,2,1,2022-01-02,2022-01-03
invalid,65763-SG1-OS,2.0,2,1,2022-11-27,2022-11-28
invalid,65784-UC3-OS,2.0,2,2,2022-01-18,2022-02-02
invalid,65784-UU3-OS,2.0,2,1,2022-01-07,2022-01-11
W001,66736-RY2-100,2.0,2,2,2022-01-30,2022-02-11
W001,66736-RY2-130,2.0,2,2,2022-02-01,2022-02-06
W001,66736-RY2-140,2.0,2,2,2022-01-17,2022-02-07
W001,66689-WV4-90,2.0,2,2,2022-06-29,2022-07-28
W001,52621-Q84-10,2.0,2,2,2022-01-07,2022-01-26
W001,52621-Q84-12,2.0,2,1,2022-01-08,2022-01-09
invalid,68119-XD5-85,2.0,2,1,2022-07-23,2022-07-25
W001,67197-990-140,2.0,2,1,2022-01-20,2022-01-20
invalid,65290-M23-150,2.0,2,1,2022-01-19,2022-01-25
invalid,65290-PV5-130,2.0,2,1,2022-01-25,2022-01-26
invalid,65291-B42-100,2.0,2,2,2022-01-10,2022-01-20
invalid,65291-B42-130,2.0,2,1,2022-01-02,2022-01-02
W001,66714-SR4-120,2.0,2,1,2022-01-20,2022-01-20
invalid,65203-VK1-S,2.0,2,1,2022-01-22,2022-01-22
invalid,65203-VK5-L,2.0,2,1,2022-02-07,2022-02-11
invalid,65290-011-110,2.0,2,2,2022-02-10,2022-02-25
W001,59852-VJ5-110,2.0,2,2,2022-02-23,2022-02-25
W001,50942-78M-XS,2.0,2,1,2022-05-14,2022-05-16
W001,50763-QP2-XS,2.0,2,1,2022-01-02,2022-01-03
W001,50659-011-5,2.0,2,2,2022-01-10,2022-02-24
W001,67534-85H-130,2.0,2,2,2022-02-22,2022-02-23
W001,67535-C57-110,2.0,2,2,2022-05-23,2022-07-25
W001,67518-VV8-110,2.0,2,1,2022-06-20,2022-06-20
invalid,67607-PH1-S,2.0,2,2,2022-07-07,2022-07-24
W001,67737-WY2-70,2.0,2,1,2022-06-30,2022-07-01
invalid,65639-ST6-120,2.0,2,1,2022-01-02,2022-01-03
W001,66716-76X-110,2.0,2,2,2022-02-10,2022-02-11
W001,67135-TR8-L,2.0,2,2,2022-01-30,2022-02-05
W001,67135-TR8-XL,2.0,2,2,2022-01-13,2022-01-15
W001,82484-4RM-80,2.0,2,1,2025-09-30,2025-10-01
W001,82485-3AZ-90,2.0,2,1,2024-12-10,2026-02-18
W001,59852-TQ7-100,2.0,2,1,2022-01-19,2022-01-20
invalid,80137-015-140,2.0,2,1,2022-11-24,2022-11-24
invalid,80141-NT9-100,2.0,2,1,2022-12-03,2022-12-04
W001,67522-62L-120,2.0,2,2,2022-06-12,2022-07-26
W001,67531-10F-140,2.0,2,2,2022-02-23,2022-02-23
W001,66716-DD4-100,2.0,2,2,2022-01-27,2022-02-08
invalid,65666-EF5-100,2.0,2,2,2022-02-23,2022-06-06
invalid,65290-C57-120,2.0,2,1,2022-01-02,2022-01-03
invalid,65290-C57-90,2.0,2,1,2022-01-03,2022-01-03
invalid,65612-EF5-70,2.0,2,1,2022-01-21,2022-01-22
W001,66734-UY2-70,2.0,2,2,2022-01-14,2022-02-12
W001,66734-UY2-75,2.0,2,2,2022-01-07,2022-01-14
invalid,65576-WM6-50,2.0,2,1,2022-06-28,2022-06-28
W001,66716-J81-110,2.0,2,2,2022-02-08,2022-02-11
W001,66716-J81-150,2.0,2,2,2022-01-02,2022-01-07
W001,66716-SR4-100,2.0,2,2,2022-01-13,2022-02-08
W001,66716-ST6-130,2.0,2,2,2022-01-30,2022-02-26
W001,66732-UY2-90,2.0,2,2,2022-01-16,2022-01-19
W001,66733-UX9-100,2.0,2,2,2022-01-14,2022-02-12
W001,66734-UX9-75,2.0,2,2,2022-01-13,2022-01-15
invalid,68119-XH6-90,2.0,2,1,2022-11-15,2022-11-17
W001,67726-AV3-85,2.0,2,1,2022-06-10,2022-06-10
W001,67731-WV1-80,2.0,2,2,2022-06-16,2022-07-01
W001,67731-WW6-70,2.0,2,2,2022-06-07,2022-06-14
W001,67731-WW6-80,2.0,2,1,2022-06-07,2022-06-08
W001,30070-GN1-L,2.0,2,2,2022-01-15,2022-01-16
W001,30810-TD4-XL,2.0,2,1,2022-05-15,2022-05-24
W001,30810-WQ4-L,2.0,2,2,2022-06-05,2022-06-08
W001,30810-WQ4-S,2.0,2,2,2022-06-08,2022-06-28
W001,33081-16N-60,2.0,2,2,2022-01-08,2022-01-09
W001,33081-16N-80,2.0,2,1,2022-02-10,2022-02-13
W001,67238-GF2-70,2.0,2,2,2022-01-23,2022-01-24
W001,67238-SR4-60,2.0,2,2,2022-01-23,2022-02-11
W001,30070-TD4-L,2.0,2,2,2022-01-23,2022-02-21
W001,52606-RG7-13Y,2.0,2,2,2022-01-07,2022-01-23
W001,67711-WV7-80,2.0,2,1,2022-05-16,2022-05-17
W001,67722-WZ1-70,2.0,2,1,2022-07-28,2022-07-29
W001,67726-AV3-60,2.0,2,2,2022-05-24,2022-06-08
W001,33081-TD4-80,2.0,2,1,2022-01-13,2022-01-14
W001,66717-VG3-150,2.0,2,2,2022-01-13,2022-02-22
W001,66717-VG4-100,2.0,2,2,2022-02-15,2022-02-19
W001,67239-011-85,2.0,2,2,2022-01-18,2022-02-23
W001,67239-B42-75,2.0,2,2,2022-01-03,2022-02-23
W001,67239-B42-80,2.0,2,2,2022-01-27,2022-02-03
W001,67239-GF2-70,2.0,2,2,2022-01-12,2022-01-23
W001,66731-UX9-L,2.0,2,2,2022-01-18,2022-02-21
W001,66732-UX9-150,2.0,2,2,2022-01-11,2022-02-23
W001,66732-UY2-140,2.0,2,2,2022-01-17,2022-01-31
W001,33175-16N-140,2.0,2,2,2022-01-03,2022-02-13
W001,67240-990-90,2.0,2,2,2022-01-10,2022-02-25
W001,67241-011-50,2.0,2,2,2022-01-17,2022-01-23
W001,67241-GF2-85,2.0,2,2,2022-01-21,2022-02-10
invalid,65593-M23-75,2.0,2,2,2022-01-15,2022-02-03
invalid,65593-SR4-70,2.0,2,2,2022-02-22,2022-07-27
invalid,65597-WM4-60,2.0,2,1,2022-06-10,2022-06-13
W001,67239-GF2-75,2.0,2,2,2022-01-24,2022-02-14
W001,67239-GF2-85,2.0,2,2,2022-02-10,2022-02-19
No LP Track,60325-XU5-S,1.0,1,1,2022-11-22,2022-11-22
W001,30070-QN6-L,1.0,1,1,2022-01-23,2022-01-23
W001,30810-TD4-L,1.0,1,1,2022-02-25,2022-02-25
W001,30810-TD4-S,1.0,1,1,2022-05-12,2022-05-12
W001,30810-WQ4-M,1.0,1,1,2022-06-15,2022-06-15
W001,33081-GN1-50,1.0,1,1,2022-05-26,2022-05-26
W001,33081-GN1-75,1.0,1,1,2022-02-09,2022-02-09
W001,33081-GN1-90,1.0,1,1,2022-05-21,2022-05-21
W001,33081-QT3-60,1.0,1,1,2022-02-17,2022-02-17
W001,67241-GF2-75,1.0,1,1,2022-01-14,2022-01-14
W001,67241-B42-70,1.0,1,1,2022-02-02,2022-02-02
W001,67241-B42-60,1.0,1,1,2022-02-25,2022-02-25
W001,67241-011-80,1.0,1,1,2022-01-12,2022-01-12
W001,67241-011-60,1.0,1,1,2022-01-19,2022-01-19
W001,67240-990-70,1.0,1,1,2022-01-06,2022-01-06
W001,33175-GN1-130,1.0,1,1,2022-02-11,2022-02-11
W001,33175-16N-90,1.0,1,1,2022-01-05,2022-01-05
W001,33175-16N-120,1.0,1,1,2022-01-12,2022-01-12
W001,33175-16N-110,1.0,1,1,2022-02-01,2022-02-01
W001,33175-145-140,1.0,1,1,2024-12-12,2024-12-12
W001,33175-011-160,1.0,1,1,2024-10-09,2024-10-09
W001,33081-VF3-85,1.0,1,1,2022-01-18,2022-01-18
W001,33081-VF3-60,1.0,1,1,2022-02-14,2022-02-14
W001,67242-VL8-75,1.0,1,1,2022-02-14,2022-02-14
W001,67242-VK1-85,1.0,1,1,2022-01-27,2022-01-27
W001,66719-NB1-120,1.0,1,1,2022-01-20,2022-01-20
invalid,65602-UC3-70,1.0,1,1,2022-05-29,2022-05-29
invalid,65602-UC3-50,1.0,1,1,2022-02-17,2022-02-17
invalid,65602-SY2-90,1.0,1,1,2022-02-17,2022-02-17
invalid,65597-WC9-75,1.0,1,1,2022-04-12,2022-04-12
invalid,65593-ST6-80,1.0,1,1,2022-01-12,2022-01-12
invalid,65593-ST6-60,1.0,1,1,2022-01-05,2022-01-05
invalid,65593-SR4-60,1.0,1,1,2022-02-03,2022-02-03
invalid,65593-SR4-50,1.0,1,1,2022-02-14,2022-02-14
invalid,65593-PV4-75,1.0,1,1,2022-01-16,2022-01-16
invalid,65593-GF2-85,1.0,1,1,2022-02-10,2022-02-10
invalid,65593-GF2-80,1.0,1,1,2022-01-23,2022-01-23
W001,66718-VF8-100,1.0,1,1,2022-01-20,2022-01-20
W001,66718-76X-150,1.0,1,1,2022-01-27,2022-01-27
W001,66718-76X-140,1.0,1,1,2022-01-26,2022-01-26
invalid,65602-VK1-50,1.0,1,1,2022-01-26,2022-01-26
invalid,65593-DD4-75,1.0,1,1,2022-01-19,2022-01-19
invalid,65592-SR4-60,1.0,1,1,2022-01-24,2022-01-24
invalid,65592-DD4-80,1.0,1,1,2022-02-07,2022-02-07
invalid,65592-DD4-50,1.0,1,1,2022-02-01,2022-02-01
invalid,65592-B42-85,1.0,1,1,2022-02-17,2022-02-17
invalid,65592-B42-80,1.0,1,1,2022-02-17,2022-02-17
invalid,65591-WM6-90,1.0,1,1,2022-05-15,2022-05-15
invalid,65591-WD5-70,1.0,1,1,2022-07-17,2022-07-17
invalid,65602-VM7-75,1.0,1,1,2022-02-08,2022-02-08
invalid,65602-VK1-NB,1.0,1,1,2022-02-09,2022-02-09
invalid,65602-VK1-75,1.0,1,1,2022-01-19,2022-01-19
W001,66730-UX9-S,1.0,1,1,2022-01-29,2022-01-29
W001,66730-UX9-M,1.0,1,1,2022-01-18,2022-01-18
W001,66719-XF3-85,1.0,1,1,2022-07-27,2022-07-27
W001,66719-PJ9-130,1.0,1,1,2022-01-03,2022-01-03
W001,66719-NB1-140,1.0,1,1,2022-01-31,2022-01-31
invalid,65591-VA5-80,1.0,1,1,2022-01-20,2022-01-20
invalid,65591-UT3-90,1.0,1,1,2022-02-07,2022-02-07
W001,66716-VH3-140,1.0,1,1,2022-01-15,2022-01-15
invalid,65605-UC3-50,1.0,1,1,2022-04-22,2022-04-22
invalid,65605-SY2-60,1.0,1,1,2022-02-07,2022-02-07
invalid,65605-RB7-75,1.0,1,1,2022-01-31,2022-01-31
invalid,65603-SR4-80,1.0,1,1,2022-02-01,2022-02-01
invalid,65603-B42-80,1.0,1,1,2022-01-28,2022-01-28
invalid,65603-011-80,1.0,1,1,2022-04-02,2022-04-02
invalid,65602-WD5-NB,1.0,1,1,2023-06-29,2023-06-29
invalid,65602-VM9-50,1.0,1,1,2022-06-08,2022-06-08
invalid,65602-VM8-80,1.0,1,1,2022-02-02,2022-02-02
invalid,65602-VM8-60,1.0,1,1,2022-01-09,2022-01-09
invalid,65593-GF2-75,1.0,1,1,2022-02-02,2022-02-02
invalid,65593-EF5-90,1.0,1,1,2022-01-20,2022-01-20
invalid,65593-EF5-85,1.0,1,1,2022-01-28,2022-01-28
invalid,65605-VA6-75,1.0,1,1,2022-01-23,2022-01-23
invalid,65605-UU3-85,1.0,1,1,2022-01-23,2022-01-23
invalid,65605-UU3-60,1.0,1,1,2022-02-22,2022-02-22
invalid,65605-UT9-NB,1.0,1,1,2022-02-19,2022-02-19
invalid,65605-UT9-90,1.0,1,1,2022-02-19,2022-02-19
invalid,65605-UT9-75,1.0,1,1,2022-02-02,2022-02-02
W001,66718-76X-110,1.0,1,1,2022-02-10,2022-02-10
W001,66717-VG5-90,1.0,1,1,2022-01-31,2022-01-31
W001,66717-VG5-120,1.0,1,1,2022-01-24,2022-01-24
W001,66717-VG5-100,1.0,1,1,2022-02-15,2022-02-15
W001,66717-VG4-90,1.0,1,1,2022-02-01,2022-02-01
W001,66717-VG4-130,1.0,1,1,2022-02-20,2022-02-20
W001,66732-UY2-160,1.0,1,1,2022-01-24,2022-01-24
W001,66732-UX9-85,1.0,1,1,2022-01-19,2022-01-19
W001,66732-UX9-75,1.0,1,1,2022-02-23,2022-02-23
W001,66732-UX9-160,1.0,1,1,2022-01-11,2022-01-11
invalid,65615-NW2-75,1.0,1,1,2022-04-13,2022-04-13
invalid,65612-PV4-90,1.0,1,1,2022-01-27,2022-01-27
invalid,65612-76X-85,1.0,1,1,2022-03-11,2022-03-11
invalid,65607-SR4-60,1.0,1,1,2022-03-08,2022-03-08
invalid,65607-GF2-80,1.0,1,1,2022-01-02,2022-01-02
invalid,65607-B42-80,1.0,1,1,2022-02-17,2022-02-17
invalid,65607-B42-60,1.0,1,1,2022-02-24,2022-02-24
invalid,65607-011-80,1.0,1,1,2022-01-19,2022-01-19
invalid,65607-011-75,1.0,1,1,2022-01-20,2022-01-20
invalid,65607-011-60,1.0,1,1,2022-02-18,2022-02-18
invalid,65607-011-50,1.0,1,1,2022-03-13,2022-03-13
invalid,65606-B42-90,1.0,1,1,2022-01-25,2022-01-25
invalid,65606-011-80,1.0,1,1,2022-02-01,2022-02-01
invalid,65605-WM4-85,1.0,1,1,2022-06-30,2022-06-30
invalid,65605-VB6-90,1.0,1,1,2022-02-08,2022-02-08
invalid,65605-VB6-50,1.0,1,1,2022-01-30,2022-01-30
invalid,65591-RB7-75,1.0,1,1,2022-02-08,2022-02-08
invalid,65580-SR4-80,1.0,1,1,2022-01-14,2022-01-14
invalid,65580-SR4-70,1.0,1,1,2022-02-07,2022-02-07
invalid,65580-SR4-60,1.0,1,1,2022-01-23,2022-01-23
invalid,65580-DD4-50,1.0,1,1,2022-01-16,2022-01-16
invalid,65580-011-80,1.0,1,1,2022-01-21,2022-01-21
invalid,65577-SR4-85,1.0,1,1,2022-01-31,2022-01-31
invalid,65577-SR4-60,1.0,1,1,2022-01-09,2022-01-09
W001,66736-24D-130,1.0,1,1,2022-01-02,2022-01-02
W001,66734-UY2-90,1.0,1,1,2022-02-07,2022-02-07
W001,66734-UY2-85,1.0,1,1,2022-02-19,2022-02-19
W001,66734-UX9-90,1.0,1,1,2022-02-25,2022-02-25
invalid,65635-A91-120,1.0,1,1,2022-01-24,2022-01-24
invalid,65635-015-120,1.0,1,1,2022-02-11,2022-02-11
invalid,65620-PB4-70,1.0,1,1,2022-01-31,2022-01-31
invalid,65615-SR5-75,1.0,1,1,2022-05-11,2022-05-11
W001,66733-UY2-140,1.0,1,1,2022-01-12,2022-01-12
invalid,65566-VH1-M,1.0,1,1,2022-06-09,2022-06-09
invalid,65558-VH1-M,1.0,1,1,2022-03-12,2022-03-12
invalid,65558-VH1-L,1.0,1,1,2022-01-21,2022-01-21
invalid,65291-UT6-150,1.0,1,1,2022-01-27,2022-01-27
invalid,65291-UT6-130,1.0,1,1,2022-01-25,2022-01-25
invalid,65291-UT6-120,1.0,1,1,2022-01-24,2022-01-24
invalid,65638-KT9-OS,1.0,1,1,2022-01-18,2022-01-18
invalid,65636-77M-80,1.0,1,1,2022-05-06,2022-05-06
W001,66716-VH3-100,1.0,1,1,2022-01-17,2022-01-17
W001,66716-ST6-150,1.0,1,1,2022-02-15,2022-02-15
W001,66716-ST6-140,1.0,1,1,2022-01-19,2022-01-19
W001,66716-SR4-85,1.0,1,1,2022-02-09,2022-02-09
W001,66716-SR4-150,1.0,1,1,2022-02-15,2022-02-15
W001,66716-SR4-120,1.0,1,1,2022-02-19,2022-02-19
W001,66716-SR4-110,1.0,1,1,2022-02-19,2022-02-19
W001,66716-76X-85,1.0,1,1,2022-02-09,2022-02-09
W001,66716-76X-140,1.0,1,1,2022-01-12,2022-01-12
W001,66716-76X-120,1.0,1,1,2022-02-09,2022-02-09
invalid,65653-WJ4-120,1.0,1,1,2022-05-22,2022-05-22
invalid,65649-FQ8-80,1.0,1,1,2022-02-15,2022-02-15
invalid,65643-A96-80,1.0,1,1,2022-01-10,2022-01-10
invalid,65642-VW2-85,1.0,1,1,2022-05-25,2022-05-25
invalid,65642-VW2-120,1.0,1,1,2022-05-13,2022-05-13
invalid,65642-VW2-100,1.0,1,1,2022-08-21,2022-08-21
invalid,65642-VS7-100,1.0,1,1,2022-04-12,2022-04-12
invalid,65642-SR4-80,1.0,1,1,2022-01-03,2022-01-03
invalid,65642-331-100,1.0,1,1,2023-06-15,2023-06-15
W001,66734-UX9-80,1.0,1,1,2022-02-11,2022-02-11
W001,66733-WU6-150,1.0,1,1,2022-06-18,2022-06-18
W001,66733-UY2-85,1.0,1,1,2022-01-20,2022-01-20
W001,66733-UY2-150,1.0,1,1,2022-01-23,2022-01-23
invalid,65666-JB4-90,1.0,1,1,2023-03-13,2023-03-13
invalid,65291-TW5-100,1.0,1,1,2022-01-21,2022-01-21
invalid,65291-SR4-110,1.0,1,1,2022-01-17,2022-01-17
invalid,65291-76X-120,1.0,1,1,2022-01-12,2022-01-12
invalid,65290-PV5-120,1.0,1,1,2022-02-08,2022-02-08
invalid,65290-M23-85,1.0,1,1,2022-01-28,2022-01-28
invalid,65290-GK3-150,1.0,1,1,2022-02-08,2022-02-08
invalid,65290-GK3-130,1.0,1,1,2022-01-26,2022-01-26
invalid,65290-B42-140,1.0,1,1,2022-02-16,2022-02-16
invalid,65290-B42-120,1.0,1,1,2022-02-23,2022-02-23
invalid,65666-HI7-110,1.0,1,1,2023-08-01,2023-08-01
W001,66716-AN8-100,1.0,1,1,2022-01-27,2022-01-27
W001,66716-77M-85,1.0,1,1,2022-01-27,2022-01-27
W001,66716-77M-140,1.0,1,1,2022-01-15,2022-01-15
W001,66716-77M-120,1.0,1,1,2022-01-26,2022-01-26
W001,66716-76X-90,1.0,1,1,2022-01-10,2022-01-10
invalid,65256-KL4-140,1.0,1,1,2022-02-22,2022-02-22
invalid,65256-KL4-130,1.0,1,1,2022-01-10,2022-01-10
invalid,65203-VP1-M,1.0,1,1,2022-02-07,2022-02-07
invalid,65203-VP1-L,1.0,1,1,2022-01-11,2022-01-11
invalid,65203-VK1-XXL,1.0,1,1,2022-01-19,2022-01-19
invalid,65203-VK1-XS,1.0,1,1,2022-02-11,2022-02-11
invalid,65203-VJ9-S,1.0,1,1,2022-01-05,2022-01-05
invalid,65203-VJ9-M,1.0,1,1,2022-01-16,2022-01-16
W001,66716-011-90,1.0,1,1,2022-01-27,2022-01-27
W001,66716-011-85,1.0,1,1,2022-01-19,2022-01-19
W001,66716-011-100,1.0,1,1,2022-02-08,2022-02-08
W001,66714-SR4-90,1.0,1,1,2022-01-23,2022-01-23
W001,66714-SR4-150,1.0,1,1,2022-01-04,2022-01-04
W001,66714-SR4-130,1.0,1,1,2022-02-10,2022-02-10
invalid,65668-62S-120,1.0,1,1,2022-07-16,2022-07-16
invalid,65666-ST6-80,1.0,1,1,2022-02-19,2022-02-19
invalid,65738-990-L,1.0,1,1,2022-01-16,2022-01-16
W001,66714-015-120,1.0,1,1,2022-02-25,2022-02-25
W001,66714-011-150,1.0,1,1,2022-01-06,2022-01-06
W001,66714-011-110,1.0,1,1,2022-01-03,2022-01-03
W001,66710-UK3-80,1.0,1,1,2022-01-31,2022-01-31
W001,66708-WW3-100,1.0,1,1,2022-05-30,2022-05-30
W001,66708-UQ2-90,1.0,1,1,2022-01-24,2022-01-24
W001,66708-UQ2-140,1.0,1,1,2022-01-15,2022-01-15
invalid,65720-C57-80,1.0,1,1,2022-01-06,2022-01-06
invalid,65699-009-110,1.0,1,1,2022-06-21,2022-06-21
invalid,65695-NH4-OS,1.0,1,1,2024-08-07,2024-08-07
invalid,65677-GK3-140,1.0,1,1,2022-01-08,2022-01-08
invalid,65671-06C-90,1.0,1,1,2022-01-03,2022-01-03
W001,66716-2CR-110,1.0,1,1,2024-10-09,2024-10-09
invalid,65290-A91-150,1.0,1,1,2022-02-06,2022-02-06
invalid,65289-PG5-90,1.0,1,1,2022-05-15,2022-05-15
W001,66736-RY2-150,1.0,1,1,2022-02-15,2022-02-15
W001,66736-RY2-120,1.0,1,1,2022-01-16,2022-01-16
W001,66736-PJ9-150,1.0,1,1,2022-01-09,2022-01-09
W001,66736-PJ9-140,1.0,1,1,2022-02-11,2022-02-11
W001,66736-PJ9-130,1.0,1,1,2022-02-05,2022-02-05
W001,66736-PJ9-110,1.0,1,1,2022-01-20,2022-01-20
W001,66736-PJ9-100,1.0,1,1,2022-01-12,2022-01-12
W001,66736-NB1-150,1.0,1,1,2022-02-01,2022-02-01
W001,66736-NB1-140,1.0,1,1,2022-01-25,2022-01-25
W001,66736-24D-150,1.0,1,1,2022-01-04,2022-01-04
invalid,65784-UT3-OS,1.0,1,1,2022-01-11,2022-01-11
invalid,65783-UT3-OS,1.0,1,1,2022-01-19,2022-01-19
invalid,65782-AM7-OS,1.0,1,1,2022-04-23,2022-04-23
invalid,65776-VA5-XS,1.0,1,1,2022-01-24,2022-01-24
invalid,65775-76X-NB,1.0,1,1,2022-02-11,2022-02-11
invalid,65743-GF2-85,1.0,1,1,2022-01-10,2022-01-10
W001,66660-AT2-150,1.0,1,1,2022-02-09,2022-02-09
W001,66656-SR4-85,1.0,1,1,2022-01-17,2022-01-17
invalid,65797-SR4-OS,1.0,1,1,2022-02-17,2022-02-17
invalid,65788-GK3-2,1.0,1,1,2022-07-06,2022-07-06
invalid,65788-B42-NB,1.0,1,1,2022-01-18,2022-01-18
W001,66707-UQ2-150,1.0,1,1,2022-01-23,2022-01-23
W001,66707-UQ2-140,1.0,1,1,2022-01-12,2022-01-12
W001,66706-UQ2-85,1.0,1,1,2022-01-13,2022-01-13
W001,66706-UQ2-80,1.0,1,1,2022-01-26,2022-01-26
W001,66706-UQ2-60,1.0,1,1,2022-01-16,2022-01-16
W001,66706-UQ2-50,1.0,1,1,2022-01-31,2022-01-31
W001,66689-WX5-85,1.0,1,1,2022-06-30,2022-06-30
W001,66689-WX5-70,1.0,1,1,2022-06-25,2022-06-25
invalid,65788-06G-2,1.0,1,1,2022-11-26,2022-11-26
invalid,65788-011-1,1.0,1,1,2022-02-22,2022-02-22
invalid,65785-76X-OS,1.0,1,1,2022-05-29,2022-05-29
invalid,66073-TZ5-80,1.0,1,1,2022-07-01,2022-07-01
invalid,65203-VJ8-XXL,1.0,1,1,2022-02-13,2022-02-13
invalid,65203-VJ7-XL,1.0,1,1,2022-02-21,2022-02-21
invalid,65203-VJ5-S,1.0,1,1,2022-01-12,2022-01-12
invalid,65203-TN9-XXL,1.0,1,1,2022-01-10,2022-01-10
invalid,65203-Q84-XS,1.0,1,1,2022-02-05,2022-02-05
invalid,65203-Q84-L,1.0,1,1,2022-01-04,2022-01-04
invalid,65203-FU8-S,1.0,1,1,2022-02-27,2022-02-27
invalid,65203-FU8-L,1.0,1,1,2022-05-09,2022-05-09
W001,66689-WV4-50,1.0,1,1,2022-07-29,2022-07-29
W001,66686-UK7-M,1.0,1,1,2022-06-26,2022-06-26
W001,66661-AT3-90,1.0,1,1,2022-02-20,2022-02-20
W001,66661-AT3-130,1.0,1,1,2022-01-03,2022-01-03
W001,66661-AT2-150,1.0,1,1,2022-03-08,2022-03-08
W001,66661-AT2-130,1.0,1,1,2022-02-23,2022-02-23
W001,66661-AT2-120,1.0,1,1,2022-02-21,2022-02-21
invalid,66362-VJ4-XL,1.0,1,1,2022-01-16,2022-01-16
invalid,65203-75Z-XL,1.0,1,1,2022-02-17,2022-02-17
W001,66736-VF8-130,1.0,1,1,2022-01-18,2022-01-18
W001,66736-UT6-150,1.0,1,1,2022-01-11,2022-01-11
W001,66736-UT6-130,1.0,1,1,2022-02-11,2022-02-11
W001,66736-UT6-110,1.0,1,1,2022-01-19,2022-01-19
W001,66736-UT6-100,1.0,1,1,2022-01-07,2022-01-07
W001,66736-RY2-90,1.0,1,1,2022-01-14,2022-01-14
invalid,66360-VJ4-120,1.0,1,1,2023-01-04,2023-01-04
invalid,66360-VJ4-100,1.0,1,1,2022-01-11,2022-01-11
invalid,66360-VJ3-140,1.0,1,1,2022-01-31,2022-01-31
invalid,66360-VH1-160,1.0,1,1,2022-01-11,2022-01-11
invalid,66356-VJ4-XXL,1.0,1,1,2022-01-11,2022-01-11
invalid,66356-VJ4-XL,1.0,1,1,2023-01-08,2023-01-08
invalid,66353-UK3-M,1.0,1,1,2022-01-03,2022-01-03
invalid,66350-SY2-XS,1.0,1,1,2022-02-10,2022-02-10
invalid,66661-AT2-100,1.0,1,1,2022-04-13,2022-04-13
invalid,66660-AT2-150,1.0,1,1,2022-02-19,2022-02-19
invalid,66656-SR4-100,1.0,1,1,2022-01-25,2022-01-25
invalid,66656-015-90,1.0,1,1,2022-01-19,2022-01-19
invalid,66653-EF4-90,1.0,1,1,2022-01-10,2022-01-10
W001,66656-SR4-150,1.0,1,1,2022-07-23,2022-07-23
W001,66656-JB5-130,1.0,1,1,2022-01-07,2022-01-07
W001,66656-015-150,1.0,1,1,2022-07-23,2022-07-23
W001,66656-015-140,1.0,1,1,2022-01-15,2022-01-15
W001,66656-015-130,1.0,1,1,2022-01-07,2022-01-07
W001,66656-015-110,1.0,1,1,2022-01-10,2022-01-10
W001,66656-009-150,1.0,1,1,2022-01-24,2022-01-24
W001,66656-009-140,1.0,1,1,2022-01-07,2022-01-07
W001,66656-009-110,1.0,1,1,2022-02-10,2022-02-10
W001,66656-009-100,1.0,1,1,2022-01-19,2022-01-19
W001,66640-NV1-120,1.0,1,1,2022-01-27,2022-01-27
invalid,65168-KY8-110,1.0,1,1,2022-01-24,2022-01-24
invalid,65113-76X-75,1.0,1,1,2022-01-07,2022-01-07
invalid,65084-NG1-75,1.0,1,1,2022-02-12,2022-02-12
invalid,65084-NG1-50,1.0,1,1,2022-01-10,2022-01-10
invalid,65066-TS1-60,1.0,1,1,2022-01-07,2022-01-07
invalid,65065-TS1-120,1.0,1,1,2022-01-03,2022-01-03
invalid,65064-TR8-70,1.0,1,1,2022-01-09,2022-01-09
invalid,65062-VK7-150,1.0,1,1,2022-02-19,2022-02-19
invalid,65062-VK7-120,1.0,1,1,2022-01-08,2022-01-08
invalid,65019-TL8-70,1.0,1,1,2022-02-20,2022-02-20
invalid,65006-AN8-130,1.0,1,1,2022-02-15,2022-02-15
W001,66360-VJ4-90,1.0,1,1,2022-01-12,2022-01-12
W001,66360-VJ4-150,1.0,1,1,2022-01-24,2022-01-24
invalid,66689-WV4-75,1.0,1,1,2022-07-27,2022-07-27
invalid,66686-UK7-M,1.0,1,1,2022-06-08,2022-06-08
invalid,66661-AT2-130,1.0,1,1,2022-01-03,2022-01-03
W001,66817-UY7-70,1.0,1,1,2022-01-15,2022-01-15
W001,66815-UY7-90,1.0,1,1,2022-02-09,2022-02-09
W001,66815-UY7-120,1.0,1,1,2022-01-03,2022-01-03
W001,66814-UY7-L,1.0,1,1,2022-01-20,2022-01-20
W001,66813-UY7-L,1.0,1,1,2022-01-20,2022-01-20
W001,66807-UY8-100,1.0,1,1,2022-01-12,2022-01-12
W001,66747-BH5-140,1.0,1,1,2022-02-25,2022-02-25
W001,66746-BH5-110,1.0,1,1,2022-01-21,2022-01-21
invalid,66714-015-85,1.0,1,1,2022-02-14,2022-02-14
invalid,66714-011-120,1.0,1,1,2022-02-10,2022-02-10
invalid,66708-UQ2-85,1.0,1,1,2022-01-03,2022-01-03
invalid,66706-UQ2-80,1.0,1,1,2022-02-17,2022-02-17
W001,66640-JB1-120,1.0,1,1,2022-02-01,2022-02-01
W001,66634-UK5-85,1.0,1,1,2022-05-28,2022-05-28
W001,66363-SJ8-120,1.0,1,1,2022-01-26,2022-01-26
invalid,65171-75Z-60,1.0,1,1,2022-12-21,2022-12-21
W001,66737-UY2-130,1.0,1,1,2022-05-06,2022-05-06
invalid,64958-VP3-90,1.0,1,1,2022-02-07,2022-02-07
invalid,64956-VM5-120,1.0,1,1,2023-01-21,2023-01-21
invalid,64336-SW4-12,1.0,1,1,2022-01-26,2022-01-26
invalid,62654-UT6-110,1.0,1,1,2022-02-08,2022-02-08
invalid,66716-DD4-110,1.0,1,1,2022-01-13,2022-01-13
invalid,66716-082-90,1.0,1,1,2022-07-30,2022-07-30
W001,66360-VJ4-140,1.0,1,1,2022-02-20,2022-02-20
W001,66360-VJ3-90,1.0,1,1,2022-02-18,2022-02-18
W001,66360-VJ3-160,1.0,1,1,2022-01-14,2022-01-14
W001,66360-UJ5-100,1.0,1,1,2022-03-14,2022-03-14
W001,66359-VJ4-S,1.0,1,1,2022-01-07,2022-01-07
invalid,64979-16N-XXL,1.0,1,1,2022-11-25,2022-11-25
W001,66818-PF4-130,1.0,1,1,2022-01-24,2022-01-24
W001,66818-GE1-140,1.0,1,1,2022-01-03,2022-01-03
W001,66818-GE1-100,1.0,1,1,2022-01-11,2022-01-11
invalid,66719-PJ9-140,1.0,1,1,2022-01-19,2022-01-19
invalid,66719-NB1-140,1.0,1,1,2022-01-20,2022-01-20
invalid,66718-VF8-110,1.0,1,1,2022-02-10,2022-02-10
invalid,66718-VF8-100,1.0,1,1,2022-01-27,2022-01-27
invalid,66718-76X-140,1.0,1,1,2022-01-30,2022-01-30
invalid,66717-VG4-110,1.0,1,1,2022-04-13,2022-04-13
invalid,66717-VG3-90,1.0,1,1,2022-01-18,2022-01-18
invalid,66717-VG3-120,1.0,1,1,2022-02-01,2022-02-01
invalid,66716-VH3-140,1.0,1,1,2022-01-10,2022-01-10
invalid,66716-VH3-130,1.0,1,1,2022-01-14,2022-01-14
invalid,66716-VH3-110,1.0,1,1,2022-01-25,2022-01-25
invalid,66716-ST6-85,1.0,1,1,2022-01-27,2022-01-27
invalid,66716-J81-85,1.0,1,1,2022-01-27,2022-01-27
invalid,66716-DD4-85,1.0,1,1,2022-01-20,2022-01-20
W001,66738-UY2-80,1.0,1,1,2022-01-03,2022-01-03
W001,66737-UY2-80,1.0,1,1,2022-01-05,2022-01-05
invalid,66719-XR7-85,1.0,1,1,2022-07-25,2022-07-25
invalid,62618-VL5-140,1.0,1,1,2022-01-27,2022-01-27
invalid,62618-VL5-110,1.0,1,1,2022-01-16,2022-01-16
invalid,62618-VL4-100,1.0,1,1,2022-02-08,2022-02-08
invalid,62618-VL3-90,1.0,1,1,2022-02-22,2022-02-22
invalid,62618-VL2-160,1.0,1,1,2022-01-24,2022-01-24
invalid,62618-VL2-130,1.0,1,1,2022-02-15,2022-02-15
invalid,62618-VL2-110,1.0,1,1,2022-01-25,2022-01-25
invalid,62618-VL1-85,1.0,1,1,2022-01-19,2022-01-19
invalid,62617-UU9-S,1.0,1,1,2022-02-02,2022-02-02
invalid,66719-XH6-150,1.0,1,1,2022-08-22,2022-08-22
invalid,66719-XH6-140,1.0,1,1,2022-07-25,2022-07-25
invalid,66719-XF5-130,1.0,1,1,2022-07-21,2022-07-21
invalid,66719-XE4-150,1.0,1,1,2022-07-14,2022-07-14
invalid,66719-XE4-140,1.0,1,1,2022-08-21,2022-08-21
invalid,66719-XE4-100,1.0,1,1,2022-11-01,2022-11-01
W001,66825-PG5-S,1.0,1,1,2022-01-15,2022-01-15
W001,66825-PG5-M,1.0,1,1,2022-01-16,2022-01-16
W001,66825-PG5-L,1.0,1,1,2022-02-17,2022-02-17
W001,66824-PG5-XXL,1.0,1,1,2022-01-18,2022-01-18
W001,66823-PG2-110,1.0,1,1,2022-01-26,2022-01-26
invalid,66736-24D-150,1.0,1,1,2022-01-28,2022-01-28
invalid,66734-UY2-70,1.0,1,1,2022-02-23,2022-02-23
invalid,66734-UX9-90,1.0,1,1,2022-02-07,2022-02-07
invalid,66734-UX9-85,1.0,1,1,2022-01-03,2022-01-03
invalid,66733-UY2-140,1.0,1,1,2022-01-31,2022-01-31
invalid,66733-UY2-120,1.0,1,1,2022-01-21,2022-01-21
invalid,66733-UY2-110,1.0,1,1,2022-02-02,2022-02-02
invalid,66733-UY2-100,1.0,1,1,2022-01-24,2022-01-24
invalid,66733-UX9-110,1.0,1,1,2022-02-08,2022-02-08
invalid,66732-UY2-100,1.0,1,1,2022-01-26,2022-01-26
invalid,66732-UX9-85,1.0,1,1,2022-01-11,2022-01-11
invalid,62515-AN8-110,1.0,1,1,2022-01-24,2022-01-24
invalid,62515-AN8-100,1.0,1,1,2022-01-30,2022-01-30
invalid,62515-015-140,1.0,1,1,2022-01-23,2022-01-23
invalid,62515-015-110,1.0,1,1,2022-02-14,2022-02-14
invalid,62423-GF2-110,1.0,1,1,2022-01-19,2022-01-19
invalid,66736-XC8-85,1.0,1,1,2022-07-25,2022-07-25
invalid,66736-XC8-110,1.0,1,1,2022-07-27,2022-07-27
invalid,66736-VF8-120,1.0,1,1,2022-01-04,2022-01-04
invalid,66736-UY2-85,1.0,1,1,2022-02-07,2022-02-07
invalid,66736-UY2-100,1.0,1,1,2022-01-16,2022-01-16
invalid,66736-RY2-85,1.0,1,1,2022-01-10,2022-01-10
invalid,66736-PJ9-130,1.0,1,1,2022-01-29,2022-01-29
invalid,66736-PJ9-120,1.0,1,1,2022-01-30,2022-01-30
invalid,66736-NB1-120,1.0,1,1,2022-01-16,2022-01-16
W001,66826-UZ1-140,1.0,1,1,2022-01-25,2022-01-25
W001,66826-UZ1-130,1.0,1,1,2022-07-25,2022-07-25
invalid,62373-PG5-140,1.0,1,1,2022-01-25,2022-01-25
invalid,62327-EH3-140,1.0,1,1,2022-01-14,2022-01-14
invalid,62327-EH3-130,1.0,1,1,2022-02-02,2022-02-02
invalid,62319-PG5-100,1.0,1,1,2022-07-16,2022-07-16
invalid,62317-PS4-150,1.0,1,1,2022-02-10,2022-02-10
W001,66359-VJ4-M,1.0,1,1,2022-01-06,2022-01-06
W001,66359-VJ4-L,1.0,1,1,2022-02-23,2022-02-23
W001,66358-VJ4-XXL,1.0,1,1,2022-01-05,2022-01-05
W001,66356-VJ4-S,1.0,1,1,2022-01-03,2022-01-03
W001,66352-UK3-XXL,1.0,1,1,2022-01-20,2022-01-20
invalid,66736-XF3-100,1.0,1,1,2022-07-23,2022-07-23
invalid,62515-NU3-130,1.0,1,1,2022-01-25,2022-01-25
invalid,62515-NU3-120,1.0,1,1,2022-02-05,2022-02-05
invalid,62515-AN8-90,1.0,1,1,2022-01-12,2022-01-12
invalid,62515-AN8-85,1.0,1,1,2022-01-12,2022-01-12
invalid,62515-AN8-120,1.0,1,1,2022-02-02,2022-02-02
invalid,66830-UZ4-140,1.0,1,1,2022-02-05,2022-02-05
invalid,66829-UZ1-85,1.0,1,1,2022-02-18,2022-02-18
invalid,66829-UZ1-130,1.0,1,1,2022-02-05,2022-02-05
invalid,66826-UZ1-100,1.0,1,1,2022-01-10,2022-01-10
invalid,66825-PG5-XS,1.0,1,1,2022-01-05,2022-01-05
invalid,66823-PG2-130,1.0,1,1,2022-01-16,2022-01-16
invalid,66815-UY8-150,1.0,1,1,2022-01-07,2022-01-07
invalid,66814-UY7-L,1.0,1,1,2022-02-02,2022-02-02
invalid,66741-UY3-120,1.0,1,1,2022-01-30,2022-01-30
invalid,66740-UX9-130,1.0,1,1,2022-01-10,2022-01-10
invalid,66737-UY2-140,1.0,1,1,2022-01-23,2022-01-23
invalid,66737-UY2-120,1.0,1,1,2022-01-16,2022-01-16
invalid,66737-UY2-110,1.0,1,1,2022-01-12,2022-01-12
invalid,62423-015-120,1.0,1,1,2022-02-22,2022-02-22
invalid,62413-VG7-90,1.0,1,1,2022-01-08,2022-01-08
invalid,62413-TF2-130,1.0,1,1,2022-01-03,2022-01-03
W001,66073-TZ5-150,1.0,1,1,2022-01-31,2022-01-31
W001,66073-TZ5-110,1.0,1,1,2022-07-22,2022-07-22
W001,66073-PF4-150,1.0,1,1,2022-06-27,2022-06-27
W001,66073-KL4-120,1.0,1,1,2022-05-24,2022-05-24
W001,66073-GE1-90,1.0,1,1,2022-08-01,2022-08-01
invalid,66861-TZ8-85,1.0,1,1,2022-01-13,2022-01-13
invalid,66861-TZ8-130,1.0,1,1,2022-01-17,2022-01-17
invalid,66861-TZ8-110,1.0,1,1,2022-01-02,2022-01-02
invalid,66861-TZ8-100,1.0,1,1,2022-01-16,2022-01-16
invalid,66852-RS8-S,1.0,1,1,2022-01-23,2022-01-23
invalid,66852-RS8-M,1.0,1,1,2022-01-12,2022-01-12
invalid,66851-RS8-NB,1.0,1,1,2022-01-16,2022-01-16
invalid,66846-UA1-50,1.0,1,1,2022-01-16,2022-01-16
invalid,66844-PG5-90,1.0,1,1,2022-01-23,2022-01-23
invalid,66839-UZ2-110,1.0,1,1,2022-01-17,2022-01-17
invalid,66834-UZ7-110,1.0,1,1,2022-01-16,2022-01-16
invalid,66926-990-70,1.0,1,1,2022-01-13,2022-01-13
invalid,66924-ST6-85,1.0,1,1,2022-01-03,2022-01-03
invalid,66924-B42-75,1.0,1,1,2022-01-25,2022-01-25
invalid,66922-BD4-80,1.0,1,1,2022-01-10,2022-01-10
invalid,66921-PV4-85,1.0,1,1,2022-01-21,2022-01-21
invalid,66921-PV4-75,1.0,1,1,2022-01-19,2022-01-19
invalid,66921-GF2-60,1.0,1,1,2022-01-12,2022-01-12
invalid,66921-76X-85,1.0,1,1,2022-01-12,2022-01-12
invalid,66920-VA9-75,1.0,1,1,2022-01-27,2022-01-27
invalid,66920-VA9-70,1.0,1,1,2022-02-02,2022-02-02
invalid,66920-VA7-75,1.0,1,1,2022-01-19,2022-01-19
invalid,66920-VA6-75,1.0,1,1,2022-02-23,2022-02-23
invalid,66920-VA4-75,1.0,1,1,2022-01-09,2022-01-09
invalid,66920-VA4-70,1.0,1,1,2022-02-06,2022-02-06
invalid,66920-VA4-50,1.0,1,1,2022-01-07,2022-01-07
invalid,66863-UY7-140,1.0,1,1,2022-01-28,2022-01-28
invalid,66930-B42-75,1.0,1,1,2022-01-19,2022-01-19
W001,66844-PG5-120,1.0,1,1,2022-02-06,2022-02-06
W001,66842-RS8-75,1.0,1,1,2022-01-24,2022-01-24
W001,66842-RS7-90,1.0,1,1,2022-02-12,2022-02-12
W001,66842-RS7-85,1.0,1,1,2022-02-15,2022-02-15
W001,66842-RS7-75,1.0,1,1,2022-02-14,2022-02-14
W001,66841-PG5-90,1.0,1,1,2022-02-15,2022-02-15
W001,66841-PG5-100,1.0,1,1,2022-01-17,2022-01-17
W001,66837-UZ9-130,1.0,1,1,2022-01-30,2022-01-30
W001,66836-UZ9-XS,1.0,1,1,2022-01-22,2022-01-22
W001,66835-UZ9-S,1.0,1,1,2022-01-02,2022-01-02
W001,66834-UZ7-110,1.0,1,1,2022-01-16,2022-01-16
W001,66832-UZ4-150,1.0,1,1,2022-01-24,2022-01-24
W001,66830-UZ4-150,1.0,1,1,2022-01-02,2022-01-02
W001,66830-UZ4-130,1.0,1,1,2022-01-12,2022-01-12
invalid,62302-GD6-OS,1.0,1,1,2022-01-17,2022-01-17
invalid,66935-BD4-NB,1.0,1,1,2022-01-03,2022-01-03
invalid,66935-BD4-50,1.0,1,1,2022-01-25,2022-01-25
invalid,66934-SR4-80,1.0,1,1,2022-01-09,2022-01-09
invalid,66934-SR4-70,1.0,1,1,2022-02-14,2022-02-14
invalid,66934-BD4-85,1.0,1,1,2022-01-22,2022-01-22
invalid,66933-53X-90,1.0,1,1,2022-01-26,2022-01-26
invalid,66932-B42-80,1.0,1,1,2022-07-01,2022-07-01
W001,66073-GE1-100,1.0,1,1,2022-07-24,2022-07-24
W001,66073-GD6-110,1.0,1,1,2022-06-18,2022-06-18
W001,66073-GD4-150,1.0,1,1,2022-03-16,2022-03-16
W001,66073-GD4-140,1.0,1,1,2022-07-22,2022-07-22
W001,66069-TL8-85,1.0,1,1,2022-06-10,2022-06-10
W001,66062-UH8-85,1.0,1,1,2022-02-06,2022-02-06
W001,65797-WC3-OS,1.0,1,1,2022-02-18,2022-02-18
W001,65797-UT9-OS,1.0,1,1,2022-02-17,2022-02-17
W001,65788-ST6-5,1.0,1,1,2022-01-28,2022-01-28
invalid,62127-UK7-S,1.0,1,1,2022-08-07,2022-08-07
invalid,62125-UK7-M,1.0,1,1,2022-08-01,2022-08-01
invalid,62120-PG5-90,1.0,1,1,2022-02-14,2022-02-14
invalid,62032-76X-130,1.0,1,1,2022-02-10,2022-02-10
invalid,62027-vf7-75,1.0,1,1,2022-02-08,2022-02-08
invalid,62027-XH5-70,1.0,1,1,2022-07-31,2022-07-31
invalid,62027-XA6-75,1.0,1,1,2022-07-30,2022-07-30
W001,66850-RS8-NB,1.0,1,1,2022-01-16,2022-01-16
invalid,66936-VA3-85,1.0,1,1,2022-02-08,2022-02-08
invalid,66936-UT9-85,1.0,1,1,2022-02-17,2022-02-17
invalid,66936-UT9-70,1.0,1,1,2022-01-15,2022-01-15
invalid,66936-UT9-50,1.0,1,1,2022-01-31,2022-01-31
invalid,66936-UT3-60,1.0,1,1,2022-01-25,2022-01-25
invalid,66936-SY2-90,1.0,1,1,2022-02-20,2022-02-20
invalid,66936-SY2-85,1.0,1,1,2022-02-17,2022-02-17
invalid,66936-RB7-85,1.0,1,1,2022-01-10,2022-01-10
invalid,66937-B42-90,1.0,1,1,2022-01-13,2022-01-13
invalid,66937-B42-85,1.0,1,1,2022-01-10,2022-01-10
invalid,66937-B42-60,1.0,1,1,2022-01-03,2022-01-03
invalid,66936-XF3-75,1.0,1,1,2022-09-15,2022-09-15
invalid,66936-VM9-80,1.0,1,1,2022-01-16,2022-01-16
invalid,66936-VM9-75,1.0,1,1,2022-01-21,2022-01-21
invalid,66936-VM9-70,1.0,1,1,2022-01-20,2022-01-20
invalid,66936-VK1-90,1.0,1,1,2022-02-03,2022-02-03
invalid,66936-VK1-80,1.0,1,1,2022-01-05,2022-01-05
W001,65788-ST6-2,1.0,1,1,2022-01-20,2022-01-20
W001,65788-N48-NB,1.0,1,1,2022-02-15,2022-02-15
W001,65788-GF2-5,1.0,1,1,2022-01-27,2022-01-27
W001,65788-GF2-2,1.0,1,1,2022-01-27,2022-01-27
W001,65788-GF2-1,1.0,1,1,2022-01-09,2022-01-09
invalid,62190-A91-100,1.0,1,1,2022-04-12,2022-04-12
invalid,62129-UK7-140,1.0,1,1,2022-08-02,2022-08-02
invalid,66946-SR4-85,1.0,1,1,2022-01-25,2022-01-25
invalid,66946-C57-85,1.0,1,1,2022-02-12,2022-02-12
invalid,66946-C57-60,1.0,1,1,2022-01-09,2022-01-09
invalid,66945-VF5-90,1.0,1,1,2022-02-01,2022-02-01
invalid,66944-VB3-85,1.0,1,1,2022-01-21,2022-01-21
invalid,66944-VB3-50,1.0,1,1,2022-02-15,2022-02-15
invalid,66944-EF5-75,1.0,1,1,2022-01-03,2022-01-03
invalid,66941-EF5-60,1.0,1,1,2022-01-10,2022-01-10
invalid,66941-B42-60,1.0,1,1,2022-01-19,2022-01-19
invalid,66940-ST6-90,1.0,1,1,2022-02-07,2022-02-07
invalid,66940-ST6-85,1.0,1,1,2022-01-08,2022-01-08
invalid,66940-B42-60,1.0,1,1,2022-01-31,2022-01-31
invalid,66939-VN1-90,1.0,1,1,2022-01-06,2022-01-06
invalid,66939-VN1-80,1.0,1,1,2022-01-21,2022-01-21
invalid,66939-VM7-60,1.0,1,1,2022-02-25,2022-02-25
invalid,66937-TN4-75,1.0,1,1,2022-01-13,2022-01-13
invalid,66947-VA5-80,1.0,1,1,2022-01-19,2022-01-19
W001,66847-RS8-S,1.0,1,1,2022-02-17,2022-02-17
W001,66847-RS8-L,1.0,1,1,2022-01-16,2022-01-16
W001,66846-UA1-70,1.0,1,1,2022-01-08,2022-01-08
W001,66846-RS8-80,1.0,1,1,2022-01-16,2022-01-16
W001,66846-RS8-70,1.0,1,1,2022-01-22,2022-01-22
W001,66844-PG5-90,1.0,1,1,2022-01-17,2022-01-17
invalid,62027-WB2-75,1.0,1,1,2022-03-14,2022-03-14
invalid,62027-VW8-70,1.0,1,1,2022-06-15,2022-06-15
invalid,62027-VW2-50,1.0,1,1,2022-06-30,2022-06-30
invalid,66947-VA5-50,1.0,1,1,2022-02-11,2022-02-11
invalid,66947-UU3-90,1.0,1,1,2022-02-10,2022-02-10
invalid,66947-UT9-90,1.0,1,1,2022-02-12,2022-02-12
invalid,66947-UT9-75,1.0,1,1,2022-02-01,2022-02-01
invalid,66947-UT3-70,1.0,1,1,2022-01-23,2022-01-23
invalid,66947-SY2-50,1.0,1,1,2022-01-02,2022-01-02
invalid,66954-ST6-60,1.0,1,1,2022-01-03,2022-01-03
invalid,66952-VB2-85,1.0,1,1,2022-01-14,2022-01-14
invalid,66952-VB2-80,1.0,1,1,2022-01-20,2022-01-20
invalid,66952-VB2-70,1.0,1,1,2022-01-12,2022-01-12
invalid,66952-VB2-50,1.0,1,1,2022-01-30,2022-01-30
invalid,66952-VA5-90,1.0,1,1,2022-01-21,2022-01-21
invalid,66952-VA5-85,1.0,1,1,2022-01-14,2022-01-14
invalid,66952-VA4-85,1.0,1,1,2022-01-30,2022-01-30
invalid,66952-UT9-85,1.0,1,1,2022-01-14,2022-01-14
invalid,66952-UT9-60,1.0,1,1,2022-01-12,2022-01-12
invalid,66952-UT9-50,1.0,1,1,2022-02-17,2022-02-17
invalid,66952-SY2-90,1.0,1,1,2022-01-17,2022-01-17
invalid,66951-SR4-90,1.0,1,1,2022-01-22,2022-01-22
invalid,66951-PV4-50,1.0,1,1,2022-01-11,2022-01-11
invalid,66950-VB3-75,1.0,1,1,2022-01-07,2022-01-07
invalid,66950-EF5-60,1.0,1,1,2022-02-24,2022-02-24
W001,66861-UZ7-90,1.0,1,1,2022-02-24,2022-02-24
W001,66861-UZ7-140,1.0,1,1,2022-01-28,2022-01-28
W001,66861-UZ7-130,1.0,1,1,2022-02-24,2022-02-24
W001,66861-UZ7-110,1.0,1,1,2022-02-13,2022-02-13
W001,66861-TZ8-140,1.0,1,1,2022-01-26,2022-01-26
W001,66861-TZ8-120,1.0,1,1,2022-01-31,2022-01-31
W001,66857-KZ5-L,1.0,1,1,2022-01-03,2022-01-03
invalid,62027-VU7-80,1.0,1,1,2022-02-08,2022-02-08
invalid,62027-VU6-60,1.0,1,1,2022-08-09,2022-08-09
invalid,66957-SR4-120,1.0,1,1,2022-02-01,2022-02-01
invalid,66957-SR4-110,1.0,1,1,2022-02-19,2022-02-19
invalid,66957-015-130,1.0,1,1,2022-03-11,2022-03-11
invalid,66956-SZ5-150,1.0,1,1,2022-02-01,2022-02-01
invalid,66956-SZ5-120,1.0,1,1,2022-02-25,2022-02-25
invalid,66955-990-100,1.0,1,1,2022-01-22,2022-01-22
invalid,66954-ST6-80,1.0,1,1,2022-01-27,2022-01-27
invalid,62027-VL8-75,1.0,1,1,2022-02-01,2022-02-01
invalid,62027-SX2-60,1.0,1,1,2022-01-22,2022-01-22
W001,66920-VA7-75,1.0,1,1,2022-01-26,2022-01-26
W001,66920-VA7-70,1.0,1,1,2022-01-21,2022-01-21
W001,65788-011-5,1.0,1,1,2022-01-31,2022-01-31
invalid,66961-VD8-110,1.0,1,1,2022-02-13,2022-02-13
invalid,66960-VD0-130,1.0,1,1,2022-01-16,2022-01-16
invalid,66960-QR5-140,1.0,1,1,2022-01-19,2022-01-19
invalid,66960-QR5-130,1.0,1,1,2022-04-12,2022-04-12
invalid,66960-QR5-100,1.0,1,1,2022-01-22,2022-01-22
invalid,66959-VG2-140,1.0,1,1,2022-01-02,2022-01-02
invalid,66959-VD3-100,1.0,1,1,2022-01-27,2022-01-27
invalid,66958-XK1-130,1.0,1,1,2022-12-09,2022-12-09
invalid,66958-SW1-120,1.0,1,1,2022-01-13,2022-01-13
W001,66863-UY7-110,1.0,1,1,2022-01-27,2022-01-27
W001,66862-UZ7-L,1.0,1,1,2022-02-21,2022-02-21
invalid,66973-77M-90,1.0,1,1,2022-01-26,2022-01-26
invalid,66973-77M-85,1.0,1,1,2022-01-10,2022-01-10
invalid,66971-QT3-130,1.0,1,1,2022-01-21,2022-01-21
invalid,66971-FJ0-85,1.0,1,1,2022-02-01,2022-02-01
invalid,66970-UX9-XL,1.0,1,1,2022-01-05,2022-01-05
invalid,66970-UX9-S,1.0,1,1,2022-01-24,2022-01-24
invalid,66966-76X-S,1.0,1,1,2022-02-02,2022-02-02
invalid,66966-76X-L,1.0,1,1,2022-01-20,2022-01-20
W001,65788-B42-NB,1.0,1,1,2022-02-13,2022-02-13
W001,65788-B42-2,1.0,1,1,2022-01-12,2022-01-12
W001,65788-B42-1,1.0,1,1,2022-02-17,2022-02-17
W001,65788-AN8-NB,1.0,1,1,2022-02-02,2022-02-02
invalid,62027-VU6-50,1.0,1,1,2022-06-30,2022-06-30
invalid,62027-VS9-75,1.0,1,1,2022-02-25,2022-02-25
invalid,62027-VM2-70,1.0,1,1,2022-01-26,2022-01-26
invalid,62027-VL9-70,1.0,1,1,2022-02-18,2022-02-18
W001,66920-VA6-85,1.0,1,1,2022-01-26,2022-01-26
W001,66920-VA6-80,1.0,1,1,2022-02-01,2022-02-01
W001,66920-VA6-60,1.0,1,1,2022-01-11,2022-01-11
W001,66920-VA6-50,1.0,1,1,2022-01-20,2022-01-20
W001,66920-VA4-60,1.0,1,1,2022-02-02,2022-02-02
W001,66920-VA4-50,1.0,1,1,2022-02-15,2022-02-15
W001,66864-WU6-L,1.0,1,1,2022-06-21,2022-06-21
invalid,62027-RY2-50,1.0,1,1,2022-07-29,2022-07-29
invalid,62027-RC5-90,1.0,1,1,2022-01-17,2022-01-17
W001,65775-76X-XS,1.0,1,1,2022-01-27,2022-01-27
W001,65775-011-XS,1.0,1,1,2022-01-27,2022-01-27
invalid,66973-GF2-130,1.0,1,1,2022-01-27,2022-01-27
invalid,66973-GF2-120,1.0,1,1,2022-02-23,2022-02-23
invalid,66973-AN8-130,1.0,1,1,2022-01-12,2022-01-12
invalid,66973-AN8-120,1.0,1,1,2022-01-19,2022-01-19
invalid,66973-AN8-100,1.0,1,1,2022-01-20,2022-01-20
invalid,66974-SR4-85,1.0,1,1,2022-01-15,2022-01-15
invalid,66974-PW1-110,1.0,1,1,2022-05-12,2022-05-12
invalid,66974-JB3-130,1.0,1,1,2022-02-15,2022-02-15
invalid,66974-JB3-120,1.0,1,1,2022-05-12,2022-05-12
W001,65776-UT9-S,1.0,1,1,2022-02-10,2022-02-10
W001,65776-UT9-NB,1.0,1,1,2022-01-12,2022-01-12
W001,65776-UT3-XS,1.0,1,1,2022-01-13,2022-01-13
W001,65776-UT3-S,1.0,1,1,2022-01-24,2022-01-24
W001,65776-UC3-NB,1.0,1,1,2022-03-11,2022-03-11
W001,65775-TN6-S,1.0,1,1,2022-02-19,2022-02-19
W001,65775-ST6-NB,1.0,1,1,2022-02-08,2022-02-08
W001,65775-GF2-XS,1.0,1,1,2022-02-08,2022-02-08
W001,65775-B42-XXS,1.0,1,1,2022-02-21,2022-02-21
W001,65775-B42-XS,1.0,1,1,2022-01-30,2022-01-30
W001,66920-VA7-60,1.0,1,1,2022-02-22,2022-02-22
W001,66920-VA6-90,1.0,1,1,2022-02-23,2022-02-23
invalid,62027-PF2-90,1.0,1,1,2022-06-13,2022-06-13
invalid,62027-PF2-60,1.0,1,1,2022-06-22,2022-06-22
invalid,62027-PF2-50,1.0,1,1,2022-06-26,2022-06-26
invalid,62027-NB1-75,1.0,1,1,2022-01-10,2022-01-10
invalid,61979-XA4-85,1.0,1,1,2022-07-01,2022-07-01
invalid,61979-WX6-80,1.0,1,1,2022-06-16,2022-06-16
invalid,61979-WX6-60,1.0,1,1,2022-06-14,2022-06-14
invalid,61956-XA4-90,1.0,1,1,2022-06-14,2022-06-14
invalid,66982-PJ9-110,1.0,1,1,2022-01-10,2022-01-10
invalid,66982-NB1-110,1.0,1,1,2022-01-10,2022-01-10
invalid,66982-24D-110,1.0,1,1,2022-01-04,2022-01-04
invalid,66976-SR4-110,1.0,1,1,2022-01-12,2022-01-12
invalid,66976-JB3-100,1.0,1,1,2022-01-30,2022-01-30
invalid,66975-VB3-120,1.0,1,1,2022-03-18,2022-03-18
invalid,66975-VB3-110,1.0,1,1,2022-01-18,2022-01-18
invalid,66975-67L-120,1.0,1,1,2022-01-11,2022-01-11
W001,66921-B42-80,1.0,1,1,2022-01-28,2022-01-28
W001,66921-B42-75,1.0,1,1,2022-01-23,2022-01-23
W001,66921-76X-80,1.0,1,1,2022-02-02,2022-02-02
W001,66921-76X-75,1.0,1,1,2022-01-27,2022-01-27
W001,66920-VA9-85,1.0,1,1,2022-01-17,2022-01-17
W001,66920-VA9-75,1.0,1,1,2022-01-26,2022-01-26
invalid,61956-WX6-85,1.0,1,1,2022-06-15,2022-06-15
invalid,66994-75Z-XXL,1.0,1,1,2022-01-05,2022-01-05
invalid,66988-VF4-L,1.0,1,1,2022-07-27,2022-07-27
invalid,66985-VF5-S,1.0,1,1,2022-02-08,2022-02-08
invalid,66982-VF8-150,1.0,1,1,2022-01-03,2022-01-03
invalid,66982-UT6-120,1.0,1,1,2022-01-24,2022-01-24
invalid,66982-UT6-110,1.0,1,1,2022-01-16,2022-01-16
invalid,66982-RY2-150,1.0,1,1,2022-02-20,2022-02-20
invalid,66982-RY2-120,1.0,1,1,2022-02-10,2022-02-10
invalid,62027-RC5-70,1.0,1,1,2022-01-03,2022-01-03
invalid,60784-RY2-L,1.0,1,1,2022-02-25,2022-02-25
W001,66922-BD4-75,1.0,1,1,2022-02-02,2022-02-02
invalid,66994-PF2-L,1.0,1,1,2022-06-28,2022-06-28
invalid,66994-NB1-XL,1.0,1,1,2022-02-23,2022-02-23
W001,65768-UL4-150,1.0,1,1,2022-06-18,2022-06-18
W001,65768-TV8-110,1.0,1,1,2022-02-06,2022-02-06
W001,65763-SG1-OS,1.0,1,1,2022-01-13,2022-01-13
W001,65755-G43-85,1.0,1,1,2022-02-15,2022-02-15
W001,65743-GF2-130,1.0,1,1,2022-01-17,2022-01-17
W001,65743-B42-80,1.0,1,1,2022-01-25,2022-01-25
W001,65738-990-M,1.0,1,1,2022-04-03,2022-04-03
W001,65735-990-XL,1.0,1,1,2022-01-14,2022-01-14
W001,66921-EF5-70,1.0,1,1,2022-01-26,2022-01-26
W001,66921-EF5-60,1.0,1,1,2022-02-01,2022-02-01
W001,66921-DD4-80,1.0,1,1,2022-02-22,2022-02-22
W001,66921-B42-85,1.0,1,1,2022-02-22,2022-02-22
invalid,66994-XV3-M,1.0,1,1,2022-12-16,2022-12-16
invalid,66994-XU5-M,1.0,1,1,2022-11-24,2022-11-24
invalid,66994-VP1-L,1.0,1,1,2022-02-23,2022-02-23
invalid,66994-VK5-L,1.0,1,1,2022-02-23,2022-02-23
invalid,66994-VK1-XL,1.0,1,1,2022-01-03,2022-01-03
invalid,66994-VK1-S,1.0,1,1,2022-01-14,2022-01-14
invalid,66994-VK1-L,1.0,1,1,2022-02-19,2022-02-19
invalid,66994-Q84-S,1.0,1,1,2022-02-23,2022-02-23
invalid,66994-PF2-M,1.0,1,1,2022-06-01,2022-06-01
invalid,61956-WX6-100,1.0,1,1,2022-06-21,2022-06-21
invalid,61948-WX3-XL,1.0,1,1,2022-07-23,2022-07-23
invalid,61948-WX3-S,1.0,1,1,2022-07-25,2022-07-25
invalid,61948-WV1-XS,1.0,1,1,2022-07-27,2022-07-27
invalid,60826-VP6-75,1.0,1,1,2022-04-23,2022-04-23
invalid,60784-VQ2-L,1.0,1,1,2022-06-06,2022-06-06
invalid,60784-RY2-XL,1.0,1,1,2022-02-23,2022-02-23
invalid,67010-055-140,1.0,1,1,2022-07-30,2022-07-30
invalid,66999-VF3-85,1.0,1,1,2022-01-08,2022-01-08
invalid,66999-VF3-140,1.0,1,1,2022-01-02,2022-01-02
invalid,66999-CM4-85,1.0,1,1,2022-01-03,2022-01-03
invalid,66998-SZ5-90,1.0,1,1,2022-01-14,2022-01-14
invalid,66998-SZ5-150,1.0,1,1,2022-01-12,2022-01-12
invalid,66998-SZ5-100,1.0,1,1,2022-02-16,2022-02-16
invalid,66997-SR4-120,1.0,1,1,2022-02-03,2022-02-03
invalid,66997-SR4-100,1.0,1,1,2022-01-27,2022-01-27
invalid,66997-HI7-140,1.0,1,1,2022-01-03,2022-01-03
invalid,66997-GF2-90,1.0,1,1,2022-01-19,2022-01-19
invalid,66997-GF2-100,1.0,1,1,2022-01-07,2022-01-07
invalid,66997-C57-110,1.0,1,1,2022-01-25,2022-01-25
invalid,66995-NB1-XL,1.0,1,1,2022-01-26,2022-01-26
invalid,66995-NB1-M,1.0,1,1,2022-02-14,2022-02-14
invalid,66995-NB1-L,1.0,1,1,2022-02-17,2022-02-17
W001,65707-HJ4-85,1.0,1,1,2022-01-28,2022-01-28
W001,65703-51R-OS,1.0,1,1,2022-02-01,2022-02-01
W001,65702-009-85,1.0,1,1,2022-02-09,2022-02-09
W001,65700-TY2-120,1.0,1,1,2022-02-06,2022-02-06
W001,65695-NH4-OS,1.0,1,1,2022-01-17,2022-01-17
W001,65689-76X-85,1.0,1,1,2022-01-11,2022-01-11
W001,65673-990-110,1.0,1,1,2022-01-15,2022-01-15
W001,65672-76X-85,1.0,1,1,2022-02-14,2022-02-14
W001,65671-UE9-90,1.0,1,1,2022-02-11,2022-02-11
W001,65671-06C-85,1.0,1,1,2022-02-11,2022-02-11
W001,65671-015-90,1.0,1,1,2022-01-12,2022-01-12
invalid,67010-SR4-110,1.0,1,1,2022-01-16,2022-01-16
invalid,67010-PV4-90,1.0,1,1,2022-01-27,2022-01-27
invalid,67010-PV4-120,1.0,1,1,2022-02-09,2022-02-09
invalid,67010-77M-140,1.0,1,1,2022-01-24,2022-01-24
invalid,67010-77M-130,1.0,1,1,2022-01-26,2022-01-26
W001,66922-BD4-60,1.0,1,1,2022-02-08,2022-02-08
W001,66921-ST6-85,1.0,1,1,2022-01-30,2022-01-30
W001,66921-ST6-80,1.0,1,1,2022-02-23,2022-02-23
W001,66921-ST6-75,1.0,1,1,2022-01-25,2022-01-25
W001,66921-ST6-50,1.0,1,1,2022-02-14,2022-02-14
W001,66921-SR4-50,1.0,1,1,2022-02-17,2022-02-17
W001,66921-PV4-50,1.0,1,1,2022-02-17,2022-02-17
W001,66921-M23-90,1.0,1,1,2022-01-18,2022-01-18
W001,66921-M23-80,1.0,1,1,2022-01-03,2022-01-03
W001,66921-M23-60,1.0,1,1,2022-01-07,2022-01-07
invalid,67011-GF2-130,1.0,1,1,2022-02-22,2022-02-22
invalid,67011-AN8-90,1.0,1,1,2022-01-03,2022-01-03
invalid,67010-SR4-120,1.0,1,1,2022-01-20,2022-01-20
W001,65735-001-M,1.0,1,1,2022-01-31,2022-01-31
W001,65729-TN6-110,1.0,1,1,2022-02-19,2022-02-19
W001,65714-85H-120,1.0,1,1,2022-02-17,2022-02-17
invalid,67023-NB1-140,1.0,1,1,2022-02-23,2022-02-23
invalid,67023-NB1-110,1.0,1,1,2022-02-07,2022-02-07
invalid,67023-24D-130,1.0,1,1,2022-02-19,2022-02-19
invalid,67020-US8-85,1.0,1,1,2022-01-13,2022-01-13
invalid,67020-US8-150,1.0,1,1,2022-01-26,2022-01-26
invalid,67020-US8-140,1.0,1,1,2022-01-11,2022-01-11
invalid,67020-US8-130,1.0,1,1,2022-02-12,2022-02-12
invalid,67020-SR4-100,1.0,1,1,2022-01-12,2022-01-12
invalid,67020-RB7-110,1.0,1,1,2022-01-26,2022-01-26
invalid,67020-67L-90,1.0,1,1,2022-02-20,2022-02-20
invalid,67019-NU3-140,1.0,1,1,2022-01-09,2022-01-09
invalid,67014-XG7-L,1.0,1,1,2022-07-29,2022-07-29
invalid,67013-TD4-M,1.0,1,1,2022-02-20,2022-02-20
invalid,67013-GN1-XL,1.0,1,1,2022-06-10,2022-06-10
invalid,67012-AT2-90,1.0,1,1,2022-01-20,2022-01-20
invalid,67011-GF2-150,1.0,1,1,2022-02-16,2022-02-16
invalid,60755-RM1-100,1.0,1,1,2024-01-28,2024-01-28
W001,66926-VA9-85,1.0,1,1,2022-01-17,2022-01-17
W001,66926-VA9-80,1.0,1,1,2022-01-31,2022-01-31
W001,66926-VA6-80,1.0,1,1,2022-01-31,2022-01-31
W001,66926-GN3-85,1.0,1,1,2022-02-07,2022-02-07
W001,66926-990-85,1.0,1,1,2022-01-13,2022-01-13
W001,66925-KY1-85,1.0,1,1,2022-01-17,2022-01-17
W001,66925-KY1-80,1.0,1,1,2022-01-24,2022-01-24
W001,66925-KY1-75,1.0,1,1,2022-01-15,2022-01-15
W001,66925-KY1-60,1.0,1,1,2022-02-09,2022-02-09
W001,66924-ST6-90,1.0,1,1,2022-01-19,2022-01-19
W001,66924-SR4-85,1.0,1,1,2022-01-16,2022-01-16
W001,66924-PV4-85,1.0,1,1,2022-01-20,2022-01-20
invalid,67024-BD4-110,1.0,1,1,2022-02-26,2022-02-26
invalid,67023-TW5-130,1.0,1,1,2022-01-17,2022-01-17
invalid,67023-NB1-150,1.0,1,1,2022-07-02,2022-07-02
W001,66922-BD4-80,1.0,1,1,2022-02-23,2022-02-23
invalid,60612-VW8-90,1.0,1,1,2022-07-05,2022-07-05
invalid,60612-VW8-120,1.0,1,1,2022-08-03,2022-08-03
invalid,60612-VW7-120,1.0,1,1,2022-05-28,2022-05-28
invalid,60612-TW2-150,1.0,1,1,2022-05-20,2022-05-20
W001,66930-EF5-90,1.0,1,1,2022-02-12,2022-02-12
W001,66930-EF5-85,1.0,1,1,2022-02-19,2022-02-19
W001,66930-EF5-75,1.0,1,1,2022-01-20,2022-01-20
W001,66930-B42-70,1.0,1,1,2022-02-21,2022-02-21
invalid,67034-015-140,1.0,1,1,2023-11-02,2023-11-02
invalid,67033-015-100,1.0,1,1,2022-01-11,2022-01-11
invalid,67028-SR4-120,1.0,1,1,2022-01-16,2022-01-16
invalid,67025-JB3-XS,1.0,1,1,2022-01-22,2022-01-22
invalid,67025-JB3-L,1.0,1,1,2022-01-18,2022-01-18
invalid,67024-BD4-85,1.0,1,1,2022-01-21,2022-01-21
invalid,67024-BD4-120,1.0,1,1,2022-02-26,2022-02-26
W001,65649-16N-110,1.0,1,1,2022-02-06,2022-02-06
W001,65643-G31-80,1.0,1,1,2022-01-24,2022-01-24
W001,65643-A96-140,1.0,1,1,2022-01-13,2022-01-13
W001,65642-VW2-90,1.0,1,1,2022-05-12,2022-05-12
W001,65642-VS7-90,1.0,1,1,2022-05-12,2022-05-12
invalid,67041-M23-140,1.0,1,1,2022-01-13,2022-01-13
invalid,67041-A79-85,1.0,1,1,2022-01-10,2022-01-10
invalid,67039-B42-90,1.0,1,1,2022-01-26,2022-01-26
invalid,67039-B42-100,1.0,1,1,2022-01-10,2022-01-10
invalid,67039-015-100,1.0,1,1,2022-01-19,2022-01-19
invalid,67038-GF2-90,1.0,1,1,2022-01-18,2022-01-18
invalid,67038-B42-130,1.0,1,1,2022-01-28,2022-01-28
invalid,67038-B42-110,1.0,1,1,2022-01-14,2022-01-14
invalid,67036-990-150,1.0,1,1,2022-01-17,2022-01-17
W001,66924-B42-75,1.0,1,1,2022-01-25,2022-01-25
W001,66923-SA1-85,1.0,1,1,2022-02-15,2022-02-15
invalid,67044-A79-100,1.0,1,1,2022-12-08,2022-12-08
W001,66930-B42-50,1.0,1,1,2022-01-05,2022-01-05
W001,66930-2UF-90,1.0,1,1,2025-01-14,2025-01-14
W001,66929-BD4-90,1.0,1,1,2022-02-19,2022-02-19
invalid,60611-XF5-140,1.0,1,1,2022-07-31,2022-07-31
invalid,60611-VX4-110,1.0,1,1,2022-03-09,2022-03-09
invalid,60611-VW8-150,1.0,1,1,2022-07-27,2022-07-27
invalid,67044-06G-120,1.0,1,1,2023-01-05,2023-01-05
W001,65671-009-90,1.0,1,1,2022-02-07,2022-02-07
W001,65668-990-85,1.0,1,1,2022-02-11,2022-02-11
W001,65668-990-80,1.0,1,1,2022-01-23,2022-01-23
W001,65668-62S-140,1.0,1,1,2022-02-24,2022-02-24
W001,65666-ST6-80,1.0,1,1,2022-01-02,2022-01-02
W001,65666-EF5-120,1.0,1,1,2022-02-23,2022-02-23
W001,65666-EF5-100,1.0,1,1,2022-02-25,2022-02-25
W001,65666-B42-90,1.0,1,1,2022-02-17,2022-02-17
W001,66933-B42-90,1.0,1,1,2022-01-27,2022-01-27
W001,66933-B42-75,1.0,1,1,2022-01-19,2022-01-19
W001,66933-53X-75,1.0,1,1,2022-01-20,2022-01-20
W001,66932-EF5-75,1.0,1,1,2022-01-13,2022-01-13
W001,66930-ST6-50,1.0,1,1,2022-03-23,2022-03-23
W001,66930-SR4-90,1.0,1,1,2022-02-16,2022-02-16
invalid,60611-VW4-120,1.0,1,1,2022-04-18,2022-04-18
W001,66936-RB7-85,1.0,1,1,2022-01-31,2022-01-31
W001,66936-RB7-60,1.0,1,1,2022-02-14,2022-02-14
W001,66935-SR4-60,1.0,1,1,2022-02-14,2022-02-14
invalid,67048-67R-110,1.0,1,1,2022-09-07,2022-09-07
invalid,67044-VX9-90,1.0,1,1,2022-12-07,2022-12-07
invalid,67044-VX9-110,1.0,1,1,2022-09-17,2022-09-17
invalid,67044-DD4-150,1.0,1,1,2023-12-23,2023-12-23
invalid,67044-DD4-120,1.0,1,1,2022-11-09,2022-11-09
invalid,67044-A79-110,1.0,1,1,2022-10-04,2022-10-04
invalid,67048-925-150,1.0,1,1,2023-12-28,2023-12-28
invalid,67048-67R-90,1.0,1,1,2022-12-03,2022-12-03
invalid,67048-67R-85,1.0,1,1,2022-11-14,2022-11-14
W001,65642-VS7-100,1.0,1,1,2022-06-21,2022-06-21
W001,65642-76X-85,1.0,1,1,2022-02-11,2022-02-11
W001,65641-UE8-85,1.0,1,1,2022-02-15,2022-02-15
W001,65641-SR4-80,1.0,1,1,2022-05-06,2022-05-06
W001,65641-89C-80,1.0,1,1,2022-02-15,2022-02-15
W001,65640-77M-80,1.0,1,1,2022-02-25,2022-02-25
W001,65639-ST6-80,1.0,1,1,2022-01-02,2022-01-02
W001,65639-SR4-85,1.0,1,1,2022-01-26,2022-01-26
W001,65639-AM7-90,1.0,1,1,2022-02-07,2022-02-07
W001,65638-KT9-OS,1.0,1,1,2022-02-11,2022-02-11
W001,65635-A91-90,1.0,1,1,2022-01-03,2022-01-03
W001,65635-A91-85,1.0,1,1,2022-02-21,2022-02-21
W001,66934-BD4-60,1.0,1,1,2022-02-19,2022-02-19
W001,66935-76X-60,1.0,1,1,2024-10-09,2024-10-09
W001,66934-SR4-50,1.0,1,1,2022-01-31,2022-01-31
W001,66934-JB3-50,1.0,1,1,2022-01-05,2022-01-05
invalid,60611-UW6-150,1.0,1,1,2022-01-25,2022-01-25
invalid,60611-TX8-80,1.0,1,1,2022-05-06,2022-05-06
invalid,67052-B42-150,1.0,1,1,2022-01-03,2022-01-03
invalid,67052-B42-110,1.0,1,1,2022-08-22,2022-08-22
invalid,67051-990-130,1.0,1,1,2022-02-17,2022-02-17
invalid,67051-990-110,1.0,1,1,2022-02-08,2022-02-08
invalid,67051-76X-120,1.0,1,1,2022-02-14,2022-02-14
invalid,67050-UT6-120,1.0,1,1,2022-01-18,2022-01-18
invalid,67050-76X-130,1.0,1,1,2022-01-12,2022-01-12
invalid,67050-76X-100,1.0,1,1,2022-01-12,2022-01-12
invalid,67048-GK3-140,1.0,1,1,2022-01-21,2022-01-21
invalid,67048-GK3-100,1.0,1,1,2022-05-07,2022-05-07
invalid,67048-930-85,1.0,1,1,2023-12-17,2023-12-17
invalid,67061-SR4-130,1.0,1,1,2022-01-13,2022-01-13
invalid,67061-SR4-110,1.0,1,1,2022-01-19,2022-01-19
invalid,67061-EF5-150,1.0,1,1,2022-01-21,2022-01-21
invalid,67061-EF5-130,1.0,1,1,2022-01-30,2022-01-30
invalid,67061-B42-85,1.0,1,1,2022-01-09,2022-01-09
invalid,67061-B42-140,1.0,1,1,2022-01-18,2022-01-18
invalid,67061-AN8-140,1.0,1,1,2022-02-12,2022-02-12
invalid,67061-990-140,1.0,1,1,2022-01-21,2022-01-21
invalid,67060-76X-120,1.0,1,1,2022-01-11,2022-01-11
invalid,67059-SR4-110,1.0,1,1,2022-02-22,2022-02-22
invalid,67057-B42-120,1.0,1,1,2022-01-26,2022-01-26
invalid,67054-PV4-110,1.0,1,1,2022-01-06,2022-01-06
invalid,67054-B42-130,1.0,1,1,2022-01-26,2022-01-26
invalid,67054-B42-110,1.0,1,1,2022-01-20,2022-01-20
invalid,67052-SR4-110,1.0,1,1,2022-01-16,2022-01-16
W001,66935-JB3-60,1.0,1,1,2022-01-18,2022-01-18
invalid,67067-015-100,1.0,1,1,2022-01-22,2022-01-22
invalid,60611-TX4-70,1.0,1,1,2022-01-04,2022-01-04
invalid,60611-TW2-100,1.0,1,1,2022-02-12,2022-02-12
invalid,60611-RB7-120,1.0,1,1,2022-01-16,2022-01-16
invalid,60611-NB1-90,1.0,1,1,2022-02-11,2022-02-11
invalid,60611-NB1-85,1.0,1,1,2022-02-10,2022-02-10
invalid,60610-TW3-160,1.0,1,1,2022-02-25,2022-02-25
invalid,60609-TW3-110,1.0,1,1,2022-01-23,2022-01-23
invalid,67066-PV4-130,1.0,1,1,2022-01-17,2022-01-17
invalid,67066-PV4-110,1.0,1,1,2022-01-19,2022-01-19
invalid,67065-B42-100,1.0,1,1,2022-02-26,2022-02-26
invalid,67065-76X-90,1.0,1,1,2022-01-10,2022-01-10
invalid,67065-76X-140,1.0,1,1,2022-01-19,2022-01-19
invalid,67065-76X-130,1.0,1,1,2022-01-10,2022-01-10
invalid,67065-76X-110,1.0,1,1,2022-02-15,2022-02-15
invalid,67064-009-130,1.0,1,1,2022-02-02,2022-02-02
invalid,60609-TV8-100,1.0,1,1,2022-02-19,2022-02-19
W001,66936-UT3-85,1.0,1,1,2022-02-08,2022-02-08
W001,66936-UT3-80,1.0,1,1,2022-02-14,2022-02-14
W001,66936-UT3-75,1.0,1,1,2022-02-15,2022-02-15
W001,66936-UT3-70,1.0,1,1,2022-01-26,2022-01-26
W001,66936-UT3-60,1.0,1,1,2022-02-05,2022-02-05
W001,66936-TN9-85,1.0,1,1,2022-02-10,2022-02-10
W001,66936-SY2-90,1.0,1,1,2022-01-26,2022-01-26
invalid,67085-76X-130,1.0,1,1,2022-01-10,2022-01-10
invalid,67082-A79-L,1.0,1,1,2022-02-18,2022-02-18
invalid,67078-FX9-S,1.0,1,1,2022-02-18,2022-02-18
invalid,67075-kl9-L,1.0,1,1,2022-01-03,2022-01-03
invalid,67071-FX7-M,1.0,1,1,2022-01-10,2022-01-10
invalid,67069-B42-120,1.0,1,1,2022-02-08,2022-02-08
invalid,67067-015-120,1.0,1,1,2022-01-12,2022-01-12
invalid,67067-015-110,1.0,1,1,2022-02-10,2022-02-10
invalid,67086-XM4-110,1.0,1,1,2023-01-24,2023-01-24
invalid,67086-VH4-140,1.0,1,1,2022-02-05,2022-02-05
invalid,67086-VB8-100,1.0,1,1,2022-01-04,2022-01-04
W001,65635-015-120,1.0,1,1,2022-01-12,2022-01-12
W001,65635-015-110,1.0,1,1,2022-02-09,2022-02-09
W001,65633-SR4-80,1.0,1,1,2022-02-11,2022-02-11
W001,65633-J81-85,1.0,1,1,2022-02-12,2022-02-12
W001,65633-J81-120,1.0,1,1,2022-02-16,2022-02-16
W001,65633-015-120,1.0,1,1,2022-02-15,2022-02-15
W001,66936-SY2-50,1.0,1,1,2022-02-14,2022-02-14
invalid,60604-UT3-S,1.0,1,1,2022-02-23,2022-02-23
invalid,60603-vf7-XS,1.0,1,1,2022-01-26,2022-01-26
invalid,60603-vf7-M,1.0,1,1,2022-01-16,2022-01-16
W001,66936-VM9-80,1.0,1,1,2022-01-21,2022-01-21
W001,66936-VK1-75,1.0,1,1,2022-01-23,2022-01-23
W001,66936-VA3-85,1.0,1,1,2022-02-10,2022-02-10
W001,66936-UT9-85,1.0,1,1,2022-02-14,2022-02-14
W001,66936-UT9-80,1.0,1,1,2022-02-17,2022-02-17
W001,66936-UT9-60,1.0,1,1,2022-02-06,2022-02-06
invalid,60603-NB1-S,1.0,1,1,2022-01-14,2022-01-14
invalid,60600-vf7-130,1.0,1,1,2022-01-03,2022-01-03
invalid,60600-XH5-90,1.0,1,1,2022-07-30,2022-07-30
invalid,60600-XE2-90,1.0,1,1,2022-07-31,2022-07-31
invalid,60600-XC3-120,1.0,1,1,2022-12-22,2022-12-22
invalid,60600-XA7-140,1.0,1,1,2023-01-18,2023-01-18
invalid,60600-WV1-90,1.0,1,1,2022-06-06,2022-06-06
invalid,60600-WV1-100,1.0,1,1,2022-06-21,2022-06-21
invalid,60600-WU9-85,1.0,1,1,2022-06-05,2022-06-05
W001,66939-VN1-60,1.0,1,1,2022-01-08,2022-01-08
invalid,67088-VB8-120,1.0,1,1,2022-01-16,2022-01-16
invalid,67087-GF2-110,1.0,1,1,2022-02-03,2022-02-03
invalid,67087-76X-90,1.0,1,1,2022-01-28,2022-01-28
W001,66940-UT3-50,1.0,1,1,2022-04-13,2022-04-13
W001,66940-ST6-60,1.0,1,1,2022-02-08,2022-02-08
W001,66940-SR4-80,1.0,1,1,2022-01-27,2022-01-27
W001,66940-SR4-75,1.0,1,1,2022-01-13,2022-01-13
W001,66940-SR4-60,1.0,1,1,2022-02-09,2022-02-09
W001,66940-B42-50,1.0,1,1,2022-02-09,2022-02-09
W001,66939-VN1-80,1.0,1,1,2022-02-10,2022-02-10
invalid,67090-V98-100,1.0,1,1,2022-06-30,2022-06-30
invalid,67088-XM4-110,1.0,1,1,2023-01-27,2023-01-27
invalid,67088-VH4-100,1.0,1,1,2022-01-26,2022-01-26
W001,66939-VM7-85,1.0,1,1,2022-01-14,2022-01-14
W001,66937-TN4-80,1.0,1,1,2022-02-11,2022-02-11
W001,66937-EF5-90,1.0,1,1,2022-01-27,2022-01-27
W001,66937-B42-80,1.0,1,1,2022-01-13,2022-01-13
W001,66936-XJ3-70,1.0,1,1,2022-07-28,2022-07-28
invalid,60600-WU9-120,1.0,1,1,2022-06-04,2022-06-04
W001,66941-B42-80,1.0,1,1,2022-01-12,2022-01-12
W001,66941-B42-70,1.0,1,1,2022-01-19,2022-01-19
W001,66940-VA5-90,1.0,1,1,2022-01-26,2022-01-26
W001,66940-UT3-85,1.0,1,1,2022-02-10,2022-02-10
W001,66940-UT3-70,1.0,1,1,2022-01-13,2022-01-13
W001,65615-SR5-70,1.0,1,1,2022-06-05,2022-06-05
W001,65615-SQ5-75,1.0,1,1,2022-02-01,2022-02-01
W001,65615-NW2-75,1.0,1,1,2022-02-02,2022-02-02
W001,65612-PV4-85,1.0,1,1,2022-01-09,2022-01-09
W001,65612-PV4-75,1.0,1,1,2022-01-31,2022-01-31
W001,65612-PV4-50,1.0,1,1,2022-02-17,2022-02-17
W001,65612-EF5-75,1.0,1,1,2022-01-25,2022-01-25
W001,65612-76X-70,1.0,1,1,2022-01-17,2022-01-17
W001,65607-ST6-80,1.0,1,1,2022-02-05,2022-02-05
invalid,60600-WC9-90,1.0,1,1,2022-07-01,2022-07-01
W001,66940-UT3-60,1.0,1,1,2022-01-24,2022-01-24
invalid,60599-uw5-130,1.0,1,1,2022-01-07,2022-01-07
invalid,60599-uv8-85,1.0,1,1,2022-01-16,2022-01-16
invalid,60599-uv8-130,1.0,1,1,2022-02-14,2022-02-14
invalid,60599-XA6-150,1.0,1,1,2022-07-31,2022-07-31
invalid,67098-NN9-140,1.0,1,1,2022-01-10,2022-01-10
invalid,67096-FX9-150,1.0,1,1,2022-01-12,2022-01-12
invalid,67096-FX9-110,1.0,1,1,2022-01-31,2022-01-31
invalid,67095-FX9-S,1.0,1,1,2022-02-28,2022-02-28
invalid,67095-FX9-M,1.0,1,1,2022-01-15,2022-01-15
W001,65620-ST4-75,1.0,1,1,2022-01-06,2022-01-06
W001,65620-KV9-70,1.0,1,1,2022-01-09,2022-01-09
W001,66944-VB3-90,1.0,1,1,2022-01-05,2022-01-05
W001,66944-VB3-70,1.0,1,1,2022-02-17,2022-02-17
W001,66944-VB3-60,1.0,1,1,2022-01-13,2022-01-13
W001,66944-VB3-50,1.0,1,1,2022-02-08,2022-02-08
W001,66941-B42-90,1.0,1,1,2022-01-17,2022-01-17
W001,66946-GF2-90,1.0,1,1,2022-02-01,2022-02-01
W001,66946-C57-85,1.0,1,1,2022-01-14,2022-01-14
W001,66946-C57-75,1.0,1,1,2022-02-06,2022-02-06
W001,66945-VF5-80,1.0,1,1,2022-01-22,2022-01-22
W001,66945-VF5-75,1.0,1,1,2022-01-11,2022-01-11
W001,65607-SR4-90,1.0,1,1,2022-01-02,2022-01-02
W001,65607-SR4-60,1.0,1,1,2022-02-08,2022-02-08
W001,65607-SR4-50,1.0,1,1,2022-04-02,2022-04-02
W001,65607-GF2-70,1.0,1,1,2022-01-19,2022-01-19
W001,65607-GF2-60,1.0,1,1,2022-02-11,2022-02-11
W001,65607-EF5-80,1.0,1,1,2022-01-22,2022-01-22
invalid,67099-FX9-1Y,1.0,1,1,2022-11-13,2022-11-13
invalid,60600-UT6-100,1.0,1,1,2022-02-13,2022-02-13
invalid,60600-RY2-110,1.0,1,1,2022-06-09,2022-06-09
invalid,60600-PH7-120,1.0,1,1,2022-02-19,2022-02-19
invalid,60599-vf7-150,1.0,1,1,2022-01-03,2022-01-03
W001,66947-UT9-50,1.0,1,1,2022-01-31,2022-01-31
W001,66947-UT3-85,1.0,1,1,2022-01-28,2022-01-28
W001,66947-UT3-70,1.0,1,1,2022-01-20,2022-01-20
W001,66947-UC7-80,1.0,1,1,2022-01-10,2022-01-10
W001,66947-SY2-60,1.0,1,1,2022-01-31,2022-01-31
invalid,67117-DW1-90,1.0,1,1,2022-07-29,2022-07-29
invalid,67113-VN5-150,1.0,1,1,2022-01-18,2022-01-18
invalid,67113-VN5-130,1.0,1,1,2022-01-15,2022-01-15
invalid,67107-VN9-150,1.0,1,1,2022-01-10,2022-01-10
invalid,67107-VN3-140,1.0,1,1,2022-12-21,2022-12-21
invalid,67104-VJ4-85,1.0,1,1,2022-02-20,2022-02-20
invalid,67103-VJ4-XL,1.0,1,1,2022-01-03,2022-01-03
W001,65607-ST6-60,1.0,1,1,2022-01-31,2022-01-31
W001,66947-RB7-80,1.0,1,1,2022-01-31,2022-01-31
W001,66946-SR4-85,1.0,1,1,2022-02-01,2022-02-01
W001,66946-SR4-75,1.0,1,1,2022-01-10,2022-01-10
invalid,60548-PH7-NB,1.0,1,1,2022-07-26,2022-07-26
invalid,60535-76X-S,1.0,1,1,2022-06-16,2022-06-16
invalid,60535-76X-L,1.0,1,1,2022-06-30,2022-06-30
invalid,60444-SA4-80,1.0,1,1,2022-01-02,2022-01-02
W001,66950-EF5-60,1.0,1,1,2022-02-18,2022-02-18
invalid,67125-QR7-M,1.0,1,1,2022-02-22,2022-02-22
invalid,67125-QR7-L,1.0,1,1,2022-01-19,2022-01-19
invalid,67124-QR7-XS,1.0,1,1,2022-01-06,2022-01-06
invalid,67124-QR7-XL,1.0,1,1,2022-02-01,2022-02-01
invalid,67123-PT0-L,1.0,1,1,2022-01-02,2022-01-02
invalid,67122-PT0-150,1.0,1,1,2022-01-18,2022-01-18
invalid,67122-PT0-140,1.0,1,1,2022-01-31,2022-01-31
invalid,67120-PT0-XL,1.0,1,1,2022-02-21,2022-02-21
invalid,67118-PT0-L,1.0,1,1,2022-01-08,2022-01-08
invalid,60599-VV2-150,1.0,1,1,2022-07-26,2022-07-26
W001,66947-UT9-60,1.0,1,1,2022-02-07,2022-02-07
invalid,67128-NG1-120,1.0,1,1,2022-01-03,2022-01-03
W001,66947-VA5-80,1.0,1,1,2022-01-21,2022-01-21
W001,66947-UU3-80,1.0,1,1,2022-01-22,2022-01-22
W001,66947-UT9-80,1.0,1,1,2022-02-17,2022-02-17
invalid,60395-VL8-150,1.0,1,1,2022-01-26,2022-01-26
invalid,60395-VL8-140,1.0,1,1,2022-01-10,2022-01-10
W001,65607-EF5-70,1.0,1,1,2022-02-08,2022-02-08
W001,65607-B42-NB,1.0,1,1,2022-02-22,2022-02-22
W001,65607-B42-70,1.0,1,1,2022-01-27,2022-01-27
invalid,67126-QR7-S,1.0,1,1,2022-02-14,2022-02-14
W001,66947-RB7-90,1.0,1,1,2022-02-06,2022-02-06
W001,66947-RB7-85,1.0,1,1,2022-01-21,2022-01-21
invalid,60599-UT3-150,1.0,1,1,2022-01-02,2022-01-02
invalid,60599-RY2-90,1.0,1,1,2022-01-20,2022-01-20
invalid,60599-QQ9-85,1.0,1,1,2022-01-20,2022-01-20
invalid,60599-PF2-100,1.0,1,1,2022-01-16,2022-01-16
invalid,60395-TW5-120,1.0,1,1,2022-01-25,2022-01-25
invalid,60395-SR4-130,1.0,1,1,2022-01-17,2022-01-17
invalid,60395-PV4-150,1.0,1,1,2022-01-15,2022-01-15
invalid,60395-AN8-120,1.0,1,1,2022-01-19,2022-01-19
invalid,60395-76X-150,1.0,1,1,2022-02-10,2022-02-10
invalid,60395-76X-100,1.0,1,1,2022-01-25,2022-01-25
invalid,60363-WD5-130,1.0,1,1,2022-04-19,2022-04-19
invalid,60363-VZ2-140,1.0,1,1,2022-06-09,2022-06-09
invalid,60363-UT6-110,1.0,1,1,2022-02-01,2022-02-01
invalid,67138-AT2-110,1.0,1,1,2022-02-22,2022-02-22
invalid,67136-TR8-S,1.0,1,1,2022-01-14,2022-01-14
invalid,67134-TR8-S,1.0,1,1,2022-02-26,2022-02-26
invalid,67133-TR8-L,1.0,1,1,2022-01-18,2022-01-18
invalid,67132-022-M,1.0,1,1,2022-12-04,2022-12-04
invalid,67131-022-S,1.0,1,1,2022-11-07,2022-11-07
invalid,67128-QR7-140,1.0,1,1,2022-01-31,2022-01-31
W001,66952-SY2-90,1.0,1,1,2022-02-02,2022-02-02
W001,66951-SR4-60,1.0,1,1,2022-01-13,2022-01-13
W001,66951-990-50,1.0,1,1,2022-01-17,2022-01-17
W001,66950-VB3-80,1.0,1,1,2022-02-22,2022-02-22
invalid,67157-82F-140,1.0,1,1,2022-02-19,2022-02-19
invalid,67157-82F-120,1.0,1,1,2024-01-27,2024-01-27
invalid,67157-75M-140,1.0,1,1,2022-02-26,2022-02-26
invalid,67155-RS8-80,1.0,1,1,2023-01-07,2023-01-07
invalid,67155-RS8-70,1.0,1,1,2022-12-16,2022-12-16
invalid,67142-RS8-90,1.0,1,1,2022-11-10,2022-11-10
invalid,67142-RS8-80,1.0,1,1,2022-01-27,2022-01-27
invalid,67142-RS8-70,1.0,1,1,2022-01-20,2022-01-20
invalid,60395-VJ7-120,1.0,1,1,2022-01-15,2022-01-15
invalid,60395-UT6-140,1.0,1,1,2022-02-25,2022-02-25
invalid,60395-TW5-90,1.0,1,1,2022-01-18,2022-01-18
invalid,60395-TW5-85,1.0,1,1,2022-01-26,2022-01-26
invalid,60356-PV5-90,1.0,1,1,2022-04-12,2022-04-12
invalid,60356-PH7-110,1.0,1,1,2023-02-16,2023-02-16
W001,66953-990-60,1.0,1,1,2022-02-05,2022-02-05
W001,66953-990-50,1.0,1,1,2022-02-14,2022-02-14
W001,66952-VB2-85,1.0,1,1,2022-01-19,2022-01-19
W001,66952-VB2-60,1.0,1,1,2022-01-08,2022-01-08
W001,65606-B42-85,1.0,1,1,2022-02-03,2022-02-03
W001,65606-B42-75,1.0,1,1,2022-02-10,2022-02-10
invalid,67159-75M-90,1.0,1,1,2022-01-21,2022-01-21
invalid,67159-75M-120,1.0,1,1,2022-02-18,2022-02-18
invalid,67159-75M-110,1.0,1,1,2022-02-14,2022-02-14
invalid,67158-JB3-100,1.0,1,1,2022-02-16,2022-02-16
invalid,67158-76X-150,1.0,1,1,2022-02-23,2022-02-23
invalid,67158-76X-110,1.0,1,1,2022-02-16,2022-02-16
invalid,60363-TW5-100,1.0,1,1,2022-01-10,2022-01-10
invalid,60363-367-100,1.0,1,1,2023-05-11,2023-05-11
invalid,67166-GF2-110,1.0,1,1,2022-02-11,2022-02-11
invalid,67161-GD4-150,1.0,1,1,2022-01-16,2022-01-16
invalid,67161-GD4-140,1.0,1,1,2022-01-12,2022-01-12
invalid,67159-JB3-140,1.0,1,1,2022-01-15,2022-01-15
invalid,67159-HI2-150,1.0,1,1,2022-01-16,2022-01-16
invalid,67159-HI2-120,1.0,1,1,2022-01-19,2022-01-19
W001,65606-SR4-90,1.0,1,1,2022-02-02,2022-02-02
W001,65606-SR4-85,1.0,1,1,2022-02-13,2022-02-13
W001,65606-SR4-75,1.0,1,1,2022-01-23,2022-01-23
W001,65606-SR4-70,1.0,1,1,2022-02-13,2022-02-13
W001,65606-EF5-90,1.0,1,1,2022-02-23,2022-02-23
W001,65606-EF5-85,1.0,1,1,2022-02-02,2022-02-02
W001,65606-EF5-60,1.0,1,1,2022-01-16,2022-01-16
W001,65606-EF5-50,1.0,1,1,2022-01-25,2022-01-25
W001,66950-VB3-60,1.0,1,1,2022-02-19,2022-02-19
invalid,60356-WW6-90,1.0,1,1,2022-06-22,2022-06-22
W001,66952-VA5-80,1.0,1,1,2022-01-12,2022-01-12
W001,66952-VA5-50,1.0,1,1,2022-02-12,2022-02-12
W001,66952-VA4-85,1.0,1,1,2022-01-27,2022-01-27
W001,66952-VA4-70,1.0,1,1,2022-01-31,2022-01-31
W001,66952-VA4-60,1.0,1,1,2022-01-31,2022-01-31
invalid,60325-VL8-XL,1.0,1,1,2022-01-10,2022-01-10
invalid,60325-VL8-M,1.0,1,1,2022-02-16,2022-02-16
invalid,60325-VK5-L,1.0,1,1,2022-01-18,2022-01-18
invalid,60325-VK3-S,1.0,1,1,2022-01-10,2022-01-10
invalid,67167-GF2-130,1.0,1,1,2022-01-19,2022-01-19
invalid,67167-GF2-110,1.0,1,1,2022-01-11,2022-01-11
invalid,67166-SR4-90,1.0,1,1,2023-10-10,2023-10-10
invalid,67166-SR4-85,1.0,1,1,2022-02-21,2022-02-21
invalid,67166-GF2-140,1.0,1,1,2022-01-18,2022-01-18
invalid,67166-GF2-130,1.0,1,1,2022-01-24,2022-01-24
invalid,67166-GF2-120,1.0,1,1,2022-02-05,2022-02-05
W001,66954-011-85,1.0,1,1,2022-02-25,2022-02-25
W001,66954-011-75,1.0,1,1,2022-01-27,2022-01-27
invalid,67175-76X-150,1.0,1,1,2022-01-16,2022-01-16
invalid,67175-76X-140,1.0,1,1,2022-01-28,2022-01-28
invalid,67175-015-100,1.0,1,1,2022-01-17,2022-01-17
invalid,67173-B42-130,1.0,1,1,2022-01-14,2022-01-14
invalid,67173-76X-120,1.0,1,1,2022-01-03,2022-01-03
invalid,67173-76X-110,1.0,1,1,2022-01-28,2022-01-28
invalid,67171-990-130,1.0,1,1,2022-02-02,2022-02-02
invalid,67167-VD8-150,1.0,1,1,2022-01-11,2022-01-11
invalid,67167-VD8-140,1.0,1,1,2022-01-18,2022-01-18
invalid,67167-VD8-120,1.0,1,1,2022-01-30,2022-01-30
invalid,67167-M23-130,1.0,1,1,2022-01-14,2022-01-14
invalid,67167-GF2-150,1.0,1,1,2022-01-12,2022-01-12
W001,66952-VA5-90,1.0,1,1,2022-02-09,2022-02-09
W001,66952-VA5-85,1.0,1,1,2022-01-13,2022-01-13
invalid,67175-PW1-140,1.0,1,1,2022-01-21,2022-01-21
invalid,67175-M23-85,1.0,1,1,2022-02-03,2022-02-03
invalid,67175-M23-150,1.0,1,1,2022-01-16,2022-01-16
invalid,67175-M23-130,1.0,1,1,2022-01-20,2022-01-20
invalid,67175-M23-100,1.0,1,1,2022-01-16,2022-01-16
invalid,67175-B42-150,1.0,1,1,2022-01-16,2022-01-16
W001,65605-XK8-NB,1.0,1,1,2022-07-27,2022-07-27
W001,65605-XJ3-80,1.0,1,1,2022-08-01,2022-08-01
W001,65605-WM6-75,1.0,1,1,2022-07-05,2022-07-05
W001,65605-WD5-75,1.0,1,1,2022-02-25,2022-02-25
W001,65605-WD5-70,1.0,1,1,2022-02-22,2022-02-22
W001,65605-WC3-80,1.0,1,1,2022-02-17,2022-02-17
invalid,67175-B42-110,1.0,1,1,2022-01-19,2022-01-19
invalid,60325-VK3-L,1.0,1,1,2022-12-21,2022-12-21
W001,66955-990-90,1.0,1,1,2022-01-24,2022-01-24
W001,66954-ST6-90,1.0,1,1,2022-02-22,2022-02-22
W001,66954-011-70,1.0,1,1,2022-01-19,2022-01-19
W001,66953-EF5-75,1.0,1,1,2022-01-23,2022-01-23
W001,66953-EF5-70,1.0,1,1,2022-02-17,2022-02-17
invalid,60325-VJ8-M,1.0,1,1,2022-02-20,2022-02-20
invalid,60325-VJ6-XXL,1.0,1,1,2022-01-02,2022-01-02
invalid,60325-VJ5-M,1.0,1,1,2022-01-13,2022-01-13
invalid,60325-QX6-XXL,1.0,1,1,2022-01-18,2022-01-18
invalid,67179-76X-110,1.0,1,1,2022-01-17,2022-01-17
invalid,67179-76X-100,1.0,1,1,2022-02-17,2022-02-17
invalid,67179-015-90,1.0,1,1,2022-02-24,2022-02-24
invalid,67179-015-120,1.0,1,1,2022-01-19,2022-01-19
invalid,67177-B42-150,1.0,1,1,2022-02-02,2022-02-02
invalid,67177-B42-130,1.0,1,1,2022-01-13,2022-01-13
invalid,67177-76X-110,1.0,1,1,2022-01-22,2022-01-22
invalid,67176-M23-90,1.0,1,1,2022-01-23,2022-01-23
invalid,67176-M23-100,1.0,1,1,2022-02-11,2022-02-11
W001,65605-VA6-60,1.0,1,1,2022-02-07,2022-02-07
W001,65605-VA6-50,1.0,1,1,2022-01-30,2022-01-30
W001,65605-UU3-NB,1.0,1,1,2022-02-17,2022-02-17
W001,65605-UU3-70,1.0,1,1,2022-01-13,2022-01-13
W001,65605-UU3-60,1.0,1,1,2022-02-07,2022-02-07
invalid,67182-GF2-90,1.0,1,1,2022-01-18,2022-01-18
invalid,67180-NU3-85,1.0,1,1,2022-01-13,2022-01-13
invalid,67180-NU3-130,1.0,1,1,2022-01-16,2022-01-16
invalid,67180-GF2-85,1.0,1,1,2022-01-29,2022-01-29
invalid,67180-GF2-120,1.0,1,1,2022-01-13,2022-01-13
invalid,60318-NV2-XS,1.0,1,1,2022-07-15,2022-07-15
invalid,60318-011-NB,1.0,1,1,2022-02-17,2022-02-17
W001,66957-SR4-110,1.0,1,1,2022-02-14,2022-02-14
W001,66957-SR4-100,1.0,1,1,2022-02-19,2022-02-19
W001,66957-015-150,1.0,1,1,2022-01-12,2022-01-12
W001,66957-015-100,1.0,1,1,2022-02-19,2022-02-19
invalid,67185-B42-110,1.0,1,1,2022-01-17,2022-01-17
W001,66956-SZ5-85,1.0,1,1,2022-01-30,2022-01-30
W001,66956-SZ5-120,1.0,1,1,2022-01-30,2022-01-30
invalid,60312-V98-110,1.0,1,1,2022-01-17,2022-01-17
invalid,60312-V98-100,1.0,1,1,2022-06-02,2022-06-02
invalid,60312-A91-85,1.0,1,1,2022-12-28,2022-12-28
invalid,60284-A91-130,1.0,1,1,2022-01-03,2022-01-03
invalid,60284-A91-110,1.0,1,1,2022-02-23,2022-02-23
invalid,60284-76X-140,1.0,1,1,2022-02-11,2022-02-11
invalid,60284-76X-100,1.0,1,1,2022-02-14,2022-02-14
invalid,67183-M23-140,1.0,1,1,2022-01-22,2022-01-22
W001,65605-VB6-90,1.0,1,1,2022-01-03,2022-01-03
W001,65605-VB6-70,1.0,1,1,2022-01-14,2022-01-14
W001,65605-VA6-85,1.0,1,1,2022-01-16,2022-01-16
W001,65605-VA6-75,1.0,1,1,2022-01-19,2022-01-19
W001,65605-VA6-70,1.0,1,1,2022-01-14,2022-01-14
invalid,60008-VK1-80,1.0,1,1,2022-01-17,2022-01-17
invalid,60008-VK1-70,1.0,1,1,2022-01-24,2022-01-24
invalid,60008-VK1-50,1.0,1,1,2022-01-20,2022-01-20
invalid,60008-VJ9-75,1.0,1,1,2022-12-13,2022-12-13
invalid,60008-VJ9-70,1.0,1,1,2022-12-13,2022-12-13
invalid,60008-VJ6-90,1.0,1,1,2022-01-27,2022-01-27
W001,66959-VD3-120,1.0,1,1,2022-01-23,2022-01-23
invalid,67189-A79-130,1.0,1,1,2022-01-21,2022-01-21
invalid,67188-M23-150,1.0,1,1,2022-01-15,2022-01-15
invalid,67188-GF2-90,1.0,1,1,2022-01-09,2022-01-09
invalid,67187-990-85,1.0,1,1,2022-01-27,2022-01-27
invalid,67187-990-150,1.0,1,1,2022-02-10,2022-02-10
invalid,67187-990-120,1.0,1,1,2022-01-24,2022-01-24
invalid,67186-M23-110,1.0,1,1,2023-01-27,2023-01-27
invalid,67186-GF2-120,1.0,1,1,2022-01-23,2022-01-23
invalid,67185-M23-140,1.0,1,1,2022-01-18,2022-01-18
W001,66957-SR4-150,1.0,1,1,2022-01-13,2022-01-13
invalid,60008-VJ5-70,1.0,1,1,2022-01-02,2022-01-02
invalid,60008-QY5-60,1.0,1,1,2022-01-10,2022-01-10
invalid,67192-NT9-130,1.0,1,1,2022-01-24,2022-01-24
invalid,67192-M23-140,1.0,1,1,2022-02-08,2022-02-08
invalid,67192-M23-100,1.0,1,1,2022-01-17,2022-01-17
invalid,67192-GF2-110,1.0,1,1,2022-01-14,2022-01-14
invalid,67192-76X-100,1.0,1,1,2022-01-19,2022-01-19
invalid,67191-M23-130,1.0,1,1,2022-01-31,2022-01-31
invalid,67191-M23-100,1.0,1,1,2022-01-04,2022-01-04
invalid,67189-VH3-140,1.0,1,1,2022-02-16,2022-02-16
invalid,67189-M23-90,1.0,1,1,2022-01-23,2022-01-23
invalid,60008-XS9-70,1.0,1,1,2022-12-20,2022-12-20
invalid,60008-VK5-75,1.0,1,1,2022-01-21,2022-01-21
invalid,60008-VK5-70,1.0,1,1,2022-01-22,2022-01-22
invalid,60008-VK1-90,1.0,1,1,2022-01-26,2022-01-26
W001,66960-QR5-140,1.0,1,1,2022-02-10,2022-02-10
W001,66960-QR5-130,1.0,1,1,2022-01-20,2022-01-20
W001,66959-VG2-140,1.0,1,1,2022-02-08,2022-02-08
W001,65605-SY2-90,1.0,1,1,2022-02-17,2022-02-17
invalid,67195-015-120,1.0,1,1,2022-01-13,2022-01-13
invalid,67194-M23-100,1.0,1,1,2022-01-15,2022-01-15
invalid,67194-GF2-100,1.0,1,1,2022-01-20,2022-01-20
invalid,67193-76X-130,1.0,1,1,2022-02-07,2022-02-07
invalid,67192-VM1-90,1.0,1,1,2022-01-12,2022-01-12
invalid,67192-VM1-100,1.0,1,1,2022-01-27,2022-01-27
invalid,67192-NT9-90,1.0,1,1,2022-02-02,2022-02-02
W001,66959-FJ0-90,1.0,1,1,2022-01-26,2022-01-26
W001,66959-FJ0-100,1.0,1,1,2022-01-31,2022-01-31
W001,66958-SW1-150,1.0,1,1,2022-02-08,2022-02-08
W001,66958-SW1-110,1.0,1,1,2022-01-11,2022-01-11
W001,66958-EV5-90,1.0,1,1,2022-01-17,2022-01-17
invalid,59852-XV2-90,1.0,1,1,2022-11-15,2022-11-15
invalid,59852-XU5-85,1.0,1,1,2023-02-01,2023-02-01
invalid,59852-XU5-110,1.0,1,1,2023-02-13,2023-02-13
invalid,59852-XU1-150,1.0,1,1,2023-01-17,2023-01-17
W001,66962-PJ9-130,1.0,1,1,2022-02-08,2022-02-08
invalid,67196-76X-90,1.0,1,1,2022-01-04,2022-01-04
invalid,67196-76X-110,1.0,1,1,2022-02-03,2022-02-03
W001,65605-UT3-85,1.0,1,1,2022-02-19,2022-02-19
W001,65605-UC7-80,1.0,1,1,2022-01-19,2022-01-19
W001,65605-UC3-90,1.0,1,1,2022-02-22,2022-02-22
W001,65605-UC3-80,1.0,1,1,2022-02-17,2022-02-17
W001,65605-UC3-50,1.0,1,1,2022-02-22,2022-02-22
W001,65605-SY2-NB,1.0,1,1,2022-01-16,2022-01-16
invalid,60008-QY4-75,1.0,1,1,2022-02-08,2022-02-08
invalid,59957-BX0-90,1.0,1,1,2022-11-03,2022-11-03
W001,66960-VD0-120,1.0,1,1,2022-01-28,2022-01-28
invalid,67204-CM4-90,1.0,1,1,2022-01-28,2022-01-28
invalid,67203-VM1-130,1.0,1,1,2022-01-26,2022-01-26
invalid,67201-VK3-120,1.0,1,1,2022-01-26,2022-01-26
invalid,67201-M23-110,1.0,1,1,2022-01-16,2022-01-16
invalid,67201-GF2-130,1.0,1,1,2022-02-15,2022-02-15
invalid,67201-GF2-120,1.0,1,1,2022-01-16,2022-01-16
invalid,67201-B42-90,1.0,1,1,2022-01-20,2022-01-20
invalid,67200-VX9-110,1.0,1,1,2022-11-24,2022-11-24
invalid,67200-M23-85,1.0,1,1,2023-01-06,2023-01-06
invalid,67200-GF2-100,1.0,1,1,2023-01-19,2023-01-19
invalid,67200-A79-130,1.0,1,1,2022-02-02,2022-02-02
invalid,67200-A79-100,1.0,1,1,2022-01-12,2022-01-12
invalid,67197-A91-90,1.0,1,1,2022-01-31,2022-01-31
invalid,67196-M23-90,1.0,1,1,2022-01-13,2022-01-13
W001,66959-VD3-150,1.0,1,1,2022-02-08,2022-02-08
invalid,59957-BX0-130,1.0,1,1,2022-09-09,2022-09-09
invalid,67207-EH3-110,1.0,1,1,2022-01-18,2022-01-18
W001,66962-PJ9-110,1.0,1,1,2022-01-31,2022-01-31
W001,66961-VD8-85,1.0,1,1,2022-01-03,2022-01-03
W001,66961-VD8-150,1.0,1,1,2022-02-02,2022-02-02
W001,66961-GF2-150,1.0,1,1,2022-02-11,2022-02-11
W001,66961-GF2-140,1.0,1,1,2022-01-07,2022-01-07
W001,66961-GF2-130,1.0,1,1,2022-01-06,2022-01-06
W001,66961-GF2-110,1.0,1,1,2022-01-02,2022-01-02
W001,66960-VD0-85,1.0,1,1,2022-01-17,2022-01-17
invalid,59852-XS9-120,1.0,1,1,2022-11-27,2022-11-27
invalid,59852-VP1-160,1.0,1,1,2022-02-14,2022-02-14
invalid,59852-VP1-150,1.0,1,1,2022-02-03,2022-02-03
invalid,67207-B42-130,1.0,1,1,2022-02-17,2022-02-17
invalid,67204-NU3-120,1.0,1,1,2022-01-28,2022-01-28
invalid,67204-GF2-130,1.0,1,1,2022-01-02,2022-01-02
invalid,67204-GF2-120,1.0,1,1,2022-01-03,2022-01-03
W001,65604-SR4-85,1.0,1,1,2022-02-14,2022-02-14
W001,65603-SR4-80,1.0,1,1,2022-02-02,2022-02-02
W001,65603-SR4-70,1.0,1,1,2022-01-20,2022-01-20
W001,65603-SR4-60,1.0,1,1,2022-02-22,2022-02-22
W001,65603-B42-85,1.0,1,1,2022-02-17,2022-02-17
W001,65603-B42-80,1.0,1,1,2022-02-17,2022-02-17
W001,65603-011-85,1.0,1,1,2022-02-05,2022-02-05
invalid,67208-V98-110,1.0,1,1,2022-02-13,2022-02-13
invalid,67208-GF2-130,1.0,1,1,2022-02-18,2022-02-18
invalid,67208-GF2-110,1.0,1,1,2022-01-24,2022-01-24
invalid,67208-EH3-110,1.0,1,1,2022-01-09,2022-01-09
invalid,67207-V98-110,1.0,1,1,2022-06-02,2022-06-02
invalid,67207-SR4-90,1.0,1,1,2022-01-20,2022-01-20
invalid,67207-SR4-150,1.0,1,1,2022-01-12,2022-01-12
invalid,67207-SR4-110,1.0,1,1,2022-02-02,2022-02-02
invalid,67207-EH3-150,1.0,1,1,2022-01-10,2022-01-10
invalid,67210-GF2-100,1.0,1,1,2022-01-17,2022-01-17
invalid,67209-xw3-100,1.0,1,1,2022-11-07,2022-11-07
invalid,67209-XU5-90,1.0,1,1,2023-01-25,2023-01-25
invalid,67209-A91-150,1.0,1,1,2022-02-13,2022-02-13
invalid,67209-A91-120,1.0,1,1,2022-01-31,2022-01-31
invalid,67209-76X-90,1.0,1,1,2022-01-09,2022-01-09
invalid,67209-76X-150,1.0,1,1,2022-01-19,2022-01-19
invalid,67209-015-90,1.0,1,1,2022-02-09,2022-02-09
invalid,67209-015-140,1.0,1,1,2022-01-20,2022-01-20
invalid,67209-015-130,1.0,1,1,2022-01-04,2022-01-04
W001,65605-SY2-75,1.0,1,1,2022-02-13,2022-02-13
W001,65605-SY2-70,1.0,1,1,2022-02-22,2022-02-22
W001,65605-SY2-50,1.0,1,1,2022-01-31,2022-01-31
W001,65605-RB7-85,1.0,1,1,2022-01-25,2022-01-25
W001,65605-RB7-80,1.0,1,1,2022-02-11,2022-02-11
W001,65605-RB7-50,1.0,1,1,2022-01-31,2022-01-31
W001,66970-UX9-XL,1.0,1,1,2022-01-13,2022-01-13
W001,66970-UX9-L,1.0,1,1,2022-01-22,2022-01-22
W001,66969-UX9-M,1.0,1,1,2022-01-31,2022-01-31
W001,66969-UX9-L,1.0,1,1,2022-01-31,2022-01-31
W001,66966-76X-S,1.0,1,1,2022-01-25,2022-01-25
W001,66966-76X-M,1.0,1,1,2022-02-10,2022-02-10
W001,66963-015-150,1.0,1,1,2022-02-17,2022-02-17
W001,66963-015-140,1.0,1,1,2022-02-17,2022-02-17
W001,66963-015-130,1.0,1,1,2022-02-22,2022-02-22
invalid,67212-DD4-90,1.0,1,1,2022-01-23,2022-01-23
invalid,67212-DD4-130,1.0,1,1,2022-01-20,2022-01-20
invalid,67212-DD4-120,1.0,1,1,2022-01-29,2022-01-29
invalid,67212-DD4-110,1.0,1,1,2022-01-03,2022-01-03
invalid,67211-TV4-110,1.0,1,1,2022-01-09,2022-01-09
invalid,67211-SW4-120,1.0,1,1,2022-01-03,2022-01-03
invalid,67210-GF2-120,1.0,1,1,2022-02-09,2022-02-09
invalid,67213-J81-140,1.0,1,1,2022-02-10,2022-02-10
invalid,67213-J81-100,1.0,1,1,2022-02-01,2022-02-01
W001,65602-VM9-50,1.0,1,1,2022-06-07,2022-06-07
W001,65602-VM8-NB,1.0,1,1,2022-02-16,2022-02-16
invalid,67213-015-110,1.0,1,1,2022-01-25,2022-01-25
invalid,67212-M23-150,1.0,1,1,2022-01-21,2022-01-21
invalid,59852-VM2-140,1.0,1,1,2022-01-13,2022-01-13
invalid,59852-VL9-90,1.0,1,1,2022-02-02,2022-02-02
invalid,59852-VL8-85,1.0,1,1,2022-02-06,2022-02-06
invalid,59852-VK5-85,1.0,1,1,2022-01-09,2022-01-09
invalid,59852-VK5-120,1.0,1,1,2022-01-03,2022-01-03
invalid,59852-VK4-85,1.0,1,1,2022-01-10,2022-01-10
invalid,59852-VK3-160,1.0,1,1,2022-01-19,2022-01-19
W001,66973-2CU-90,1.0,1,1,2024-10-09,2024-10-09
W001,66971-FJ0-110,1.0,1,1,2022-02-13,2022-02-13
W001,66970-UX9-XXL,1.0,1,1,2022-02-21,2022-02-21
invalid,59852-VJ5-130,1.0,1,1,2022-02-25,2022-02-25
W001,66973-076-150,1.0,1,1,2022-07-29,2022-07-29
W001,66971-VG1-150,1.0,1,1,2022-02-11,2022-02-11
W001,66971-VG1-130,1.0,1,1,2022-01-26,2022-01-26
W001,66971-VD4-90,1.0,1,1,2022-02-01,2022-02-01
W001,66971-VD4-85,1.0,1,1,2022-01-21,2022-01-21
W001,66971-VD4-100,1.0,1,1,2022-02-12,2022-02-12
W001,66971-QT3-90,1.0,1,1,2022-02-08,2022-02-08
W001,66971-FJ0-85,1.0,1,1,2022-01-31,2022-01-31
invalid,67217-V98-90,1.0,1,1,2022-01-20,2022-01-20
invalid,67217-75Z-150,1.0,1,1,2022-01-10,2022-01-10
invalid,67217-75Z-140,1.0,1,1,2022-01-28,2022-01-28
invalid,67216-JB3-140,1.0,1,1,2022-06-30,2022-06-30
invalid,67214-GF2-140,1.0,1,1,2022-02-22,2022-02-22
invalid,67213-SR4-90,1.0,1,1,2022-01-30,2022-01-30
invalid,67213-J81-85,1.0,1,1,2022-01-22,2022-01-22
W001,66973-77M-130,1.0,1,1,2022-02-07,2022-02-07
W001,66973-77M-100,1.0,1,1,2022-02-07,2022-02-07
W001,66973-76X-140,1.0,1,1,2022-01-26,2022-01-26
W001,65602-VM7-90,1.0,1,1,2022-01-13,2022-01-13
W001,65602-VK1-90,1.0,1,1,2022-01-13,2022-01-13
W001,65602-VK1-85,1.0,1,1,2022-01-20,2022-01-20
W001,65602-VK1-80,1.0,1,1,2022-02-05,2022-02-05
W001,65602-VK1-75,1.0,1,1,2022-02-03,2022-02-03
W001,65602-VK1-50,1.0,1,1,2022-02-01,2022-02-01
invalid,59852-VK1-140,1.0,1,1,2022-02-02,2022-02-02
invalid,59852-VJ9-120,1.0,1,1,2022-01-28,2022-01-28
invalid,59852-VJ7-130,1.0,1,1,2022-11-23,2022-11-23
invalid,59852-VJ7-110,1.0,1,1,2022-06-25,2022-06-25
invalid,59852-VJ6-160,1.0,1,1,2022-02-12,2022-02-12
invalid,59852-VJ6-120,1.0,1,1,2022-03-21,2022-03-21
invalid,59852-VJ5-160,1.0,1,1,2022-01-03,2022-01-03
W001,65602-UC7-80,1.0,1,1,2022-01-28,2022-01-28
W001,65602-UC7-60,1.0,1,1,2022-01-13,2022-01-13
W001,65602-UC3-85,1.0,1,1,2022-05-12,2022-05-12
W001,65602-UC3-80,1.0,1,1,2022-02-14,2022-02-14
invalid,67220-CM4-140,1.0,1,1,2022-01-28,2022-01-28
invalid,67220-CM4-110,1.0,1,1,2022-02-01,2022-02-01
invalid,67220-035-100,1.0,1,1,2022-11-25,2022-11-25
invalid,67219-77M-140,1.0,1,1,2022-01-21,2022-01-21
invalid,67219-77M-110,1.0,1,1,2022-01-30,2022-01-30
invalid,67219-76X-150,1.0,1,1,2022-01-27,2022-01-27
invalid,67217-VJ9-150,1.0,1,1,2022-01-03,2022-01-03
invalid,59852-TQ7-140,1.0,1,1,2022-01-02,2022-01-02
W001,66973-GF2-120,1.0,1,1,2022-01-21,2022-01-21
W001,66973-AN8-120,1.0,1,1,2022-02-05,2022-02-05
W001,66973-77M-85,1.0,1,1,2022-01-31,2022-01-31
W001,66973-77M-140,1.0,1,1,2022-01-17,2022-01-17
invalid,59852-TP2-110,1.0,1,1,2022-02-19,2022-02-19
invalid,59852-TN9-100,1.0,1,1,2022-02-25,2022-02-25
invalid,59852-TN7-90,1.0,1,1,2022-01-11,2022-01-11
invalid,59852-QY4-150,1.0,1,1,2022-02-03,2022-02-03
invalid,59852-QY4-140,1.0,1,1,2022-02-22,2022-02-22
W001,66974-SR4-100,1.0,1,1,2022-02-23,2022-02-23
W001,66974-PW1-90,1.0,1,1,2022-01-24,2022-01-24
W001,66974-PW1-85,1.0,1,1,2022-02-08,2022-02-08
invalid,67224-BD4-S,1.0,1,1,2022-11-12,2022-11-12
invalid,67223-VJ3-150,1.0,1,1,2022-12-03,2022-12-03
invalid,67221-C57-130,1.0,1,1,2022-05-25,2022-05-25
W001,65602-UU3-60,1.0,1,1,2022-01-20,2022-01-20
W001,65602-UT9-80,1.0,1,1,2022-02-14,2022-02-14
W001,65602-UT9-75,1.0,1,1,2022-01-05,2022-01-05
W001,65602-UT9-60,1.0,1,1,2022-02-23,2022-02-23
W001,65602-UT3-80,1.0,1,1,2022-02-14,2022-02-14
W001,65597-UH2-70,1.0,1,1,2022-01-12,2022-01-12
W001,66974-PW1-140,1.0,1,1,2022-01-14,2022-01-14
W001,66974-PW1-110,1.0,1,1,2022-02-19,2022-02-19
W001,66974-JB3-90,1.0,1,1,2022-01-04,2022-01-04
W001,66974-JB3-130,1.0,1,1,2022-01-17,2022-01-17
W001,66973-GF2-130,1.0,1,1,2022-01-17,2022-01-17
invalid,59845-XU1-M,1.0,1,1,2022-12-14,2022-12-14
invalid,59845-XU1-L,1.0,1,1,2022-12-07,2022-12-07
invalid,59845-XS8-XL,1.0,1,1,2022-12-02,2022-12-02
W001,65597-AM7-90,1.0,1,1,2022-07-05,2022-07-05
invalid,67228-75M-90,1.0,1,1,2022-02-27,2022-02-27
invalid,67226-AN8-75,1.0,1,1,2022-02-23,2022-02-23
invalid,67226-76X-75,1.0,1,1,2022-02-10,2022-02-10
invalid,67226-76X-70,1.0,1,1,2022-02-13,2022-02-13
invalid,67225-SR4-75,1.0,1,1,2022-01-10,2022-01-10
W001,66973-76X-100,1.0,1,1,2022-01-23,2022-01-23
invalid,67231-B42-60,1.0,1,1,2022-01-31,2022-01-31
invalid,67230-GF2-60,1.0,1,1,2022-01-17,2022-01-17
invalid,67229-VN2-60,1.0,1,1,2022-02-25,2022-02-25
invalid,67229-VN1-90,1.0,1,1,2022-01-02,2022-01-02
invalid,67229-VM7-80,1.0,1,1,2022-02-01,2022-02-01
invalid,67228-HI2-70,1.0,1,1,2022-01-29,2022-01-29
W001,65602-UC3-75,1.0,1,1,2022-02-15,2022-02-15
W001,65602-UC3-50,1.0,1,1,2022-01-31,2022-01-31
W001,65602-SY2-90,1.0,1,1,2022-02-11,2022-02-11
W001,65602-SY2-70,1.0,1,1,2022-01-12,2022-01-12
W001,65602-SY2-50,1.0,1,1,2022-02-02,2022-02-02
W001,65600-UH7-90,1.0,1,1,2022-01-04,2022-01-04
W001,65597-WM4-90,1.0,1,1,2022-02-25,2022-02-25
W001,65597-WD5-75,1.0,1,1,2022-02-25,2022-02-25
W001,65597-WC9-90,1.0,1,1,2022-02-23,2022-02-23
W001,65597-WC9-75,1.0,1,1,2022-02-25,2022-02-25
W001,66975-67L-150,1.0,1,1,2022-01-19,2022-01-19
W001,66975-67L-130,1.0,1,1,2022-01-17,2022-01-17
W001,66975-67L-120,1.0,1,1,2022-02-21,2022-02-21
W001,66975-67L-100,1.0,1,1,2022-02-21,2022-02-21
W001,66974-SR4-85,1.0,1,1,2022-01-20,2022-01-20
W001,66974-SR4-150,1.0,1,1,2022-01-13,2022-01-13
invalid,67233-VN2-90,1.0,1,1,2022-02-11,2022-02-11
invalid,67233-VN2-85,1.0,1,1,2022-01-29,2022-01-29
invalid,67233-VN2-80,1.0,1,1,2022-02-01,2022-02-01
invalid,67233-VN1-90,1.0,1,1,2022-01-12,2022-01-12
invalid,67233-VM7-80,1.0,1,1,2022-02-01,2022-02-01
invalid,67232-B42-90,1.0,1,1,2022-02-23,2022-02-23
invalid,67232-B42-85,1.0,1,1,2022-02-20,2022-02-20
invalid,67231-SR4-85,1.0,1,1,2022-01-22,2022-01-22
invalid,67231-SR4-70,1.0,1,1,2022-01-31,2022-01-31
invalid,67231-B42-80,1.0,1,1,2022-01-15,2022-01-15
invalid,59845-TN9-XXL,1.0,1,1,2022-01-11,2022-01-11
invalid,59845-QX6-M,1.0,1,1,2022-07-27,2022-07-27
invalid,59827-GF2-90,1.0,1,1,2022-01-14,2022-01-14
W001,65593-M23-90,1.0,1,1,2022-02-03,2022-02-03
invalid,67238-GF2-85,1.0,1,1,2022-02-19,2022-02-19
invalid,67238-GF2-80,1.0,1,1,2022-02-02,2022-02-02
invalid,67237-BD4-75,1.0,1,1,2022-01-13,2022-01-13
invalid,67234-M23-90,1.0,1,1,2022-01-26,2022-01-26
invalid,67234-M23-60,1.0,1,1,2022-01-03,2022-01-03
invalid,67234-M23-50,1.0,1,1,2022-02-03,2022-02-03
invalid,59845-VK5-L,1.0,1,1,2022-02-22,2022-02-22
W001,66975-VB3-110,1.0,1,1,2022-02-23,2022-02-23
W001,66975-EF5-90,1.0,1,1,2022-02-05,2022-02-05
W001,66975-EF5-130,1.0,1,1,2022-01-28,2022-01-28
W001,66975-EF5-100,1.0,1,1,2022-01-12,2022-01-12
W001,66975-67L-90,1.0,1,1,2022-02-25,2022-02-25
invalid,67241-B42-50,1.0,1,1,2022-01-20,2022-01-20
invalid,67241-011-75,1.0,1,1,2022-01-22,2022-01-22
invalid,67239-GF2-85,1.0,1,1,2022-01-14,2022-01-14
invalid,67239-GF2-80,1.0,1,1,2022-01-27,2022-01-27
invalid,67239-GF2-60,1.0,1,1,2022-01-09,2022-01-09
invalid,67239-011-80,1.0,1,1,2022-01-17,2022-01-17
invalid,67239-011-70,1.0,1,1,2022-01-17,2022-01-17
W001,65593-ST6-50,1.0,1,1,2022-01-19,2022-01-19
W001,65593-SR4-50,1.0,1,1,2022-01-15,2022-01-15
W001,65593-PV4-90,1.0,1,1,2022-01-16,2022-01-16
W001,66974-SR4-120,1.0,1,1,2022-02-22,2022-02-22
invalid,59845-VK3-M,1.0,1,1,2022-11-17,2022-11-17
invalid,59845-VK1-L,1.0,1,1,2022-01-18,2022-01-18
invalid,59845-VJ7-M,1.0,1,1,2022-01-17,2022-01-17
invalid,59845-VJ6-M,1.0,1,1,2022-02-23,2022-02-23
invalid,59845-VJ5-M,1.0,1,1,2022-02-19,2022-02-19
W001,66978-990-130,1.0,1,1,2022-01-14,2022-01-14
W001,66978-990-120,1.0,1,1,2022-01-12,2022-01-12
W001,66978-990-100,1.0,1,1,2022-01-03,2022-01-03
W001,66976-JB3-90,1.0,1,1,2022-02-13,2022-02-13
W001,66976-JB3-85,1.0,1,1,2022-01-09,2022-01-09
W001,66976-JB3-120,1.0,1,1,2022-01-13,2022-01-13
W001,66976-JB3-100,1.0,1,1,2022-02-11,2022-02-11
invalid,67243-GF2-60,1.0,1,1,2022-01-13,2022-01-13
invalid,67243-AN8-90,1.0,1,1,2022-01-06,2022-01-06
invalid,67243-AN8-75,1.0,1,1,2022-02-22,2022-02-22
invalid,67243-AN8-70,1.0,1,1,2022-02-11,2022-02-11
invalid,67242-VK1-80,1.0,1,1,2022-02-07,2022-02-07
invalid,67242-QX6-80,1.0,1,1,2022-01-10,2022-01-10
invalid,67242-QX6-60,1.0,1,1,2022-01-12,2022-01-12
invalid,67241-SR4-60,1.0,1,1,2022-02-26,2022-02-26
invalid,67241-GF2-75,1.0,1,1,2022-02-14,2022-02-14
invalid,59818-GF2-90,1.0,1,1,2022-12-09,2022-12-09
invalid,59818-GF2-110,1.0,1,1,2022-12-28,2022-12-28
invalid,59818-B42-140,1.0,1,1,2022-01-23,2022-01-23
invalid,59818-015-85,1.0,1,1,2022-12-14,2022-12-14
invalid,59818-015-140,1.0,1,1,2022-11-23,2022-11-23
invalid,67246-VM9-75,1.0,1,1,2022-02-19,2022-02-19
invalid,67246-VM7-60,1.0,1,1,2022-01-10,2022-01-10
invalid,67246-QX6-70,1.0,1,1,2022-02-07,2022-02-07
invalid,67244-SR4-75,1.0,1,1,2022-01-21,2022-01-21
invalid,67244-M23-85,1.0,1,1,2022-01-12,2022-01-12
invalid,67243-VH3-90,1.0,1,1,2022-01-07,2022-01-07
invalid,67243-VH3-60,1.0,1,1,2022-02-07,2022-02-07
invalid,67243-GF2-80,1.0,1,1,2022-01-28,2022-01-28
invalid,59827-B42-150,1.0,1,1,2022-01-11,2022-01-11
W001,66982-24D-150,1.0,1,1,2022-01-31,2022-01-31
W001,66982-24D-130,1.0,1,1,2022-02-20,2022-02-20
invalid,67248-V98-90,1.0,1,1,2022-04-19,2022-04-19
invalid,67248-V98-60,1.0,1,1,2022-06-29,2022-06-29
invalid,67248-A79-80,1.0,1,1,2022-02-26,2022-02-26
invalid,67247-M23-85,1.0,1,1,2022-01-14,2022-01-14
invalid,67247-GF2-70,1.0,1,1,2022-01-21,2022-01-21
W001,65593-M23-60,1.0,1,1,2022-02-14,2022-02-14
W001,65593-GF2-90,1.0,1,1,2022-02-20,2022-02-20
W001,65593-GF2-85,1.0,1,1,2022-02-17,2022-02-17
W001,65593-EF5-80,1.0,1,1,2022-01-25,2022-01-25
W001,65593-EF5-70,1.0,1,1,2022-01-31,2022-01-31
W001,65593-EF5-50,1.0,1,1,2022-01-15,2022-01-15
W001,66982-RY2-140,1.0,1,1,2022-02-21,2022-02-21
W001,66982-PJ9-90,1.0,1,1,2022-01-27,2022-01-27
W001,66982-PJ9-110,1.0,1,1,2022-02-28,2022-02-28
invalid,59818-M23-110,1.0,1,1,2022-12-30,2022-12-30
invalid,59818-HI7-120,1.0,1,1,2022-02-07,2022-02-07
invalid,58663-J91-XL,1.0,1,1,2022-02-20,2022-02-20
W001,66982-NB1-140,1.0,1,1,2022-01-20,2022-01-20
W001,66982-NB1-130,1.0,1,1,2022-01-27,2022-01-27
invalid,59781-76X-100,1.0,1,1,2022-11-09,2022-11-09
invalid,59580-A96-120,1.0,1,1,2023-01-25,2023-01-25
invalid,58712-TS3-140,1.0,1,1,2022-01-20,2022-01-20
invalid,58712-QT3-85,1.0,1,1,2022-01-27,2022-01-27
invalid,58712-QT3-120,1.0,1,1,2022-02-16,2022-02-16
invalid,67254-S74-S/M,1.0,1,1,2022-01-21,2022-01-21
invalid,67254-S74-L/XL,1.0,1,1,2022-01-19,2022-01-19
invalid,67253-75Z-L,1.0,1,1,2022-01-03,2022-01-03
invalid,67250-JB3-80,1.0,1,1,2022-02-23,2022-02-23
invalid,67250-JB3-75,1.0,1,1,2022-07-05,2022-07-05
invalid,67250-HI2-75,1.0,1,1,2022-01-26,2022-01-26
invalid,67250-HI2-60,1.0,1,1,2022-02-13,2022-02-13
invalid,67249-M23-90,1.0,1,1,2022-02-07,2022-02-07
W001,66986-VF4-XXL,1.0,1,1,2022-01-04,2022-01-04
W001,66985-VF4-XXL,1.0,1,1,2022-07-26,2022-07-26
W001,66982-VF8-130,1.0,1,1,2022-02-27,2022-02-27
invalid,67256-FX7-XS,1.0,1,1,2022-01-03,2022-01-03
invalid,67255-TN9-S,1.0,1,1,2022-02-10,2022-02-10
invalid,67255-QX6-S,1.0,1,1,2022-01-30,2022-01-30
invalid,67255-Q84-XS,1.0,1,1,2022-02-22,2022-02-22
invalid,67255-Q84-S,1.0,1,1,2022-02-15,2022-02-15
invalid,67255-Q84-L,1.0,1,1,2022-02-07,2022-02-07
invalid,67255-FU8-M,1.0,1,1,2022-01-16,2022-01-16
invalid,58712-QT3-100,1.0,1,1,2022-01-26,2022-01-26
invalid,58712-GF2-90,1.0,1,1,2022-02-19,2022-02-19
invalid,58694-QQ9-80,1.0,1,1,2022-01-17,2022-01-17
invalid,58665-J91-S,1.0,1,1,2022-01-27,2022-01-27
invalid,58663-WR3-L,1.0,1,1,2022-07-13,2022-07-13
invalid,58663-UE2-L,1.0,1,1,2022-01-03,2022-01-03
invalid,58662-J91-XS,1.0,1,1,2022-01-10,2022-01-10
W001,66994-2BX-XS,1.0,1,1,2024-10-01,2024-10-01
W001,66988-VF4-S,1.0,1,1,2022-01-14,2022-01-14
W001,66988-VF4-L,1.0,1,1,2022-02-24,2022-02-24
W001,66987-VF5-85,1.0,1,1,2022-02-08,2022-02-08
W001,66987-VF5-140,1.0,1,1,2022-03-03,2022-03-03
W001,66987-VF4-130,1.0,1,1,2022-02-17,2022-02-17
W001,66987-VF4-110,1.0,1,1,2022-01-06,2022-01-06
W001,65593-B42-80,1.0,1,1,2022-01-10,2022-01-10
W001,65593-B42-50,1.0,1,1,2022-02-08,2022-02-08
W001,65592-ST6-80,1.0,1,1,2022-01-20,2022-01-20
W001,65592-ST6-75,1.0,1,1,2022-01-13,2022-01-13
W001,65592-SR4-85,1.0,1,1,2022-01-20,2022-01-20
W001,65592-SR4-80,1.0,1,1,2022-02-05,2022-02-05
W001,65592-SR4-50,1.0,1,1,2022-02-19,2022-02-19
W001,65592-DD4-75,1.0,1,1,2022-02-07,2022-02-07
invalid,58660-WQ8-XS,1.0,1,1,2022-06-15,2022-06-15
invalid,58660-QH4-XS,1.0,1,1,2022-06-05,2022-06-05
invalid,58660-QH4-S,1.0,1,1,2022-05-12,2022-05-12
invalid,58660-QH4-M,1.0,1,1,2022-02-09,2022-02-09
invalid,58660-NL3-XS,1.0,1,1,2022-06-15,2022-06-15
invalid,58660-HC7-XS,1.0,1,1,2022-02-23,2022-02-23
invalid,58660-HC7-M,1.0,1,1,2022-02-22,2022-02-22
W001,66994-PF2-XL,1.0,1,1,2022-07-02,2022-07-02
W001,66994-PF2-S,1.0,1,1,2022-02-27,2022-02-27
W001,65591-WM5-90,1.0,1,1,2022-02-24,2022-02-24
W001,65591-WM5-60,1.0,1,1,2022-02-26,2022-02-26
invalid,67270-BH5-140,1.0,1,1,2022-01-21,2022-01-21
invalid,67262-VN4-140,1.0,1,1,2022-07-24,2022-07-24
invalid,67261-VN4-L,1.0,1,1,2022-01-23,2022-01-23
invalid,67259-VN3-90,1.0,1,1,2022-01-12,2022-01-12
W001,66982-VF8-110,1.0,1,1,2022-01-10,2022-01-10
W001,65580-ST6-80,1.0,1,1,2022-02-12,2022-02-12
W001,66994-NB1-XXL,1.0,1,1,2022-01-20,2022-01-20
invalid,58296-HJ4-130,1.0,1,1,2022-01-31,2022-01-31
invalid,58296-HJ4-120,1.0,1,1,2022-01-08,2022-01-08
invalid,58296-D47-130,1.0,1,1,2022-01-10,2022-01-10
invalid,57996-990-2,1.0,1,1,2022-01-06,2022-01-06
invalid,57870-XQ7-S,1.0,1,1,2022-12-06,2022-12-06
invalid,67273-VP5-130,1.0,1,1,2022-01-05,2022-01-05
invalid,67273-VP5-120,1.0,1,1,2022-02-14,2022-02-14
invalid,67273-NZ5-90,1.0,1,1,2022-02-01,2022-02-01
W001,65592-DD4-50,1.0,1,1,2022-02-19,2022-02-19
W001,65592-B42-60,1.0,1,1,2022-01-09,2022-01-09
W001,65592-011-85,1.0,1,1,2022-01-11,2022-01-11
W001,65592-011-75,1.0,1,1,2022-01-24,2022-01-24
invalid,58661-NL3-XS,1.0,1,1,2022-02-17,2022-02-17
invalid,58661-NL3-M,1.0,1,1,2022-02-14,2022-02-14
invalid,57826-A91-100,1.0,1,1,2022-09-06,2022-09-06
invalid,57835-990-110,1.0,1,1,2022-01-21,2022-01-21
invalid,57827-EH3-150,1.0,1,1,2022-01-03,2022-01-03
invalid,57827-A91-120,1.0,1,1,2022-02-11,2022-02-11
invalid,57826-EH3-130,1.0,1,1,2022-01-02,2022-01-02
invalid,57826-EH3-100,1.0,1,1,2022-01-12,2022-01-12
invalid,57826-EF4-120,1.0,1,1,2022-01-03,2022-01-03
W001,65591-WC3-85,1.0,1,1,2022-02-26,2022-02-26
W001,65591-UT9-90,1.0,1,1,2022-02-22,2022-02-22
W001,65591-UT9-75,1.0,1,1,2022-01-24,2022-01-24
W001,65591-UT9-70,1.0,1,1,2022-01-12,2022-01-12
W001,65591-UT3-90,1.0,1,1,2022-02-22,2022-02-22
W001,65591-UT3-60,1.0,1,1,2022-01-27,2022-01-27
W001,65591-SY2-75,1.0,1,1,2022-02-24,2022-02-24
W001,65591-SY2-60,1.0,1,1,2022-01-07,2022-01-07
W001,65591-RB7-60,1.0,1,1,2022-01-03,2022-01-03
W001,65580-B42-70,1.0,1,1,2022-02-15,2022-02-15
W001,65580-B42-60,1.0,1,1,2022-01-31,2022-01-31
W001,65580-011-90,1.0,1,1,2022-01-20,2022-01-20
invalid,67278-VQ2-90,1.0,1,1,2022-02-25,2022-02-25
invalid,67278-VQ2-110,1.0,1,1,2022-02-25,2022-02-25
invalid,67278-VP4-130,1.0,1,1,2022-02-07,2022-02-07
invalid,67278-NZ5-120,1.0,1,1,2022-04-22,2022-04-22
invalid,67275-V98-140,1.0,1,1,2022-03-25,2022-03-25
invalid,67275-V98-130,1.0,1,1,2022-02-25,2022-02-25
invalid,67275-GK3-130,1.0,1,1,2022-02-25,2022-02-25
invalid,67275-GK3-110,1.0,1,1,2022-02-21,2022-02-21
invalid,67274-VP5-90,1.0,1,1,2022-02-08,2022-02-08
W001,66994-QY5-XL,1.0,1,1,2022-01-10,2022-01-10
W001,66994-QX6-XL,1.0,1,1,2022-02-21,2022-02-21
W001,66994-Q84-XL,1.0,1,1,2022-02-24,2022-02-24
invalid,57826-A91-130,1.0,1,1,2022-12-08,2022-12-08
W001,66994-VJ9-L,1.0,1,1,2022-02-26,2022-02-26
invalid,57822-82F-150,1.0,1,1,2023-03-17,2023-03-17
invalid,57822-82F-110,1.0,1,1,2022-02-24,2022-02-24
invalid,57811-SR4-120,1.0,1,1,2022-01-22,2022-01-22
invalid,57811-NB1-120,1.0,1,1,2022-02-01,2022-02-01
invalid,57811-NB1-110,1.0,1,1,2022-01-19,2022-01-19
invalid,57811-NB1-100,1.0,1,1,2022-02-08,2022-02-08
invalid,57811-EF5-130,1.0,1,1,2022-01-19,2022-01-19
invalid,57746-UT6-110,1.0,1,1,2022-01-13,2022-01-13
invalid,57746-TW5-130,1.0,1,1,2022-02-17,2022-02-17
invalid,67279-M23-85,1.0,1,1,2023-01-30,2023-01-30
invalid,67279-M23-110,1.0,1,1,2023-03-01,2023-03-01
W001,65580-ST6-60,1.0,1,1,2022-02-25,2022-02-25
W001,65580-DD4-85,1.0,1,1,2022-01-04,2022-01-04
W001,65580-DD4-75,1.0,1,1,2022-02-01,2022-02-01
W001,65580-DD4-50,1.0,1,1,2022-02-24,2022-02-24
W001,65577-DD4-75,1.0,1,1,2022-02-10,2022-02-10
W001,65577-DD4-70,1.0,1,1,2022-01-19,2022-01-19
W001,65576-WM6-70,1.0,1,1,2022-02-23,2022-02-23
W001,65576-WC3-85,1.0,1,1,2022-02-27,2022-02-27
W001,65576-UC7-85,1.0,1,1,2022-02-01,2022-02-01
W001,65558-VH1-M,1.0,1,1,2022-02-12,2022-02-12
W001,65556-TL8-XS,1.0,1,1,2022-01-17,2022-01-17
W001,65291-UT6-140,1.0,1,1,2022-01-24,2022-01-24
W001,65291-TW5-85,1.0,1,1,2022-01-14,2022-01-14
invalid,67281-VR7-140,1.0,1,1,2022-05-25,2022-05-25
invalid,67281-VP4-150,1.0,1,1,2022-02-07,2022-02-07
invalid,67281-VP4-100,1.0,1,1,2022-01-21,2022-01-21
invalid,67280-VQ2-100,1.0,1,1,2022-01-26,2022-01-26
invalid,67280-NZ5-100,1.0,1,1,2022-03-15,2022-03-15
invalid,57746-TW5-110,1.0,1,1,2022-01-14,2022-01-14
invalid,57746-NM2-100,1.0,1,1,2022-01-27,2022-01-27
invalid,57726-GA5-80,1.0,1,1,2022-02-06,2022-02-06
invalid,57538-NN0-70,1.0,1,1,2022-05-08,2022-05-08
invalid,57538-NM9-90,1.0,1,1,2022-02-24,2022-02-24
invalid,57538-NM9-110,1.0,1,1,2022-02-15,2022-02-15
invalid,57538-GD8-110,1.0,1,1,2022-02-13,2022-02-13
invalid,57538-GD7-100,1.0,1,1,2022-05-12,2022-05-12
invalid,57538-GD4-85,1.0,1,1,2022-01-11,2022-01-11
invalid,67287-NG6-140,1.0,1,1,2022-04-07,2022-04-07
invalid,67287-GF2-130,1.0,1,1,2022-10-05,2022-10-05
invalid,67287-GF2-100,1.0,1,1,2022-11-24,2022-11-24
invalid,67285-VR7-140,1.0,1,1,2022-01-04,2022-01-04
invalid,67282-VZ1-120,1.0,1,1,2022-01-31,2022-01-31
W001,65580-011-60,1.0,1,1,2022-01-29,2022-01-29
W001,65577-SR4-60,1.0,1,1,2022-01-20,2022-01-20
W001,65577-SR4-50,1.0,1,1,2022-01-24,2022-01-24
W001,65577-DD4-80,1.0,1,1,2022-01-13,2022-01-13
W001,66996-SZ5-90,1.0,1,1,2022-02-15,2022-02-15
W001,66995-NB1-XS,1.0,1,1,2022-01-08,2022-01-08
W001,66995-NB1-L,1.0,1,1,2022-01-15,2022-01-15
W001,66994-VK5-XXL,1.0,1,1,2022-02-13,2022-02-13
W001,66994-VK1-XXL,1.0,1,1,2022-02-27,2022-02-27
W001,65291-TW5-120,1.0,1,1,2022-02-07,2022-02-07
W001,65291-TW5-100,1.0,1,1,2022-01-11,2022-01-11
W001,65291-SR4-130,1.0,1,1,2022-01-31,2022-01-31
W001,65291-SR4-100,1.0,1,1,2022-01-17,2022-01-17
W001,65291-PV4-110,1.0,1,1,2022-01-09,2022-01-09
W001,65291-B42-150,1.0,1,1,2022-01-13,2022-01-13
W001,65291-990-140,1.0,1,1,2022-01-24,2022-01-24
W001,65291-990-130,1.0,1,1,2022-05-06,2022-05-06
W001,65291-990-100,1.0,1,1,2022-01-18,2022-01-18
W001,65291-76X-140,1.0,1,1,2022-01-24,2022-01-24
invalid,67290-NZ5-70,1.0,1,1,2022-01-26,2022-01-26
W001,65290-GK3-90,1.0,1,1,2022-02-09,2022-02-09
invalid,67299-GD4-120,1.0,1,1,2022-05-29,2022-05-29
invalid,67297-VP5-M,1.0,1,1,2022-02-27,2022-02-27
invalid,67297-VP5-L,1.0,1,1,2022-02-14,2022-02-14
invalid,67297-NZ5-M,1.0,1,1,2022-05-06,2022-05-06
invalid,67296-WB2-160,1.0,1,1,2022-06-18,2022-06-18
invalid,67294-WB2-L,1.0,1,1,2022-06-10,2022-06-10
invalid,67293-VP5-85,1.0,1,1,2022-02-21,2022-02-21
invalid,67293-VP5-75,1.0,1,1,2022-04-05,2022-04-05
invalid,67293-NZ5-75,1.0,1,1,2022-04-01,2022-04-01
invalid,67293-NZ5-70,1.0,1,1,2022-02-11,2022-02-11
invalid,67292-VP5-85,1.0,1,1,2022-03-02,2022-03-02
invalid,67291-NG6-75,1.0,1,1,2022-06-09,2022-06-09
invalid,67290-VP5-50,1.0,1,1,2022-03-11,2022-03-11
invalid,57388-RC0-M,1.0,1,1,2022-02-23,2022-02-23
W001,66996-VF3-120,1.0,1,1,2022-01-24,2022-01-24
invalid,56613-PF2-150,1.0,1,1,2022-01-19,2022-01-19
invalid,55475-PH1-140,1.0,1,1,2022-01-12,2022-01-12
invalid,55461-VG0-140,1.0,1,1,2022-01-03,2022-01-03
invalid,55461-VC9-130,1.0,1,1,2022-01-03,2022-01-03
invalid,55461-VC9-100,1.0,1,1,2022-01-03,2022-01-03
invalid,55461-TK4-140,1.0,1,1,2022-03-16,2022-03-16
invalid,55460-VG0-100,1.0,1,1,2022-01-28,2022-01-28
invalid,55460-VC9-120,1.0,1,1,2022-02-02,2022-02-02
W001,66998-CM4-100,1.0,1,1,2022-01-25,2022-01-25
W001,66997-SR4-90,1.0,1,1,2022-01-07,2022-01-07
W001,66997-SR4-85,1.0,1,1,2022-01-18,2022-01-18
W001,66997-SR4-130,1.0,1,1,2022-01-19,2022-01-19
W001,65290-M23-150,1.0,1,1,2022-02-01,2022-02-01
W001,65290-M23-130,1.0,1,1,2022-02-01,2022-02-01
W001,65290-M23-110,1.0,1,1,2022-01-23,2022-01-23
W001,65290-M23-100,1.0,1,1,2022-02-17,2022-02-17
W001,66998-SZ5-90,1.0,1,1,2022-01-07,2022-01-07
W001,66997-SR4-120,1.0,1,1,2022-01-23,2022-01-23
W001,66997-GF2-130,1.0,1,1,2022-01-19,2022-01-19
W001,66997-GF2-100,1.0,1,1,2022-01-31,2022-01-31
W001,66997-C57-130,1.0,1,1,2022-01-06,2022-01-06
invalid,55356-HY4-120,1.0,1,1,2022-02-10,2022-02-10
invalid,54910-M23-120,1.0,1,1,2022-01-02,2022-01-02
invalid,54905-015-130,1.0,1,1,2022-07-26,2022-07-26
W001,65290-A91-85,1.0,1,1,2022-02-15,2022-02-15
W001,65290-015-90,1.0,1,1,2022-02-07,2022-02-07
invalid,67300-WD8-90,1.0,1,1,2022-03-16,2022-03-16
invalid,67300-WD8-130,1.0,1,1,2022-11-14,2022-11-14
invalid,67300-WD8-120,1.0,1,1,2022-02-13,2022-02-13
invalid,67300-VJ3-120,1.0,1,1,2022-06-09,2022-06-09
invalid,67299-NM9-100,1.0,1,1,2022-02-22,2022-02-22
W001,66994-VK1-XL,1.0,1,1,2022-02-20,2022-02-20
invalid,54899-VP5-XXL,1.0,1,1,2022-05-31,2022-05-31
invalid,54899-RY2-XL,1.0,1,1,2022-02-24,2022-02-24
invalid,54899-PF2-XS,1.0,1,1,2022-05-22,2022-05-22
invalid,54899-2XV-L,1.0,1,1,2025-01-23,2025-01-23
W001,67010-PV4-85,1.0,1,1,2022-01-26,2022-01-26
W001,65289-PG5-90,1.0,1,1,2022-01-30,2022-01-30
W001,65289-PG5-85,1.0,1,1,2022-01-27,2022-01-27
W001,65289-PG5-150,1.0,1,1,2022-02-14,2022-02-14
W001,65289-PG5-120,1.0,1,1,2022-01-20,2022-01-20
invalid,67309-WD9-100,1.0,1,1,2022-04-22,2022-04-22
W001,67001-T07-140,1.0,1,1,2022-05-12,2022-05-12
W001,67001-SR4-100,1.0,1,1,2022-01-14,2022-01-14
W001,66999-VF3-150,1.0,1,1,2022-01-24,2022-01-24
W001,66999-VF3-100,1.0,1,1,2022-01-17,2022-01-17
W001,66999-CM4-110,1.0,1,1,2022-02-08,2022-02-08
W001,66999-CM4-100,1.0,1,1,2022-02-17,2022-02-17
W001,67009-77M-140,1.0,1,1,2022-01-19,2022-01-19
W001,67007-UZ7-140,1.0,1,1,2022-01-26,2022-01-26
invalid,54062-JB1-110,1.0,1,1,2022-01-28,2022-01-28
invalid,54062-BO1-100,1.0,1,1,2022-01-15,2022-01-15
invalid,53841-NB1-130,1.0,1,1,2022-01-14,2022-01-14
invalid,53824-NB1-90,1.0,1,1,2022-02-01,2022-02-01
W001,65256-PF4-130,1.0,1,1,2022-02-25,2022-02-25
W001,65256-PF4-120,1.0,1,1,2022-01-07,2022-01-07
W001,65256-PF4-110,1.0,1,1,2022-02-07,2022-02-07
W001,65256-KL4-90,1.0,1,1,2022-01-12,2022-01-12
invalid,67326-FE7-100,1.0,1,1,2022-05-30,2022-05-30
invalid,67316-VH1-110,1.0,1,1,2022-02-07,2022-02-07
W001,65290-015-150,1.0,1,1,2022-02-08,2022-02-08
W001,65290-011-80,1.0,1,1,2022-02-05,2022-02-05
invalid,54899-VQ2-XL,1.0,1,1,2022-06-01,2022-06-01
invalid,54899-VQ2-M,1.0,1,1,2022-02-14,2022-02-14
W001,67011-GF2-130,1.0,1,1,2022-01-18,2022-01-18
W001,67011-AN8-90,1.0,1,1,2022-01-20,2022-01-20
W001,67011-AN8-85,1.0,1,1,2022-01-18,2022-01-18
W001,67011-AN8-140,1.0,1,1,2022-01-26,2022-01-26
W001,67011-AN8-110,1.0,1,1,2022-02-10,2022-02-10
W001,65256-GE1-130,1.0,1,1,2022-02-07,2022-02-07
W001,65256-GD4-140,1.0,1,1,2022-02-25,2022-02-25
W001,65249-TE0-M,1.0,1,1,2024-10-08,2024-10-08
W001,65248-TE0-XS,1.0,1,1,2022-02-19,2022-02-19
W001,65288-PG5-130,1.0,1,1,2022-03-14,2022-03-14
W001,65287-SR2-140,1.0,1,1,2022-02-10,2022-02-10
W001,65256-TZ5-140,1.0,1,1,2022-01-23,2022-01-23
W001,65256-TZ5-120,1.0,1,1,2022-01-07,2022-01-07
W001,65256-TZ5-100,1.0,1,1,2022-01-02,2022-01-02
W001,65256-PF4-90,1.0,1,1,2022-01-22,2022-01-22
W001,67010-GF2-150,1.0,1,1,2022-01-10,2022-01-10
invalid,52621-FU8-7,1.0,1,1,2022-01-12,2022-01-12
W001,67010-SR4-120,1.0,1,1,2022-01-06,2022-01-06
W001,67010-SR4-110,1.0,1,1,2022-01-31,2022-01-31
invalid,52733-AN8-1,1.0,1,1,2022-11-08,2022-11-08
invalid,52718-Q84-60,1.0,1,1,2022-02-17,2022-02-17
invalid,52706-NP0-150,1.0,1,1,2022-01-13,2022-01-13
invalid,52706-NP0-120,1.0,1,1,2022-01-03,2022-01-03
invalid,52706-FX8-130,1.0,1,1,2022-02-23,2022-02-23
invalid,67340-WE3-85,1.0,1,1,2022-07-29,2022-07-29
W001,65256-KL4-60,1.0,1,1,2022-01-04,2022-01-04
W001,65256-KL4-130,1.0,1,1,2022-02-07,2022-02-07
W001,65256-GE1-90,1.0,1,1,2022-01-07,2022-01-07
invalid,52809-FV7-M,1.0,1,1,2022-01-12,2022-01-12
invalid,52733-M23-2,1.0,1,1,2022-11-25,2022-11-25
W001,67011-GF2-90,1.0,1,1,2022-01-07,2022-01-07
W001,67011-GF2-140,1.0,1,1,2022-02-10,2022-02-10
invalid,52621-75Z-5,1.0,1,1,2022-12-09,2022-12-09
invalid,52606-RG7-13Y,1.0,1,1,2022-02-01,2022-02-01
invalid,52605-Q84-7,1.0,1,1,2022-01-25,2022-01-25
invalid,52605-Q84-3Y,1.0,1,1,2022-01-26,2022-01-26
invalid,52605-75Z-7,1.0,1,1,2022-01-19,2022-01-19
invalid,52572-kl9-M,1.0,1,1,2022-01-11,2022-01-11
invalid,52558-QX3-S,1.0,1,1,2022-01-16,2022-01-16
W001,65203-VJ6-L,1.0,1,1,2022-02-23,2022-02-23
W001,65203-VJ5-M,1.0,1,1,2022-02-12,2022-02-12
W001,65203-TN9-XXL,1.0,1,1,2022-01-12,2022-01-12
invalid,67353-NV2-120,1.0,1,1,2022-06-08,2022-06-08
invalid,52631-FU8-XL,1.0,1,1,2022-02-13,2022-02-13
invalid,52631-75Z-L,1.0,1,1,2022-01-03,2022-01-03
invalid,52622-XU5-XL,1.0,1,1,2023-01-05,2023-01-05
invalid,52621-XV6-1Y,1.0,1,1,2022-12-16,2022-12-16
invalid,52621-VK1-1Y,1.0,1,1,2023-01-25,2023-01-25
invalid,52399-M23-M,1.0,1,1,2022-01-13,2022-01-13
invalid,52399-015-XXL,1.0,1,1,2024-01-31,2024-01-31
invalid,52382-M23-75,1.0,1,1,2022-02-22,2022-02-22
invalid,52382-M23-70,1.0,1,1,2022-02-02,2022-02-02
invalid,52382-M23-50,1.0,1,1,2022-01-13,2022-01-13
invalid,52382-GF2-90,1.0,1,1,2022-01-21,2022-01-21
invalid,67357-AM7-100,1.0,1,1,2022-06-09,2022-06-09
invalid,67356-WK7-120,1.0,1,1,2022-07-03,2022-07-03
W001,65203-VJ7-XXL,1.0,1,1,2022-01-05,2022-01-05
W001,65203-VJ7-M,1.0,1,1,2022-02-25,2022-02-25
W001,65203-VJ7-L,1.0,1,1,2022-02-25,2022-02-25
W001,67012-AT3-110,1.0,1,1,2022-01-06,2022-01-06
W001,67012-AT2-140,1.0,1,1,2022-02-14,2022-02-14
W001,67011-PJ9-140,1.0,1,1,2022-02-01,2022-02-01
W001,67011-PJ9-130,1.0,1,1,2022-01-23,2022-01-23
invalid,52621-FU8-3Y,1.0,1,1,2022-01-23,2022-01-23
W001,65066-TS1-80,1.0,1,1,2022-01-13,2022-01-13
W001,67013-S74-XS,1.0,1,1,2022-01-17,2022-01-17
W001,67013-GN1-XXL,1.0,1,1,2022-07-23,2022-07-23
W001,67013-GN1-XL,1.0,1,1,2022-06-07,2022-06-07
W001,67013-GN1-L,1.0,1,1,2022-01-11,2022-01-11
W001,67012-CP2-140,1.0,1,1,2022-01-18,2022-01-18
W001,67012-CP2-100,1.0,1,1,2022-01-27,2022-01-27
W001,67012-AT3-150,1.0,1,1,2022-02-20,2022-02-20
invalid,52382-AN8-50,1.0,1,1,2022-02-23,2022-02-23
invalid,52312-990-M,1.0,1,1,2022-06-06,2022-06-06
W001,65065-TS2-90,1.0,1,1,2022-01-13,2022-01-13
invalid,67360-WM7-130,1.0,1,1,2022-07-04,2022-07-04
W001,65203-FU8-XXL,1.0,1,1,2022-01-03,2022-01-03
W001,65197-ST7-OS,1.0,1,1,2022-02-13,2022-02-13
invalid,67359-WD5-100,1.0,1,1,2022-06-06,2022-06-06
invalid,52399-M23-S,1.0,1,1,2023-01-04,2023-01-04
invalid,52309-NL1-L,1.0,1,1,2022-02-22,2022-02-22
invalid,52171-XG3-80,1.0,1,1,2022-07-27,2022-07-27
W001,67020-67L-90,1.0,1,1,2022-01-24,2022-01-24
W001,67020-67L-150,1.0,1,1,2022-01-20,2022-01-20
W001,67020-67L-130,1.0,1,1,2022-01-12,2022-01-12
W001,67019-NU3-150,1.0,1,1,2022-01-19,2022-01-19
W001,67019-NU3-140,1.0,1,1,2022-01-22,2022-01-22
W001,67019-015-85,1.0,1,1,2022-02-18,2022-02-18
W001,65113-76X-60,1.0,1,1,2022-01-05,2022-01-05
W001,65084-NG1-90,1.0,1,1,2022-02-24,2022-02-24
W001,65084-NG1-80,1.0,1,1,2022-01-22,2022-01-22
W001,65084-NG1-75,1.0,1,1,2022-02-07,2022-02-07
W001,65084-NG1-60,1.0,1,1,2022-01-20,2022-01-20
W001,65083-TM2-90,1.0,1,1,2022-03-14,2022-03-14
W001,65082-TM2-S,1.0,1,1,2022-02-23,2022-02-23
W001,65076-AT2-100,1.0,1,1,2022-04-26,2022-04-26
W001,65019-TL8-90,1.0,1,1,2022-01-25,2022-01-25
W001,65018-TL9-75,1.0,1,1,2022-02-11,2022-02-11
W001,65018-TL9-100,1.0,1,1,2022-02-10,2022-02-10
W001,65018-TL8-90,1.0,1,1,2022-01-16,2022-01-16
W001,65006-AN8-110,1.0,1,1,2022-02-06,2022-02-06
invalid,67367-SR7-110,1.0,1,1,2022-02-17,2022-02-17
W001,65065-TS2-110,1.0,1,1,2022-01-25,2022-01-25
W001,65065-TS1-140,1.0,1,1,2022-01-14,2022-01-14
W001,65064-TR8-80,1.0,1,1,2022-01-17,2022-01-17
W001,65064-TR8-75,1.0,1,1,2022-01-02,2022-01-02
W001,65064-TR8-70,1.0,1,1,2022-02-11,2022-02-11
W001,65062-VK7-100,1.0,1,1,2022-01-13,2022-01-13
W001,65062-TR8-150,1.0,1,1,2022-01-17,2022-01-17
W001,65062-TR8-140,1.0,1,1,2022-01-15,2022-01-15
W001,65062-TR8-120,1.0,1,1,2022-01-24,2022-01-24
invalid,52309-QP3-L,1.0,1,1,2022-02-22,2022-02-22
invalid,67374-015-85,1.0,1,1,2022-11-08,2022-11-08
W001,67013-WQ4-XS,1.0,1,1,2022-06-07,2022-06-07
W001,67013-WQ4-S,1.0,1,1,2022-06-28,2022-06-28
W001,67013-TD4-XL,1.0,1,1,2022-01-19,2022-01-19
invalid,51911-NV2-110,1.0,1,1,2022-01-19,2022-01-19
invalid,51911-J81-110,1.0,1,1,2022-07-27,2022-07-27
invalid,51911-HI7-90,1.0,1,1,2022-01-14,2022-01-14
invalid,51911-GF2-120,1.0,1,1,2022-01-22,2022-01-22
invalid,51911-C57-130,1.0,1,1,2022-01-13,2022-01-13
invalid,51911-C57-100,1.0,1,1,2022-02-25,2022-02-25
invalid,51911-015-90,1.0,1,1,2022-02-15,2022-02-15
W001,65035-SY2-2,1.0,1,1,2022-01-27,2022-01-27
W001,65035-RB7-5,1.0,1,1,2022-01-06,2022-01-06
W001,65035-RB7-2,1.0,1,1,2022-02-14,2022-02-14
W001,65035-RB7-1,1.0,1,1,2022-02-02,2022-02-02
W001,65020-TL8-M,1.0,1,1,2022-01-27,2022-01-27
W001,67020-US8-85,1.0,1,1,2022-01-26,2022-01-26
W001,67020-US8-150,1.0,1,1,2022-01-18,2022-01-18
W001,67020-SR4-90,1.0,1,1,2022-01-07,2022-01-07
W001,67020-SR4-140,1.0,1,1,2022-01-24,2022-01-24
W001,67020-RB7-85,1.0,1,1,2022-01-18,2022-01-18
W001,67020-RB7-140,1.0,1,1,2022-01-13,2022-01-13
W001,67020-RB7-130,1.0,1,1,2022-02-22,2022-02-22
W001,67020-RB7-110,1.0,1,1,2022-01-11,2022-01-11
W001,67020-RB7-100,1.0,1,1,2022-01-09,2022-01-09
W001,64980-FU8-XL,1.0,1,1,2022-01-20,2022-01-20
W001,64980-75Z-S,1.0,1,1,2022-02-22,2022-02-22
W001,64980-75Z-M,1.0,1,1,2022-01-10,2022-01-10
W001,64979-TD4-XL,1.0,1,1,2022-07-07,2022-07-07
W001,64979-TD4-M,1.0,1,1,2022-02-21,2022-02-21
W001,64979-TD4-L,1.0,1,1,2022-02-18,2022-02-18
invalid,67374-AM7-100,1.0,1,1,2022-06-13,2022-06-13
invalid,51573-VK8-110,1.0,1,1,2022-01-17,2022-01-17
invalid,51573-51R-150,1.0,1,1,2022-01-21,2022-01-21
invalid,51194-A91-130,1.0,1,1,2022-01-19,2022-01-19
invalid,51194-A91-100,1.0,1,1,2022-01-28,2022-01-28
invalid,51194-015-110,1.0,1,1,2022-02-11,2022-02-11
W001,64979-16N-S,1.0,1,1,2022-01-19,2022-01-19
W001,64979-16N-L,1.0,1,1,2022-01-14,2022-01-14
W001,64958-VP3-150,1.0,1,1,2022-01-24,2022-01-24
W001,64958-VP3-100,1.0,1,1,2022-02-25,2022-02-25
W001,64956-VM5-90,1.0,1,1,2022-02-12,2022-02-12
W001,64956-VM5-150,1.0,1,1,2022-01-07,2022-01-07
W001,64956-VM4-120,1.0,1,1,2022-02-12,2022-02-12
W001,64346-TH7-5,1.0,1,1,2022-06-14,2022-06-14
W001,64331-DA0-L,1.0,1,1,2022-01-07,2022-01-07
invalid,67374-VU6-120,1.0,1,1,2022-07-25,2022-07-25
W001,64980-FU8-XXL,1.0,1,1,2022-01-26,2022-01-26
W001,62944-NJ1-80,1.0,1,1,2022-01-21,2022-01-21
W001,62944-NJ1-140,1.0,1,1,2022-01-11,2022-01-11
W001,62944-NH9-90,1.0,1,1,2022-02-07,2022-02-07
W001,62944-NH9-85,1.0,1,1,2022-02-14,2022-02-14
W001,62944-NH9-120,1.0,1,1,2022-01-30,2022-01-30
W001,62944-NH9-100,1.0,1,1,2022-01-28,2022-01-28
W001,62654-UT6-140,1.0,1,1,2022-01-21,2022-01-21
W001,62654-UT6-110,1.0,1,1,2022-01-14,2022-01-14
invalid,67375-WC9-120,1.0,1,1,2022-04-19,2022-04-19
invalid,67375-VU7-130,1.0,1,1,2022-06-06,2022-06-06
invalid,67375-VU6-90,1.0,1,1,2022-05-12,2022-05-12
invalid,67375-76X-140,1.0,1,1,2022-06-14,2022-06-14
invalid,67375-325-90,1.0,1,1,2023-04-08,2023-04-08
invalid,51891-GK3-120,1.0,1,1,2022-02-01,2022-02-01
invalid,51836-XQ7-75,1.0,1,1,2022-08-20,2022-08-20
invalid,51836-TA7-85,1.0,1,1,2022-07-25,2022-07-25
invalid,51194-011-130,1.0,1,1,2022-01-19,2022-01-19
invalid,51058-M23-85,1.0,1,1,2022-02-19,2022-02-19
invalid,51058-GF2-150,1.0,1,1,2022-12-30,2022-12-30
W001,67023-TW5-110,1.0,1,1,2022-01-25,2022-01-25
W001,67023-NB1-150,1.0,1,1,2022-06-07,2022-06-07
W001,67023-NB1-130,1.0,1,1,2022-02-23,2022-02-23
W001,67023-NB1-110,1.0,1,1,2022-02-02,2022-02-02
W001,67023-24D-110,1.0,1,1,2022-02-25,2022-02-25
W001,67023-24D-100,1.0,1,1,2022-01-31,2022-01-31
W001,67022-990-85,1.0,1,1,2022-04-23,2022-04-23
W001,67022-990-120,1.0,1,1,2022-01-26,2022-01-26
invalid,67377-B42-110,1.0,1,1,2022-09-20,2022-09-20
invalid,67377-461-85,1.0,1,1,2023-11-14,2023-11-14
invalid,67377-262-110,1.0,1,1,2023-06-08,2023-06-08
invalid,67377-181-110,1.0,1,1,2023-12-27,2023-12-27
invalid,67377-015-140,1.0,1,1,2023-09-29,2023-09-29
invalid,51057-M23-140,1.0,1,1,2022-01-16,2022-01-16
invalid,51057-GF2-100,1.0,1,1,2022-07-21,2022-07-21
invalid,51057-C57-130,1.0,1,1,2022-05-20,2022-05-20
invalid,51057-015-150,1.0,1,1,2022-01-03,2022-01-03
W001,67025-JB3-S,1.0,1,1,2022-02-14,2022-02-14
W001,67025-JB3-M,1.0,1,1,2022-01-15,2022-01-15
W001,67024-BD4-150,1.0,1,1,2022-02-25,2022-02-25
W001,62654-NU3-140,1.0,1,1,2022-01-19,2022-01-19
W001,62654-NU3-120,1.0,1,1,2022-01-31,2022-01-31
W001,62654-EF5-100,1.0,1,1,2022-02-11,2022-02-11
W001,62654-B42-100,1.0,1,1,2022-01-10,2022-01-10
W001,62633-990-90,1.0,1,1,2022-02-17,2022-02-17
W001,62618-VL5-90,1.0,1,1,2022-01-18,2022-01-18
W001,62618-VL5-160,1.0,1,1,2022-02-03,2022-02-03
W001,62618-VL5-130,1.0,1,1,2022-01-13,2022-01-13
invalid,67377-B42-85,1.0,1,1,2022-09-10,2022-09-10
W001,67023-TW5-130,1.0,1,1,2022-02-27,2022-02-27
W001,67023-TW5-120,1.0,1,1,2022-02-15,2022-02-15
invalid,51042-NV2-60,1.0,1,1,2022-07-05,2022-07-05
invalid,51042-G31-80,1.0,1,1,2022-06-16,2022-06-16
invalid,50979-VS1-140,1.0,1,1,2022-06-04,2022-06-04
invalid,50979-VS1-120,1.0,1,1,2022-04-26,2022-04-26
W001,62618-VL1-90,1.0,1,1,2022-02-07,2022-02-07
invalid,67377-GF2-85,1.0,1,1,2022-12-02,2022-12-02
invalid,67377-GF2-130,1.0,1,1,2022-10-15,2022-10-15
invalid,67377-G44-140,1.0,1,1,2022-11-25,2022-11-25
invalid,67377-C57-85,1.0,1,1,2022-02-06,2022-02-06
W001,67022-990-110,1.0,1,1,2022-01-31,2022-01-31
invalid,51058-C57-130,1.0,1,1,2022-05-20,2022-05-20
invalid,51058-06G-150,1.0,1,1,2023-01-16,2023-01-16
invalid,51057-SR4-90,1.0,1,1,2022-07-21,2022-07-21
invalid,51057-PV5-130,1.0,1,1,2022-02-10,2022-02-10
W001,62516-N48-120,1.0,1,1,2022-01-20,2022-01-20
invalid,67379-455-90,1.0,1,1,2023-12-31,2023-12-31
invalid,67379-325-90,1.0,1,1,2023-05-10,2023-05-10
invalid,67379-325-85,1.0,1,1,2023-07-11,2023-07-11
invalid,67379-321-85,1.0,1,1,2023-07-13,2023-07-13
invalid,67379-015-90,1.0,1,1,2022-10-13,2022-10-13
invalid,67379-015-120,1.0,1,1,2022-06-22,2022-06-22
invalid,67377-SR4-85,1.0,1,1,2024-03-07,2024-03-07
W001,62618-VL4-140,1.0,1,1,2022-01-20,2022-01-20
W001,62618-VL4-120,1.0,1,1,2022-01-29,2022-01-29
W001,62618-VL4-100,1.0,1,1,2022-01-29,2022-01-29
W001,62618-VL3-90,1.0,1,1,2022-02-22,2022-02-22
W001,67024-BD4-140,1.0,1,1,2022-02-25,2022-02-25
W001,67024-BD4-130,1.0,1,1,2022-02-02,2022-02-02
W001,67024-BD4-120,1.0,1,1,2022-02-08,2022-02-08
W001,67023-UT6-90,1.0,1,1,2022-02-11,2022-02-11
invalid,50942-VX9-S,1.0,1,1,2022-09-15,2022-09-15
invalid,50942-GK3-XS,1.0,1,1,2022-05-13,2022-05-13
W001,67032-A79-120,1.0,1,1,2022-01-20,2022-01-20
W001,67032-A79-110,1.0,1,1,2022-02-15,2022-02-15
W001,67032-A79-100,1.0,1,1,2022-01-25,2022-01-25
W001,67031-US8-140,1.0,1,1,2022-02-08,2022-02-08
W001,67028-SR4-110,1.0,1,1,2022-01-09,2022-01-09
W001,67028-GF2-130,1.0,1,1,2022-02-02,2022-02-02
W001,67028-B42-120,1.0,1,1,2022-01-23,2022-01-23
W001,67028-B42-110,1.0,1,1,2022-02-03,2022-02-03
W001,67027-NJ1-120,1.0,1,1,2022-01-11,2022-01-11
W001,67025-PW1-XS,1.0,1,1,2022-02-14,2022-02-14
W001,62618-TR2-130,1.0,1,1,2022-01-15,2022-01-15
W001,62617-XQ7-L,1.0,1,1,2022-07-27,2022-07-27
W001,62617-QD7-L,1.0,1,1,2022-02-13,2022-02-13
W001,62617-2TA-M,1.0,1,1,2024-10-09,2024-10-09
W001,67025-PW1-L,1.0,1,1,2022-01-12,2022-01-12
invalid,50942-AM7-S,1.0,1,1,2022-06-09,2022-06-09
invalid,50942-78M-XS,1.0,1,1,2022-06-14,2022-06-14
invalid,50804-PL5-120,1.0,1,1,2022-04-03,2022-04-03
invalid,50769-001-M,1.0,1,1,2022-10-08,2022-10-08
invalid,50659-SR4-5,1.0,1,1,2023-01-06,2023-01-06
invalid,50265-XT2-XS,1.0,1,1,2022-11-15,2022-11-15
W001,67034-015-150,1.0,1,1,2022-02-08,2022-02-08
W001,67033-B42-150,1.0,1,1,2022-02-01,2022-02-01
W001,67033-B42-140,1.0,1,1,2022-05-07,2022-05-07
W001,67033-B42-120,1.0,1,1,2022-01-27,2022-01-27
W001,62515-CM4-90,1.0,1,1,2022-01-27,2022-01-27
W001,62515-CM4-140,1.0,1,1,2022-02-14,2022-02-14
invalid,67379-WU4-100,1.0,1,1,2022-08-28,2022-08-28
invalid,67379-SR4-150,1.0,1,1,2023-06-14,2023-06-14
invalid,50979-VP3-120,1.0,1,1,2022-02-27,2022-02-27
W001,67032-C57-120,1.0,1,1,2022-01-28,2022-01-28
W001,67032-C57-100,1.0,1,1,2022-01-20,2022-01-20
W001,67032-A79-85,1.0,1,1,2022-02-22,2022-02-22
W001,67032-A79-140,1.0,1,1,2022-01-17,2022-01-17
invalid,50265-XG7-M,1.0,1,1,2022-07-29,2022-07-29
invalid,50265-VP1-XS,1.0,1,1,2022-02-14,2022-02-14
invalid,50265-VK5-M,1.0,1,1,2022-01-11,2022-01-11
invalid,50265-VK5-L,1.0,1,1,2022-01-03,2022-01-03
invalid,67387-76X-150,1.0,1,1,2023-06-22,2023-06-22
invalid,67387-76X-110,1.0,1,1,2022-12-18,2022-12-18
invalid,67387-06G-85,1.0,1,1,2022-12-02,2022-12-02
invalid,67385-G31-120,1.0,1,1,2022-07-29,2022-07-29
invalid,67383-VU7-120,1.0,1,1,2022-05-13,2022-05-13
invalid,67382-VW2-150,1.0,1,1,2022-06-06,2022-06-06
invalid,67379-WW6-120,1.0,1,1,2022-07-22,2022-07-22
invalid,67379-WU4-110,1.0,1,1,2022-07-31,2022-07-31
W001,67036-PV4-110,1.0,1,1,2022-01-31,2022-01-31
invalid,50265-VK3-S,1.0,1,1,2022-12-09,2022-12-09
invalid,50265-VJ7-XS,1.0,1,1,2022-02-23,2022-02-23
invalid,50265-VJ7-XL,1.0,1,1,2022-01-03,2022-01-03
invalid,50265-VJ6-S,1.0,1,1,2022-01-12,2022-01-12
invalid,50265-TN9-S,1.0,1,1,2022-01-03,2022-01-03
invalid,50265-S74-XL,1.0,1,1,2022-01-19,2022-01-19
invalid,50265-75Z-S,1.0,1,1,2022-02-23,2022-02-23
invalid,67387-VX9-150,1.0,1,1,2022-11-27,2022-11-27
invalid,67387-VH3-90,1.0,1,1,2022-09-21,2022-09-21
W001,62515-AN8-85,1.0,1,1,2022-01-18,2022-01-18
W001,62515-AN8-120,1.0,1,1,2022-01-19,2022-01-19
W001,67033-B42-100,1.0,1,1,2022-01-07,2022-01-07
W001,67033-015-110,1.0,1,1,2022-01-12,2022-01-12
W001,67033-015-100,1.0,1,1,2022-01-08,2022-01-08
W001,67032-C57-150,1.0,1,1,2022-02-15,2022-02-15
W001,67035-990-130,1.0,1,1,2022-02-22,2022-02-22
W001,67035-990-120,1.0,1,1,2022-02-19,2022-02-19
invalid,48151-HL3-120,1.0,1,1,2022-05-22,2022-05-22
invalid,48080-GG7-90,1.0,1,1,2022-02-25,2022-02-25
invalid,47929-WF4-M,1.0,1,1,2022-11-13,2022-11-13
invalid,67390-WH8-150,1.0,1,1,2022-06-22,2022-06-22
W001,62423-GF2-130,1.0,1,1,2022-01-13,2022-01-13
invalid,50265-010-S,1.0,1,1,2022-12-16,2022-12-16
invalid,49027-GK3-85,1.0,1,1,2022-01-24,2022-01-24
invalid,49027-A91-110,1.0,1,1,2022-01-10,2022-01-10
invalid,48964-EF4-XS,1.0,1,1,2022-04-12,2022-04-12
invalid,48383-011-XL,1.0,1,1,2022-01-14,2022-01-14
invalid,48200-J86-S,1.0,1,1,2022-11-14,2022-11-14
W001,67037-SR4-100,1.0,1,1,2022-01-31,2022-01-31
W001,67037-B42-90,1.0,1,1,2022-01-03,2022-01-03
W001,67036-PV4-130,1.0,1,1,2022-02-22,2022-02-22
W001,67039-015-85,1.0,1,1,2022-01-16,2022-01-16
W001,67039-015-150,1.0,1,1,2022-01-12,2022-01-12
W001,67039-015-110,1.0,1,1,2022-01-19,2022-01-19
W001,67038-B42-85,1.0,1,1,2022-01-14,2022-01-14
W001,67038-B42-130,1.0,1,1,2022-01-20,2022-01-20
W001,67038-990-130,1.0,1,1,2022-02-08,2022-02-08
W001,62413-VG7-120,1.0,1,1,2022-01-21,2022-01-21
W001,62413-VG7-100,1.0,1,1,2022-02-10,2022-02-10
invalid,67392-WC9-120,1.0,1,1,2022-07-25,2022-07-25
invalid,67392-VV2-140,1.0,1,1,2022-05-30,2022-05-30
invalid,67392-303-150,1.0,1,1,2023-07-25,2023-07-25
invalid,67391-WL0-85,1.0,1,1,2022-12-20,2022-12-20
invalid,67390-WH8-90,1.0,1,1,2023-01-23,2023-01-23
W001,67036-990-150,1.0,1,1,2022-05-09,2022-05-09
W001,67036-990-140,1.0,1,1,2022-01-18,2022-01-18
W001,67035-990-150,1.0,1,1,2022-01-13,2022-01-13
W001,62327-PW1-100,1.0,1,1,2022-02-14,2022-02-14
invalid,47929-GN1-XS,1.0,1,1,2022-02-20,2022-02-20
invalid,47929-GN1-M,1.0,1,1,2022-11-23,2022-11-23
invalid,47761-WM7-90,1.0,1,1,2022-05-15,2022-05-15
invalid,47761-WM7-120,1.0,1,1,2022-04-12,2022-04-12
invalid,47761-WM7-110,1.0,1,1,2022-04-12,2022-04-12
invalid,47761-VQ6-140,1.0,1,1,2022-04-22,2022-04-22
invalid,47761-VP6-140,1.0,1,1,2022-05-20,2022-05-20
invalid,47684-WM8-90,1.0,1,1,2022-04-12,2022-04-12
invalid,47684-WF7-160,1.0,1,1,2022-04-23,2022-04-23
W001,67041-M23-140,1.0,1,1,2022-01-19,2022-01-19
W001,62327-EH3-90,1.0,1,1,2022-01-27,2022-01-27
invalid,67396-291-90,1.0,1,1,2023-06-14,2023-06-14
invalid,67395-WL0-110,1.0,1,1,2022-08-19,2022-08-19
W001,62423-GF2-120,1.0,1,1,2022-01-11,2022-01-11
W001,62423-10F-140,1.0,1,1,2022-01-12,2022-01-12
invalid,67396-VX6-110,1.0,1,1,2022-10-27,2022-10-27
invalid,67396-VU7-140,1.0,1,1,2022-06-30,2022-06-30
invalid,67396-VU7-100,1.0,1,1,2022-08-23,2022-08-23
invalid,67396-SK3-110,1.0,1,1,2023-06-07,2023-06-07
W001,62413-VB0-140,1.0,1,1,2022-02-10,2022-02-10
W001,62413-VB0-130,1.0,1,1,2022-02-10,2022-02-10
W001,62413-TF2-110,1.0,1,1,2022-01-22,2022-01-22
W001,62373-PG5-150,1.0,1,1,2022-02-05,2022-02-05
W001,62373-PG5-130,1.0,1,1,2024-10-08,2024-10-08
W001,62373-PG5-110,1.0,1,1,2022-02-19,2022-02-19
W001,62373-PG5-100,1.0,1,1,2022-01-14,2022-01-14
W001,62329-SS7-150,1.0,1,1,2022-01-26,2022-01-26
W001,62327-ST6-120,1.0,1,1,2022-01-25,2022-01-25
W001,62327-PW1-90,1.0,1,1,2022-01-15,2022-01-15
W001,62327-PW1-85,1.0,1,1,2022-01-31,2022-01-31
W001,62327-PW1-130,1.0,1,1,2022-02-11,2022-02-11
invalid,67397-WL0-110,1.0,1,1,2022-09-17,2022-09-17
W001,67041-M23-120,1.0,1,1,2022-01-12,2022-01-12
W001,67041-M23-100,1.0,1,1,2022-02-06,2022-02-06
W001,67041-F04-150,1.0,1,1,2022-01-10,2022-01-10
W001,67041-A79-90,1.0,1,1,2022-01-20,2022-01-20
W001,67040-JG8-120,1.0,1,1,2022-01-18,2022-01-18
W001,67040-JG8-100,1.0,1,1,2022-01-15,2022-01-15
W001,67039-B42-140,1.0,1,1,2022-01-27,2022-01-27
invalid,47684-VQ6-110,1.0,1,1,2022-04-12,2022-04-12
invalid,47684-VQ6-100,1.0,1,1,2022-07-26,2022-07-26
invalid,67396-WX9-110,1.0,1,1,2022-06-15,2022-06-15
invalid,67396-WX9-100,1.0,1,1,2022-07-23,2022-07-23
invalid,67396-WV2-130,1.0,1,1,2022-06-26,2022-06-26
invalid,67396-WV1-130,1.0,1,1,2022-06-04,2022-06-04
invalid,67396-WQ1-120,1.0,1,1,2022-04-12,2022-04-12
invalid,67396-VX6-130,1.0,1,1,2022-07-26,2022-07-26
W001,67044-HI7-100,1.0,1,1,2022-02-12,2022-02-12
W001,67044-EF5-85,1.0,1,1,2022-01-25,2022-01-25
W001,67044-461-110,1.0,1,1,2024-10-09,2024-10-09
W001,67044-009-120,1.0,1,1,2022-01-11,2022-01-11
W001,67044-009-110,1.0,1,1,2022-02-09,2022-02-09
W001,67042-B42-130,1.0,1,1,2022-02-27,2022-02-27
W001,62317-SS9-110,1.0,1,1,2022-01-31,2022-01-31
W001,62317-SS9-100,1.0,1,1,2022-01-12,2022-01-12
invalid,67398-VW2-140,1.0,1,1,2023-06-18,2023-06-18
invalid,67398-VW2-100,1.0,1,1,2022-06-03,2022-06-03
invalid,67398-VU7-110,1.0,1,1,2023-01-21,2023-01-21
invalid,67398-433-110,1.0,1,1,2023-08-01,2023-08-01
invalid,67398-418-110,1.0,1,1,2023-08-02,2023-08-02
invalid,67398-337-150,1.0,1,1,2023-06-22,2023-06-22
invalid,67398-337-100,1.0,1,1,2023-07-14,2023-07-14
invalid,67398-291-140,1.0,1,1,2023-06-16,2023-06-16
W001,62190-A91-100,1.0,1,1,2022-01-10,2022-01-10
invalid,67399-78M-150,1.0,1,1,2022-07-27,2022-07-27
invalid,67399-78M-120,1.0,1,1,2022-04-25,2022-04-25
invalid,67399-78M-110,1.0,1,1,2022-12-04,2022-12-04
invalid,67398-VX6-120,1.0,1,1,2022-07-23,2022-07-23
W001,62327-EH3-150,1.0,1,1,2022-01-12,2022-01-12
W001,62327-EH3-100,1.0,1,1,2022-01-14,2022-01-14
W001,62321-PG1-85,1.0,1,1,2022-01-21,2022-01-21
W001,62319-PG5-85,1.0,1,1,2022-01-31,2022-01-31
W001,62319-PG5-150,1.0,1,1,2022-06-15,2022-06-15
W001,62317-ST0-150,1.0,1,1,2022-01-19,2022-01-19
W001,62317-ST0-130,1.0,1,1,2022-02-01,2022-02-01
W001,62317-SS9-150,1.0,1,1,2022-01-17,2022-01-17
invalid,47681-VQ2-140,1.0,1,1,2022-06-04,2022-06-04
invalid,47681-VQ2-110,1.0,1,1,2022-02-11,2022-02-11
invalid,47681-VP5-160,1.0,1,1,2022-02-17,2022-02-17
invalid,47629-HE1-XL,1.0,1,1,2022-01-26,2022-01-26
invalid,47629-HE1-S,1.0,1,1,2022-02-14,2022-02-14
invalid,47629-HB9-XS,1.0,1,1,2022-01-30,2022-01-30
invalid,47433-XL9-110,1.0,1,1,2022-10-27,2022-10-27
invalid,47433-VG9-150,1.0,1,1,2022-01-19,2022-01-19
invalid,47433-VG3-130,1.0,1,1,2022-01-16,2022-01-16
invalid,47433-QT3-120,1.0,1,1,2022-03-12,2022-03-12
invalid,67399-WQ1-130,1.0,1,1,2022-06-21,2022-06-21
W001,62317-PS4-150,1.0,1,1,2022-01-17,2022-01-17
W001,62301-GD6-OS,1.0,1,1,2022-02-13,2022-02-13
W001,62301-GD4-OS,1.0,1,1,2022-01-19,2022-01-19
W001,62287-PG4-140,1.0,1,1,2022-02-14,2022-02-14
W001,62255-SJ5-110,1.0,1,1,2022-01-22,2022-01-22
W001,62215-990-M,1.0,1,1,2022-06-02,2022-06-02
W001,62205-A91-120,1.0,1,1,2022-01-14,2022-01-14
W001,62190-A91-80,1.0,1,1,2022-07-01,2022-07-01
invalid,67401-NV2-120,1.0,1,1,2022-07-27,2022-07-27
invalid,67401-NV2-110,1.0,1,1,2022-08-28,2022-08-28
W001,62130-UK7-80,1.0,1,1,2022-07-28,2022-07-28
W001,62129-UK7-150,1.0,1,1,2022-07-31,2022-07-31
W001,62129-UK7-110,1.0,1,1,2022-05-17,2022-05-17
W001,62127-UK7-M,1.0,1,1,2022-07-28,2022-07-28
W001,62124-PF8-130,1.0,1,1,2022-02-18,2022-02-18
invalid,67401-GK3-100,1.0,1,1,2022-04-25,2022-04-25
invalid,67399-WW6-100,1.0,1,1,2022-07-05,2022-07-05
invalid,67399-WV5-90,1.0,1,1,2022-09-20,2022-09-20
invalid,67399-WV5-140,1.0,1,1,2022-07-28,2022-07-28
invalid,67399-WV5-120,1.0,1,1,2022-07-29,2022-07-29
invalid,67399-WT7-120,1.0,1,1,2022-06-06,2022-06-06
W001,67041-M23-150,1.0,1,1,2022-01-14,2022-01-14
invalid,47681-VP5-140,1.0,1,1,2022-07-22,2022-07-22
invalid,47681-NZ5-85,1.0,1,1,2022-02-19,2022-02-19
W001,62118-SJ8-130,1.0,1,1,2022-01-12,2022-01-12
invalid,47319-QE5-100,1.0,1,1,2022-02-07,2022-02-07
invalid,47251-GY7-70,1.0,1,1,2022-01-19,2022-01-19
invalid,47149-FU8-80,1.0,1,1,2022-01-15,2022-01-15
invalid,47107-FX8-1Y,1.0,1,1,2022-03-23,2022-03-23
invalid,47058-FU8-80,1.0,1,1,2022-03-29,2022-03-29
W001,67047-HI7-85,1.0,1,1,2022-01-04,2022-01-04
W001,67047-HI7-150,1.0,1,1,2022-01-05,2022-01-05
W001,67047-B42-90,1.0,1,1,2022-01-03,2022-01-03
W001,67047-B42-150,1.0,1,1,2022-01-22,2022-01-22
W001,67046-76X-150,1.0,1,1,2022-01-17,2022-01-17
W001,62118-SJ8-120,1.0,1,1,2022-01-23,2022-01-23
W001,62027-vf7-85,1.0,1,1,2022-01-14,2022-01-14
W001,62027-vf7-50,1.0,1,1,2022-02-08,2022-02-08
W001,62027-uw5-50,1.0,1,1,2022-02-25,2022-02-25
W001,62027-XE5-70,1.0,1,1,2022-07-28,2022-07-28
invalid,47053-FX7-75,1.0,1,1,2022-01-11,2022-01-11
invalid,47052-NN9-90,1.0,1,1,2022-01-11,2022-01-11
invalid,47052-NN9-140,1.0,1,1,2022-03-23,2022-03-23
invalid,67403-VU7-100,1.0,1,1,2022-02-19,2022-02-19
invalid,67403-VU6-85,1.0,1,1,2022-09-06,2022-09-06
invalid,67403-VS7-120,1.0,1,1,2022-06-14,2022-06-14
invalid,67403-VS7-110,1.0,1,1,2022-06-10,2022-06-10
invalid,67403-433-100,1.0,1,1,2023-09-13,2023-09-13
invalid,67403-424-110,1.0,1,1,2023-07-30,2023-07-30
invalid,67403-413-85,1.0,1,1,2023-07-29,2023-07-29
invalid,67403-413-110,1.0,1,1,2023-07-21,2023-07-21
invalid,67403-359-150,1.0,1,1,2023-11-30,2023-11-30
invalid,67402-VX9-110,1.0,1,1,2022-08-19,2022-08-19
W001,62120-PG5-130,1.0,1,1,2022-02-09,2022-02-09
W001,62120-PG5-110,1.0,1,1,2022-05-07,2022-05-07
W001,62118-SJ8-90,1.0,1,1,2022-06-30,2022-06-30
invalid,67404-323-85,1.0,1,1,2023-12-30,2023-12-30
invalid,67404-310-110,1.0,1,1,2023-03-28,2023-03-28
invalid,67404-242-85,1.0,1,1,2023-07-28,2023-07-28
W001,62027-XA5-50,1.0,1,1,2022-07-28,2022-07-28
W001,62027-WV9-70,1.0,1,1,2022-07-29,2022-07-29
W001,62027-WV7-75,1.0,1,1,2022-07-24,2022-07-24
W001,62027-WV7-70,1.0,1,1,2022-07-31,2022-07-31
invalid,67404-237-140,1.0,1,1,2023-08-04,2023-08-04
invalid,67403-WM4-120,1.0,1,1,2022-07-27,2022-07-27
W001,67046-76X-140,1.0,1,1,2022-01-14,2022-01-14
W001,67045-TA8-130,1.0,1,1,2022-01-17,2022-01-17
W001,67045-TA8-120,1.0,1,1,2022-01-25,2022-01-25
W001,67044-SR4-140,1.0,1,1,2024-12-16,2024-12-16
W001,67044-PV4-85,1.0,1,1,2022-01-23,2022-01-23
W001,67044-HI7-130,1.0,1,1,2022-02-20,2022-02-20
W001,67044-HI7-110,1.0,1,1,2022-02-08,2022-02-08
invalid,46906-EF5-S,1.0,1,1,2022-11-15,2022-11-15
invalid,46906-76X-XS,1.0,1,1,2022-11-24,2022-11-24
W001,67048-GK3-85,1.0,1,1,2022-01-16,2022-01-16
W001,67048-F04-150,1.0,1,1,2022-01-07,2022-01-07
W001,67048-EF5-150,1.0,1,1,2022-01-19,2022-01-19
W001,67048-EF5-140,1.0,1,1,2022-02-01,2022-02-01
W001,67048-2QB-90,1.0,1,1,2024-10-08,2024-10-08
invalid,67404-WM4-120,1.0,1,1,2022-02-13,2022-02-13
invalid,67404-VW2-85,1.0,1,1,2023-07-26,2023-07-26
invalid,67404-VU7-120,1.0,1,1,2022-02-12,2022-02-12
invalid,67404-VS7-110,1.0,1,1,2022-08-20,2022-08-20
invalid,67404-SK3-100,1.0,1,1,2023-01-07,2023-01-07
invalid,67404-433-140,1.0,1,1,2023-06-20,2023-06-20
invalid,67404-433-110,1.0,1,1,2023-04-07,2023-04-07
invalid,67404-418-100,1.0,1,1,2023-04-06,2023-04-06
invalid,67404-372-150,1.0,1,1,2023-08-04,2023-08-04
invalid,67406-VV8-120,1.0,1,1,2022-07-23,2022-07-23
W001,67048-2QB-100,1.0,1,1,2024-10-08,2024-10-08
W001,67048-2AU-100,1.0,1,1,2024-10-09,2024-10-09
invalid,46239-SR4-90,1.0,1,1,2023-11-20,2023-11-20
invalid,46239-PV5-130,1.0,1,1,2022-02-18,2022-02-18
invalid,46239-C57-150,1.0,1,1,2022-04-23,2022-04-23
invalid,46239-C57-140,1.0,1,1,2022-02-08,2022-02-08
invalid,67406-VU9-110,1.0,1,1,2022-08-04,2022-08-04
invalid,67404-WT8-140,1.0,1,1,2022-08-07,2022-08-07
W001,62027-VW2-85,1.0,1,1,2022-02-23,2022-02-23
W001,62027-VW2-80,1.0,1,1,2022-05-03,2022-05-03
W001,62027-VM2-60,1.0,1,1,2022-02-08,2022-02-08
W001,62027-VL9-60,1.0,1,1,2022-02-05,2022-02-05
W001,62027-VL9-50,1.0,1,1,2022-02-01,2022-02-01
W001,62027-VL8-85,1.0,1,1,2022-01-23,2022-01-23
W001,62027-VL8-80,1.0,1,1,2022-02-08,2022-02-08
invalid,46153-NV2-110,1.0,1,1,2022-01-16,2022-01-16
invalid,46153-GK3-130,1.0,1,1,2022-07-25,2022-07-25
invalid,46153-GK3-100,1.0,1,1,2023-01-26,2023-01-26
W001,67051-990-140,1.0,1,1,2022-01-07,2022-01-07
W001,67051-990-120,1.0,1,1,2022-01-25,2022-01-25
W001,67051-990-110,1.0,1,1,2022-01-19,2022-01-19
invalid,67407-WV5-90,1.0,1,1,2022-07-02,2022-07-02
invalid,67407-WV5-110,1.0,1,1,2022-06-26,2022-06-26
invalid,67407-WV5-100,1.0,1,1,2022-06-19,2022-06-19
invalid,67407-WQ1-85,1.0,1,1,2023-09-15,2023-09-15
invalid,67407-WQ1-140,1.0,1,1,2022-06-12,2022-06-12
invalid,67407-WQ1-120,1.0,1,1,2022-06-23,2022-06-23
invalid,67407-WQ1-100,1.0,1,1,2023-07-22,2023-07-22
invalid,67407-VU6-90,1.0,1,1,2022-09-04,2022-09-04
invalid,67407-001-150,1.0,1,1,2022-05-10,2022-05-10
invalid,67407-001-100,1.0,1,1,2023-05-14,2023-05-14
W001,67051-76X-110,1.0,1,1,2022-02-21,2022-02-21
W001,67050-76X-150,1.0,1,1,2022-01-23,2022-01-23
W001,67049-990-85,1.0,1,1,2022-01-16,2022-01-16
invalid,46153-A91-120,1.0,1,1,2023-02-01,2023-02-01
invalid,45850-PV5-150,1.0,1,1,2022-01-12,2022-01-12
invalid,45850-PV5-130,1.0,1,1,2022-01-20,2022-01-20
invalid,45850-PV5-110,1.0,1,1,2022-01-02,2022-01-02
W001,62027-VL8-50,1.0,1,1,2022-02-17,2022-02-17
W001,62027-VK6-90,1.0,1,1,2022-02-01,2022-02-01
W001,62027-VK3-85,1.0,1,1,2022-01-27,2022-01-27
W001,62027-UL3-60,1.0,1,1,2022-02-08,2022-02-08
W001,62027-TX8-70,1.0,1,1,2022-01-10,2022-01-10
invalid,67407-WW6-120,1.0,1,1,2022-06-07,2022-06-07
invalid,46177-XQ7-M,1.0,1,1,2022-12-16,2022-12-16
invalid,46177-XQ7-L,1.0,1,1,2022-07-27,2022-07-27
invalid,46177-XJ5-XL,1.0,1,1,2023-10-03,2023-10-03
invalid,67408-WT7-120,1.0,1,1,2022-06-12,2022-06-12
invalid,67408-WT7-100,1.0,1,1,2022-06-20,2022-06-20
invalid,67408-WQ1-110,1.0,1,1,2022-08-18,2022-08-18
W001,62027-TW1-70,1.0,1,1,2022-02-02,2022-02-02
W001,62027-SX2-85,1.0,1,1,2022-01-26,2022-01-26
W001,62027-SX2-75,1.0,1,1,2022-01-26,2022-01-26
W001,62027-SX2-70,1.0,1,1,2022-01-19,2022-01-19
W001,62027-SX2-50,1.0,1,1,2022-01-14,2022-01-14
W001,62027-RY2-75,1.0,1,1,2022-02-22,2022-02-22
invalid,67408-336-85,1.0,1,1,2023-05-21,2023-05-21
invalid,67408-336-150,1.0,1,1,2023-06-21,2023-06-21
invalid,67408-291-100,1.0,1,1,2023-03-01,2023-03-01
invalid,67408-001-120,1.0,1,1,2022-03-14,2022-03-14
W001,67051-77M-85,1.0,1,1,2022-01-13,2022-01-13
W001,67051-77M-140,1.0,1,1,2022-01-19,2022-01-19
W001,67051-77M-130,1.0,1,1,2022-01-19,2022-01-19
invalid,45850-A91-150,1.0,1,1,2022-05-23,2022-05-23
W001,67052-M23-110,1.0,1,1,2022-01-24,2022-01-24
W001,67052-M23-100,1.0,1,1,2022-02-12,2022-02-12
W001,67052-B42-110,1.0,1,1,2022-02-25,2022-02-25
W001,67052-B42-100,1.0,1,1,2022-02-22,2022-02-22
W001,67051-GN3-90,1.0,1,1,2022-01-02,2022-01-02
W001,67051-GN3-140,1.0,1,1,2022-01-24,2022-01-24
W001,67051-GN3-130,1.0,1,1,2022-01-07,2022-01-07
W001,67051-GN3-110,1.0,1,1,2022-01-07,2022-01-07
invalid,67410-VS9-120,1.0,1,1,2022-07-28,2022-07-28
invalid,67410-78M-140,1.0,1,1,2022-07-26,2022-07-26
invalid,67410-1OB-140,1.0,1,1,2024-02-11,2024-02-11
invalid,67409-WQ1-90,1.0,1,1,2022-06-12,2022-06-12
invalid,67408-WW6-90,1.0,1,1,2022-06-24,2022-06-24
invalid,67408-WW6-100,1.0,1,1,2022-06-26,2022-06-26
invalid,67408-WV5-120,1.0,1,1,2022-06-12,2022-06-12
invalid,67412-015-110,1.0,1,1,2022-04-23,2022-04-23
invalid,67411-VX9-90,1.0,1,1,2023-09-12,2023-09-12
invalid,67411-GF2-150,1.0,1,1,2023-11-27,2023-11-27
invalid,67411-A79-140,1.0,1,1,2023-09-24,2023-09-24
invalid,67411-A79-110,1.0,1,1,2023-10-05,2023-10-05
invalid,67411-38T-120,1.0,1,1,2022-04-23,2022-04-23
invalid,67411-06G-90,1.0,1,1,2023-12-21,2023-12-21
invalid,67410-WC9-140,1.0,1,1,2022-07-31,2022-07-31
W001,62027-RY2-70,1.0,1,1,2022-02-22,2022-02-22
W001,62027-RC5-70,1.0,1,1,2022-01-11,2022-01-11
W001,62027-PF2-70,1.0,1,1,2022-04-12,2022-04-12
W001,62027-NB1-80,1.0,1,1,2022-01-24,2022-01-24
invalid,67410-WC9-100,1.0,1,1,2022-06-09,2022-06-09
invalid,67410-VV2-90,1.0,1,1,2022-12-05,2022-12-05
invalid,67410-VS9-130,1.0,1,1,2022-07-29,2022-07-29
invalid,45850-C57-110,1.0,1,1,2022-07-16,2022-07-16
W001,61983-WD5-50,1.0,1,1,2022-07-09,2022-07-09
invalid,45477-SR4-110,1.0,1,1,2022-01-23,2022-01-23
invalid,45477-L40-90,1.0,1,1,2022-01-03,2022-01-03
invalid,45477-L40-150,1.0,1,1,2022-01-17,2022-01-17
invalid,45477-L40-100,1.0,1,1,2022-02-20,2022-02-20
invalid,45477-J81-100,1.0,1,1,2022-01-22,2022-01-22
invalid,45346-VX9-120,1.0,1,1,2022-02-23,2022-02-23
invalid,45346-NV2-140,1.0,1,1,2022-07-26,2022-07-26
W001,67054-SR4-100,1.0,1,1,2022-01-14,2022-01-14
W001,67054-PV4-130,1.0,1,1,2022-01-23,2022-01-23
W001,67054-PV4-120,1.0,1,1,2022-01-30,2022-01-30
W001,61979-XA4-85,1.0,1,1,2022-06-24,2022-06-24
W001,61979-XA4-75,1.0,1,1,2022-07-01,2022-07-01
W001,61979-XA4-60,1.0,1,1,2022-07-06,2022-07-06
W001,61979-WX6-90,1.0,1,1,2022-06-28,2022-06-28
W001,61979-WX6-85,1.0,1,1,2022-06-04,2022-06-04
W001,67054-990-110,1.0,1,1,2022-01-08,2022-01-08
W001,67052-SR4-120,1.0,1,1,2022-01-16,2022-01-16
W001,67052-M23-85,1.0,1,1,2022-06-13,2022-06-13
W001,67052-M23-140,1.0,1,1,2022-01-09,2022-01-09
invalid,45346-G44-120,1.0,1,1,2023-02-28,2023-02-28
W001,67057-76X-130,1.0,1,1,2022-02-16,2022-02-16
W001,61960-SX2-110,1.0,1,1,2022-01-24,2022-01-24
W001,61960-SX2-100,1.0,1,1,2022-02-20,2022-02-20
W001,61959-XA4-L,1.0,1,1,2022-06-23,2022-06-23
W001,61959-WX6-L,1.0,1,1,2022-06-09,2022-06-09
W001,61959-UM1-L,1.0,1,1,2022-03-22,2022-03-22
W001,61956-XA4-90,1.0,1,1,2022-06-10,2022-06-10
W001,61956-XA4-85,1.0,1,1,2022-06-12,2022-06-12
invalid,67413-WH7-100,1.0,1,1,2023-01-13,2023-01-13
invalid,67412-VZ1-110,1.0,1,1,2022-04-25,2022-04-25
W001,62015-SG7-80,1.0,1,1,2022-01-31,2022-01-31
invalid,67417-VZ1-120,1.0,1,1,2022-05-18,2022-05-18
invalid,67417-NV2-90,1.0,1,1,2022-03-27,2022-03-27
invalid,67416-V98-150,1.0,1,1,2022-05-15,2022-05-15
invalid,67416-C57-120,1.0,1,1,2022-05-16,2022-05-16
W001,61956-WX6-110,1.0,1,1,2022-06-16,2022-06-16
W001,61948-WX3-XS,1.0,1,1,2022-07-27,2022-07-27
W001,61948-WV1-L,1.0,1,1,2022-07-19,2022-07-19
W001,61944-TY2-70,1.0,1,1,2022-01-31,2022-01-31
invalid,67415-76X-140,1.0,1,1,2022-06-06,2022-06-06
invalid,67413-WH7-85,1.0,1,1,2022-12-08,2022-12-08
W001,61960-SX2-80,1.0,1,1,2022-01-19,2022-01-19
W001,61960-SX2-140,1.0,1,1,2022-02-07,2022-02-07
W001,67054-B42-140,1.0,1,1,2022-02-08,2022-02-08
W001,67054-B42-130,1.0,1,1,2022-01-21,2022-01-21
W001,67054-B42-120,1.0,1,1,2022-02-17,2022-02-17
W001,67054-B42-110,1.0,1,1,2022-01-27,2022-01-27
W001,67056-GF2-120,1.0,1,1,2022-01-19,2022-01-19
W001,67056-B42-150,1.0,1,1,2022-04-25,2022-04-25
W001,67056-B42-100,1.0,1,1,2022-01-17,2022-01-17
W001,67056-76X-140,1.0,1,1,2022-02-02,2022-02-02
W001,67056-76X-120,1.0,1,1,2022-02-17,2022-02-17
W001,67056-76X-100,1.0,1,1,2022-02-27,2022-02-27
W001,67055-GF2-140,1.0,1,1,2022-02-02,2022-02-02
W001,67054-UT6-140,1.0,1,1,2022-01-02,2022-01-02
W001,67054-SR4-90,1.0,1,1,2022-01-19,2022-01-19
invalid,45346-015-110,1.0,1,1,2023-12-06,2023-12-06
invalid,67419-144-140,1.0,1,1,2023-08-01,2023-08-01
W001,61129-VX7-100,1.0,1,1,2022-02-19,2022-02-19
W001,61129-NV2-130,1.0,1,1,2022-07-08,2022-07-08
W001,60796-990-120,1.0,1,1,2022-02-25,2022-02-25
W001,60784-VP5-XL,1.0,1,1,2022-02-19,2022-02-19
W001,60784-VP5-M,1.0,1,1,2022-02-08,2022-02-08
invalid,67419-SR4-90,1.0,1,1,2022-07-13,2022-07-13
W001,60612-XD1-90,1.0,1,1,2022-07-31,2022-07-31
W001,60612-VX4-120,1.0,1,1,2022-06-03,2022-06-03
W001,60784-PF2-L,1.0,1,1,2022-02-13,2022-02-13
W001,60712-RS8-70,1.0,1,1,2022-02-11,2022-02-11
W001,60712-RS8-50,1.0,1,1,2022-01-14,2022-01-14
W001,60695-62S-9,1.0,1,1,2022-07-27,2022-07-27
invalid,45346-011-100,1.0,1,1,2022-01-24,2022-01-24
invalid,45029-DW1-90,1.0,1,1,2022-01-21,2022-01-21
W001,67059-SR4-150,1.0,1,1,2022-01-17,2022-01-17
W001,67059-SR4-140,1.0,1,1,2022-01-10,2022-01-10
W001,67059-SR4-120,1.0,1,1,2022-02-11,2022-02-11
W001,67059-M23-85,1.0,1,1,2022-01-20,2022-01-20
W001,67059-M23-140,1.0,1,1,2022-02-19,2022-02-19
W001,67056-HI7-110,1.0,1,1,2022-02-01,2022-02-01
W001,67056-GF2-130,1.0,1,1,2022-01-11,2022-01-11
W001,67057-B42-90,1.0,1,1,2022-01-03,2022-01-03
W001,67057-990-90,1.0,1,1,2022-01-12,2022-01-12
W001,67057-77M-140,1.0,1,1,2022-01-23,2022-01-23
W001,67057-76X-150,1.0,1,1,2022-01-12,2022-01-12
invalid,44940-HE1-L,1.0,1,1,2022-02-24,2022-02-24
invalid,44940-HB9-S,1.0,1,1,2022-01-26,2022-01-26
invalid,44940-HB9-M,1.0,1,1,2022-01-02,2022-01-02
invalid,44441-R25-120/130,1.0,1,1,2022-01-10,2022-01-10
invalid,44403-XV6-XS,1.0,1,1,2024-01-30,2024-01-30
invalid,44403-XT2-XL,1.0,1,1,2022-12-09,2022-12-09
invalid,44403-VM2-XL,1.0,1,1,2022-01-24,2022-01-24
invalid,44403-VM2-M,1.0,1,1,2022-01-26,2022-01-26
invalid,44403-VL8-XXL,1.0,1,1,2022-01-27,2022-01-27
W001,60612-PB4-100,1.0,1,1,2022-02-25,2022-02-25
invalid,67421-78M-150,1.0,1,1,2022-07-04,2022-07-04
invalid,67419-UU6-140,1.0,1,1,2022-07-19,2022-07-19
W001,60611-XB1-160,1.0,1,1,2022-07-28,2022-07-28
W001,60611-VX4-100,1.0,1,1,2022-02-23,2022-02-23
W001,60611-VW8-140,1.0,1,1,2022-02-11,2022-02-11
W001,60611-VC2-90,1.0,1,1,2022-02-01,2022-02-01
W001,60611-VC2-85,1.0,1,1,2022-01-20,2022-01-20
W001,60611-VC2-160,1.0,1,1,2022-01-18,2022-01-18
W001,60611-VC2-150,1.0,1,1,2022-02-25,2022-02-25
W001,60611-VC2-140,1.0,1,1,2022-01-12,2022-01-12
W001,60611-VC2-130,1.0,1,1,2022-01-24,2022-01-24
W001,60612-VC2-100,1.0,1,1,2022-02-08,2022-02-08
W001,60612-UW6-90,1.0,1,1,2022-02-07,2022-02-07
W001,60612-TX8-100,1.0,1,1,2022-02-21,2022-02-21
W001,60612-TW2-90,1.0,1,1,2022-02-08,2022-02-08
W001,60612-RC5-90,1.0,1,1,2022-01-22,2022-01-22
W001,60612-RC5-120,1.0,1,1,2022-01-02,2022-01-02
W001,60612-RC5-110,1.0,1,1,2022-02-09,2022-02-09
invalid,44403-VL8-M,1.0,1,1,2022-01-16,2022-01-16
invalid,44403-VK5-S,1.0,1,1,2022-02-15,2022-02-15
invalid,44403-VK5-M,1.0,1,1,2022-01-19,2022-01-19
invalid,44403-VK3-S,1.0,1,1,2022-01-14,2022-01-14
invalid,44403-VJ7-L,1.0,1,1,2022-01-03,2022-01-03
invalid,44403-Q84-L,1.0,1,1,2022-07-22,2022-07-22
W001,67061-AN8-90,1.0,1,1,2022-01-31,2022-01-31
W001,60611-UW6-130,1.0,1,1,2022-01-24,2022-01-24
W001,60611-UW6-100,1.0,1,1,2022-01-27,2022-01-27
W001,60611-UL2-90,1.0,1,1,2022-01-30,2022-01-30
W001,60611-UL2-100,1.0,1,1,2022-02-12,2022-02-12
W001,60611-TX8-90,1.0,1,1,2022-02-17,2022-02-17
W001,60611-TX8-75,1.0,1,1,2022-02-28,2022-02-28
invalid,67431-B42-85,1.0,1,1,2022-02-18,2022-02-18
invalid,67430-WD5-60,1.0,1,1,2022-07-17,2022-07-17
invalid,67430-VJ7-75,1.0,1,1,2023-08-03,2023-08-03
W001,60611-TX4-70,1.0,1,1,2022-01-23,2022-01-23
W001,60611-TX4-130,1.0,1,1,2022-02-13,2022-02-13
W001,60611-TW2-85,1.0,1,1,2022-01-20,2022-01-20
W001,60611-TW2-140,1.0,1,1,2022-01-18,2022-01-18
W001,60611-RB7-90,1.0,1,1,2022-01-25,2022-01-25
W001,60611-RB7-85,1.0,1,1,2022-01-31,2022-01-31
invalid,67437-VZ2-80,1.0,1,1,2022-05-12,2022-05-12
invalid,67435-WQ1-XS,1.0,1,1,2022-03-24,2022-03-24
W001,60611-VC2-100,1.0,1,1,2022-01-12,2022-01-12
W001,60611-UW6-160,1.0,1,1,2022-02-07,2022-02-07
W001,67061-AN8-120,1.0,1,1,2022-01-20,2022-01-20
W001,67061-990-110,1.0,1,1,2022-02-10,2022-02-10
W001,67061-76X-130,1.0,1,1,2022-01-18,2022-01-18
W001,67060-76X-150,1.0,1,1,2022-01-24,2022-01-24
W001,67060-76X-140,1.0,1,1,2022-01-26,2022-01-26
W001,67059-SR4-90,1.0,1,1,2022-02-13,2022-02-13
W001,60611-PB4-110,1.0,1,1,2022-02-16,2022-02-16
W001,60611-NB1-90,1.0,1,1,2022-02-07,2022-02-07
W001,60611-NB1-150,1.0,1,1,2022-02-23,2022-02-23
W001,60610-UL3-140,1.0,1,1,2022-02-07,2022-02-07
invalid,67447-WM5-80,1.0,1,1,2022-02-24,2022-02-24
invalid,67445-75M-70,1.0,1,1,2022-06-06,2022-06-06
invalid,67444-WG9-70,1.0,1,1,2022-02-25,2022-02-25
invalid,67444-SR4-90,1.0,1,1,2022-06-19,2022-06-19
invalid,67444-SR4-70,1.0,1,1,2022-06-14,2022-06-14
invalid,67442-SR4-80,1.0,1,1,2022-05-24,2022-05-24
invalid,67442-AM7-85,1.0,1,1,2022-06-15,2022-06-15
invalid,67441-WC9-70,1.0,1,1,2022-06-17,2022-06-17
invalid,67441-AM7-75,1.0,1,1,2022-04-24,2022-04-24
invalid,67440-85H-75,1.0,1,1,2022-07-26,2022-07-26
invalid,67439-SR4-60,1.0,1,1,2022-07-07,2022-07-07
W001,60611-TX4-75,1.0,1,1,2022-01-27,2022-01-27
W001,60604-vf7-L,1.0,1,1,2022-01-25,2022-01-25
invalid,44228-FV7-M,1.0,1,1,2022-07-31,2022-07-31
invalid,44223-CW2-100,1.0,1,1,2022-01-30,2022-01-30
invalid,44208-FV7-L,1.0,1,1,2022-02-21,2022-02-21
W001,67061-SR4-150,1.0,1,1,2022-01-19,2022-01-19
W001,67061-SR4-140,1.0,1,1,2022-01-31,2022-01-31
W001,67061-SR4-120,1.0,1,1,2022-01-21,2022-01-21
W001,67061-SR4-100,1.0,1,1,2022-01-11,2022-01-11
W001,67061-GF2-130,1.0,1,1,2022-01-10,2022-01-10
W001,67061-GF2-100,1.0,1,1,2022-01-16,2022-01-16
W001,67061-EF5-120,1.0,1,1,2022-01-13,2022-01-13
W001,67061-EF5-100,1.0,1,1,2022-02-02,2022-02-02
W001,67061-B42-150,1.0,1,1,2022-01-18,2022-01-18
invalid,67452-VU6-85,1.0,1,1,2022-07-01,2022-07-01
invalid,67452-VU6-75,1.0,1,1,2022-05-12,2022-05-12
W001,60611-PB4-85,1.0,1,1,2022-02-15,2022-02-15
invalid,43205-PV5-110,1.0,1,1,2022-02-07,2022-02-07
invalid,43205-PV5-100,1.0,1,1,2022-01-27,2022-01-27
invalid,43205-GK3-80,1.0,1,1,2022-04-03,2022-04-03
invalid,43205-GK3-120,1.0,1,1,2022-07-02,2022-07-02
invalid,43205-A91-130,1.0,1,1,2022-07-26,2022-07-26
invalid,43205-011-90,1.0,1,1,2022-10-17,2022-10-17
W001,67065-990-100,1.0,1,1,2022-02-22,2022-02-22
W001,67065-85H-140,1.0,1,1,2022-05-07,2022-05-07
W001,60610-TW3-100,1.0,1,1,2022-02-25,2022-02-25
W001,60610-TV8-100,1.0,1,1,2022-05-21,2022-05-21
W001,60610-SQ3-140,1.0,1,1,2022-02-07,2022-02-07
W001,60610-SG5-140,1.0,1,1,2022-01-16,2022-01-16
W001,60609-TW3-85,1.0,1,1,2022-01-17,2022-01-17
W001,60609-TV8-90,1.0,1,1,2022-02-19,2022-02-19
W001,60609-TV8-100,1.0,1,1,2022-02-02,2022-02-02
W001,60604-vf7-XXL,1.0,1,1,2022-01-15,2022-01-15
W001,67063-TA8-140,1.0,1,1,2022-05-06,2022-05-06
W001,67061-SR4-90,1.0,1,1,2022-01-16,2022-01-16
W001,67061-SR4-85,1.0,1,1,2022-02-20,2022-02-20
invalid,43201-015-150,1.0,1,1,2022-01-20,2022-01-20
W001,60603-vf7-M,1.0,1,1,2022-02-09,2022-02-09
W001,60603-WB2-XXL,1.0,1,1,2022-07-25,2022-07-25
invalid,67459-WH7-80,1.0,1,1,2022-07-05,2022-07-05
invalid,67459-WH6-80,1.0,1,1,2022-02-22,2022-02-22
invalid,67459-WH4-90,1.0,1,1,2022-07-27,2022-07-27
invalid,67459-WH4-85,1.0,1,1,2022-06-23,2022-06-23
invalid,67459-WH3-80,1.0,1,1,2022-02-16,2022-02-16
invalid,67459-WH3-75,1.0,1,1,2022-05-20,2022-05-20
invalid,67455-WL0-60,1.0,1,1,2023-01-25,2023-01-25
invalid,67455-WH8-70,1.0,1,1,2022-02-18,2022-02-18
invalid,67454-VV2-50,1.0,1,1,2022-07-04,2022-07-04
invalid,43205-VX9-110,1.0,1,1,2022-07-24,2022-07-24
invalid,67468-EF5-90,1.0,1,1,2022-03-09,2022-03-09
invalid,67468-BD4-90,1.0,1,1,2022-03-10,2022-03-10
invalid,67466-WK1-140,1.0,1,1,2022-06-06,2022-06-06
invalid,67466-WJ2-85,1.0,1,1,2022-05-13,2022-05-13
invalid,67464-75M-140,1.0,1,1,2022-07-04,2022-07-04
W001,60604-VW8-XL,1.0,1,1,2022-02-17,2022-02-17
W001,60604-VU6-M,1.0,1,1,2022-02-26,2022-02-26
W001,60604-UT6-L,1.0,1,1,2022-01-24,2022-01-24
W001,60604-PH7-XL,1.0,1,1,2022-02-11,2022-02-11
W001,60604-PH7-S,1.0,1,1,2022-01-17,2022-01-17
W001,60604-NB1-S,1.0,1,1,2022-01-12,2022-01-12
W001,67065-76X-150,1.0,1,1,2022-01-31,2022-01-31
W001,67065-76X-110,1.0,1,1,2022-01-17,2022-01-17
W001,67064-011-85,1.0,1,1,2022-02-14,2022-02-14
W001,67064-009-110,1.0,1,1,2022-01-21,2022-01-21
W001,67063-UU9-150,1.0,1,1,2022-05-08,2022-05-08
W001,67066-SR4-100,1.0,1,1,2022-02-18,2022-02-18
W001,67066-PV4-90,1.0,1,1,2022-02-12,2022-02-12
W001,67066-PV4-140,1.0,1,1,2022-01-24,2022-01-24
W001,67066-PV4-130,1.0,1,1,2022-01-24,2022-01-24
W001,67066-PV4-110,1.0,1,1,2022-02-12,2022-02-12
W001,67066-B42-90,1.0,1,1,2022-02-12,2022-02-12
W001,67066-B42-120,1.0,1,1,2022-01-30,2022-01-30
W001,67066-B42-100,1.0,1,1,2022-01-15,2022-01-15
W001,67065-B42-150,1.0,1,1,2022-01-31,2022-01-31
W001,60603-UT3-S,1.0,1,1,2022-01-20,2022-01-20
W001,60603-PH7-S,1.0,1,1,2022-06-09,2022-06-09
W001,60603-PH7-M,1.0,1,1,2022-02-16,2022-02-16
W001,60603-NB1-XXL,1.0,1,1,2022-02-01,2022-02-01
W001,60603-NB1-XL,1.0,1,1,2022-01-20,2022-01-20
W001,60600-uw5-120,1.0,1,1,2022-01-16,2022-01-16
invalid,67468-SR4-90,1.0,1,1,2022-03-09,2022-03-09
W001,60600-WT7-100,1.0,1,1,2022-05-24,2022-05-24
invalid,67472-990-90,1.0,1,1,2022-07-22,2022-07-22
invalid,67472-76X-130,1.0,1,1,2022-09-02,2022-09-02
W001,60600-uw5-100,1.0,1,1,2022-02-14,2022-02-14
W001,60600-uv8-90,1.0,1,1,2022-02-01,2022-02-01
W001,60600-XH5-140,1.0,1,1,2022-08-01,2022-08-01
W001,60600-XE2-85,1.0,1,1,2022-08-01,2022-08-01
W001,60600-WX3-85,1.0,1,1,2022-06-16,2022-06-16
W001,60600-WW6-85,1.0,1,1,2022-06-30,2022-06-30
invalid,67472-011-90,1.0,1,1,2022-04-05,2022-04-05
invalid,67472-011-85,1.0,1,1,2022-04-05,2022-04-05
invalid,67470-EF5-90,1.0,1,1,2022-01-31,2022-01-31
W001,60603-WB2-L,1.0,1,1,2022-06-10,2022-06-10
W001,60603-VW2-M,1.0,1,1,2022-02-17,2022-02-17
W001,60603-VU6-M,1.0,1,1,2022-02-26,2022-02-26
invalid,43197-VX9-100,1.0,1,1,2023-02-01,2023-02-01
invalid,43197-PV5-150,1.0,1,1,2022-01-25,2022-01-25
invalid,43197-HI7-85,1.0,1,1,2023-07-10,2023-07-10
invalid,43197-GK3-130,1.0,1,1,2022-01-20,2022-01-20
invalid,43197-GK3-100,1.0,1,1,2022-02-12,2022-02-12
invalid,43197-C57-80,1.0,1,1,2022-06-07,2022-06-07
invalid,43197-C57-150,1.0,1,1,2022-05-16,2022-05-16
invalid,43197-461-140,1.0,1,1,2023-12-26,2023-12-26
invalid,43197-262-100,1.0,1,1,2023-07-02,2023-07-02
W001,67069-B42-100,1.0,1,1,2022-01-14,2022-01-14
W001,60600-UT6-100,1.0,1,1,2022-01-13,2022-01-13
W001,60600-UT3-120,1.0,1,1,2022-01-27,2022-01-27
W001,60600-WV1-130,1.0,1,1,2022-05-16,2022-05-16
W001,60600-WU9-100,1.0,1,1,2022-06-26,2022-06-26
W001,60600-WU4-110,1.0,1,1,2022-06-25,2022-06-25
W001,60600-WT7-140,1.0,1,1,2022-05-12,2022-05-12
W001,60600-WT7-120,1.0,1,1,2022-05-21,2022-05-21
W001,67068-67L-110,1.0,1,1,2022-01-15,2022-01-15
W001,67067-015-85,1.0,1,1,2022-01-20,2022-01-20
W001,67067-015-130,1.0,1,1,2022-02-08,2022-02-08
W001,67067-015-120,1.0,1,1,2022-02-23,2022-02-23
W001,67067-015-110,1.0,1,1,2022-01-25,2022-01-25
W001,67066-SR4-150,1.0,1,1,2022-01-11,2022-01-11
W001,60600-PH7-130,1.0,1,1,2022-05-07,2022-05-07
W001,60600-PH7-110,1.0,1,1,2022-05-06,2022-05-06
W001,60599-vf7-160,1.0,1,1,2022-01-13,2022-01-13
W001,60599-vf7-110,1.0,1,1,2022-01-28,2022-01-28
W001,60599-uw5-90,1.0,1,1,2022-02-07,2022-02-07
W001,60599-uw5-150,1.0,1,1,2022-02-13,2022-02-13
W001,60599-uw5-130,1.0,1,1,2022-01-13,2022-01-13
invalid,67472-UQ2-90,1.0,1,1,2022-07-22,2022-07-22
W001,60600-VV4-110,1.0,1,1,2022-02-13,2022-02-13
W001,67065-990-130,1.0,1,1,2022-01-26,2022-01-26
invalid,43197-260-130,1.0,1,1,2023-07-07,2023-07-07
invalid,43197-011-80,1.0,1,1,2022-07-09,2022-07-09
invalid,43197-011-100,1.0,1,1,2022-11-10,2022-11-10
invalid,42068-75Z-XL,1.0,1,1,2022-01-12,2022-01-12
invalid,41423-L40-120,1.0,1,1,2022-09-23,2022-09-23
W001,67070-48Q-M,1.0,1,1,2022-02-16,2022-02-16
W001,67070-48Q-L,1.0,1,1,2022-02-13,2022-02-13
W001,60599-XH5-120,1.0,1,1,2022-08-01,2022-08-01
invalid,67472-WZ5-110,1.0,1,1,2022-05-14,2022-05-14
invalid,67472-WZ5-100,1.0,1,1,2022-05-28,2022-05-28
W001,60600-RY2-120,1.0,1,1,2022-02-23,2022-02-23
W001,60600-RY2-110,1.0,1,1,2022-02-23,2022-02-23
W001,67068-VB3-150,1.0,1,1,2022-01-16,2022-01-16
W001,67068-VB3-130,1.0,1,1,2022-02-05,2022-02-05
W001,67068-VB3-100,1.0,1,1,2022-02-09,2022-02-09
W001,67068-67L-120,1.0,1,1,2022-01-12,2022-01-12
W001,67069-PW1-90,1.0,1,1,2022-01-23,2022-01-23
W001,67069-PW1-150,1.0,1,1,2022-02-19,2022-02-19
W001,67069-PW1-140,1.0,1,1,2022-01-13,2022-01-13
W001,67069-PW1-130,1.0,1,1,2022-01-14,2022-01-14
invalid,41423-A91-140,1.0,1,1,2022-01-23,2022-01-23
invalid,41378-VZ1-110,1.0,1,1,2022-09-12,2022-09-12
invalid,41378-VZ1-100,1.0,1,1,2022-10-12,2022-10-12
invalid,41378-VX9-100,1.0,1,1,2023-01-27,2023-01-27
invalid,41378-GK3-120,1.0,1,1,2022-12-26,2022-12-26
W001,60599-VW2-160,1.0,1,1,2022-02-18,2022-02-18
W001,60599-VV2-110,1.0,1,1,2022-07-28,2022-07-28
W001,60599-VU7-150,1.0,1,1,2022-02-24,2022-02-24
W001,60599-VU7-130,1.0,1,1,2022-02-24,2022-02-24
W001,60599-VU7-100,1.0,1,1,2022-03-10,2022-03-10
W001,60599-VS4-110,1.0,1,1,2022-07-27,2022-07-27
W001,60599-UV5-150,1.0,1,1,2022-01-25,2022-01-25
invalid,41378-A91-130,1.0,1,1,2022-01-30,2022-01-30
invalid,41378-A91-120,1.0,1,1,2022-02-19,2022-02-19
invalid,41378-015-150,1.0,1,1,2022-01-07,2022-01-07
invalid,41378-015-140,1.0,1,1,2022-01-03,2022-01-03
invalid,40957-A91-120,1.0,1,1,2022-06-24,2022-06-24
invalid,40957-015-150,1.0,1,1,2022-05-14,2022-05-14
invalid,40957-015-120,1.0,1,1,2022-07-27,2022-07-27
W001,60599-UT3-100,1.0,1,1,2022-01-07,2022-01-07
W001,60599-RY2-150,1.0,1,1,2022-02-15,2022-02-15
W001,60599-QQ9-120,1.0,1,1,2022-01-28,2022-01-28
W001,60599-QQ9-100,1.0,1,1,2022-02-02,2022-02-02
W001,60599-PH7-120,1.0,1,1,2022-01-27,2022-01-27
W001,60599-PH7-110,1.0,1,1,2022-02-23,2022-02-23
W001,60599-PF2-150,1.0,1,1,2022-01-30,2022-01-30
invalid,67480-87R-130,1.0,1,1,2023-01-17,2023-01-17
invalid,67478-W83-140,1.0,1,1,2022-05-12,2022-05-12
invalid,40152-VZ1-5,1.0,1,1,2023-01-21,2023-01-21
invalid,40152-M23-7,1.0,1,1,2022-10-05,2022-10-05
invalid,40152-M23-10,1.0,1,1,2022-01-31,2022-01-31
invalid,67482-WL5-100,1.0,1,1,2022-06-22,2022-06-22
W001,60548-PH7-75,1.0,1,1,2022-02-17,2022-02-17
W001,60535-76X-M,1.0,1,1,2022-02-17,2022-02-17
W001,60444-SA1-80,1.0,1,1,2022-01-15,2022-01-15
W001,60428-HJ4-85,1.0,1,1,2022-02-19,2022-02-19
W001,60410-BX8-80,1.0,1,1,2022-01-16,2022-01-16
W001,60395-VL8-90,1.0,1,1,2022-02-23,2022-02-23
invalid,67480-SR4-130,1.0,1,1,2022-12-09,2022-12-09
W001,60599-UT6-110,1.0,1,1,2022-01-19,2022-01-19
W001,60599-UT3-160,1.0,1,1,2022-01-07,2022-01-07
W001,60599-UT3-110,1.0,1,1,2022-01-19,2022-01-19
invalid,41378-A91-80,1.0,1,1,2022-02-20,2022-02-20
invalid,41378-A91-150,1.0,1,1,2022-05-18,2022-05-18
W001,67082-A79-S,1.0,1,1,2022-02-17,2022-02-17
W001,67082-A79-M,1.0,1,1,2022-01-28,2022-01-28
invalid,67485-NU7-120,1.0,1,1,2022-06-14,2022-06-14
invalid,67485-78M-150,1.0,1,1,2022-06-06,2022-06-06
invalid,67485-78M-120,1.0,1,1,2022-06-14,2022-06-14
invalid,67484-DY2-90,1.0,1,1,2022-06-04,2022-06-04
invalid,67484-DY2-110,1.0,1,1,2022-06-12,2022-06-12
invalid,67484-DY2-100,1.0,1,1,2022-06-09,2022-06-09
invalid,67482-WL5-110,1.0,1,1,2022-06-18,2022-06-18
W001,67075-kl9-XXL,1.0,1,1,2022-01-08,2022-01-08
W001,67075-kl9-L,1.0,1,1,2022-01-16,2022-01-16
W001,67074-FV7-XXL,1.0,1,1,2022-02-27,2022-02-27
W001,67074-FV7-XS,1.0,1,1,2022-01-09,2022-01-09
W001,67074-FV7-XL,1.0,1,1,2022-01-02,2022-01-02
invalid,40957-011-150,1.0,1,1,2022-05-20,2022-05-20
invalid,40957-011-140,1.0,1,1,2023-02-08,2023-02-08
W001,67082-A79-L,1.0,1,1,2022-02-02,2022-02-02
invalid,39973-CG8-75,1.0,1,1,2022-01-14,2022-01-14
invalid,37028-TA7-85,1.0,1,1,2022-02-07,2022-02-07
invalid,37028-TA7-130,1.0,1,1,2022-01-16,2022-01-16
invalid,37028-TA7-110,1.0,1,1,2022-02-07,2022-02-07
invalid,37028-TA7-100,1.0,1,1,2022-01-23,2022-01-23
invalid,67486-NU7-90,1.0,1,1,2022-07-27,2022-07-27
W001,60395-VL8-130,1.0,1,1,2022-01-29,2022-01-29
W001,60395-VJ9-85,1.0,1,1,2022-01-30,2022-01-30
W001,60395-VJ9-150,1.0,1,1,2022-02-15,2022-02-15
W001,60395-VJ9-130,1.0,1,1,2022-01-16,2022-01-16
W001,60395-VJ9-110,1.0,1,1,2022-01-25,2022-01-25
W001,60395-VJ9-100,1.0,1,1,2022-01-11,2022-01-11
invalid,40152-A91-7,1.0,1,1,2022-01-17,2022-01-17
invalid,40152-011-5,1.0,1,1,2022-01-16,2022-01-16
W001,67083-015-XL,1.0,1,1,2022-02-18,2022-02-18
invalid,36086-M23-110,1.0,1,1,2022-01-11,2022-01-11
invalid,36086-C57-90,1.0,1,1,2022-01-30,2022-01-30
invalid,36086-C57-80,1.0,1,1,2022-02-09,2022-02-09
invalid,36086-C57-130,1.0,1,1,2022-01-13,2022-01-13
invalid,36086-B42-150,1.0,1,1,2022-01-12,2022-01-12
invalid,36086-B42-140,1.0,1,1,2022-02-05,2022-02-05
W001,60395-V98-110,1.0,1,1,2022-02-25,2022-02-25
W001,60395-V98-100,1.0,1,1,2022-02-10,2022-02-10
W001,60395-UT6-150,1.0,1,1,2022-02-13,2022-02-13
W001,60395-UT6-130,1.0,1,1,2022-01-27,2022-01-27
W001,60395-UT6-110,1.0,1,1,2022-01-26,2022-01-26
W001,60395-TW5-150,1.0,1,1,2022-02-08,2022-02-08
invalid,36754-GK3-120,1.0,1,1,2022-12-14,2022-12-14
W001,67086-VB8-140,1.0,1,1,2022-01-14,2022-01-14
W001,67085-GF2-120,1.0,1,1,2022-02-02,2022-02-02
invalid,36754-G44-100,1.0,1,1,2023-01-16,2023-01-16
W001,60395-SR4-85,1.0,1,1,2022-01-13,2022-01-13
W001,60395-SR4-150,1.0,1,1,2022-02-12,2022-02-12
W001,60395-SR4-140,1.0,1,1,2022-01-24,2022-01-24
W001,60395-PV4-120,1.0,1,1,2022-01-06,2022-01-06
W001,60395-NM2-90,1.0,1,1,2022-01-15,2022-01-15
W001,60395-NM2-100,1.0,1,1,2022-01-18,2022-01-18
W001,60395-GF2-85,1.0,1,1,2022-01-21,2022-01-21
W001,60395-B42-150,1.0,1,1,2022-01-13,2022-01-13
W001,60395-B42-130,1.0,1,1,2022-01-23,2022-01-23
W001,60395-B42-110,1.0,1,1,2022-01-07,2022-01-07
invalid,67490-341-120,1.0,1,1,2023-06-14,2023-06-14
invalid,67489-G31-130,1.0,1,1,2022-07-09,2022-07-09
invalid,67486-SR4-90,1.0,1,1,2022-07-26,2022-07-26
invalid,36754-76X-120,1.0,1,1,2022-10-11,2022-10-11
invalid,36086-PV5-100,1.0,1,1,2022-02-25,2022-02-25
invalid,36086-M23-90,1.0,1,1,2022-01-24,2022-01-24
invalid,36086-015-110,1.0,1,1,2022-01-14,2022-01-14
invalid,36086-011-90,1.0,1,1,2022-02-16,2022-02-16
invalid,36086-011-85,1.0,1,1,2022-02-20,2022-02-20
invalid,36086-011-140,1.0,1,1,2022-01-17,2022-01-17
invalid,33218-WQ4-90,1.0,1,1,2022-05-14,2022-05-14
invalid,33218-WQ4-120,1.0,1,1,2022-07-25,2022-07-25
invalid,33218-WL0-100,1.0,1,1,2022-04-25,2022-04-25
invalid,33218-WF4-120,1.0,1,1,2023-06-14,2023-06-14
invalid,67490-WX1-100,1.0,1,1,2022-07-22,2022-07-22
invalid,67490-VX2-120,1.0,1,1,2022-06-10,2022-06-10
invalid,67490-VV2-120,1.0,1,1,2022-07-29,2022-07-29
invalid,67490-TX8-120,1.0,1,1,2022-07-27,2022-07-27
invalid,67490-PB4-150,1.0,1,1,2022-04-25,2022-04-25
invalid,67490-PB4-120,1.0,1,1,2022-05-11,2022-05-11
invalid,67490-424-100,1.0,1,1,2023-04-06,2023-04-06
W001,60395-TW5-100,1.0,1,1,2022-01-18,2022-01-18
W001,60395-AN8-140,1.0,1,1,2022-01-13,2022-01-13
W001,60395-AN8-130,1.0,1,1,2022-01-15,2022-01-15
W001,60395-AN8-120,1.0,1,1,2022-01-20,2022-01-20
W001,60395-990-140,1.0,1,1,2022-03-06,2022-03-06
W001,60395-990-120,1.0,1,1,2022-05-06,2022-05-06
W001,60395-76X-90,1.0,1,1,2022-01-26,2022-01-26
W001,60395-76X-100,1.0,1,1,2022-02-18,2022-02-18
W001,60395-66L-140,1.0,1,1,2022-01-24,2022-01-24
invalid,67490-WX8-120,1.0,1,1,2022-07-25,2022-07-25
invalid,67490-WX1-130,1.0,1,1,2022-07-20,2022-07-20
W001,67087-GF2-90,1.0,1,1,2022-02-18,2022-02-18
invalid,36086-B42-120,1.0,1,1,2022-01-31,2022-01-31
invalid,36086-A91-140,1.0,1,1,2022-01-03,2022-01-03
invalid,36086-A91-130,1.0,1,1,2022-01-26,2022-01-26
invalid,36086-015-90,1.0,1,1,2022-01-03,2022-01-03
invalid,36086-015-85,1.0,1,1,2022-02-15,2022-02-15
invalid,33218-16N-100,1.0,1,1,2022-06-10,2022-06-10
invalid,33175-WQ4-110,1.0,1,1,2022-07-03,2022-07-03
invalid,33175-VF3-90,1.0,1,1,2022-01-24,2022-01-24
invalid,33175-U74-140,1.0,1,1,2022-01-13,2022-01-13
invalid,33175-TT2-130,1.0,1,1,2022-01-11,2022-01-11
invalid,33175-TT2-110,1.0,1,1,2022-09-20,2022-09-20
invalid,33175-S74-150,1.0,1,1,2022-07-28,2022-07-28
invalid,33175-S74-120,1.0,1,1,2022-04-18,2022-04-18
invalid,33175-QT3-160,1.0,1,1,2022-01-18,2022-01-18
invalid,33175-QT3-140,1.0,1,1,2022-01-22,2022-01-22
W001,60363-WD5-90,1.0,1,1,2022-02-14,2022-02-14
W001,60363-VW2-120,1.0,1,1,2022-02-23,2022-02-23
W001,60363-UT6-90,1.0,1,1,2022-01-02,2022-01-02
W001,60363-UT6-120,1.0,1,1,2022-02-10,2022-02-10
invalid,67495-VZ2-120,1.0,1,1,2022-05-16,2022-05-16
invalid,67493-WH8-120,1.0,1,1,2022-02-17,2022-02-17
W001,67090-A79-110,1.0,1,1,2022-02-27,2022-02-27
W001,67088-VH4-130,1.0,1,1,2022-02-26,2022-02-26
W001,60363-TW5-110,1.0,1,1,2022-02-08,2022-02-08
W001,60363-TW5-100,1.0,1,1,2022-01-17,2022-01-17
W001,60363-SR4-150,1.0,1,1,2022-01-24,2022-01-24
W001,60363-B42-100,1.0,1,1,2022-01-14,2022-01-14
W001,60363-AM7-120,1.0,1,1,2022-02-23,2022-02-23
W001,60363-76X-85,1.0,1,1,2022-02-17,2022-02-17
W001,60356-WW6-140,1.0,1,1,2022-06-15,2022-06-15
invalid,67501-015-130,1.0,1,1,2022-07-27,2022-07-27
invalid,67496-78M-120,1.0,1,1,2022-04-12,2022-04-12
W001,60381-GK3-130,1.0,1,1,2022-04-27,2022-04-27
W001,60363-Y74-140,1.0,1,1,2022-01-31,2022-01-31
invalid,33218-VF3-110,1.0,1,1,2022-01-24,2022-01-24
invalid,33218-TD4-90,1.0,1,1,2022-06-26,2022-06-26
invalid,33218-16N-85,1.0,1,1,2022-03-28,2022-03-28
W001,60356-WU4-100,1.0,1,1,2022-07-01,2022-07-01
invalid,33081-WF3-80,1.0,1,1,2022-07-22,2022-07-22
invalid,33081-VF3-90,1.0,1,1,2022-06-07,2022-06-07
W001,67091-990-140,1.0,1,1,2022-01-24,2022-01-24
W001,67091-990-110,1.0,1,1,2022-01-06,2022-01-06
W001,67091-990-100,1.0,1,1,2022-01-11,2022-01-11
W001,60356-VU7-110,1.0,1,1,2022-02-25,2022-02-25
W001,60356-PH7-140,1.0,1,1,2022-05-11,2022-05-11
W001,60325-XU1-XS,1.0,1,1,2024-12-15,2024-12-15
invalid,67506-G31-110,1.0,1,1,2022-06-19,2022-06-19
invalid,67506-EF5-140,1.0,1,1,2022-07-26,2022-07-26
invalid,67506-28E-120,1.0,1,1,2022-07-23,2022-07-23
invalid,67501-VX9-120,1.0,1,1,2022-11-25,2022-11-25
invalid,67501-VH3-85,1.0,1,1,2022-06-17,2022-06-17
W001,60363-TW5-80,1.0,1,1,2022-02-17,2022-02-17
W001,60363-TW5-140,1.0,1,1,2022-01-18,2022-01-18
W001,67095-FX9-M,1.0,1,1,2022-02-22,2022-02-22
W001,67090-B42-120,1.0,1,1,2022-02-19,2022-02-19
invalid,33081-VF3-60,1.0,1,1,2022-06-14,2022-06-14
invalid,33081-TD4-85,1.0,1,1,2022-02-15,2022-02-15
invalid,33081-TD4-75,1.0,1,1,2022-01-12,2022-01-12
invalid,33081-QT3-70,1.0,1,1,2022-02-20,2022-02-20
invalid,33081-QT3-50,1.0,1,1,2022-06-12,2022-06-12
invalid,30810-GN1-XL,1.0,1,1,2022-01-17,2022-01-17
invalid,67514-VU6-M,1.0,1,1,2022-06-09,2022-06-09
invalid,67514-SK3-M,1.0,1,1,2022-02-15,2022-02-15
invalid,67513-WX1-XL,1.0,1,1,2022-06-28,2022-06-28
invalid,67513-WT8-L,1.0,1,1,2022-07-18,2022-07-18
invalid,67513-WM4-L,1.0,1,1,2022-06-29,2022-06-29
invalid,67513-SK3-XS,1.0,1,1,2023-02-19,2023-02-19
W001,60356-WV1-150,1.0,1,1,2022-06-17,2022-06-17
W001,60356-WV1-130,1.0,1,1,2022-07-04,2022-07-04
W001,84410-6CG-50,1.0,1,1,2026-04-24,2026-04-24
W001,84410-6CF-70,1.0,1,1,2026-05-12,2026-05-12
W001,84410-6CF-60,1.0,1,1,2026-05-12,2026-05-12
W001,60325-VL8-XXL,1.0,1,1,2022-01-22,2022-01-22
W001,60325-VL8-XL,1.0,1,1,2022-02-09,2022-02-09
W001,60325-VL8-L,1.0,1,1,2022-02-01,2022-02-01
W001,60325-VK5-XXL,1.0,1,1,2022-01-20,2022-01-20
W001,60325-VK5-XL,1.0,1,1,2022-01-12,2022-01-12
W001,60325-VK5-S,1.0,1,1,2022-01-18,2022-01-18
W001,60325-VK5-M,1.0,1,1,2022-02-14,2022-02-14
invalid,67514-WT8-M,1.0,1,1,2022-07-19,2022-07-19
invalid,67514-WT8-L,1.0,1,1,2022-07-01,2022-07-01
invalid,67514-WM4-M,1.0,1,1,2022-07-27,2022-07-27
W001,67092-F04-140,1.0,1,1,2022-02-22,2022-02-22
W001,84418-6CC-NB,1.0,1,1,2026-06-11,2026-06-11
W001,67095-FX9-S,1.0,1,1,2022-02-20,2022-02-20
W001,84408-85H-60,1.0,1,1,2026-04-08,2026-04-08
W001,84408-85H-50,1.0,1,1,2026-04-08,2026-04-08
W001,84408-6ES-50,1.0,1,1,2026-04-09,2026-04-09
invalid,67517-VF2-110,1.0,1,1,2023-06-08,2023-06-08
invalid,67517-413-100,1.0,1,1,2023-06-11,2023-06-11
invalid,67517-241-150,1.0,1,1,2023-05-09,2023-05-09
invalid,67517-1I1-140,1.0,1,1,2024-02-07,2024-02-07
invalid,67515-WS2-XL,1.0,1,1,2022-05-03,2022-05-03
invalid,67514-WX1-S,1.0,1,1,2022-06-23,2022-06-23
invalid,67514-WV2-L,1.0,1,1,2022-06-04,2022-06-04
invalid,67514-WV1-M,1.0,1,1,2023-01-22,2023-01-22
W001,84410-6CF-50,1.0,1,1,2026-05-12,2026-05-12
W001,84410-6CE-80,1.0,1,1,2026-05-07,2026-05-07
W001,84410-6CE-50,1.0,1,1,2026-05-12,2026-05-12
W001,84410-6CG-70,1.0,1,1,2026-04-24,2026-04-24
W001,84410-6CG-60,1.0,1,1,2026-04-24,2026-04-24
W001,84402-6CI-90,1.0,1,1,2026-05-14,2026-05-14
W001,84402-6CI-85,1.0,1,1,2026-05-14,2026-05-14
W001,84402-6CI-75,1.0,1,1,2026-05-14,2026-05-14
W001,84402-6CI-70,1.0,1,1,2026-05-14,2026-05-14
W001,84402-6CI-60,1.0,1,1,2026-05-14,2026-05-14
W001,60325-VK3-L,1.0,1,1,2022-01-04,2022-01-04
W001,60325-VK1-XS,1.0,1,1,2022-01-20,2022-01-20
W001,60325-VJ8-XL,1.0,1,1,2022-01-20,2022-01-20
invalid,67517-VU6-120,1.0,1,1,2022-06-29,2022-06-29
W001,84403-6BS-50,1.0,1,1,2026-05-12,2026-05-12
W001,84403-6CG-50,1.0,1,1,2026-04-09,2026-04-09
W001,84403-6CG-110,1.0,1,1,2026-05-12,2026-05-12
W001,84403-6BU-50,1.0,1,1,2026-04-09,2026-04-09
W001,84403-6CI-80,1.0,1,1,2026-05-12,2026-05-12
W001,84403-6CI-110,1.0,1,1,2026-05-14,2026-05-14
W001,84404-6CC-85,1.0,1,1,2026-05-07,2026-05-07
W001,84399-6CC-75,1.0,1,1,2026-04-11,2026-04-11
W001,84399-6CC-70,1.0,1,1,2026-04-11,2026-04-11
W001,84399-6CC-60,1.0,1,1,2026-04-11,2026-04-11
W001,84398-6BW-90,1.0,1,1,2026-04-08,2026-04-08
W001,84398-6BW-85,1.0,1,1,2026-04-08,2026-04-08
W001,84398-6BW-80,1.0,1,1,2026-04-08,2026-04-08
W001,84398-6BW-110,1.0,1,1,2026-04-08,2026-04-08
W001,84398-6BW-100,1.0,1,1,2026-04-08,2026-04-08
W001,84398-6BV-80,1.0,1,1,2026-04-24,2026-04-24
W001,60325-TN7-XXL,1.0,1,1,2022-01-13,2022-01-13
invalid,67517-WM4-130,1.0,1,1,2022-07-27,2022-07-27
invalid,67517-VU7-110,1.0,1,1,2023-02-16,2023-02-16
W001,84401-6CC-60,1.0,1,1,2026-05-12,2026-05-12
W001,84401-6CC-50,1.0,1,1,2026-05-12,2026-05-12
W001,84401-6BU-50,1.0,1,1,2026-04-08,2026-04-08
W001,84403-6BR-50,1.0,1,1,2026-05-12,2026-05-12
W001,84396-6CD-120,1.0,1,1,2026-05-13,2026-05-13
W001,84396-6CD-110,1.0,1,1,2026-05-13,2026-05-13
W001,60325-Q84-M,1.0,1,1,2022-02-09,2022-02-09
W001,60325-75Z-L,1.0,1,1,2022-02-23,2022-02-23
invalid,67521-EH3-90,1.0,1,1,2022-06-09,2022-06-09
invalid,67520-WC9-140,1.0,1,1,2022-06-14,2022-06-14
invalid,67518-VV8-85,1.0,1,1,2023-01-29,2023-01-29
invalid,67518-VV8-120,1.0,1,1,2022-06-10,2022-06-10
invalid,67518-VU9-130,1.0,1,1,2022-06-09,2022-06-09
W001,84397-6CH-120,1.0,1,1,2026-05-12,2026-05-12
W001,84397-6CD-90,1.0,1,1,2026-04-08,2026-04-08
W001,84397-6CD-85,1.0,1,1,2026-04-08,2026-04-08
W001,84397-6CD-80,1.0,1,1,2026-04-08,2026-04-08
W001,84397-6CD-110,1.0,1,1,2026-04-08,2026-04-08
W001,84397-6CD-100,1.0,1,1,2026-04-08,2026-04-08
W001,84398-6BS-120,1.0,1,1,2026-05-12,2026-05-12
W001,84395-6BT-80,1.0,1,1,2026-05-13,2026-05-13
W001,84395-6BT-120,1.0,1,1,2026-05-13,2026-05-13
W001,84395-6BT-110,1.0,1,1,2026-05-13,2026-05-13
W001,84395-6BT-100,1.0,1,1,2026-05-13,2026-05-13
W001,84395-6BS-80,1.0,1,1,2026-04-08,2026-04-08
invalid,67525-G31-140,1.0,1,1,2022-05-11,2022-05-11
invalid,67523-VZ1-120,1.0,1,1,2022-07-26,2022-07-26
invalid,67523-G31-85,1.0,1,1,2022-11-03,2022-11-03
invalid,67523-C57-85,1.0,1,1,2022-11-03,2022-11-03
invalid,67522-WF3-120,1.0,1,1,2022-04-03,2022-04-03
invalid,67522-1HM-85,1.0,1,1,2024-03-02,2024-03-02
W001,60325-QX6-M,1.0,1,1,2022-01-17,2022-01-17
W001,84396-6CH-80,1.0,1,1,2026-05-12,2026-05-12
W001,84396-6CD-90,1.0,1,1,2026-05-13,2026-05-13
W001,84396-6CD-85,1.0,1,1,2026-05-13,2026-05-13
W001,84396-6CD-80,1.0,1,1,2026-05-13,2026-05-13
W001,67096-FX9-110,1.0,1,1,2022-03-22,2022-03-22
W001,67096-FX9-100,1.0,1,1,2022-01-10,2022-01-10
W001,60312-V98-90,1.0,1,1,2022-02-10,2022-02-10
W001,60312-V98-100,1.0,1,1,2022-01-05,2022-01-05
W001,60312-A91-150,1.0,1,1,2022-01-07,2022-01-07
W001,84394-6CF-NB,1.0,1,1,2026-04-08,2026-04-08
W001,84394-6CF-75,1.0,1,1,2026-04-08,2026-04-08
W001,84394-6CF-70,1.0,1,1,2026-04-08,2026-04-08
W001,84394-6CF-60,1.0,1,1,2026-04-08,2026-04-08
W001,84394-6CF-50,1.0,1,1,2026-04-08,2026-04-08
W001,84394-6CD-75,1.0,1,1,2026-04-08,2026-04-08
W001,84394-6CD-50,1.0,1,1,2026-04-08,2026-04-08
W001,84396-6CD-100,1.0,1,1,2026-05-13,2026-05-13
W001,84395-6BV-120,1.0,1,1,2026-05-13,2026-05-13
W001,84395-6BT-90,1.0,1,1,2026-05-13,2026-05-13
W001,84395-6BT-85,1.0,1,1,2026-05-13,2026-05-13
W001,60312-A79-120,1.0,1,1,2022-02-23,2022-02-23
W001,60312-A79-110,1.0,1,1,2022-01-20,2022-01-20
W001,60284-A91-130,1.0,1,1,2022-02-25,2022-02-25
W001,60284-A91-120,1.0,1,1,2022-02-19,2022-02-19
W001,60284-76X-85,1.0,1,1,2022-02-05,2022-02-05
invalid,67532-C57-130,1.0,1,1,2022-06-06,2022-06-06
invalid,67531-NV2-120,1.0,1,1,2022-07-25,2022-07-25
invalid,67531-NV2-110,1.0,1,1,2022-06-22,2022-06-22
invalid,67531-J81-85,1.0,1,1,2022-05-21,2022-05-21
invalid,67531-10F-85,1.0,1,1,2022-05-29,2022-05-29
W001,67096-FX8-85,1.0,1,1,2022-01-03,2022-01-03
W001,67098-NN9-120,1.0,1,1,2025-01-03,2025-01-03
W001,67098-NN9-100,1.0,1,1,2022-01-18,2022-01-18
W001,67097-VM5-100,1.0,1,1,2022-02-24,2022-02-24
W001,67096-FX9-85,1.0,1,1,2022-01-15,2022-01-15
W001,67096-FX9-130,1.0,1,1,2022-01-11,2022-01-11
W001,67099-FX8-5,1.0,1,1,2022-01-07,2022-01-07
W001,83068-2A2-90,1.0,1,1,2025-09-27,2025-09-27
W001,83068-2A2-85,1.0,1,1,2025-09-27,2025-09-27
W001,83068-2A2-80,1.0,1,1,2025-09-27,2025-09-27
W001,83068-2A2-75,1.0,1,1,2025-09-27,2025-09-27
W001,83068-2A2-50,1.0,1,1,2026-05-27,2026-05-27
W001,83068-2A2-110,1.0,1,1,2025-09-27,2025-09-27
W001,83068-2A2-100,1.0,1,1,2025-09-27,2025-09-27
W001,83013-2WJ-100,1.0,1,1,2024-10-01,2024-10-01
W001,82987-46U-85,1.0,1,1,2025-04-15,2025-04-15
W001,82837-3BS-M,1.0,1,1,2025-04-12,2025-04-12
invalid,67540-VW2-150,1.0,1,1,2022-06-06,2022-06-06
invalid,67537-291-100,1.0,1,1,2023-06-19,2023-06-19
invalid,67536-WQ1-130,1.0,1,1,2022-07-21,2022-07-21
invalid,67535-C57-90,1.0,1,1,2022-05-15,2022-05-15
W001,60312-A79-140,1.0,1,1,2022-02-05,2022-02-05
W001,82777-2KD-120,1.0,1,1,2025-04-12,2025-04-12
W001,82775-GK3-100,1.0,1,1,2025-01-15,2025-01-15
W001,82719-3GZ-140,1.0,1,1,2025-03-23,2025-03-23
W001,82719-39L-100,1.0,1,1,2025-03-22,2025-03-22
W001,82719-1R1-120,1.0,1,1,2025-03-22,2025-03-22
W001,82649-2NU-130,1.0,1,1,2025-03-22,2025-03-22
W001,82646-2KC-110,1.0,1,1,2025-04-13,2025-04-13
W001,82646-1GR-130,1.0,1,1,2025-04-12,2025-04-12
invalid,67545-001-S,1.0,1,1,2022-11-06,2022-11-06
invalid,67541-JG8-130,1.0,1,1,2022-04-23,2022-04-23
W001,82825-36L-XS,1.0,1,1,2025-01-14,2025-01-14
W001,67107-VN3-140,1.0,1,1,2022-01-12,2022-01-12
W001,67101-FX9-XL,1.0,1,1,2022-02-05,2022-02-05
W001,67100-VJ0-100,1.0,1,1,2022-02-01,2022-02-01
W001,67099-FX9-10,1.0,1,1,2022-01-31,2022-01-31
W001,67099-FX8-7,1.0,1,1,2022-01-23,2022-01-23
W001,67109-VN3-XL,1.0,1,1,2022-01-23,2022-01-23
W001,67107-VN4-90,1.0,1,1,2022-03-19,2022-03-19
W001,67107-VN4-150,1.0,1,1,2022-03-19,2022-03-19
W001,67107-VN4-140,1.0,1,1,2022-01-18,2022-01-18
W001,67107-VN3-150,1.0,1,1,2022-01-18,2022-01-18
W001,60008-VJ9-75,1.0,1,1,2022-01-07,2022-01-07
W001,60008-VJ8-75,1.0,1,1,2022-01-12,2022-01-12
W001,60008-VJ8-70,1.0,1,1,2022-01-13,2022-01-13
W001,60008-VJ7-70,1.0,1,1,2022-01-13,2022-01-13
invalid,67547-78M-70,1.0,1,1,2022-06-21,2022-06-21
invalid,67547-78M-60,1.0,1,1,2022-06-18,2022-06-18
invalid,67545-VS7-S,1.0,1,1,2022-05-20,2022-05-20
W001,82788-39H-110,1.0,1,1,2025-03-22,2025-03-22
W001,82780-2KD-100,1.0,1,1,2025-04-12,2025-04-12
W001,82780-1AX-100,1.0,1,1,2025-04-13,2025-04-13
W001,82778-31Y-130,1.0,1,1,2025-03-22,2025-03-22
W001,82598-GG7-150,1.0,1,1,2025-01-14,2025-01-14
W001,82591-32G-85,1.0,1,1,2025-01-16,2025-01-16
W001,82590-36Z-110,1.0,1,1,2025-03-24,2025-03-24
W001,60008-QY4-60,1.0,1,1,2022-01-13,2022-01-13
invalid,67557-237-70,1.0,1,1,2023-05-11,2023-05-11
invalid,67556-NV2-75,1.0,1,1,2022-06-15,2022-06-15
invalid,67556-NV2-70,1.0,1,1,2022-06-15,2022-06-15
invalid,67555-WM6-75,1.0,1,1,2022-02-23,2022-02-23
invalid,67555-PH7-70,1.0,1,1,2022-06-06,2022-06-06
invalid,67555-PH7-50,1.0,1,1,2022-04-18,2022-04-18
invalid,67549-C57-75,1.0,1,1,2022-07-05,2022-07-05
invalid,67548-76X-50,1.0,1,1,2022-07-04,2022-07-04
W001,60008-VK5-60,1.0,1,1,2022-01-10,2022-01-10
W001,82644-32V-140,1.0,1,1,2025-03-22,2025-03-22
W001,82622-36L-100,1.0,1,1,2025-04-15,2025-04-15
W001,82613-1FZ-120,1.0,1,1,2025-03-22,2025-03-22
invalid,67557-PB4-60,1.0,1,1,2022-02-17,2022-02-17
W001,67115-NK7-140,1.0,1,1,2022-01-08,2022-01-08
W001,67115-NK7-130,1.0,1,1,2022-01-10,2022-01-10
invalid,67557-PB4-50,1.0,1,1,2023-01-17,2023-01-17
W001,60008-VJ6-90,1.0,1,1,2022-02-07,2022-02-07
W001,60008-VJ6-85,1.0,1,1,2022-01-07,2022-01-07
W001,60008-VJ5-90,1.0,1,1,2022-02-02,2022-02-02
W001,60008-VJ5-70,1.0,1,1,2022-01-27,2022-01-27
W001,60008-TN9-90,1.0,1,1,2022-01-31,2022-01-31
W001,60008-QY5-50,1.0,1,1,2022-01-03,2022-01-03
W001,60008-QY4-90,1.0,1,1,2022-01-12,2022-01-12
W001,82585-3ND-NB,1.0,1,1,2025-08-14,2025-08-14
W001,82585-3NE-90,1.0,1,1,2025-08-01,2025-08-01
W001,82585-3NE-85,1.0,1,1,2025-08-01,2025-08-01
W001,82586-06G-NB,1.0,1,1,2026-01-23,2026-01-23
W001,82611-2OT-85,1.0,1,1,2025-01-14,2025-01-14
W001,82572-3DY-110,1.0,1,1,2025-01-14,2025-01-14
W001,67113-VN5-90,1.0,1,1,2022-01-11,2022-01-11
W001,67113-VN5-150,1.0,1,1,2022-01-13,2022-01-13
W001,67113-VN5-140,1.0,1,1,2022-02-20,2022-02-20
W001,67113-VN5-100,1.0,1,1,2022-01-06,2022-01-06
W001,82585-3AZ-NB,1.0,1,1,2024-12-09,2024-12-09
W001,60008-QX6-50,1.0,1,1,2024-10-10,2024-10-10
W001,59957-BX0-90,1.0,1,1,2022-02-17,2022-02-17
W001,59956-82F-80,1.0,1,1,2022-05-23,2022-05-23
W001,59956-82F-150,1.0,1,1,2022-01-03,2022-01-03
W001,59956-82F-110,1.0,1,1,2022-02-17,2022-02-17
invalid,67557-WV2-80,1.0,1,1,2022-06-04,2022-06-04
invalid,67557-WV2-60,1.0,1,1,2022-06-28,2022-06-28
invalid,67557-WT8-85,1.0,1,1,2022-07-22,2022-07-22
invalid,67557-VU6-80,1.0,1,1,2022-06-12,2022-06-12
invalid,67557-PB4-90,1.0,1,1,2022-07-02,2022-07-02
W001,82561-3BG-130,1.0,1,1,2025-10-29,2025-10-29
W001,82561-3BG-120,1.0,1,1,2025-03-03,2025-03-03
W001,82561-3BE-90,1.0,1,1,2025-02-06,2025-02-06
W001,82561-3BE-85,1.0,1,1,2025-02-06,2025-02-06
W001,82561-3BE-80,1.0,1,1,2025-02-06,2025-02-06
invalid,67562-SR4-110,1.0,1,1,2022-07-01,2022-07-01
W001,60008-QX6-60,1.0,1,1,2022-02-20,2022-02-20
W001,67116-FF5-120,1.0,1,1,2022-02-07,2022-02-07
W001,82562-3BE-85,1.0,1,1,2024-10-03,2024-10-03
W001,67117-NK7-90,1.0,1,1,2022-01-12,2022-01-12
W001,67117-NK7-85,1.0,1,1,2022-01-02,2022-01-02
W001,67117-DW1-120,1.0,1,1,2022-02-01,2022-02-01
W001,67116-FF5-150,1.0,1,1,2022-01-11,2022-01-11
W001,82572-2NB-110,1.0,1,1,2025-01-14,2025-01-14
W001,82569-32V-75,1.0,1,1,2025-01-16,2025-01-16
W001,82569-1FS-75,1.0,1,1,2025-01-16,2025-01-16
W001,82561-3BE-70,1.0,1,1,2025-02-06,2025-02-06
W001,82561-3BE-120,1.0,1,1,2025-02-06,2025-02-06
W001,82561-3BE-110,1.0,1,1,2025-02-06,2025-02-06
W001,82561-3BE-100,1.0,1,1,2025-02-06,2025-02-06
W001,82561-3B3-110,1.0,1,1,2025-03-03,2025-03-03
W001,82561-3AT-90,1.0,1,1,2025-05-01,2025-05-01
W001,82561-3AT-85,1.0,1,1,2025-05-01,2025-05-01
W001,82561-3AT-80,1.0,1,1,2025-05-01,2025-05-01
invalid,67566-WR6-130,1.0,1,1,2022-05-16,2022-05-16
invalid,67566-WR6-120,1.0,1,1,2022-06-14,2022-06-14
invalid,67565-VK3-140,1.0,1,1,2023-01-26,2023-01-26
invalid,67563-VZ1-100,1.0,1,1,2022-07-21,2022-07-21
W001,82561-3BG-90,1.0,1,1,2025-03-03,2025-03-03
W001,82561-3BG-80,1.0,1,1,2025-03-03,2025-03-03
W001,82561-3BG-75,1.0,1,1,2025-03-03,2025-03-03
W001,82561-3BG-70,1.0,1,1,2025-03-03,2025-03-03
W001,67121-PT0-L,1.0,1,1,2022-01-16,2022-01-16
W001,67120-PT0-XS,1.0,1,1,2022-01-12,2022-01-12
invalid,67582-WS8-120,1.0,1,1,2022-06-02,2022-06-02
invalid,67576-WD9-90,1.0,1,1,2022-06-14,2022-06-14
invalid,67576-WD9-100,1.0,1,1,2022-06-22,2022-06-22
invalid,67576-WB4-90,1.0,1,1,2022-07-25,2022-07-25
invalid,67576-WB3-90,1.0,1,1,2022-06-04,2022-06-04
invalid,67576-WB3-85,1.0,1,1,2022-06-15,2022-06-15
invalid,67575-SR4-120,1.0,1,1,2022-05-29,2022-05-29
W001,59852-VL9-90,1.0,1,1,2022-02-22,2022-02-22
W001,82553-2KZ-120,1.0,1,1,2025-04-12,2025-04-12
W001,82503-2KN-100,1.0,1,1,2025-01-24,2025-01-24
W001,82561-3AT-75,1.0,1,1,2025-05-01,2025-05-01
W001,82561-3AT-70,1.0,1,1,2025-05-01,2025-05-01
W001,82560-3BK-85,1.0,1,1,2025-10-01,2025-10-01
W001,82561-3BE-75,1.0,1,1,2025-02-06,2025-02-06
W001,67125-QR7-XL,1.0,1,1,2022-02-25,2022-02-25
W001,67124-QR7-L,1.0,1,1,2022-02-01,2022-02-01
W001,59852-VK6-100,1.0,1,1,2022-02-27,2022-02-27
W001,59852-VK4-90,1.0,1,1,2022-02-10,2022-02-10
W001,82490-3AG-80,1.0,1,1,2025-08-23,2025-08-23
W001,82490-3AG-50,1.0,1,1,2025-08-23,2025-08-23
W001,82490-3AE-50,1.0,1,1,2025-06-10,2025-06-10
W001,82489-3NC-NB,1.0,1,1,2026-02-28,2026-02-28
W001,82489-3NC-75,1.0,1,1,2026-02-28,2026-02-28
W001,67126-QR7-M,1.0,1,1,2022-02-13,2022-02-13
W001,82490-3MX-50,1.0,1,1,2025-08-23,2025-08-23
W001,67119-PT0-M,1.0,1,1,2022-01-15,2022-01-15
W001,82492-3BC-L,1.0,1,1,2025-08-14,2025-08-14
W001,82492-3BH-L,1.0,1,1,2025-08-14,2025-08-14
W001,67122-PT0-150,1.0,1,1,2022-02-13,2022-02-13
W001,67122-PT0-130,1.0,1,1,2022-01-24,2022-01-24
W001,82487-3NF-75,1.0,1,1,2026-02-06,2026-02-06
W001,82487-3NF-120,1.0,1,1,2026-02-06,2026-02-06
W001,82487-3NF-110,1.0,1,1,2026-02-06,2026-02-06
W001,82487-3NF-100,1.0,1,1,2026-02-06,2026-02-06
invalid,67591-SJ7-110,1.0,1,1,2022-06-04,2022-06-04
W001,82487-3NF-90,1.0,1,1,2026-02-06,2026-02-06
W001,82487-3NF-85,1.0,1,1,2026-02-06,2026-02-06
W001,82487-3NF-80,1.0,1,1,2026-02-06,2026-02-06
W001,67131-TS1-M,1.0,1,1,2022-01-03,2022-01-03
W001,67131-TS1-L,1.0,1,1,2022-01-14,2022-01-14
W001,67131-022-M,1.0,1,1,2024-10-09,2024-10-09
W001,67129-TS1-S,1.0,1,1,2022-01-24,2022-01-24
W001,67127-QR7-XL,1.0,1,1,2022-02-21,2022-02-21
W001,67126-QR7-XS,1.0,1,1,2022-02-27,2022-02-27
W001,82489-3MX-NB,1.0,1,1,2026-02-28,2026-02-28
W001,82489-3MX-75,1.0,1,1,2026-06-10,2026-06-10
W001,82486-3NF-85,1.0,1,1,2025-09-30,2025-09-30
W001,82486-3NF-120,1.0,1,1,2025-09-30,2025-09-30
W001,82486-3NF-110,1.0,1,1,2025-09-30,2025-09-30
W001,82486-3NF-100,1.0,1,1,2025-09-30,2025-09-30
W001,59852-VJ8-140,1.0,1,1,2022-01-02,2022-01-02
invalid,67597-WS3-140,1.0,1,1,2022-06-06,2022-06-06
invalid,67594-AT3-130,1.0,1,1,2022-06-04,2022-06-04
invalid,67593-PF4-110,1.0,1,1,2022-07-15,2022-07-15
W001,82487-3BC-130,1.0,1,1,2026-02-05,2026-02-05
W001,82487-3BC-120,1.0,1,1,2026-02-05,2026-02-05
W001,82487-3AZ-90,1.0,1,1,2026-02-06,2026-02-06
W001,82487-3AZ-85,1.0,1,1,2026-02-06,2026-02-06
W001,82487-3AZ-80,1.0,1,1,2026-02-06,2026-02-06
W001,82487-3BJ-130,1.0,1,1,2024-10-14,2024-10-14
W001,82487-3BH-130,1.0,1,1,2026-05-08,2026-05-08
W001,82487-3BC-80,1.0,1,1,2025-02-18,2025-02-18
W001,82486-3AZ-75,1.0,1,1,2025-11-21,2025-11-21
W001,82486-3AZ-130,1.0,1,1,2025-10-29,2025-10-29
W001,82486-3AV-85,1.0,1,1,2025-08-28,2025-08-28
W001,82486-3AV-80,1.0,1,1,2025-02-05,2025-02-05
invalid,67606-PH1-L,1.0,1,1,2022-07-25,2022-07-25
invalid,67604-WS5-120,1.0,1,1,2022-06-23,2022-06-23
W001,59852-VK2-140,1.0,1,1,2022-02-08,2022-02-08
W001,59852-VK2-120,1.0,1,1,2022-01-20,2022-01-20
W001,59852-VK1-85,1.0,1,1,2022-02-19,2022-02-19
W001,82486-3ND-75,1.0,1,1,2025-05-01,2025-05-01
W001,82486-3ND-70,1.0,1,1,2025-05-01,2025-05-01
W001,82487-3AZ-75,1.0,1,1,2026-02-06,2026-02-06
W001,82487-3AZ-120,1.0,1,1,2026-02-06,2026-02-06
W001,82487-3AZ-110,1.0,1,1,2026-02-06,2026-02-06
W001,82487-3AZ-100,1.0,1,1,2026-02-06,2026-02-06
W001,82486-3NF-90,1.0,1,1,2025-09-30,2025-09-30
W001,67133-TR8-L,1.0,1,1,2022-01-21,2022-01-21
W001,67132-TS1-XL,1.0,1,1,2022-01-03,2022-01-03
W001,82485-3BA-90,1.0,1,1,2024-12-10,2024-12-10
invalid,67607-PH1-XS,1.0,1,1,2022-07-10,2022-07-10
W001,59852-VJ8-130,1.0,1,1,2022-03-02,2022-03-02
W001,59852-VJ7-150,1.0,1,1,2022-01-16,2022-01-16
invalid,67606-PH1-S,1.0,1,1,2022-07-25,2022-07-25
W001,82485-3BJ-90,1.0,1,1,2024-10-08,2024-10-08
W001,82485-3BC-85,1.0,1,1,2026-06-18,2026-06-18
W001,67136-TR8-XXL,1.0,1,1,2022-01-11,2022-01-11
W001,82486-3AV-75,1.0,1,1,2025-02-05,2025-02-05
W001,82486-3AV-70,1.0,1,1,2025-02-05,2025-02-05
W001,82486-3AV-130,1.0,1,1,2025-08-28,2025-08-28
W001,82485-3NF-75,1.0,1,1,2025-09-18,2025-09-18
W001,82486-3AZ-85,1.0,1,1,2025-11-21,2025-11-21
W001,82486-3AZ-80,1.0,1,1,2025-11-21,2025-11-21
W001,67144-RS8-60,1.0,1,1,2022-01-18,2022-01-18
W001,67143-RS8-90,1.0,1,1,2022-01-20,2022-01-20
W001,67143-RS8-85,1.0,1,1,2022-02-23,2022-02-23
W001,67142-RS8-80,1.0,1,1,2022-01-27,2022-01-27
W001,67138-AT2-120,1.0,1,1,2022-02-25,2022-02-25
W001,59852-TQ7-140,1.0,1,1,2022-01-18,2022-01-18
invalid,67613-RR5-85,1.0,1,1,2022-06-27,2022-06-27
invalid,67612-RR5-150,1.0,1,1,2022-08-21,2022-08-21
invalid,67609-PH1-90,1.0,1,1,2022-07-01,2022-07-01
invalid,67609-PH1-70,1.0,1,1,2022-07-26,2022-07-26
W001,82484-4RM-90,1.0,1,1,2025-10-01,2025-10-01
W001,67136-TR8-XS,1.0,1,1,2022-01-12,2022-01-12
W001,67135-TR8-M,1.0,1,1,2022-02-09,2022-02-09
W001,67134-TR8-XS,1.0,1,1,2022-02-26,2022-02-26
W001,67134-TR8-XL,1.0,1,1,2022-02-23,2022-02-23
W001,67134-TR8-S,1.0,1,1,2022-01-19,2022-01-19
W001,82484-3BI-90,1.0,1,1,2026-06-18,2026-06-18
W001,82484-3AH-90,1.0,1,1,2025-03-28,2025-03-28
W001,67155-RS8-75,1.0,1,1,2022-02-09,2022-02-09
W001,67155-RS8-70,1.0,1,1,2022-01-11,2022-01-11
W001,67155-RS8-60,1.0,1,1,2022-01-26,2022-01-26
invalid,67679-015-120,1.0,1,1,2022-06-05,2022-06-05
invalid,67633-AV3-90,1.0,1,1,2022-07-02,2022-07-02
invalid,67631-WX3-M,1.0,1,1,2022-05-06,2022-05-06
invalid,67631-WW6-M,1.0,1,1,2022-07-11,2022-07-11
invalid,67631-WV1-L,1.0,1,1,2022-04-26,2022-04-26
invalid,67626-85H-140,1.0,1,1,2022-06-12,2022-06-12
invalid,67626-85H-120,1.0,1,1,2022-07-14,2022-07-14
W001,59852-TQ7-85,1.0,1,1,2022-02-01,2022-02-01
W001,67137-DU6-90,1.0,1,1,2022-01-14,2022-01-14
W001,82484-3N3-90,1.0,1,1,2026-03-12,2026-03-12
W001,82484-3MZ-90,1.0,1,1,2025-04-25,2025-04-25
invalid,67683-WY2-120,1.0,1,1,2022-07-02,2022-07-02
invalid,67683-WX3-150,1.0,1,1,2022-07-08,2022-07-08
invalid,67681-NU7-150,1.0,1,1,2022-06-05,2022-06-05
invalid,67681-NU7-140,1.0,1,1,2022-06-04,2022-06-04
invalid,67681-78M-150,1.0,1,1,2022-06-05,2022-06-05
W001,59852-TN9-150,1.0,1,1,2022-01-11,2022-01-11
W001,59852-TN9-130,1.0,1,1,2022-01-06,2022-01-06
W001,59852-QY5-140,1.0,1,1,2022-01-11,2022-01-11
W001,59852-QY5-130,1.0,1,1,2022-01-11,2022-01-11
invalid,67681-70D-110,1.0,1,1,2022-06-28,2022-06-28
invalid,67679-015-130,1.0,1,1,2022-06-03,2022-06-03
W001,67154-VH5-90,1.0,1,1,2022-01-31,2022-01-31
W001,67154-VH5-140,1.0,1,1,2022-02-02,2022-02-02
W001,67154-VH5-130,1.0,1,1,2022-01-18,2022-01-18
W001,67153-NK7-150,1.0,1,1,2022-01-03,2022-01-03
W001,67153-NK7-140,1.0,1,1,2022-01-09,2022-01-09
W001,82483-3MX-110,1.0,1,1,2026-04-24,2026-04-24
W001,82484-3AC-90,1.0,1,1,2025-03-28,2025-03-28
W001,67157-HI2-140,1.0,1,1,2022-02-20,2022-02-20
W001,67157-HI2-100,1.0,1,1,2022-02-11,2022-02-11
W001,67157-82F-150,1.0,1,1,2022-03-05,2022-03-05
W001,67157-82F-120,1.0,1,1,2022-02-28,2022-02-28
W001,67157-75M-85,1.0,1,1,2022-02-01,2022-02-01
W001,67157-75M-150,1.0,1,1,2022-02-23,2022-02-23
W001,67157-75M-120,1.0,1,1,2022-02-23,2022-02-23
W001,67157-75M-100,1.0,1,1,2022-01-21,2022-01-21
W001,59852-2FV-130,1.0,1,1,2025-01-14,2025-01-14
W001,59852-2CH-85,1.0,1,1,2024-12-10,2024-12-10
W001,59846-RC9-S,1.0,1,1,2022-02-23,2022-02-23
W001,59845-VP1-XXL,1.0,1,1,2022-01-13,2022-01-13
invalid,67685-WL5-90,1.0,1,1,2022-06-12,2022-06-12
invalid,67685-WL5-140,1.0,1,1,2022-06-29,2022-06-29
W001,82483-3AE-70,1.0,1,1,2025-04-24,2025-04-24
W001,82483-3AE-130,1.0,1,1,2025-02-12,2025-02-12
invalid,67692-WK9-130,1.0,1,1,2022-07-20,2022-07-20
invalid,67692-WF3-140,1.0,1,1,2022-08-10,2022-08-10
invalid,67691-SR4-100,1.0,1,1,2022-05-25,2022-05-25
invalid,67691-HI2-140,1.0,1,1,2022-05-15,2022-05-15
invalid,67687-G31-110,1.0,1,1,2022-06-07,2022-06-07
invalid,67686-WY4-130,1.0,1,1,2022-06-05,2022-06-05
W001,82483-3AH-70,1.0,1,1,2025-02-06,2025-02-06
W001,82483-3AE-85,1.0,1,1,2026-02-25,2026-02-25
W001,82483-3AJ-80,1.0,1,1,2025-06-19,2025-06-19
W001,82483-3AJ-75,1.0,1,1,2025-06-19,2025-06-19
W001,82483-3AJ-70,1.0,1,1,2025-06-19,2025-06-19
W001,82483-3N3-130,1.0,1,1,2025-05-20,2025-05-20
W001,82483-3N3-120,1.0,1,1,2025-05-20,2025-05-20
W001,82483-3N3-110,1.0,1,1,2025-05-20,2025-05-20
W001,82481-3AQ-50,1.0,1,1,2025-08-14,2025-08-14
W001,67158-HI2-120,1.0,1,1,2022-02-11,2022-02-11
W001,67158-HI2-100,1.0,1,1,2022-02-10,2022-02-10
W001,67158-76X-90,1.0,1,1,2022-01-30,2022-01-30
W001,67158-76X-85,1.0,1,1,2022-01-21,2022-01-21
W001,67158-76X-130,1.0,1,1,2022-01-17,2022-01-17
W001,67158-75M-130,1.0,1,1,2022-01-21,2022-01-21
W001,59845-VK5-XXL,1.0,1,1,2022-02-14,2022-02-14
W001,59845-VK1-XXL,1.0,1,1,2022-03-02,2022-03-02
W001,59845-VK1-L,1.0,1,1,2022-02-20,2022-02-20
W001,59845-VJ9-XS,1.0,1,1,2022-01-06,2022-01-06
W001,82482-3MX-70,1.0,1,1,2026-02-12,2026-02-12
W001,82482-3N3-70,1.0,1,1,2025-11-21,2025-11-21
W001,82482-3N3-130,1.0,1,1,2025-08-01,2025-08-01
W001,82482-4RM-70,1.0,1,1,2025-09-30,2025-09-30
W001,82482-3NC-80,1.0,1,1,2025-07-31,2025-07-31
W001,67159-76X-90,1.0,1,1,2022-01-26,2022-01-26
W001,82477-3NA-80,1.0,1,1,2025-06-19,2025-06-19
W001,82477-3NA-75,1.0,1,1,2025-06-19,2025-06-19
invalid,67707-SM6-100,1.0,1,1,2022-05-19,2022-05-19
W001,59845-VJ6-XXL,1.0,1,1,2022-02-17,2022-02-17
W001,59845-VJ5-S,1.0,1,1,2022-02-25,2022-02-25
W001,82478-3AQ-90,1.0,1,1,2026-05-28,2026-05-28
W001,82478-3AK-90,1.0,1,1,2025-03-28,2025-03-28
W001,67158-HI2-90,1.0,1,1,2022-02-14,2022-02-14
W001,67158-HI2-150,1.0,1,1,2022-02-21,2022-02-21
W001,82478-3NA-85,1.0,1,1,2025-04-25,2025-04-25
W001,82478-3MY-90,1.0,1,1,2026-05-28,2026-05-28
W001,67159-76X-130,1.0,1,1,2022-02-21,2022-02-21
W001,82479-3MY-NB,1.0,1,1,2025-08-14,2025-08-14
W001,82480-3AP-XS,1.0,1,1,2024-10-08,2024-10-08
W001,82481-3AQ-60,1.0,1,1,2025-08-14,2025-08-14
W001,82477-3AP-70,1.0,1,1,2025-02-06,2025-02-06
W001,82477-3NA-70,1.0,1,1,2025-06-19,2025-06-19
W001,82477-3MY-120,1.0,1,1,2025-05-01,2025-05-01
W001,59845-QY5-L,1.0,1,1,2022-01-22,2022-01-22
invalid,67711-WV7-90,1.0,1,1,2022-06-22,2022-06-22
invalid,67711-WV7-85,1.0,1,1,2022-06-24,2022-06-24
invalid,67711-WV4-70,1.0,1,1,2022-06-25,2022-06-25
invalid,67711-VZ2-70,1.0,1,1,2022-06-25,2022-06-25
invalid,67711-VZ2-60,1.0,1,1,2022-06-10,2022-06-10
invalid,67711-SR4-90,1.0,1,1,2022-06-27,2022-06-27
invalid,67710-WV7-75,1.0,1,1,2022-05-14,2022-05-14
invalid,67710-WV7-50,1.0,1,1,2022-06-04,2022-06-04
invalid,67710-VU6-75,1.0,1,1,2022-06-24,2022-06-24
invalid,67707-SM6-110,1.0,1,1,2022-06-16,2022-06-16
W001,67159-JB3-100,1.0,1,1,2022-01-14,2022-01-14
W001,67159-HI2-100,1.0,1,1,2022-02-27,2022-02-27
W001,67160-VM0-M,1.0,1,1,2022-01-12,2022-01-12
W001,67162-NN9-90,1.0,1,1,2022-02-01,2022-02-01
W001,67161-GD6-85,1.0,1,1,2022-01-03,2022-01-03
W001,67161-GD4-150,1.0,1,1,2022-03-20,2022-03-20
invalid,67751-AV3-75,1.0,1,1,2022-06-25,2022-06-25
invalid,67751-AV3-70,1.0,1,1,2022-06-18,2022-06-18
invalid,67745-WX4-70,1.0,1,1,2022-06-23,2022-06-23
invalid,67745-WU4-60,1.0,1,1,2022-06-30,2022-06-30
invalid,67742-WX6-75,1.0,1,1,2022-07-13,2022-07-13
invalid,67722-WZ1-60,1.0,1,1,2022-07-22,2022-07-22
W001,59845-TN7-L,1.0,1,1,2022-01-03,2022-01-03
W001,82477-3AK-70,1.0,1,1,2025-05-01,2025-05-01
W001,82477-3AL-130,1.0,1,1,2024-10-14,2024-10-14
W001,82477-3AK-75,1.0,1,1,2025-05-01,2025-05-01
W001,82477-3AQ-80,1.0,1,1,2025-02-03,2025-02-03
W001,82477-3AQ-75,1.0,1,1,2025-02-03,2025-02-03
W001,82406-2GV-100,1.0,1,1,2024-12-27,2024-12-27
W001,82403-2IO-XL,1.0,1,1,2025-01-15,2025-01-15
invalid,67765-WX6-70,1.0,1,1,2022-09-11,2022-09-11
invalid,67762-VU6-90,1.0,1,1,2022-07-07,2022-07-07
invalid,67759-WZ1-75,1.0,1,1,2022-06-07,2022-06-07
invalid,67759-WV1-80,1.0,1,1,2022-06-10,2022-06-10
invalid,67759-WV1-50,1.0,1,1,2022-06-20,2022-06-20
invalid,67759-WU4-75,1.0,1,1,2022-06-24,2022-06-24
invalid,67759-WU4-60,1.0,1,1,2022-06-29,2022-06-29
invalid,67755-WV4-70,1.0,1,1,2022-07-27,2022-07-27
invalid,67755-WV4-60,1.0,1,1,2022-06-07,2022-06-07
invalid,67751-WX3-90,1.0,1,1,2022-06-21,2022-06-21
invalid,67751-WX3-75,1.0,1,1,2022-06-04,2022-06-04
invalid,67751-WX3-70,1.0,1,1,2022-05-29,2022-05-29
invalid,67751-WV1-80,1.0,1,1,2022-07-05,2022-07-05
W001,67160-VM0-XL,1.0,1,1,2022-02-22,2022-02-22
invalid,67770-78M-60,1.0,1,1,2022-06-28,2022-06-28
invalid,67767-WZ1-80,1.0,1,1,2022-06-16,2022-06-16
invalid,67767-WZ1-60,1.0,1,1,2022-07-25,2022-07-25
invalid,67767-WW6-85,1.0,1,1,2022-07-01,2022-07-01
invalid,67767-WW6-75,1.0,1,1,2022-07-01,2022-07-01
W001,59827-GF2-85,1.0,1,1,2022-01-17,2022-01-17
W001,59827-B42-90,1.0,1,1,2022-01-23,2022-01-23
W001,59827-B42-85,1.0,1,1,2022-02-28,2022-02-28
W001,59827-B42-150,1.0,1,1,2022-01-24,2022-01-24
W001,82397-2GP-90,1.0,1,1,2024-10-02,2024-10-02
W001,82394-2EL-150,1.0,1,1,2024-10-05,2024-10-05
W001,82394-2EL-140,1.0,1,1,2024-10-05,2024-10-05
W001,82393-2GP-90,1.0,1,1,2024-10-06,2024-10-06
W001,67166-SR4-110,1.0,1,1,2022-01-11,2022-01-11
W001,67164-SR4-130,1.0,1,1,2022-01-12,2022-01-12
W001,67164-J81-140,1.0,1,1,2022-01-25,2022-01-25
W001,67163-kl9-100,1.0,1,1,2022-01-27,2022-01-27
W001,82336-2XC-85,1.0,1,1,2024-10-05,2024-10-05
W001,82319-2FH-90,1.0,1,1,2024-10-01,2024-10-01
W001,82313-727-L,1.0,1,1,2024-09-30,2024-09-30
W001,82293-2JH-130,1.0,1,1,2024-10-09,2024-10-09
W001,82285-2CH-90,1.0,1,1,2024-10-09,2024-10-09
W001,82281-38T-80,1.0,1,1,2024-10-01,2024-10-01
W001,82278-2EI-80,1.0,1,1,2024-11-02,2024-11-02
W001,59818-C57-150,1.0,1,1,2022-02-05,2022-02-05
invalid,67784-SR4-50,1.0,1,1,2022-06-24,2022-06-24
invalid,67784-001-85,1.0,1,1,2022-06-28,2022-06-28
invalid,67773-WX3-70,1.0,1,1,2022-07-26,2022-07-26
invalid,67773-WV1-90,1.0,1,1,2022-07-25,2022-07-25
invalid,67773-WV1-50,1.0,1,1,2022-07-22,2022-07-22
invalid,67773-WU4-90,1.0,1,1,2022-07-22,2022-07-22
invalid,67773-WU4-70,1.0,1,1,2022-08-24,2022-08-24
invalid,67791-WV5-85,1.0,1,1,2022-06-09,2022-06-09
invalid,67791-WV1-85,1.0,1,1,2022-07-28,2022-07-28
invalid,67791-WV1-80,1.0,1,1,2022-07-11,2022-07-11
invalid,67791-WT7-60,1.0,1,1,2022-06-09,2022-06-09
invalid,67788-WW6-80,1.0,1,1,2022-07-27,2022-07-27
invalid,67788-WW6-70,1.0,1,1,2022-08-01,2022-08-01
invalid,67788-WU4-80,1.0,1,1,2022-07-02,2022-07-02
invalid,67788-WU4-60,1.0,1,1,2022-06-10,2022-06-10
W001,59818-HI7-130,1.0,1,1,2022-01-31,2022-01-31
W001,59818-HI7-100,1.0,1,1,2022-01-31,2022-01-31
W001,59818-GF2-150,1.0,1,1,2022-01-13,2022-01-13
W001,59818-GF2-120,1.0,1,1,2022-01-24,2022-01-24
W001,59818-C57-85,1.0,1,1,2022-01-16,2022-01-16
W001,67164-J81-130,1.0,1,1,2022-02-02,2022-02-02
W001,67164-J81-120,1.0,1,1,2022-01-12,2022-01-12
W001,67164-J81-110,1.0,1,1,2022-01-07,2022-01-07
W001,67167-VD8-120,1.0,1,1,2022-01-20,2022-01-20
W001,67167-VD8-100,1.0,1,1,2022-01-27,2022-01-27
W001,67167-M23-85,1.0,1,1,2022-01-20,2022-01-20
W001,67167-M23-140,1.0,1,1,2022-01-02,2022-01-02
W001,67167-GF2-90,1.0,1,1,2022-01-16,2022-01-16
W001,67167-GF2-100,1.0,1,1,2022-01-31,2022-01-31
invalid,67848-A38-90,1.0,1,1,2023-08-25,2023-08-25
invalid,67845-Y70-110,1.0,1,1,2022-07-30,2022-07-30
invalid,67845-DK4-120,1.0,1,1,2022-07-01,2022-07-01
invalid,67842-C20-140,1.0,1,1,2022-08-21,2022-08-21
invalid,67798-VX9-90,1.0,1,1,2022-07-23,2022-07-23
invalid,67798-VX9-80,1.0,1,1,2022-07-22,2022-07-22
invalid,67798-G31-60,1.0,1,1,2022-07-07,2022-07-07
invalid,67798-78M-90,1.0,1,1,2022-07-28,2022-07-28
invalid,67798-76X-90,1.0,1,1,2022-07-24,2022-07-24
invalid,67791-WX9-75,1.0,1,1,2022-06-27,2022-06-27
W001,82240-1GF-110,1.0,1,1,2024-10-03,2024-10-03
W001,82239-30Q-110,1.0,1,1,2024-10-01,2024-10-01
W001,82239-30Q-100,1.0,1,1,2024-10-01,2024-10-01
W001,82239-30P-140,1.0,1,1,2024-10-01,2024-10-01
invalid,67851-VU6-120,1.0,1,1,2022-06-18,2022-06-18
invalid,67849-VX9-100,1.0,1,1,2022-06-28,2022-06-28
invalid,67849-38T-130,1.0,1,1,2022-07-11,2022-07-11
invalid,67849-38T-120,1.0,1,1,2022-07-08,2022-07-08
invalid,67848-VX9-140,1.0,1,1,2022-06-29,2022-06-29
invalid,67848-NV2-90,1.0,1,1,2022-06-29,2022-06-29
invalid,67848-NV2-130,1.0,1,1,2022-06-26,2022-06-26
invalid,67848-G31-85,1.0,1,1,2023-09-15,2023-09-15
W001,82275-2KB-90,1.0,1,1,2024-09-30,2024-09-30
W001,82275-2JE-60,1.0,1,1,2024-10-09,2024-10-09
W001,82268-76X-60,1.0,1,1,2024-10-01,2024-10-01
W001,82266-1SP-75,1.0,1,1,2024-10-05,2024-10-05
W001,59580-A96-85,1.0,1,1,2022-03-04,2022-03-04
W001,59580-A96-130,1.0,1,1,2022-01-07,2022-01-07
invalid,67853-WX2-130,1.0,1,1,2022-06-21,2022-06-21
invalid,67853-WW6-110,1.0,1,1,2022-06-05,2022-06-05
invalid,67853-424-150,1.0,1,1,2023-06-15,2023-06-15
W001,59818-C57-100,1.0,1,1,2022-01-31,2022-01-31
W001,59818-B42-85,1.0,1,1,2022-01-21,2022-01-21
W001,67166-SR4-90,1.0,1,1,2022-02-20,2022-02-20
W001,67166-SR4-140,1.0,1,1,2022-01-16,2022-01-16
W001,67166-SR4-130,1.0,1,1,2022-02-24,2022-02-24
W001,82258-1GP-120,1.0,1,1,2024-10-10,2024-10-10
W001,82246-30K-150,1.0,1,1,2024-10-05,2024-10-05
W001,82244-31N-90,1.0,1,1,2024-10-09,2024-10-09
W001,82244-2GW-100,1.0,1,1,2024-10-10,2024-10-10
W001,82241-03T-130,1.0,1,1,2024-10-01,2024-10-01
W001,82240-1GP-140,1.0,1,1,2024-10-01,2024-10-01
W001,82221-2FK-85,1.0,1,1,2024-11-08,2024-11-08
W001,82204-715-90,1.0,1,1,2024-12-12,2024-12-12
W001,82204-2HP-85,1.0,1,1,2024-10-02,2024-10-02
W001,82204-2FT-100,1.0,1,1,2024-10-08,2024-10-08
W001,82195-2HK-150,1.0,1,1,2024-10-01,2024-10-01
W001,82187-QX6-M,1.0,1,1,2024-11-12,2024-11-12
W001,82187-75Z-S,1.0,1,1,2024-11-07,2024-11-07
W001,82183-SR4-130,1.0,1,1,2024-10-05,2024-10-05
W001,82183-SR4-120,1.0,1,1,2024-10-05,2024-10-05
W001,82183-SR4-110,1.0,1,1,2024-10-05,2024-10-05
W001,82183-2IF-130,1.0,1,1,2024-10-05,2024-10-05
W001,59781-GF2-140,1.0,1,1,2022-01-04,2022-01-04
W001,59781-GF2-110,1.0,1,1,2022-01-02,2022-01-02
W001,59729-A91-50,1.0,1,1,2022-07-05,2022-07-05
W001,59729-76X-80,1.0,1,1,2022-01-12,2022-01-12
W001,59729-76X-70,1.0,1,1,2022-01-17,2022-01-17
W001,82143-2WL-90,1.0,1,1,2025-03-11,2025-03-11
W001,82143-2WL-85,1.0,1,1,2025-03-12,2025-03-12
W001,82143-2WL-100,1.0,1,1,2025-03-11,2025-03-11
W001,82129-2VC-80,1.0,1,1,2025-01-10,2025-01-10
W001,82110-2UO-90,1.0,1,1,2024-10-05,2024-10-05
W001,82083-NN9-85,1.0,1,1,2024-12-27,2024-12-27
W001,82070-022-S,1.0,1,1,2024-10-10,2024-10-10
W001,58712-TS3-110,1.0,1,1,2022-02-01,2022-02-01
invalid,67854-VX9-90,1.0,1,1,2022-03-29,2022-03-29
invalid,67854-NV2-140,1.0,1,1,2022-07-30,2022-07-30
invalid,67854-NV2-130,1.0,1,1,2022-07-19,2022-07-19
invalid,67854-NV2-110,1.0,1,1,2022-07-04,2022-07-04
invalid,67854-G31-90,1.0,1,1,2022-06-02,2022-06-02
W001,82234-2EL-85,1.0,1,1,2024-09-30,2024-09-30
W001,82227-RS8-60,1.0,1,1,2025-01-04,2025-01-04
W001,82223-2A2-90,1.0,1,1,2024-10-10,2024-10-10
W001,67171-990-140,1.0,1,1,2022-01-13,2022-01-13
W001,67170-990-140,1.0,1,1,2022-01-03,2022-01-03
W001,67170-990-120,1.0,1,1,2022-02-21,2022-02-21
invalid,67857-WU4-90,1.0,1,1,2022-07-25,2022-07-25
invalid,67856-VX9-85,1.0,1,1,2022-07-19,2022-07-19
invalid,67856-VX9-130,1.0,1,1,2022-06-09,2022-06-09
invalid,67856-G31-110,1.0,1,1,2022-06-19,2022-06-19
W001,59580-A96-110,1.0,1,1,2022-01-22,2022-01-22
W001,59580-A96-100,1.0,1,1,2022-01-29,2022-01-29
W001,58713-UZ6-140,1.0,1,1,2022-02-23,2022-02-23
W001,58713-UZ6-110,1.0,1,1,2022-01-18,2022-01-18
W001,58713-JU4-130,1.0,1,1,2022-01-28,2022-01-28
W001,58713-JU4-120,1.0,1,1,2022-02-02,2022-02-02
W001,58713-JU4-110,1.0,1,1,2022-02-22,2022-02-22
W001,82143-2WO-140,1.0,1,1,2025-03-11,2025-03-11
W001,82143-2WM-85,1.0,1,1,2025-03-11,2025-03-11
W001,58665-J91-XS,1.0,1,1,2022-02-08,2022-02-08
W001,58665-527-S,1.0,1,1,2024-10-08,2024-10-08
W001,58664-QP3-XS,1.0,1,1,2022-02-10,2022-02-10
invalid,67858-WX3-85,1.0,1,1,2022-06-09,2022-06-09
invalid,67858-WX3-150,1.0,1,1,2022-05-13,2022-05-13
invalid,67858-WX3-130,1.0,1,1,2022-06-14,2022-06-14
W001,58712-QT3-85,1.0,1,1,2022-01-26,2022-01-26
W001,58712-QT3-140,1.0,1,1,2022-01-15,2022-01-15
W001,58712-QT3-120,1.0,1,1,2022-01-15,2022-01-15
W001,58712-GF2-90,1.0,1,1,2022-01-30,2022-01-30
W001,58712-GF2-110,1.0,1,1,2022-02-17,2022-02-17
W001,58712-76X-90,1.0,1,1,2022-01-10,2022-01-10
invalid,67858-WW6-130,1.0,1,1,2022-07-11,2022-07-11
invalid,67858-WV1-90,1.0,1,1,2022-06-05,2022-06-05
W001,82030-2TF-75,1.0,1,1,2024-10-10,2024-10-10
W001,67172-015-100,1.0,1,1,2022-02-26,2022-02-26
W001,58694-QQ9-90,1.0,1,1,2022-01-13,2022-01-13
W001,82005-2TF-110,1.0,1,1,2024-10-09,2024-10-09
W001,81958-2PO-120,1.0,1,1,2024-10-10,2024-10-10
W001,81910-24O-70,1.0,1,1,2024-10-09,2024-10-09
W001,81904-T07-S,1.0,1,1,2024-10-10,2024-10-10
W001,81902-23B-70,1.0,1,1,2024-10-08,2024-10-08
W001,81886-23L-80,1.0,1,1,2024-10-09,2024-10-09
W001,81884-21R-80,1.0,1,1,2024-10-08,2024-10-08
W001,81881-1ZK-120,1.0,1,1,2024-10-08,2024-10-08
W001,81862-2SR-100,1.0,1,1,2024-10-09,2024-10-09
W001,81848-23V-80,1.0,1,1,2024-10-09,2024-10-09
W001,81848-20T-50,1.0,1,1,2024-10-10,2024-10-10
W001,81847-2TA-85,1.0,1,1,2024-10-08,2024-10-08
W001,58694-QQ9-85,1.0,1,1,2022-01-22,2022-01-22
W001,58694-QQ9-70,1.0,1,1,2022-01-13,2022-01-13
W001,58694-QQ9-60,1.0,1,1,2022-02-05,2022-02-05
W001,81847-21Y-80,1.0,1,1,2024-10-09,2024-10-09
W001,81707-SP8-75,1.0,1,1,2024-10-09,2024-10-09
W001,81666-2MA-80,1.0,1,1,2025-01-14,2025-01-14
W001,81647-RV5-100,1.0,1,1,2024-10-09,2024-10-09
W001,81575-S74-85,1.0,1,1,2024-10-08,2024-10-08
W001,81562-600-XL,1.0,1,1,2024-11-11,2024-11-11
W001,67173-B42-140,1.0,1,1,2022-01-26,2022-01-26
W001,67173-B42-130,1.0,1,1,2022-01-25,2022-01-25
W001,67173-B42-100,1.0,1,1,2022-01-08,2022-01-08
W001,58663-QH4-M,1.0,1,1,2022-05-25,2022-05-25
W001,58663-J91-XL,1.0,1,1,2022-07-14,2022-07-14
W001,58663-J91-S,1.0,1,1,2022-02-14,2022-02-14
W001,58663-HC7-XL,1.0,1,1,2022-01-10,2022-01-10
W001,58663-HC7-M,1.0,1,1,2022-02-08,2022-02-08
W001,58663-HC7-L,1.0,1,1,2022-02-02,2022-02-02
invalid,67861-WX2-150,1.0,1,1,2022-06-02,2022-06-02
W001,81347-1ZV-140,1.0,1,1,2024-10-08,2024-10-08
W001,81339-2MN-90,1.0,1,1,2025-01-14,2025-01-14
W001,58662-UE2-XL,1.0,1,1,2022-02-02,2022-02-02
W001,58662-UE2-M,1.0,1,1,2022-01-20,2022-01-20
W001,58662-UE2-L,1.0,1,1,2022-01-25,2022-01-25
W001,58662-J91-XS,1.0,1,1,2022-01-23,2022-01-23
invalid,67862-WV1-120,1.0,1,1,2022-07-19,2022-07-19
invalid,67862-SR4-140,1.0,1,1,2023-08-02,2023-08-02
invalid,67862-430-150,1.0,1,1,2023-08-02,2023-08-02
invalid,67862-427-110,1.0,1,1,2023-08-05,2023-08-05
invalid,67862-323-140,1.0,1,1,2023-12-01,2023-12-01
W001,58663-UE2-S,1.0,1,1,2022-01-28,2022-01-28
W001,67173-76X-85,1.0,1,1,2022-01-13,2022-01-13
W001,67173-76X-100,1.0,1,1,2022-01-12,2022-01-12
W001,81505-NL1-10/12,1.0,1,1,2024-10-05,2024-10-05
W001,81470-1DE-130,1.0,1,1,2025-04-12,2025-04-12
W001,67175-015-130,1.0,1,1,2022-01-10,2022-01-10
W001,67175-015-120,1.0,1,1,2022-01-27,2022-01-27
W001,81338-2NK-90,1.0,1,1,2025-04-14,2025-04-14
invalid,67866-VU9-85,1.0,1,1,2022-06-24,2022-06-24
invalid,67866-VU9-120,1.0,1,1,2022-07-11,2022-07-11
invalid,67866-VU9-110,1.0,1,1,2022-06-17,2022-06-17
invalid,67866-446-100,1.0,1,1,2023-07-30,2023-07-30
invalid,67865-WU6-90,1.0,1,1,2022-06-07,2022-06-07
invalid,67865-WU6-150,1.0,1,1,2022-07-01,2022-07-01
invalid,67865-PH7-130,1.0,1,1,2022-06-21,2022-06-21
invalid,67864-VH3-150,1.0,1,1,2022-06-17,2022-06-17
W001,58663-85H-XL,1.0,1,1,2022-07-26,2022-07-26
W001,81461-2MP-130,1.0,1,1,2025-03-25,2025-03-25
W001,81423-746-50,1.0,1,1,2024-10-09,2024-10-09
W001,81417-1VG-70,1.0,1,1,2024-10-08,2024-10-08
W001,81381-2DQ-100,1.0,1,1,2024-10-08,2024-10-08
W001,81103-2JN-110,1.0,1,1,2024-10-02,2024-10-02
W001,81047-1VS-90,1.0,1,1,2024-10-05,2024-10-05
W001,81047-1VS-85,1.0,1,1,2024-10-05,2024-10-05
W001,81045-VM5-140,1.0,1,1,2024-10-05,2024-10-05
W001,80965-019-OS,1.0,1,1,2024-10-08,2024-10-08
W001,80848-C57-130,1.0,1,1,2024-10-10,2024-10-10
invalid,67867-WU4-120,1.0,1,1,2022-05-13,2022-05-13
W001,58661-UE3-S,1.0,1,1,2022-02-06,2022-02-06
W001,58661-NL3-XL,1.0,1,1,2022-02-23,2022-02-23
W001,58661-HC7-M,1.0,1,1,2022-01-23,2022-01-23
invalid,67866-XA4-85,1.0,1,1,2022-07-23,2022-07-23
W001,67175-B42-130,1.0,1,1,2022-01-24,2022-01-24
W001,67175-B42-100,1.0,1,1,2022-02-23,2022-02-23
W001,67175-76X-90,1.0,1,1,2022-01-31,2022-01-31
W001,67175-76X-130,1.0,1,1,2022-01-26,2022-01-26
W001,67175-76X-120,1.0,1,1,2022-02-11,2022-02-11
invalid,67870-VZ3-130,1.0,1,1,2022-07-01,2022-07-01
invalid,67870-VX9-110,1.0,1,1,2022-08-21,2022-08-21
W001,58660-UE3-M,1.0,1,1,2022-01-19,2022-01-19
invalid,67868-WY4-140,1.0,1,1,2022-07-07,2022-07-07
invalid,67868-WG4-120,1.0,1,1,2022-07-01,2022-07-01
invalid,67867-WX3-140,1.0,1,1,2022-05-23,2022-05-23
invalid,67867-WX3-120,1.0,1,1,2022-06-27,2022-06-27
invalid,67867-WX3-110,1.0,1,1,2022-05-25,2022-05-25
invalid,67867-WX3-100,1.0,1,1,2022-06-03,2022-06-03
W001,81338-2LX-120,1.0,1,1,2025-01-16,2025-01-16
W001,81316-1DE-110,1.0,1,1,2024-10-08,2024-10-08
W001,81201-537-L,1.0,1,1,2024-10-08,2024-10-08
W001,81196-537-XS,1.0,1,1,2025-01-09,2025-01-09
W001,81195-2WB-L,1.0,1,1,2025-01-27,2025-01-27
W001,81157-2K2-150,1.0,1,1,2024-10-05,2024-10-05
W001,81157-2HX-130,1.0,1,1,2024-10-01,2024-10-01
W001,80823-1AX-85,1.0,1,1,2024-10-10,2024-10-10
W001,80472-EF5-70,1.0,1,1,2024-12-11,2024-12-11
W001,80472-76x-70,1.0,1,1,2024-12-10,2024-12-10
W001,80472-76X-75,1.0,1,1,2024-12-11,2024-12-11
W001,67175-PW1-140,1.0,1,1,2022-02-01,2022-02-01
W001,67175-PW1-120,1.0,1,1,2022-02-02,2022-02-02
W001,67175-PW1-100,1.0,1,1,2022-02-20,2022-02-20
invalid,67871-M91-85,1.0,1,1,2022-06-24,2022-06-24
invalid,67871-G31-140,1.0,1,1,2022-06-18,2022-06-18
invalid,67871-G31-110,1.0,1,1,2022-06-20,2022-06-20
invalid,67871-78M-90,1.0,1,1,2022-06-04,2022-06-04
invalid,67871-78M-140,1.0,1,1,2022-05-27,2022-05-27
invalid,67871-78M-130,1.0,1,1,2022-07-02,2022-07-02
invalid,67871-78M-120,1.0,1,1,2022-06-04,2022-06-04
invalid,67871-78M-110,1.0,1,1,2022-08-25,2022-08-25
invalid,67871-015-90,1.0,1,1,2022-07-27,2022-07-27
W001,67175-M23-150,1.0,1,1,2022-02-16,2022-02-16
W001,80361-011-85,1.0,1,1,2024-10-09,2024-10-09
W001,80295-267-120,1.0,1,1,2024-10-09,2024-10-09
W001,80223-S74-M,1.0,1,1,2025-02-01,2025-02-01
W001,80124-76X-90,1.0,1,1,2024-10-09,2024-10-09
W001,80039-75Z-XXS,1.0,1,1,2025-01-19,2025-01-19
W001,80039-715-XL,1.0,1,1,2024-10-30,2024-10-30
W001,80039-2FO-XL,1.0,1,1,2025-01-25,2025-01-25
W001,57870-QD7-M,1.0,1,1,2022-01-19,2022-01-19
W001,57870-2TA-M,1.0,1,1,2024-10-08,2024-10-08
invalid,67873-XA4-140,1.0,1,1,2022-06-04,2022-06-04
invalid,67873-WW6-90,1.0,1,1,2022-06-18,2022-06-18
invalid,67873-WU4-100,1.0,1,1,2022-06-03,2022-06-03
invalid,67872-C20-140,1.0,1,1,2022-06-09,2022-06-09
invalid,67872-A71-140,1.0,1,1,2022-07-31,2022-07-31
invalid,67871-VZ1-120,1.0,1,1,2022-08-02,2022-08-02
W001,68144-011-60,1.0,1,1,2022-07-18,2022-07-18
W001,68141-GF2-70,1.0,1,1,2022-07-28,2022-07-28
invalid,67881-VX9-110,1.0,1,1,2022-06-12,2022-06-12
invalid,67877-WV1-140,1.0,1,1,2022-06-30,2022-06-30
W001,58660-HC7-S,1.0,1,1,2022-01-10,2022-01-10
W001,58660-521-M,1.0,1,1,2024-10-08,2024-10-08
W001,58296-PV5-130,1.0,1,1,2022-01-31,2022-01-31
W001,58296-HJ4-140,1.0,1,1,2022-01-02,2022-01-02
W001,58296-HJ4-130,1.0,1,1,2022-01-31,2022-01-31
W001,58296-HJ4-110,1.0,1,1,2022-02-01,2022-02-01
W001,57963-SR5-OS,1.0,1,1,2022-01-28,2022-01-28
W001,57870-QD7-XL,1.0,1,1,2022-01-13,2022-01-13
W001,68181-011-100,1.0,1,1,2022-07-27,2022-07-27
W001,68173-XF3-50,1.0,1,1,2022-07-28,2022-07-28
W001,68173-2SB-75,1.0,1,1,2024-10-09,2024-10-09
W001,68164-C20-5,1.0,1,1,2022-07-14,2022-07-14
W001,67180-CM4-120,1.0,1,1,2022-01-13,2022-01-13
W001,67179-76X-150,1.0,1,1,2022-01-23,2022-01-23
W001,57835-SR4-100,1.0,1,1,2022-01-11,2022-01-11
W001,57827-EH3-130,1.0,1,1,2022-02-02,2022-02-02
invalid,67884-WS5-S,1.0,1,1,2022-08-09,2022-08-09
invalid,67884-WS5-L,1.0,1,1,2022-07-25,2022-07-25
invalid,67881-VX9-140,1.0,1,1,2022-07-03,2022-07-03
W001,68119-XE6-150,1.0,1,1,2022-07-27,2022-07-27
W001,68119-1ZV-100,1.0,1,1,2024-10-08,2024-10-08
W001,68099-XH4-85,1.0,1,1,2022-07-20,2022-07-20
W001,67179-015-100,1.0,1,1,2022-02-18,2022-02-18
W001,67177-B42-120,1.0,1,1,2022-02-23,2022-02-23
W001,67177-B42-100,1.0,1,1,2022-01-27,2022-01-27
W001,67177-76X-85,1.0,1,1,2022-01-18,2022-01-18
W001,67177-76X-150,1.0,1,1,2022-01-24,2022-01-24
W001,68149-XH6-50,1.0,1,1,2022-07-28,2022-07-28
W001,68076-SR4-60,1.0,1,1,2022-07-27,2022-07-27
W001,68075-SR4-50,1.0,1,1,2022-07-18,2022-07-18
W001,68075-06G-70,1.0,1,1,2022-08-01,2022-08-01
W001,68075-06G-50,1.0,1,1,2022-07-28,2022-07-28
invalid,67914-PM8-140,1.0,1,1,2022-07-23,2022-07-23
invalid,67909-WS7-110,1.0,1,1,2022-07-31,2022-07-31
invalid,67908-AI1-90,1.0,1,1,2022-07-25,2022-07-25
invalid,67907-SJ7-120,1.0,1,1,2023-01-26,2023-01-26
invalid,67905-WS9-140,1.0,1,1,2022-11-04,2022-11-04
invalid,67900-XS5-85,1.0,1,1,2022-07-20,2022-07-20
invalid,67887-WW3-120,1.0,1,1,2022-07-28,2022-07-28
invalid,67885-UK7-140,1.0,1,1,2022-05-19,2022-05-19
W001,57835-SR4-130,1.0,1,1,2022-01-31,2022-01-31
W001,68082-XJ2-50,1.0,1,1,2022-07-26,2022-07-26
W001,67180-GF2-130,1.0,1,1,2022-01-14,2022-01-14
W001,67180-CM4-140,1.0,1,1,2022-01-17,2022-01-17
W001,68045-015-150,1.0,1,1,2024-10-10,2024-10-10
W001,68045-015-130,1.0,1,1,2024-10-08,2024-10-08
W001,68041-85H-85,1.0,1,1,2022-07-27,2022-07-27
W001,68041-85H-110,1.0,1,1,2022-07-30,2022-07-30
W001,68031-WV9-140,1.0,1,1,2022-07-31,2022-07-31
W001,68015-VX9-130,1.0,1,1,2022-08-01,2022-08-01
W001,57827-A91-150,1.0,1,1,2022-01-19,2022-01-19
W001,57827-A91-100,1.0,1,1,2022-01-31,2022-01-31
W001,57827-015-150,1.0,1,1,2022-01-02,2022-01-02
W001,57827-015-140,1.0,1,1,2022-01-10,2022-01-10
W001,57827-015-130,1.0,1,1,2022-02-03,2022-02-03
invalid,67960-SR4-110,1.0,1,1,2022-09-05,2022-09-05
W001,68064-XC3-60,1.0,1,1,2022-07-19,2022-07-19
W001,68055-XF5-50,1.0,1,1,2022-07-29,2022-07-29
W001,68048-GF2-60,1.0,1,1,2022-07-31,2022-07-31
W001,67179-015-150,1.0,1,1,2022-01-04,2022-01-04
W001,67885-UK7-120,1.0,1,1,2022-05-23,2022-05-23
W001,67884-WS5-XS,1.0,1,1,2022-07-30,2022-07-30
W001,67182-GF2-120,1.0,1,1,2022-02-19,2022-02-19
invalid,67980-SX8-85,1.0,1,1,2022-07-26,2022-07-26
invalid,67980-FE5-140,1.0,1,1,2023-01-19,2023-01-19
invalid,67979-XR3-85,1.0,1,1,2022-07-27,2022-07-27
invalid,67975-222-85,1.0,1,1,2022-11-18,2022-11-18
W001,67987-XF3-85,1.0,1,1,2022-07-29,2022-07-29
W001,67987-XC7-85,1.0,1,1,2022-07-21,2022-07-21
W001,67987-XB6-90,1.0,1,1,2022-07-23,2022-07-23
W001,67977-061-90,1.0,1,1,2022-08-01,2022-08-01
W001,68010-XC8-110,1.0,1,1,2022-07-31,2022-07-31
W001,68010-2TK-130,1.0,1,1,2024-10-10,2024-10-10
W001,68004-XH7-90,1.0,1,1,2022-08-01,2022-08-01
W001,68004-2SR-110,1.0,1,1,2024-10-09,2024-10-09
W001,67987-XR7-140,1.0,1,1,2022-07-29,2022-07-29
W001,67180-NU3-130,1.0,1,1,2022-01-16,2022-01-16
W001,67180-NU3-120,1.0,1,1,2022-01-19,2022-01-19
W001,67180-GF2-90,1.0,1,1,2022-01-13,2022-01-13
W001,67180-GF2-150,1.0,1,1,2022-01-08,2022-01-08
W001,67883-WS5-90,1.0,1,1,2022-07-28,2022-07-28
W001,67883-WS5-85,1.0,1,1,2022-06-22,2022-06-22
W001,57826-EF4-140,1.0,1,1,2022-01-11,2022-01-11
W001,57826-EF4-110,1.0,1,1,2022-01-22,2022-01-22
W001,57826-A91-90,1.0,1,1,2022-02-09,2022-02-09
W001,57826-A91-110,1.0,1,1,2022-01-16,2022-01-16
W001,57824-BX0-90,1.0,1,1,2022-01-27,2022-01-27
W001,57824-BX0-120,1.0,1,1,2022-01-27,2022-01-27
W001,67916-SR4-130,1.0,1,1,2022-06-27,2022-06-27
W001,67905-WS9-110,1.0,1,1,2022-07-28,2022-07-28
W001,67895-507-120,1.0,1,1,2024-12-15,2024-12-15
W001,67885-UK7-140,1.0,1,1,2022-05-23,2022-05-23
W001,67883-WS5-75,1.0,1,1,2022-07-01,2022-07-01
W001,67881-VX9-85,1.0,1,1,2022-07-28,2022-07-28
W001,67881-G31-90,1.0,1,1,2022-07-24,2022-07-24
W001,67878-VU6-140,1.0,1,1,2022-06-29,2022-06-29
W001,67877-WY2-90,1.0,1,1,2022-06-08,2022-06-08
W001,67877-WY2-150,1.0,1,1,2022-06-12,2022-06-12
W001,67877-WY2-100,1.0,1,1,2022-06-22,2022-06-22
W001,67877-WV1-90,1.0,1,1,2022-06-07,2022-06-07
W001,57822-82F-150,1.0,1,1,2022-01-07,2022-01-07
W001,57822-82F-110,1.0,1,1,2022-02-22,2022-02-22
W001,57811-SR4-150,1.0,1,1,2022-02-25,2022-02-25
W001,57811-NB1-120,1.0,1,1,2022-02-08,2022-02-08
invalid,67987-XH6-150,1.0,1,1,2022-08-26,2022-08-26
invalid,67987-XC8-90,1.0,1,1,2022-07-26,2022-07-26
W001,67182-GF2-100,1.0,1,1,2022-01-31,2022-01-31
W001,67182-76X-100,1.0,1,1,2022-02-14,2022-02-14
W001,67873-XA4-140,1.0,1,1,2022-06-17,2022-06-17
W001,67873-WW6-85,1.0,1,1,2022-06-24,2022-06-24
invalid,67993-VX9-100,1.0,1,1,2022-12-15,2022-12-15
invalid,67992-XH5-85,1.0,1,1,2023-02-11,2023-02-11
invalid,67992-XH5-120,1.0,1,1,2022-07-30,2022-07-30
invalid,67992-XG5-110,1.0,1,1,2023-02-16,2023-02-16
invalid,67988-XL2-120,1.0,1,1,2023-01-26,2023-01-26
invalid,67988-G44-110,1.0,1,1,2023-01-27,2023-01-27
invalid,67987-XR7-90,1.0,1,1,2022-07-26,2022-07-26
W001,57822-JD1-90,1.0,1,1,2022-02-19,2022-02-19
W001,67877-WV1-110,1.0,1,1,2022-06-17,2022-06-17
W001,67873-XA4-90,1.0,1,1,2022-06-07,2022-06-07
W001,67185-B42-110,1.0,1,1,2022-02-10,2022-02-10
W001,67185-B42-100,1.0,1,1,2022-02-13,2022-02-13
W001,67183-M23-90,1.0,1,1,2022-02-22,2022-02-22
W001,67183-76X-100,1.0,1,1,2022-01-17,2022-01-17
W001,67873-015-90,1.0,1,1,2022-05-13,2022-05-13
W001,67873-015-85,1.0,1,1,2022-06-05,2022-06-05
invalid,67997-G44-90,1.0,1,1,2024-01-30,2024-01-30
invalid,67997-G44-100,1.0,1,1,2023-10-03,2023-10-03
invalid,67996-XG5-120,1.0,1,1,2023-01-17,2023-01-17
invalid,67996-A21-90,1.0,1,1,2022-12-03,2022-12-03
invalid,67994-XH7-130,1.0,1,1,2022-11-23,2022-11-23
invalid,67994-XB5-130,1.0,1,1,2023-01-30,2023-01-30
invalid,67994-WV9-90,1.0,1,1,2022-12-05,2022-12-05
invalid,67994-WV9-85,1.0,1,1,2022-12-17,2022-12-17
invalid,67993-VX9-90,1.0,1,1,2022-12-30,2022-12-30
invalid,67993-VX9-150,1.0,1,1,2023-01-20,2023-01-20
invalid,67993-VX9-110,1.0,1,1,2022-12-13,2022-12-13
W001,67182-GF2-85,1.0,1,1,2022-02-28,2022-02-28
W001,67182-GF2-140,1.0,1,1,2022-02-26,2022-02-26
W001,67873-XA4-150,1.0,1,1,2022-06-12,2022-06-12
W001,67186-GF2-85,1.0,1,1,2022-01-14,2022-01-14
W001,67186-GF2-100,1.0,1,1,2022-01-16,2022-01-16
W001,67185-M23-120,1.0,1,1,2022-01-18,2022-01-18
W001,67185-M23-110,1.0,1,1,2022-02-10,2022-02-10
W001,67185-B42-90,1.0,1,1,2022-02-14,2022-02-14
invalid,68000-06G-90,1.0,1,1,2023-01-31,2023-01-31
invalid,68000-06G-120,1.0,1,1,2023-01-29,2023-01-29
W001,57811-NB1-100,1.0,1,1,2022-01-24,2022-01-24
W001,57811-25E-85,1.0,1,1,2022-02-06,2022-02-06
W001,57802-GK3-120,1.0,1,1,2022-02-14,2022-02-14
W001,57746-UT6-90,1.0,1,1,2022-01-23,2022-01-23
W001,57746-UT6-85,1.0,1,1,2022-01-19,2022-01-19
W001,67871-V98-85,1.0,1,1,2022-07-25,2022-07-25
W001,67873-WW6-100,1.0,1,1,2022-06-07,2022-06-07
W001,67873-WU4-85,1.0,1,1,2022-06-29,2022-06-29
W001,67873-WU4-130,1.0,1,1,2022-07-05,2022-07-05
W001,67867-WX9-85,1.0,1,1,2022-05-21,2022-05-21
W001,67185-B42-150,1.0,1,1,2022-01-14,2022-01-14
W001,67871-78M-130,1.0,1,1,2022-05-24,2022-05-24
W001,67871-015-110,1.0,1,1,2022-07-01,2022-07-01
W001,67870-VZ3-140,1.0,1,1,2022-07-25,2022-07-25
W001,57584-M23-XL,1.0,1,1,2022-01-20,2022-01-20
invalid,68003-XF3-85,1.0,1,1,2022-07-27,2022-07-27
invalid,68003-XF3-110,1.0,1,1,2023-01-16,2023-01-16
invalid,68003-XF3-100,1.0,1,1,2022-11-15,2022-11-15
invalid,68001-XJ4-85,1.0,1,1,2022-10-09,2022-10-09
invalid,68001-XE3-85,1.0,1,1,2023-01-27,2023-01-27
invalid,68001-XE3-130,1.0,1,1,2022-12-14,2022-12-14
invalid,68001-XE3-120,1.0,1,1,2023-01-06,2023-01-06
invalid,68001-036-110,1.0,1,1,2023-01-30,2023-01-30
W001,67871-G31-90,1.0,1,1,2022-06-28,2022-06-28
W001,67187-990-100,1.0,1,1,2022-02-12,2022-02-12
invalid,68004-925-90,1.0,1,1,2023-11-27,2023-11-27
W001,67867-WX9-100,1.0,1,1,2022-06-28,2022-06-28
W001,67867-WX3-85,1.0,1,1,2022-06-06,2022-06-06
W001,67867-WW6-150,1.0,1,1,2022-06-14,2022-06-14
W001,67867-WV1-130,1.0,1,1,2022-05-13,2022-05-13
invalid,68004-923-90,1.0,1,1,2023-10-06,2023-10-06
invalid,68004-920-110,1.0,1,1,2023-12-04,2023-12-04
W001,57746-US8-130,1.0,1,1,2022-01-22,2022-01-22
W001,57746-US8-110,1.0,1,1,2022-02-02,2022-02-02
W001,57746-TW5-85,1.0,1,1,2022-02-10,2022-02-10
W001,57726-GA5-150,1.0,1,1,2022-01-14,2022-01-14
W001,57585-M23-XL,1.0,1,1,2022-01-24,2022-01-24
W001,67870-VX9-90,1.0,1,1,2022-07-28,2022-07-28
W001,67870-VX9-120,1.0,1,1,2022-07-08,2022-07-08
W001,67870-V98-130,1.0,1,1,2022-07-22,2022-07-22
W001,67868-WG4-120,1.0,1,1,2022-06-21,2022-06-21
W001,67866-WX4-150,1.0,1,1,2022-05-23,2022-05-23
W001,67188-GF2-90,1.0,1,1,2022-01-09,2022-01-09
W001,67188-GF2-150,1.0,1,1,2022-02-16,2022-02-16
W001,67188-GF2-140,1.0,1,1,2022-01-16,2022-01-16
W001,67188-GF2-100,1.0,1,1,2022-02-12,2022-02-12
W001,67187-990-90,1.0,1,1,2022-02-09,2022-02-09
W001,67187-990-85,1.0,1,1,2022-02-27,2022-02-27
W001,67187-990-150,1.0,1,1,2022-02-07,2022-02-07
W001,67187-990-140,1.0,1,1,2022-01-18,2022-01-18
W001,57580-A79-XL,1.0,1,1,2022-02-12,2022-02-12
W001,57580-A79-M,1.0,1,1,2022-01-19,2022-01-19
W001,57538-NN0-140,1.0,1,1,2022-06-30,2022-06-30
W001,57538-NM9-85,1.0,1,1,2022-02-02,2022-02-02
W001,57538-GD8-130,1.0,1,1,2022-01-15,2022-01-15
W001,57538-GD8-100,1.0,1,1,2022-01-17,2022-01-17
W001,57538-GD7-85,1.0,1,1,2022-02-16,2022-02-16
W001,67866-M91-150,1.0,1,1,2022-07-01,2022-07-01
W001,67866-M91-120,1.0,1,1,2022-04-23,2022-04-23
W001,67865-WX2-120,1.0,1,1,2022-06-06,2022-06-06
invalid,68007-XE3-110,1.0,1,1,2023-01-25,2023-01-25
invalid,68007-947-100,1.0,1,1,2023-11-05,2023-11-05
invalid,68007-919-140,1.0,1,1,2024-01-30,2024-01-30
invalid,68004-XJ3-85,1.0,1,1,2022-11-10,2022-11-10
invalid,68004-XH7-90,1.0,1,1,2022-10-17,2022-10-17
invalid,68004-XH7-100,1.0,1,1,2022-10-11,2022-10-11
invalid,68004-XG5-130,1.0,1,1,2022-10-22,2022-10-22
invalid,68004-XF3-120,1.0,1,1,2022-12-14,2022-12-14
W001,57582-015-L,1.0,1,1,2022-01-09,2022-01-09
W001,67867-WU4-85,1.0,1,1,2022-07-01,2022-07-01
W001,67867-WU4-140,1.0,1,1,2022-05-23,2022-05-23
W001,67867-WU4-100,1.0,1,1,2022-06-04,2022-06-04
W001,67866-XA4-140,1.0,1,1,2022-07-12,2022-07-12
W001,67865-WU6-110,1.0,1,1,2022-05-14,2022-05-14
W001,67865-WT6-90,1.0,1,1,2022-06-26,2022-06-26
W001,67865-WT6-85,1.0,1,1,2022-06-29,2022-06-29
W001,67865-WT6-140,1.0,1,1,2022-06-07,2022-06-07
W001,67865-WT6-120,1.0,1,1,2022-06-04,2022-06-04
W001,67864-VX9-90,1.0,1,1,2022-06-13,2022-06-13
invalid,68008-XD4-85,1.0,1,1,2022-10-24,2022-10-24
W001,57538-GD7-75,1.0,1,1,2022-02-25,2022-02-25
W001,57538-GD7-110,1.0,1,1,2022-02-14,2022-02-14
W001,57538-GD6-150,1.0,1,1,2022-01-15,2022-01-15
W001,57538-GD6-110,1.0,1,1,2022-01-16,2022-01-16
W001,57431-011-NB,1.0,1,1,2022-03-24,2022-03-24
W001,56613-PF2-90,1.0,1,1,2022-06-30,2022-06-30
invalid,68007-XF8-100,1.0,1,1,2022-11-02,2022-11-02
W001,67866-VU9-100,1.0,1,1,2022-06-08,2022-06-08
W001,67866-M91-85,1.0,1,1,2022-05-08,2022-05-08
W001,55475-PH1-130,1.0,1,1,2022-01-17,2022-01-17
W001,55475-PH1-110,1.0,1,1,2022-02-03,2022-02-03
W001,55461-VG0-130,1.0,1,1,2022-02-03,2022-02-03
invalid,68010-955-100,1.0,1,1,2023-09-12,2023-09-12
invalid,68010-921-85,1.0,1,1,2023-09-24,2023-09-24
invalid,68010-921-100,1.0,1,1,2024-01-23,2024-01-23
invalid,68009-SR4-120,1.0,1,1,2023-01-16,2023-01-16
invalid,68009-SR4-100,1.0,1,1,2023-01-27,2023-01-27
invalid,68009-GF2-85,1.0,1,1,2022-07-21,2022-07-21
invalid,68008-XJ4-90,1.0,1,1,2022-12-10,2022-12-10
W001,67189-A79-90,1.0,1,1,2022-01-25,2022-01-25
W001,67189-A79-85,1.0,1,1,2022-02-02,2022-02-02
W001,67189-A79-150,1.0,1,1,2022-01-14,2022-01-14
W001,67189-A79-130,1.0,1,1,2022-01-13,2022-01-13
W001,67189-A79-120,1.0,1,1,2022-02-07,2022-02-07
W001,67189-A79-100,1.0,1,1,2022-01-04,2022-01-04
W001,67862-WX6-130,1.0,1,1,2022-07-24,2022-07-24
W001,67862-WV5-150,1.0,1,1,2022-07-08,2022-07-08
W001,67862-WV1-140,1.0,1,1,2022-06-29,2022-06-29
W001,67861-WX4-90,1.0,1,1,2022-06-13,2022-06-13
W001,67861-WX4-140,1.0,1,1,2022-05-23,2022-05-23
W001,67861-WX4-120,1.0,1,1,2022-05-23,2022-05-23
W001,67861-WX2-85,1.0,1,1,2022-06-04,2022-06-04
invalid,68010-XE2-90,1.0,1,1,2023-01-09,2023-01-09
invalid,68010-XE2-130,1.0,1,1,2023-01-25,2023-01-25
invalid,68010-XE2-120,1.0,1,1,2022-11-02,2022-11-02
W001,56613-PF2-110,1.0,1,1,2022-06-27,2022-06-27
W001,55493-AS3-M,1.0,1,1,2022-02-13,2022-02-13
W001,55493-AS3-L,1.0,1,1,2022-02-27,2022-02-27
W001,55492-AS3-S,1.0,1,1,2022-02-14,2022-02-14
W001,55485-011-XS,1.0,1,1,2022-01-30,2022-01-30
W001,55485-011-M,1.0,1,1,2022-05-13,2022-05-13
W001,67189-VH3-130,1.0,1,1,2022-02-09,2022-02-09
W001,67189-M23-90,1.0,1,1,2022-02-07,2022-02-07
W001,55461-VC9-110,1.0,1,1,2022-02-13,2022-02-13
W001,55461-VC9-100,1.0,1,1,2022-02-10,2022-02-10
W001,55461-TK4-130,1.0,1,1,2022-02-07,2022-02-07
W001,55461-TK4-100,1.0,1,1,2022-06-25,2022-06-25
W001,55461-QT3-110,1.0,1,1,2022-02-10,2022-02-10
W001,55461-J81-80,1.0,1,1,2022-02-06,2022-02-06
W001,55460-VC9-90,1.0,1,1,2022-01-14,2022-01-14
W001,55460-VC9-120,1.0,1,1,2022-01-28,2022-01-28
W001,55460-VC9-110,1.0,1,1,2022-01-20,2022-01-20
invalid,68010-XH5-90,1.0,1,1,2022-12-07,2022-12-07
invalid,68010-XH5-85,1.0,1,1,2022-10-17,2022-10-17
invalid,68010-XH5-120,1.0,1,1,2022-12-29,2022-12-29
W001,67864-G31-120,1.0,1,1,2022-06-15,2022-06-15
W001,67862-WY2-100,1.0,1,1,2022-06-23,2022-06-23
invalid,68014-XE4-110,1.0,1,1,2022-11-07,2022-11-07
invalid,68014-XE4-100,1.0,1,1,2023-01-27,2023-01-27
invalid,68012-XJ4-100,1.0,1,1,2022-09-26,2022-09-26
invalid,68012-XG3-85,1.0,1,1,2022-10-24,2022-10-24
invalid,68012-XC3-150,1.0,1,1,2022-07-13,2022-07-13
invalid,68012-XC3-120,1.0,1,1,2022-12-08,2022-12-08
invalid,68012-A21-90,1.0,1,1,2023-01-07,2023-01-07
invalid,68012-A21-110,1.0,1,1,2023-01-16,2023-01-16
invalid,68011-XG3-120,1.0,1,1,2022-12-08,2022-12-08
invalid,68011-XE2-90,1.0,1,1,2022-12-14,2022-12-14
invalid,68011-A21-130,1.0,1,1,2022-12-29,2022-12-29
W001,55461-VG0-110,1.0,1,1,2022-02-13,2022-02-13
W001,55461-VF9-90,1.0,1,1,2022-01-25,2022-01-25
W001,67861-WX2-150,1.0,1,1,2022-05-20,2022-05-20
W001,67192-76X-100,1.0,1,1,2022-01-11,2022-01-11
W001,67189-VH3-90,1.0,1,1,2022-01-25,2022-01-25
W001,67189-M23-85,1.0,1,1,2022-01-05,2022-01-05
W001,67860-WV5-90,1.0,1,1,2022-06-30,2022-06-30
W001,67860-WV1-90,1.0,1,1,2022-06-10,2022-06-10
W001,67860-WV1-150,1.0,1,1,2022-07-01,2022-07-01
W001,67860-WV1-120,1.0,1,1,2022-06-24,2022-06-24
W001,67860-WT6-150,1.0,1,1,2022-07-01,2022-07-01
W001,67859-WG4-85,1.0,1,1,2022-07-25,2022-07-25
W001,55355-HY4-140,1.0,1,1,2022-01-13,2022-01-13
W001,54908-015-85,1.0,1,1,2022-04-08,2022-04-08
W001,54908-015-150,1.0,1,1,2022-06-30,2022-06-30
W001,54908-015-130,1.0,1,1,2022-01-24,2022-01-24
W001,54908-015-100,1.0,1,1,2022-01-22,2022-01-22
W001,54907-M23-90,1.0,1,1,2022-02-19,2022-02-19
W001,54907-M23-150,1.0,1,1,2022-01-06,2022-01-06
W001,54907-M23-130,1.0,1,1,2022-03-03,2022-03-03
W001,54907-M23-120,1.0,1,1,2022-01-19,2022-01-19
W001,67856-VX9-120,1.0,1,1,2022-06-17,2022-06-17
W001,67856-VX9-110,1.0,1,1,2022-06-24,2022-06-24
W001,67856-G31-100,1.0,1,1,2022-06-27,2022-06-27
W001,67855-V98-85,1.0,1,1,2022-07-19,2022-07-19
invalid,68016-XM5-90,1.0,1,1,2022-11-11,2022-11-11
invalid,68016-XJ4-120,1.0,1,1,2022-09-21,2022-09-21
invalid,68016-XD4-110,1.0,1,1,2022-12-30,2022-12-30
invalid,68014-XH6-120,1.0,1,1,2023-01-24,2023-01-24
invalid,68014-XH6-110,1.0,1,1,2022-12-21,2022-12-21
W001,55460-VC9-100,1.0,1,1,2022-02-12,2022-02-12
W001,55460-QT3-140,1.0,1,1,2022-02-14,2022-02-14
W001,55356-HY4-120,1.0,1,1,2022-01-22,2022-01-22
W001,67858-WV1-85,1.0,1,1,2022-06-14,2022-06-14
W001,67192-M23-130,1.0,1,1,2022-02-17,2022-02-17
W001,67192-GF2-90,1.0,1,1,2022-01-27,2022-01-27
W001,67192-GF2-140,1.0,1,1,2022-02-11,2022-02-11
W001,67855-GK3-120,1.0,1,1,2022-07-24,2022-07-24
W001,67855-G31-150,1.0,1,1,2022-06-27,2022-06-27
W001,67855-G31-140,1.0,1,1,2022-07-05,2022-07-05
W001,67855-G31-100,1.0,1,1,2022-06-15,2022-06-15
W001,67854-VX9-90,1.0,1,1,2022-06-22,2022-06-22
W001,54906-A79-75,1.0,1,1,2022-01-18,2022-01-18
W001,54906-A79-120,1.0,1,1,2022-01-17,2022-01-17
W001,54901-VP6-XXL,1.0,1,1,2022-05-14,2022-05-14
W001,54899-VQ2-XS,1.0,1,1,2022-02-14,2022-02-14
invalid,68020-XE3-120,1.0,1,1,2022-10-13,2022-10-13
invalid,68020-XD5-90,1.0,1,1,2022-10-14,2022-10-14
invalid,68020-XD5-110,1.0,1,1,2022-10-17,2022-10-17
invalid,68018-C20-85,1.0,1,1,2023-01-18,2023-01-18
W001,67858-WV1-100,1.0,1,1,2022-06-30,2022-06-30
W001,67857-WX3-150,1.0,1,1,2022-07-22,2022-07-22
W001,67857-WU4-100,1.0,1,1,2022-07-22,2022-07-22
W001,67854-G31-90,1.0,1,1,2022-06-29,2022-06-29
W001,67854-G31-140,1.0,1,1,2022-07-30,2022-07-30
W001,67854-76X-90,1.0,1,1,2022-07-21,2022-07-21
W001,67854-76X-150,1.0,1,1,2022-06-09,2022-06-09
invalid,68022-M23-100,1.0,1,1,2022-12-04,2022-12-04
invalid,68021-VX9-100,1.0,1,1,2022-12-29,2022-12-29
invalid,68021-VH3-130,1.0,1,1,2023-01-25,2023-01-25
invalid,68021-06G-120,1.0,1,1,2023-01-06,2023-01-06
invalid,68020-XG5-90,1.0,1,1,2022-09-21,2022-09-21
invalid,68020-XG5-130,1.0,1,1,2022-11-02,2022-11-02
invalid,68020-XG5-100,1.0,1,1,2023-01-24,2023-01-24
W001,67855-V98-110,1.0,1,1,2022-06-14,2022-06-14
W001,67855-SR4-90,1.0,1,1,2022-06-06,2022-06-06
W001,67855-M91-85,1.0,1,1,2022-07-19,2022-07-19
W001,67855-GK3-90,1.0,1,1,2022-07-01,2022-07-01
W001,67855-GK3-130,1.0,1,1,2022-07-01,2022-07-01
W001,67853-WW6-130,1.0,1,1,2022-05-25,2022-05-25
W001,67853-WW6-120,1.0,1,1,2022-06-28,2022-06-28
W001,54899-PF2-S,1.0,1,1,2022-02-08,2022-02-08
W001,54899-PF2-M,1.0,1,1,2022-02-17,2022-02-17
W001,54630-BH5-XL,1.0,1,1,2022-01-31,2022-01-31
W001,54630-BH5-S,1.0,1,1,2022-01-31,2022-01-31
W001,54630-BH5-L,1.0,1,1,2022-03-24,2022-03-24
invalid,68026-VX9-110,1.0,1,1,2022-07-27,2022-07-27
invalid,68022-SR4-150,1.0,1,1,2023-01-26,2023-01-26
invalid,68022-SR4-130,1.0,1,1,2023-01-19,2023-01-19
W001,67854-VX9-100,1.0,1,1,2022-07-21,2022-07-21
W001,67854-NV2-90,1.0,1,1,2022-07-21,2022-07-21
W001,67854-NV2-140,1.0,1,1,2022-06-09,2022-06-09
W001,67854-NV2-110,1.0,1,1,2022-07-03,2022-07-03
W001,67854-M91-90,1.0,1,1,2022-07-21,2022-07-21
W001,67854-M91-100,1.0,1,1,2022-07-27,2022-07-27
W001,54062-BO1-140,1.0,1,1,2022-07-23,2022-07-23
invalid,68027-201-130,1.0,1,1,2022-12-26,2022-12-26
invalid,68027-193-110,1.0,1,1,2022-09-01,2022-09-01
invalid,68027-192-100,1.0,1,1,2022-09-20,2022-09-20
invalid,68027-191-90,1.0,1,1,2022-12-03,2022-12-03
invalid,68027-191-85,1.0,1,1,2022-12-23,2022-12-23
invalid,68027-191-130,1.0,1,1,2022-12-04,2022-12-04
invalid,68027-189-120,1.0,1,1,2022-11-25,2022-11-25
invalid,68027-189-100,1.0,1,1,2023-01-22,2023-01-22
invalid,68027-186-130,1.0,1,1,2023-01-31,2023-01-31
invalid,68027-186-110,1.0,1,1,2022-10-04,2022-10-04
W001,67854-76X-140,1.0,1,1,2022-07-01,2022-07-01
W001,67854-76X-130,1.0,1,1,2022-07-08,2022-07-08
W001,67854-76X-100,1.0,1,1,2022-06-30,2022-06-30
W001,67853-WX4-140,1.0,1,1,2022-06-06,2022-06-06
W001,67853-WX2-85,1.0,1,1,2022-06-05,2022-06-05
W001,67852-WW6-120,1.0,1,1,2022-06-23,2022-06-23
W001,67852-WU4-90,1.0,1,1,2022-06-20,2022-06-20
W001,67852-WU4-150,1.0,1,1,2022-06-12,2022-06-12
W001,67852-WU4-140,1.0,1,1,2022-07-22,2022-07-22
W001,67851-WX4-120,1.0,1,1,2022-06-18,2022-06-18
W001,67851-WW6-90,1.0,1,1,2022-06-23,2022-06-23
W001,67851-WW6-150,1.0,1,1,2022-07-07,2022-07-07
W001,67851-WW6-120,1.0,1,1,2022-06-22,2022-06-22
W001,67849-VX9-90,1.0,1,1,2022-06-13,2022-06-13
W001,54629-BH5-L,1.0,1,1,2022-01-31,2022-01-31
W001,54062-NU7-110,1.0,1,1,2022-01-07,2022-01-07
W001,54062-NU7-100,1.0,1,1,2022-01-19,2022-01-19
W001,54062-NB1-90,1.0,1,1,2022-02-06,2022-02-06
W001,54062-NB1-130,1.0,1,1,2022-01-31,2022-01-31
W001,54062-NB1-120,1.0,1,1,2022-02-02,2022-02-02
W001,54062-JB1-100,1.0,1,1,2022-01-31,2022-01-31
W001,67848-NV2-90,1.0,1,1,2022-06-30,2022-06-30
W001,67192-VM1-140,1.0,1,1,2022-02-02,2022-02-02
W001,67192-VM1-110,1.0,1,1,2022-01-06,2022-01-06
W001,67192-NT9-150,1.0,1,1,2022-02-11,2022-02-11
invalid,68034-086-110,1.0,1,1,2024-01-27,2024-01-27
invalid,68032-VX9-100,1.0,1,1,2023-01-27,2023-01-27
invalid,68032-SR4-110,1.0,1,1,2023-02-28,2023-02-28
invalid,68031-XM5-100,1.0,1,1,2022-11-14,2022-11-14
invalid,68031-XD4-110,1.0,1,1,2022-11-07,2022-11-07
invalid,68031-WV9-110,1.0,1,1,2022-12-26,2022-12-26
invalid,68031-WV9-100,1.0,1,1,2023-01-24,2023-01-24
invalid,68029-XG3-85,1.0,1,1,2022-12-05,2022-12-05
W001,67849-VX9-85,1.0,1,1,2022-07-03,2022-07-03
W001,67849-VX9-110,1.0,1,1,2022-07-23,2022-07-23
W001,67849-38T-100,1.0,1,1,2022-06-13,2022-06-13
W001,67852-WW6-150,1.0,1,1,2022-06-16,2022-06-16
W001,67192-NT9-100,1.0,1,1,2022-01-17,2022-01-17
W001,67192-M23-90,1.0,1,1,2022-01-15,2022-01-15
W001,67845-Y70-120,1.0,1,1,2022-06-06,2022-06-06
W001,67845-DK4-100,1.0,1,1,2022-06-13,2022-06-13
W001,67845-31A-150,1.0,1,1,2022-06-13,2022-06-13
W001,53841-PU9-130,1.0,1,1,2022-01-14,2022-01-14
W001,53824-PU9-90,1.0,1,1,2022-01-13,2022-01-13
W001,53216-011-150,1.0,1,1,2022-01-13,2022-01-13
W001,53216-011-140,1.0,1,1,2022-02-11,2022-02-11
W001,53216-011-110,1.0,1,1,2022-02-21,2022-02-21
W001,52809-FV7-XS,1.0,1,1,2022-01-06,2022-01-06
W001,52809-FV7-XL,1.0,1,1,2022-01-26,2022-01-26
invalid,68035-XH8-120,1.0,1,1,2022-12-15,2022-12-15
invalid,68035-XF3-120,1.0,1,1,2022-07-25,2022-07-25
invalid,68035-XF3-110,1.0,1,1,2023-01-09,2023-01-09
invalid,68034-086-140,1.0,1,1,2024-01-30,2024-01-30
W001,67844-C20-150,1.0,1,1,2022-06-14,2022-06-14
W001,67842-C20-85,1.0,1,1,2022-05-22,2022-05-22
W001,67842-C20-140,1.0,1,1,2022-05-13,2022-05-13
W001,67798-VX9-80,1.0,1,1,2022-07-29,2022-07-29
W001,67798-VX9-50,1.0,1,1,2022-08-01,2022-08-01
W001,67798-G31-70,1.0,1,1,2022-07-22,2022-07-22
invalid,68047-UV5-85,1.0,1,1,2022-07-30,2022-07-30
invalid,68042-XF3-150,1.0,1,1,2022-07-25,2022-07-25
invalid,68042-XF3-140,1.0,1,1,2022-07-26,2022-07-26
invalid,68042-XF3-110,1.0,1,1,2022-07-25,2022-07-25
invalid,68042-A21-120,1.0,1,1,2023-01-26,2023-01-26
invalid,68042-A21-110,1.0,1,1,2022-07-27,2022-07-27
invalid,68041-85H-130,1.0,1,1,2022-07-28,2022-07-28
invalid,68037-XG3-130,1.0,1,1,2023-01-19,2023-01-19
invalid,68036-XJ4-100,1.0,1,1,2022-11-14,2022-11-14
W001,53841-PU9-150,1.0,1,1,2022-03-25,2022-03-25
W001,67784-001-90,1.0,1,1,2022-06-23,2022-06-23
W001,67782-990-60,1.0,1,1,2022-07-27,2022-07-27
invalid,68047-XK9-50,1.0,1,1,2022-07-30,2022-07-30
W001,52809-FV7-M,1.0,1,1,2022-01-12,2022-01-12
W001,52733-M23-NB,1.0,1,1,2022-02-05,2022-02-05
W001,52733-76X-5/7,1.0,1,1,2025-01-20,2025-01-20
W001,67798-78M-85,1.0,1,1,2022-07-25,2022-07-25
W001,67798-78M-60,1.0,1,1,2022-07-29,2022-07-29
W001,67798-76X-85,1.0,1,1,2022-06-28,2022-06-28
W001,67798-76X-80,1.0,1,1,2022-07-29,2022-07-29
W001,67798-76X-75,1.0,1,1,2022-07-28,2022-07-28
W001,67798-76X-50,1.0,1,1,2022-07-22,2022-07-22
W001,67793-WU4-70,1.0,1,1,2022-07-31,2022-07-31
W001,67793-WU4-60,1.0,1,1,2022-08-01,2022-08-01
W001,67791-WV5-80,1.0,1,1,2022-07-29,2022-07-29
W001,67845-31A-100,1.0,1,1,2022-06-18,2022-06-18
W001,67194-GF2-85,1.0,1,1,2022-02-27,2022-02-27
W001,67194-GF2-150,1.0,1,1,2022-01-07,2022-01-07
W001,67194-GF2-120,1.0,1,1,2022-01-16,2022-01-16
W001,67193-76X-85,1.0,1,1,2022-02-19,2022-02-19
W001,52706-FX8-85,1.0,1,1,2022-02-24,2022-02-24
invalid,68069-XC8-80,1.0,1,1,2022-07-29,2022-07-29
invalid,68069-XC8-75,1.0,1,1,2022-11-17,2022-11-17
invalid,68069-UV5-50,1.0,1,1,2023-01-07,2023-01-07
invalid,68069-952-60,1.0,1,1,2023-07-18,2023-07-18
W001,67788-WX1-90,1.0,1,1,2022-07-29,2022-07-29
W001,67788-WU4-85,1.0,1,1,2022-07-25,2022-07-25
W001,67788-WU4-80,1.0,1,1,2022-06-25,2022-06-25
W001,67788-WU4-60,1.0,1,1,2022-08-01,2022-08-01
W001,67784-V98-80,1.0,1,1,2022-06-24,2022-06-24
W001,67784-SR4-60,1.0,1,1,2022-06-30,2022-06-30
W001,67784-SR4-50,1.0,1,1,2022-06-14,2022-06-14
W001,67767-WZ1-85,1.0,1,1,2022-07-25,2022-07-25
W001,67767-WZ1-60,1.0,1,1,2022-07-30,2022-07-30
W001,67767-WZ1-50,1.0,1,1,2022-07-31,2022-07-31
W001,67767-VU6-75,1.0,1,1,2022-06-24,2022-06-24
invalid,68102-G44-90,1.0,1,1,2022-07-31,2022-07-31
invalid,68102-G44-130,1.0,1,1,2022-07-29,2022-07-29
invalid,68100-TV4-150,1.0,1,1,2022-07-20,2022-07-20
invalid,68086-SR4-80,1.0,1,1,2022-11-09,2022-11-09
invalid,68082-XJ2-90,1.0,1,1,2022-09-07,2022-09-07
invalid,68078-183-75,1.0,1,1,2022-11-08,2022-11-08
invalid,68077-76X-75,1.0,1,1,2022-12-21,2022-12-21
W001,67773-WX3-60,1.0,1,1,2022-08-01,2022-08-01
W001,67773-WU6-90,1.0,1,1,2022-07-26,2022-07-26
W001,67773-WU1-70,1.0,1,1,2022-06-14,2022-06-14
W001,67770-V98-90,1.0,1,1,2022-06-15,2022-06-15
W001,67194-M23-130,1.0,1,1,2022-02-24,2022-02-24
W001,67762-WV5-75,1.0,1,1,2022-07-07,2022-07-07
W001,67196-M23-110,1.0,1,1,2022-02-14,2022-02-14
W001,67196-76X-130,1.0,1,1,2022-01-18,2022-01-18
W001,67196-76X-110,1.0,1,1,2022-01-18,2022-01-18
W001,67195-76X-90,1.0,1,1,2022-02-03,2022-02-03
W001,67195-76X-120,1.0,1,1,2022-02-25,2022-02-25
W001,67195-76X-110,1.0,1,1,2022-01-19,2022-01-19
W001,67195-76X-100,1.0,1,1,2022-02-20,2022-02-20
W001,67195-015-85,1.0,1,1,2022-04-13,2022-04-13
W001,67195-015-110,1.0,1,1,2022-02-06,2022-02-06
W001,67194-SR4-140,1.0,1,1,2022-01-08,2022-01-08
invalid,68116-XG7-100,1.0,1,1,2022-07-29,2022-07-29
invalid,68105-XH2-S,1.0,1,1,2022-07-26,2022-07-26
W001,52701-kl9-XL,1.0,1,1,2022-01-18,2022-01-18
W001,67770-SR4-80,1.0,1,1,2022-06-15,2022-06-15
W001,67770-78M-90,1.0,1,1,2022-06-23,2022-06-23
W001,67755-WV4-80,1.0,1,1,2022-06-20,2022-06-20
W001,67751-WW6-85,1.0,1,1,2022-07-06,2022-07-06
W001,67751-WW6-60,1.0,1,1,2022-06-15,2022-06-15
invalid,68116-XG7-90,1.0,1,1,2023-01-25,2023-01-25
W001,67194-M23-85,1.0,1,1,2022-01-29,2022-01-29
W001,67759-WZ1-60,1.0,1,1,2022-07-06,2022-07-06
W001,67759-WV1-85,1.0,1,1,2022-06-06,2022-06-06
W001,67759-WV1-70,1.0,1,1,2022-06-30,2022-06-30
W001,67759-WU4-90,1.0,1,1,2022-07-02,2022-07-02
W001,67759-WU4-85,1.0,1,1,2022-06-20,2022-06-20
W001,67759-WU4-75,1.0,1,1,2022-06-13,2022-06-13
W001,67759-WU4-60,1.0,1,1,2022-07-06,2022-07-06
W001,67755-WY2-90,1.0,1,1,2022-07-03,2022-07-03
W001,67755-WY2-80,1.0,1,1,2022-06-14,2022-06-14
W001,67765-XA4-70,1.0,1,1,2022-07-27,2022-07-27
W001,67765-XA4-60,1.0,1,1,2022-07-04,2022-07-04
W001,67745-VU6-60,1.0,1,1,2022-06-09,2022-06-09
W001,67742-XA4-75,1.0,1,1,2022-07-27,2022-07-27
W001,67742-WX6-50,1.0,1,1,2022-07-26,2022-07-26
W001,67742-WW6-90,1.0,1,1,2022-06-30,2022-06-30
W001,67742-WW6-75,1.0,1,1,2022-06-29,2022-06-29
W001,52621-75Z-12,1.0,1,1,2022-02-27,2022-02-27
invalid,68119-930-85,1.0,1,1,2024-02-03,2024-02-03
invalid,68119-912-100,1.0,1,1,2023-12-29,2023-12-29
invalid,68119-765-140,1.0,1,1,2023-10-03,2023-10-03
invalid,68118-XJ5-90,1.0,1,1,2022-07-22,2022-07-22
invalid,68118-XJ5-85,1.0,1,1,2022-12-23,2022-12-23
invalid,68118-BS8-140,1.0,1,1,2022-11-27,2022-11-27
invalid,68118-BS8-130,1.0,1,1,2022-11-01,2022-11-01
invalid,68118-BS8-120,1.0,1,1,2022-07-26,2022-07-26
invalid,68116-XQ7-150,1.0,1,1,2023-11-04,2023-11-04
W001,67755-WV4-90,1.0,1,1,2022-06-28,2022-06-28
W001,67197-AN8-120,1.0,1,1,2022-02-17,2022-02-17
W001,67197-AN8-110,1.0,1,1,2022-02-08,2022-02-08
W001,67197-A91-90,1.0,1,1,2022-01-30,2022-01-30
W001,67197-A91-150,1.0,1,1,2022-01-14,2022-01-14
W001,67197-990-130,1.0,1,1,2022-01-05,2022-01-05
W001,67197-990-100,1.0,1,1,2022-01-24,2022-01-24
invalid,68119-XD5-120,1.0,1,1,2022-10-05,2022-10-05
invalid,68119-A21-120,1.0,1,1,2022-12-05,2022-12-05
W001,52621-Q84-7,1.0,1,1,2022-01-17,2022-01-17
W001,52621-Q84-1Y,1.0,1,1,2022-02-13,2022-02-13
W001,52621-FU8-12,1.0,1,1,2022-01-18,2022-01-18
W001,67751-WV1-50,1.0,1,1,2022-06-27,2022-06-27
W001,67751-AV3-85,1.0,1,1,2022-06-07,2022-06-07
W001,67745-WX4-75,1.0,1,1,2022-06-14,2022-06-14
W001,67745-WX4-60,1.0,1,1,2022-06-12,2022-06-12
W001,67745-WV5-50,1.0,1,1,2022-07-05,2022-07-05
W001,67196-M23-85,1.0,1,1,2022-01-13,2022-01-13
W001,67737-WZ1-70,1.0,1,1,2022-07-05,2022-07-05
W001,67737-WX5-75,1.0,1,1,2022-07-07,2022-07-07
W001,67731-WW6-50,1.0,1,1,2022-06-19,2022-06-19
W001,67726-WX3-85,1.0,1,1,2022-06-16,2022-06-16
W001,67726-WX3-70,1.0,1,1,2022-06-13,2022-06-13
W001,67726-AV3-80,1.0,1,1,2022-05-16,2022-05-16
W001,52605-Q84-3Y,1.0,1,1,2022-01-19,2022-01-19
invalid,68119-XH7-90,1.0,1,1,2023-01-31,2023-01-31
invalid,68119-XH6-130,1.0,1,1,2022-11-07,2022-11-07
invalid,68119-XH6-120,1.0,1,1,2022-11-03,2022-11-03
invalid,68119-XH5-130,1.0,1,1,2022-11-21,2022-11-21
invalid,68119-XH5-110,1.0,1,1,2022-09-09,2022-09-09
invalid,68119-XE6-100,1.0,1,1,2023-05-11,2023-05-11
W001,67737-WZ1-75,1.0,1,1,2022-07-25,2022-07-25
W001,67197-AN8-85,1.0,1,1,2022-01-18,2022-01-18
W001,67197-M23-85,1.0,1,1,2022-01-11,2022-01-11
W001,67726-AV3-75,1.0,1,1,2022-05-19,2022-05-19
W001,67726-AV3-50,1.0,1,1,2022-05-24,2022-05-24
W001,67722-WX5-80,1.0,1,1,2022-06-24,2022-06-24
W001,67716-VX9-75,1.0,1,1,2022-07-05,2022-07-05
W001,67716-VH3-85,1.0,1,1,2022-07-25,2022-07-25
W001,67716-G31-50,1.0,1,1,2022-07-28,2022-07-28
W001,67711-WZ1-85,1.0,1,1,2022-06-30,2022-06-30
W001,67711-WY2-90,1.0,1,1,2022-06-25,2022-06-25
W001,67711-WY2-80,1.0,1,1,2022-06-30,2022-06-30
W001,67711-WV7-90,1.0,1,1,2022-06-30,2022-06-30
W001,67711-WV7-85,1.0,1,1,2022-06-29,2022-06-29
W001,52606-G84-7,1.0,1,1,2022-02-02,2022-02-02
W001,52606-G84-2Y,1.0,1,1,2022-01-27,2022-01-27
W001,52606-56X-11,1.0,1,1,2022-02-13,2022-02-13
W001,52605-Q84-5,1.0,1,1,2022-02-08,2022-02-08
W001,67707-SQ4-90,1.0,1,1,2022-05-23,2022-05-23
W001,67707-SQ3-130,1.0,1,1,2022-05-25,2022-05-25
invalid,68125-757-100,1.0,1,1,2024-01-31,2024-01-31
invalid,68125-744-140,1.0,1,1,2023-12-26,2023-12-26
invalid,68125-733-110,1.0,1,1,2023-11-01,2023-11-01
invalid,68125-732-110,1.0,1,1,2023-12-23,2023-12-23
invalid,68125-720-90,1.0,1,1,2024-01-19,2024-01-19
invalid,68125-1BF-100,1.0,1,1,2024-01-25,2024-01-25
invalid,68125-039-85,1.0,1,1,2023-01-27,2023-01-27
invalid,68125-039-110,1.0,1,1,2023-02-01,2023-02-01
invalid,68125-036-100,1.0,1,1,2023-01-06,2023-01-06
W001,67711-WV7-75,1.0,1,1,2022-06-28,2022-06-28
W001,67200-A79-85,1.0,1,1,2022-01-17,2022-01-17
W001,67200-A79-130,1.0,1,1,2022-01-12,2022-01-12
W001,67200-A79-120,1.0,1,1,2022-02-23,2022-02-23
W001,67200-A79-110,1.0,1,1,2022-01-15,2022-01-15
W001,67201-GF2-110,1.0,1,1,2022-02-24,2022-02-24
W001,67201-B42-90,1.0,1,1,2022-01-27,2022-01-27
invalid,68125-922-110,1.0,1,1,2023-12-02,2023-12-02
invalid,68125-757-85,1.0,1,1,2024-01-26,2024-01-26
W001,52605-Q84-12,1.0,1,1,2022-01-07,2022-01-07
W001,52605-Q84-10,1.0,1,1,2022-01-09,2022-01-09
W001,52605-FU8-1Y,1.0,1,1,2022-02-08,2022-02-08
W001,67711-WV7-60,1.0,1,1,2022-06-04,2022-06-04
W001,67711-VZ2-75,1.0,1,1,2022-06-20,2022-06-20
W001,67710-WW6-90,1.0,1,1,2022-06-30,2022-06-30
W001,67710-WW6-75,1.0,1,1,2022-06-24,2022-06-24
W001,67710-WW6-70,1.0,1,1,2022-07-01,2022-07-01
W001,67710-WV7-85,1.0,1,1,2022-06-09,2022-06-09
W001,67710-WV7-70,1.0,1,1,2022-06-15,2022-06-15
W001,67710-VU6-70,1.0,1,1,2022-07-01,2022-07-01
W001,67710-VU6-60,1.0,1,1,2022-06-29,2022-06-29
W001,67704-WY2-120,1.0,1,1,2022-07-22,2022-07-22
W001,67704-WY2-110,1.0,1,1,2022-07-24,2022-07-24
W001,67704-WV1-130,1.0,1,1,2022-06-16,2022-06-16
W001,67704-WU1-160,1.0,1,1,2022-06-29,2022-06-29
W001,67701-WU6-L,1.0,1,1,2022-06-08,2022-06-08
W001,67698-76X-110,1.0,1,1,2022-06-28,2022-06-28
W001,67692-WK9-150,1.0,1,1,2022-06-05,2022-06-05
W001,67692-WK9-140,1.0,1,1,2022-06-27,2022-06-27
invalid,68125-XB2-100,1.0,1,1,2022-09-26,2022-09-26
W001,52573-FV7-XXL,1.0,1,1,2022-01-30,2022-01-30
W001,52408-Q84-85,1.0,1,1,2022-02-15,2022-02-15
invalid,68125-927-90,1.0,1,1,2023-09-24,2023-09-24
invalid,68125-922-140,1.0,1,1,2023-12-22,2023-12-22
W001,67707-SH4-110,1.0,1,1,2022-06-15,2022-06-15
W001,67706-WV4-85,1.0,1,1,2022-06-24,2022-06-24
W001,67706-WV4-80,1.0,1,1,2022-06-20,2022-06-20
W001,67692-62L-130,1.0,1,1,2022-07-24,2022-07-24
W001,67692-62L-120,1.0,1,1,2022-06-16,2022-06-16
W001,67691-SR4-90,1.0,1,1,2022-05-16,2022-05-16
W001,67691-SR4-140,1.0,1,1,2022-06-09,2022-06-09
W001,67691-HI2-150,1.0,1,1,2022-07-01,2022-07-01
W001,67691-HI2-130,1.0,1,1,2022-06-26,2022-06-26
W001,67691-HI2-120,1.0,1,1,2022-07-08,2022-07-08
W001,52399-A91-XS,1.0,1,1,2022-02-07,2022-02-07
W001,52399-A91-S,1.0,1,1,2022-01-13,2022-01-13
invalid,68125-XB5-110,1.0,1,1,2022-10-07,2022-10-07
invalid,68125-XB2-90,1.0,1,1,2022-09-21,2022-09-21
invalid,68125-XB2-140,1.0,1,1,2024-01-31,2024-01-31
W001,67200-M23-90,1.0,1,1,2022-01-12,2022-01-12
W001,67200-M23-85,1.0,1,1,2022-01-18,2022-01-18
W001,67705-DK4-140,1.0,1,1,2022-08-02,2022-08-02
W001,67705-DK4-130,1.0,1,1,2022-08-02,2022-08-02
W001,67688-EH3-120,1.0,1,1,2022-07-03,2022-07-03
W001,67688-76X-120,1.0,1,1,2022-06-21,2022-06-21
W001,67687-RR7-110,1.0,1,1,2022-06-24,2022-06-24
W001,67687-G31-140,1.0,1,1,2022-06-27,2022-06-27
W001,67687-G31-120,1.0,1,1,2022-06-25,2022-06-25
W001,67203-KR4-100,1.0,1,1,2022-01-27,2022-01-27
invalid,68143-BD4-80,1.0,1,1,2022-09-21,2022-09-21
invalid,68135-XA5-130,1.0,1,1,2022-12-04,2022-12-04
invalid,68126-TV4-110,1.0,1,1,2023-01-22,2023-01-22
invalid,68126-TV4-100,1.0,1,1,2022-09-16,2022-09-16
invalid,68126-C20-85,1.0,1,1,2023-05-05,2023-05-05
invalid,68125-XT9-140,1.0,1,1,2024-02-06,2024-02-06
invalid,68125-XB5-90,1.0,1,1,2022-11-04,2022-11-04
invalid,68125-XB5-85,1.0,1,1,2022-09-20,2022-09-20
W001,67692-WF3-110,1.0,1,1,2022-07-26,2022-07-26
W001,67692-WF3-100,1.0,1,1,2022-07-25,2022-07-25
W001,67201-VK3-130,1.0,1,1,2022-02-13,2022-02-13
W001,67201-M23-90,1.0,1,1,2022-02-25,2022-02-25
W001,67201-M23-85,1.0,1,1,2022-01-31,2022-01-31
W001,67201-M23-150,1.0,1,1,2022-02-14,2022-02-14
W001,67201-M23-110,1.0,1,1,2022-01-23,2022-01-23
W001,52399-069-XL,1.0,1,1,2022-02-06,2022-02-06
W001,52399-069-M,1.0,1,1,2022-01-09,2022-01-09
W001,52399-069-L,1.0,1,1,2022-02-25,2022-02-25
W001,52399-011-M,1.0,1,1,2022-01-06,2022-01-06
W001,52382-SR4-70,1.0,1,1,2022-02-23,2022-02-23
W001,52382-SR4-60,1.0,1,1,2022-01-31,2022-01-31
W001,52382-SR4-50,1.0,1,1,2022-02-15,2022-02-15
W001,67691-BD4-90,1.0,1,1,2022-06-15,2022-06-15
W001,67691-BD4-85,1.0,1,1,2022-06-14,2022-06-14
W001,67691-BD4-140,1.0,1,1,2022-06-07,2022-06-07
W001,67690-GK3-90,1.0,1,1,2022-07-01,2022-07-01
W001,67683-WY2-85,1.0,1,1,2022-06-06,2022-06-06
W001,67683-WX3-90,1.0,1,1,2022-06-07,2022-06-07
W001,67683-WX3-120,1.0,1,1,2022-06-17,2022-06-17
W001,52312-990-L,1.0,1,1,2022-01-07,2022-01-07
invalid,68167-GF2-S,1.0,1,1,2023-01-25,2023-01-25
invalid,68166-VX9-S,1.0,1,1,2022-11-16,2022-11-16
invalid,68166-A79-S,1.0,1,1,2023-01-24,2023-01-24
invalid,68150-A79-50,1.0,1,1,2023-02-19,2023-02-19
W001,67686-WY6-100,1.0,1,1,2022-06-07,2022-06-07
W001,67686-WY5-150,1.0,1,1,2022-05-07,2022-05-07
W001,67686-WY4-90,1.0,1,1,2022-06-15,2022-06-15
W001,67686-WY4-85,1.0,1,1,2022-06-07,2022-06-07
W001,67686-WY4-130,1.0,1,1,2022-06-15,2022-06-15
W001,67686-WJ8-90,1.0,1,1,2022-05-16,2022-05-16
W001,67686-WJ8-85,1.0,1,1,2022-05-29,2022-05-29
W001,67201-VK3-90,1.0,1,1,2022-02-02,2022-02-02
W001,67682-WY2-85,1.0,1,1,2022-05-25,2022-05-25
W001,67682-WY2-100,1.0,1,1,2022-06-09,2022-06-09
W001,67682-WX3-140,1.0,1,1,2022-06-09,2022-06-09
W001,67681-78M-150,1.0,1,1,2022-06-05,2022-06-05
invalid,68173-243-70,1.0,1,1,2023-06-15,2023-06-15
W001,52382-M23-60,1.0,1,1,2022-01-22,2022-01-22
W001,52382-M23-50,1.0,1,1,2022-01-14,2022-01-14
W001,52382-GF2-80,1.0,1,1,2022-01-12,2022-01-12
W001,52382-GF2-75,1.0,1,1,2022-02-22,2022-02-22
W001,52382-AN8-85,1.0,1,1,2022-02-22,2022-02-22
W001,52312-G43-M,1.0,1,1,2022-02-22,2022-02-22
W001,67685-WL5-85,1.0,1,1,2022-06-08,2022-06-08
W001,67685-WL5-150,1.0,1,1,2022-06-09,2022-06-09
W001,67685-WL5-100,1.0,1,1,2022-06-30,2022-06-30
W001,67685-PN4-100,1.0,1,1,2022-06-27,2022-06-27
W001,67684-78M-130,1.0,1,1,2022-07-29,2022-07-29
invalid,68179-203-85,1.0,1,1,2022-10-05,2022-10-05
invalid,68179-203-150,1.0,1,1,2022-07-30,2022-07-30
invalid,68179-200-90,1.0,1,1,2022-10-15,2022-10-15
invalid,68175-XF3-85,1.0,1,1,2022-07-16,2022-07-16
invalid,68173-A21-90,1.0,1,1,2022-07-22,2022-07-22
invalid,68173-A21-80,1.0,1,1,2022-07-22,2022-07-22
invalid,68173-A21-60,1.0,1,1,2022-07-23,2022-07-23
W001,67681-70D-90,1.0,1,1,2022-06-28,2022-06-28
W001,67204-GF2-140,1.0,1,1,2022-01-20,2022-01-20
W001,67204-CM4-85,1.0,1,1,2022-01-03,2022-01-03
W001,67204-CM4-130,1.0,1,1,2022-01-25,2022-01-25
W001,67203-VM1-110,1.0,1,1,2022-01-20,2022-01-20
W001,67203-NT9-90,1.0,1,1,2022-01-13,2022-01-13
W001,67203-NT9-150,1.0,1,1,2022-02-07,2022-02-07
W001,67203-NT9-130,1.0,1,1,2022-01-20,2022-01-20
W001,67203-KR4-90,1.0,1,1,2022-01-13,2022-01-13
invalid,80002-017-M,1.0,1,1,2022-11-01,2022-11-01
W001,52312-001-M,1.0,1,1,2022-02-22,2022-02-22
W001,52309-WQ9-S,1.0,1,1,2022-07-26,2022-07-26
W001,52309-QP3-S,1.0,1,1,2022-01-12,2022-01-12
W001,52309-NL2-L,1.0,1,1,2022-01-26,2022-01-26
W001,52309-NL1-XS,1.0,1,1,2022-06-08,2022-06-08
W001,52309-NL1-M,1.0,1,1,2022-01-27,2022-01-27
W001,52171-VL6-85,1.0,1,1,2022-01-20,2022-01-20
W001,52171-VC6-50,1.0,1,1,2022-01-11,2022-01-11
invalid,68182-Q59-150,1.0,1,1,2022-08-18,2022-08-18
invalid,68182-FE5-150,1.0,1,1,2023-02-01,2023-02-01
invalid,68182-CD7-130,1.0,1,1,2022-11-14,2022-11-14
invalid,68181-VX9-130,1.0,1,1,2022-11-16,2022-11-16
invalid,68181-SR4-90,1.0,1,1,2022-11-26,2022-11-26
invalid,68179-855-100,1.0,1,1,2023-09-23,2023-09-23
invalid,68179-203-90,1.0,1,1,2022-10-07,2022-10-07
W001,67204-NU3-85,1.0,1,1,2022-02-27,2022-02-27
W001,67203-KR4-130,1.0,1,1,2022-01-20,2022-01-20
W001,67203-KR4-110,1.0,1,1,2022-01-19,2022-01-19
W001,67680-WY7-90,1.0,1,1,2022-06-09,2022-06-09
W001,67680-WY7-85,1.0,1,1,2022-06-10,2022-06-10
W001,67680-WY7-100,1.0,1,1,2022-07-02,2022-07-02
W001,67680-WL5-110,1.0,1,1,2022-05-20,2022-05-20
W001,67680-WL5-100,1.0,1,1,2022-06-30,2022-06-30
W001,67679-78M-90,1.0,1,1,2022-06-14,2022-06-14
W001,67679-78M-140,1.0,1,1,2022-06-18,2022-06-18
W001,67679-78M-120,1.0,1,1,2022-06-24,2022-06-24
W001,67679-78M-110,1.0,1,1,2022-07-01,2022-07-01
W001,67679-78M-100,1.0,1,1,2022-06-28,2022-06-28
W001,67679-015-90,1.0,1,1,2022-06-08,2022-06-08
W001,67678-78M-90,1.0,1,1,2022-06-16,2022-06-16
invalid,80002-017-XXL,1.0,1,1,2022-12-14,2022-12-14
W001,67678-015-150,1.0,1,1,2022-07-26,2022-07-26
W001,67633-AV3-100,1.0,1,1,2022-06-30,2022-06-30
W001,67631-WV1-XL,1.0,1,1,2022-04-23,2022-04-23
W001,52081-GA5-150,1.0,1,1,2022-08-01,2022-08-01
W001,51955-PV4-120,1.0,1,1,2022-01-20,2022-01-20
W001,51911-J81-80,1.0,1,1,2022-01-08,2022-01-08
W001,51911-J81-150,1.0,1,1,2022-02-17,2022-02-17
W001,51911-HI7-150,1.0,1,1,2022-01-23,2022-01-23
invalid,80021-FV7-M,1.0,1,1,2022-12-22,2022-12-22
invalid,80019-025-XXL,1.0,1,1,2022-11-07,2022-11-07
invalid,80009-017-L,1.0,1,1,2022-11-23,2022-11-23
W001,67678-78M-140,1.0,1,1,2022-06-13,2022-06-13
W001,67678-78M-130,1.0,1,1,2022-07-26,2022-07-26
W001,67678-015-85,1.0,1,1,2022-06-17,2022-06-17
W001,67207-B42-140,1.0,1,1,2022-02-07,2022-02-07
W001,67206-M23-140,1.0,1,1,2022-01-12,2022-01-12
W001,67614-RR5-90,1.0,1,1,2022-07-01,2022-07-01
W001,67207-SR4-140,1.0,1,1,2022-02-23,2022-02-23
W001,67207-SR4-120,1.0,1,1,2022-02-23,2022-02-23
W001,67207-GF2-150,1.0,1,1,2022-02-25,2022-02-25
W001,67207-GF2-120,1.0,1,1,2022-01-10,2022-01-10
W001,67207-EH3-85,1.0,1,1,2022-01-13,2022-01-13
W001,51911-C57-90,1.0,1,1,2022-02-12,2022-02-12
W001,51911-C57-150,1.0,1,1,2022-01-14,2022-01-14
W001,51911-C57-130,1.0,1,1,2022-01-13,2022-01-13
W001,51911-77M-120,1.0,1,1,2022-01-28,2022-01-28
W001,51911-10F-90,1.0,1,1,2022-03-09,2022-03-09
invalid,80032-XW4-130,1.0,1,1,2023-01-26,2023-01-26
invalid,80031-CK7-85,1.0,1,1,2022-11-17,2022-11-17
invalid,80028-032-XS,1.0,1,1,2023-01-20,2023-01-20
W001,52171-DK3-50,1.0,1,1,2022-01-20,2022-01-20
W001,67204-NU3-120,1.0,1,1,2022-01-16,2022-01-16
W001,67613-RR5-110,1.0,1,1,2022-06-30,2022-06-30
W001,67612-RR5-85,1.0,1,1,2022-07-01,2022-07-01
W001,67612-RR5-130,1.0,1,1,2022-07-01,2022-07-01
W001,67610-RR5-L,1.0,1,1,2022-07-08,2022-07-08
W001,67609-PH1-60,1.0,1,1,2022-07-01,2022-07-01
W001,67608-PH1-90,1.0,1,1,2022-06-24,2022-06-24
W001,67608-PH1-140,1.0,1,1,2022-07-30,2022-07-30
W001,67608-PH1-130,1.0,1,1,2022-07-25,2022-07-25
W001,67608-PH1-120,1.0,1,1,2022-07-22,2022-07-22
W001,51911-015-80,1.0,1,1,2022-02-20,2022-02-20
W001,51911-015-150,1.0,1,1,2022-01-31,2022-01-31
W001,51891-M23-80,1.0,1,1,2022-06-07,2022-06-07
W001,51911-HI7-120,1.0,1,1,2022-02-02,2022-02-02
W001,51911-HI7-100,1.0,1,1,2022-01-11,2022-01-11
W001,51911-GF2-150,1.0,1,1,2022-01-12,2022-01-12
W001,51911-GF2-140,1.0,1,1,2022-02-12,2022-02-12
W001,67605-PH1-85,1.0,1,1,2022-06-29,2022-06-29
W001,67605-PH1-150,1.0,1,1,2022-06-30,2022-06-30
W001,67605-PH1-110,1.0,1,1,2022-06-24,2022-06-24
W001,67604-WS6-85,1.0,1,1,2022-06-28,2022-06-28
W001,67604-WS6-140,1.0,1,1,2022-07-23,2022-07-23
W001,67604-WS6-130,1.0,1,1,2022-06-26,2022-06-26
W001,67604-WS5-85,1.0,1,1,2022-07-23,2022-07-23
W001,51836-UU9-80,1.0,1,1,2022-02-09,2022-02-09
invalid,80039-VK3-M,1.0,1,1,2023-01-17,2023-01-17
invalid,80039-VJ9-XS,1.0,1,1,2022-12-13,2022-12-13
invalid,80039-VJ7-XXL,1.0,1,1,2022-12-12,2022-12-12
invalid,80039-TN7-L,1.0,1,1,2022-11-18,2022-11-18
invalid,80039-QX6-XL,1.0,1,1,2023-01-04,2023-01-04
invalid,80034-022-XL,1.0,1,1,2022-11-24,2022-11-24
invalid,80033-XV8-85,1.0,1,1,2023-01-17,2023-01-17
W001,67207-EH3-100,1.0,1,1,2022-01-26,2022-01-26
W001,67604-WS5-100,1.0,1,1,2022-07-26,2022-07-26
W001,67602-WS9-120,1.0,1,1,2022-07-31,2022-07-31
W001,67601-TZ2-85,1.0,1,1,2022-07-31,2022-07-31
W001,67601-TZ2-130,1.0,1,1,2022-06-24,2022-06-24
W001,67599-TZ2-M,1.0,1,1,2022-07-21,2022-07-21
W001,67598-WS4-85,1.0,1,1,2022-06-05,2022-06-05
W001,67598-WS4-80,1.0,1,1,2022-06-30,2022-06-30
W001,67598-WS4-70,1.0,1,1,2022-06-14,2022-06-14
W001,51573-QV9-120,1.0,1,1,2022-01-25,2022-01-25
W001,51891-GF2-150,1.0,1,1,2022-01-17,2022-01-17
W001,51891-77M-150,1.0,1,1,2022-01-17,2022-01-17
W001,51836-XG7-90,1.0,1,1,2022-07-29,2022-07-29
W001,51836-XC1-90,1.0,1,1,2022-07-31,2022-07-31
W001,67607-PH1-XXL,1.0,1,1,2022-07-28,2022-07-28
W001,67607-PH1-S,1.0,1,1,2022-07-26,2022-07-26
W001,67606-PH1-XL,1.0,1,1,2022-07-23,2022-07-23
W001,67207-V98-85,1.0,1,1,2022-01-02,2022-01-02
W001,67207-V98-150,1.0,1,1,2022-04-24,2022-04-24
W001,67207-V98-140,1.0,1,1,2022-01-10,2022-01-10
invalid,80043-A21-110,1.0,1,1,2023-01-21,2023-01-21
W001,51836-UU9-75,1.0,1,1,2022-01-14,2022-01-14
W001,51836-TA8-70,1.0,1,1,2022-01-14,2022-01-14
W001,51836-TA8-60,1.0,1,1,2022-02-25,2022-02-25
W001,51836-TA7-90,1.0,1,1,2022-01-24,2022-01-24
W001,51836-TA7-70,1.0,1,1,2022-01-14,2022-01-14
W001,51836-QD7-70,1.0,1,1,2022-02-22,2022-02-22
W001,51836-69U-90,1.0,1,1,2022-07-21,2022-07-21
W001,51573-VK8-120,1.0,1,1,2022-01-17,2022-01-17
W001,51573-UY4-120,1.0,1,1,2022-01-20,2022-01-20
W001,51573-QV9-150,1.0,1,1,2022-02-10,2022-02-10
W001,51573-QV9-140,1.0,1,1,2022-01-20,2022-01-20
W001,67604-WS5-140,1.0,1,1,2022-07-26,2022-07-26
W001,67594-AT2-110,1.0,1,1,2022-06-26,2022-06-26
W001,67594-AT2-100,1.0,1,1,2022-07-22,2022-07-22
invalid,80046-QX6-L,1.0,1,1,2022-12-07,2022-12-07
invalid,80046-75Z-XS,1.0,1,1,2023-01-28,2023-01-28
invalid,80044-XT9-100,1.0,1,1,2022-12-26,2022-12-26
invalid,80044-CK7-85,1.0,1,1,2023-01-30,2023-01-30
invalid,80044-790-150,1.0,1,1,2023-12-22,2023-12-22
invalid,80044-790-110,1.0,1,1,2024-01-22,2024-01-22
invalid,80044-734-85,1.0,1,1,2023-11-29,2023-11-29
invalid,80044-734-100,1.0,1,1,2024-02-02,2024-02-02
invalid,80044-691-110,1.0,1,1,2023-12-19,2023-12-19
W001,67597-WS4-110,1.0,1,1,2022-06-28,2022-06-28
W001,67597-WS3-140,1.0,1,1,2022-05-20,2022-05-20
W001,67208-B42-90,1.0,1,1,2022-01-11,2022-01-11
W001,67208-B42-150,1.0,1,1,2022-01-14,2022-01-14
W001,67208-B42-140,1.0,1,1,2022-01-31,2022-01-31
invalid,80046-XU1-XL,1.0,1,1,2022-12-09,2022-12-09
invalid,80046-XS8-L,1.0,1,1,2022-12-14,2022-12-14
W001,51573-N39-140,1.0,1,1,2022-01-31,2022-01-31
W001,51573-51R-160,1.0,1,1,2022-01-17,2022-01-17
W001,51517-001-80_85,1.0,1,1,2022-02-15,2022-02-15
W001,51218-QN4-XS,1.0,1,1,2022-02-22,2022-02-22
W001,51218-QN4-L,1.0,1,1,2022-01-16,2022-01-16
W001,51194-A91-90,1.0,1,1,2022-02-19,2022-02-19
W001,51194-A91-150,1.0,1,1,2022-01-22,2022-01-22
W001,51194-A91-130,1.0,1,1,2022-01-17,2022-01-17
W001,51194-015-90,1.0,1,1,2022-02-21,2022-02-21
W001,67597-WS3-130,1.0,1,1,2022-06-24,2022-06-24
W001,67597-WS3-110,1.0,1,1,2022-06-08,2022-06-08
W001,67594-AT3-100,1.0,1,1,2022-05-20,2022-05-20
W001,67594-AT2-140,1.0,1,1,2022-06-30,2022-06-30
W001,67594-AT2-120,1.0,1,1,2022-06-25,2022-06-25
invalid,80054-AN8-85,1.0,1,1,2023-01-22,2023-01-22
invalid,80054-AN8-130,1.0,1,1,2023-02-16,2023-02-16
W001,51194-015-150,1.0,1,1,2022-01-03,2022-01-03
W001,51194-015-140,1.0,1,1,2022-01-25,2022-01-25
W001,51194-015-120,1.0,1,1,2022-02-28,2022-02-28
W001,51194-015-100,1.0,1,1,2022-04-01,2022-04-01
W001,51194-011-90,1.0,1,1,2022-02-19,2022-02-19
W001,51194-011-120,1.0,1,1,2022-02-13,2022-02-13
W001,51058-PW1-85,1.0,1,1,2022-01-21,2022-01-21
W001,51058-PW1-130,1.0,1,1,2022-01-12,2022-01-12
W001,51058-PW1-120,1.0,1,1,2022-01-30,2022-01-30
W001,51058-PV5-90,1.0,1,1,2022-01-13,2022-01-13
W001,51058-PV5-130,1.0,1,1,2022-01-11,2022-01-11
W001,51058-PV5-110,1.0,1,1,2022-01-26,2022-01-26
invalid,80053-021-S,1.0,1,1,2023-11-04,2023-11-04
invalid,80051-029-110,1.0,1,1,2022-12-07,2022-12-07
W001,67593-PF4-100,1.0,1,1,2022-07-12,2022-07-12
W001,67593-NN0-90,1.0,1,1,2022-06-21,2022-06-21
W001,67593-NN0-100,1.0,1,1,2022-07-25,2022-07-25
W001,67593-GD4-150,1.0,1,1,2022-07-04,2022-07-04
W001,67593-GD4-130,1.0,1,1,2022-05-22,2022-05-22
W001,67593-GD4-100,1.0,1,1,2022-07-24,2022-07-24
W001,67592-WS7-110,1.0,1,1,2022-07-26,2022-07-26
W001,67590-BY8-140,1.0,1,1,2022-07-25,2022-07-25
W001,67590-BY8-130,1.0,1,1,2022-05-29,2022-05-29
W001,67590-BY8-100,1.0,1,1,2022-06-07,2022-06-07
W001,67582-WS8-140,1.0,1,1,2022-08-02,2022-08-02
W001,67208-V98-110,1.0,1,1,2022-02-10,2022-02-10
invalid,80057-GF2-90,1.0,1,1,2022-12-17,2022-12-17
invalid,80057-GF2-85,1.0,1,1,2022-11-10,2022-11-10
invalid,80057-015-140,1.0,1,1,2022-11-23,2022-11-23
invalid,80054-XU5-85,1.0,1,1,2023-01-27,2023-01-27
W001,67576-WB6-150,1.0,1,1,2022-06-07,2022-06-07
W001,67576-WB6-140,1.0,1,1,2022-05-20,2022-05-20
W001,67576-WB6-110,1.0,1,1,2022-06-07,2022-06-07
W001,67576-WB6-100,1.0,1,1,2022-07-30,2022-07-30
W001,67576-WB4-130,1.0,1,1,2022-07-31,2022-07-31
W001,67576-WB3-120,1.0,1,1,2022-06-05,2022-06-05
W001,51058-A91-150,1.0,1,1,2022-01-03,2022-01-03
W001,51058-A91-140,1.0,1,1,2022-01-16,2022-01-16
W001,51058-011-85,1.0,1,1,2022-01-15,2022-01-15
W001,51058-011-150,1.0,1,1,2022-01-02,2022-01-02
W001,51058-011-140,1.0,1,1,2022-02-15,2022-02-15
invalid,80058-XT9-120,1.0,1,1,2023-01-25,2023-01-25
W001,67208-SR4-150,1.0,1,1,2022-02-09,2022-02-09
W001,67208-GF2-100,1.0,1,1,2022-01-17,2022-01-17
W001,67208-EH3-130,1.0,1,1,2022-02-23,2022-02-23
W001,67593-PF4-140,1.0,1,1,2022-06-12,2022-06-12
W001,67209-015-140,1.0,1,1,2022-02-23,2022-02-23
W001,67209-015-100,1.0,1,1,2022-01-12,2022-01-12
invalid,80103-XW4-XXL,1.0,1,1,2022-12-12,2022-12-12
invalid,80103-XT2-S,1.0,1,1,2022-12-06,2022-12-06
invalid,80103-QX6-XL,1.0,1,1,2022-12-09,2022-12-09
invalid,80096-020-XS,1.0,1,1,2022-12-04,2022-12-04
invalid,80096-020-M,1.0,1,1,2023-01-06,2023-01-06
invalid,80085-CK7-130,1.0,1,1,2023-01-17,2023-01-17
invalid,80084-XW4-140,1.0,1,1,2022-11-08,2022-11-08
invalid,80071-023-L,1.0,1,1,2023-01-05,2023-01-05
invalid,80066-070-140,1.0,1,1,2022-12-08,2022-12-08
W001,51058-M23-130,1.0,1,1,2022-01-27,2022-01-27
W001,67581-PG3-130,1.0,1,1,2022-07-29,2022-07-29
W001,67580-PM8-100,1.0,1,1,2022-06-20,2022-06-20
W001,67576-WD9-85,1.0,1,1,2022-06-09,2022-06-09
W001,67576-WD9-100,1.0,1,1,2022-05-20,2022-05-20
W001,67566-RV5-100,1.0,1,1,2022-02-25,2022-02-25
W001,67563-NV2-150,1.0,1,1,2022-02-23,2022-02-23
W001,67563-G31-150,1.0,1,1,2022-02-26,2022-02-26
W001,67563-C57-150,1.0,1,1,2022-02-27,2022-02-27
W001,67562-AM7-85,1.0,1,1,2022-06-15,2022-06-15
W001,67562-AM7-130,1.0,1,1,2022-07-26,2022-07-26
W001,67560-QN4-110,1.0,1,1,2022-02-25,2022-02-25
W001,67559-QN4-130,1.0,1,1,2022-02-19,2022-02-19
invalid,80104-CK7-80,1.0,1,1,2022-11-11,2022-11-11
W001,51057-PW1-110,1.0,1,1,2022-01-13,2022-01-13
W001,51057-PV5-100,1.0,1,1,2022-02-14,2022-02-14
W001,67209-A91-120,1.0,1,1,2022-01-15,2022-01-15
W001,67209-A91-110,1.0,1,1,2022-01-27,2022-01-27
W001,67209-76X-90,1.0,1,1,2022-01-14,2022-01-14
W001,67209-76X-110,1.0,1,1,2022-01-03,2022-01-03
W001,67209-015-85,1.0,1,1,2022-01-12,2022-01-12
W001,67557-WT8-75,1.0,1,1,2022-07-30,2022-07-30
W001,67557-VS9-85,1.0,1,1,2022-06-30,2022-06-30
W001,51057-011-120,1.0,1,1,2022-01-28,2022-01-28
invalid,80128-76X-140,1.0,1,1,2023-12-30,2023-12-30
invalid,80128-76X-130,1.0,1,1,2023-01-15,2023-01-15
invalid,80128-76X-110,1.0,1,1,2022-12-08,2022-12-08
invalid,80127-036-130,1.0,1,1,2023-02-28,2023-02-28
invalid,80115-GF2-85,1.0,1,1,2022-12-20,2022-12-20
invalid,80115-GF2-80,1.0,1,1,2023-01-05,2023-01-05
invalid,80109-QX6-60,1.0,1,1,2022-12-20,2022-12-20
W001,67575-SR4-120,1.0,1,1,2022-02-27,2022-02-27
W001,67575-38T-120,1.0,1,1,2022-02-25,2022-02-25
W001,67574-VZ2-130,1.0,1,1,2022-06-03,2022-06-03
W001,67574-G31-150,1.0,1,1,2022-06-10,2022-06-10
W001,67567-VX7-130,1.0,1,1,2022-02-23,2022-02-23
W001,67566-WR6-140,1.0,1,1,2022-02-22,2022-02-22
W001,67209-AN8-90,1.0,1,1,2022-01-08,2022-01-08
W001,67209-AN8-130,1.0,1,1,2022-02-25,2022-02-25
W001,67209-AN8-100,1.0,1,1,2022-02-25,2022-02-25
W001,67209-A91-90,1.0,1,1,2022-01-15,2022-01-15
W001,51042-G31-85,1.0,1,1,2022-06-22,2022-06-22
W001,51057-A91-130,1.0,1,1,2022-02-22,2022-02-22
W001,51057-A91-120,1.0,1,1,2022-02-22,2022-02-22
W001,51057-015-140,1.0,1,1,2022-01-12,2022-01-12
W001,51057-015-130,1.0,1,1,2022-01-26,2022-01-26
W001,51057-011-130,1.0,1,1,2022-02-22,2022-02-22
W001,67557-WX1-90,1.0,1,1,2022-07-26,2022-07-26
W001,67557-WX1-75,1.0,1,1,2022-07-01,2022-07-01
W001,67557-WV2-85,1.0,1,1,2022-06-09,2022-06-09
W001,67557-WV2-75,1.0,1,1,2022-07-01,2022-07-01
W001,67557-WV2-60,1.0,1,1,2022-06-28,2022-06-28
W001,67557-WV1-85,1.0,1,1,2022-07-19,2022-07-19
invalid,80132-990-90,1.0,1,1,2023-01-28,2023-01-28
invalid,80132-990-130,1.0,1,1,2022-11-22,2022-11-22
invalid,80131-223-90,1.0,1,1,2023-01-23,2023-01-23
invalid,80131-223-150,1.0,1,1,2023-01-30,2023-01-30
W001,51042-G31-60,1.0,1,1,2022-06-28,2022-06-28
W001,50979-VS1-140,1.0,1,1,2022-06-05,2022-06-05
W001,50979-VP3-90,1.0,1,1,2022-06-05,2022-06-05
W001,50979-VP3-130,1.0,1,1,2022-04-04,2022-04-04
invalid,80131-212-85,1.0,1,1,2022-12-08,2022-12-08
invalid,80130-GF2-120,1.0,1,1,2023-01-28,2023-01-28
invalid,80130-A79-90,1.0,1,1,2022-12-10,2022-12-10
W001,51042-SR4-80,1.0,1,1,2022-07-07,2022-07-07
W001,51042-NV2-80,1.0,1,1,2022-05-15,2022-05-15
W001,67557-VS7-85,1.0,1,1,2022-02-19,2022-02-19
W001,67557-85H-50,1.0,1,1,2022-06-07,2022-06-07
W001,67210-GF2-120,1.0,1,1,2022-02-05,2022-02-05
W001,50942-B42-XS,1.0,1,1,2022-05-06,2022-05-06
W001,67209-A91-85,1.0,1,1,2022-01-15,2022-01-15
W001,67556-NV2-50,1.0,1,1,2022-06-28,2022-06-28
W001,67551-SR4-80,1.0,1,1,2022-07-05,2022-07-05
W001,67549-M07-70,1.0,1,1,2022-07-05,2022-07-05
W001,67549-C57-75,1.0,1,1,2022-07-05,2022-07-05
W001,67548-VZ2-75,1.0,1,1,2022-02-25,2022-02-25
W001,67548-EF5-85,1.0,1,1,2022-05-24,2022-05-24
W001,67548-B42-50,1.0,1,1,2022-07-07,2022-07-07
W001,67547-VX9-70,1.0,1,1,2022-07-05,2022-07-05
W001,67547-AM7-60,1.0,1,1,2022-07-05,2022-07-05
W001,67547-78M-60,1.0,1,1,2022-06-05,2022-06-05
W001,50769-011-L,1.0,1,1,2022-01-27,2022-01-27
W001,50769-001-S,1.0,1,1,2022-01-19,2022-01-19
invalid,80132-VZ3-90,1.0,1,1,2023-02-01,2023-02-01
invalid,80132-VZ3-120,1.0,1,1,2023-01-18,2023-01-18
W001,67540-WQ1-110,1.0,1,1,2022-02-23,2022-02-23
W001,67535-VX7-120,1.0,1,1,2022-07-29,2022-07-29
W001,67535-C57-150,1.0,1,1,2022-07-23,2022-07-23
W001,67535-C57-100,1.0,1,1,2022-06-29,2022-06-29
W001,67534-85H-120,1.0,1,1,2022-02-22,2022-02-22
W001,67534-85H-110,1.0,1,1,2022-02-15,2022-02-15
W001,67533-VZ1-85,1.0,1,1,2022-04-02,2022-04-02
W001,50659-011-2,1.0,1,1,2022-01-09,2022-01-09
W001,50764-UD9-L,1.0,1,1,2022-01-30,2022-01-30
W001,50764-001-XL,1.0,1,1,2022-01-26,2022-01-26
W001,50763-UD9-L,1.0,1,1,2022-01-19,2022-01-19
W001,50763-QP2-S,1.0,1,1,2022-02-07,2022-02-07
W001,50763-NL1-M,1.0,1,1,2022-01-11,2022-01-11
invalid,80134-XT3-85,1.0,1,1,2023-01-17,2023-01-17
W001,50942-V98-XS,1.0,1,1,2022-07-01,2022-07-01
W001,50942-V98-S,1.0,1,1,2022-07-18,2022-07-18
invalid,80141-SR4-140,1.0,1,1,2023-11-26,2023-11-26
W001,67532-VX7-110,1.0,1,1,2022-07-24,2022-07-24
W001,67530-85H-85,1.0,1,1,2022-07-23,2022-07-23
W001,67525-VZ1-150,1.0,1,1,2022-02-19,2022-02-19
W001,67522-WN1-120,1.0,1,1,2022-02-23,2022-02-23
W001,67522-WK9-120,1.0,1,1,2022-02-23,2022-02-23
W001,67522-WF3-130,1.0,1,1,2022-02-24,2022-02-24
W001,67522-62L-130,1.0,1,1,2022-07-02,2022-07-02
W001,67521-VX7-130,1.0,1,1,2022-02-19,2022-02-19
invalid,80141-NT9-120,1.0,1,1,2022-11-27,2022-11-27
invalid,80141-181-110,1.0,1,1,2023-11-02,2023-11-02
W001,50754-QP3-M,1.0,1,1,2022-02-10,2022-02-10
W001,50754-QP3-L,1.0,1,1,2022-02-02,2022-02-02
W001,50754-NL2-XS,1.0,1,1,2022-02-06,2022-02-06
W001,50659-SR4-5,1.0,1,1,2022-01-07,2022-01-07
W001,50659-B42-5,1.0,1,1,2022-02-22,2022-02-22
W001,67521-NU7-90,1.0,1,1,2022-02-12,2022-02-12
W001,67212-M23-120,1.0,1,1,2022-01-31,2022-01-31
W001,67212-M23-110,1.0,1,1,2022-01-24,2022-01-24
W001,67212-DD4-140,1.0,1,1,2022-01-10,2022-01-10
W001,67212-DD4-100,1.0,1,1,2022-02-25,2022-02-25
W001,67211-TV4-150,1.0,1,1,2022-01-17,2022-01-17
W001,67211-TV4-140,1.0,1,1,2022-01-18,2022-01-18
W001,67211-SW4-90,1.0,1,1,2022-01-31,2022-01-31
W001,67211-SW4-85,1.0,1,1,2022-02-13,2022-02-13
W001,67211-SW4-120,1.0,1,1,2022-02-08,2022-02-08
W001,67211-SW4-110,1.0,1,1,2022-01-05,2022-01-05
W001,50282-PF2-M,1.0,1,1,2022-01-09,2022-01-09
W001,50282-PF2-L,1.0,1,1,2022-06-14,2022-06-14
W001,50282-NZ5-S,1.0,1,1,2022-05-16,2022-05-16
W001,50282-NZ5-L,1.0,1,1,2022-07-15,2022-07-15
invalid,80141-VD8-130,1.0,1,1,2022-11-09,2022-11-09
W001,67517-WX1-100,1.0,1,1,2022-06-17,2022-06-17
W001,67517-WT8-100,1.0,1,1,2022-06-06,2022-06-06
W001,67517-WM4-130,1.0,1,1,2022-02-14,2022-02-14
invalid,80144-XT9-90,1.0,1,1,2023-02-02,2023-02-02
invalid,80144-XT9-85,1.0,1,1,2023-01-22,2023-01-22
invalid,80144-VK3-90,1.0,1,1,2023-02-02,2023-02-02
invalid,80143-SR4-85,1.0,1,1,2023-02-06,2023-02-06
invalid,80143-G44-85,1.0,1,1,2023-01-16,2023-01-16
invalid,80142-76X-100,1.0,1,1,2022-11-16,2022-11-16
W001,50282-VP5-XS,1.0,1,1,2022-02-15,2022-02-15
W001,67211-SW4-100,1.0,1,1,2022-02-21,2022-02-21
W001,67521-NU7-110,1.0,1,1,2022-02-23,2022-02-23
W001,67521-EH3-140,1.0,1,1,2022-05-13,2022-05-13
W001,67521-EH3-100,1.0,1,1,2022-07-01,2022-07-01
W001,67518-VV8-100,1.0,1,1,2022-05-19,2022-05-19
W001,67521-VX7-110,1.0,1,1,2022-02-25,2022-02-25
W001,67517-VU6-100,1.0,1,1,2022-02-18,2022-02-18
W001,67517-SK3-150,1.0,1,1,2022-02-22,2022-02-22
W001,67517-SK3-140,1.0,1,1,2022-02-05,2022-02-05
W001,67515-WS2-XL,1.0,1,1,2022-05-03,2022-05-03
W001,67514-WX1-XS,1.0,1,1,2022-06-13,2022-06-13
W001,67514-WV2-L,1.0,1,1,2022-06-08,2022-06-08
W001,67514-WV1-M,1.0,1,1,2022-07-28,2022-07-28
invalid,80155-XV6-XL,1.0,1,1,2022-12-07,2022-12-07
invalid,80155-XV6-L,1.0,1,1,2022-12-22,2022-12-22
invalid,80155-XU5-XL,1.0,1,1,2022-12-01,2022-12-01
invalid,80155-XS6-S,1.0,1,1,2023-01-19,2023-01-19
invalid,80155-75Z-L,1.0,1,1,2023-01-17,2023-01-17
invalid,80145-HQ7-110,1.0,1,1,2022-12-03,2022-12-03
W001,67517-WX1-130,1.0,1,1,2022-06-08,2022-06-08
W001,67517-WX1-120,1.0,1,1,2022-06-20,2022-06-20
W001,67517-WX1-110,1.0,1,1,2022-06-25,2022-06-25
W001,67503-011-130,1.0,1,1,2022-02-24,2022-02-24
W001,67503-011-100,1.0,1,1,2022-02-01,2022-02-01
W001,67501-VH3-110,1.0,1,1,2022-02-20,2022-02-20
invalid,80155-xw3-XS,1.0,1,1,2023-01-29,2023-01-29
W001,50265-VK5-M,1.0,1,1,2022-01-13,2022-01-13
W001,50265-VJ7-XS,1.0,1,1,2022-01-10,2022-01-10
W001,67514-SK3-M,1.0,1,1,2022-02-24,2022-02-24
W001,67514-SK3-L,1.0,1,1,2022-02-22,2022-02-22
W001,67513-WX1-XL,1.0,1,1,2022-07-26,2022-07-26
W001,67513-VU6-M,1.0,1,1,2022-02-19,2022-02-19
W001,67213-015-90,1.0,1,1,2022-02-19,2022-02-19
W001,67213-015-85,1.0,1,1,2022-02-11,2022-02-11
W001,67517-VW2-150,1.0,1,1,2022-06-10,2022-06-10
W001,67517-VW2-130,1.0,1,1,2022-02-24,2022-02-24
W001,67517-VU7-130,1.0,1,1,2022-02-17,2022-02-17
W001,67517-VU6-140,1.0,1,1,2022-02-26,2022-02-26
W001,67213-SR4-130,1.0,1,1,2022-02-26,2022-02-26
W001,67213-SR4-120,1.0,1,1,2022-02-07,2022-02-07
W001,67213-SR4-100,1.0,1,1,2022-02-12,2022-02-12
invalid,80261-359-85,1.0,1,1,2023-08-15,2023-08-15
invalid,80256-RY2-90,1.0,1,1,2023-03-05,2023-03-05
invalid,80256-NZ5-130,1.0,1,1,2023-02-22,2023-02-22
invalid,80223-U74-M,1.0,1,1,2022-12-14,2022-12-14
invalid,80223-S74-S,1.0,1,1,2023-01-22,2023-01-22
invalid,80223-S74-L,1.0,1,1,2022-12-29,2022-12-29
W001,67506-G31-130,1.0,1,1,2022-06-05,2022-06-05
W001,67506-EF5-150,1.0,1,1,2022-06-30,2022-06-30
W001,67506-EF5-130,1.0,1,1,2022-06-26,2022-06-26
W001,67506-28E-150,1.0,1,1,2022-02-22,2022-02-22
W001,67504-VH3-120,1.0,1,1,2022-02-13,2022-02-13
W001,67504-NV2-130,1.0,1,1,2022-02-19,2022-02-19
W001,67503-VH3-150,1.0,1,1,2022-02-26,2022-02-26
W001,67493-WL9-140,1.0,1,1,2022-02-17,2022-02-17
W001,67490-WX8-120,1.0,1,1,2022-06-07,2022-06-07
W001,67490-WV2-100,1.0,1,1,2022-06-06,2022-06-06
W001,67490-WV1-85,1.0,1,1,2022-07-31,2022-07-31
W001,50265-VJ6-M,1.0,1,1,2022-01-18,2022-01-18
W001,50265-VJ6-L,1.0,1,1,2022-01-09,2022-01-09
W001,50265-VJ5-XL,1.0,1,1,2022-02-02,2022-02-02
W001,50265-U74-S,1.0,1,1,2022-02-23,2022-02-23
W001,50265-U74-M,1.0,1,1,2022-01-15,2022-01-15
W001,50265-TN9-L,1.0,1,1,2022-01-19,2022-01-19
W001,50265-TN7-XS,1.0,1,1,2022-01-13,2022-01-13
W001,67501-RT9-90,1.0,1,1,2024-10-08,2024-10-08
W001,67214-GF2-140,1.0,1,1,2022-01-31,2022-01-31
W001,67214-GF2-110,1.0,1,1,2022-02-25,2022-02-25
W001,67214-GF2-100,1.0,1,1,2022-02-25,2022-02-25
W001,67213-SR4-90,1.0,1,1,2022-01-25,2022-01-25
W001,67490-WU2-110,1.0,1,1,2022-07-26,2022-07-26
W001,67490-VW5-120,1.0,1,1,2022-02-23,2022-02-23
W001,67490-VV2-90,1.0,1,1,2022-06-14,2022-06-14
W001,67490-VU6-85,1.0,1,1,2022-02-20,2022-02-20
W001,67490-VU6-130,1.0,1,1,2022-02-18,2022-02-18
W001,67490-TW2-130,1.0,1,1,2022-02-25,2022-02-25
W001,67490-TW2-120,1.0,1,1,2022-02-23,2022-02-23
W001,67490-SK3-130,1.0,1,1,2022-02-18,2022-02-18
W001,67490-SK3-100,1.0,1,1,2022-01-31,2022-01-31
W001,50265-QX6-M,1.0,1,1,2022-02-20,2022-02-20
invalid,80262-760-85,1.0,1,1,2023-11-22,2023-11-22
invalid,80262-760-100,1.0,1,1,2024-01-05,2024-01-05
W001,67213-J81-150,1.0,1,1,2022-02-11,2022-02-11
W001,67501-011-130,1.0,1,1,2025-01-04,2025-01-04
W001,67496-38T-130,1.0,1,1,2022-02-19,2022-02-19
W001,67494-SW4-85,1.0,1,1,2022-06-24,2022-06-24
W001,48200-XQ8-XXS,1.0,1,1,2022-07-18,2022-07-18
W001,48200-VC5-XS,1.0,1,1,2022-01-13,2022-01-13
W001,48200-VC5-S,1.0,1,1,2022-01-03,2022-01-03
W001,50265-FU8-M,1.0,1,1,2022-01-11,2022-01-11
W001,50265-2BX-XS,1.0,1,1,2025-01-18,2025-01-18
W001,49027-GK3-90,1.0,1,1,2022-02-02,2022-02-02
W001,49027-GK3-85,1.0,1,1,2022-01-27,2022-01-27
W001,49027-GK3-100,1.0,1,1,2022-02-15,2022-02-15
W001,49027-A91-130,1.0,1,1,2022-02-12,2022-02-12
invalid,80277-HI2-90,1.0,1,1,2023-01-16,2023-01-16
W001,50265-S74-M,1.0,1,1,2022-01-10,2022-01-10
W001,67490-AM7-150,1.0,1,1,2022-02-17,2022-02-17
W001,67490-AM7-140,1.0,1,1,2022-02-22,2022-02-22
W001,67216-JB3-120,1.0,1,1,2022-02-01,2022-02-01
W001,67216-HI2-110,1.0,1,1,2022-07-22,2022-07-22
W001,67490-WU2-130,1.0,1,1,2022-07-25,2022-07-25
W001,49027-A91-120,1.0,1,1,2022-01-19,2022-01-19
W001,67490-AM7-110,1.0,1,1,2022-02-26,2022-02-26
W001,67490-78M-110,1.0,1,1,2022-06-23,2022-06-23
W001,67489-SR4-140,1.0,1,1,2022-02-26,2022-02-26
W001,67489-G31-130,1.0,1,1,2022-02-19,2022-02-19
W001,67487-78M-90,1.0,1,1,2022-07-30,2022-07-30
W001,67487-78M-120,1.0,1,1,2022-07-28,2022-07-28
W001,67487-78M-110,1.0,1,1,2022-02-20,2022-02-20
W001,67486-SR4-150,1.0,1,1,2022-06-24,2022-06-24
W001,67486-SR4-120,1.0,1,1,2022-02-26,2022-02-26
W001,67486-NU7-130,1.0,1,1,2022-02-19,2022-02-19
W001,67486-001-140,1.0,1,1,2022-02-22,2022-02-22
W001,67485-SR4-130,1.0,1,1,2022-02-17,2022-02-17
W001,67485-NV2-110,1.0,1,1,2022-02-22,2022-02-22
W001,67485-NU7-90,1.0,1,1,2022-02-25,2022-02-25
W001,48798-76X-100/110,1.0,1,1,2022-01-26,2022-01-26
W001,47929-TD4-XS,1.0,1,1,2022-01-11,2022-01-11
W001,67485-G31-90,1.0,1,1,2022-02-20,2022-02-20
W001,67485-78M-140,1.0,1,1,2022-02-17,2022-02-17
W001,67483-EH3-100,1.0,1,1,2024-10-08,2024-10-08
W001,67483-EF5-150,1.0,1,1,2022-03-18,2022-03-18
W001,67482-WL6-150,1.0,1,1,2022-06-06,2022-06-06
W001,67482-WL6-120,1.0,1,1,2022-07-01,2022-07-01
W001,67482-WL5-90,1.0,1,1,2022-06-14,2022-06-14
W001,67482-WL5-110,1.0,1,1,2022-06-18,2022-06-18
W001,67480-SR4-90,1.0,1,1,2022-03-09,2022-03-09
W001,47929-TD4-M,1.0,1,1,2022-02-18,2022-02-18
W001,47929-TD4-L,1.0,1,1,2022-01-23,2022-01-23
invalid,80386-318-100,1.0,1,1,2023-06-16,2023-06-16
invalid,80353-XK6-100,1.0,1,1,2023-01-30,2023-01-30
invalid,80323-PF4-100,1.0,1,1,2023-03-05,2023-03-05
invalid,80322-EY5-130,1.0,1,1,2023-03-07,2023-03-07
invalid,80409-C20-110,1.0,1,1,2023-07-21,2023-07-21
W001,47929-S74-XL,1.0,1,1,2022-01-17,2022-01-17
W001,47929-S74-L,1.0,1,1,2022-01-02,2022-01-02
W001,47929-GN1-XXL,1.0,1,1,2022-07-18,2022-07-18
W001,47929-GN1-XL,1.0,1,1,2022-07-22,2022-07-22
W001,47929-16N-S,1.0,1,1,2022-02-01,2022-02-01
W001,47761-WM7-130,1.0,1,1,2022-04-13,2022-04-13
W001,47761-WM7-120,1.0,1,1,2022-04-12,2022-04-12
W001,47761-WM7-110,1.0,1,1,2022-04-12,2022-04-12
W001,48151-HL3-140,1.0,1,1,2022-02-20,2022-02-20
W001,48080-SR4-130,1.0,1,1,2022-02-20,2022-02-20
W001,48080-SR4-110,1.0,1,1,2022-02-25,2022-02-25
W001,48080-78M-85,1.0,1,1,2022-03-21,2022-03-21
W001,48080-1FZ-100,1.0,1,1,2025-01-26,2025-01-26
W001,47929-WQ4-S,1.0,1,1,2022-07-25,2022-07-25
W001,47929-U74-M,1.0,1,1,2022-01-10,2022-01-10
W001,67480-SR4-85,1.0,1,1,2022-06-30,2022-06-30
W001,67480-RT9-90,1.0,1,1,2022-04-19,2022-04-19
W001,67480-RT9-110,1.0,1,1,2022-02-20,2022-02-20
W001,67480-EH3-90,1.0,1,1,2022-03-10,2022-03-10
W001,67480-87R-85,1.0,1,1,2022-04-04,2022-04-04
W001,67480-87R-110,1.0,1,1,2022-02-18,2022-02-18
W001,67478-CD7-120,1.0,1,1,2024-10-09,2024-10-09
W001,67478-A96-140,1.0,1,1,2022-02-22,2022-02-22
W001,67478-A96-130,1.0,1,1,2022-02-17,2022-02-17
W001,67477-WN7-140,1.0,1,1,2022-07-26,2022-07-26
W001,67477-WN7-100,1.0,1,1,2022-06-10,2022-06-10
W001,67475-WN9-85,1.0,1,1,2022-02-23,2022-02-23
W001,67475-WL6-110,1.0,1,1,2022-02-26,2022-02-26
W001,67474-X63-130,1.0,1,1,2022-02-17,2022-02-17
W001,47684-WM7-100,1.0,1,1,2022-05-06,2022-05-06
W001,47684-WF8-120,1.0,1,1,2022-05-06,2022-05-06
W001,67217-V98-150,1.0,1,1,2022-02-22,2022-02-22
W001,67217-V98-140,1.0,1,1,2022-02-10,2022-02-10
W001,67217-V98-130,1.0,1,1,2022-02-24,2022-02-24
W001,67217-V98-110,1.0,1,1,2022-02-10,2022-02-10
invalid,80451-356-150,1.0,1,1,2023-06-15,2023-06-15
invalid,80442-JB4-110,1.0,1,1,2023-05-12,2023-05-12
invalid,80433-990-90,1.0,1,1,2024-01-09,2024-01-09
W001,47761-WF7-160,1.0,1,1,2022-05-05,2022-05-05
W001,47761-WF7-150,1.0,1,1,2022-05-04,2022-05-04
W001,47761-WF7-130,1.0,1,1,2022-05-13,2022-05-13
W001,47761-WF7-120,1.0,1,1,2022-04-12,2022-04-12
W001,47761-VQ6-90,1.0,1,1,2022-07-29,2022-07-29
W001,47684-WM7-85,1.0,1,1,2022-05-13,2022-05-13
W001,47684-WM7-150,1.0,1,1,2022-04-01,2022-04-01
W001,47684-WM7-120,1.0,1,1,2022-04-12,2022-04-12
W001,47684-WM7-110,1.0,1,1,2022-05-12,2022-05-12
W001,67472-UQ2-120,1.0,1,1,2022-02-11,2022-02-11
W001,67472-SR4-90,1.0,1,1,2022-02-28,2022-02-28
W001,67472-SR4-110,1.0,1,1,2022-02-25,2022-02-25
W001,67472-G31-90,1.0,1,1,2022-02-17,2022-02-17
invalid,80451-903-150,1.0,1,1,2024-02-01,2024-02-01
W001,47684-WF7-130,1.0,1,1,2022-05-09,2022-05-09
W001,47684-WF7-110,1.0,1,1,2022-05-27,2022-05-27
W001,47684-2P2-120,1.0,1,1,2025-04-12,2025-04-12
W001,47684-2P2-110,1.0,1,1,2025-04-12,2025-04-12
W001,47681-VQ2-85,1.0,1,1,2022-02-23,2022-02-23
W001,47681-VP5-85,1.0,1,1,2022-03-22,2022-03-22
W001,47681-VP5-160,1.0,1,1,2022-01-26,2022-01-26
W001,67474-W83-120,1.0,1,1,2022-05-11,2022-05-11
W001,67217-VJ7-120,1.0,1,1,2022-01-10,2022-01-10
W001,67217-VJ7-110,1.0,1,1,2022-02-02,2022-02-02
W001,67217-VJ7-100,1.0,1,1,2022-01-27,2022-01-27
W001,47503-GY8-60,1.0,1,1,2022-01-20,2022-01-20
W001,47433-VH0-140,1.0,1,1,2022-02-10,2022-02-10
W001,47433-VG3-150,1.0,1,1,2022-02-06,2022-02-06
W001,47433-QT3-90,1.0,1,1,2022-02-20,2022-02-20
W001,47319-GL7-110,1.0,1,1,2022-01-11,2022-01-11
W001,47248-GY8-50,1.0,1,1,2022-02-03,2022-02-03
W001,47218-SR4-XS,1.0,1,1,2024-10-08,2024-10-08
W001,47681-NZ5-90,1.0,1,1,2022-03-22,2022-03-22
W001,47681-NZ5-85,1.0,1,1,2022-02-23,2022-02-23
W001,47681-NZ5-160,1.0,1,1,2022-02-18,2022-02-18
invalid,80452-356-110,1.0,1,1,2023-07-09,2023-07-09
W001,67472-WZ5-110,1.0,1,1,2022-06-08,2022-06-08
W001,67472-WZ4-90,1.0,1,1,2022-06-27,2022-06-27
W001,67472-WG2-130,1.0,1,1,2022-02-17,2022-02-17
W001,67472-WG2-100,1.0,1,1,2022-07-29,2022-07-29
W001,67472-UQ2-90,1.0,1,1,2022-02-12,2022-02-12
invalid,80455-JB4-110,1.0,1,1,2023-06-12,2023-06-12
W001,67472-EH3-130,1.0,1,1,2022-02-19,2022-02-19
W001,67472-EH3-110,1.0,1,1,2022-02-23,2022-02-23
W001,67472-E51-90,1.0,1,1,2022-06-09,2022-06-09
W001,67472-E51-100,1.0,1,1,2022-07-22,2022-07-22
W001,67472-011-90,1.0,1,1,2022-02-19,2022-02-19
W001,67471-NW4-130,1.0,1,1,2022-02-19,2022-02-19
W001,67470-EF5-90,1.0,1,1,2022-02-23,2022-02-23
W001,67470-EF5-130,1.0,1,1,2022-02-23,2022-02-23
W001,67468-SR4-140,1.0,1,1,2022-02-22,2022-02-22
W001,67468-SR4-120,1.0,1,1,2022-02-08,2022-02-08
W001,67468-SR4-100,1.0,1,1,2022-02-22,2022-02-22
W001,67468-EF5-120,1.0,1,1,2022-02-22,2022-02-22
W001,67468-EF5-110,1.0,1,1,2022-02-23,2022-02-23
W001,67468-BD4-140,1.0,1,1,2022-02-22,2022-02-22
W001,67468-BD4-100,1.0,1,1,2022-02-26,2022-02-26
W001,67464-75M-140,1.0,1,1,2022-02-21,2022-02-21
W001,67464-75M-110,1.0,1,1,2022-02-18,2022-02-18
W001,67460-VX9-80/90,1.0,1,1,2022-01-27,2022-01-27
W001,67460-VU7-100/110,1.0,1,1,2022-02-10,2022-02-10
W001,67460-GK3-120/130,1.0,1,1,2022-04-18,2022-04-18
W001,67459-WH6-75,1.0,1,1,2022-07-22,2022-07-22
W001,67459-WH5-85,1.0,1,1,2022-06-22,2022-06-22
invalid,80467-252-85,1.0,1,1,2023-08-01,2023-08-01
invalid,80464-990-150,1.0,1,1,2023-07-30,2023-07-30
invalid,80458-HI7-150,1.0,1,1,2023-08-01,2023-08-01
invalid,80458-942-110,1.0,1,1,2023-12-27,2023-12-27
invalid,80458-903-100,1.0,1,1,2023-12-16,2023-12-16
invalid,80458-262-110,1.0,1,1,2023-06-17,2023-06-17
invalid,80457-JB4-140,1.0,1,1,2023-09-24,2023-09-24
invalid,80456-HI7-150,1.0,1,1,2023-07-31,2023-07-31
invalid,80455-JB4-150,1.0,1,1,2023-09-12,2023-09-12
invalid,80468-326-150,1.0,1,1,2023-08-02,2023-08-02
invalid,80468-326-140,1.0,1,1,2023-07-31,2023-07-31
invalid,80468-310-110,1.0,1,1,2023-06-10,2023-06-10
invalid,80468-303-85,1.0,1,1,2023-04-12,2023-04-12
W001,47218-069-XS,1.0,1,1,2022-02-09,2022-02-09
W001,47218-069-S,1.0,1,1,2022-01-17,2022-01-17
W001,47107-FX9-12,1.0,1,1,2022-01-12,2022-01-12
W001,47078-QN4-XS,1.0,1,1,2022-01-18,2022-01-18
W001,67218-76X-150,1.0,1,1,2022-01-26,2022-01-26
W001,67218-76X-100,1.0,1,1,2022-02-02,2022-02-02
W001,67217-VJ9-100,1.0,1,1,2022-01-19,2022-01-19
W001,67459-WH5-75,1.0,1,1,2022-07-05,2022-07-05
W001,67459-WH3-70,1.0,1,1,2022-07-05,2022-07-05
W001,67467-W83-90,1.0,1,1,2022-03-12,2022-03-12
W001,67467-A96-90,1.0,1,1,2022-03-10,2022-03-10
W001,67467-A96-140,1.0,1,1,2022-02-26,2022-02-26
W001,67454-VV2-70,1.0,1,1,2022-06-24,2022-06-24
W001,67453-VS7-80,1.0,1,1,2022-02-13,2022-02-13
W001,67453-VS7-75,1.0,1,1,2022-02-14,2022-02-14
W001,67452-VU6-80,1.0,1,1,2022-05-12,2022-05-12
W001,67447-WM5-85,1.0,1,1,2022-06-04,2022-06-04
W001,67447-WC3-85,1.0,1,1,2022-07-05,2022-07-05
W001,67447-WC3-60,1.0,1,1,2022-06-08,2022-06-08
W001,67444-WG8-85,1.0,1,1,2022-06-23,2022-06-23
W001,67444-SR4-85,1.0,1,1,2022-05-20,2022-05-20
W001,67444-NV2-75,1.0,1,1,2022-07-05,2022-07-05
invalid,80489-76X-140,1.0,1,1,2023-08-07,2023-08-07
invalid,80484-VD8-130,1.0,1,1,2023-02-27,2023-02-27
invalid,80484-304-90,1.0,1,1,2023-05-11,2023-05-11
invalid,80475-370-100,1.0,1,1,2023-03-09,2023-03-09
invalid,80468-364-140,1.0,1,1,2023-06-20,2023-06-20
invalid,80468-348-120,1.0,1,1,2023-03-01,2023-03-01
W001,67436-75M-50,1.0,1,1,2022-05-12,2022-05-12
W001,67431-SQ5-75,1.0,1,1,2022-02-17,2022-02-17
W001,67431-B42-50,1.0,1,1,2022-07-04,2022-07-04
W001,67430-UC3-70,1.0,1,1,2022-06-04,2022-06-04
W001,67427-VS5-120,1.0,1,1,2022-05-12,2022-05-12
W001,67425-WD5-S,1.0,1,1,2022-02-23,2022-02-23
W001,67424-VU6-130,1.0,1,1,2022-03-10,2022-03-10
W001,67423-TG9-10,1.0,1,1,2022-02-17,2022-02-17
W001,67421-78M-120,1.0,1,1,2022-02-17,2022-02-17
W001,47050-kl9-90,1.0,1,1,2022-01-10,2022-01-10
W001,47050-kl9-85,1.0,1,1,2022-01-11,2022-01-11
W001,47075-FV7-M,1.0,1,1,2022-01-12,2022-01-12
W001,47068-FU8-XL,1.0,1,1,2022-01-02,2022-01-02
W001,47058-FU8-90,1.0,1,1,2022-01-14,2022-01-14
W001,47058-FU8-150,1.0,1,1,2022-03-03,2022-03-03
W001,47053-FX9-70,1.0,1,1,2022-02-10,2022-02-10
W001,47048-kl9-XL,1.0,1,1,2022-02-15,2022-02-15
W001,47047-kl9-L,1.0,1,1,2022-03-18,2022-03-18
W001,46906-M23-M,1.0,1,1,2022-01-19,2022-01-19
invalid,80513-365-100,1.0,1,1,2023-06-11,2023-06-11
invalid,80513-307-110,1.0,1,1,2023-06-09,2023-06-09
invalid,80500-368-100,1.0,1,1,2023-05-11,2023-05-11
invalid,80490-VW2-100,1.0,1,1,2023-06-23,2023-06-23
invalid,80490-296-100,1.0,1,1,2023-06-15,2023-06-15
invalid,80490-294-110,1.0,1,1,2023-05-12,2023-05-12
W001,47052-NN9-150,1.0,1,1,2022-01-05,2022-01-05
W001,47052-NN9-140,1.0,1,1,2022-02-11,2022-02-11
W001,67443-VX6-XS,1.0,1,1,2022-07-10,2022-07-10
W001,67443-EF5-S,1.0,1,1,2022-03-04,2022-03-04
W001,67438-990-90,1.0,1,1,2022-07-05,2022-07-05
W001,67436-WQ1-85,1.0,1,1,2022-02-21,2022-02-21
W001,67436-990-90,1.0,1,1,2022-07-06,2022-07-06
W001,67415-76X-120,1.0,1,1,2022-05-18,2022-05-18
W001,67419-VZ3-90,1.0,1,1,2022-05-11,2022-05-11
W001,67419-UU6-90,1.0,1,1,2022-06-29,2022-06-29
W001,67219-77M-90,1.0,1,1,2022-01-28,2022-01-28
W001,67219-77M-150,1.0,1,1,2022-01-16,2022-01-16
W001,67219-76X-150,1.0,1,1,2022-02-25,2022-02-25
W001,67219-015-85,1.0,1,1,2022-01-10,2022-01-10
W001,67219-015-130,1.0,1,1,2022-01-20,2022-01-20
W001,67219-015-110,1.0,1,1,2022-01-03,2022-01-03
W001,67219-015-100,1.0,1,1,2022-02-15,2022-02-15
W001,67218-GF2-85,1.0,1,1,2022-02-01,2022-02-01
W001,67218-GF2-120,1.0,1,1,2022-01-14,2022-01-14
invalid,80532-356-90,1.0,1,1,2023-06-08,2023-06-08
W001,47050-kl9-130,1.0,1,1,2022-01-31,2022-01-31
W001,47050-kl9-120,1.0,1,1,2022-02-20,2022-02-20
W001,47048-kl9-XXL,1.0,1,1,2022-01-27,2022-01-27
invalid,80544-164-85,1.0,1,1,2023-08-14,2023-08-14
invalid,80544-140-150,1.0,1,1,2023-08-01,2023-08-01
invalid,80536-990-140,1.0,1,1,2023-08-03,2023-08-03
W001,46284-93P-10/1Y,1.0,1,1,2022-01-18,2022-01-18
W001,46239-PV5-110,1.0,1,1,2022-02-25,2022-02-25
invalid,80533-433-100,1.0,1,1,2023-07-20,2023-07-20
invalid,80533-370-90,1.0,1,1,2023-07-22,2023-07-22
invalid,80533-339-90,1.0,1,1,2023-07-31,2023-07-31
W001,67218-GF2-100,1.0,1,1,2022-01-19,2022-01-19
W001,67419-990-140,1.0,1,1,2022-02-23,2022-02-23
W001,67419-990-130,1.0,1,1,2022-02-17,2022-02-17
W001,67419-990-120,1.0,1,1,2022-02-23,2022-02-23
W001,67419-990-110,1.0,1,1,2022-02-23,2022-02-23
W001,67417-VZ1-90,1.0,1,1,2022-05-12,2022-05-12
W001,67416-V98-150,1.0,1,1,2022-02-26,2022-02-26
W001,67416-38T-150,1.0,1,1,2022-02-26,2022-02-26
W001,67414-VU6-85,1.0,1,1,2022-02-27,2022-02-27
W001,67414-VS7-85,1.0,1,1,2022-02-23,2022-02-23
W001,67414-VS7-110,1.0,1,1,2022-02-23,2022-02-23
W001,67414-VS7-100,1.0,1,1,2022-02-23,2022-02-23
W001,67414-85H-120,1.0,1,1,2022-02-23,2022-02-23
W001,67414-85H-110,1.0,1,1,2022-02-23,2022-02-23
W001,67413-WH7-120,1.0,1,1,2022-04-22,2022-04-22
W001,67413-WH7-100,1.0,1,1,2022-04-03,2022-04-03
W001,67412-VZ1-85,1.0,1,1,2022-02-23,2022-02-23
W001,67411-V98-110,1.0,1,1,2022-07-02,2022-07-02
W001,67410-WC9-140,1.0,1,1,2022-07-23,2022-07-23
W001,67410-WC9-100,1.0,1,1,2022-05-25,2022-05-25
W001,67410-VV2-140,1.0,1,1,2022-06-09,2022-06-09
W001,46239-GK3-120,1.0,1,1,2022-01-13,2022-01-13
W001,46239-C57-150,1.0,1,1,2022-01-23,2022-01-23
invalid,80545-097-100,1.0,1,1,2023-03-15,2023-03-15
W001,67409-WX9-120,1.0,1,1,2022-07-22,2022-07-22
W001,67409-WV2-110,1.0,1,1,2022-06-30,2022-06-30
W001,67409-WV1-150,1.0,1,1,2022-06-09,2022-06-09
W001,67409-WV1-100,1.0,1,1,2022-08-02,2022-08-02
W001,46238-NW2-80,1.0,1,1,2022-02-22,2022-02-22
W001,46177-QD7-XL,1.0,1,1,2022-01-08,2022-01-08
invalid,80647-436-130,1.0,1,1,2023-06-12,2023-06-12
invalid,80647-427-150,1.0,1,1,2023-08-01,2023-08-01
W001,46239-M23-120,1.0,1,1,2022-01-27,2022-01-27
W001,46239-GK3-85,1.0,1,1,2022-02-15,2022-02-15
W001,67410-VS9-150,1.0,1,1,2022-08-02,2022-08-02
W001,67410-VS9-120,1.0,1,1,2022-07-31,2022-07-31
W001,67410-78M-150,1.0,1,1,2022-07-27,2022-07-27
W001,67410-78M-130,1.0,1,1,2022-06-29,2022-06-29
W001,67410-78M-110,1.0,1,1,2022-05-30,2022-05-30
W001,67414-WM4-110,1.0,1,1,2022-02-23,2022-02-23
W001,67408-WW6-90,1.0,1,1,2022-07-01,2022-07-01
W001,67408-WW6-150,1.0,1,1,2022-07-01,2022-07-01
W001,67221-VZ1-130,1.0,1,1,2022-02-23,2022-02-23
W001,67221-C57-150,1.0,1,1,2022-02-15,2022-02-15
W001,67220-NU3-85,1.0,1,1,2022-04-05,2022-04-05
W001,67220-NU3-150,1.0,1,1,2022-01-06,2022-01-06
W001,67220-CM4-130,1.0,1,1,2022-01-26,2022-01-26
invalid,80658-424-140,1.0,1,1,2023-07-31,2023-07-31
invalid,80655-450-85,1.0,1,1,2023-11-12,2023-11-12
W001,46239-C57-100,1.0,1,1,2022-01-16,2022-01-16
W001,46239-B42-85,1.0,1,1,2022-02-14,2022-02-14
W001,46239-B42-150,1.0,1,1,2022-01-28,2022-01-28
W001,46239-A91-120,1.0,1,1,2022-01-17,2022-01-17
W001,67409-WX9-90,1.0,1,1,2022-07-21,2022-07-21
W001,67409-WX9-85,1.0,1,1,2022-07-28,2022-07-28
W001,67409-WX9-150,1.0,1,1,2022-06-13,2022-06-13
W001,67220-CM4-120,1.0,1,1,2022-01-18,2022-01-18
W001,67220-CM4-110,1.0,1,1,2022-02-18,2022-02-18
W001,67408-WW6-140,1.0,1,1,2022-06-07,2022-06-07
W001,67408-WV5-120,1.0,1,1,2022-05-24,2022-05-24
W001,67408-WU4-85,1.0,1,1,2022-06-15,2022-06-15
W001,67408-WU4-150,1.0,1,1,2022-06-30,2022-06-30
invalid,80678-420-150,1.0,1,1,2023-07-31,2023-07-31
W001,46153-PV5-110,1.0,1,1,2022-02-23,2022-02-23
W001,46153-PV5-100,1.0,1,1,2022-02-07,2022-02-07
W001,46153-NV2-85,1.0,1,1,2022-07-29,2022-07-29
W001,46153-C57-120,1.0,1,1,2022-02-25,2022-02-25
W001,46153-C57-110,1.0,1,1,2022-02-02,2022-02-02
W001,46153-B42-150,1.0,1,1,2022-02-23,2022-02-23
W001,46153-B42-120,1.0,1,1,2022-02-24,2022-02-24
W001,46153-B42-100,1.0,1,1,2022-02-02,2022-02-02
W001,46153-A91-130,1.0,1,1,2022-07-11,2022-07-11
W001,67408-VU6-100,1.0,1,1,2022-02-18,2022-02-18
W001,67407-WW6-140,1.0,1,1,2022-07-23,2022-07-23
W001,67407-WW6-130,1.0,1,1,2022-07-23,2022-07-23
invalid,80686-A38-150,1.0,1,1,2023-09-13,2023-09-13
invalid,80686-78M-150,1.0,1,1,2023-09-13,2023-09-13
invalid,80684-G31-85,1.0,1,1,2023-08-04,2023-08-04
invalid,80684-A38-90,1.0,1,1,2023-09-14,2023-09-14
W001,45850-PW1-140,1.0,1,1,2022-01-15,2022-01-15
W001,45850-PW1-130,1.0,1,1,2022-01-26,2022-01-26
W001,45850-PV5-80,1.0,1,1,2022-01-29,2022-01-29
W001,45850-PV5-150,1.0,1,1,2022-01-27,2022-01-27
W001,45850-PV5-120,1.0,1,1,2022-01-12,2022-01-12
W001,45850-C57-90,1.0,1,1,2022-03-11,2022-03-11
W001,45477-SR4-130,1.0,1,1,2022-01-22,2022-01-22
W001,45477-L40-90,1.0,1,1,2022-01-25,2022-01-25
W001,45477-L40-85,1.0,1,1,2022-01-13,2022-01-13
W001,67407-WV5-130,1.0,1,1,2022-06-14,2022-06-14
W001,67407-WV5-100,1.0,1,1,2022-06-14,2022-06-14
W001,67407-WU4-110,1.0,1,1,2022-06-14,2022-06-14
W001,67407-WQ1-110,1.0,1,1,2022-06-15,2022-06-15
invalid,80697-78M-70,1.0,1,1,2023-06-24,2023-06-24
invalid,80696-450-150,1.0,1,1,2023-06-21,2023-06-21
invalid,80694-427-90,1.0,1,1,2023-11-22,2023-11-22
invalid,80693-427-110,1.0,1,1,2023-06-10,2023-06-10
invalid,80688-990-100,1.0,1,1,2023-06-21,2023-06-21
W001,67408-WU4-100,1.0,1,1,2022-06-30,2022-06-30
W001,67408-WT7-90,1.0,1,1,2022-07-01,2022-07-01
W001,67408-WT7-150,1.0,1,1,2022-06-30,2022-06-30
W001,67408-WQ1-140,1.0,1,1,2022-02-28,2022-02-28
W001,67408-VU6-90,1.0,1,1,2022-02-19,2022-02-19
W001,67408-VU6-140,1.0,1,1,2022-02-28,2022-02-28
W001,67408-VU6-120,1.0,1,1,2022-02-25,2022-02-25
W001,67406-VV8-120,1.0,1,1,2022-05-23,2022-05-23
W001,67406-VV8-100,1.0,1,1,2022-07-01,2022-07-01
W001,67406-VU9-100,1.0,1,1,2022-05-18,2022-05-18
invalid,80758-420-90,1.0,1,1,2023-07-04,2023-07-04
W001,45477-L40-140,1.0,1,1,2022-01-16,2022-01-16
W001,45477-L40-130,1.0,1,1,2022-01-12,2022-01-12
W001,45477-L40-110,1.0,1,1,2022-01-16,2022-01-16
W001,45477-J81-85,1.0,1,1,2022-07-31,2022-07-31
W001,45477-J81-140,1.0,1,1,2022-01-13,2022-01-13
W001,45477-GF2-90,1.0,1,1,2022-02-16,2022-02-16
W001,45477-GF2-150,1.0,1,1,2022-01-02,2022-01-02
W001,45477-GF2-120,1.0,1,1,2022-01-18,2022-01-18
W001,45360-48Q-150,1.0,1,1,2022-02-17,2022-02-17
W001,45360-48Q-100,1.0,1,1,2022-07-31,2022-07-31
W001,67407-WW6-110,1.0,1,1,2022-06-08,2022-06-08
W001,67407-WV5-90,1.0,1,1,2022-06-19,2022-06-19
invalid,80847-925-90,1.0,1,1,2023-11-21,2023-11-21
invalid,80847-903-110,1.0,1,1,2023-09-14,2023-09-14
invalid,80845-C57-140,1.0,1,1,2024-01-06,2024-01-06
invalid,80843-929-110,1.0,1,1,2023-10-24,2023-10-24
W001,45358-CW2-90,1.0,1,1,2022-04-18,2022-04-18
W001,45346-VX9-120,1.0,1,1,2022-02-25,2022-02-25
W001,45346-VX9-110,1.0,1,1,2022-02-24,2022-02-24
W001,45346-NV2-100,1.0,1,1,2022-02-12,2022-02-12
W001,45346-GK3-90,1.0,1,1,2022-02-25,2022-02-25
invalid,80761-KR4-50,1.0,1,1,2023-06-22,2023-06-22
invalid,80758-990-90,1.0,1,1,2023-06-01,2023-06-01
invalid,80758-990-100,1.0,1,1,2023-06-22,2023-06-22
W001,67407-78M-150,1.0,1,1,2022-07-31,2022-07-31
W001,67407-001-90,1.0,1,1,2022-06-25,2022-06-25
W001,67407-001-100,1.0,1,1,2022-06-17,2022-06-17
W001,67406-VV8-85,1.0,1,1,2022-06-12,2022-06-12
W001,67404-VW2-90,1.0,1,1,2022-02-17,2022-02-17
W001,67404-VU7-150,1.0,1,1,2022-02-26,2022-02-26
W001,67404-VU7-130,1.0,1,1,2022-02-25,2022-02-25
W001,67404-VU7-120,1.0,1,1,2022-02-18,2022-02-18
W001,67404-VS7-120,1.0,1,1,2022-02-15,2022-02-15
W001,67404-SK3-120,1.0,1,1,2022-01-31,2022-01-31
W001,67403-WM4-100,1.0,1,1,2022-05-06,2022-05-06
W001,67403-VW2-130,1.0,1,1,2022-02-13,2022-02-13
W001,45346-B42-140,1.0,1,1,2022-02-25,2022-02-25
W001,45346-A91-85,1.0,1,1,2022-02-23,2022-02-23
W001,45346-A91-150,1.0,1,1,2022-01-25,2022-01-25
W001,45346-A91-130,1.0,1,1,2022-02-23,2022-02-23
W001,45346-A91-110,1.0,1,1,2022-01-28,2022-01-28
W001,45346-A91-100,1.0,1,1,2022-02-17,2022-02-17
W001,45346-015-130,1.0,1,1,2022-02-23,2022-02-23
invalid,80849-004-90,1.0,1,1,2023-11-22,2023-11-22
W001,67225-SR4-80,1.0,1,1,2022-01-20,2022-01-20
W001,67225-M23-85,1.0,1,1,2022-01-08,2022-01-08
W001,67225-M23-70,1.0,1,1,2022-01-07,2022-01-07
W001,44940-HE1-S,1.0,1,1,2022-01-20,2022-01-20
W001,44940-HB9-XL,1.0,1,1,2022-02-12,2022-02-12
W001,44441-R25-140/150,1.0,1,1,2022-02-18,2022-02-18
invalid,80854-975-110,1.0,1,1,2023-10-03,2023-10-03
invalid,80854-691-150,1.0,1,1,2024-01-23,2024-01-23
invalid,80854-691-140,1.0,1,1,2023-12-26,2023-12-26
invalid,80852-A38-90,1.0,1,1,2023-11-19,2023-11-19
invalid,80851-262-150,1.0,1,1,2024-01-23,2024-01-23
W001,45346-GK3-150,1.0,1,1,2022-08-02,2022-08-02
W001,45346-GK3-100,1.0,1,1,2022-06-22,2022-06-22
W001,67404-WT8-90,1.0,1,1,2022-07-22,2022-07-22
W001,67404-WT8-140,1.0,1,1,2022-07-22,2022-07-22
W001,67404-WM4-100,1.0,1,1,2022-02-22,2022-02-22
W001,44403-VM2-XL,1.0,1,1,2022-01-16,2022-01-16
W001,44403-VL8-XXL,1.0,1,1,2022-02-09,2022-02-09
W001,44403-VL8-S,1.0,1,1,2022-01-25,2022-01-25
invalid,80862-258-85,1.0,1,1,2023-11-10,2023-11-10
invalid,80862-258-150,1.0,1,1,2024-01-31,2024-01-31
invalid,80862-258-100,1.0,1,1,2024-01-23,2024-01-23
invalid,80859-A96-100,1.0,1,1,2023-09-23,2023-09-23
W001,45346-011-150,1.0,1,1,2022-01-16,2022-01-16
W001,45346-011-140,1.0,1,1,2022-02-16,2022-02-16
W001,45039-PG7-7,1.0,1,1,2022-01-10,2022-01-10
W001,45039-001-12,1.0,1,1,2022-01-09,2022-01-09
W001,45039-001-10,1.0,1,1,2022-01-26,2022-01-26
W001,45029-DW1-85,1.0,1,1,2022-01-19,2022-01-19
W001,67403-VU7-150,1.0,1,1,2022-02-28,2022-02-28
W001,67403-VU7-110,1.0,1,1,2022-02-25,2022-02-25
W001,67225-SR4-90,1.0,1,1,2022-01-26,2022-01-26
W001,67224-M23-XS,1.0,1,1,2022-02-27,2022-02-27
W001,67223-KT5-110,1.0,1,1,2022-01-03,2022-01-03
W001,67402-VX9-150,1.0,1,1,2022-02-22,2022-02-22
W001,67402-VX9-120,1.0,1,1,2022-02-17,2022-02-17
W001,67402-VX9-110,1.0,1,1,2022-02-24,2022-02-24
W001,67402-V98-150,1.0,1,1,2022-02-28,2022-02-28
W001,67402-V98-110,1.0,1,1,2022-02-26,2022-02-26
W001,67401-NV2-110,1.0,1,1,2022-02-22,2022-02-22
W001,67399-WW6-150,1.0,1,1,2022-07-19,2022-07-19
W001,67399-WV5-140,1.0,1,1,2022-07-26,2022-07-26
W001,67399-WV5-130,1.0,1,1,2022-07-25,2022-07-25
W001,67399-WU4-130,1.0,1,1,2022-06-23,2022-06-23
invalid,80902-906-140,1.0,1,1,2023-11-03,2023-11-03
W001,44441-R25-120/130,1.0,1,1,2022-01-30,2022-01-30
W001,44403-VP1-S,1.0,1,1,2022-02-22,2022-02-22
W001,44403-VP1-M,1.0,1,1,2022-02-17,2022-02-17
W001,67399-WQ1-90,1.0,1,1,2022-05-24,2022-05-24
W001,67399-WQ1-140,1.0,1,1,2022-07-02,2022-07-02
W001,67399-WQ1-110,1.0,1,1,2022-06-20,2022-06-20
W001,67399-WQ1-100,1.0,1,1,2022-06-15,2022-06-15
W001,67399-VU6-120,1.0,1,1,2022-07-05,2022-07-05
W001,67399-78M-150,1.0,1,1,2022-07-30,2022-07-30
W001,67399-78M-120,1.0,1,1,2022-07-23,2022-07-23
W001,67399-78M-110,1.0,1,1,2022-04-23,2022-04-23
W001,67398-WQ1-90,1.0,1,1,2022-02-12,2022-02-12
W001,44403-VK5-L,1.0,1,1,2022-02-10,2022-02-10
W001,44403-VK1-XL,1.0,1,1,2022-01-13,2022-01-13
W001,44403-VK1-S,1.0,1,1,2022-01-12,2022-01-12
W001,44403-VJ9-XL,1.0,1,1,2022-02-02,2022-02-02
W001,44403-VJ9-S,1.0,1,1,2022-03-06,2022-03-06
invalid,80904-967-85,1.0,1,1,2024-01-28,2024-01-28
invalid,80902-910-100,1.0,1,1,2023-12-21,2023-12-21
W001,67396-WX9-150,1.0,1,1,2022-07-27,2022-07-27
W001,67396-WX9-110,1.0,1,1,2022-07-25,2022-07-25
W001,67396-WX9-100,1.0,1,1,2022-05-19,2022-05-19
W001,67396-WV2-85,1.0,1,1,2022-06-29,2022-06-29
W001,67396-WV2-120,1.0,1,1,2022-06-07,2022-06-07
W001,67396-WV2-100,1.0,1,1,2022-07-27,2022-07-27
W001,44403-VJ6-S,1.0,1,1,2022-02-28,2022-02-28
W001,44403-VJ5-M,1.0,1,1,2022-01-18,2022-01-18
W001,44403-TN9-XL,1.0,1,1,2022-01-31,2022-01-31
invalid,80918-760-140,1.0,1,1,2024-01-30,2024-01-30
invalid,80912-991-140,1.0,1,1,2023-10-09,2023-10-09
invalid,80905-927-110,1.0,1,1,2024-01-25,2024-01-25
invalid,80905-919-85,1.0,1,1,2023-11-10,2023-11-10
invalid,80905-919-110,1.0,1,1,2023-12-20,2023-12-20
invalid,80905-919-100,1.0,1,1,2023-12-12,2023-12-12
W001,44403-VL8-L,1.0,1,1,2022-02-08,2022-02-08
W001,67392-WC9-100,1.0,1,1,2022-06-30,2022-06-30
W001,67392-VV2-100,1.0,1,1,2022-06-15,2022-06-15
W001,67392-VS9-90,1.0,1,1,2022-06-08,2022-06-08
W001,67392-VS9-85,1.0,1,1,2022-06-29,2022-06-29
W001,44403-Q84-XXL,1.0,1,1,2022-02-20,2022-02-20
W001,44403-Q84-L,1.0,1,1,2022-02-06,2022-02-06
W001,44403-VJ9-M,1.0,1,1,2022-02-22,2022-02-22
W001,44403-VJ7-M,1.0,1,1,2022-01-03,2022-01-03
W001,67226-M23-70,1.0,1,1,2022-01-25,2022-01-25
W001,67226-M23-50,1.0,1,1,2022-01-07,2022-01-07
W001,67226-AN8-90,1.0,1,1,2022-02-23,2022-02-23
W001,67398-WQ1-140,1.0,1,1,2022-02-25,2022-02-25
W001,67398-WQ1-110,1.0,1,1,2022-02-15,2022-02-15
W001,67398-WQ1-100,1.0,1,1,2022-04-03,2022-04-03
W001,67397-WL0-110,1.0,1,1,2022-02-24,2022-02-24
W001,67397-WH8-100,1.0,1,1,2022-02-22,2022-02-22
W001,44403-2FV-S,1.0,1,1,2024-12-21,2024-12-21
W001,67392-78M-120,1.0,1,1,2022-06-18,2022-06-18
W001,67392-1HB-85,1.0,1,1,2024-10-09,2024-10-09
W001,67391-WL0-130,1.0,1,1,2022-02-17,2022-02-17
W001,67391-WL0-110,1.0,1,1,2022-02-27,2022-02-27
W001,67391-WL0-100,1.0,1,1,2022-02-22,2022-02-22
W001,67391-WH8-90,1.0,1,1,2022-02-22,2022-02-22
W001,67391-WH8-130,1.0,1,1,2022-04-13,2022-04-13
W001,44228-FV7-XXL,1.0,1,1,2022-01-13,2022-01-13
W001,44228-FV7-L,1.0,1,1,2022-01-03,2022-01-03
W001,44223-CW2-90,1.0,1,1,2022-01-25,2022-01-25
invalid,80969-886-85,1.0,1,1,2024-01-26,2024-01-26
invalid,80969-886-140,1.0,1,1,2023-10-15,2023-10-15
invalid,80969-06G-110,1.0,1,1,2024-01-31,2024-01-31
W001,67395-WH8-130,1.0,1,1,2022-02-07,2022-02-07
W001,67393-WQ1-90,1.0,1,1,2022-06-25,2022-06-25
W001,67387-VZ1-100,1.0,1,1,2022-02-25,2022-02-25
W001,67387-VH3-90,1.0,1,1,2022-07-19,2022-07-19
W001,67387-76X-100,1.0,1,1,2022-06-07,2022-06-07
W001,67385-VX9-120,1.0,1,1,2022-07-28,2022-07-28
W001,67385-V98-120,1.0,1,1,2022-06-10,2022-06-10
W001,67385-G31-120,1.0,1,1,2022-07-25,2022-07-25
W001,67383-WD5-120,1.0,1,1,2022-02-25,2022-02-25
W001,43205-PV5-140,1.0,1,1,2022-01-07,2022-01-07
W001,43205-GK3-90,1.0,1,1,2022-02-25,2022-02-25
W001,43205-GK3-140,1.0,1,1,2022-01-10,2022-01-10
W001,43205-GK3-100,1.0,1,1,2022-02-14,2022-02-14
W001,43205-A91-90,1.0,1,1,2022-02-22,2022-02-22
W001,43205-A91-85,1.0,1,1,2022-02-20,2022-02-20
W001,43205-A91-80,1.0,1,1,2022-04-02,2022-04-02
invalid,80983-850-140,1.0,1,1,2023-10-04,2023-10-04
invalid,80983-848-100,1.0,1,1,2023-09-29,2023-09-29
W001,67381-WM4-120,1.0,1,1,2022-02-17,2022-02-17
W001,67381-85H-130,1.0,1,1,2022-02-23,2022-02-23
W001,67229-VM7-90,1.0,1,1,2022-01-02,2022-01-02
W001,67229-VM7-75,1.0,1,1,2022-02-20,2022-02-20
W001,67229-VM7-70,1.0,1,1,2022-01-19,2022-01-19
W001,67228-JB3-60,1.0,1,1,2022-02-21,2022-02-21
W001,67228-HI2-70,1.0,1,1,2022-01-12,2022-01-12
W001,67228-75M-80,1.0,1,1,2022-02-10,2022-02-10
invalid,81074-560-100,1.0,1,1,2024-01-28,2024-01-28
invalid,81074-461-90,1.0,1,1,2024-01-22,2024-01-22
invalid,81073-740-90,1.0,1,1,2024-01-22,2024-01-22
invalid,81073-740-140,1.0,1,1,2024-02-03,2024-02-03
invalid,81006-538-100,1.0,1,1,2024-01-12,2024-01-12
W001,44223-CW2-100,1.0,1,1,2022-02-23,2022-02-23
W001,44208-FV7-XS,1.0,1,1,2022-08-01,2022-08-01
W001,43205-PV5-90,1.0,1,1,2022-01-26,2022-01-26
W001,43197-GK3-85,1.0,1,1,2022-01-28,2022-01-28
W001,43197-GK3-150,1.0,1,1,2022-02-09,2022-02-09
invalid,81076-791-85,1.0,1,1,2023-12-08,2023-12-08
invalid,81075-C57-90,1.0,1,1,2023-11-21,2023-11-21
W001,43205-A91-150,1.0,1,1,2022-01-27,2022-01-27
W001,43205-015-80,1.0,1,1,2022-06-20,2022-06-20
W001,43205-015-150,1.0,1,1,2022-01-28,2022-01-28
W001,43205-015-130,1.0,1,1,2022-02-22,2022-02-22
W001,43205-015-120,1.0,1,1,2025-01-26,2025-01-26
W001,43201-GK3-150,1.0,1,1,2022-01-12,2022-01-12
W001,43201-A91-120,1.0,1,1,2022-02-01,2022-02-01
W001,43201-A91-100,1.0,1,1,2022-01-16,2022-01-16
W001,43201-015-130,1.0,1,1,2022-02-11,2022-02-11
W001,43201-011-100,1.0,1,1,2022-01-17,2022-01-17
invalid,81074-76X-100,1.0,1,1,2023-11-01,2023-11-01
W001,67381-WM4-130,1.0,1,1,2022-02-10,2022-02-10
W001,67228-75M-70,1.0,1,1,2022-02-24,2022-02-24
W001,67379-WW6-130,1.0,1,1,2022-07-28,2022-07-28
W001,67379-WV1-150,1.0,1,1,2022-06-30,2022-06-30
W001,67379-WU4-130,1.0,1,1,2022-07-30,2022-07-30
W001,67379-WU4-100,1.0,1,1,2022-07-25,2022-07-25
W001,67379-WQ1-90,1.0,1,1,2022-02-19,2022-02-19
W001,67379-WQ1-120,1.0,1,1,2022-02-17,2022-02-17
W001,67379-VU9-85,1.0,1,1,2022-06-25,2022-06-25
W001,67379-PH7-85,1.0,1,1,2022-05-26,2022-05-26
W001,67379-AM7-90,1.0,1,1,2022-05-25,2022-05-25
W001,67379-015-110,1.0,1,1,2022-06-19,2022-06-19
W001,67377-VX9-150,1.0,1,1,2022-02-26,2022-02-26
W001,43197-NV2-150,1.0,1,1,2022-08-02,2022-08-02
W001,43197-NV2-140,1.0,1,1,2022-02-25,2022-02-25
W001,43197-M23-140,1.0,1,1,2022-03-01,2022-03-01
W001,43197-M23-110,1.0,1,1,2022-01-11,2022-01-11
W001,43197-C57-150,1.0,1,1,2022-02-09,2022-02-09
W001,43197-C57-140,1.0,1,1,2022-01-07,2022-01-07
W001,43197-C57-130,1.0,1,1,2022-02-02,2022-02-02
W001,43197-C57-120,1.0,1,1,2022-02-15,2022-02-15
W001,43197-A91-90,1.0,1,1,2022-02-24,2022-02-24
W001,43197-A91-150,1.0,1,1,2022-02-09,2022-02-09
W001,43197-A91-140,1.0,1,1,2022-02-25,2022-02-25
W001,43197-A79-85,1.0,1,1,2022-07-20,2022-07-20
invalid,81093-739-90,1.0,1,1,2023-12-13,2023-12-13
invalid,81092-740-140,1.0,1,1,2024-01-31,2024-01-31
invalid,81091-1AU-140,1.0,1,1,2024-01-18,2024-01-18
invalid,81089-758-150,1.0,1,1,2023-12-28,2023-12-28
invalid,81084-M23-85,1.0,1,1,2024-01-27,2024-01-27
W001,43197-VX9-130,1.0,1,1,2022-02-02,2022-02-02
W001,43197-V98-110,1.0,1,1,2022-02-17,2022-02-17
W001,43197-PV5-150,1.0,1,1,2022-02-09,2022-02-09
W001,67377-B42-130,1.0,1,1,2024-10-09,2024-10-09
W001,67377-B42-100,1.0,1,1,2024-10-08,2024-10-08
W001,67377-A91-85,1.0,1,1,2022-02-06,2022-02-06
W001,67377-2KE-140,1.0,1,1,2025-03-22,2025-03-22
W001,67377-1DH-140,1.0,1,1,2024-10-10,2024-10-10
W001,67377-011-120,1.0,1,1,2024-10-08,2024-10-08
W001,67375-WQ1-120,1.0,1,1,2022-02-23,2022-02-23
W001,67375-WQ1-100,1.0,1,1,2022-02-23,2022-02-23
W001,67375-VU9-110,1.0,1,1,2022-07-01,2022-07-01
W001,67375-VU7-150,1.0,1,1,2022-02-23,2022-02-23
W001,67375-VU6-120,1.0,1,1,2022-02-23,2022-02-23
W001,43197-011-120,1.0,1,1,2022-01-16,2022-01-16
W001,43197-011-100,1.0,1,1,2022-01-26,2022-01-26
W001,42069-75Z-M,1.0,1,1,2022-01-05,2022-01-05
W001,43197-GK3-120,1.0,1,1,2022-02-08,2022-02-08
W001,43197-GF2-85,1.0,1,1,2022-07-28,2022-07-28
invalid,81148-xw3-90,1.0,1,1,2024-01-23,2024-01-23
invalid,81148-xw3-140,1.0,1,1,2024-01-27,2024-01-27
invalid,81146-798-90,1.0,1,1,2023-12-12,2023-12-12
invalid,81146-798-85,1.0,1,1,2023-12-09,2023-12-09
invalid,81146-798-100,1.0,1,1,2023-12-22,2023-12-22
W001,42068-75Z-XL,1.0,1,1,2022-01-03,2022-01-03
W001,42026-FV7-80,1.0,1,1,2022-01-18,2022-01-18
W001,43197-1GR-140,1.0,1,1,2024-10-08,2024-10-08
W001,43197-015-130,1.0,1,1,2022-01-23,2022-01-23
W001,67375-AM7-120,1.0,1,1,2022-02-24,2022-02-24
W001,67231-B42-75,1.0,1,1,2022-02-12,2022-02-12
W001,67231-B42-50,1.0,1,1,2022-02-14,2022-02-14
W001,67230-GF2-75,1.0,1,1,2022-01-24,2022-01-24
W001,67230-B42-85,1.0,1,1,2022-02-19,2022-02-19
W001,67229-VN2-80,1.0,1,1,2022-02-15,2022-02-15
W001,67377-B42-90,1.0,1,1,2022-03-20,2022-03-20
W001,67372-VU6-150,1.0,1,1,2022-06-12,2022-06-12
W001,67368-78M-100,1.0,1,1,2022-02-24,2022-02-24
W001,67367-WK6-85,1.0,1,1,2022-04-08,2022-04-08
W001,67367-WK6-150,1.0,1,1,2022-03-04,2022-03-04
W001,67367-WK6-110,1.0,1,1,2022-02-19,2022-02-19
W001,67367-WK4-85,1.0,1,1,2022-05-25,2022-05-25
W001,67367-WK4-150,1.0,1,1,2022-02-28,2022-02-28
W001,67366-WK6-120,1.0,1,1,2022-05-18,2022-05-18
W001,67366-WK4-90,1.0,1,1,2022-02-24,2022-02-24
W001,41378-GK3-140,1.0,1,1,2022-01-04,2022-01-04
W001,41378-GK3-100,1.0,1,1,2022-02-25,2022-02-25
invalid,81158-015-90,1.0,1,1,2024-01-07,2024-01-07
invalid,81158-015-150,1.0,1,1,2024-02-02,2024-02-02
invalid,81158-015-140,1.0,1,1,2024-02-06,2024-02-06
invalid,81157-794-90,1.0,1,1,2024-02-06,2024-02-06
invalid,81152-894-90,1.0,1,1,2023-12-18,2023-12-18
W001,40805-48Q-M,1.0,1,1,2022-02-16,2022-02-16
W001,40805-48Q-L,1.0,1,1,2022-02-16,2022-02-16
W001,40666-069-XL,1.0,1,1,2022-01-29,2022-01-29
invalid,81180-699-110,1.0,1,1,2023-12-19,2023-12-19
invalid,81179-694-85,1.0,1,1,2023-12-23,2023-12-23
invalid,81158-560-140,1.0,1,1,2024-01-18,2024-01-18
W001,42026-FV7-100,1.0,1,1,2022-01-14,2022-01-14
W001,41423-L40-90,1.0,1,1,2022-02-17,2022-02-17
W001,41423-GK3-90,1.0,1,1,2022-02-17,2022-02-17
W001,41423-A91-80,1.0,1,1,2022-06-15,2022-06-15
W001,41378-M23-150,1.0,1,1,2022-01-11,2022-01-11
W001,41378-M23-100,1.0,1,1,2022-01-24,2022-01-24
W001,67229-VN1-75,1.0,1,1,2022-02-11,2022-02-11
W001,67374-PH7-110,1.0,1,1,2022-02-21,2022-02-21
W001,67374-AM7-130,1.0,1,1,2022-02-02,2022-02-02
W001,67374-76X-130,1.0,1,1,2022-02-01,2022-02-01
W001,67363-WH7-85,1.0,1,1,2022-05-21,2022-05-21
W001,67361-VU6-130,1.0,1,1,2022-04-12,2022-04-12
W001,67359-VW2-100,1.0,1,1,2022-02-19,2022-02-19
W001,67358-990-140,1.0,1,1,2022-02-15,2022-02-15
W001,67358-990-120,1.0,1,1,2022-05-18,2022-05-18
W001,67358-990-110,1.0,1,1,2022-02-22,2022-02-22
W001,67358-990-100,1.0,1,1,2022-06-04,2022-06-04
W001,67358-75M-150,1.0,1,1,2022-02-22,2022-02-22
W001,67358-75M-110,1.0,1,1,2022-02-22,2022-02-22
W001,67357-AM7-120,1.0,1,1,2022-02-23,2022-02-23
invalid,81246-795-100,1.0,1,1,2023-12-12,2023-12-12
W001,41378-76X-90,1.0,1,1,2022-01-18,2022-01-18
W001,41378-76X-130,1.0,1,1,2022-01-26,2022-01-26
W001,41378-76X-120,1.0,1,1,2022-01-18,2022-01-18
W001,40957-A91-120,1.0,1,1,2022-07-28,2022-07-28
W001,40805-48Q-XL,1.0,1,1,2022-01-24,2022-01-24
W001,39973-AH1-110,1.0,1,1,2022-02-02,2022-02-02
W001,40666-069-L,1.0,1,1,2022-02-06,2022-02-06
invalid,81257-1BD-140,1.0,1,1,2024-01-28,2024-01-28
W001,67355-VX9-90,1.0,1,1,2022-02-25,2022-02-25
W001,67333-RR5-120,1.0,1,1,2022-07-04,2022-07-04
W001,67330-RR5-130,1.0,1,1,2022-02-24,2022-02-24
W001,67231-VH3-70,1.0,1,1,2022-01-24,2022-01-24
W001,67231-VH3-50,1.0,1,1,2022-01-04,2022-01-04
W001,67231-SR4-90,1.0,1,1,2022-01-24,2022-01-24
W001,67231-M23-90,1.0,1,1,2022-02-18,2022-02-18
W001,67231-M23-70,1.0,1,1,2022-02-07,2022-02-07
W001,67231-B42-90,1.0,1,1,2022-01-25,2022-01-25
W001,67366-SR7-100,1.0,1,1,2022-02-24,2022-02-24
W001,67366-26B-130,1.0,1,1,2024-10-08,2024-10-08
W001,67365-VZ2-90,1.0,1,1,2022-05-12,2022-05-12
W001,67365-VZ2-120,1.0,1,1,2022-02-23,2022-02-23
W001,67330-RR5-110,1.0,1,1,2022-02-19,2022-02-19
W001,67329-RR5-140,1.0,1,1,2022-02-17,2022-02-17
W001,67329-RR5-120,1.0,1,1,2022-02-17,2022-02-17
W001,67327-RR5-90,1.0,1,1,2022-02-17,2022-02-17
W001,67327-RR5-140,1.0,1,1,2022-03-01,2022-03-01
W001,67327-RR5-100,1.0,1,1,2022-02-22,2022-02-22
W001,67323-RR5-130,1.0,1,1,2022-06-27,2022-06-27
W001,67323-RR5-120,1.0,1,1,2022-06-25,2022-06-25
W001,67323-FE7-110,1.0,1,1,2022-02-23,2022-02-23
W001,67323-FE6-150,1.0,1,1,2022-06-23,2022-06-23
W001,67322-FE6-110,1.0,1,1,2022-02-19,2022-02-19
W001,67316-WD8-120,1.0,1,1,2022-02-15,2022-02-15
W001,67313-WD9-80,1.0,1,1,2022-02-01,2022-02-01
W001,40152-011-5,1.0,1,1,2022-02-03,2022-02-03
W001,39973-CG8-80,1.0,1,1,2022-07-25,2022-07-25
W001,39973-CG8-140,1.0,1,1,2022-01-22,2022-01-22
W001,37028-UU9-160,1.0,1,1,2022-01-18,2022-01-18
W001,37028-TA9-90,1.0,1,1,2022-02-09,2022-02-09
invalid,81371-259-90,1.0,1,1,2024-03-06,2024-03-06
W001,40152-015-1Y,1.0,1,1,2022-01-24,2022-01-24
W001,67233-VM7-75,1.0,1,1,2022-01-18,2022-01-18
W001,67232-SR4-85,1.0,1,1,2022-02-25,2022-02-25
W001,67232-SR4-80,1.0,1,1,2022-02-25,2022-02-25
W001,67313-WD9-75,1.0,1,1,2022-02-25,2022-02-25
W001,67309-WD9-90,1.0,1,1,2022-02-17,2022-02-17
W001,67309-WD9-100,1.0,1,1,2022-02-13,2022-02-13
W001,67305-DW1-150,1.0,1,1,2022-05-13,2022-05-13
W001,67300-VJ3-120,1.0,1,1,2022-02-15,2022-02-15
W001,67299-NM9-110,1.0,1,1,2022-02-25,2022-02-25
W001,67297-VP5-XS,1.0,1,1,2022-02-23,2022-02-23
W001,67231-B42-85,1.0,1,1,2022-02-22,2022-02-22
W001,67231-B42-80,1.0,1,1,2022-01-22,2022-01-22
W001,67290-VP5-70,1.0,1,1,2022-05-13,2022-05-13
W001,67232-B42-60,1.0,1,1,2022-01-20,2022-01-20
W001,67296-WB2-130,1.0,1,1,2022-02-24,2022-02-24
W001,67296-WB2-120,1.0,1,1,2022-02-23,2022-02-23
W001,67295-WB2-L,1.0,1,1,2022-08-01,2022-08-01
W001,67294-WB2-XXL,1.0,1,1,2022-06-10,2022-06-10
W001,67294-WB2-XS,1.0,1,1,2022-07-01,2022-07-01
W001,67294-WB2-XL,1.0,1,1,2022-06-18,2022-06-18
W001,67293-VQ2-70,1.0,1,1,2022-02-14,2022-02-14
W001,67293-VQ2-60,1.0,1,1,2022-04-03,2022-04-03
W001,67293-VQ2-50,1.0,1,1,2022-01-23,2022-01-23
W001,67293-VP5-75,1.0,1,1,2022-06-30,2022-06-30
W001,39537-53H-L,1.0,1,1,2022-02-01,2022-02-01
W001,37028-UV2-160,1.0,1,1,2022-01-12,2022-01-12
W001,37028-UV2-110,1.0,1,1,2022-01-20,2022-01-20
W001,37028-UV2-100,1.0,1,1,2022-02-08,2022-02-08
W001,67287-NG6-150,1.0,1,1,2022-02-21,2022-02-21
W001,67286-SR4-M,1.0,1,1,2022-02-15,2022-02-15
W001,67286-SR4-L,1.0,1,1,2022-02-09,2022-02-09
W001,67285-VR7-140,1.0,1,1,2022-01-12,2022-01-12
W001,67285-VR7-120,1.0,1,1,2022-05-12,2022-05-12
W001,37028-TA8-160,1.0,1,1,2022-01-02,2022-01-02
W001,37028-TA8-110,1.0,1,1,2022-05-06,2022-05-06
W001,37028-TA7-140,1.0,1,1,2022-01-16,2022-01-16
W001,37028-TA7-110,1.0,1,1,2022-01-12,2022-01-12
W001,37028-QD7-140,1.0,1,1,2022-01-23,2022-01-23
W001,37028-QD7-110,1.0,1,1,2022-02-09,2022-02-09
W001,39537-53H-XXS,1.0,1,1,2022-02-25,2022-02-25
W001,67293-NZ5-75,1.0,1,1,2022-02-22,2022-02-22
W001,67293-NZ5-60,1.0,1,1,2022-01-22,2022-01-22
W001,67291-NG6-50,1.0,1,1,2022-07-29,2022-07-29
W001,67290-VP5-90,1.0,1,1,2022-06-19,2022-06-19
W001,67283-V98-100/110,1.0,1,1,2022-06-14,2022-06-14
W001,67282-VZ1-130,1.0,1,1,2022-02-23,2022-02-23
W001,67282-VZ1-120,1.0,1,1,2022-01-22,2022-01-22
W001,67282-V98-110,1.0,1,1,2022-03-04,2022-03-04
W001,36754-A91-90,1.0,1,1,2022-07-23,2022-07-23
W001,36754-76X-90,1.0,1,1,2022-01-17,2022-01-17
W001,36754-76X-120,1.0,1,1,2022-01-13,2022-01-13
W001,36086-PV5-90,1.0,1,1,2022-01-17,2022-01-17
W001,36086-NV2-85,1.0,1,1,2022-01-19,2022-01-19
W001,37028-TA9-150,1.0,1,1,2022-01-13,2022-01-13
W001,37028-TA8-90,1.0,1,1,2022-01-11,2022-01-11
W001,67290-NZ5-50,1.0,1,1,2022-02-16,2022-02-16
W001,67289-WB2-70,1.0,1,1,2022-03-13,2022-03-13
W001,67289-WB2-60,1.0,1,1,2022-02-17,2022-02-17
W001,67288-VP5-80,1.0,1,1,2022-02-20,2022-02-20
W001,67288-VP5-60,1.0,1,1,2022-04-04,2022-04-04
W001,36086-C57-140,1.0,1,1,2022-02-17,2022-02-17
W001,36086-C57-130,1.0,1,1,2022-01-31,2022-01-31
invalid,81562-EV5-XXL,1.0,1,1,2024-03-07,2024-03-07
invalid,81562-766-XXL,1.0,1,1,2024-03-06,2024-03-06
W001,36754-B42-140,1.0,1,1,2022-01-13,2022-01-13
W001,36754-B42-100,1.0,1,1,2022-02-07,2022-02-07
W001,67281-VP4-100,1.0,1,1,2022-02-20,2022-02-20
W001,67280-VQ2-150,1.0,1,1,2022-02-26,2022-02-26
W001,67280-VQ2-120,1.0,1,1,2022-02-24,2022-02-24
W001,67280-VQ2-100,1.0,1,1,2022-02-15,2022-02-15
W001,67280-NZ5-150,1.0,1,1,2022-01-31,2022-01-31
W001,67280-NZ5-130,1.0,1,1,2022-02-08,2022-02-08
W001,67280-NZ5-120,1.0,1,1,2022-02-24,2022-02-24
W001,67279-V98-130,1.0,1,1,2022-04-24,2022-04-24
W001,67278-VR7-90,1.0,1,1,2022-02-13,2022-02-13
W001,67283-V98-80/90,1.0,1,1,2022-05-30,2022-05-30
W001,67278-VR7-120,1.0,1,1,2022-02-11,2022-02-11
W001,67278-VR7-100,1.0,1,1,2022-02-24,2022-02-24
W001,67278-VQ2-140,1.0,1,1,2022-02-11,2022-02-11
W001,67278-VQ2-120,1.0,1,1,2022-02-15,2022-02-15
W001,67278-VP4-90,1.0,1,1,2022-02-17,2022-02-17
W001,67278-VP4-140,1.0,1,1,2022-02-21,2022-02-21
W001,67278-VP4-120,1.0,1,1,2022-02-10,2022-02-10
W001,67278-NZ5-90,1.0,1,1,2022-01-17,2022-01-17
W001,67277-VQ2-130,1.0,1,1,2022-03-23,2022-03-23
W001,67277-VP4-140,1.0,1,1,2022-02-16,2022-02-16
W001,36086-M23-90,1.0,1,1,2022-01-17,2022-01-17
W001,36086-M23-130,1.0,1,1,2022-01-31,2022-01-31
W001,36086-M23-110,1.0,1,1,2022-02-03,2022-02-03
W001,36086-GK3-80,1.0,1,1,2022-02-17,2022-02-17
W001,36086-GK3-120,1.0,1,1,2022-01-20,2022-01-20
W001,36086-C57-150,1.0,1,1,2022-01-16,2022-01-16
W001,67233-VN1-70,1.0,1,1,2022-02-22,2022-02-22
W001,67233-VM7-90,1.0,1,1,2022-02-25,2022-02-25
W001,67275-SR4-150,1.0,1,1,2022-02-28,2022-02-28
W001,67275-GK3-140,1.0,1,1,2022-02-11,2022-02-11
W001,67274-WC1-100,1.0,1,1,2022-01-23,2022-01-23
W001,67274-VP5-90,1.0,1,1,2022-02-08,2022-02-08
W001,36086-B42-85,1.0,1,1,2022-01-13,2022-01-13
W001,36086-B42-120,1.0,1,1,2022-02-23,2022-02-23
W001,36086-A91-130,1.0,1,1,2022-01-22,2022-01-22
W001,36086-NV2-100,1.0,1,1,2022-01-23,2022-01-23
W001,67277-NZ5-140,1.0,1,1,2022-02-11,2022-02-11
W001,67234-M23-50,1.0,1,1,2022-02-13,2022-02-13
W001,67233-VN2-85,1.0,1,1,2022-02-18,2022-02-18
W001,67233-VN1-85,1.0,1,1,2022-02-17,2022-02-17
W001,67278-VR7-140,1.0,1,1,2022-02-13,2022-02-13
W001,67278-VR7-130,1.0,1,1,2022-02-15,2022-02-15
W001,67265-VN3-110,1.0,1,1,2022-01-28,2022-01-28
W001,67264-VN3-XS,1.0,1,1,2022-01-16,2022-01-16
W001,67264-VN3-XL,1.0,1,1,2022-02-25,2022-02-25
W001,67262-VN4-140,1.0,1,1,2022-01-06,2022-01-06
W001,67262-VN4-100,1.0,1,1,2022-01-06,2022-01-06
W001,36086-015-100,1.0,1,1,2022-01-14,2022-01-14
W001,36086-011-90,1.0,1,1,2022-01-19,2022-01-19
W001,33218-WL0-130,1.0,1,1,2022-04-21,2022-04-21
W001,67274-VP5-110,1.0,1,1,2022-04-23,2022-04-23
W001,67274-NZ5-140,1.0,1,1,2022-04-03,2022-04-03
W001,67273-NZ5-120,1.0,1,1,2022-06-13,2022-06-13
W001,67272-SR4-130,1.0,1,1,2022-02-26,2022-02-26
W001,67272-SR4-120,1.0,1,1,2022-02-03,2022-02-03
W001,67271-WD9-150,1.0,1,1,2022-04-15,2022-04-15
W001,67271-WB7-100,1.0,1,1,2022-07-02,2022-07-02
W001,67271-WB6-90,1.0,1,1,2022-01-13,2022-01-13
W001,67249-SR4-90,1.0,1,1,2022-01-26,2022-01-26
W001,67255-TN9-S,1.0,1,1,2022-01-10,2022-01-10
W001,67255-FU8-XS,1.0,1,1,2022-07-07,2022-07-07
invalid,82477-3AR-70,1.0,1,1,2025-03-03,2025-03-03
W001,36086-015-85,1.0,1,1,2022-02-18,2022-02-18
W001,67260-VN4-M,1.0,1,1,2022-01-18,2022-01-18
W001,67259-VN3-90,1.0,1,1,2022-01-08,2022-01-08
W001,67258-NG1-S,1.0,1,1,2022-01-05,2022-01-05
W001,67256-FX7-XS,1.0,1,1,2024-10-09,2024-10-09
W001,67255-TN9-XXL,1.0,1,1,2022-01-11,2022-01-11
W001,67271-WB3-110,1.0,1,1,2022-02-15,2022-02-15
W001,67268-BH5-XL,1.0,1,1,2022-02-07,2022-02-07
W001,67268-BH5-M,1.0,1,1,2022-02-22,2022-02-22
W001,67267-BH5-L,1.0,1,1,2022-02-15,2022-02-15
W001,67265-VN3-130,1.0,1,1,2022-01-13,2022-01-13
W001,67265-VN3-120,1.0,1,1,2022-01-11,2022-01-11
W001,67249-M23-80,1.0,1,1,2022-03-23,2022-03-23
W001,67238-011-60,1.0,1,1,2022-07-26,2022-07-26
W001,67237-BD4-90,1.0,1,1,2022-02-19,2022-02-19
W001,67237-BD4-80,1.0,1,1,2022-02-09,2022-02-09
W001,67234-M23-85,1.0,1,1,2022-02-18,2022-02-18
W001,67249-M23-60,1.0,1,1,2022-02-13,2022-02-13
invalid,82490-3AJ-70,1.0,1,1,2024-10-08,2024-10-08
invalid,82486-3AZ-85,1.0,1,1,2025-05-07,2025-05-07
invalid,82486-3AV-85,1.0,1,1,2025-02-05,2025-02-05
invalid,82485-3ND-80,1.0,1,1,2025-05-20,2025-05-20
invalid,82485-3BJ-85,1.0,1,1,2024-10-08,2024-10-08
invalid,82483-3BI-70,1.0,1,1,2025-03-03,2025-03-03
W001,67255-FU8-M,1.0,1,1,2022-02-05,2022-02-05
W001,67254-S74-L/XL,1.0,1,1,2022-01-20,2022-01-20
W001,67250-JB3-60,1.0,1,1,2022-02-22,2022-02-22
W001,67250-HI2-50,1.0,1,1,2022-01-20,2022-01-20
W001,33218-16N-85,1.0,1,1,2022-07-05,2022-07-05
W001,33218-16N-80,1.0,1,1,2022-02-27,2022-02-27
W001,33218-WF3-120,1.0,1,1,2022-04-21,2022-04-21
W001,33218-VF3-130,1.0,1,1,2022-01-19,2022-01-19
W001,33218-TT2-90,1.0,1,1,2022-06-05,2022-06-05
W001,33218-TD4-150,1.0,1,1,2022-01-04,2022-01-04
W001,33218-TD4-140,1.0,1,1,2022-02-15,2022-02-15
W001,33218-TD4-120,1.0,1,1,2022-02-19,2022-02-19
W001,67248-V98-70,1.0,1,1,2022-01-29,2022-01-29
W001,67248-A79-90,1.0,1,1,2022-02-11,2022-02-11
W001,67247-SR4-90,1.0,1,1,2022-01-26,2022-01-26
W001,67247-SR4-80,1.0,1,1,2022-01-30,2022-01-30
W001,67247-SR4-70,1.0,1,1,2022-02-05,2022-02-05
W001,67247-SR4-60,1.0,1,1,2022-01-29,2022-01-29
W001,67247-M23-85,1.0,1,1,2022-01-24,2022-01-24
W001,67247-M23-50,1.0,1,1,2022-01-26,2022-01-26
W001,67244-M23-80,1.0,1,1,2022-02-25,2022-02-25
W001,67247-GF2-90,1.0,1,1,2022-01-19,2022-01-19
W001,67247-GF2-80,1.0,1,1,2022-02-07,2022-02-07
W001,67247-GF2-75,1.0,1,1,2022-01-22,2022-01-22
W001,67246-VM9-90,1.0,1,1,2022-01-31,2022-01-31
W001,67246-VM9-85,1.0,1,1,2022-01-13,2022-01-13
W001,67246-VM9-60,1.0,1,1,2022-02-15,2022-02-15
W001,67246-VM9-50,1.0,1,1,2022-01-14,2022-01-14
W001,67246-VM8-90,1.0,1,1,2022-02-25,2022-02-25
W001,67246-VM8-85,1.0,1,1,2022-01-21,2022-01-21
W001,67246-VM8-75,1.0,1,1,2022-01-12,2022-01-12
W001,33175-TT2-160,1.0,1,1,2022-05-09,2022-05-09
invalid,82623-33Y-150,1.0,1,1,2025-01-15,2025-01-15
W001,33218-QT3-90,1.0,1,1,2022-07-05,2022-07-05
W001,33218-GN1-140,1.0,1,1,2022-01-12,2022-01-12
W001,33218-1AY-160,1.0,1,1,2024-10-09,2024-10-09
W001,67242-VM9-80,1.0,1,1,2022-01-19,2022-01-19
W001,67242-VM7-90,1.0,1,1,2022-01-12,2022-01-12
W001,67242-VM7-85,1.0,1,1,2022-01-17,2022-01-17
W001,67242-VM7-70,1.0,1,1,2022-01-15,2022-01-15
W001,33175-S74-120,1.0,1,1,2022-02-22,2022-02-22
W001,33175-QT3-110,1.0,1,1,2022-01-26,2022-01-26
W001,33175-QT3-100,1.0,1,1,2022-01-14,2022-01-14
W001,33175-WF3-90,1.0,1,1,2022-07-30,2022-07-30
W001,33175-VF3-90,1.0,1,1,2022-01-24,2022-01-24
W001,33175-VF3-150,1.0,1,1,2022-02-23,2022-02-23
W001,33175-U74-90,1.0,1,1,2024-10-09,2024-10-09
W001,33175-U74-110,1.0,1,1,2022-04-24,2022-04-24
W001,67246-VM7-60,1.0,1,1,2022-01-10,2022-01-10
W001,67246-QX6-90,1.0,1,1,2022-01-06,2022-01-06
W001,67246-QX6-85,1.0,1,1,2022-01-07,2022-01-07
W001,67246-QX6-75,1.0,1,1,2022-01-12,2022-01-12
W001,67242-VK1-80,1.0,1,1,2022-01-04,2022-01-04
W001,67242-TN9-85,1.0,1,1,2022-02-15,2022-02-15
W001,67242-TN9-80,1.0,1,1,2022-01-15,2022-01-15
W001,67242-QX6-90,1.0,1,1,2022-02-15,2022-02-15
W001,67242-QX6-70,1.0,1,1,2022-01-12,2022-01-12
W001,67242-QX6-60,1.0,1,1,2022-01-17,2022-01-17
invalid,83066-TN9-XS,1.0,1,1,2025-01-03,2025-01-03
invalid,83066-TN9-S,1.0,1,1,2025-01-03,2025-01-03
invalid,83066-TN9-M,1.0,1,1,2025-01-03,2025-01-03
W001,33175-TD4-80,1.0,1,1,2022-05-12,2022-05-12
W001,33175-TB4-90,1.0,1,1,2022-02-23,2022-02-23
W001,33175-SR4-150,1.0,1,1,2024-10-08,2024-10-08
W001,67243-VH3-80,1.0,1,1,2022-02-13,2022-02-13
W001,67243-VH3-75,1.0,1,1,2022-01-13,2022-01-13
W001,67243-GF2-90,1.0,1,1,2022-01-03,2022-01-03
W001,67243-GF2-70,1.0,1,1,2022-01-19,2022-01-19
W001,33081-QT3-85,1.0,1,1,2022-05-19,2022-05-19
W001,30810-GN1-XL,1.0,1,1,2022-02-22,2022-02-22
W001,67238-GF2-60,1.0,1,1,2022-02-23,2022-02-23
W001,67238-B42-80,1.0,1,1,2022-01-25,2022-01-25
W001,67238-B42-70,1.0,1,1,2022-01-10,2022-01-10
W001,67238-011-90,1.0,1,1,2022-07-27,2022-07-27
W001,33081-16N-85,1.0,1,1,2022-01-06,2022-01-06
W001,67239-SR4-90,1.0,1,1,2022-02-18,2022-02-18
W001,67239-SR4-80,1.0,1,1,2022-01-03,2022-01-03
W001,67239-GF2-60,1.0,1,1,2022-01-22,2022-01-22
W001,67239-011-90,1.0,1,1,2022-02-18,2022-02-18
W001,30070-S74-S,1.0,1,1,2022-01-05,2022-01-05
W001,67241-SR4-70,1.0,1,1,2022-02-11,2022-02-11
W001,67241-SR4-60,1.0,1,1,2022-01-19,2022-01-19
W001,67241-GF2-90,1.0,1,1,2022-01-10,2022-01-10
W001,67241-GF2-80,1.0,1,1,2022-02-07,2022-02-07
invalid,65602-UU3-90,1.0,1,1,2022-02-08,2022-02-08
invalid,65602-UU3-80,1.0,1,1,2022-02-22,2022-02-22
invalid,65602-UT9-80,1.0,1,1,2022-02-17,2022-02-17
invalid,65602-UT9-75,1.0,1,1,2022-01-25,2022-01-25
invalid,65602-UT9-60,1.0,1,1,2022-02-05,2022-02-05
invalid,65602-UT3-90,1.0,1,1,2022-02-15,2022-02-15
invalid,65602-UT3-80,1.0,1,1,2022-01-24,2022-01-24
invalid,65602-UT3-70,1.0,1,1,2022-01-24,2022-01-24
invalid,65602-UC3-NB,1.0,1,1,2022-01-03,2022-01-03
No LP Track,81553-EF5-60,1.0,1,1,2025-10-01,2025-10-01
W001,33081-TT2-90,1.0,1,1,2022-06-07,2022-06-07
W001,33081-TT2-85,1.0,1,1,2022-07-01,2022-07-01
W001,33081-TT2-50,1.0,1,1,2022-06-30,2022-06-30
W001,33081-TD4-75,1.0,1,1,2022-01-31,2022-01-31
W001,33081-TD4-70,1.0,1,1,2022-02-17,2022-02-17
W001,33081-QT3-90,1.0,1,1,2022-02-21,2022-02-21
