LocProfileId,SourceLocation,SourceZone,PickUnits,PickLines,DistinctSKUs,FirstPickDate,LastPickDate
invalid,34-005Z,Invalid,4691.0,4408,8,2022-01-03,2025-02-16
invalid,34-010Z,Invalid,4150.0,3782,5,2022-09-20,2026-01-10
invalid,34-012Z,Invalid,3644.0,3337,13,2022-01-02,2025-02-16
invalid,34-002Z,Invalid,3552.0,3357,16,2022-01-02,2026-01-04
invalid,34-009Z,Invalid,3357.0,3080,8,2022-01-07,2025-10-20
invalid,34-003Z,Invalid,3350.0,3086,11,2022-02-18,2025-12-03
invalid,34-001Z,Invalid,3261.0,3028,15,2022-04-18,2026-01-20
invalid,34-004Z,Invalid,3227.0,2958,21,2022-01-03,2025-11-29
invalid,34-007Z,Invalid,3021.0,2819,6,2022-01-02,2025-11-27
invalid,34-008Z,Invalid,2275.0,2177,9,2022-07-17,2025-11-17
invalid,34-013Z,Invalid,2141.0,2055,9,2022-11-09,2026-04-28
invalid,17-128C,Invalid,1954.0,1885,23,2022-01-06,2024-03-07
invalid,34-006Z,Invalid,1637.0,1565,7,2022-01-02,2026-04-23
invalid,18-125C,Invalid,1633.0,1588,30,2022-01-02,2024-03-06
invalid,17-129C,Invalid,1550.0,1486,23,2022-01-02,2024-03-06
invalid,08-046X,Invalid,1503.0,1453,7,2022-01-03,2023-01-26
invalid,33-134C,Invalid,1452.0,1074,3,2022-01-06,2022-07-26
invalid,18-132B,Invalid,1433.0,1414,20,2022-01-02,2024-03-06
invalid,18-128C,Invalid,1418.0,1347,17,2022-01-02,2024-01-05
invalid,18-124B,Invalid,1384.0,1369,20,2022-01-06,2024-03-06
invalid,17-131Z,Invalid,1379.0,1363,33,2022-01-11,2024-02-10
invalid,18-130B,Invalid,1369.0,1345,23,2022-01-05,2024-03-05
invalid,17-133B,Invalid,1358.0,1330,17,2022-01-03,2024-02-29
invalid,17-129D,Invalid,1343.0,1320,33,2022-01-02,2024-02-02
invalid,18-133C,Invalid,1329.0,1279,26,2022-01-02,2024-03-06
invalid,07-003A,Invalid,1326.0,1264,29,2022-01-03,2026-02-23
invalid,18-133B,Invalid,1324.0,1299,13,2022-01-02,2024-03-02
invalid,17-132Y,Invalid,1316.0,1282,20,2022-01-24,2024-03-06
invalid,16-128X,Invalid,1312.0,1271,16,2022-01-10,2023-11-28
invalid,16-127X,Invalid,1287.0,1265,13,2022-03-24,2024-03-05
invalid,18-121B,Invalid,1274.0,1242,19,2022-01-02,2024-03-07
invalid,18-129C,Invalid,1258.0,1204,17,2022-01-02,2024-01-26
invalid,17-132X,Invalid,1256.0,1224,17,2022-05-09,2024-03-07
invalid,17-139B,Invalid,1255.0,1202,9,2022-01-08,2024-03-07
invalid,16-137X,Invalid,1232.0,1208,15,2022-01-10,2024-03-07
invalid,26-140C,Invalid,1206.0,1151,7,2022-01-02,2022-07-24
invalid,17-129B,Invalid,1194.0,1177,16,2022-01-02,2024-01-19
invalid,31-134B,Invalid,1194.0,1161,5,2022-01-02,2022-07-26
invalid,29-139C,Invalid,1190.0,1164,5,2022-01-11,2022-07-26
invalid,17-138Y,Invalid,1186.0,1153,13,2022-01-05,2024-03-07
invalid,07-002A,Invalid,1185.0,1083,26,2022-01-15,2026-03-08
invalid,16-135X,Invalid,1178.0,1112,16,2022-01-07,2024-03-05
invalid,24-140X,Invalid,1168.0,1140,8,2022-01-05,2022-07-18
invalid,27-139X,Invalid,1165.0,929,1,2022-01-03,2022-07-27
invalid,18-132C,Invalid,1164.0,1114,18,2022-01-03,2024-03-06
invalid,17-129Z,Invalid,1160.0,1135,25,2022-01-03,2024-01-31
invalid,17-129W,Invalid,1148.0,1116,27,2022-01-22,2024-02-15
W001,07-116C,W001,1142.0,1110,18,2022-01-03,2026-05-08
invalid,18-130C,Invalid,1135.0,1094,20,2022-01-02,2024-03-02
invalid,07-019C,Invalid,1135.0,1104,10,2022-01-02,2022-08-01
invalid,17-127X,Invalid,1134.0,1081,14,2022-03-04,2024-01-07
invalid,18-123B,Invalid,1126.0,1104,25,2022-01-10,2024-03-05
invalid,17-128Y,Invalid,1124.0,1090,14,2022-04-04,2024-03-05
invalid,17-130C,Invalid,1122.0,1078,16,2022-01-07,2024-02-26
invalid,26-138X,Invalid,1121.0,1060,5,2022-01-02,2022-07-25
invalid,18-122B,Invalid,1116.0,1099,21,2022-01-13,2024-03-05
invalid,17-133D,Invalid,1116.0,1067,20,2022-01-03,2024-01-05
invalid,18-123D,Invalid,1114.0,1087,33,2022-01-02,2024-03-06
invalid,32-138C,Invalid,1109.0,1064,3,2022-01-02,2022-06-29
invalid,16-134X,Invalid,1103.0,1088,17,2022-01-14,2024-03-05
invalid,17-133Y,Invalid,1102.0,1071,19,2022-01-02,2024-03-07
invalid,18-131B,Invalid,1097.0,1068,20,2022-02-27,2024-03-05
invalid,18-129B,Invalid,1089.0,1064,16,2022-01-02,2024-02-20
invalid,17-133X,Invalid,1084.0,1042,16,2022-01-03,2023-12-08
invalid,17-130D,Invalid,1080.0,1072,27,2022-03-16,2024-02-27
invalid,18-126B,Invalid,1077.0,1066,25,2022-01-02,2024-03-07
invalid,18-120C,Invalid,1073.0,1041,23,2022-01-02,2024-03-08
invalid,17-047Y,Invalid,1053.0,1026,11,2022-01-02,2023-03-13
invalid,27-135W,Invalid,1037.0,985,2,2022-01-12,2022-07-04
invalid,17-131C,Invalid,1036.0,965,20,2022-02-23,2024-01-08
invalid,17-131X,Invalid,1029.0,1006,17,2022-01-07,2024-03-07
invalid,34-014Z,Invalid,1019.0,967,4,2022-11-09,2026-05-20
invalid,28-134X,Invalid,1014.0,974,5,2022-01-03,2022-07-27
invalid,33-138C,Invalid,1010.0,952,5,2022-01-03,2022-07-26
W001,07-028B,W001,1007.0,990,13,2022-01-02,2026-02-05
invalid,31-139C,Invalid,1002.0,957,6,2022-01-02,2022-07-26
invalid,08-049X,Invalid,1000.0,964,9,2022-01-03,2023-01-30
invalid,16-138X,Invalid,1000.0,967,15,2022-01-31,2024-03-07
invalid,33-137C,Invalid,994.0,738,2,2022-01-05,2022-07-26
invalid,17-137Y,Invalid,991.0,973,13,2022-01-02,2024-03-06
invalid,17-138C,Invalid,982.0,917,17,2022-01-03,2024-03-06
invalid,18-123C,Invalid,979.0,952,26,2022-01-07,2024-02-28
invalid,17-128X,Invalid,979.0,949,13,2022-01-09,2024-01-29
invalid,27-137X,Invalid,978.0,920,6,2022-01-03,2022-07-17
invalid,25-140B,Invalid,974.0,959,3,2022-01-04,2022-05-30
invalid,18-122C,Invalid,968.0,936,17,2022-08-17,2024-03-07
invalid,17-136X,Invalid,965.0,959,10,2022-01-05,2024-03-06
invalid,16-139X,Invalid,964.0,945,10,2022-01-02,2024-03-07
invalid,17-133C,Invalid,962.0,927,15,2022-01-04,2024-03-07
invalid,17-137X,Invalid,960.0,924,14,2022-01-02,2024-03-07
invalid,27-140Y,Invalid,954.0,919,2,2022-01-10,2022-06-28
invalid,34-011Z,Invalid,952.0,915,9,2022-09-06,2026-01-13
invalid,24-139C,Invalid,951.0,856,4,2022-01-02,2022-07-27
invalid,17-048W,Invalid,949.0,933,15,2022-01-02,2023-02-28
invalid,17-138B,Invalid,942.0,916,11,2022-01-02,2024-03-06
invalid,17-131D,Invalid,942.0,908,25,2022-01-04,2024-02-08
invalid,17-131W,Invalid,940.0,930,19,2022-04-19,2024-03-03
W001,07-065C,W001,940.0,902,7,2022-01-02,2026-03-12
invalid,25-138C,Invalid,938.0,843,7,2022-01-02,2022-07-27
invalid,18-127B,Invalid,935.0,914,11,2022-04-04,2024-02-28
invalid,17-131A,Invalid,934.0,926,13,2022-03-09,2024-03-06
invalid,18-124D,Invalid,933.0,912,27,2022-01-18,2024-03-04
invalid,27-134C,Invalid,929.0,896,7,2022-01-02,2022-07-26
invalid,18-139C,Invalid,925.0,891,4,2022-02-07,2022-07-17
invalid,17-130W,Invalid,920.0,905,22,2022-04-19,2024-03-07
invalid,17-130X,Invalid,914.0,893,18,2022-07-13,2024-03-05
invalid,07-001A,Invalid,906.0,817,5,2022-06-03,2026-01-07
invalid,17-133W,Invalid,905.0,884,22,2022-01-10,2024-03-07
invalid,17-136B,Invalid,903.0,892,9,2022-01-29,2024-03-06
invalid,17-130Z,Invalid,896.0,879,26,2022-01-05,2024-03-06
invalid,30-137Y,Invalid,892.0,856,4,2022-01-03,2022-07-27
invalid,17-129Y,Invalid,891.0,877,15,2022-01-02,2024-03-07
invalid,18-128B,Invalid,890.0,878,23,2022-02-06,2024-03-03
W001,07-008X,W001,886.0,821,36,2022-01-02,2025-01-07
invalid,16-138Y,Invalid,883.0,860,7,2022-01-10,2024-03-06
invalid,24-136C,Invalid,882.0,825,8,2022-01-02,2022-07-22
invalid,25-137C,Invalid,882.0,851,6,2022-01-02,2022-07-28
invalid,17-131B,Invalid,880.0,857,13,2022-03-12,2024-03-07
invalid,17-128A,Invalid,874.0,857,26,2022-01-02,2024-03-06
invalid,32-136C,Invalid,874.0,860,4,2022-01-06,2022-07-26
invalid,24-135C,Invalid,872.0,853,4,2022-01-02,2022-07-25
invalid,17-132D,Invalid,868.0,852,20,2022-01-02,2024-03-07
invalid,17-134X,Invalid,865.0,837,11,2022-01-03,2024-03-07
invalid,09-142C,Invalid,864.0,838,12,2022-01-02,2022-07-31
invalid,29-138X,Invalid,858.0,831,7,2022-01-04,2022-07-19
invalid,31-136C,Invalid,855.0,828,7,2022-01-04,2022-07-21
invalid,16-131Y,Invalid,849.0,829,10,2022-01-18,2024-02-18
invalid,18-120B,Invalid,848.0,807,17,2022-01-05,2024-03-06
W001,07-147X,W001,848.0,834,25,2022-01-03,2026-03-13
invalid,17-140D,Invalid,846.0,817,7,2022-01-03,2024-02-13
invalid,17-128B,Invalid,845.0,831,22,2022-01-05,2024-03-05
invalid,17-098D,Invalid,842.0,829,13,2022-03-09,2023-04-07
invalid,33-140B,Invalid,842.0,828,3,2022-01-23,2022-06-24
invalid,18-121D,Invalid,840.0,818,18,2022-01-03,2024-02-20
invalid,17-132Z,Invalid,839.0,825,27,2022-03-11,2024-01-27
invalid,17-127C,Invalid,837.0,811,9,2022-01-03,2023-03-15
invalid,30-138C,Invalid,823.0,812,2,2022-01-04,2022-07-23
W001,07-140Y,W001,817.0,799,4,2022-01-06,2024-10-03
invalid,17-140C,Invalid,817.0,790,14,2022-01-06,2024-03-04
invalid,08-049Y,Invalid,816.0,782,13,2022-01-10,2023-03-16
invalid,17-049X,Invalid,816.0,797,10,2022-01-03,2023-03-15
invalid,07-109C,Invalid,813.0,794,8,2022-01-02,2024-10-08
invalid,18-127C,Invalid,812.0,795,12,2022-01-05,2024-03-06
invalid,17-139D,Invalid,812.0,799,8,2022-03-19,2024-03-04
invalid,27-137C,Invalid,812.0,772,9,2022-01-03,2022-07-26
invalid,16-136W,Invalid,811.0,792,17,2022-01-02,2024-02-18
invalid,16-133W,Invalid,805.0,786,10,2022-02-09,2023-12-29
invalid,17-136D,Invalid,804.0,769,10,2022-05-11,2024-02-14
invalid,17-049W,Invalid,800.0,720,14,2022-03-10,2023-02-16
invalid,17-137W,Invalid,796.0,782,14,2022-04-08,2024-03-05
invalid,17-127Y,Invalid,795.0,791,13,2022-02-16,2024-02-12
invalid,18-131D,Invalid,795.0,769,15,2022-01-02,2024-03-05
invalid,17-043X,Invalid,792.0,776,13,2022-01-06,2023-01-13
invalid,27-138B,Invalid,790.0,757,3,2022-01-13,2022-06-27
invalid,17-127Z,Invalid,789.0,774,23,2022-01-04,2024-01-28
invalid,17-134D,Invalid,788.0,752,11,2022-01-28,2024-01-07
invalid,24-135X,Invalid,787.0,775,4,2022-01-02,2022-07-13
invalid,16-127Y,Invalid,787.0,755,15,2022-03-10,2024-03-06
invalid,26-138C,Invalid,784.0,771,5,2022-01-03,2022-07-27
invalid,17-044Y,Invalid,781.0,760,15,2022-01-05,2023-03-13
invalid,27-134X,Invalid,777.0,760,6,2022-01-02,2022-07-19
invalid,28-139C,Invalid,774.0,758,5,2022-01-02,2022-07-26
invalid,30-134X,Invalid,774.0,760,8,2022-01-03,2022-07-26
invalid,17-135B,Invalid,770.0,729,12,2022-01-02,2024-03-06
W001,07-025B,W001,770.0,750,21,2022-01-02,2026-05-28
invalid,17-130Y,Invalid,768.0,752,17,2022-01-02,2024-03-04
invalid,25-136X,Invalid,763.0,746,4,2022-01-03,2022-07-26
invalid,18-124C,Invalid,760.0,728,11,2022-01-02,2024-01-10
invalid,17-059C,Invalid,760.0,740,11,2022-01-05,2023-04-06
invalid,17-127D,Invalid,760.0,749,13,2022-01-05,2023-03-06
W001,07-078C,W001,758.0,731,16,2022-01-02,2026-05-13
invalid,16-136Y,Invalid,757.0,740,13,2022-01-02,2024-01-27
invalid,34-022X,Invalid,757.0,715,4,2024-09-25,2025-12-03
invalid,08-109X,Invalid,755.0,747,11,2022-01-02,2023-03-28
invalid,16-133X,Invalid,752.0,735,12,2022-01-11,2024-03-04
invalid,32-139C,Invalid,751.0,736,7,2022-01-03,2022-09-06
invalid,26-136B,Invalid,750.0,737,1,2022-03-03,2022-05-19
W001,07-054Y,W001,745.0,719,13,2022-01-04,2025-05-07
invalid,33-135C,Invalid,743.0,725,6,2022-01-15,2022-07-21
invalid,26-136C,Invalid,743.0,730,5,2022-01-02,2022-07-25
invalid,17-132C,Invalid,741.0,708,14,2022-01-18,2024-03-06
invalid,28-138C,Invalid,739.0,716,4,2022-01-02,2022-07-24
invalid,17-136C,Invalid,738.0,720,9,2022-01-02,2024-03-04
invalid,17-127B,Invalid,734.0,716,13,2022-01-02,2023-03-14
invalid,17-128W,Invalid,734.0,720,22,2022-01-03,2024-02-15
invalid,31-139X,Invalid,731.0,720,5,2022-01-04,2022-07-14
invalid,18-120D,Invalid,731.0,725,19,2022-03-09,2024-03-06
invalid,25-134C,Invalid,730.0,714,7,2022-01-02,2022-07-28
invalid,17-130B,Invalid,728.0,719,17,2022-01-30,2024-03-03
invalid,16-136X,Invalid,722.0,712,12,2022-04-12,2024-03-03
invalid,17-043Y,Invalid,722.0,709,15,2022-04-03,2023-02-01
invalid,27-137D,Invalid,720.0,701,3,2022-02-16,2022-07-03
invalid,08-110X,Invalid,718.0,663,10,2022-01-06,2023-03-18
W001,07-139X,W001,717.0,695,14,2022-01-02,2026-05-12
invalid,17-132B,Invalid,716.0,695,10,2022-11-10,2024-03-07
invalid,16-132Y,Invalid,715.0,698,14,2022-01-02,2024-03-07
invalid,17-138X,Invalid,714.0,692,16,2022-01-23,2024-03-07
invalid,12-098C,Invalid,714.0,697,13,2022-01-02,2023-07-22
invalid,29-135C,Invalid,712.0,691,5,2022-01-02,2022-07-26
W001,07-136C,W001,711.0,692,17,2022-01-02,2024-10-08
invalid,31-137C,Invalid,709.0,667,4,2022-01-02,2022-07-25
invalid,24-134C,Invalid,708.0,644,6,2022-01-02,2022-07-28
invalid,18-129D,Invalid,707.0,690,13,2022-01-21,2024-03-06
invalid,08-108Z,Invalid,706.0,663,24,2022-01-10,2023-01-07
W001,07-003Y,W001,703.0,665,40,2022-01-03,2026-05-14
W001,07-082C,W001,703.0,674,5,2022-01-03,2026-06-17
invalid,31-137X,Invalid,702.0,686,7,2022-01-03,2022-07-17
invalid,32-135C,Invalid,701.0,686,6,2022-01-04,2022-07-18
invalid,24-140B,Invalid,700.0,642,4,2022-01-02,2022-07-26
invalid,17-048Y,Invalid,692.0,674,11,2022-01-02,2023-03-14
invalid,18-130D,Invalid,692.0,648,15,2022-01-30,2024-02-29
invalid,17-134Y,Invalid,691.0,677,10,2022-01-11,2024-03-04
invalid,34-005X,Invalid,691.0,676,3,2024-09-21,2025-12-16
W001,07-079Y,W001,691.0,680,7,2022-01-17,2025-03-12
invalid,27-137B,Invalid,689.0,684,5,2022-01-02,2022-07-26
invalid,17-047X,Invalid,687.0,674,10,2022-01-02,2023-01-04
invalid,17-135W,Invalid,685.0,670,10,2022-01-03,2024-02-28
invalid,17-131Y,Invalid,683.0,663,12,2022-01-02,2024-02-07
invalid,26-135C,Invalid,680.0,665,8,2022-01-03,2022-07-25
invalid,08-045X,Invalid,679.0,650,11,2022-01-02,2023-04-04
invalid,17-133Z,Invalid,678.0,659,18,2022-04-07,2024-02-03
invalid,16-131X,Invalid,677.0,663,16,2022-01-03,2024-03-07
W001,07-088C,W001,675.0,657,9,2022-01-04,2025-02-06
invalid,16-134W,Invalid,671.0,629,12,2022-01-02,2024-02-24
invalid,16-130X,Invalid,670.0,663,10,2022-01-03,2024-02-20
invalid,16-129X,Invalid,670.0,658,9,2022-01-12,2024-03-06
invalid,17-098A,Invalid,668.0,661,24,2022-03-11,2023-03-12
invalid,17-128D,Invalid,667.0,653,23,2022-01-08,2024-01-31
invalid,17-139Y,Invalid,665.0,651,8,2022-01-02,2024-03-07
invalid,17-140Y,Invalid,662.0,653,7,2022-02-05,2024-03-06
invalid,08-046W,Invalid,658.0,635,23,2022-01-03,2023-02-02
invalid,31-135D,Invalid,653.0,639,2,2022-02-02,2022-07-25
invalid,08-043X,Invalid,653.0,629,34,2022-01-03,2023-01-21
invalid,16-135Y,Invalid,650.0,637,10,2022-01-10,2024-01-16
invalid,17-136W,Invalid,650.0,644,9,2022-01-02,2024-01-05
invalid,30-135X,Invalid,648.0,613,5,2022-01-14,2022-07-25
invalid,32-135Y,Invalid,647.0,550,5,2022-01-02,2022-07-09
W001,07-110C,W001,643.0,621,16,2022-01-02,2026-05-13
invalid,24-134X,Invalid,640.0,616,7,2022-01-02,2022-07-22
invalid,34-003X,Invalid,639.0,587,2,2024-09-22,2025-12-06
W001,07-103X,W001,639.0,628,14,2022-01-07,2026-04-08
W001,07-111X,W001,636.0,628,5,2022-04-09,2026-02-05
W001,07-118C,W001,636.0,617,12,2022-01-02,2024-10-14
invalid,29-135B,Invalid,634.0,627,4,2022-01-09,2022-07-12
invalid,31-134C,Invalid,634.0,621,6,2022-01-02,2022-07-21
invalid,32-140C,Invalid,634.0,620,2,2022-01-02,2022-07-13
invalid,17-140Z,Invalid,633.0,624,13,2022-01-06,2024-02-19
invalid,16-137W,Invalid,633.0,619,14,2022-04-14,2024-02-29
invalid,30-136D,Invalid,633.0,564,2,2022-01-10,2022-07-26
invalid,17-138D,Invalid,631.0,615,9,2022-01-06,2024-03-06
invalid,17-137D,Invalid,631.0,621,10,2022-01-05,2024-03-05
invalid,17-137B,Invalid,629.0,613,10,2022-02-25,2024-03-06
invalid,25-137X,Invalid,629.0,618,7,2022-01-03,2022-07-25
W001,07-105C,W001,626.0,610,14,2022-01-02,2026-03-12
invalid,17-129A,Invalid,626.0,612,15,2022-01-02,2024-01-03
invalid,16-133Y,Invalid,626.0,617,10,2022-02-03,2024-02-27
invalid,18-131A,Invalid,625.0,612,27,2022-04-05,2024-03-05
invalid,18-130A,Invalid,622.0,607,22,2022-01-06,2023-11-22
invalid,07-004B,Invalid,622.0,600,30,2022-01-04,2022-08-01
W001,07-078B,W001,619.0,601,8,2022-04-01,2025-08-14
invalid,28-138Y,Invalid,617.0,611,2,2022-01-04,2022-07-17
invalid,17-134A,Invalid,617.0,607,14,2022-03-12,2024-03-07
invalid,32-140B,Invalid,615.0,594,8,2022-01-03,2022-07-16
invalid,17-140A,Invalid,612.0,602,9,2022-07-01,2024-02-20
invalid,27-135B,Invalid,612.0,608,3,2022-01-04,2022-06-23
invalid,18-138C,Invalid,612.0,598,4,2022-01-03,2022-06-13
invalid,18-121A,Invalid,611.0,604,12,2022-04-04,2024-03-01
invalid,20-137C,Invalid,610.0,510,6,2022-01-03,2022-07-23
W001,07-067C,W001,609.0,592,6,2022-02-28,2026-06-18
invalid,24-135W,Invalid,609.0,602,9,2022-01-02,2022-07-26
invalid,08-048Y,Invalid,608.0,587,19,2022-01-09,2023-03-12
invalid,32-138X,Invalid,607.0,582,6,2022-01-02,2022-07-17
W001,07-012X,W001,607.0,588,10,2022-03-24,2026-02-28
invalid,31-140X,Invalid,604.0,591,5,2022-01-02,2022-07-15
W001,07-079C,W001,604.0,592,5,2022-01-02,2026-01-23
invalid,16-138W,Invalid,602.0,595,13,2022-02-01,2024-03-04
invalid,08-110Z,Invalid,601.0,583,16,2022-01-09,2023-01-16
invalid,27-140X,Invalid,601.0,587,3,2022-01-03,2022-07-26
invalid,18-133D,Invalid,601.0,588,26,2022-01-05,2024-03-06
invalid,26-137C,Invalid,599.0,567,6,2022-01-02,2022-07-26
W001,07-045B,W001,598.0,589,15,2022-01-03,2026-01-29
invalid,17-139X,Invalid,597.0,590,11,2022-01-04,2024-03-07
invalid,28-138B,Invalid,597.0,593,3,2022-01-02,2022-07-12
invalid,32-140X,Invalid,597.0,586,2,2022-01-03,2022-07-26
invalid,32-137X,Invalid,594.0,583,5,2022-04-27,2022-07-16
invalid,28-134B,Invalid,593.0,578,3,2022-01-03,2022-07-25
invalid,09-143C,Invalid,591.0,584,17,2022-01-02,2022-07-30
invalid,25-136B,Invalid,588.0,580,5,2022-02-17,2022-07-11
invalid,17-134B,Invalid,587.0,573,8,2022-01-22,2024-03-06
invalid,17-129X,Invalid,586.0,577,12,2022-01-04,2023-12-30
invalid,17-135X,Invalid,586.0,549,11,2022-01-04,2024-03-07
invalid,16-131W,Invalid,585.0,564,17,2022-02-01,2024-03-07
invalid,08-111X,Invalid,585.0,569,19,2022-01-11,2023-03-31
invalid,17-059D,Invalid,585.0,575,9,2022-01-03,2023-01-26
W001,07-128C,W001,584.0,566,10,2022-01-02,2026-02-25
W001,07-036C,W001,583.0,573,7,2022-03-02,2025-05-01
invalid,16-139Y,Invalid,582.0,570,7,2022-01-10,2024-03-05
W001,07-135Y,W001,581.0,569,18,2022-01-10,2026-02-05
invalid,17-140X,Invalid,580.0,565,16,2022-01-18,2024-03-06
invalid,17-134W,Invalid,579.0,549,15,2022-01-19,2024-03-04
invalid,07-040C,Invalid,579.0,556,12,2022-01-03,2022-08-01
invalid,17-127A,Invalid,579.0,568,8,2022-01-02,2023-03-15
W001,07-096C,W001,577.0,559,8,2022-01-04,2026-05-08
invalid,24-136X,Invalid,575.0,571,1,2022-01-02,2022-04-14
invalid,29-138C,Invalid,573.0,463,2,2022-01-02,2022-07-27
invalid,18-122A,Invalid,573.0,566,16,2022-04-04,2024-03-05
invalid,16-132W,Invalid,569.0,544,17,2022-03-10,2024-02-20
invalid,16-129Y,Invalid,568.0,553,10,2022-01-03,2024-03-05
invalid,17-130A,Invalid,565.0,549,17,2022-03-10,2024-03-07
invalid,18-125A,Invalid,564.0,558,31,2022-01-07,2024-02-05
invalid,08-112X,Invalid,564.0,551,28,2022-01-02,2023-01-22
W001,07-108X,W001,561.0,524,10,2022-01-05,2026-05-13
invalid,17-136Y,Invalid,559.0,545,7,2022-01-08,2024-03-02
invalid,26-135B,Invalid,557.0,543,5,2022-01-02,2022-07-02
invalid,18-128D,Invalid,554.0,542,19,2022-01-02,2024-03-07
invalid,16-140X,Invalid,548.0,534,8,2022-01-03,2024-03-06
invalid,26-138B,Invalid,547.0,531,5,2022-01-02,2022-07-27
invalid,08-106Y,Invalid,546.0,519,39,2022-01-02,2023-02-19
W001,07-136X,W001,546.0,491,18,2022-01-08,2026-05-13
W001,07-061C,W001,546.0,535,12,2022-01-02,2026-05-14
invalid,30-053X,ASLXA,545.0,502,6,2022-01-11,2024-11-12
invalid,27-140B,Invalid,545.0,466,2,2022-01-10,2022-07-27
invalid,30-136B,Invalid,544.0,537,3,2022-01-05,2022-07-09
invalid,27-139C,Invalid,542.0,530,3,2022-01-02,2022-07-26
invalid,17-044W,Invalid,542.0,534,17,2022-03-09,2023-02-22
invalid,08-111Z,Invalid,542.0,521,27,2022-02-17,2023-04-03
invalid,30-138X,Invalid,539.0,512,7,2022-01-10,2022-07-24
invalid,16-137Y,Invalid,537.0,528,11,2022-01-11,2024-03-03
invalid,31-135C,Invalid,536.0,529,6,2022-01-03,2022-07-26
invalid,28-136B,Invalid,536.0,532,2,2022-01-04,2022-07-09
invalid,26-140X,Invalid,535.0,512,4,2022-01-02,2022-07-26
invalid,08-046Y,Invalid,535.0,502,27,2022-01-09,2023-04-03
W001,07-112C,W001,532.0,502,6,2022-01-02,2026-03-26
W001,07-063C,W001,532.0,512,9,2022-01-03,2022-07-24
invalid,17-059B,Invalid,530.0,516,7,2022-01-02,2023-03-06
invalid,08-045W,Invalid,530.0,493,11,2022-01-05,2023-02-03
invalid,17-140B,Invalid,528.0,513,10,2022-01-04,2024-03-07
invalid,17-046Y,Invalid,527.0,516,11,2022-01-04,2023-02-27
W001,07-139C,W001,527.0,517,10,2022-01-08,2024-10-14
invalid,26-137X,Invalid,527.0,507,5,2022-01-07,2022-07-27
invalid,08-047X,Invalid,526.0,483,12,2022-01-08,2023-01-17
invalid,08-107Z,Invalid,525.0,498,27,2022-01-09,2023-01-24
invalid,29-134Y,Invalid,524.0,497,2,2022-01-02,2022-07-27
invalid,30-140C,Invalid,523.0,482,6,2022-01-02,2022-07-26
invalid,08-045Y,Invalid,523.0,491,32,2022-01-04,2023-01-27
W001,07-140C,W001,522.0,510,20,2022-01-02,2026-05-12
invalid,17-044X,Invalid,522.0,505,13,2022-01-16,2023-02-28
invalid,27-135X,Invalid,520.0,515,6,2022-01-03,2022-07-27
invalid,07-001B,Invalid,519.0,513,32,2022-01-10,2022-07-18
W001,07-082B,W001,518.0,493,3,2022-01-03,2025-11-21
W001,07-020Y,W001,518.0,503,18,2022-04-12,2025-04-14
W001,07-034Y,W001,517.0,506,10,2022-01-04,2025-09-27
invalid,09-147C,Invalid,516.0,485,5,2022-01-02,2022-07-29
invalid,08-106W,Invalid,516.0,503,25,2022-01-06,2023-04-03
invalid,18-121C,Invalid,516.0,499,12,2022-01-03,2024-02-19
invalid,17-134Z,Invalid,515.0,511,8,2022-04-04,2024-01-31
invalid,32-137C,Invalid,515.0,507,5,2022-01-08,2022-07-22
invalid,16-130Y,Invalid,514.0,493,10,2022-01-02,2024-03-03
W001,07-083B,W001,513.0,501,9,2022-01-04,2026-05-13
W001,07-144X,W001,513.0,508,27,2022-01-10,2026-02-05
invalid,08-110W,Invalid,512.0,445,24,2022-01-10,2023-01-22
W001,07-064X,W001,509.0,497,13,2022-01-06,2026-01-23
W001,07-131X,W001,508.0,495,6,2022-02-25,2026-05-31
invalid,18-134C,Invalid,507.0,496,6,2022-01-02,2022-07-25
W001,07-080C,W001,507.0,483,6,2022-01-02,2026-05-14
W001,07-142X,W001,506.0,489,20,2022-01-02,2026-04-09
W001,07-115X,W001,503.0,493,27,2022-01-04,2026-05-12
invalid,33-135B,Invalid,502.0,468,2,2022-01-05,2022-07-19
invalid,32-134B,Invalid,502.0,477,3,2022-01-03,2022-07-18
invalid,17-135C,Invalid,502.0,491,11,2022-01-03,2024-03-06
invalid,25-135B,Invalid,502.0,491,5,2022-01-18,2022-07-27
W001,07-075B,W001,498.0,493,16,2022-01-02,2026-05-12
invalid,08-044Y,Invalid,498.0,483,18,2022-02-17,2023-04-03
invalid,16-139Z,Invalid,497.0,489,14,2022-06-05,2024-03-06
invalid,26-137Y,Invalid,497.0,494,3,2022-01-26,2022-05-31
invalid,18-128A,Invalid,496.0,484,32,2022-01-03,2024-03-07
invalid,17-135Y,Invalid,495.0,488,7,2022-01-18,2024-03-06
invalid,16-140Z,Invalid,494.0,488,17,2022-01-02,2024-02-27
invalid,07-001C,Invalid,494.0,476,7,2022-01-02,2022-07-25
invalid,17-098B,Invalid,494.0,483,12,2022-05-30,2023-04-06
invalid,08-043Y,Invalid,494.0,451,9,2022-01-11,2023-02-17
invalid,25-134Y,Invalid,493.0,471,4,2022-01-05,2022-07-26
W001,07-020W,W001,492.0,482,11,2022-01-03,2026-01-29
invalid,16-132X,Invalid,491.0,482,8,2022-01-04,2024-03-07
W001,07-067X,W001,491.0,483,9,2022-01-05,2026-05-12
invalid,27-134D,Invalid,489.0,482,1,2022-02-15,2022-07-12
invalid,17-136Z,Invalid,487.0,482,8,2022-04-02,2024-01-31
invalid,29-140B,Invalid,487.0,478,3,2022-01-26,2022-07-25
W001,07-032B,W001,487.0,478,19,2022-01-03,2025-12-16
invalid,18-126C,Invalid,487.0,460,10,2022-01-14,2024-02-15
invalid,08-047Y,Invalid,486.0,463,11,2022-02-06,2023-01-23
W001,07-073X,W001,483.0,469,24,2022-01-09,2022-08-01
invalid,16-130Z,Invalid,483.0,470,27,2022-06-24,2024-02-06
invalid,10-143X,Invalid,483.0,476,10,2022-01-02,2022-07-30
invalid,28-140C,Invalid,482.0,467,6,2022-01-02,2022-07-27
invalid,10-142X,Invalid,481.0,473,15,2022-01-03,2022-07-30
invalid,08-044X,Invalid,480.0,450,8,2022-01-02,2023-01-27
invalid,08-107Y,Invalid,476.0,455,15,2022-01-10,2023-03-15
invalid,17-049Z,Invalid,476.0,470,13,2022-04-25,2023-01-24
invalid,16-139W,Invalid,475.0,467,19,2022-01-24,2024-03-05
W001,07-098X,W001,474.0,454,13,2022-01-03,2026-05-13
invalid,17-045W,Invalid,474.0,437,9,2022-03-09,2023-01-31
invalid,07-006C,Invalid,473.0,460,7,2022-01-04,2022-07-30
invalid,17-132A,Invalid,471.0,467,24,2022-03-10,2024-01-31
invalid,21-137C,Invalid,471.0,452,6,2022-01-02,2022-07-26
invalid,34-014X,Invalid,471.0,462,3,2024-09-25,2026-01-21
invalid,16-128Y,Invalid,468.0,466,9,2022-01-03,2024-03-07
W001,07-084X,W001,468.0,461,29,2022-01-07,2026-05-14
invalid,30-139X,Invalid,468.0,449,5,2022-01-02,2022-07-08
invalid,17-127W,Invalid,468.0,459,8,2022-05-12,2023-11-21
invalid,17-134C,Invalid,467.0,461,10,2022-01-06,2024-03-04
invalid,27-134Y,Invalid,466.0,455,2,2022-02-21,2022-07-27
invalid,07-016C,Invalid,465.0,456,12,2022-01-02,2022-07-14
invalid,25-136C,Invalid,465.0,452,7,2022-01-02,2022-08-02
invalid,25-137Y,Invalid,465.0,452,2,2022-01-02,2022-07-20
W001,07-129X,W001,465.0,459,27,2022-01-08,2025-11-06
invalid,24-138X,Invalid,464.0,461,6,2022-03-08,2022-07-17
invalid,07-147C,Invalid,464.0,458,8,2022-01-03,2024-10-08
W001,07-065B,W001,462.0,455,23,2022-01-07,2026-06-10
invalid,10-142C,Invalid,461.0,458,5,2022-01-03,2022-07-28
W001,07-034C,W001,461.0,453,17,2022-01-02,2026-05-08
invalid,17-046X,Invalid,461.0,449,14,2022-01-02,2023-02-22
W001,07-056B,W001,461.0,432,27,2022-01-06,2026-06-15
W001,07-059B,W001,459.0,444,20,2022-01-07,2025-12-16
invalid,16-137Z,Invalid,458.0,453,13,2022-01-02,2024-03-05
W001,07-114C,W001,458.0,440,8,2022-01-02,2026-06-08
W001,07-111C,W001,457.0,437,6,2022-01-08,2026-05-12
W001,07-124C,W001,456.0,438,25,2022-01-04,2026-04-11
invalid,17-139C,Invalid,456.0,444,13,2022-01-03,2024-03-07
invalid,28-139W,Invalid,456.0,445,3,2022-01-17,2022-07-15
invalid,12-060C,Invalid,455.0,447,14,2022-01-03,2022-11-27
invalid,08-106X,Invalid,454.0,443,12,2022-01-02,2023-04-04
invalid,17-135D,Invalid,454.0,444,6,2022-03-09,2024-03-05
W001,07-116X,W001,454.0,448,11,2022-01-05,2025-05-07
invalid,29-140X,Invalid,453.0,449,3,2022-01-05,2022-07-26
W001,07-056C,W001,452.0,440,6,2022-01-03,2026-04-08
W001,07-106C,W001,451.0,449,10,2022-01-03,2026-06-17
invalid,18-127A,Invalid,451.0,444,11,2022-01-11,2024-02-24
W001,07-031Y,W001,451.0,448,29,2022-01-05,2026-04-09
W001,07-021X,W001,450.0,438,14,2022-01-03,2025-09-30
invalid,29-139Y,Invalid,448.0,432,5,2022-01-10,2022-07-01
invalid,08-106Z,Invalid,448.0,417,22,2022-01-10,2023-02-19
invalid,26-137B,Invalid,447.0,419,5,2022-01-02,2022-05-31
invalid,25-138X,Invalid,446.0,441,4,2022-01-07,2022-07-27
invalid,18-120A,Invalid,446.0,437,16,2022-09-27,2024-03-06
invalid,16-135Z,Invalid,446.0,436,15,2022-04-03,2024-03-06
W001,07-125X,W001,445.0,418,20,2022-01-07,2026-05-13
invalid,24-135Y,Invalid,445.0,437,3,2022-01-07,2022-07-27
invalid,34-002X,Invalid,445.0,424,4,2024-09-22,2025-11-25
W001,07-145X,W001,444.0,431,12,2022-01-04,2026-02-18
invalid,30-134B,ASLMA,444.0,422,3,2022-01-03,2022-07-26
W001,07-025X,W001,444.0,436,11,2022-01-02,2025-04-11
invalid,17-138W,Invalid,444.0,436,9,2022-04-06,2024-02-26
invalid,18-122D,Invalid,443.0,436,12,2022-01-03,2024-03-04
W001,07-062C,W001,443.0,432,28,2022-01-04,2022-08-02
invalid,08-108X,Invalid,442.0,437,20,2022-01-10,2023-02-01
invalid,30-138Y,Invalid,440.0,431,3,2022-01-03,2022-07-11
invalid,24-137Y,Invalid,439.0,436,11,2022-01-02,2022-07-26
W001,07-141X,W001,438.0,431,14,2022-01-03,2026-01-29
W001,07-099C,W001,438.0,429,9,2022-01-05,2026-02-18
W001,07-147Y,W001,438.0,419,18,2022-01-22,2026-05-14
invalid,28-135Y,Invalid,438.0,426,6,2022-01-02,2022-07-10
W001,07-076X,W001,437.0,430,27,2022-01-07,2025-11-21
invalid,26-135X,Invalid,437.0,432,2,2022-03-09,2022-07-26
invalid,18-123A,Invalid,436.0,427,17,2022-04-03,2024-02-06
W001,07-091X,W001,436.0,424,29,2022-01-07,2025-03-03
W001,07-113B,W001,436.0,421,23,2022-01-02,2026-02-12
invalid,17-135Z,Invalid,436.0,428,14,2022-03-09,2024-03-05
invalid,17-060B,Invalid,435.0,421,10,2022-02-11,2023-03-01
invalid,26-139X,Invalid,433.0,420,2,2022-01-04,2022-07-26
invalid,26-137W,Invalid,431.0,388,1,2022-01-03,2022-01-28
W001,07-052B,W001,431.0,423,20,2022-01-05,2026-01-29
invalid,26-134C,Invalid,430.0,401,7,2022-01-07,2022-07-25
invalid,17-060A,Invalid,430.0,416,11,2022-01-02,2023-01-27
invalid,34-026X,Invalid,429.0,384,3,2024-09-28,2025-12-09
W001,07-085C,W001,427.0,407,5,2022-01-02,2026-05-21
invalid,17-139W,Invalid,427.0,420,8,2022-04-07,2024-03-05
W001,07-104X,W001,427.0,414,14,2022-01-07,2026-02-10
invalid,21-138C,Invalid,426.0,389,10,2022-01-03,2022-07-28
invalid,27-138X,Invalid,426.0,416,4,2022-01-03,2022-07-19
invalid,18-136Y,Invalid,425.0,414,2,2022-03-13,2022-07-25
W001,07-106X,W001,424.0,412,10,2022-01-02,2024-10-08
invalid,32-139X,Invalid,424.0,403,4,2022-02-02,2022-07-17
W001,07-005X,W001,423.0,411,26,2022-01-07,2025-05-20
invalid,17-140W,Invalid,422.0,413,7,2022-05-12,2024-03-06
invalid,34-006Y,Invalid,422.0,413,9,2024-08-28,2025-12-20
invalid,30-134C,ASLMAA,422.0,410,6,2022-01-02,2022-06-07
invalid,28-137C,Invalid,422.0,413,6,2022-01-03,2022-07-27
invalid,16-136Z,Invalid,422.0,419,20,2022-01-02,2024-02-11
W001,07-112X,W001,421.0,413,26,2022-01-08,2026-06-17
invalid,17-128Z,Invalid,421.0,414,19,2022-07-31,2024-02-03
W001,07-129C,W001,421.0,407,10,2022-01-04,2025-02-03
invalid,10-142B,Invalid,421.0,403,9,2022-01-02,2022-07-05
invalid,26-134D,Invalid,420.0,413,2,2022-01-02,2022-06-05
W001,07-036X,W001,420.0,405,6,2022-01-03,2026-01-30
invalid,34-001X,Invalid,420.0,395,3,2024-09-24,2026-01-06
invalid,34-011X,Invalid,420.0,402,3,2024-10-01,2025-11-23
invalid,21-136C,Invalid,420.0,414,9,2022-01-03,2022-07-27
invalid,25-139X,Invalid,419.0,415,3,2022-01-07,2022-07-26
W001,07-049X,W001,418.0,408,19,2022-01-20,2026-06-10
W001,07-135X,W001,417.0,409,19,2022-01-03,2026-06-10
W001,07-085X,W001,417.0,414,9,2022-01-02,2025-02-06
invalid,34-004X,Invalid,416.0,399,3,2024-09-20,2025-01-03
W001,07-019Z,W001,415.0,407,21,2022-01-03,2026-02-13
W001,07-031B,W001,415.0,390,23,2022-01-02,2026-03-12
invalid,31-140C,Invalid,414.0,398,7,2022-01-02,2022-07-13
invalid,33-136C,Invalid,414.0,397,3,2022-01-02,2022-07-26
W001,07-141Y,W001,413.0,302,18,2022-01-09,2026-05-14
invalid,16-135W,Invalid,412.0,410,9,2022-01-02,2024-03-05
W001,07-101X,W001,411.0,402,26,2022-01-07,2026-02-05
W001,07-032C,W001,411.0,392,8,2022-01-05,2025-05-01
W001,07-132C,W001,410.0,406,5,2022-01-04,2026-02-25
invalid,31-134X,Invalid,410.0,401,3,2022-01-05,2022-07-23
invalid,17-138A,Invalid,409.0,403,11,2022-03-09,2024-01-31
invalid,18-139W,Invalid,409.0,405,1,2022-01-17,2022-06-13
invalid,31-134D,Invalid,409.0,404,3,2022-01-08,2022-07-18
W001,07-131Y,W001,406.0,393,23,2022-01-02,2026-06-10
invalid,16-134Y,Invalid,406.0,400,9,2022-02-09,2024-03-06
invalid,24-138D,Invalid,405.0,397,2,2022-01-15,2022-07-26
invalid,09-146X,Invalid,405.0,400,14,2022-01-02,2022-07-29
invalid,16-131Z,Invalid,404.0,391,17,2022-06-24,2024-03-07
W001,07-056Y,W001,402.0,395,22,2022-01-02,2026-05-21
W001,07-101C,W001,402.0,389,8,2022-01-04,2025-10-01
invalid,18-125D,Invalid,401.0,396,14,2022-01-11,2023-11-29
invalid,20-136B,Invalid,401.0,397,3,2022-01-03,2022-07-05
invalid,30-137X,Invalid,400.0,397,4,2022-01-04,2022-07-09
invalid,17-132W,Invalid,400.0,393,19,2022-01-05,2024-03-06
invalid,17-138Z,Invalid,399.0,396,11,2022-04-02,2024-01-31
invalid,29-135X,Invalid,399.0,390,6,2022-01-03,2022-07-26
W001,07-040Y,W001,398.0,392,6,2022-05-13,2026-02-20
invalid,29-140C,Invalid,398.0,365,4,2022-01-02,2022-07-13
invalid,28-136X,Invalid,396.0,391,3,2022-01-02,2022-07-27
invalid,16-129W,Invalid,396.0,385,11,2022-01-13,2024-03-07
W001,07-084B,W001,395.0,392,21,2022-01-07,2026-05-12
invalid,18-132A,Invalid,395.0,389,24,2022-01-02,2024-03-07
invalid,16-140W,Invalid,395.0,387,13,2022-04-16,2024-03-01
invalid,34-006X,Invalid,394.0,383,1,2024-09-25,2026-01-08
invalid,34-012X,Invalid,393.0,372,4,2024-09-24,2025-11-17
W001,07-051X,W001,392.0,370,25,2022-01-02,2026-04-09
W001,07-077X,W001,392.0,384,20,2022-01-02,2026-06-17
invalid,28-139D,Invalid,390.0,383,3,2022-01-03,2022-07-26
W001,07-093C,W001,390.0,369,6,2022-01-11,2026-02-12
W001,07-072B,W001,390.0,379,18,2022-01-03,2026-05-13
W001,07-070W,W001,388.0,380,31,2022-01-07,2025-04-28
invalid,24-137B,Invalid,388.0,374,5,2022-01-02,2022-07-27
invalid,30-137B,Invalid,387.0,380,3,2022-01-09,2022-07-26
invalid,10-141B,Invalid,386.0,383,5,2022-01-02,2022-07-28
invalid,22-140Y,Invalid,386.0,378,2,2022-01-02,2022-07-09
invalid,08-111Y,Invalid,386.0,375,38,2022-01-08,2023-01-20
invalid,31-136B,Invalid,385.0,383,6,2022-01-03,2022-06-01
invalid,22-136C,Invalid,385.0,370,6,2022-01-02,2022-07-16
W001,07-107X,W001,384.0,378,16,2022-01-17,2024-10-08
invalid,07-147B,Invalid,384.0,352,27,2022-01-09,2025-06-27
invalid,24-138C,Invalid,384.0,381,1,2022-04-01,2022-07-27
invalid,17-060D,Invalid,384.0,375,11,2022-01-02,2023-03-11
W001,07-105Z,W001,383.0,368,6,2022-06-08,2026-02-12
invalid,20-140C,Invalid,383.0,379,6,2022-01-02,2022-07-26
W001,07-105B,W001,383.0,370,21,2022-01-08,2025-04-28
invalid,34-019X,Invalid,382.0,367,2,2024-09-28,2026-05-18
invalid,28-137D,Invalid,382.0,367,2,2022-01-03,2022-05-29
invalid,08-110Y,Invalid,381.0,365,25,2022-01-10,2023-01-30
invalid,17-047W,Invalid,381.0,375,12,2022-02-27,2023-03-14
invalid,18-126D,Invalid,381.0,375,6,2022-01-08,2023-08-02
invalid,25-139B,Invalid,381.0,374,7,2022-01-02,2022-07-26
invalid,16-127W,Invalid,379.0,368,17,2022-01-03,2024-01-08
invalid,16-138Z,Invalid,379.0,376,13,2022-04-03,2024-03-05
invalid,29-134D,Invalid,379.0,355,3,2022-01-05,2022-07-11
invalid,28-140D,Invalid,378.0,374,1,2022-03-28,2022-07-26
invalid,34-020Y,Invalid,378.0,376,6,2024-08-11,2026-04-02
invalid,17-139A,Invalid,376.0,372,8,2022-04-08,2024-03-06
invalid,09-147X,Invalid,376.0,370,16,2022-01-02,2022-07-30
W001,07-117X,W001,376.0,371,6,2022-01-03,2025-12-16
invalid,28-137X,Invalid,375.0,359,3,2022-01-05,2022-06-01
invalid,10-147C,Invalid,375.0,357,8,2022-01-05,2022-07-30
invalid,16-127Z,Invalid,375.0,365,14,2022-07-13,2024-03-06
invalid,07-018C,Invalid,375.0,369,7,2022-01-02,2022-08-02
invalid,18-139B,Invalid,374.0,367,1,2022-04-28,2022-07-19
invalid,34-009X,Invalid,374.0,366,4,2024-10-12,2026-02-24
W001,07-087B,W001,373.0,347,7,2022-01-09,2026-05-12
invalid,10-144B,Invalid,372.0,370,5,2022-01-03,2022-07-27
invalid,18-140D,Invalid,372.0,362,4,2022-01-03,2022-06-04
W001,07-084C,W001,372.0,360,9,2022-01-02,2026-06-10
W001,07-016X,W001,371.0,359,13,2022-01-10,2025-04-15
W001,07-126B,W001,371.0,364,5,2022-01-16,2024-10-14
W001,07-026X,W001,371.0,364,25,2022-01-02,2026-05-23
invalid,08-043W,Invalid,370.0,319,20,2022-02-02,2023-02-08
invalid,30-140B,Invalid,370.0,363,3,2022-01-04,2022-07-12
invalid,08-107X,Invalid,370.0,359,12,2022-01-03,2023-01-13
invalid,33-134B,Invalid,370.0,351,3,2022-01-07,2022-07-12
W001,07-083X,W001,368.0,356,22,2022-01-03,2026-05-14
invalid,32-139D,Invalid,367.0,364,4,2022-01-10,2022-07-16
invalid,17-135A,Invalid,367.0,323,4,2023-05-23,2024-02-13
W001,07-139Y,W001,367.0,363,22,2022-01-09,2026-02-05
invalid,19-140W,Invalid,367.0,349,4,2022-01-02,2022-07-22
W001,07-031X,W001,366.0,362,28,2022-01-07,2026-05-27
W001,07-088Y,W001,366.0,360,24,2022-01-09,2025-05-12
invalid,18-131C,Invalid,365.0,355,9,2022-10-17,2024-03-01
invalid,17-136A,Invalid,364.0,359,15,2022-03-10,2024-01-27
W001,07-039B,W001,363.0,357,11,2022-01-03,2026-01-29
W001,07-082Y,W001,363.0,359,28,2022-01-07,2025-06-19
invalid,22-136Z,Invalid,363.0,238,2,2022-01-03,2022-07-27
W001,07-086B,W001,362.0,357,15,2022-01-07,2026-05-12
invalid,32-134C,Invalid,362.0,344,4,2022-01-03,2022-07-12
invalid,32-135X,Invalid,361.0,356,5,2022-01-03,2022-07-01
invalid,31-139A,Invalid,359.0,351,5,2022-01-04,2022-07-15
W001,07-138C,W001,359.0,340,12,2022-01-03,2026-02-12
W001,07-100X,W001,358.0,352,10,2022-01-09,2026-05-13
W001,07-058X,W001,358.0,353,20,2022-01-06,2026-05-23
invalid,17-098C,Invalid,358.0,352,11,2022-01-08,2023-04-06
invalid,23-136C,Invalid,356.0,349,4,2022-01-03,2022-05-30
W001,07-076B,W001,356.0,326,4,2022-01-04,2026-06-17
invalid,07-020A,Invalid,356.0,340,12,2022-06-04,2024-12-11
W001,07-072C,W001,355.0,333,8,2022-01-03,2026-06-13
invalid,20-136C,Invalid,354.0,348,4,2022-01-02,2022-07-27
W001,07-143A,W001,354.0,343,20,2022-01-02,2026-06-10
W001,07-133B,W001,354.0,339,11,2022-01-02,2026-05-12
W001,07-048C,W001,353.0,347,11,2022-01-02,2026-06-18
W001,07-093X,W001,352.0,346,5,2022-01-10,2026-05-21
invalid,16-133Z,Invalid,351.0,347,7,2022-01-02,2024-02-29
W001,07-025C,W001,351.0,336,20,2022-01-02,2025-04-25
invalid,34-028X,Invalid,350.0,334,3,2024-10-19,2026-01-05
invalid,16-134Z,Invalid,350.0,348,15,2022-04-07,2024-03-06
W001,07-126C,W001,349.0,333,9,2022-01-09,2026-01-30
W001,07-048X,W001,349.0,342,4,2022-01-02,2025-05-07
invalid,25-137D,Invalid,349.0,342,3,2022-01-03,2022-07-28
invalid,18-125B,Invalid,348.0,339,8,2022-02-27,2024-02-07
invalid,08-112W,Invalid,348.0,342,18,2022-01-10,2023-04-03
W001,07-133C,W001,347.0,334,25,2022-01-03,2025-10-29
W001,07-138X,W001,347.0,337,16,2022-01-09,2026-05-12
invalid,22-137X,Invalid,346.0,330,6,2022-01-02,2022-07-16
invalid,08-048W,Invalid,346.0,334,28,2022-01-09,2023-03-01
invalid,16-140Y,Invalid,346.0,326,5,2022-01-06,2023-12-05
invalid,22-138C,Invalid,345.0,341,6,2022-01-05,2022-07-23
invalid,26-140Y,Invalid,345.0,342,2,2022-02-24,2022-07-19
W001,07-130C,W001,345.0,337,8,2022-01-03,2026-05-14
invalid,28-138Z,Invalid,345.0,303,2,2022-01-07,2022-07-26
invalid,34-007Y,Invalid,344.0,324,4,2024-10-26,2026-02-08
invalid,28-137Z,Invalid,343.0,268,2,2022-01-03,2022-07-27
invalid,08-049W,Invalid,343.0,331,30,2022-01-08,2023-04-04
W001,07-063B,W001,342.0,333,13,2022-01-02,2026-06-10
invalid,28-139B,Invalid,342.0,339,6,2022-01-03,2022-05-31
invalid,31-138X,Invalid,339.0,335,6,2022-01-03,2022-07-11
invalid,08-048Z,Invalid,339.0,328,14,2022-01-17,2023-01-17
W001,07-122B,W001,336.0,332,26,2022-01-08,2025-08-28
invalid,26-139D,Invalid,336.0,328,2,2022-02-06,2022-07-17
invalid,19-137C,Invalid,335.0,329,4,2022-01-02,2022-07-11
W001,07-102B,W001,335.0,327,22,2022-01-07,2025-03-03
W001,07-029X,W001,335.0,326,21,2022-01-03,2026-06-18
invalid,17-139Z,Invalid,333.0,325,7,2022-04-06,2024-03-06
W001,07-103C,W001,332.0,322,16,2022-01-03,2026-04-08
W001,07-036B,W001,332.0,327,15,2022-01-05,2026-01-15
invalid,22-139W,Invalid,332.0,330,2,2022-01-02,2022-07-11
invalid,16-128W,Invalid,331.0,326,17,2022-03-21,2024-02-14
invalid,16-132Z,Invalid,331.0,312,11,2022-06-27,2024-01-30
invalid,21-135C,Invalid,330.0,313,8,2022-01-02,2022-07-27
W001,07-039C,W001,330.0,309,7,2022-01-03,2025-11-25
invalid,12-098A,Invalid,330.0,326,8,2022-01-23,2023-07-18
invalid,23-134B,Invalid,329.0,318,1,2022-01-02,2022-07-18
W001,07-110B,W001,329.0,316,20,2022-01-02,2026-06-10
invalid,20-137X,Invalid,328.0,315,3,2022-01-02,2022-07-14
invalid,33-138B,Invalid,328.0,320,2,2022-01-03,2022-05-23
W001,07-090X,W001,327.0,323,23,2022-01-03,2025-03-28
invalid,22-139Y,Invalid,326.0,318,5,2022-01-03,2022-07-26
invalid,17-133A,Invalid,326.0,317,10,2022-01-02,2023-11-07
invalid,18-140C,Invalid,326.0,320,6,2022-01-02,2022-07-28
W001,07-050C,W001,326.0,309,14,2022-01-02,2026-05-08
W001,07-057X,W001,325.0,305,13,2022-01-02,2026-06-09
invalid,07-008B,Invalid,324.0,317,21,2022-01-04,2022-07-14
invalid,18-136B,Invalid,323.0,317,5,2022-01-02,2022-07-28
W001,07-143X,W001,323.0,319,25,2022-01-05,2026-03-13
invalid,24-135D,Invalid,323.0,320,9,2022-01-02,2022-07-26
W001,07-143C,W001,322.0,316,7,2022-01-04,2026-03-16
W001,07-033B,W001,322.0,318,5,2022-04-29,2025-12-16
invalid,10-147Y,Invalid,322.0,311,12,2022-01-03,2022-07-29
W001,07-075C,W001,320.0,305,13,2022-01-02,2026-05-12
invalid,17-137A,Invalid,320.0,316,10,2022-03-12,2024-02-03
W001,07-130X,W001,320.0,282,10,2022-01-04,2025-07-31
W001,07-089X,W001,320.0,312,23,2022-01-07,2025-10-29
invalid,17-049Y,Invalid,319.0,317,10,2022-01-02,2023-03-15
W001,07-056X,W001,319.0,313,21,2022-01-05,2025-02-18
invalid,23-136X,Invalid,318.0,307,2,2022-01-30,2022-05-18
W001,07-061Y,W001,318.0,316,8,2022-01-08,2026-02-25
invalid,20-135B,Invalid,317.0,310,4,2022-01-02,2022-07-27
invalid,27-139Y,Invalid,316.0,313,2,2022-01-10,2022-07-12
invalid,16-060W,Invalid,316.0,310,10,2022-01-02,2023-11-30
invalid,28-135C,Invalid,315.0,282,6,2022-01-03,2022-07-27
W001,07-095B,W001,315.0,308,25,2022-01-07,2026-06-18
invalid,20-138Z,Invalid,315.0,303,2,2022-01-03,2022-07-26
invalid,32-134X,Invalid,314.0,299,3,2022-01-03,2022-07-17
invalid,10-145W,Invalid,313.0,309,3,2022-01-11,2022-07-15
W001,07-054C,W001,313.0,302,6,2022-01-03,2026-02-05
invalid,30-136X,Invalid,313.0,299,3,2022-01-02,2022-06-24
invalid,34-022Z,Invalid,313.0,312,3,2024-08-24,2025-12-08
invalid,28-136D,Invalid,312.0,311,2,2022-01-10,2022-07-27
invalid,18-136A,Invalid,312.0,307,1,2022-04-02,2022-07-28
invalid,33-137B,Invalid,312.0,296,5,2022-01-07,2022-07-04
invalid,07-011C,Invalid,311.0,297,7,2022-01-03,2022-07-31
W001,07-090C,W001,310.0,299,5,2022-01-04,2022-08-02
W001,07-144C,W001,310.0,302,6,2022-01-03,2026-02-25
W001,07-113X,W001,310.0,303,6,2022-04-10,2026-05-08
W001,07-019X,W001,309.0,300,24,2022-01-02,2026-02-12
invalid,17-046Z,Invalid,308.0,304,18,2022-04-21,2023-02-04
invalid,17-045X,Invalid,308.0,307,5,2022-01-06,2022-07-06
invalid,25-140C,Invalid,308.0,296,4,2022-01-02,2022-07-26
invalid,22-139B,Invalid,308.0,300,5,2022-01-02,2022-07-27
invalid,18-133A,Invalid,308.0,297,7,2022-01-03,2023-12-07
invalid,12-030C,Invalid,308.0,298,6,2022-01-18,2022-11-27
W001,07-045X,W001,308.0,298,30,2022-01-07,2026-05-12
W001,07-053C,W001,307.0,301,5,2022-01-03,2026-04-22
invalid,19-140Y,Invalid,307.0,302,3,2022-01-05,2022-07-04
invalid,34-002Y,Invalid,307.0,301,5,2024-08-26,2026-01-17
W001,07-047C,W001,306.0,285,9,2022-01-03,2026-01-30
invalid,12-060B,Invalid,306.0,294,7,2022-01-02,2022-11-28
W001,07-100B,W001,306.0,297,15,2022-01-02,2025-11-25
invalid,07-015C,Invalid,306.0,303,3,2022-04-08,2022-07-19
W001,07-081C,W001,305.0,298,8,2022-01-06,2025-08-28
invalid,20-134X,Invalid,305.0,296,2,2022-01-02,2022-07-27
invalid,21-136W,Invalid,304.0,300,4,2022-01-02,2022-05-25
W001,07-136B,W001,304.0,297,28,2022-01-13,2026-05-21
W001,07-119C,W001,304.0,279,6,2022-01-04,2026-04-24
invalid,34-007X,Invalid,303.0,286,3,2024-09-20,2025-01-03
invalid,10-145C,Invalid,302.0,294,3,2022-01-03,2022-07-28
W001,07-026B,W001,302.0,293,20,2022-01-03,2026-01-29
W001,07-028X,W001,302.0,300,21,2022-01-03,2026-05-23
W001,07-122X,W001,301.0,296,22,2022-01-09,2025-08-07
W001,07-067B,W001,300.0,299,30,2022-01-10,2022-07-25
invalid,10-143D,Invalid,300.0,297,4,2022-01-03,2022-07-14
invalid,20-135W,Invalid,299.0,294,3,2022-01-16,2022-05-30
invalid,31-138B,Invalid,299.0,299,5,2022-01-02,2022-07-26
invalid,18-137C,Invalid,299.0,291,5,2022-01-02,2022-07-20
W001,07-136D,W001,298.0,294,23,2022-01-10,2024-10-14
invalid,25-140X,Invalid,298.0,293,3,2022-01-02,2022-05-18
W001,07-070B,W001,298.0,268,4,2022-01-06,2026-05-02
W001,07-122C,W001,297.0,285,6,2022-01-09,2026-02-25
W001,07-029B,W001,297.0,289,11,2022-01-28,2025-04-28
invalid,17-059A,Invalid,297.0,290,11,2022-01-02,2023-01-31
invalid,07-008C,Invalid,297.0,293,4,2022-01-03,2022-07-27
W001,07-110Y,W001,296.0,284,20,2022-01-07,2026-02-12
W001,07-078X,W001,296.0,291,21,2022-01-02,2026-06-17
invalid,31-139Z,Invalid,296.0,290,6,2022-01-02,2022-07-18
invalid,19-136A,Invalid,296.0,289,1,2022-04-05,2022-07-19
invalid,25-135X,Invalid,296.0,287,4,2022-01-05,2022-07-10
invalid,32-136Y,Invalid,295.0,291,5,2022-01-18,2022-07-17
invalid,29-137X,Invalid,295.0,286,4,2022-01-02,2022-07-13
W001,07-051C,W001,295.0,279,10,2022-01-03,2026-05-12
W001,07-053B,W001,295.0,286,21,2022-01-07,2026-01-29
invalid,23-138C,Invalid,294.0,291,3,2022-01-02,2022-07-22
invalid,18-140Y,Invalid,294.0,282,4,2022-01-02,2022-07-08
invalid,24-136Y,Invalid,294.0,289,4,2022-01-10,2022-07-23
invalid,32-134Y,Invalid,294.0,285,4,2022-01-02,2022-07-19
W001,07-121C,W001,293.0,282,4,2022-01-03,2026-02-05
invalid,24-139D,Invalid,293.0,283,3,2022-01-04,2022-07-26
invalid,07-005C,Invalid,293.0,282,22,2022-01-03,2022-08-01
W001,07-045C,W001,293.0,288,17,2022-01-02,2026-06-10
W001,07-096X,W001,293.0,281,5,2022-01-17,2026-05-12
W001,07-038Y,W001,292.0,288,5,2022-01-03,2022-08-01
W001,07-131C,W001,291.0,279,4,2022-01-02,2025-03-22
invalid,25-137B,Invalid,291.0,286,4,2022-01-12,2022-07-27
W001,07-004X,W001,289.0,286,21,2022-01-02,2025-05-20
invalid,07-003B,Invalid,288.0,285,32,2022-01-02,2022-07-29
invalid,34-025X,Invalid,287.0,284,4,2024-11-07,2026-06-02
W001,07-022C,W001,287.0,284,7,2022-01-17,2025-06-19
invalid,21-140C,Invalid,285.0,264,4,2022-01-03,2022-07-19
W001,07-137C,W001,285.0,280,8,2022-01-02,2025-07-11
invalid,18-137D,Invalid,285.0,281,3,2022-01-17,2022-07-02
W001,07-019Y,W001,285.0,261,11,2022-04-12,2026-05-28
W001,07-018X,W001,283.0,263,31,2022-01-06,2025-04-15
invalid,23-135B,Invalid,282.0,279,2,2022-01-02,2022-07-06
invalid,34-015X,Invalid,282.0,277,3,2024-09-20,2025-11-17
invalid,19-139C,Invalid,282.0,277,4,2022-01-10,2022-07-26
invalid,08-109Z,Invalid,281.0,275,19,2022-07-31,2023-04-03
invalid,21-135W,Invalid,280.0,273,2,2022-01-02,2022-04-28
invalid,08-107W,Invalid,280.0,260,22,2022-01-10,2023-03-07
invalid,17-137C,Invalid,278.0,266,4,2022-01-02,2023-12-13
invalid,34-013X,Invalid,278.0,270,3,2024-09-25,2026-05-28
invalid,21-138X,Invalid,278.0,260,4,2022-01-03,2022-07-26
W001,07-001Y,W001,277.0,276,44,2022-01-03,2025-04-14
invalid,07-020C,Invalid,277.0,255,16,2022-01-02,2022-07-31
W001,07-119B,W001,276.0,271,18,2022-01-05,2024-10-08
invalid,19-136C,Invalid,276.0,271,4,2022-01-02,2022-06-28
W001,07-011Z,W001,276.0,265,25,2022-01-03,2026-02-28
invalid,21-134C,Invalid,276.0,266,7,2022-01-02,2022-07-28
invalid,32-137Y,Invalid,276.0,274,3,2022-03-08,2022-07-17
W001,07-092X,W001,275.0,271,14,2022-01-02,2025-05-01
invalid,34-027Y,Invalid,275.0,269,6,2024-08-12,2026-05-26
invalid,34-020X,Invalid,275.0,254,1,2024-11-04,2025-11-20
invalid,09-145C,Invalid,274.0,270,4,2022-01-03,2022-07-31
invalid,07-014C,Invalid,274.0,269,6,2022-01-02,2022-07-12
W001,07-115B,W001,274.0,265,21,2022-01-08,2026-02-25
invalid,24-137X,Invalid,273.0,271,6,2022-01-02,2022-07-26
invalid,23-138X,Invalid,273.0,271,3,2022-01-04,2022-07-28
W001,07-020X,W001,273.0,265,32,2022-01-03,2024-12-15
W001,07-011X,W001,273.0,265,15,2022-01-02,2026-01-30
invalid,34-026Z,Invalid,272.0,270,5,2024-08-11,2026-05-27
invalid,07-108B,Invalid,272.0,267,20,2022-01-02,2024-10-14
W001,07-145B,W001,272.0,267,23,2022-01-09,2026-02-10
invalid,09-146D,Invalid,272.0,265,8,2022-01-02,2022-07-11
W001,07-006Z,W001,272.0,267,23,2022-01-05,2026-02-06
invalid,28-134Y,Invalid,272.0,266,4,2022-01-05,2022-07-13
invalid,20-135Y,Invalid,272.0,259,4,2022-01-03,2022-07-04
invalid,34-023Z,Invalid,271.0,261,4,2024-08-20,2026-05-06
invalid,10-141C,Invalid,271.0,250,5,2022-01-03,2022-07-30
W001,07-015X,W001,271.0,251,17,2022-01-03,2026-01-30
invalid,34-017Y,Invalid,271.0,267,4,2024-08-09,2025-11-22
W001,07-114X,W001,271.0,260,5,2022-01-03,2024-10-03
W001,07-074C,W001,270.0,257,6,2022-01-27,2022-08-01
W001,07-068B,W001,270.0,266,32,2022-01-07,2026-01-30
invalid,17-045Y,Invalid,270.0,264,6,2022-01-02,2023-03-16
invalid,34-016X,Invalid,270.0,256,2,2024-09-21,2025-12-13
invalid,07-018A,Invalid,270.0,254,35,2022-01-03,2024-12-18
invalid,08-112Y,Invalid,269.0,259,14,2022-01-10,2023-03-06
invalid,31-136X,Invalid,269.0,265,2,2022-01-02,2022-05-24
invalid,22-138B,Invalid,268.0,264,2,2022-01-03,2022-07-25
invalid,23-138W,Invalid,268.0,266,3,2022-01-02,2022-07-04
invalid,31-135B,Invalid,268.0,266,3,2022-01-05,2022-07-13
invalid,20-139Y,Invalid,268.0,267,3,2022-01-22,2022-07-25
W001,07-145C,W001,267.0,259,4,2022-01-02,2026-02-05
invalid,12-030D,Invalid,267.0,257,18,2022-03-01,2022-11-28
invalid,09-146B,Invalid,267.0,258,21,2022-01-02,2022-07-24
invalid,16-129Z,Invalid,266.0,262,5,2022-06-29,2024-03-05
invalid,09-145X,Invalid,265.0,258,4,2022-01-07,2022-07-31
invalid,20-140A,Invalid,265.0,260,2,2022-01-15,2022-07-07
W001,07-129B,W001,265.0,244,14,2022-01-03,2026-05-13
W001,07-112B,W001,265.0,251,6,2022-01-02,2026-06-10
W001,07-059Y,W001,265.0,262,24,2022-01-02,2022-08-03
W001,07-002Y,W001,264.0,262,37,2022-01-06,2025-03-24
invalid,16-128Z,Invalid,264.0,256,15,2022-01-02,2024-03-05
W001,07-118Y,W001,264.0,262,12,2022-01-07,2026-04-08
invalid,23-137C,Invalid,263.0,252,3,2022-01-02,2022-07-27
invalid,10-145Y,Invalid,263.0,260,6,2022-01-02,2022-07-04
invalid,08-108W,Invalid,263.0,257,32,2022-01-09,2023-03-28
invalid,19-137D,Invalid,263.0,261,4,2022-01-02,2022-06-26
W001,07-146Y,W001,262.0,251,17,2022-01-09,2026-02-12
W001,07-080B,W001,262.0,258,24,2022-01-03,2024-12-09
invalid,23-136W,Invalid,262.0,259,5,2022-01-02,2022-07-04
invalid,21-137W,Invalid,262.0,256,3,2022-01-02,2022-07-27
invalid,10-142D,Invalid,261.0,260,4,2022-01-02,2022-07-15
invalid,07-004C,Invalid,261.0,259,12,2022-01-02,2022-08-01
invalid,24-134B,Invalid,261.0,256,5,2022-01-02,2022-07-25
W001,07-027B,W001,261.0,235,7,2022-01-03,2026-04-28
invalid,34-005Y,Invalid,260.0,257,5,2024-08-12,2025-12-29
invalid,30-137Z,Invalid,260.0,253,2,2022-01-04,2022-07-02
invalid,20-135D,Invalid,260.0,257,1,2022-04-05,2022-07-18
W001,07-061B,W001,260.0,252,16,2022-01-10,2026-01-29
invalid,19-135B,Invalid,259.0,258,4,2022-01-02,2022-07-17
W001,07-087C,W001,259.0,257,23,2022-01-07,2022-07-28
invalid,34-018Y,Invalid,259.0,258,4,2024-08-24,2025-11-14
invalid,20-134W,Invalid,259.0,254,3,2022-01-16,2022-07-05
invalid,33-139D,Invalid,256.0,253,3,2022-01-13,2022-07-06
W001,07-018W,W001,256.0,251,39,2022-01-06,2025-04-14
invalid,26-136Y,Invalid,256.0,236,2,2022-01-09,2022-07-26
invalid,20-140B,Invalid,256.0,253,3,2022-01-02,2022-06-01
W001,07-017Z,W001,255.0,245,27,2022-01-03,2025-04-11
W001,07-141B,W001,255.0,214,5,2022-02-24,2026-01-30
W001,07-144B,W001,255.0,213,6,2022-01-05,2026-05-12
W001,07-041B,W001,255.0,250,14,2022-01-03,2026-05-14
W001,07-115C,W001,254.0,233,4,2022-01-02,2026-02-12
invalid,07-142C,Invalid,254.0,234,6,2022-01-03,2022-07-28
W001,07-054X,W001,253.0,248,27,2022-01-07,2026-04-08
W001,07-105Y,W001,252.0,247,16,2022-01-06,2025-07-31
invalid,08-044W,Invalid,251.0,238,19,2022-01-09,2023-03-19
invalid,18-136D,Invalid,251.0,247,4,2022-01-10,2022-07-09
invalid,07-017C,Invalid,250.0,248,13,2022-01-05,2022-08-01
invalid,09-141B,Invalid,250.0,249,3,2022-01-11,2022-07-28
W001,07-071X,W001,250.0,246,13,2022-01-07,2025-04-28
invalid,08-044Z,Invalid,250.0,215,29,2022-01-06,2023-01-22
invalid,34-017X,Invalid,249.0,235,2,2024-10-01,2025-12-16
invalid,07-040B,Invalid,249.0,244,5,2022-03-06,2022-07-28
W001,07-088X,W001,249.0,249,33,2022-01-06,2025-05-01
W001,07-029W,W001,249.0,239,19,2022-01-03,2022-07-08
W001,07-007W,W001,248.0,242,31,2022-01-03,2026-02-12
invalid,18-140B,Invalid,248.0,245,5,2022-01-02,2022-07-27
invalid,34-001Y,Invalid,247.0,247,8,2024-08-13,2026-02-15
W001,07-124Y,W001,247.0,237,22,2022-01-03,2026-05-28
invalid,19-138C,Invalid,247.0,242,7,2022-01-02,2022-06-29
invalid,08-047W,Invalid,247.0,229,25,2022-01-02,2023-01-27
invalid,21-136Y,Invalid,247.0,235,2,2022-01-03,2022-07-02
W001,07-081B,W001,247.0,235,30,2022-01-03,2026-06-17
invalid,18-135C,Invalid,246.0,244,3,2022-01-02,2022-07-28
invalid,18-127D,Invalid,246.0,245,26,2022-03-23,2024-03-06
W001,07-132B,W001,245.0,241,8,2022-01-10,2024-10-08
W001,07-006X,W001,245.0,244,23,2022-01-03,2026-02-06
W001,07-108Y,W001,245.0,239,25,2022-01-03,2026-04-15
invalid,17-044Z,Invalid,245.0,237,7,2022-04-29,2023-02-10
invalid,29-139D,Invalid,245.0,232,2,2022-01-03,2022-07-13
invalid,28-136W,Invalid,244.0,233,3,2022-01-02,2022-07-08
invalid,18-138Y,Invalid,243.0,234,4,2022-01-02,2022-05-30
W001,07-003X,W001,243.0,237,14,2022-04-10,2025-03-13
W001,07-090Y,W001,241.0,235,15,2022-01-08,2025-10-01
invalid,23-134W,Invalid,241.0,229,2,2022-01-04,2022-05-24
invalid,24-134D,Invalid,241.0,231,3,2022-01-02,2022-07-26
invalid,09-147D,Invalid,241.0,233,17,2022-01-09,2022-07-06
W001,07-078Y,W001,240.0,233,15,2022-01-02,2022-08-01
invalid,34-017Z,Invalid,240.0,240,5,2024-09-28,2026-05-30
invalid,34-026Y,Invalid,240.0,237,7,2024-08-11,2026-04-13
invalid,31-137B,Invalid,240.0,239,9,2022-01-03,2022-07-26
invalid,22-134C,Invalid,239.0,236,6,2022-01-03,2022-06-02
invalid,18-140A,Invalid,239.0,236,2,2022-04-04,2022-06-19
invalid,12-098B,Invalid,239.0,232,7,2022-01-27,2023-07-15
invalid,22-135Y,Invalid,239.0,235,3,2022-01-02,2022-05-25
W001,07-120X,W001,238.0,222,27,2022-01-02,2026-05-12
invalid,19-134C,Invalid,238.0,232,5,2022-01-07,2022-07-13
W001,07-058B,W001,237.0,234,23,2022-01-09,2022-07-29
W001,07-037C,W001,237.0,235,12,2022-01-02,2025-01-14
W001,07-106D,W001,237.0,233,23,2022-01-07,2024-10-31
invalid,17-046W,Invalid,236.0,230,16,2022-03-09,2023-01-27
W001,07-126X,W001,236.0,231,5,2022-03-25,2025-12-28
invalid,25-140D,Invalid,236.0,230,2,2022-01-05,2022-07-07
invalid,19-134B,Invalid,235.0,231,4,2022-02-02,2022-06-16
W001,07-120Y,W001,235.0,226,4,2022-01-09,2026-05-12
invalid,22-136X,Invalid,235.0,225,2,2022-01-02,2022-07-12
W001,07-055C,W001,235.0,230,12,2022-01-03,2026-02-12
W001,07-013X,W001,234.0,224,11,2022-01-11,2026-02-28
W001,07-147Z,W001,233.0,227,25,2022-01-07,2026-03-13
invalid,26-138W,Invalid,233.0,230,2,2022-02-02,2022-07-08
invalid,27-136Z,Invalid,233.0,228,3,2022-02-01,2022-07-21
invalid,27-134B,Invalid,232.0,220,3,2022-02-21,2022-06-01
invalid,07-021A,Invalid,232.0,216,3,2022-07-09,2024-12-18
invalid,21-140Z,Invalid,232.0,229,1,2022-04-04,2022-07-25
W001,07-142Y,W001,231.0,219,12,2022-01-10,2026-05-12
invalid,09-143Y,Invalid,231.0,216,10,2022-01-11,2022-05-02
invalid,16-130W,Invalid,231.0,229,5,2022-01-05,2024-02-26
invalid,18-136C,Invalid,230.0,221,6,2022-01-02,2022-07-20
invalid,26-134W,Invalid,230.0,226,2,2022-02-02,2022-07-07
W001,07-118X,W001,230.0,222,6,2022-01-09,2026-06-03
invalid,26-134X,Invalid,229.0,214,4,2022-01-31,2022-07-26
W001,07-135C,W001,229.0,213,20,2022-01-05,2026-05-13
invalid,30-134W,Invalid,229.0,221,2,2022-01-02,2022-04-21
W001,07-008Z,W001,229.0,217,25,2022-01-03,2026-04-08
W001,07-086X,W001,229.0,221,21,2022-01-07,2022-07-29
invalid,31-140Y,Invalid,228.0,225,7,2022-01-03,2022-07-26
W001,07-055X,W001,228.0,220,33,2022-01-12,2026-06-16
invalid,22-135W,Invalid,228.0,225,1,2022-01-14,2022-07-17
invalid,18-135Y,Invalid,228.0,227,2,2022-02-01,2022-07-12
W001,07-090B,W001,227.0,221,28,2022-01-07,2022-07-14
W001,07-082X,W001,226.0,224,7,2022-01-03,2025-03-03
invalid,19-139Z,Invalid,226.0,207,2,2022-01-05,2022-07-11
W001,07-098Y,W001,226.0,221,26,2022-01-02,2026-05-21
W001,07-021Y,W001,226.0,205,2,2022-01-03,2026-03-13
invalid,07-019A,Invalid,226.0,208,13,2022-01-03,2024-12-12
W001,07-060X,W001,226.0,221,3,2022-01-10,2026-02-25
W001,07-080X,W001,225.0,224,12,2022-01-02,2025-06-19
invalid,22-137C,Invalid,225.0,221,6,2022-01-02,2022-06-06
invalid,21-138D,Invalid,225.0,219,4,2022-01-05,2022-07-02
W001,07-083Y,W001,224.0,220,31,2022-01-08,2026-05-21
W001,07-105X,W001,224.0,210,16,2022-01-02,2024-10-14
invalid,24-137D,Invalid,223.0,220,9,2022-01-05,2022-07-24
invalid,08-045Z,Invalid,223.0,219,46,2022-01-09,2023-03-15
W001,07-106Y,W001,223.0,219,32,2022-01-07,2024-10-08
W001,07-062B,W001,222.0,210,20,2022-01-05,2026-05-14
W001,07-091B,W001,222.0,220,27,2022-01-07,2022-08-01
W001,07-117B,W001,222.0,219,26,2022-01-03,2024-10-14
invalid,17-060C,Invalid,222.0,219,3,2022-01-09,2023-04-05
W001,07-043X,W001,221.0,213,21,2022-01-02,2026-06-18
W001,07-141Z,W001,221.0,211,16,2022-01-05,2025-12-16
invalid,33-136B,Invalid,220.0,219,3,2022-01-17,2022-07-04
invalid,09-144B,Invalid,220.0,217,3,2022-01-06,2022-07-28
W001,07-109Y,W001,220.0,215,4,2022-02-24,2026-02-25
W001,07-136Y,W001,220.0,207,14,2022-01-10,2026-04-17
invalid,10-144C,Invalid,220.0,218,4,2022-02-19,2022-07-30
invalid,29-139A,Invalid,219.0,217,3,2022-01-02,2022-07-17
invalid,28-134D,Invalid,219.0,216,3,2022-01-03,2022-07-08
W001,07-023Y,W001,219.0,213,14,2022-01-06,2026-03-13
invalid,28-137B,Invalid,219.0,217,3,2022-01-03,2022-05-28
W001,07-094Y,W001,219.0,206,23,2022-01-09,2025-09-27
invalid,10-144Y,Invalid,219.0,210,10,2022-01-02,2022-04-11
invalid,20-135X,Invalid,219.0,217,2,2022-01-12,2022-07-04
invalid,28-137Y,Invalid,218.0,213,2,2022-01-05,2022-05-09
invalid,23-135X,Invalid,218.0,213,1,2022-01-02,2022-05-29
W001,07-129D,W001,218.0,212,4,2022-01-03,2026-06-05
W001,07-041X,W001,218.0,206,9,2022-01-02,2026-05-14
invalid,10-147B,Invalid,218.0,214,4,2022-01-02,2022-07-31
invalid,30-134Z,Invalid,218.0,210,3,2022-01-03,2022-07-04
invalid,17-047Z,Invalid,217.0,212,9,2022-08-19,2023-01-30
W001,07-059C,W001,217.0,212,6,2022-01-02,2025-12-16
W001,07-042C,W001,217.0,196,8,2022-01-03,2026-01-29
invalid,22-138X,Invalid,216.0,211,4,2022-01-12,2022-07-17
invalid,20-139X,Invalid,216.0,207,2,2022-01-10,2022-06-24
invalid,07-002B,Invalid,216.0,213,14,2022-01-03,2022-07-31
W001,07-123B,W001,216.0,212,30,2022-01-08,2026-02-05
W001,07-016Y,W001,215.0,212,14,2022-01-26,2026-02-12
invalid,21-135X,Invalid,214.0,211,2,2022-01-03,2022-07-27
W001,07-018Y,W001,214.0,200,26,2022-01-02,2026-02-12
W001,07-008Y,W001,214.0,212,16,2022-01-15,2025-04-09
invalid,29-136B,Invalid,214.0,212,3,2022-01-03,2022-07-12
W001,07-052Y,W001,214.0,205,9,2022-01-07,2025-05-01
invalid,28-140Y,Invalid,213.0,211,2,2022-01-10,2022-05-22
invalid,34-010X,Invalid,213.0,211,2,2024-10-01,2026-04-04
W001,07-089B,W001,213.0,203,6,2022-01-05,2025-05-12
invalid,23-134Y,Invalid,212.0,211,1,2022-01-26,2022-07-25
invalid,34-024X,Invalid,212.0,210,2,2024-10-24,2026-04-30
W001,07-001W,W001,212.0,200,31,2022-01-07,2026-05-14
W001,07-001X,W001,211.0,207,8,2022-01-05,2025-04-19
invalid,23-134X,Invalid,211.0,210,2,2022-01-11,2022-06-30
invalid,09-146W,Invalid,211.0,210,4,2022-02-15,2022-07-10
invalid,17-045Z,Invalid,211.0,208,17,2022-04-21,2023-03-16
W001,07-111B,W001,211.0,198,24,2022-01-03,2026-05-08
invalid,34-025Z,Invalid,211.0,208,4,2024-09-14,2026-05-26
W001,07-073C,W001,211.0,204,5,2022-01-02,2026-04-08
W001,07-144Z,W001,211.0,205,3,2022-01-04,2024-10-08
invalid,18-138B,Invalid,211.0,207,5,2022-01-02,2022-07-03
invalid,20-138Y,Invalid,209.0,195,3,2022-01-02,2022-05-18
W001,07-063Z,W001,209.0,202,27,2022-01-03,2025-02-06
W001,07-143Y,W001,208.0,197,12,2022-01-02,2026-06-17
W001,07-116B,W001,208.0,203,22,2022-01-08,2022-07-28
W001,07-052C,W001,208.0,202,4,2022-01-06,2025-08-23
invalid,09-142B,Invalid,208.0,206,3,2022-01-03,2022-07-28
invalid,12-098D,Invalid,208.0,206,13,2022-01-21,2023-07-22
invalid,09-145A,Invalid,207.0,200,12,2022-01-02,2022-07-20
invalid,30-140X,Invalid,207.0,206,2,2022-01-02,2022-05-24
W001,07-033C,W001,206.0,199,8,2022-01-04,2026-01-29
invalid,20-140X,Invalid,206.0,204,5,2022-01-03,2022-06-22
invalid,34-015Y,Invalid,206.0,199,5,2024-09-06,2026-03-26
invalid,25-134X,Invalid,206.0,202,3,2022-01-03,2022-07-26
W001,07-058C,W001,206.0,204,17,2022-01-02,2026-06-16
invalid,24-136W,Invalid,205.0,202,11,2022-01-02,2022-06-16
W001,07-019W,W001,205.0,204,6,2022-01-08,2026-02-12
invalid,32-134D,Invalid,205.0,203,5,2022-01-04,2022-07-12
W001,07-023C,W001,204.0,204,8,2022-01-02,2025-05-01
W001,07-119W,W001,204.0,202,14,2022-01-02,2025-11-25
invalid,07-108D,Invalid,204.0,203,18,2022-01-07,2024-10-14
W001,07-139B,W001,204.0,177,23,2022-01-13,2026-02-28
W001,07-004Y,W001,203.0,196,29,2022-01-02,2026-05-14
invalid,26-135Y,Invalid,202.0,197,2,2022-01-06,2022-05-19
invalid,10-143B,Invalid,202.0,192,3,2022-03-08,2022-07-29
invalid,34-021Z,Invalid,202.0,199,2,2024-09-04,2025-02-24
W001,07-121B,W001,201.0,180,29,2022-01-09,2026-02-11
invalid,25-140Y,Invalid,201.0,172,1,2022-01-12,2022-07-27
invalid,18-132D,Invalid,201.0,199,8,2022-01-17,2024-03-05
W001,07-124X,W001,201.0,197,29,2022-01-02,2026-04-08
invalid,28-138W,Invalid,201.0,194,4,2022-01-03,2022-07-26
invalid,19-139A,Invalid,200.0,192,4,2022-02-12,2022-06-26
W001,07-035X,W001,200.0,194,12,2022-01-18,2026-06-18
invalid,12-030B,Invalid,200.0,200,17,2022-01-03,2022-11-26
invalid,27-136B,Invalid,199.0,185,2,2022-01-10,2022-07-11
W001,07-054Z,W001,199.0,196,29,2022-01-02,2025-08-23
W001,07-130Y,W001,199.0,190,19,2022-01-04,2026-05-13
invalid,12-127D,Invalid,199.0,196,4,2022-04-12,2022-10-10
invalid,20-138C,Invalid,198.0,196,4,2022-01-02,2022-07-11
invalid,28-136Z,Invalid,198.0,190,2,2022-01-04,2022-07-09
W001,07-024B,W001,198.0,195,7,2022-01-05,2026-05-28
W001,07-059D,W001,197.0,185,2,2022-01-14,2026-03-17
W001,07-023W,W001,197.0,197,33,2022-01-06,2025-08-28
W001,07-110X,W001,197.0,188,23,2022-01-02,2026-02-18
W001,07-135D,W001,196.0,191,15,2022-01-02,2026-05-12
invalid,20-136Z,Invalid,196.0,189,2,2022-01-10,2022-07-09
invalid,29-140D,Invalid,196.0,186,2,2022-02-13,2022-07-15
invalid,25-139C,Invalid,196.0,190,2,2022-01-05,2022-07-06
W001,07-137D,W001,196.0,190,9,2022-01-10,2026-05-15
invalid,29-138B,Invalid,196.0,190,1,2022-01-23,2022-07-19
invalid,24-138B,Invalid,196.0,184,12,2022-01-30,2022-07-28
invalid,34-009Y,Invalid,195.0,194,2,2024-08-09,2026-01-08
W001,07-064B,W001,195.0,186,3,2022-05-10,2026-06-10
W001,07-007Y,W001,194.0,193,17,2022-04-25,2025-04-14
invalid,31-138Z,Invalid,194.0,185,5,2022-01-10,2022-06-30
W001,07-050X,W001,194.0,181,28,2022-01-08,2026-04-08
invalid,24-135A,Invalid,193.0,188,9,2022-01-03,2022-06-30
invalid,09-143B,Invalid,193.0,192,3,2022-03-30,2022-07-30
invalid,23-140D,Invalid,193.0,192,3,2022-01-04,2022-06-03
invalid,30-138B,Invalid,193.0,191,3,2022-01-10,2022-07-08
W001,07-058Y,W001,192.0,187,20,2022-01-05,2025-05-07
W001,07-140W,W001,192.0,187,20,2022-01-12,2025-11-06
invalid,07-142B,Invalid,191.0,189,32,2022-01-10,2022-07-29
invalid,18-137X,Invalid,191.0,186,3,2022-01-07,2022-06-03
W001,07-128B,W001,191.0,156,27,2022-01-08,2024-10-08
invalid,10-141D,Invalid,191.0,189,10,2022-01-11,2022-03-14
W001,07-069Z,W001,190.0,187,19,2022-01-05,2026-05-14
invalid,10-144X,Invalid,190.0,189,4,2022-01-02,2022-07-30
invalid,18-136X,Invalid,190.0,188,2,2022-01-14,2022-06-13
invalid,34-019Y,Invalid,190.0,177,3,2024-08-18,2025-11-25
invalid,07-021C,Invalid,189.0,162,2,2022-01-03,2022-07-25
W001,07-043C,W001,189.0,184,5,2022-01-02,2026-01-30
W001,07-009Y,W001,189.0,178,14,2022-01-09,2026-04-28
W001,07-121Y,W001,188.0,180,20,2022-01-05,2025-12-28
invalid,30-138Z,Invalid,188.0,185,2,2022-01-03,2022-07-15
W001,07-143Z,W001,188.0,180,17,2022-01-10,2025-11-25
invalid,32-134Z,Invalid,187.0,183,2,2022-01-03,2022-07-20
W001,07-105W,W001,187.0,182,18,2022-01-08,2025-06-25
invalid,18-139A,Invalid,187.0,181,2,2022-01-03,2022-07-23
invalid,10-145B,Invalid,187.0,185,14,2022-01-02,2022-07-28
W001,07-009Z,W001,187.0,184,51,2022-01-05,2026-02-05
invalid,29-136D,Invalid,187.0,186,3,2022-01-11,2022-07-01
W001,07-095C,W001,187.0,185,10,2022-01-06,2025-02-03
invalid,19-135W,Invalid,187.0,186,4,2022-01-06,2022-07-07
invalid,28-136Y,Invalid,187.0,179,3,2022-01-03,2022-06-27
invalid,20-140D,Invalid,186.0,185,4,2022-01-23,2022-07-26
invalid,28-135B,Invalid,186.0,183,3,2022-01-03,2022-07-13
invalid,18-135W,Invalid,185.0,180,3,2022-01-20,2022-07-08
invalid,25-139W,Invalid,185.0,177,4,2022-01-03,2022-07-02
invalid,10-147W,Invalid,185.0,184,8,2022-01-02,2022-06-20
invalid,33-140C,Invalid,185.0,172,1,2022-01-02,2022-07-25
invalid,23-137X,Invalid,185.0,184,3,2022-01-02,2022-07-27
invalid,32-140Z,Invalid,184.0,179,2,2022-01-03,2022-07-26
invalid,25-134D,Invalid,184.0,183,2,2022-01-03,2022-07-10
invalid,07-014B,Invalid,183.0,178,19,2022-01-02,2022-02-19
invalid,08-111W,Invalid,182.0,173,13,2022-01-10,2023-04-01
invalid,24-140Y,Invalid,182.0,178,2,2022-01-08,2022-07-18
W001,07-042X,W001,182.0,178,34,2022-01-03,2026-05-12
invalid,18-129A,Invalid,181.0,181,7,2022-04-12,2024-03-02
invalid,19-138D,Invalid,180.0,174,3,2022-01-02,2022-07-04
W001,07-035C,W001,180.0,172,7,2022-01-07,2026-03-12
invalid,31-139W,Invalid,180.0,177,5,2022-01-03,2022-07-10
invalid,29-136Y,Invalid,179.0,177,2,2022-01-04,2022-05-17
invalid,28-140B,Invalid,179.0,179,1,2022-01-06,2022-07-26
invalid,22-135B,Invalid,179.0,178,5,2022-01-02,2022-07-26
invalid,20-136W,Invalid,179.0,176,3,2022-04-10,2022-06-30
W001,07-074B,W001,179.0,178,7,2022-01-02,2022-07-31
W001,07-117Y,W001,179.0,174,5,2022-01-04,2024-10-08
W001,07-140D,W001,179.0,175,25,2022-01-07,2026-06-03
invalid,21-138Z,Invalid,178.0,176,1,2022-04-06,2022-07-26
invalid,22-140C,Invalid,178.0,178,4,2022-01-03,2022-07-27
invalid,25-138D,Invalid,178.0,175,1,2022-02-18,2022-07-11
W001,07-126Z,W001,178.0,175,24,2022-01-02,2025-08-07
W001,07-097Y,W001,178.0,174,26,2022-01-05,2026-04-08
invalid,18-135X,Invalid,178.0,176,5,2022-01-27,2022-07-23
W001,07-066C,W001,177.0,170,6,2022-01-02,2026-06-10
invalid,21-139W,Invalid,176.0,175,4,2022-01-02,2022-07-26
invalid,27-140C,Invalid,176.0,149,2,2022-01-09,2022-07-13
invalid,18-138X,Invalid,176.0,173,3,2022-01-23,2022-06-15
W001,07-109X,W001,176.0,174,9,2022-01-08,2024-12-09
invalid,34-019Z,Invalid,176.0,169,6,2024-09-21,2026-02-27
W001,07-138B,W001,175.0,147,27,2022-01-06,2026-06-17
W001,07-048B,W001,175.0,169,24,2022-01-07,2026-01-29
W001,07-064C,W001,175.0,175,3,2022-01-03,2022-07-30
W001,07-037Z,W001,175.0,167,35,2022-01-02,2026-05-14
W001,07-110D,W001,175.0,169,13,2022-01-07,2026-02-05
invalid,22-140B,Invalid,174.0,167,4,2022-01-02,2022-07-12
invalid,25-138B,Invalid,174.0,167,5,2022-01-02,2022-07-27
W001,07-122D,W001,174.0,165,22,2022-01-03,2024-10-08
invalid,24-139X,Invalid,174.0,158,2,2022-01-07,2022-05-19
W001,07-125C,W001,174.0,168,16,2022-01-06,2026-05-13
invalid,20-136X,Invalid,174.0,165,3,2022-01-02,2022-04-30
W001,07-107C,W001,174.0,166,15,2022-01-02,2026-02-12
W001,07-079X,W001,173.0,172,17,2022-01-08,2025-05-12
invalid,08-108Y,Invalid,173.0,170,16,2022-01-02,2022-09-19
invalid,27-136C,Invalid,173.0,152,3,2022-01-03,2022-07-26
W001,07-038C,W001,173.0,172,25,2022-01-02,2025-10-01
invalid,22-134A,Invalid,173.0,173,3,2022-01-04,2022-06-23
invalid,29-135D,Invalid,172.0,172,1,2022-04-11,2022-07-11
invalid,22-134Y,Invalid,172.0,170,2,2022-01-14,2022-07-26
invalid,29-137B,Invalid,172.0,170,3,2022-01-06,2022-07-26
invalid,22-136D,Invalid,172.0,170,4,2022-01-02,2022-07-23
W001,07-116D,W001,172.0,165,15,2022-01-09,2026-05-01
invalid,34-003Y,Invalid,172.0,169,5,2024-08-10,2025-12-23
W001,07-012Y,W001,171.0,168,28,2022-01-03,2026-06-10
W001,07-088A,W001,171.0,159,13,2022-01-07,2022-07-02
invalid,20-138X,Invalid,171.0,169,4,2022-01-03,2022-04-06
W001,07-066Y,W001,170.0,168,6,2022-01-03,2026-04-24
invalid,22-134Z,Invalid,169.0,167,3,2022-01-03,2022-06-10
invalid,21-140B,Invalid,169.0,163,4,2022-01-02,2022-07-27
invalid,10-141Y,Invalid,169.0,167,4,2022-01-02,2022-07-26
invalid,22-134X,Invalid,169.0,160,3,2022-01-30,2022-07-09
W001,07-134Y,W001,169.0,163,28,2022-01-13,2024-10-08
W001,07-076C,W001,169.0,165,15,2022-01-05,2026-02-05
W001,07-092C,W001,169.0,165,10,2022-01-05,2022-08-01
W001,07-025W,W001,169.0,159,21,2022-01-03,2026-01-23
invalid,20-140Y,Invalid,168.0,165,2,2022-01-07,2022-05-10
W001,07-007X,W001,168.0,167,8,2022-04-10,2025-03-27
W001,07-104B,W001,168.0,165,25,2022-01-06,2024-10-14
invalid,30-139B,Invalid,168.0,167,2,2022-01-03,2022-07-01
invalid,20-139A,Invalid,168.0,159,2,2022-01-05,2022-07-11
invalid,21-139C,Invalid,167.0,161,5,2022-01-03,2022-07-25
W001,07-042D,W001,167.0,159,12,2022-01-03,2026-02-28
W001,07-002X,W001,167.0,165,7,2024-10-01,2026-05-14
W001,07-107Y,W001,167.0,147,9,2022-01-06,2026-05-07
invalid,29-140Y,Invalid,166.0,165,4,2022-01-02,2022-07-12
invalid,20-135Z,Invalid,166.0,159,1,2022-04-23,2022-07-27
invalid,34-028Z,Invalid,165.0,164,3,2024-09-26,2026-02-05
invalid,32-139Y,Invalid,165.0,163,7,2022-01-03,2022-07-17
W001,07-133W,W001,165.0,149,20,2022-01-07,2026-04-11
invalid,19-140X,Invalid,164.0,159,5,2022-01-09,2022-07-25
invalid,23-134C,Invalid,164.0,163,3,2022-01-03,2022-07-27
invalid,19-140B,Invalid,164.0,161,4,2022-01-02,2022-07-28
W001,07-134B,W001,164.0,156,22,2022-01-02,2026-06-17
invalid,21-134Z,Invalid,163.0,160,1,2022-04-04,2022-07-07
W001,07-043W,W001,163.0,157,21,2022-01-06,2026-04-18
W001,07-146B,W001,163.0,152,5,2022-01-10,2026-04-09
invalid,07-008A,Invalid,163.0,161,30,2022-01-03,2022-07-19
W001,07-070C,W001,163.0,161,17,2022-01-02,2022-08-01
invalid,34-027X,Invalid,162.0,158,5,2024-11-06,2025-11-14
invalid,07-014A,Invalid,162.0,156,9,2022-01-03,2022-08-01
invalid,32-139A,Invalid,162.0,160,3,2022-05-12,2022-07-16
W001,07-033W,W001,162.0,144,19,2022-01-02,2026-03-13
invalid,18-139D,Invalid,162.0,157,4,2022-01-22,2022-07-27
invalid,19-137Y,Invalid,161.0,159,2,2022-01-02,2022-07-01
invalid,23-140B,Invalid,161.0,160,2,2022-01-02,2022-04-02
invalid,22-138A,Invalid,161.0,157,3,2022-01-03,2022-07-26
W001,07-099X,W001,161.0,159,4,2022-01-03,2024-10-14
invalid,31-137A,Invalid,161.0,150,6,2022-01-03,2022-07-09
invalid,19-140C,Invalid,160.0,160,3,2022-01-14,2022-07-10
invalid,23-135D,Invalid,160.0,160,2,2022-01-05,2022-07-15
W001,07-124B,W001,160.0,156,5,2022-01-10,2026-05-28
W001,07-052W,W001,160.0,157,22,2022-01-05,2025-08-23
invalid,17-137Z,Invalid,160.0,160,6,2022-01-02,2023-12-04
W001,07-089Z,W001,160.0,154,27,2022-01-02,2025-05-01
invalid,09-145B,Invalid,159.0,155,19,2022-01-06,2022-07-28
invalid,30-138D,Invalid,159.0,158,4,2022-01-10,2022-07-12
W001,07-113C,W001,158.0,146,3,2022-01-05,2026-04-24
invalid,29-138Z,Invalid,158.0,147,3,2022-01-04,2022-07-01
invalid,09-143X,Invalid,157.0,153,3,2022-06-21,2022-07-30
W001,07-059W,W001,157.0,156,30,2022-01-06,2022-07-29
W001,07-069Y,W001,157.0,156,19,2022-01-02,2025-10-29
invalid,31-135W,Invalid,157.0,154,3,2022-01-03,2022-05-18
W001,07-052X,W001,157.0,142,31,2022-01-07,2025-06-25
W001,07-037W,W001,157.0,149,28,2022-01-03,2026-06-04
invalid,19-136B,Invalid,157.0,153,3,2022-02-20,2022-06-08
invalid,12-127A,Invalid,157.0,149,8,2022-01-09,2022-10-10
invalid,09-146Y,Invalid,157.0,148,5,2022-01-02,2022-06-13
W001,07-010Z,W001,156.0,149,43,2022-01-02,2026-04-08
invalid,28-134W,Invalid,156.0,153,2,2022-01-03,2022-03-25
W001,07-004Z,W001,156.0,154,32,2022-01-02,2026-05-14
invalid,24-140C,Invalid,155.0,149,3,2022-04-08,2022-07-27
invalid,31-139B,Invalid,155.0,153,5,2022-01-02,2022-05-16
invalid,23-137W,Invalid,155.0,148,4,2022-01-05,2022-07-08
W001,07-005Z,W001,155.0,152,39,2022-01-03,2025-03-23
invalid,26-138D,Invalid,154.0,154,1,2022-03-07,2022-05-12
invalid,23-135W,Invalid,154.0,152,4,2022-01-05,2022-06-30
invalid,19-138Y,Invalid,154.0,152,4,2022-01-28,2022-07-08
W001,07-121D,W001,154.0,149,21,2022-01-06,2026-04-18
invalid,31-134Z,Invalid,154.0,152,3,2022-01-03,2022-07-10
W001,07-120B,W001,154.0,151,20,2022-01-02,2026-05-12
invalid,31-137W,Invalid,154.0,151,4,2022-01-02,2022-07-08
invalid,23-139C,Invalid,153.0,151,2,2022-01-04,2022-07-14
W001,07-039X,W001,153.0,150,5,2022-01-03,2025-06-25
W001,07-050B,W001,153.0,146,29,2022-01-05,2026-02-12
invalid,07-003C,Invalid,153.0,148,10,2022-01-03,2022-08-01
W001,07-117D,W001,153.0,148,3,2022-05-24,2026-02-05
W001,07-062X,W001,152.0,148,2,2022-01-07,2026-02-05
W001,07-123C,W001,152.0,150,4,2022-01-03,2024-10-08
W001,07-075X,W001,152.0,138,5,2022-01-07,2026-05-14
invalid,29-136Z,Invalid,152.0,152,2,2022-01-05,2022-06-30
invalid,08-048X,Invalid,152.0,148,5,2022-01-15,2023-02-03
W001,07-038X,W001,152.0,148,10,2022-01-02,2026-01-23
invalid,23-135Y,Invalid,151.0,150,2,2022-01-03,2022-05-10
invalid,09-143D,Invalid,151.0,149,16,2022-01-15,2022-07-03
W001,07-022B,W001,151.0,149,20,2022-01-03,2026-02-12
invalid,21-134B,Invalid,150.0,149,4,2022-02-22,2022-07-28
invalid,09-144W,Invalid,150.0,119,8,2022-01-11,2022-07-28
W001,07-146W,W001,150.0,141,9,2022-01-02,2024-10-03
invalid,29-139Z,Invalid,150.0,142,2,2022-01-07,2022-07-01
invalid,18-139Z,Invalid,150.0,150,2,2022-01-12,2022-07-07
invalid,33-135D,Invalid,149.0,145,3,2022-01-03,2022-07-09
invalid,34-024Y,Invalid,149.0,148,4,2024-08-10,2026-03-04
invalid,25-138Y,Invalid,149.0,147,2,2022-01-19,2022-05-14
W001,07-130W,W001,149.0,148,23,2022-01-11,2026-06-18
W001,07-113W,W001,149.0,140,14,2022-01-06,2026-01-29
invalid,19-137B,Invalid,149.0,144,4,2022-01-03,2022-06-27
invalid,07-013A,Invalid,149.0,145,13,2022-02-11,2022-07-29
W001,07-140B,W001,149.0,144,10,2022-01-03,2025-04-11
W001,07-043Y,W001,148.0,140,24,2022-01-04,2026-05-14
invalid,10-146B,Invalid,148.0,147,2,2022-01-12,2022-07-13
invalid,24-139W,Invalid,148.0,124,8,2022-01-02,2022-07-19
W001,07-005Y,W001,147.0,146,19,2022-01-02,2026-05-14
W001,07-106B,W001,147.0,143,13,2022-01-17,2026-05-12
invalid,22-137B,Invalid,147.0,146,3,2022-01-06,2022-07-26
invalid,30-140Z,Invalid,147.0,145,4,2022-01-03,2022-07-08
W001,07-013Y,W001,146.0,141,15,2022-03-21,2026-02-28
invalid,10-146C,Invalid,146.0,142,3,2022-01-02,2022-07-29
invalid,07-012C,Invalid,146.0,146,20,2022-01-03,2022-08-02
invalid,25-136Y,Invalid,146.0,143,4,2022-04-11,2022-07-26
invalid,26-136Z,Invalid,146.0,144,3,2022-02-10,2022-07-25
W001,07-135B,W001,145.0,140,10,2022-01-13,2026-04-09
W001,07-102X,W001,145.0,137,21,2022-01-07,2026-05-23
W001,07-139D,W001,145.0,135,11,2022-01-09,2026-04-24
W001,07-046B,W001,144.0,129,4,2022-01-06,2026-06-18
invalid,10-143Y,Invalid,144.0,126,1,2022-01-02,2022-07-27
invalid,20-134D,Invalid,144.0,142,3,2022-01-17,2022-07-26
invalid,22-139X,Invalid,144.0,143,1,2022-01-30,2022-07-01
invalid,20-134C,Invalid,143.0,141,5,2022-04-10,2022-07-27
invalid,24-136D,Invalid,143.0,141,4,2022-01-04,2022-04-05
W001,07-103Z,W001,143.0,134,26,2022-01-02,2026-04-08
W001,07-127X,W001,143.0,137,5,2022-03-05,2026-03-13
W001,07-015Z,W001,143.0,138,37,2022-01-02,2026-04-03
W001,07-130B,W001,142.0,138,25,2022-01-11,2025-02-03
W001,07-099Y,W001,142.0,139,21,2022-01-12,2025-03-18
invalid,10-145D,Invalid,142.0,142,6,2022-01-02,2022-07-28
invalid,07-109D,Invalid,142.0,140,20,2022-01-07,2025-03-28
W001,07-052A,W001,142.0,132,21,2022-01-09,2026-05-29
W001,07-107B,W001,142.0,142,12,2022-01-06,2026-02-18
invalid,23-139D,Invalid,142.0,138,3,2022-01-03,2022-05-24
W001,07-089Y,W001,141.0,138,21,2022-01-07,2025-03-03
W001,07-104D,W001,141.0,113,6,2022-01-07,2026-05-13
W001,07-118W,W001,141.0,134,24,2022-01-07,2026-02-18
invalid,28-134C,Invalid,141.0,133,4,2022-01-02,2022-07-27
W001,07-020Z,W001,141.0,138,40,2022-01-08,2026-01-29
invalid,23-136D,Invalid,141.0,136,3,2022-01-05,2022-06-29
invalid,28-138X,Invalid,140.0,137,2,2022-01-12,2022-07-22
W001,07-068X,W001,140.0,130,13,2022-01-06,2025-08-14
invalid,29-140Z,Invalid,140.0,128,2,2022-01-04,2022-07-04
invalid,27-139W,Invalid,140.0,138,3,2022-01-03,2022-06-30
invalid,34-011Y,Invalid,140.0,140,4,2024-08-11,2025-11-19
invalid,20-134Y,Invalid,140.0,138,3,2022-01-03,2022-07-14
W001,07-114W,W001,139.0,125,21,2022-01-02,2026-02-05
W001,07-006Y,W001,139.0,138,37,2022-01-03,2025-05-20
invalid,07-016B,Invalid,139.0,135,15,2022-01-02,2022-08-02
invalid,29-134B,Invalid,138.0,136,3,2022-01-25,2022-07-11
W001,07-040X,W001,138.0,130,18,2022-01-04,2026-05-21
invalid,07-002C,Invalid,138.0,133,3,2022-01-02,2022-07-21
invalid,20-053X,Invalid,138.0,136,2,2022-01-02,2022-06-06
invalid,32-134A,Invalid,138.0,136,5,2022-01-04,2022-06-28
W001,07-143B,W001,138.0,123,5,2022-01-16,2026-05-08
W001,07-097X,W001,138.0,134,10,2022-02-06,2025-05-22
invalid,18-124A,Invalid,138.0,137,8,2022-09-27,2024-03-03
W001,07-104W,W001,137.0,128,5,2022-01-02,2024-10-14
invalid,27-138D,Invalid,137.0,136,3,2022-01-03,2022-06-30
invalid,22-136W,Invalid,137.0,130,3,2022-01-11,2022-05-29
W001,07-076Y,W001,137.0,128,9,2022-01-23,2026-05-12
invalid,31-134A,Invalid,136.0,133,6,2022-01-03,2022-07-10
invalid,10-147A,Invalid,136.0,132,4,2022-01-12,2022-07-31
invalid,18-134X,Invalid,136.0,133,2,2022-01-12,2022-07-15
invalid,34-014Y,Invalid,136.0,135,2,2024-08-10,2025-10-17
invalid,20-138W,Invalid,136.0,133,2,2022-02-27,2022-07-27
invalid,21-136D,Invalid,136.0,128,2,2022-01-25,2022-05-25
W001,07-074Y,W001,136.0,131,7,2022-01-06,2026-05-21
invalid,22-140X,Invalid,136.0,132,1,2022-02-16,2022-07-28
W001,07-146A,W001,136.0,133,3,2022-01-11,2024-10-08
W001,07-092W,W001,136.0,130,21,2022-01-07,2026-04-08
invalid,30-139W,Invalid,136.0,131,1,2022-02-02,2022-07-13
invalid,33-140D,Invalid,135.0,120,3,2022-02-19,2022-07-05
invalid,34-018Z,Invalid,135.0,134,5,2024-10-26,2026-02-20
invalid,34-008X,Invalid,135.0,132,2,2024-09-22,2025-01-03
invalid,07-015B,Invalid,135.0,127,10,2022-01-04,2022-08-01
invalid,22-140D,Invalid,135.0,134,2,2022-01-10,2022-07-20
invalid,31-137Y,Invalid,134.0,130,5,2022-01-03,2022-04-04
invalid,34-008Y,Invalid,134.0,133,2,2024-08-09,2025-12-13
invalid,19-134D,Invalid,134.0,131,2,2022-01-19,2022-05-22
invalid,18-134B,Invalid,134.0,132,5,2022-01-05,2022-07-08
invalid,18-134D,Invalid,134.0,134,3,2022-01-02,2022-07-28
W001,07-145D,W001,134.0,131,22,2022-01-10,2024-10-14
W001,07-023Z,W001,133.0,130,28,2022-01-02,2026-05-14
W001,07-032Z,W001,133.0,124,13,2022-01-07,2026-05-12
invalid,19-137Z,Invalid,133.0,132,1,2022-04-05,2022-07-28
W001,07-078A,W001,133.0,121,12,2022-01-07,2026-06-17
W001,07-145W,W001,133.0,118,8,2022-01-02,2026-05-14
W001,07-055B,W001,133.0,132,9,2022-01-03,2026-02-18
invalid,32-137B,Invalid,133.0,131,3,2022-01-13,2022-05-17
invalid,20-140W,Invalid,132.0,130,4,2022-01-04,2022-07-25
invalid,20-137B,Invalid,132.0,127,2,2022-03-10,2022-06-29
invalid,09-147Z,Invalid,132.0,131,6,2022-01-10,2022-07-12
invalid,10-143C,Invalid,132.0,130,4,2022-01-18,2022-07-31
invalid,18-126A,Invalid,132.0,131,6,2022-04-07,2024-02-27
invalid,08-109W,Invalid,131.0,130,5,2022-01-12,2023-03-17
invalid,32-138Y,Invalid,131.0,126,1,2022-07-07,2022-07-20
invalid,27-135D,Invalid,131.0,125,2,2022-01-23,2022-05-10
invalid,22-136Y,Invalid,131.0,123,2,2022-01-02,2022-06-01
W001,07-123Y,W001,130.0,127,25,2022-01-02,2024-10-22
W001,07-011Y,W001,130.0,129,29,2022-01-03,2025-01-18
invalid,22-137Y,Invalid,130.0,104,3,2022-01-13,2022-05-28
W001,07-091C,W001,130.0,127,5,2022-01-10,2025-03-03
W001,07-003W,W001,130.0,127,37,2022-01-02,2025-03-14
invalid,34-021X,Invalid,130.0,116,1,2024-11-11,2024-12-07
invalid,22-138Y,Invalid,130.0,123,4,2022-01-03,2022-05-29
invalid,20-134B,Invalid,129.0,126,1,2022-06-05,2022-07-14
invalid,18-136W,Invalid,129.0,127,5,2022-01-02,2022-07-26
W001,07-132W,W001,129.0,121,25,2022-01-11,2025-11-06
invalid,08-047Z,Invalid,129.0,125,12,2022-07-03,2023-03-17
invalid,33-136D,Invalid,129.0,126,2,2022-01-02,2022-07-10
invalid,27-139Z,Invalid,128.0,126,3,2022-01-10,2022-07-21
invalid,23-139X,Invalid,128.0,127,2,2022-02-23,2022-07-01
invalid,23-138B,Invalid,128.0,126,2,2022-05-31,2022-07-28
invalid,22-136A,Invalid,128.0,101,3,2022-01-21,2022-06-04
W001,07-028Z,W001,128.0,126,10,2022-06-04,2026-05-23
W001,07-072A,W001,128.0,115,9,2022-01-02,2026-05-23
invalid,18-139Y,Invalid,128.0,125,3,2022-01-04,2022-07-18
W001,07-104Y,W001,128.0,118,25,2022-01-08,2026-05-14
invalid,29-140A,Invalid,127.0,123,2,2022-06-27,2022-07-27
invalid,10-146X,Invalid,127.0,116,5,2022-01-03,2022-07-31
invalid,31-140D,Invalid,127.0,125,2,2022-01-04,2022-07-15
W001,07-140X,W001,127.0,123,15,2022-01-02,2026-04-08
W001,07-118D,W001,127.0,124,31,2022-01-06,2024-12-10
invalid,18-140W,Invalid,126.0,119,2,2022-01-13,2022-04-02
invalid,30-139D,Invalid,126.0,113,3,2022-01-04,2022-07-27
W001,07-123Z,W001,126.0,124,24,2022-01-02,2026-03-13
invalid,22-140A,Invalid,126.0,125,3,2022-01-03,2022-07-01
invalid,29-137A,Invalid,126.0,122,2,2022-02-28,2022-07-08
W001,07-012W,W001,126.0,126,26,2022-01-02,2026-02-12
invalid,32-138B,Invalid,126.0,124,4,2022-01-03,2022-07-07
invalid,22-134W,Invalid,126.0,125,3,2022-01-13,2022-06-03
W001,07-131B,W001,126.0,120,16,2022-01-03,2026-02-20
W001,07-027C,W001,126.0,117,8,2022-01-10,2025-10-29
invalid,31-139Y,Invalid,126.0,122,6,2022-01-03,2022-07-15
invalid,22-135C,Invalid,126.0,120,4,2022-01-11,2022-07-23
invalid,18-137Y,Invalid,126.0,123,3,2022-01-03,2022-06-04
invalid,28-135W,Invalid,126.0,121,2,2022-01-04,2022-07-02
invalid,29-138Y,Invalid,126.0,125,4,2022-01-03,2022-07-01
invalid,25-139Y,Invalid,126.0,123,3,2022-01-02,2022-07-25
invalid,21-139D,Invalid,125.0,124,4,2022-03-18,2022-07-26
W001,07-113Z,W001,125.0,124,12,2022-01-08,2025-12-16
invalid,22-138D,Invalid,125.0,123,2,2022-01-10,2022-07-24
invalid,30-139Z,Invalid,124.0,122,3,2022-01-02,2022-07-08
invalid,25-138A,Invalid,124.0,120,2,2022-01-02,2022-07-21
W001,07-112D,W001,124.0,122,20,2022-01-09,2024-12-09
W001,07-074X,W001,124.0,118,16,2022-01-28,2022-07-19
W001,07-033X,W001,124.0,119,17,2022-01-04,2024-10-05
invalid,23-140X,Invalid,124.0,73,1,2022-01-04,2022-04-04
invalid,09-146Z,Invalid,124.0,122,2,2022-01-14,2022-07-13
invalid,17-048Z,Invalid,124.0,123,9,2022-04-23,2023-01-30
W001,07-069C,W001,124.0,121,3,2022-01-03,2022-08-01
invalid,07-041C,Invalid,123.0,118,6,2022-01-03,2025-05-01
invalid,22-134B,Invalid,123.0,122,2,2022-01-17,2022-06-08
invalid,17-048X,Invalid,123.0,122,3,2022-01-05,2023-03-16
invalid,26-140W,Invalid,123.0,122,2,2022-01-05,2022-07-26
invalid,21-134D,Invalid,123.0,122,2,2022-02-22,2022-04-19
W001,07-009X,W001,123.0,120,13,2022-01-03,2026-05-21
invalid,19-138B,Invalid,123.0,122,4,2022-01-02,2022-06-17
invalid,19-135C,Invalid,123.0,116,3,2022-01-25,2022-06-01
invalid,09-145W,Invalid,123.0,122,17,2022-01-10,2022-06-09
invalid,19-134Y,Invalid,123.0,122,3,2022-02-02,2022-06-21
invalid,34-023Y,Invalid,123.0,123,2,2024-08-12,2025-02-26
invalid,19-137W,Invalid,123.0,121,4,2022-01-05,2022-07-25
W001,07-021W,W001,122.0,115,11,2022-01-02,2026-02-12
invalid,22-136B,Invalid,122.0,116,2,2022-04-08,2022-06-13
invalid,22-139C,Invalid,121.0,118,3,2022-01-07,2022-07-15
invalid,29-134A,Invalid,121.0,118,1,2022-01-06,2022-01-19
invalid,22-138Z,Invalid,121.0,121,1,2022-05-25,2022-07-06
invalid,34-012Y,Invalid,121.0,119,2,2024-08-10,2025-10-16
invalid,28-139Y,Invalid,121.0,120,4,2022-01-03,2022-07-22
W001,07-094X,W001,121.0,120,21,2022-01-03,2026-05-12
W001,07-011W,W001,121.0,113,11,2022-02-07,2026-06-09
invalid,23-138Y,Invalid,121.0,120,2,2022-01-05,2022-03-18
invalid,34-016Z,Invalid,120.0,118,3,2024-08-12,2026-04-09
W001,07-024X,W001,120.0,116,11,2022-01-12,2026-05-21
invalid,10-146Y,Invalid,120.0,119,6,2022-01-02,2022-05-17
W001,07-049Z,W001,120.0,118,25,2022-01-06,2026-06-01
invalid,22-135A,Invalid,120.0,120,4,2022-01-04,2022-06-24
W001,07-066B,W001,119.0,119,22,2022-01-03,2026-05-14
W001,07-126D,W001,119.0,109,30,2022-01-04,2024-10-14
W001,07-114Y,W001,119.0,105,2,2022-06-24,2026-06-10
invalid,17-043W,Invalid,119.0,111,4,2022-01-27,2022-05-24
W001,07-028C,W001,119.0,118,5,2022-01-07,2025-05-01
W001,07-132X,W001,118.0,115,6,2022-01-02,2025-08-07
W001,07-120W,W001,118.0,109,15,2022-01-07,2025-10-20
W001,07-122Y,W001,118.0,111,7,2022-01-09,2026-02-05
W001,07-039Y,W001,118.0,112,14,2022-01-03,2026-01-30
invalid,27-139B,Invalid,118.0,114,2,2022-01-03,2022-07-14
W001,07-096W,W001,117.0,116,17,2022-01-07,2026-05-12
invalid,33-134A,Invalid,117.0,109,2,2022-01-02,2022-01-13
invalid,34-023X,Invalid,117.0,114,2,2024-09-24,2025-01-03
invalid,19-135Y,Invalid,117.0,113,4,2022-01-02,2022-06-17
W001,07-115A,W001,117.0,112,27,2022-01-08,2026-03-08
invalid,10-146W,Invalid,117.0,110,7,2022-01-02,2022-05-25
W001,07-055Y,W001,117.0,115,15,2022-01-08,2026-05-23
W001,07-018Z,W001,117.0,114,32,2022-01-08,2026-01-30
W001,07-101A,W001,116.0,114,5,2022-01-07,2025-08-14
W001,07-145Y,W001,116.0,108,24,2022-01-09,2026-06-17
W001,07-028Y,W001,116.0,110,12,2022-01-04,2026-02-12
invalid,18-135B,Invalid,115.0,112,2,2022-04-02,2022-07-04
invalid,23-135C,Invalid,115.0,115,2,2022-01-02,2022-06-08
invalid,20-137Y,Invalid,115.0,109,4,2022-01-03,2022-07-26
invalid,28-136A,Invalid,115.0,114,2,2022-01-02,2022-06-03
invalid,09-142Y,Invalid,115.0,112,9,2022-01-03,2022-07-27
invalid,30-137W,Invalid,114.0,112,1,2022-02-21,2022-07-21
invalid,30-136Z,Invalid,114.0,113,2,2022-01-11,2022-07-05
invalid,26-139A,Invalid,114.0,112,2,2022-04-08,2022-07-25
W001,07-100Y,W001,114.0,113,20,2022-01-03,2024-10-14
invalid,19-140D,Invalid,114.0,113,3,2022-02-18,2022-07-13
invalid,18-134Y,Invalid,114.0,114,3,2022-01-18,2022-04-03
invalid,26-135Z,Invalid,114.0,110,2,2022-04-15,2022-07-22
W001,07-008W,W001,113.0,108,6,2022-01-07,2026-04-08
invalid,08-049Z,Invalid,113.0,102,11,2022-07-01,2023-03-20
invalid,31-140Z,Invalid,113.0,110,3,2022-01-09,2022-07-14
invalid,31-138A,Invalid,113.0,112,5,2022-01-02,2022-07-15
invalid,21-138W,Invalid,112.0,108,3,2022-01-12,2022-07-27
invalid,18-138D,Invalid,112.0,109,2,2022-01-20,2022-06-23
invalid,19-134X,Invalid,112.0,111,2,2022-01-03,2022-07-08
W001,07-092Y,W001,112.0,112,11,2022-01-07,2025-05-01
invalid,07-010A,Invalid,112.0,110,13,2022-01-03,2022-07-18
invalid,34-016Y,Invalid,112.0,108,3,2024-08-10,2025-11-28
W001,07-051Y,W001,111.0,107,30,2022-01-03,2025-05-28
W001,07-044Z,W001,111.0,101,19,2022-01-02,2026-02-25
invalid,07-007B,Invalid,111.0,106,3,2022-01-08,2022-07-06
invalid,34-027Z,Invalid,110.0,110,3,2024-08-19,2024-12-03
invalid,21-140X,Invalid,110.0,105,3,2022-01-02,2022-06-05
W001,07-028A,W001,110.0,110,11,2022-01-02,2025-05-01
invalid,30-135D,Invalid,110.0,105,3,2022-01-18,2022-07-25
invalid,19-136D,Invalid,110.0,107,3,2022-01-23,2022-05-23
W001,07-060Y,W001,110.0,109,25,2022-01-07,2025-06-25
invalid,23-140Z,Invalid,110.0,105,1,2022-04-14,2022-06-02
invalid,09-142X,Invalid,110.0,109,2,2022-01-02,2022-07-21
W001,07-003Z,W001,110.0,109,7,2022-01-02,2025-04-13
W001,07-136W,W001,110.0,102,22,2022-01-13,2026-04-08
invalid,22-137W,Invalid,110.0,110,1,2022-01-05,2022-05-27
invalid,10-145A,Invalid,110.0,107,2,2022-01-12,2022-07-28
invalid,30-137A,Invalid,109.0,109,4,2022-01-03,2022-07-04
invalid,19-139B,Invalid,109.0,108,3,2022-01-07,2022-06-20
W001,07-013W,W001,109.0,96,21,2022-01-11,2026-06-10
invalid,18-137W,Invalid,109.0,107,3,2022-03-03,2022-07-13
invalid,29-138D,Invalid,109.0,105,2,2022-01-04,2022-07-15
invalid,26-138Y,Invalid,109.0,98,3,2022-01-02,2022-07-25
W001,07-125Y,W001,108.0,107,15,2022-01-05,2026-04-08
invalid,30-134Y,Invalid,108.0,101,3,2022-01-02,2022-07-25
W001,07-125B,W001,108.0,108,5,2022-01-07,2024-10-08
W001,07-025D,W001,108.0,101,3,2022-01-07,2026-02-18
invalid,07-007C,Invalid,108.0,97,4,2022-01-02,2022-08-01
invalid,10-142Y,Invalid,108.0,108,7,2022-01-02,2022-05-11
invalid,09-146A,Invalid,108.0,108,13,2022-01-11,2022-06-30
W001,07-112A,W001,108.0,102,4,2022-01-06,2026-02-25
W001,07-051B,W001,107.0,102,13,2022-02-08,2026-06-10
invalid,18-134W,Invalid,107.0,105,2,2022-01-26,2022-05-31
invalid,21-140W,Invalid,107.0,107,3,2022-01-02,2022-04-29
invalid,25-139D,Invalid,107.0,101,5,2022-01-15,2022-07-27
invalid,09-145Y,Invalid,107.0,107,4,2022-01-02,2022-07-22
W001,07-071W,W001,107.0,104,12,2022-01-02,2026-06-10
invalid,25-135Y,Invalid,107.0,106,2,2022-01-02,2022-05-18
invalid,27-136W,Invalid,106.0,106,2,2022-01-10,2022-06-03
W001,07-111Y,W001,106.0,99,16,2022-01-10,2024-10-14
invalid,21-138Y,Invalid,106.0,104,5,2022-01-02,2022-07-27
W001,07-069X,W001,106.0,105,8,2022-01-02,2025-11-21
invalid,19-136W,Invalid,106.0,104,3,2022-01-23,2022-07-05
W001,07-052D,W001,106.0,101,25,2022-01-02,2026-02-12
invalid,20-137D,Invalid,106.0,104,2,2022-03-09,2022-07-14
W001,07-117W,W001,105.0,101,26,2022-01-03,2025-02-03
invalid,22-134D,Invalid,105.0,95,3,2022-01-02,2022-07-21
invalid,31-140W,Invalid,105.0,105,5,2022-01-04,2022-05-31
W001,07-017Y,W001,105.0,105,25,2022-01-02,2026-02-12
invalid,19-139Y,Invalid,105.0,94,3,2022-01-08,2022-06-19
W001,07-073B,W001,105.0,103,20,2022-01-07,2026-05-21
invalid,31-134Y,Invalid,105.0,104,4,2022-01-03,2022-07-17
invalid,21-139B,Invalid,105.0,100,4,2022-01-02,2022-07-27
W001,07-023B,W001,104.0,104,10,2022-01-05,2025-01-11
W001,07-137W,W001,104.0,102,30,2022-01-11,2024-10-08
invalid,19-134W,Invalid,104.0,102,4,2022-01-02,2022-07-27
W001,07-132Y,W001,104.0,103,6,2022-01-15,2024-10-08
invalid,34-022Y,Invalid,104.0,104,3,2024-08-23,2025-01-23
W001,07-007Z,W001,104.0,103,46,2022-01-02,2026-01-29
W001,07-065Y,W001,104.0,100,3,2022-05-19,2026-02-18
invalid,09-144D,Invalid,104.0,102,3,2022-01-10,2022-07-20
W001,07-130D,W001,104.0,94,12,2022-01-02,2026-02-28
invalid,31-140B,Invalid,104.0,104,1,2022-01-02,2022-07-19
W001,07-126W,W001,104.0,100,12,2022-01-05,2026-05-28
W001,07-135W,W001,103.0,101,20,2022-01-09,2025-06-25
invalid,21-139X,Invalid,103.0,102,3,2022-01-02,2022-04-04
invalid,34-018X,Invalid,103.0,101,1,2024-09-25,2024-12-10
W001,07-114Z,W001,103.0,101,25,2022-01-02,2026-03-12
invalid,23-139B,Invalid,102.0,102,2,2022-01-03,2022-07-16
invalid,19-135X,Invalid,102.0,102,3,2022-01-08,2022-05-06
invalid,27-134A,Invalid,102.0,93,2,2022-04-13,2022-07-21
W001,07-142Z,W001,102.0,96,13,2022-01-07,2026-01-29
invalid,09-144C,Invalid,102.0,101,4,2022-01-02,2022-07-29
invalid,32-136X,Invalid,102.0,99,3,2022-01-07,2022-07-25
invalid,30-136Y,Invalid,101.0,96,4,2022-01-03,2022-07-18
W001,07-133Y,W001,101.0,92,21,2022-01-20,2026-03-13
invalid,21-134W,Invalid,101.0,93,4,2022-01-04,2022-05-29
invalid,21-135B,Invalid,101.0,100,4,2022-01-03,2022-07-21
invalid,22-138W,Invalid,101.0,98,3,2022-01-18,2022-07-27
invalid,29-137Y,Invalid,101.0,99,3,2022-01-03,2022-07-05
W001,07-050W,W001,101.0,86,33,2022-01-03,2025-11-06
W001,07-026D,W001,101.0,97,24,2022-03-18,2026-06-12
invalid,22-139D,Invalid,101.0,100,5,2022-01-02,2022-07-27
W001,07-122W,W001,100.0,96,27,2022-01-08,2026-03-13
W001,07-138D,W001,100.0,97,22,2022-01-14,2026-04-16
invalid,10-146D,Invalid,100.0,93,5,2022-01-04,2022-07-15
W001,07-143D,W001,100.0,88,29,2022-01-10,2026-06-17
invalid,19-138Z,Invalid,100.0,99,1,2022-04-05,2022-06-17
invalid,29-139W,Invalid,100.0,100,3,2022-01-11,2022-07-11
invalid,19-137A,Invalid,99.0,96,1,2022-04-03,2022-05-31
invalid,07-109B,Invalid,99.0,99,8,2022-01-09,2022-08-01
W001,07-124Z,W001,99.0,93,4,2022-05-25,2026-05-12
W001,07-051D,W001,99.0,98,27,2022-01-07,2025-08-14
invalid,07-108C,Invalid,99.0,98,17,2022-01-02,2025-05-07
invalid,24-140D,Invalid,99.0,85,2,2022-01-03,2022-04-04
invalid,34-028Y,Invalid,99.0,97,3,2024-09-08,2025-12-03
W001,07-042B,W001,98.0,98,24,2022-01-03,2025-08-01
invalid,32-136B,Invalid,98.0,97,2,2022-01-03,2022-06-20
W001,07-068C,W001,98.0,98,2,2022-01-03,2022-06-29
invalid,21-138B,Invalid,98.0,94,4,2022-01-03,2022-07-28
W001,07-106W,W001,98.0,91,19,2022-01-03,2026-05-23
W001,07-024Z,W001,98.0,93,13,2022-01-04,2024-10-09
W001,07-030W,W001,97.0,92,32,2022-01-02,2026-05-21
W001,07-144A,W001,97.0,91,7,2022-01-02,2026-06-10
W001,07-022X,W001,97.0,97,4,2022-01-05,2024-10-05
W001,07-128Y,W001,96.0,95,18,2022-01-20,2025-10-17
W001,07-047A,W001,96.0,93,19,2022-01-02,2026-03-12
W001,07-033D,W001,96.0,96,5,2022-06-17,2025-01-14
invalid,22-137Z,Invalid,96.0,66,1,2022-06-01,2022-07-26
invalid,09-142D,Invalid,96.0,94,16,2022-01-10,2022-07-26
W001,07-047Z,W001,96.0,87,17,2022-01-12,2026-05-12
invalid,22-135Z,Invalid,95.0,95,2,2022-03-12,2022-07-08
invalid,08-046Z,Invalid,95.0,94,37,2022-01-09,2023-01-22
W001,07-060Z,W001,95.0,92,17,2022-01-06,2024-10-09
invalid,09-143W,Invalid,95.0,94,21,2022-01-10,2022-06-04
W001,07-114B,W001,95.0,94,6,2022-01-07,2026-02-12
invalid,21-139Y,Invalid,95.0,94,3,2022-01-14,2022-07-28
invalid,34-010Y,Invalid,95.0,95,4,2024-08-09,2025-11-28
W001,07-033Z,W001,95.0,95,23,2022-01-07,2026-02-12
invalid,08-043Z,Invalid,95.0,94,15,2022-01-09,2022-10-31
invalid,19-134Z,Invalid,95.0,95,2,2022-04-04,2022-07-29
W001,07-107W,W001,94.0,83,11,2022-01-02,2026-02-12
W001,07-097C,W001,94.0,90,11,2022-01-02,2025-03-28
W001,07-006W,W001,94.0,93,17,2022-01-03,2025-04-13
invalid,29-137W,Invalid,94.0,90,1,2022-05-30,2022-07-04
invalid,30-140A,Invalid,94.0,91,4,2022-01-04,2022-07-09
invalid,34-004Y,Invalid,94.0,91,3,2024-09-16,2025-12-22
W001,07-140A,W001,93.0,90,19,2022-01-04,2026-05-31
invalid,21-136B,Invalid,93.0,87,4,2022-01-02,2022-06-27
W001,07-118B,W001,93.0,89,24,2022-01-07,2026-05-08
invalid,26-137A,Invalid,93.0,91,1,2022-04-10,2022-05-14
invalid,21-140Y,Invalid,92.0,85,2,2022-03-19,2022-05-12
invalid,07-007A,Invalid,92.0,92,8,2022-01-03,2022-07-19
W001,07-145A,W001,92.0,90,18,2022-01-07,2024-10-14
W001,07-046X,W001,92.0,87,5,2022-01-03,2026-02-05
invalid,32-135D,Invalid,92.0,92,1,2022-04-04,2022-07-11
invalid,32-135A,Invalid,92.0,91,7,2022-01-02,2022-07-17
invalid,26-135A,Invalid,91.0,91,2,2022-04-14,2022-07-14
W001,07-005W,W001,91.0,89,52,2022-01-03,2026-01-29
invalid,27-139A,Invalid,91.0,90,2,2022-02-05,2022-04-29
invalid,26-134A,Invalid,91.0,91,2,2022-04-10,2022-07-27
invalid,24-134W,Invalid,91.0,91,2,2022-01-15,2022-07-27
invalid,21-134A,BOYMC,91.0,88,2,2022-04-05,2022-07-28
invalid,24-139B,Invalid,91.0,86,1,2022-01-18,2022-07-27
W001,07-100D,W001,91.0,90,8,2022-01-02,2025-02-03
invalid,30-134D,ASLMA,91.0,80,3,2022-01-02,2022-06-15
invalid,24-137Z,Invalid,91.0,90,11,2022-01-21,2022-07-27
invalid,22-139Z,Invalid,90.0,86,1,2022-05-24,2022-05-30
invalid,22-139A,Invalid,90.0,89,3,2022-01-03,2022-05-29
W001,07-134A,W001,90.0,84,20,2022-01-09,2026-02-12
invalid,24-134Y,Invalid,90.0,90,4,2022-01-11,2022-07-26
invalid,27-137Y,Invalid,90.0,89,3,2022-01-03,2022-07-27
invalid,20-053Y,Invalid,90.0,89,2,2022-01-12,2022-05-19
invalid,30-138W,Invalid,90.0,89,3,2022-01-03,2022-07-10
invalid,20-139D,Invalid,90.0,72,3,2022-01-02,2022-05-04
W001,07-114D,W001,89.0,87,7,2022-01-10,2024-10-08
invalid,29-138W,Invalid,89.0,87,4,2022-01-02,2022-07-25
W001,07-046C,W001,89.0,83,2,2022-01-03,2025-01-16
invalid,09-147A,Invalid,88.0,83,1,2022-05-17,2022-07-13
invalid,10-143Z,Invalid,88.0,86,9,2022-01-11,2022-05-31
invalid,25-137A,Invalid,88.0,86,2,2022-01-03,2022-07-26
invalid,27-140W,Invalid,88.0,84,4,2022-01-02,2022-07-13
invalid,18-137B,Invalid,88.0,87,4,2022-01-15,2022-06-28
invalid,20-138D,Invalid,88.0,86,4,2022-02-21,2022-05-29
W001,07-093Y,W001,87.0,87,11,2022-01-03,2022-07-03
invalid,28-140W,Invalid,87.0,86,1,2022-01-05,2022-03-15
invalid,10-141X,Invalid,87.0,86,3,2022-01-11,2022-07-30
invalid,26-140A,Invalid,87.0,87,2,2022-04-07,2022-07-23
invalid,30-136A,Invalid,87.0,84,3,2022-01-03,2022-07-14
invalid,28-137W,Invalid,87.0,85,3,2022-01-04,2022-06-15
W001,07-016W,W001,87.0,75,19,2022-01-04,2026-05-21
W001,07-100C,W001,87.0,85,13,2022-01-02,2025-03-28
invalid,09-141Y,Invalid,86.0,81,19,2022-01-10,2022-07-27
W001,07-153H,W001,86.0,82,1,2026-03-10,2026-06-18
invalid,19-140A,Invalid,86.0,85,1,2022-04-03,2022-07-04
invalid,21-138A,Invalid,86.0,85,3,2022-01-02,2022-06-01
invalid,26-136W,Invalid,86.0,82,2,2022-03-16,2022-07-07
invalid,24-135B,Invalid,86.0,84,4,2022-01-02,2022-07-27
invalid,20-140Z,Invalid,85.0,83,2,2022-01-02,2022-05-05
invalid,33-137D,Invalid,85.0,85,2,2022-01-07,2022-07-14
W001,07-070Z,W001,85.0,78,16,2022-01-06,2026-06-17
invalid,34-024Z,Invalid,85.0,84,2,2024-08-18,2025-02-16
invalid,19-137X,Invalid,85.0,83,3,2022-01-02,2022-06-02
W001,07-107D,W001,85.0,83,20,2022-01-09,2026-02-25
invalid,26-134Y,Invalid,85.0,84,3,2022-01-19,2022-07-27
W001,07-141W,W001,85.0,80,13,2022-02-09,2026-06-18
invalid,24-137W,Invalid,84.0,84,4,2022-01-22,2022-07-23
W001,07-036Y,W001,84.0,82,40,2022-01-13,2026-06-11
W001,07-016Z,W001,84.0,82,33,2022-01-07,2026-02-12
invalid,26-135W,Invalid,84.0,83,1,2022-02-17,2022-05-10
invalid,09-144Z,Invalid,84.0,84,12,2022-01-10,2022-07-01
invalid,30-139A,Invalid,84.0,83,1,2022-06-25,2022-07-09
invalid,18-138W,Invalid,83.0,83,2,2022-01-11,2022-06-27
invalid,19-140Z,Invalid,83.0,83,1,2022-04-04,2022-05-30
W001,07-038D,W001,83.0,72,26,2022-01-03,2026-05-08
invalid,30-135Z,Invalid,83.0,83,3,2022-01-03,2022-07-26
W001,07-046W,W001,83.0,80,36,2022-01-02,2025-09-06
invalid,22-135X,Invalid,83.0,78,1,2022-01-16,2022-07-26
invalid,09-143A,Invalid,83.0,82,4,2022-01-11,2022-07-07
W001,07-061A,W001,82.0,70,12,2022-01-08,2025-10-01
invalid,34-020Z,Invalid,82.0,82,2,2025-02-21,2025-12-10
invalid,23-136Y,Invalid,82.0,82,1,2022-01-18,2022-05-30
invalid,32-137A,Invalid,82.0,79,3,2022-02-27,2022-07-17
W001,07-086Y,W001,82.0,80,16,2022-01-03,2025-05-01
W001,07-102W,W001,82.0,82,12,2022-01-02,2024-10-08
W001,07-012Z,W001,82.0,80,23,2022-01-04,2026-02-28
W001,07-047Y,W001,82.0,74,22,2022-01-03,2025-08-13
W001,07-049Y,W001,82.0,78,20,2022-01-06,2026-05-04
invalid,21-137B,Invalid,82.0,79,3,2022-02-16,2022-05-20
W001,07-068Z,W001,82.0,74,17,2022-01-07,2026-06-17
invalid,07-021D,Invalid,82.0,77,24,2022-01-09,2022-07-30
invalid,20-139C,Invalid,82.0,81,1,2022-04-03,2022-07-25
invalid,10-141A,Invalid,82.0,80,6,2022-01-12,2022-07-12
W001,07-125D,W001,82.0,80,5,2022-01-07,2026-05-11
W001,07-123X,W001,81.0,81,23,2022-01-03,2026-04-08
W001,07-044C,W001,81.0,74,8,2022-01-02,2026-06-13
invalid,23-140Y,Invalid,81.0,80,2,2022-01-17,2022-05-05
invalid,31-135A,Invalid,81.0,79,4,2022-01-02,2022-04-05
invalid,32-138D,Invalid,80.0,76,7,2022-01-03,2022-06-27
W001,07-030X,W001,80.0,79,6,2022-01-03,2026-05-13
invalid,31-139D,Invalid,80.0,80,2,2022-01-16,2022-07-10
W001,07-053Z,W001,80.0,73,19,2022-01-05,2026-04-11
invalid,21-137X,Invalid,80.0,78,4,2022-01-02,2022-07-11
invalid,27-138W,Invalid,79.0,78,2,2022-01-03,2022-07-26
W001,07-037B,W001,79.0,75,4,2022-02-07,2026-06-17
invalid,28-140Z,Invalid,79.0,77,3,2022-01-03,2022-07-27
invalid,34-021Y,Invalid,78.0,77,2,2024-08-30,2025-02-17
invalid,22-137A,Invalid,78.0,73,3,2022-01-02,2022-07-04
W001,07-142W,W001,78.0,69,23,2022-01-10,2026-02-12
W001,07-138W,W001,78.0,76,10,2022-01-06,2026-02-05
W001,07-111D,W001,78.0,76,6,2022-01-09,2024-10-08
invalid,20-139Z,Invalid,78.0,74,1,2022-04-12,2022-07-28
W001,07-050D,W001,78.0,73,18,2022-01-06,2026-03-17
W001,07-014W,W001,78.0,78,43,2022-01-03,2025-04-13
W001,07-002W,W001,78.0,78,18,2022-01-07,2025-02-13
W001,07-079B,W001,78.0,78,21,2022-01-02,2026-05-14
W001,07-134X,W001,78.0,74,3,2022-03-07,2024-10-14
W001,07-017W,W001,77.0,74,21,2022-01-07,2026-02-05
W001,07-048Y,W001,77.0,72,9,2022-05-12,2026-05-12
W001,07-010Y,W001,77.0,75,25,2022-01-03,2026-01-30
invalid,07-012B,Invalid,77.0,72,5,2022-01-13,2022-07-27
W001,07-044Y,W001,76.0,70,17,2022-01-11,2026-05-13
invalid,34-025Y,Invalid,76.0,76,1,2024-08-14,2025-01-29
invalid,21-136X,Invalid,76.0,75,3,2022-01-05,2022-05-23
invalid,31-137D,Invalid,76.0,75,3,2022-01-03,2022-07-26
W001,07-055Z,W001,76.0,74,11,2022-01-03,2026-05-21
W001,07-017X,W001,76.0,76,25,2022-01-06,2025-04-10
W001,07-061X,W001,76.0,74,2,2022-01-03,2022-08-02
W001,07-103B,W001,76.0,68,2,2022-05-25,2026-02-13
W001,07-131D,W001,75.0,64,16,2022-01-10,2026-05-23
W001,07-010W,W001,75.0,72,23,2022-04-28,2026-02-12
invalid,21-140D,Invalid,75.0,72,3,2022-01-02,2022-05-30
W001,07-086C,W001,75.0,74,2,2022-01-04,2022-07-23
invalid,25-140W,Invalid,74.0,72,4,2022-01-02,2022-07-26
invalid,27-137W,Invalid,74.0,70,2,2022-03-18,2022-04-28
W001,07-127Y,W001,73.0,64,16,2022-01-06,2026-05-12
invalid,23-137B,Invalid,73.0,72,1,2022-05-31,2022-07-27
W001,07-114A,W001,73.0,70,29,2022-01-05,2026-04-24
W001,07-099B,W001,73.0,63,20,2022-01-03,2026-02-05
W001,07-137A,W001,73.0,69,22,2022-01-02,2026-05-21
invalid,28-139A,Invalid,73.0,72,2,2022-05-27,2022-07-22
invalid,28-140A,Invalid,72.0,66,2,2022-01-02,2022-06-30
W001,07-092A,W001,72.0,65,19,2022-01-06,2022-07-27
W001,07-081Y,W001,72.0,71,2,2022-01-04,2025-02-03
W001,07-033A,W001,72.0,70,24,2022-01-02,2026-05-08
invalid,32-138Z,Invalid,72.0,70,3,2022-05-14,2022-07-17
W001,07-131W,W001,72.0,70,21,2022-01-09,2024-10-08
W001,07-045Z,W001,72.0,65,19,2022-01-03,2026-05-13
invalid,20-137A,Invalid,71.0,62,2,2022-04-03,2022-07-27
W001,07-022D,W001,71.0,71,40,2022-01-03,2025-05-01
W001,07-038W,W001,71.0,65,46,2022-01-03,2026-05-08
invalid,21-134X,Invalid,71.0,69,3,2022-04-05,2022-07-27
W001,07-069B,W001,71.0,62,25,2022-01-09,2026-06-10
invalid,20-135A,Invalid,71.0,70,1,2022-04-04,2022-07-26
W001,07-056Z,W001,71.0,68,9,2022-01-06,2026-05-21
invalid,09-141W,Invalid,71.0,71,10,2022-01-10,2022-04-22
invalid,18-140X,Invalid,71.0,69,3,2022-01-22,2022-07-28
invalid,24-137A,Invalid,71.0,69,7,2022-01-22,2022-07-26
invalid,24-139Y,Invalid,70.0,70,1,2022-02-13,2022-05-17
W001,07-125W,W001,70.0,64,11,2022-01-05,2024-10-08
W001,07-045D,W001,70.0,69,24,2022-01-04,2025-12-28
invalid,30-134A,ASLMA,69.0,66,1,2022-01-03,2022-04-06
invalid,21-135D,Invalid,69.0,66,3,2022-01-03,2022-03-30
W001,07-085B,W001,69.0,62,5,2022-01-02,2025-11-25
W001,07-127W,W001,69.0,69,14,2022-01-09,2026-05-12
W001,07-139W,W001,69.0,65,9,2022-01-07,2026-03-13
invalid,21-137D,Invalid,68.0,68,2,2022-01-11,2022-07-26
W001,07-044X,W001,68.0,61,4,2022-01-04,2025-08-28
W001,07-134Z,W001,68.0,58,17,2022-01-02,2026-06-09
W001,07-047B,W001,68.0,65,14,2022-02-07,2026-03-12
W001,07-073Y,W001,68.0,66,30,2022-01-03,2026-05-14
invalid,27-138A,Invalid,68.0,68,2,2022-01-10,2022-06-22
W001,07-128W,W001,68.0,63,9,2022-01-08,2026-05-21
W001,07-096B,W001,68.0,63,13,2022-01-02,2026-02-12
invalid,07-013B,Invalid,68.0,66,14,2022-01-07,2022-08-01
W001,07-102Z,W001,68.0,65,18,2022-01-08,2026-02-18
invalid,27-134W,Invalid,68.0,68,3,2022-01-03,2022-04-28
invalid,26-136D,Invalid,67.0,66,2,2022-02-03,2022-06-22
invalid,30-135W,Invalid,67.0,67,2,2022-02-02,2022-07-13
W001,07-071Y,W001,67.0,62,7,2022-01-03,2026-06-17
W001,07-103Y,W001,67.0,66,18,2022-01-09,2026-05-13
invalid,07-015A,Invalid,67.0,63,7,2022-01-03,2022-07-19
invalid,32-136A,Invalid,67.0,65,8,2022-01-02,2022-07-26
W001,07-143W,W001,67.0,65,12,2022-01-10,2026-05-14
W001,07-048W,W001,67.0,57,3,2022-01-05,2026-05-12
W001,07-117A,W001,67.0,63,18,2022-01-03,2025-06-25
W001,07-089D,W001,67.0,66,20,2022-01-07,2025-02-06
invalid,30-140Y,Invalid,67.0,64,2,2022-01-15,2022-07-09
invalid,32-140A,Invalid,66.0,63,3,2022-01-03,2022-07-14
invalid,24-136B,Invalid,66.0,65,7,2022-02-23,2022-07-27
W001,07-047X,W001,66.0,64,3,2022-01-18,2026-01-29
W001,07-027D,W001,66.0,66,9,2022-01-02,2026-02-12
W001,07-004W,W001,66.0,66,4,2022-01-07,2026-01-29
W001,07-032Y,W001,66.0,61,32,2022-01-03,2026-05-12
W001,07-028D,W001,66.0,64,8,2022-01-04,2025-01-04
W001,07-107A,W001,66.0,63,7,2022-01-08,2026-02-18
W001,07-101Y,W001,65.0,56,14,2022-01-08,2024-10-14
invalid,31-135Y,Invalid,65.0,64,1,2022-01-02,2022-07-19
invalid,32-138W,Invalid,65.0,65,1,2022-02-24,2022-03-17
invalid,19-136Y,Invalid,65.0,65,2,2022-01-20,2022-05-18
invalid,21-135Y,Invalid,65.0,64,3,2022-01-16,2022-07-27
invalid,25-134W,Invalid,65.0,64,2,2022-01-19,2022-07-26
W001,07-121X,W001,65.0,59,4,2022-01-07,2026-02-18
W001,07-110A,W001,65.0,59,18,2022-01-04,2026-02-25
W001,07-149A,W001,65.0,64,1,2024-10-08,2026-06-18
invalid,20-135C,Invalid,65.0,62,2,2022-01-11,2022-04-03
W001,07-021B,W001,65.0,64,5,2022-05-26,2026-05-21
W001,07-034W,W001,65.0,63,15,2022-05-12,2026-05-12
W001,07-041Z,W001,65.0,59,38,2022-01-02,2026-05-21
invalid,20-137Z,Invalid,65.0,65,2,2022-04-07,2022-06-18
W001,07-049W,W001,64.0,63,35,2022-01-02,2025-06-25
W001,07-015Y,W001,64.0,63,26,2022-01-02,2025-04-13
invalid,31-137Z,Invalid,64.0,59,7,2022-01-03,2022-06-27
W001,07-010X,W001,64.0,62,7,2022-01-02,2025-04-14
invalid,34-015Z,Invalid,64.0,64,2,2024-08-15,2025-01-31
invalid,30-135A,Invalid,64.0,61,2,2022-01-03,2022-07-04
W001,07-131Z,W001,64.0,60,23,2022-01-07,2026-06-10
invalid,32-136W,Invalid,64.0,62,8,2022-01-03,2022-07-17
invalid,30-140W,Invalid,64.0,62,4,2022-01-03,2022-07-11
invalid,19-139X,Invalid,63.0,63,2,2022-01-02,2022-06-05
W001,07-026W,W001,63.0,58,8,2022-01-04,2026-05-21
invalid,07-013C,Invalid,63.0,63,2,2022-01-07,2022-08-01
W001,07-009W,W001,63.0,63,2,2022-01-03,2025-03-05
W001,07-045W,W001,63.0,57,27,2022-01-03,2026-05-21
invalid,20-139W,Invalid,63.0,61,3,2022-02-14,2022-07-27
invalid,10-144D,Invalid,63.0,62,8,2022-01-02,2022-03-15
invalid,23-139W,Invalid,63.0,57,3,2022-01-04,2022-07-20
invalid,21-137Y,Invalid,62.0,61,1,2022-04-04,2022-07-02
invalid,12-060D,Invalid,62.0,61,2,2022-09-27,2022-11-27
invalid,24-138Y,Invalid,62.0,62,1,2022-04-28,2022-07-19
W001,07-044W,W001,62.0,55,15,2022-01-03,2022-07-01
W001,07-040Z,W001,62.0,56,31,2022-01-04,2026-05-12
W001,07-146Z,W001,62.0,55,10,2022-01-09,2026-02-18
invalid,18-135Z,Invalid,62.0,62,2,2022-04-03,2022-07-13
W001,07-042Z,W001,62.0,55,33,2022-01-02,2026-05-12
invalid,07-004A,Invalid,62.0,59,12,2022-01-05,2022-07-14
W001,07-075Y,W001,62.0,57,9,2022-02-06,2026-03-13
invalid,07-011A,Invalid,62.0,60,38,2022-01-02,2022-07-19
invalid,22-137D,Invalid,62.0,58,3,2022-01-02,2022-07-27
W001,07-069W,W001,61.0,61,37,2022-01-03,2025-08-28
W001,07-116W,W001,61.0,48,11,2022-01-03,2026-06-16
invalid,24-138W,Invalid,61.0,57,8,2022-03-03,2022-07-27
invalid,30-135Y,Invalid,61.0,60,5,2022-01-03,2022-05-09
W001,07-047D,W001,61.0,59,34,2022-01-04,2026-05-23
W001,07-124D,W001,61.0,60,8,2022-02-06,2025-12-16
W001,07-073W,W001,61.0,56,11,2022-01-03,2026-04-08
invalid,26-138Z,Invalid,61.0,60,1,2022-04-18,2022-07-17
invalid,26-140D,Invalid,60.0,60,1,2022-02-10,2022-07-27
invalid,19-136Z,Invalid,60.0,59,2,2022-01-02,2022-06-27
invalid,26-137Z,Invalid,60.0,60,1,2022-04-14,2022-07-12
invalid,19-135D,Invalid,60.0,60,2,2022-01-18,2022-05-06
invalid,19-134A,Invalid,60.0,60,1,2022-04-18,2022-06-05
W001,07-104C,W001,60.0,51,6,2022-01-03,2026-05-13
W001,07-132A,W001,60.0,55,21,2022-01-07,2024-10-08
invalid,07-020D,Invalid,60.0,56,3,2022-01-06,2022-02-28
W001,07-033E,W001,60.0,60,1,2026-03-14,2026-06-18
W001,07-038B,W001,60.0,58,4,2022-01-02,2026-01-29
W001,07-048D,W001,59.0,58,36,2022-01-06,2025-05-20
W001,07-111Z,W001,59.0,55,7,2022-01-08,2024-10-08
W001,07-102D,W001,59.0,50,15,2022-01-07,2026-02-13
invalid,23-137D,Invalid,59.0,58,2,2022-01-06,2022-07-07
invalid,09-145D,Invalid,59.0,59,10,2022-01-06,2022-04-30
invalid,34-013Y,Invalid,59.0,59,1,2024-08-19,2026-05-15
W001,07-029Y,W001,59.0,54,28,2022-01-02,2026-05-12
W001,07-027Z,W001,58.0,58,24,2022-01-02,2026-05-23
W001,07-026Z,W001,58.0,55,41,2022-01-02,2026-05-21
invalid,30-139Y,Invalid,58.0,57,2,2022-01-07,2022-07-18
invalid,32-135B,Invalid,58.0,56,2,2022-01-02,2022-07-25
invalid,07-005D,Invalid,58.0,58,41,2022-01-13,2022-07-22
W001,07-074A,W001,58.0,57,24,2022-01-02,2026-05-21
W001,07-074D,W001,58.0,55,27,2022-01-07,2026-05-23
W001,07-036A,W001,58.0,57,42,2022-01-05,2026-05-14
invalid,25-137Z,Invalid,58.0,56,2,2022-01-10,2022-07-26
W001,07-124W,W001,58.0,55,13,2022-01-09,2026-06-10
W001,07-134D,W001,57.0,54,24,2022-01-11,2026-04-09
invalid,19-139D,Invalid,57.0,57,1,2022-04-03,2022-07-27
invalid,27-140A,Invalid,57.0,55,3,2022-01-10,2022-07-26
W001,07-133Z,W001,57.0,53,23,2022-01-12,2026-05-14
W001,07-050Y,W001,57.0,55,6,2022-05-12,2026-04-09
W001,07-119Z,W001,57.0,49,15,2022-01-08,2025-11-25
W001,07-097A,W001,57.0,56,22,2022-01-10,2025-09-30
W001,07-015W,W001,57.0,57,8,2022-01-27,2026-01-29
W001,07-075A,W001,56.0,52,27,2022-01-07,2026-06-17
W001,07-014Z,W001,56.0,56,29,2022-01-07,2025-01-16
W001,07-086D,W001,56.0,54,9,2022-01-05,2026-05-13
invalid,20-137W,Invalid,56.0,53,3,2022-01-04,2022-07-05
invalid,27-139D,Invalid,56.0,56,1,2022-03-16,2022-04-04
invalid,07-016A,Invalid,56.0,55,33,2022-01-06,2022-07-28
invalid,29-136A,Invalid,56.0,52,3,2022-01-03,2022-07-11
W001,07-101W,W001,56.0,54,29,2022-01-03,2026-02-25
W001,07-073D,W001,56.0,52,29,2022-01-03,2026-06-17
W001,07-032D,W001,56.0,53,6,2022-06-16,2026-02-12
invalid,07-011D,Invalid,56.0,56,12,2022-01-02,2022-07-27
W001,07-029A,W001,55.0,54,16,2022-01-06,2025-04-25
W001,07-106Z,W001,55.0,53,32,2022-01-03,2026-04-08
W001,07-027W,W001,55.0,52,23,2022-01-03,2026-05-21
W001,07-047W,W001,55.0,49,25,2022-01-02,2026-01-30
invalid,07-014D,Invalid,54.0,54,34,2022-01-02,2022-07-25
invalid,29-137Z,Invalid,54.0,54,2,2022-01-02,2022-07-15
invalid,07-040A,Invalid,54.0,50,14,2022-01-03,2022-07-04
W001,07-026A,W001,54.0,47,29,2022-01-05,2026-06-10
W001,07-136Z,W001,54.0,47,18,2022-01-03,2026-02-12
invalid,33-140A,Invalid,54.0,54,2,2022-01-13,2022-07-12
W001,07-050A,W001,54.0,52,32,2022-01-05,2025-08-14
invalid,29-136W,Invalid,54.0,54,2,2022-01-07,2022-07-12
invalid,21-137A,Invalid,54.0,53,2,2022-01-02,2022-07-09
invalid,21-139A,Invalid,54.0,54,3,2022-04-07,2022-07-27
W001,07-046Z,W001,54.0,49,27,2022-01-03,2025-09-09
W001,07-084W,W001,54.0,54,15,2022-01-09,2025-02-06
invalid,24-134Z,Invalid,54.0,53,7,2022-01-02,2022-07-27
invalid,27-140Z,Invalid,53.0,51,3,2022-01-24,2022-07-26
invalid,10-146A,Invalid,53.0,52,9,2022-01-06,2022-07-28
W001,07-080Y,W001,53.0,52,29,2022-01-02,2025-06-19
invalid,25-136D,Invalid,53.0,52,4,2022-01-07,2022-07-27
W001,07-066D,W001,53.0,53,26,2022-01-03,2022-06-30
W001,07-128Z,W001,53.0,51,24,2022-01-08,2026-05-21
W001,07-014X,W001,53.0,53,23,2022-01-02,2026-02-12
invalid,18-136Z,Invalid,53.0,49,3,2022-01-02,2022-07-01
W001,07-124H,W001,53.0,50,1,2024-12-11,2026-06-02
W001,07-127Z,W001,53.0,45,10,2022-01-04,2026-02-05
invalid,10-144Z,Invalid,53.0,50,6,2022-01-11,2022-07-27
invalid,31-136Z,Invalid,53.0,52,5,2022-01-04,2022-07-01
invalid,33-134D,Invalid,53.0,53,3,2022-01-07,2022-07-09
invalid,19-138X,Invalid,53.0,52,2,2022-02-03,2022-05-25
W001,07-123A,W001,53.0,50,9,2022-01-15,2026-05-08
invalid,30-135C,Invalid,52.0,51,1,2022-01-03,2022-07-26
invalid,23-136B,Invalid,52.0,52,1,2022-02-21,2022-03-24
W001,07-075W,W001,52.0,47,4,2022-01-07,2026-06-17
W001,07-079W,W001,52.0,52,29,2022-01-07,2025-05-01
W001,07-113A,W001,52.0,44,4,2022-01-04,2026-06-10
invalid,29-138A,Invalid,52.0,52,2,2022-01-02,2022-07-04
W001,07-052Z,W001,52.0,43,14,2022-01-08,2026-06-18
invalid,03-098Y,Invalid,52.0,51,1,2022-01-02,2022-01-05
W001,07-098Z,W001,52.0,52,28,2022-01-07,2026-04-08
W001,07-074W,W001,52.0,44,12,2022-01-06,2026-03-12
invalid,23-139Z,Invalid,52.0,45,2,2022-05-10,2022-07-22
W001,07-067W,W001,52.0,51,33,2022-01-05,2025-06-02
W001,07-024D,W001,52.0,52,39,2022-01-03,2025-06-19
W001,07-048Z,W001,51.0,46,21,2022-01-07,2026-05-13
invalid,28-138D,Invalid,51.0,50,1,2022-01-11,2022-07-13
invalid,19-138W,Invalid,51.0,50,2,2022-04-21,2022-06-03
invalid,29-134Z,Invalid,51.0,51,2,2022-01-05,2022-07-04
W001,07-024A,W001,51.0,51,35,2022-01-02,2025-05-01
W001,07-002Z,W001,51.0,51,29,2022-01-06,2025-05-20
W001,07-083W,W001,51.0,50,28,2022-01-08,2025-05-01
W001,07-120D,W001,51.0,41,13,2022-01-03,2026-05-12
W001,07-119Y,W001,51.0,47,8,2022-01-08,2026-05-08
invalid,09-142W,Invalid,51.0,49,12,2022-01-11,2022-07-10
invalid,23-135Z,Invalid,51.0,49,1,2022-04-16,2022-06-09
invalid,27-140D,Invalid,51.0,49,1,2022-01-03,2022-07-12
invalid,23-140W,Invalid,51.0,50,1,2022-01-24,2022-04-11
invalid,27-135Y,Invalid,50.0,50,3,2022-01-10,2022-07-25
invalid,09-142A,Invalid,50.0,49,1,2022-05-25,2022-06-30
invalid,10-145X,Invalid,50.0,49,4,2022-01-10,2022-07-31
W001,07-138A,W001,50.0,45,8,2022-01-02,2026-05-08
W001,07-153C,W001,50.0,40,2,2024-10-08,2026-05-14
W001,07-030Z,W001,50.0,50,32,2022-01-03,2026-05-23
W001,07-037X,W001,50.0,48,14,2022-01-03,2026-03-27
W001,07-031H,W001,50.0,45,1,2025-11-19,2026-06-09
W001,07-121Z,W001,50.0,47,21,2022-01-02,2026-04-08
W001,07-122A,W001,50.0,48,24,2022-01-08,2026-04-21
W001,07-110Z,W001,50.0,48,24,2022-01-04,2024-10-08
W001,07-125Z,W001,50.0,41,31,2022-01-02,2026-03-12
W001,07-105D,W001,50.0,49,13,2022-01-08,2024-10-14
W001,07-035W,W001,50.0,49,33,2022-01-06,2026-02-18
W001,07-112Y,W001,50.0,44,5,2022-01-06,2026-05-08
W001,07-063Y,W001,50.0,45,1,2022-01-06,2022-07-28
invalid,07-009D,Invalid,49.0,49,26,2022-01-03,2022-07-19
W001,07-014Y,W001,49.0,49,24,2022-01-07,2025-07-31
W001,07-039W,W001,49.0,49,36,2022-01-02,2025-11-25
W001,07-025Z,W001,49.0,48,26,2022-01-03,2026-04-09
invalid,07-147A,Invalid,49.0,48,12,2022-01-06,2024-10-08
invalid,23-134Z,Invalid,49.0,48,1,2022-04-25,2022-05-08
invalid,18-135D,Invalid,49.0,47,2,2022-01-03,2022-03-30
invalid,09-144Y,Invalid,49.0,46,12,2022-01-10,2022-03-19
W001,07-093W,W001,49.0,48,12,2022-01-08,2025-09-27
W001,07-095A,W001,49.0,46,28,2022-01-09,2026-05-21
W001,07-082W,W001,49.0,48,23,2022-01-02,2025-02-06
invalid,12-060A,Invalid,49.0,47,5,2022-01-03,2022-11-28
invalid,29-135W,Invalid,48.0,42,2,2022-01-25,2022-02-17
W001,07-109W,W001,48.0,47,2,2022-01-07,2026-06-18
W001,07-053D,W001,48.0,46,34,2022-01-07,2026-02-12
W001,07-068D,W001,48.0,48,29,2022-01-07,2026-04-24
W001,07-139A,W001,48.0,42,26,2022-01-08,2026-05-12
invalid,07-005A,Invalid,48.0,47,38,2022-01-03,2022-07-26
W001,07-086Z,W001,48.0,48,21,2022-01-05,2025-08-14
W001,07-084D,W001,48.0,47,14,2022-01-05,2026-04-08
W001,07-145Z,W001,48.0,40,7,2022-01-09,2026-05-21
W001,07-125A,W001,48.0,47,24,2022-01-04,2024-10-14
invalid,07-016D,Invalid,48.0,48,20,2022-01-03,2022-07-22
W001,07-054B,W001,48.0,46,8,2022-01-07,2026-02-05
W001,07-065D,W001,48.0,43,16,2022-01-03,2026-05-25
invalid,22-140Z,Invalid,48.0,42,1,2022-05-25,2022-07-25
W001,07-093Z,W001,48.0,48,22,2022-01-07,2025-05-01
invalid,23-138A,Invalid,48.0,48,2,2022-01-10,2022-07-20
invalid,19-139W,Invalid,48.0,46,3,2022-02-01,2022-07-27
W001,07-101B,W001,47.0,47,15,2022-01-09,2026-01-23
W001,07-040W,W001,47.0,46,31,2022-01-03,2026-06-13
W001,07-076W,W001,47.0,46,31,2022-01-07,2025-06-19
W001,07-148Y,W001,47.0,46,1,2024-10-08,2026-06-12
invalid,25-137W,Invalid,47.0,46,4,2022-02-28,2022-07-27
W001,07-051W,W001,47.0,45,29,2022-01-03,2025-11-06
W001,07-035I,W001,47.0,40,2,2025-07-26,2026-05-21
W001,07-023X,W001,47.0,40,5,2022-01-08,2026-05-21
W001,07-050Z,W001,47.0,40,18,2022-01-02,2025-07-11
W001,07-042G,W001,47.0,40,2,2025-08-20,2026-05-26
invalid,07-008D,Invalid,47.0,47,33,2022-01-07,2022-07-19
W001,07-043B,W001,47.0,47,24,2022-01-02,2025-12-16
W001,07-095W,W001,47.0,45,3,2022-01-10,2026-02-06
W001,07-051A,W001,46.0,46,30,2022-01-04,2025-12-16
W001,07-059Z,W001,46.0,45,17,2022-01-15,2026-05-07
W001,07-147W,W001,46.0,44,22,2022-01-09,2026-05-12
W001,07-076A,W001,46.0,43,35,2022-01-07,2026-02-12
W001,07-085A,W001,46.0,41,23,2022-01-05,2026-05-13
W001,07-068W,W001,46.0,45,25,2022-01-07,2026-06-16
W001,07-071Z,W001,46.0,42,25,2022-01-07,2026-04-09
W001,07-064W,W001,46.0,42,24,2022-01-07,2026-02-25
W001,07-039Z,W001,46.0,45,30,2022-01-03,2026-02-18
W001,07-107Z,W001,46.0,45,3,2022-06-13,2024-10-08
W001,07-126A,W001,46.0,38,7,2022-01-13,2026-05-13
invalid,33-138A,Invalid,46.0,46,2,2022-01-07,2022-07-09
invalid,26-136A,Invalid,45.0,45,1,2022-04-23,2022-07-27
invalid,25-136W,Invalid,45.0,45,1,2022-01-02,2022-07-24
W001,07-135A,W001,45.0,38,9,2022-01-16,2026-05-07
invalid,32-136Z,Invalid,45.0,44,8,2022-01-05,2022-07-17
invalid,29-137C,Invalid,45.0,45,1,2022-01-03,2022-07-27
invalid,09-141C,Invalid,45.0,44,2,2022-01-03,2022-07-29
invalid,29-134X,Invalid,45.0,42,1,2022-01-04,2022-01-13
W001,07-038Z,W001,45.0,43,24,2022-01-03,2025-12-19
invalid,20-136A,Invalid,45.0,45,2,2022-01-02,2022-07-01
W001,07-091Z,W001,45.0,43,8,2022-01-07,2024-10-09
W001,07-023A,W001,45.0,45,14,2022-01-06,2025-06-19
W001,07-030B,W001,45.0,44,1,2025-07-31,2026-06-09
invalid,07-041A,Invalid,45.0,44,22,2022-01-03,2025-05-20
invalid,10-144W,Invalid,44.0,42,1,2022-01-10,2022-07-26
W001,07-097Z,W001,44.0,44,4,2022-01-04,2026-05-13
invalid,27-138Z,Invalid,44.0,42,3,2022-01-10,2022-07-27
W001,07-082A,W001,44.0,42,30,2022-01-04,2026-05-14
W001,07-094D,W001,44.0,36,11,2022-01-02,2026-06-14
invalid,24-136A,Invalid,44.0,44,9,2022-04-12,2022-07-27
W001,07-065X,W001,44.0,44,20,2022-01-02,2026-04-08
W001,07-037G,W001,44.0,42,1,2025-09-30,2026-05-02
W001,07-041D,W001,44.0,41,14,2022-01-03,2026-05-08
W001,07-036D,W001,44.0,41,25,2022-01-03,2025-12-28
W001,07-033Y,W001,44.0,43,21,2022-01-03,2026-01-29
invalid,33-136A,Invalid,43.0,42,1,2022-06-25,2022-07-04
W001,07-049B,W001,43.0,41,12,2022-01-03,2026-01-30
W001,07-024W,W001,43.0,43,24,2022-01-08,2026-06-18
invalid,07-071A,Invalid,43.0,42,17,2022-01-07,2022-08-01
W001,07-057Y,W001,43.0,41,15,2022-01-07,2026-05-12
W001,07-116Z,W001,43.0,43,18,2022-01-09,2024-10-03
invalid,26-134B,Invalid,43.0,41,1,2022-01-02,2022-07-14
W001,07-084A,W001,43.0,41,17,2022-01-07,2026-02-20
invalid,27-136A,Invalid,43.0,43,2,2022-01-11,2022-06-01
invalid,29-137D,Invalid,43.0,40,2,2022-01-06,2022-07-18
W001,07-094W,W001,43.0,42,29,2022-01-08,2022-07-26
W001,07-089W,W001,43.0,41,31,2022-01-08,2025-08-14
W001,07-129W,W001,43.0,41,8,2022-01-08,2026-02-05
W001,07-041Y,W001,43.0,33,4,2022-01-02,2026-05-21
W001,07-100A,W001,43.0,43,10,2022-01-07,2025-02-03
invalid,29-135Z,Invalid,43.0,42,2,2022-02-16,2022-06-28
W001,07-108W,W001,42.0,38,5,2022-01-04,2026-05-12
W001,07-146C,W001,42.0,38,2,2022-01-02,2026-01-07
W001,07-075D,W001,42.0,41,24,2022-01-11,2026-05-18
W001,07-079A,W001,42.0,42,27,2022-01-04,2026-02-12
W001,07-038A,W001,42.0,41,11,2022-01-02,2025-12-16
W001,07-053Y,W001,42.0,40,8,2022-01-02,2026-06-13
W001,07-029Z,W001,42.0,40,31,2022-01-03,2026-05-23
W001,07-099H,W001,42.0,31,2,2025-02-03,2026-04-08
W001,07-043D,W001,42.0,42,20,2022-01-08,2025-08-07
invalid,19-136X,Invalid,42.0,42,3,2022-01-05,2022-04-02
W001,07-087Y,W001,42.0,39,7,2022-01-02,2025-02-06
W001,07-046D,W001,42.0,39,24,2022-01-11,2026-05-13
W001,07-037Y,W001,42.0,38,12,2022-03-04,2026-02-05
W001,07-062D,W001,41.0,39,25,2022-01-05,2026-04-28
invalid,30-137D,Invalid,41.0,40,1,2022-01-22,2022-07-14
invalid,25-140Z,Invalid,41.0,40,1,2022-01-11,2022-03-17
W001,07-046A,W001,41.0,41,22,2022-01-03,2022-08-01
invalid,23-137A,Invalid,41.0,39,1,2022-06-22,2022-07-27
invalid,18-139X,Invalid,41.0,40,3,2022-02-07,2022-04-03
invalid,24-140Z,Invalid,41.0,41,9,2022-02-25,2022-07-25
W001,07-120Z,W001,41.0,40,28,2022-01-08,2024-10-31
W001,07-022Z,W001,41.0,41,36,2022-01-02,2026-03-13
W001,07-025A,W001,41.0,41,29,2022-01-03,2026-01-29
W001,07-032W,W001,41.0,30,5,2022-01-02,2026-05-12
W001,07-054A,W001,41.0,40,14,2022-01-03,2022-07-01
W001,07-031W,W001,41.0,38,17,2022-01-04,2026-05-12
invalid,32-140W,Invalid,41.0,39,2,2022-01-03,2022-02-23
invalid,22-140W,Invalid,41.0,40,1,2022-01-12,2022-07-04
W001,07-081D,W001,40.0,37,27,2022-01-06,2026-05-14
W001,07-062W,W001,40.0,35,19,2022-01-03,2026-02-12
W001,07-137Y,W001,40.0,38,22,2022-01-13,2026-01-30
invalid,24-140W,Invalid,40.0,40,3,2022-01-02,2022-07-27
W001,07-043Z,W001,40.0,34,19,2022-01-09,2025-08-23
W001,07-013Z,W001,40.0,37,19,2022-01-03,2026-02-28
W001,07-066W,W001,40.0,40,25,2022-01-04,2025-08-28
W001,07-110W,W001,40.0,37,16,2022-01-11,2026-05-21
W001,07-109Z,W001,40.0,36,25,2022-01-03,2026-05-08
W001,07-102C,W001,40.0,39,2,2022-01-05,2026-01-23
W001,07-105A,W001,39.0,32,7,2022-01-03,2025-06-25
W001,07-132D,W001,39.0,32,5,2022-01-08,2025-10-01
invalid,29-139B,Invalid,39.0,38,1,2022-01-04,2022-07-26
W001,07-061W,W001,39.0,39,15,2022-01-03,2022-07-25
W001,07-034A,W001,39.0,37,31,2022-01-05,2025-09-18
W001,07-044B,W001,39.0,35,6,2022-01-03,2026-06-10
W001,07-104A,W001,39.0,38,25,2022-01-08,2026-04-08
W001,07-032A,W001,39.0,39,28,2022-01-02,2026-01-29
W001,07-063D,W001,39.0,37,18,2022-01-04,2022-07-02
W001,07-090W,W001,39.0,39,28,2022-01-07,2025-03-03
W001,07-117Z,W001,39.0,37,3,2022-06-13,2026-06-13
invalid,07-017A,Invalid,39.0,39,18,2022-01-02,2022-07-26
W001,07-027X,W001,39.0,37,2,2024-10-06,2026-06-12
invalid,33-135A,Invalid,39.0,39,2,2022-01-07,2022-07-23
W001,07-094Z,W001,39.0,39,22,2022-01-07,2026-04-08
W001,07-099A,W001,39.0,36,18,2022-01-02,2026-02-05
invalid,18-134Z,Invalid,39.0,38,2,2022-04-05,2022-07-12
invalid,07-018D,Invalid,39.0,38,26,2022-01-03,2022-08-01
W001,07-121W,W001,39.0,39,29,2022-01-08,2024-10-03
W001,07-032X,W001,39.0,30,5,2022-07-20,2026-05-12
invalid,17-043Z,Invalid,39.0,38,2,2022-04-23,2023-02-28
W001,07-035A,W001,39.0,39,30,2022-01-04,2022-06-30
W001,07-120A,W001,39.0,38,9,2022-01-03,2026-03-20
W001,07-058W,W001,39.0,39,29,2022-01-02,2026-05-21
invalid,28-140X,Invalid,39.0,35,1,2022-01-02,2022-01-17
invalid,07-010B,Invalid,38.0,37,22,2022-01-03,2022-07-31
invalid,26-140Z,Invalid,38.0,38,1,2022-05-22,2022-07-26
invalid,28-135Z,Invalid,38.0,38,3,2022-01-03,2022-07-22
W001,07-099Z,W001,38.0,38,21,2022-01-06,2026-02-05
W001,07-079Z,W001,38.0,38,24,2022-01-03,2025-06-02
W001,07-108Z,W001,38.0,34,22,2022-01-10,2026-05-13
W001,07-121A,W001,38.0,36,19,2022-01-02,2024-10-14
W001,07-154C,W001,38.0,30,2,2024-10-08,2026-05-13
W001,07-095D,W001,38.0,31,18,2022-01-05,2026-01-30
invalid,07-040D,Invalid,38.0,38,28,2022-01-02,2022-07-01
invalid,07-007D,Invalid,38.0,31,2,2022-01-03,2022-07-27
invalid,12-030A,Invalid,38.0,38,15,2022-04-23,2022-11-28
W001,07-141D,W001,38.0,38,26,2022-01-09,2026-05-12
invalid,22-135D,Invalid,38.0,35,3,2022-03-13,2022-07-27
invalid,27-137A,Invalid,38.0,38,2,2022-04-10,2022-07-18
W001,07-083D,W001,37.0,36,19,2022-01-09,2026-02-20
W001,07-085W,W001,37.0,37,30,2022-01-07,2025-05-01
invalid,21-135A,Invalid,37.0,37,1,2022-04-07,2022-07-18
W001,07-042W,W001,37.0,36,9,2022-01-06,2026-02-12
W001,07-055A,W001,37.0,36,26,2022-01-07,2025-12-16
W001,07-051Z,W001,37.0,37,25,2022-01-07,2024-10-08
invalid,21-135Z,Invalid,37.0,37,1,2022-04-09,2022-07-26
W001,07-056A,W001,37.0,35,18,2022-01-05,2025-10-01
W001,07-097H,W001,37.0,23,2,2025-01-02,2026-05-12
W001,07-042Y,W001,37.0,31,4,2022-01-03,2026-05-14
W001,07-080A,W001,37.0,33,24,2022-01-03,2026-05-14
W001,07-117C,W001,37.0,24,2,2022-07-20,2026-02-12
W001,07-034B,W001,37.0,36,25,2022-01-03,2026-01-29
W001,07-036Z,W001,36.0,35,21,2022-01-03,2026-02-18
W001,07-028W,W001,36.0,35,19,2022-01-06,2025-06-02
W001,07-025Y,W001,36.0,32,4,2022-03-18,2026-02-25
invalid,10-144A,Invalid,36.0,35,10,2022-01-02,2022-07-28
invalid,07-071D,Invalid,36.0,36,26,2022-01-03,2025-05-07
W001,07-154D,W001,36.0,31,2,2024-10-08,2026-05-13
invalid,07-071B,Invalid,36.0,36,28,2022-01-05,2025-02-05
W001,07-120H,W001,36.0,29,3,2025-01-02,2026-02-05
W001,07-134W,W001,36.0,33,14,2022-01-16,2026-06-18
W001,07-119X,W001,36.0,33,4,2022-01-03,2025-12-16
invalid,28-139Z,Invalid,36.0,36,1,2022-05-30,2022-06-03
W001,07-081A,W001,36.0,33,12,2022-01-02,2026-05-14
invalid,23-138Z,Invalid,36.0,35,1,2022-02-14,2022-03-17
W001,07-091Y,W001,36.0,35,22,2022-01-05,2025-03-28
W001,07-130A,W001,36.0,36,9,2022-01-09,2026-02-05
invalid,32-135W,Invalid,35.0,35,6,2022-01-03,2022-07-16
W001,07-001Z,W001,35.0,35,27,2022-01-02,2024-10-08
invalid,26-139Z,Invalid,35.0,34,1,2022-05-08,2022-07-27
W001,07-039D,W001,35.0,35,27,2022-01-30,2025-12-28
invalid,32-140Y,Invalid,35.0,34,1,2022-01-04,2022-07-23
W001,07-087Z,W001,35.0,35,15,2022-01-06,2025-02-06
W001,07-090A,W001,35.0,35,27,2022-01-08,2022-06-13
W001,07-043A,W001,35.0,33,20,2022-01-02,2025-10-01
invalid,07-002D,Invalid,35.0,35,29,2022-01-03,2022-07-19
invalid,07-010C,Invalid,35.0,34,2,2022-01-03,2022-08-01
W001,07-049A,W001,35.0,32,10,2022-01-09,2026-05-08
W001,07-096Z,W001,35.0,35,25,2022-01-07,2025-05-01
W001,07-101Z,W001,34.0,27,13,2022-01-09,2026-02-05
W001,07-026C,W001,34.0,29,2,2024-12-26,2026-06-10
W001,07-103A,W001,34.0,30,5,2022-01-07,2026-04-08
W001,07-088B,W001,34.0,34,17,2022-01-07,2022-07-10
W001,07-062A,W001,34.0,34,25,2022-01-06,2025-04-25
invalid,21-140A,Invalid,34.0,34,1,2022-01-05,2022-02-26
W001,07-045A,W001,34.0,28,10,2022-01-03,2026-05-01
W001,07-037A,W001,34.0,33,26,2022-01-02,2022-07-01
W001,07-046Y,W001,34.0,32,17,2022-01-02,2025-08-23
W001,07-088W,W001,34.0,34,28,2022-01-06,2025-05-01
W001,07-113G,W001,34.0,29,2,2024-12-09,2026-05-08
invalid,07-012D,Invalid,34.0,33,22,2022-01-09,2022-02-26
W001,07-056W,W001,34.0,31,14,2022-01-07,2026-05-23
W001,07-037D,W001,34.0,27,12,2022-01-14,2026-05-08
invalid,24-139Z,Invalid,33.0,33,5,2022-04-23,2022-07-27
W001,07-035F,W001,33.0,26,2,2025-09-10,2026-05-12
W001,07-113D,W001,33.0,31,4,2022-01-02,2025-08-28
invalid,07-142D,Invalid,33.0,33,1,2022-01-09,2022-07-08
invalid,07-142A,Invalid,33.0,33,20,2022-01-09,2022-07-03
W001,07-097B,W001,33.0,33,11,2022-01-07,2022-07-17
W001,07-103D,W001,33.0,26,10,2022-01-06,2026-01-30
W001,07-054D,W001,33.0,33,24,2022-01-07,2025-05-01
invalid,07-018B,Invalid,33.0,33,12,2022-01-03,2022-07-15
invalid,18-135A,Invalid,33.0,32,1,2022-04-23,2022-07-19
W001,07-041W,W001,33.0,28,6,2022-01-02,2026-05-23
W001,07-110H,W001,33.0,26,2,2025-02-05,2026-03-13
W001,07-138Y,W001,33.0,28,2,2022-07-12,2026-06-12
W001,07-035B,W001,32.0,31,14,2022-01-02,2026-06-18
W001,07-104Z,W001,32.0,31,3,2022-01-07,2024-10-14
W001,07-119D,W001,32.0,32,5,2022-01-08,2026-06-10
W001,07-074Z,W001,32.0,32,9,2022-01-03,2025-04-28
W001,07-048A,W001,32.0,31,26,2022-01-23,2025-05-01
W001,07-148B,W001,32.0,20,2,2024-10-08,2026-04-11
W001,07-096D,W001,32.0,26,20,2022-01-07,2026-05-08
invalid,07-006A,Invalid,32.0,32,30,2022-01-03,2022-07-22
invalid,32-138A,Invalid,32.0,32,8,2022-01-02,2022-06-28
W001,07-044A,W001,32.0,32,24,2022-01-06,2025-08-01
W001,07-141A,W001,32.0,25,11,2022-01-03,2026-05-12
W001,07-065W,W001,31.0,27,18,2022-01-03,2026-06-10
invalid,31-136D,Invalid,31.0,31,1,2022-04-13,2022-05-28
W001,07-078W,W001,31.0,31,16,2022-01-05,2026-02-12
W001,07-101H,W001,31.0,25,2,2025-02-03,2026-04-08
invalid,28-138A,Invalid,31.0,30,2,2022-01-03,2022-06-06
invalid,09-141A,Invalid,31.0,31,14,2022-01-10,2022-06-01
invalid,23-138D,Invalid,31.0,31,2,2022-01-03,2022-05-06
W001,07-039A,W001,31.0,29,21,2022-01-02,2026-03-12
W001,07-116A,W001,31.0,30,7,2022-01-03,2024-10-14
invalid,20-136Y,Invalid,31.0,31,2,2022-04-25,2022-07-28
W001,07-077A,W001,30.0,30,28,2022-01-02,2025-12-28
invalid,33-138D,Invalid,30.0,28,2,2022-01-07,2022-04-07
W001,07-026G,W001,30.0,27,1,2026-02-05,2026-06-11
invalid,27-138Y,Invalid,30.0,29,2,2022-01-09,2022-04-28
W001,07-036W,W001,30.0,28,14,2022-01-23,2026-01-23
W001,07-118I,W001,30.0,22,1,2025-09-25,2026-03-13
W001,07-079D,W001,30.0,28,17,2022-01-03,2026-05-14
W001,07-103W,W001,30.0,29,8,2022-02-24,2024-10-14
invalid,28-135X,Invalid,30.0,30,1,2022-01-05,2022-07-20
invalid,28-134A,Invalid,30.0,29,1,2022-06-25,2022-07-01
W001,07-063W,W001,30.0,30,22,2022-01-06,2025-05-07
W001,07-055W,W001,30.0,30,17,2022-01-05,2026-05-21
W001,07-135Z,W001,30.0,28,14,2022-01-16,2024-10-08
W001,07-066A,W001,30.0,30,22,2022-01-12,2022-06-30
invalid,31-135Z,Invalid,30.0,29,2,2022-05-29,2022-06-30
W001,07-119A,W001,30.0,30,18,2022-01-05,2026-05-12
W001,07-042A,W001,30.0,29,11,2022-01-03,2025-10-01
W001,07-022Y,W001,30.0,27,16,2022-01-03,2026-04-09
invalid,07-020B,Invalid,30.0,30,25,2022-01-03,2022-07-27
W001,07-077Y,W001,29.0,29,18,2022-01-07,2025-11-21
W001,07-119E,W001,29.0,22,2,2024-11-18,2026-02-18
invalid,23-134D,Invalid,29.0,29,1,2022-02-22,2022-07-05
W001,07-105H,W001,29.0,24,2,2025-02-03,2026-04-08
W001,07-076H,W001,29.0,20,3,2024-12-11,2026-06-17
invalid,07-004D,Invalid,29.0,29,24,2022-04-12,2022-07-31
W001,07-129Y,W001,29.0,23,2,2022-01-20,2026-03-13
W001,07-082D,W001,29.0,26,4,2022-01-07,2026-06-17
W001,07-067Y,W001,29.0,28,5,2022-01-07,2025-06-02
W001,07-118A,W001,29.0,29,4,2022-01-03,2026-02-25
W001,07-063X,W001,29.0,29,2,2022-01-02,2022-07-27
invalid,25-135D,Invalid,29.0,29,1,2022-01-03,2022-01-05
W001,07-092Z,W001,29.0,29,18,2022-01-06,2024-10-10
W001,07-029E,W001,29.0,26,1,2026-01-07,2026-06-05
invalid,29-140W,Invalid,29.0,22,2,2022-02-15,2022-07-26
W001,07-073Z,W001,29.0,28,6,2022-01-03,2025-05-07
W001,07-126E,W001,29.0,19,2,2024-12-09,2026-05-20
W001,07-150Z,W001,29.0,19,1,2024-10-14,2026-03-12
W001,07-077D,W001,29.0,29,4,2022-01-07,2025-02-05
invalid,25-138W,Invalid,28.0,28,2,2022-01-14,2022-06-16
invalid,07-019B,Invalid,28.0,28,16,2022-01-07,2022-04-01
invalid,07-017D,Invalid,28.0,28,22,2022-01-03,2022-07-12
invalid,10-142W,Invalid,28.0,28,5,2022-01-11,2022-05-27
invalid,20-134A,Invalid,28.0,28,1,2022-06-27,2022-07-23
invalid,07-006B,Invalid,28.0,26,7,2022-01-03,2022-05-24
W001,07-094C,W001,28.0,28,2,2022-01-03,2026-04-08
invalid,31-136Y,Invalid,28.0,28,1,2022-02-20,2022-03-27
invalid,19-135A,Invalid,28.0,28,1,2022-04-07,2022-05-30
W001,07-044D,W001,28.0,28,20,2022-01-12,2025-12-28
W001,07-144Y,W001,28.0,26,6,2022-01-02,2026-02-18
W001,07-035Z,W001,28.0,28,17,2022-01-08,2022-07-23
invalid,30-140D,Invalid,28.0,26,1,2022-01-12,2022-07-05
invalid,29-135A,Invalid,28.0,27,1,2022-01-02,2022-01-04
W001,07-101D,W001,28.0,28,26,2022-01-07,2022-07-25
W001,07-115W,W001,28.0,25,2,2022-01-10,2026-02-18
W001,07-124A,W001,28.0,21,5,2022-01-10,2026-02-18
W001,07-084Z,W001,27.0,21,8,2022-01-03,2026-06-10
invalid,07-015D,Invalid,27.0,27,21,2022-01-06,2022-07-31
W001,07-022A,W001,27.0,25,11,2022-06-04,2026-05-08
W001,07-072D,W001,27.0,25,23,2022-01-02,2025-09-18
W001,07-146X,W001,27.0,26,16,2022-01-05,2025-11-25
W001,07-137X,W001,27.0,24,9,2022-01-02,2024-10-14
W001,07-151X,W001,27.0,26,1,2024-10-08,2026-06-14
W001,07-091D,W001,27.0,27,24,2022-01-02,2022-07-01
W001,07-102Y,W001,27.0,25,8,2022-01-03,2025-06-25
W001,07-100W,W001,27.0,27,18,2022-01-02,2024-10-14
W001,07-130I,W001,27.0,19,2,2025-07-22,2026-05-14
W001,07-154B,W001,27.0,17,1,2025-01-27,2026-03-12
W001,07-128X,W001,27.0,26,2,2022-01-07,2026-03-13
W001,07-132Z,W001,27.0,27,24,2022-01-03,2024-10-08
W001,07-057A,W001,27.0,26,19,2022-01-03,2022-07-01
W001,07-145G,W001,27.0,17,2,2025-07-31,2026-06-12
W001,07-073A,W001,27.0,25,18,2022-01-05,2025-06-25
W001,07-136A,W001,26.0,26,15,2022-01-10,2024-10-08
invalid,31-138W,Invalid,26.0,26,4,2022-01-03,2022-03-01
W001,07-141E,W001,26.0,26,1,2025-01-27,2026-06-12
W001,07-068Y,W001,26.0,26,16,2022-01-06,2025-08-14
W001,07-111W,W001,26.0,23,11,2022-01-02,2025-04-11
W001,07-067A,W001,26.0,26,22,2022-01-03,2022-07-22
W001,07-093A,W001,26.0,26,5,2022-01-06,2025-08-14
W001,07-150I,W001,26.0,20,1,2025-07-15,2026-04-15
W001,07-060D,W001,26.0,24,1,2025-07-31,2026-06-07
invalid,07-147D,Invalid,26.0,24,10,2022-01-02,2024-12-09
W001,07-067D,W001,26.0,25,4,2022-01-02,2026-05-31
W001,07-131A,W001,26.0,22,2,2022-07-13,2025-08-14
W001,07-085D,W001,26.0,22,10,2022-01-09,2026-04-08
W001,07-066Z,W001,26.0,26,9,2022-01-06,2025-06-02
invalid,33-139B,Invalid,26.0,26,1,2022-01-03,2022-07-14
W001,07-087D,W001,26.0,24,17,2022-02-06,2026-05-08
invalid,32-140D,Invalid,25.0,25,1,2022-07-09,2022-07-20
invalid,30-139C,Invalid,25.0,25,1,2022-01-02,2022-07-24
W001,07-112Z,W001,25.0,25,16,2022-01-07,2024-10-08
W001,07-084H,W001,25.0,18,2,2025-01-02,2026-05-21
W001,07-096Y,W001,25.0,25,4,2022-01-08,2026-05-13
invalid,18-137Z,Invalid,25.0,25,1,2022-04-08,2022-04-13
W001,07-149H,W001,25.0,20,2,2025-01-20,2026-06-13
W001,07-094H,W001,25.0,16,2,2025-02-03,2026-05-13
W001,07-085Z,W001,25.0,24,6,2022-01-06,2025-05-01
invalid,08-112Z,Invalid,25.0,25,14,2022-01-04,2023-02-19
W001,07-144W,W001,25.0,24,19,2022-01-02,2025-11-25
invalid,07-013D,Invalid,25.0,22,2,2022-01-03,2022-07-27
W001,07-095H,W001,25.0,18,2,2025-01-02,2026-05-13
W001,07-080Z,W001,25.0,25,10,2022-01-10,2026-04-08
W001,07-116G,W001,25.0,24,1,2025-07-31,2026-06-16
W001,07-152Z,W001,25.0,18,1,2025-01-27,2026-03-12
invalid,18-140Z,Invalid,25.0,25,1,2022-04-03,2022-04-25
W001,07-137E,W001,24.0,17,2,2024-11-18,2026-05-13
W001,07-077W,W001,24.0,20,4,2022-01-07,2026-06-17
W001,07-118Z,W001,24.0,20,4,2022-01-02,2026-04-08
W001,07-081W,W001,24.0,23,16,2022-01-09,2025-05-01
W001,07-152F,W001,24.0,16,1,2025-09-27,2026-03-13
W001,07-056D,W001,24.0,22,7,2022-02-25,2026-05-08
W001,07-102A,W001,24.0,22,7,2022-01-05,2025-08-14
W001,07-123W,W001,24.0,22,3,2022-01-08,2025-11-25
W001,07-106A,W001,24.0,23,16,2022-02-03,2026-05-13
W001,07-114G,W001,24.0,18,2,2025-01-02,2026-05-12
W001,07-042I,W001,24.0,22,2,2025-07-29,2026-04-09
W001,07-022W,W001,24.0,24,18,2022-01-06,2025-11-21
W001,07-097D,W001,24.0,24,2,2022-01-07,2022-07-28
W001,07-153X,W001,24.0,17,1,2024-10-14,2026-02-13
W001,07-144D,W001,24.0,16,4,2022-03-13,2026-02-12
W001,07-084Y,W001,24.0,23,10,2022-01-07,2025-08-14
W001,07-087A,W001,24.0,21,12,2022-01-17,2022-07-28
W001,07-096H,W001,24.0,15,2,2025-01-02,2026-05-21
W001,07-091A,W001,24.0,23,7,2022-01-08,2022-08-02
W001,07-070D,W001,24.0,24,14,2022-01-06,2025-09-30
invalid,07-074H,Invalid,23.0,20,1,2024-12-11,2025-06-16
W001,07-087H,W001,23.0,18,1,2025-01-02,2025-07-22
W001,07-027A,W001,23.0,23,17,2022-01-07,2025-05-01
W001,07-131I,W001,23.0,19,2,2025-08-01,2026-06-14
W001,07-066X,W001,23.0,21,12,2022-01-02,2026-04-08
W001,07-035E,W001,23.0,12,2,2025-12-16,2026-05-13
W001,07-152H,W001,23.0,15,2,2025-01-02,2026-04-09
W001,07-027Y,W001,23.0,22,4,2022-01-02,2025-06-02
invalid,27-135A,Invalid,23.0,23,2,2022-04-07,2022-07-23
W001,07-128I,W001,23.0,20,2,2025-07-31,2026-06-15
invalid,09-141X,Invalid,23.0,22,14,2022-01-02,2022-07-27
W001,07-060G,W001,22.0,17,2,2025-09-30,2026-05-23
W001,07-035G,W001,22.0,21,1,2025-08-17,2026-02-25
invalid,31-138C,Invalid,22.0,22,1,2022-01-03,2022-01-12
W001,07-116Y,W001,22.0,21,2,2022-01-05,2025-11-25
W001,07-098W,W001,22.0,22,11,2022-01-07,2026-04-08
invalid,27-135Z,Invalid,22.0,22,2,2022-04-09,2022-07-26
invalid,10-147D,Invalid,22.0,22,1,2022-01-06,2022-07-26
W001,07-077C,W001,22.0,22,1,2022-01-02,2022-07-16
W001,07-137B,W001,22.0,22,8,2022-01-03,2024-10-08
W001,07-058A,W001,22.0,21,11,2022-01-06,2025-04-25
invalid,07-019D,Invalid,22.0,22,19,2022-01-02,2022-02-27
W001,07-084G,W001,22.0,17,2,2025-01-02,2026-03-12
invalid,24-136Z,Invalid,22.0,22,10,2022-04-12,2022-06-19
invalid,29-136X,Invalid,22.0,18,1,2022-01-05,2022-07-26
invalid,05-005Y,Invalid,22.0,22,1,2022-01-02,2022-01-03
W001,07-053X,W001,22.0,21,8,2022-01-07,2025-06-10
W001,07-113I,W001,22.0,17,1,2025-09-25,2026-03-12
W001,07-080W,W001,22.0,22,21,2022-01-07,2022-06-07
W001,07-079F,W001,22.0,17,2,2025-09-26,2026-06-09
W001,07-138Z,W001,21.0,11,2,2022-07-21,2026-03-12
invalid,24-140A,Invalid,21.0,21,11,2022-04-12,2022-07-26
W001,07-115Y,W001,21.0,21,6,2022-02-21,2024-10-08
invalid,07-108A,Invalid,21.0,18,5,2022-01-31,2025-05-07
W001,07-113Y,W001,21.0,20,9,2022-01-04,2026-05-14
W001,07-150H,W001,21.0,15,1,2025-02-12,2026-03-13
W001,07-088D,W001,21.0,21,4,2022-02-24,2025-05-12
W001,07-133D,W001,21.0,16,3,2022-07-22,2026-02-20
invalid,07-005B,Invalid,21.0,21,11,2022-05-10,2022-08-01
W001,07-128D,W001,21.0,14,4,2022-07-22,2026-05-08
invalid,18-134A,Invalid,21.0,21,1,2022-04-02,2022-04-08
W001,07-055G,W001,21.0,13,2,2025-09-25,2026-05-07
W001,07-069A,W001,21.0,17,7,2022-06-08,2026-05-14
W001,07-138E,W001,21.0,14,2,2024-11-18,2026-05-13
invalid,21-139Z,Invalid,21.0,21,2,2022-03-05,2022-05-30
invalid,31-136A,Invalid,21.0,21,6,2022-01-03,2022-07-11
W001,07-023D,W001,21.0,21,8,2022-01-06,2026-01-29
invalid,10-141Z,Invalid,21.0,20,7,2022-01-12,2022-02-02
W001,07-149G,W001,21.0,18,1,2025-04-25,2026-06-18
W001,07-034Z,W001,21.0,21,13,2022-02-16,2022-07-02
W001,07-035D,W001,21.0,13,4,2022-06-07,2026-03-12
W001,07-049E,W001,20.0,15,2,2025-09-30,2026-05-23
W001,07-062Y,W001,20.0,18,8,2022-02-06,2025-05-07
W001,07-027F,W001,20.0,18,1,2025-09-27,2026-06-18
invalid,10-145Z,Invalid,20.0,20,9,2022-01-12,2022-05-29
W001,07-031Z,W001,20.0,19,8,2022-06-04,2026-05-12
W001,07-032G,W001,20.0,14,2,2025-08-23,2026-05-14
W001,07-095E,W001,20.0,14,2,2025-05-01,2026-02-05
W001,07-076Z,W001,20.0,20,14,2022-01-06,2025-11-25
W001,07-132E,W001,20.0,12,1,2024-11-18,2026-02-10
invalid,07-071C,Invalid,20.0,18,6,2022-01-07,2025-06-25
invalid,20-138B,Invalid,20.0,20,1,2022-04-14,2022-07-26
W001,07-087X,W001,20.0,20,2,2022-01-06,2026-05-14
W001,07-122I,W001,20.0,17,1,2025-09-27,2026-06-15
W001,07-129G,W001,20.0,14,2,2025-05-01,2026-05-12
invalid,08-109Y,Invalid,20.0,19,11,2022-01-10,2022-03-09
invalid,09-147B,Invalid,20.0,16,1,2022-01-05,2022-07-14
invalid,10-146Z,Invalid,20.0,19,2,2022-01-12,2022-06-04
W001,07-078D,W001,20.0,20,8,2022-01-09,2026-05-13
W001,07-057Z,W001,20.0,18,14,2022-01-11,2026-05-21
invalid,21-137Z,Invalid,20.0,18,1,2022-05-22,2022-06-04
W001,07-054I,W001,20.0,18,2,2025-09-25,2026-05-13
W001,07-099W,W001,20.0,18,9,2022-01-02,2024-10-14
W001,07-124F,W001,20.0,18,2,2025-07-18,2026-06-01
W001,07-037I,W001,20.0,18,2,2025-11-21,2026-05-14
W001,07-061H,W001,20.0,12,2,2025-09-25,2026-05-21
W001,07-024Y,W001,19.0,15,5,2022-07-12,2026-05-13
W001,07-119G,W001,19.0,14,1,2025-07-31,2026-06-12
invalid,07-010D,Invalid,19.0,19,11,2022-01-03,2022-02-26
W001,07-077Z,W001,19.0,19,9,2022-01-02,2024-10-08
W001,07-067Z,W001,19.0,18,7,2022-01-05,2025-02-03
W001,07-084I,W001,19.0,11,2,2025-06-02,2026-05-14
W001,07-129I,W001,19.0,11,3,2025-08-01,2026-05-21
W001,07-089I,W001,19.0,16,2,2025-06-25,2026-04-08
W001,07-133X,W001,19.0,13,2,2022-01-28,2026-02-28
W001,07-065A,W001,19.0,19,10,2022-01-02,2026-06-18
W001,07-086W,W001,19.0,19,11,2022-01-03,2022-07-22
W001,07-053W,W001,19.0,19,16,2022-01-07,2022-02-25
invalid,26-139Y,Invalid,19.0,15,1,2022-04-23,2022-07-24
W001,07-136F,W001,19.0,18,2,2025-08-14,2026-03-12
W001,07-125H,W001,19.0,15,2,2024-12-09,2026-05-08
W001,07-057D,W001,19.0,19,13,2022-01-07,2025-05-01
invalid,07-006D,Invalid,18.0,18,10,2022-04-25,2022-08-02
W001,07-122Z,W001,18.0,14,8,2022-01-02,2026-03-13
W001,07-083F,W001,18.0,15,2,2025-01-27,2026-05-14
W001,07-140Z,W001,18.0,17,10,2022-01-24,2025-12-16
invalid,07-009B,Invalid,18.0,18,6,2022-01-03,2022-07-18
W001,07-101I,W001,18.0,17,1,2025-07-31,2026-06-18
W001,07-110I,W001,18.0,15,1,2025-09-25,2026-02-12
W001,07-081Z,W001,18.0,18,5,2022-01-18,2024-10-08
W001,07-082Z,W001,18.0,18,16,2022-01-10,2025-02-06
W001,07-082H,W001,18.0,15,2,2025-01-20,2025-09-30
W001,07-137Z,W001,18.0,18,3,2022-01-10,2026-02-05
W001,07-098F,W001,18.0,13,2,2025-01-02,2026-05-13
invalid,07-012A,Invalid,18.0,18,10,2022-06-04,2022-07-23
W001,07-086H,W001,18.0,18,2,2024-12-09,2026-06-18
W001,07-071F,W001,18.0,12,2,2024-12-09,2026-06-17
invalid,30-138A,Invalid,18.0,18,1,2022-06-25,2022-07-13
W001,07-055D,W001,18.0,15,2,2022-01-08,2026-02-12
W001,07-050F,W001,18.0,13,2,2025-08-28,2025-11-06
invalid,21-136Z,Invalid,18.0,18,1,2022-04-05,2022-05-04
W001,07-149I,W001,18.0,18,1,2025-11-25,2026-06-03
invalid,24-137C,Invalid,18.0,18,1,2022-07-04,2022-07-25
W001,07-092D,W001,18.0,18,8,2022-01-13,2025-02-06
invalid,25-139Z,Invalid,18.0,18,1,2022-01-03,2022-03-06
W001,07-061G,W001,17.0,13,2,2025-09-30,2026-05-23
W001,07-134I,W001,17.0,11,2,2025-07-31,2026-05-13
invalid,24-134A,Invalid,17.0,17,7,2022-04-22,2022-07-22
W001,07-122E,W001,17.0,12,3,2025-01-02,2026-02-18
W001,07-092F,W001,17.0,15,2,2025-02-03,2026-02-06
W001,07-103E,W001,17.0,13,2,2025-03-11,2026-01-23
W001,07-140G,W001,17.0,16,2,2025-04-25,2026-05-23
W001,07-140E,W001,17.0,11,1,2024-11-18,2026-05-28
W001,07-086A,W001,17.0,17,10,2022-01-07,2022-07-23
W001,07-082E,W001,17.0,10,1,2025-05-01,2026-02-10
W001,07-053I,W001,17.0,11,1,2025-09-26,2026-06-10
W001,07-059G,W001,17.0,13,2,2025-09-30,2026-05-23
W001,07-057B,W001,17.0,17,10,2022-02-05,2025-05-01
W001,07-042F,W001,17.0,13,2,2025-08-28,2026-05-23
W001,07-143H,W001,17.0,14,1,2025-02-05,2026-02-05
W001,07-095X,W001,17.0,14,6,2022-01-07,2026-05-21
W001,07-058D,W001,17.0,17,7,2022-01-06,2025-08-23
W001,07-078Z,W001,17.0,16,5,2022-01-06,2025-04-28
W001,07-031I,W001,17.0,17,2,2025-08-12,2026-05-13
W001,07-039I,W001,17.0,14,2,2025-11-08,2026-05-08
W001,07-141C,W001,16.0,15,4,2022-05-02,2026-01-29
W001,07-021Z,W001,16.0,15,11,2022-05-23,2026-05-12
W001,07-072Z,W001,16.0,16,10,2022-01-02,2025-02-12
W001,07-073H,W001,16.0,15,1,2024-12-09,2026-04-18
invalid,27-135C,Invalid,16.0,15,1,2022-01-03,2022-07-19
W001,07-133E,W001,16.0,12,2,2024-11-18,2025-09-27
W001,07-077B,W001,16.0,16,3,2022-01-03,2025-02-05
invalid,07-001D,Invalid,16.0,16,2,2022-01-03,2022-07-13
W001,07-135I,W001,16.0,10,1,2025-07-31,2026-03-12
invalid,09-146C,Invalid,16.0,16,2,2022-01-05,2022-07-28
W001,07-112W,W001,16.0,16,14,2022-01-06,2024-10-08
W001,07-130E,W001,16.0,11,2,2024-11-18,2026-05-23
invalid,07-017B,Invalid,16.0,16,8,2022-01-03,2022-07-22
W001,07-153B,W001,16.0,14,1,2024-10-08,2026-06-16
W001,07-139Z,W001,16.0,11,2,2022-07-27,2026-02-12
W001,07-029G,W001,16.0,12,2,2025-08-10,2026-05-23
W001,07-058G,W001,16.0,10,2,2025-09-30,2026-05-23
W001,07-022F,W001,16.0,11,2,2025-08-23,2026-05-21
W001,07-094E,W001,16.0,11,2,2025-03-11,2026-01-07
invalid,20-053W,Invalid,16.0,16,1,2022-04-21,2022-05-02
W001,07-111F,W001,16.0,12,1,2025-02-06,2026-04-08
invalid,25-135C,Invalid,16.0,16,2,2022-01-04,2022-07-27
invalid,09-142Z,Invalid,16.0,15,2,2022-01-08,2022-07-28
W001,07-056H,W001,16.0,10,1,2025-09-26,2025-11-06
W001,07-104E,W001,16.0,14,1,2025-05-01,2026-06-18
W001,07-045Y,W001,16.0,15,1,2025-01-02,2026-02-25
W001,07-092E,W001,16.0,10,1,2025-05-01,2026-01-23
invalid,18-137A,Invalid,16.0,16,1,2022-04-03,2022-04-27
invalid,25-138Z,Invalid,16.0,16,2,2022-01-04,2022-07-27
W001,07-049D,W001,16.0,15,7,2022-01-02,2026-05-12
invalid,33-139A,Invalid,16.0,16,1,2022-06-25,2022-06-28
W001,07-090E,W001,15.0,12,1,2025-05-01,2026-02-12
invalid,07-147H,Invalid,15.0,12,1,2024-12-09,2025-06-02
W001,07-130F,W001,15.0,11,3,2025-03-11,2026-05-23
W001,07-070A,W001,15.0,15,6,2022-01-09,2022-07-04
W001,07-090Z,W001,15.0,14,10,2022-01-08,2026-05-28
W001,07-054H,W001,15.0,11,1,2025-09-25,2025-11-06
W001,07-091E,W001,15.0,12,1,2025-05-01,2026-02-12
invalid,24-139A,Invalid,15.0,15,10,2022-01-04,2022-07-23
invalid,24-138Z,Invalid,15.0,15,5,2022-01-09,2022-05-22
invalid,10-143W,Invalid,15.0,15,1,2022-01-26,2022-07-14
invalid,07-077H,Invalid,15.0,10,1,2025-01-20,2025-05-28
W001,07-089E,W001,15.0,13,2,2025-03-12,2026-06-10
W001,07-150W,W001,15.0,14,1,2024-10-08,2026-06-10
W001,07-064D,W001,15.0,9,3,2022-07-21,2026-03-26
W001,07-045E,W001,15.0,11,2,2025-07-31,2026-05-12
invalid,27-137Z,Invalid,15.0,15,2,2022-01-10,2022-04-29
invalid,24-135Z,Invalid,15.0,14,14,2022-01-21,2022-07-27
W001,07-154A,W001,15.0,11,1,2025-01-27,2026-02-13
W001,07-091W,W001,15.0,14,6,2022-02-08,2026-05-13
invalid,07-009A,Invalid,15.0,15,13,2022-06-04,2022-07-11
W001,07-083Z,W001,15.0,15,11,2022-02-11,2025-03-03
W001,07-057W,W001,15.0,11,2,2022-06-10,2026-02-28
invalid,07-003D,Invalid,15.0,14,9,2022-01-03,2022-07-25
invalid,30-137C,Invalid,15.0,13,1,2022-01-10,2022-01-17
W001,07-100E,W001,15.0,8,1,2025-05-01,2026-02-10
invalid,31-140A,Invalid,15.0,15,1,2022-02-10,2022-04-21
W001,07-075Z,W001,15.0,15,13,2022-02-11,2024-10-09
W001,07-076G,W001,15.0,10,2,2025-03-28,2026-05-12
W001,07-024C,W001,15.0,14,6,2022-01-18,2025-05-01
W001,07-076D,W001,15.0,12,6,2022-06-07,2026-02-06
W001,07-068G,W001,15.0,11,2,2025-09-30,2026-05-23
W001,07-030Y,W001,14.0,14,4,2022-01-04,2022-07-27
W001,07-022E,W001,14.0,13,1,2025-09-04,2026-06-17
W001,07-028F,W001,14.0,14,1,2026-03-14,2026-06-03
invalid,24-138A,Invalid,14.0,14,10,2022-01-21,2022-07-23
invalid,25-135W,Invalid,14.0,14,1,2022-03-10,2022-07-15
W001,07-044E,W001,14.0,10,3,2025-07-31,2026-05-08
W001,07-115Z,W001,14.0,13,6,2022-01-12,2024-10-08
W001,07-088Z,W001,14.0,14,13,2022-01-09,2024-10-09
W001,07-034G,W001,14.0,8,2,2025-09-25,2026-05-12
W001,07-064Y,W001,14.0,12,2,2022-02-27,2022-07-25
W001,07-126G,W001,14.0,10,2,2025-07-11,2026-05-21
W001,07-124I,W001,14.0,13,1,2025-09-25,2026-02-05
W001,07-099I,W001,14.0,13,2,2025-08-14,2026-02-05
W001,07-059X,W001,14.0,13,6,2022-01-07,2026-02-05
W001,07-150X,W001,14.0,13,1,2024-10-08,2026-06-12
W001,07-024I,W001,14.0,9,2,2026-01-02,2026-05-12
W001,07-130Z,W001,14.0,14,10,2022-01-10,2024-10-03
W001,07-083A,W001,14.0,14,12,2022-01-03,2025-08-28
W001,07-111A,W001,14.0,14,9,2022-01-04,2024-10-08
W001,07-054F,W001,13.0,8,1,2025-09-26,2026-05-28
W001,07-115D,W001,13.0,11,6,2022-01-07,2026-02-12
W001,07-097G,W001,13.0,11,2,2024-12-09,2026-05-21
W001,07-031A,W001,13.0,12,12,2022-06-04,2025-05-01
W001,07-039H,W001,13.0,13,1,2026-03-16,2026-06-10
W001,07-052G,W001,13.0,9,2,2026-02-11,2026-05-23
W001,07-089F,W001,13.0,11,2,2025-01-02,2026-05-13
W001,07-128H,W001,13.0,9,1,2025-03-17,2026-06-10
W001,07-133A,W001,13.0,9,3,2022-07-01,2025-05-01
W001,07-089A,W001,13.0,13,4,2022-01-16,2022-08-01
W001,07-092I,W001,13.0,12,2,2025-08-14,2026-02-05
W001,07-091H,W001,13.0,11,2,2025-02-17,2026-05-12
W001,07-067G,W001,13.0,7,2,2025-09-30,2026-05-08
W001,07-080E,W001,13.0,11,1,2025-05-01,2026-04-24
W001,07-112H,W001,13.0,8,1,2025-01-27,2026-01-30
W001,07-106H,W001,13.0,9,2,2024-12-10,2026-05-21
W001,07-035H,W001,13.0,12,1,2026-03-20,2026-06-17
W001,07-110G,W001,13.0,9,1,2026-05-12,2026-05-23
W001,07-107G,W001,13.0,9,2,2025-01-02,2026-02-28
W001,07-085F,W001,13.0,8,1,2025-02-03,2026-02-18
W001,07-149Z,W001,13.0,9,1,2025-01-02,2026-04-08
W001,07-127E,W001,13.0,10,2,2025-08-14,2026-06-09
W001,07-060W,W001,13.0,13,11,2022-02-12,2022-06-24
W001,07-063A,W001,13.0,13,10,2022-01-13,2025-12-16
W001,07-123E,W001,13.0,10,2,2025-01-20,2026-06-11
W001,07-146H,W001,13.0,11,1,2025-02-06,2026-04-24
W001,07-146D,W001,13.0,13,5,2022-01-09,2024-10-14
W001,07-092B,W001,13.0,12,2,2022-03-10,2026-06-13
W001,07-085E,W001,13.0,11,1,2025-05-01,2026-02-10
invalid,31-138Y,Invalid,13.0,12,1,2022-03-15,2022-07-10
invalid,19-135Z,Invalid,12.0,12,1,2022-04-04,2022-04-12
W001,07-101E,W001,12.0,10,1,2025-05-01,2026-04-24
W001,07-042E,W001,12.0,7,1,2025-04-28,2025-11-25
W001,07-046E,W001,12.0,11,1,2025-09-23,2026-03-12
invalid,29-134W,Invalid,12.0,10,1,2022-01-07,2022-01-31
W001,07-099E,W001,12.0,6,1,2025-05-01,2025-06-21
W001,07-086E,W001,12.0,10,2,2025-03-11,2026-04-24
W001,07-034X,W001,12.0,12,9,2022-01-03,2022-07-20
W001,07-072H,W001,12.0,10,2,2024-12-09,2026-04-11
W001,07-136E,W001,12.0,8,2,2025-01-27,2026-05-13
W001,07-079H,W001,12.0,11,2,2024-12-10,2026-05-14
W001,07-088H,W001,12.0,9,2,2025-01-02,2026-05-08
W001,07-089H,W001,12.0,9,1,2025-03-17,2026-05-28
W001,07-043I,W001,12.0,11,2,2025-08-14,2026-02-20
W001,07-114E,W001,12.0,12,2,2025-01-02,2026-05-12
W001,07-111E,W001,12.0,10,2,2024-12-09,2026-05-14
W001,07-080F,W001,12.0,9,2,2025-03-28,2026-06-17
W001,07-070X,W001,12.0,11,3,2022-01-05,2026-05-14
W001,07-098H,W001,12.0,7,1,2025-01-27,2026-01-30
W001,07-104H,W001,12.0,8,2,2024-12-09,2025-09-27
W001,07-102F,W001,12.0,11,2,2025-02-12,2026-05-23
W001,07-116E,W001,12.0,8,1,2025-01-20,2025-11-25
invalid,33-137A,Invalid,12.0,12,1,2022-06-25,2022-07-04
W001,07-152W,W001,12.0,9,1,2025-01-02,2026-04-08
W001,07-152C,W001,12.0,9,1,2024-10-08,2026-05-14
W001,07-150B,W001,12.0,7,1,2024-10-14,2026-02-12
W001,07-053G,W001,12.0,10,2,2025-11-21,2026-05-12
W001,07-118E,W001,12.0,9,2,2025-02-17,2026-04-08
W001,07-121G,W001,12.0,9,2,2025-08-01,2026-05-07
W001,07-082F,W001,12.0,9,2,2025-02-05,2026-06-17
W001,07-069G,W001,12.0,7,2,2025-09-25,2026-05-08
W001,07-093E,W001,12.0,7,1,2025-05-01,2025-06-10
W001,07-064Z,W001,12.0,11,6,2022-01-03,2026-05-13
W001,07-149X,W001,12.0,9,1,2025-01-02,2026-04-24
W001,07-068I,W001,12.0,9,1,2026-04-08,2026-05-12
W001,07-087E,W001,11.0,7,1,2025-05-01,2026-01-07
W001,07-037H,W001,11.0,10,1,2025-09-27,2026-02-20
W001,07-070E,W001,11.0,8,2,2025-07-31,2026-05-21
W001,07-105E,W001,11.0,10,2,2025-03-11,2025-10-29
W001,07-027E,W001,11.0,7,1,2025-08-14,2026-05-28
W001,07-024F,W001,11.0,7,2,2025-08-23,2026-06-10
invalid,07-109A,Invalid,11.0,8,2,2022-07-25,2025-04-11
W001,07-046I,W001,11.0,8,1,2025-09-25,2026-02-20
W001,07-038I,W001,11.0,10,1,2025-09-27,2026-02-20
invalid,32-139Z,Invalid,11.0,11,7,2022-01-02,2022-06-28
W001,07-036G,W001,11.0,9,2,2026-02-10,2026-05-14
W001,07-069D,W001,11.0,11,9,2022-02-05,2022-07-22
W001,07-151B,W001,11.0,7,1,2025-01-02,2025-06-19
W001,07-096A,W001,11.0,9,4,2022-01-07,2026-01-23
W001,07-056G,W001,11.0,8,1,2025-09-27,2025-11-06
invalid,28-139X,Invalid,11.0,11,1,2022-01-04,2022-01-11
W001,07-103H,W001,11.0,6,1,2025-12-19,2026-02-12
W001,07-057G,W001,11.0,8,2,2025-09-30,2026-05-08
W001,07-146G,W001,11.0,9,2,2025-04-25,2026-05-08
W001,07-072G,W001,11.0,8,1,2025-02-07,2026-02-28
W001,07-075I,W001,11.0,8,2,2025-02-03,2026-06-17
W001,07-128E,W001,11.0,7,2,2024-12-09,2026-02-10
W001,07-149Y,W001,11.0,9,1,2025-02-03,2026-02-12
W001,07-129Z,W001,11.0,11,8,2022-01-09,2026-06-10
W001,07-130H,W001,11.0,8,2,2025-02-03,2026-06-07
invalid,26-136X,Invalid,11.0,11,1,2022-04-27,2022-07-25
W001,07-138F,W001,11.0,9,2,2025-02-12,2026-05-23
W001,07-151Z,W001,11.0,6,1,2024-10-14,2026-02-12
invalid,32-135Z,Invalid,11.0,11,8,2022-01-03,2022-07-18
W001,07-064A,W001,11.0,11,8,2022-01-04,2022-07-28
W001,07-100F,W001,11.0,10,1,2025-01-02,2026-02-12
W001,07-088E,W001,11.0,10,2,2025-03-11,2025-10-29
W001,07-153Y,W001,11.0,6,1,2024-10-14,2026-02-12
W001,07-075E,W001,11.0,9,2,2025-02-03,2026-05-13
invalid,10-143A,Invalid,10.0,10,9,2022-01-10,2022-02-12
W001,07-050I,W001,10.0,8,1,2025-09-25,2025-11-06
W001,07-051G,W001,10.0,8,2,2025-09-18,2026-02-20
W001,07-111H,W001,10.0,7,1,2025-03-03,2026-01-23
W001,07-045I,W001,10.0,8,2,2025-09-30,2026-05-23
W001,07-026I,W001,10.0,6,1,2025-12-16,2026-05-28
W001,07-032I,W001,10.0,6,2,2025-08-14,2025-10-01
W001,07-031D,W001,10.0,10,4,2022-01-28,2026-05-08
W001,07-154E,W001,10.0,4,2,2025-02-18,2025-10-29
W001,07-070Y,W001,10.0,10,6,2022-01-06,2025-04-28
W001,07-148W,W001,10.0,9,1,2024-10-14,2026-02-12
W001,07-144H,W001,10.0,9,1,2025-02-06,2026-04-08
W001,07-061Z,W001,10.0,10,8,2022-02-25,2025-05-07
W001,07-090I,W001,10.0,8,2,2025-06-25,2026-02-05
W001,07-095Z,W001,10.0,9,5,2022-01-08,2025-06-25
W001,07-097W,W001,10.0,10,3,2022-01-05,2026-04-08
W001,07-100Z,W001,10.0,10,7,2022-02-14,2025-05-01
W001,07-151V,W001,10.0,6,1,2026-04-08,2026-05-21
W001,07-123G,W001,10.0,7,2,2025-08-01,2026-05-08
W001,07-122G,W001,10.0,9,2,2025-05-01,2026-05-07
W001,07-047G,W001,10.0,8,2,2025-07-31,2026-02-12
W001,07-060B,W001,10.0,9,1,2025-05-01,2026-05-28
W001,07-151A,W001,10.0,7,1,2025-01-02,2025-08-14
W001,07-150V,W001,10.0,6,1,2026-04-08,2026-05-21
W001,07-148F,W001,10.0,8,1,2025-08-01,2026-05-08
W001,07-131E,W001,10.0,6,1,2025-01-27,2026-01-23
W001,07-137I,W001,10.0,8,2,2025-07-22,2026-04-08
W001,07-073G,W001,10.0,8,1,2025-02-07,2026-02-28
W001,07-075H,W001,10.0,8,2,2024-12-09,2026-02-25
W001,07-072I,W001,10.0,9,1,2025-02-17,2026-02-05
W001,07-087W,W001,10.0,10,7,2022-05-15,2022-07-23
invalid,31-136W,Invalid,10.0,10,3,2022-01-04,2022-02-03
W001,07-083G,W001,10.0,6,1,2025-01-27,2026-01-23
invalid,23-140C,Invalid,10.0,10,1,2022-01-26,2022-07-09
invalid,26-139W,Invalid,10.0,10,1,2022-05-17,2022-07-26
W001,07-086F,W001,10.0,6,1,2025-12-19,2026-02-12
W001,07-035Y,W001,10.0,8,2,2025-01-02,2026-05-12
W001,07-036E,W001,10.0,7,1,2025-04-28,2025-11-25
W001,07-036I,W001,10.0,6,1,2025-09-27,2026-02-12
W001,07-031G,W001,10.0,5,3,2025-08-23,2026-05-08
W001,07-028H,W001,10.0,10,1,2026-03-16,2026-06-08
invalid,23-134A,Invalid,9.0,9,1,2022-07-19,2022-07-26
W001,07-107E,W001,9.0,5,1,2025-05-01,2026-02-10
W001,07-144E,W001,9.0,4,1,2024-12-10,2026-01-30
W001,07-070G,W001,9.0,5,2,2025-09-25,2026-04-11
W001,07-084F,W001,9.0,6,1,2025-09-30,2025-11-25
W001,07-081X,W001,9.0,9,1,2022-01-04,2022-06-27
W001,07-085Y,W001,9.0,9,4,2022-01-05,2025-05-01
invalid,09-145Z,Invalid,9.0,9,8,2022-01-14,2022-02-14
invalid,26-140B,Invalid,9.0,9,1,2022-01-11,2022-07-26
W001,07-139F,W001,9.0,5,1,2025-10-01,2026-02-12
invalid,31-135X,Invalid,9.0,6,1,2022-01-03,2022-01-06
invalid,32-139B,Invalid,9.0,6,1,2022-01-03,2022-01-06
W001,07-118G,W001,9.0,6,2,2025-05-01,2026-05-08
W001,07-102E,W001,9.0,4,1,2025-05-01,2026-02-10
W001,07-050H,W001,9.0,7,1,2025-09-30,2025-10-25
W001,07-052I,W001,9.0,9,2,2025-08-07,2026-05-21
W001,07-052F,W001,9.0,7,1,2025-09-30,2025-11-06
invalid,10-147Z,Invalid,9.0,9,3,2022-01-11,2022-07-22
invalid,10-141W,Invalid,9.0,9,2,2022-01-12,2022-07-28
invalid,07-108E,Invalid,9.0,9,1,2025-05-01,2025-06-21
W001,07-045F,W001,9.0,5,1,2026-04-09,2026-05-13
W001,07-038H,W001,9.0,9,1,2026-03-12,2026-06-05
W001,07-046F,W001,9.0,7,2,2025-08-14,2026-05-12
W001,07-049F,W001,9.0,6,1,2025-09-27,2026-02-12
invalid,10-147X,Invalid,9.0,9,7,2022-01-09,2022-07-30
W001,07-055H,W001,9.0,6,1,2025-09-30,2025-10-25
W001,07-096E,W001,9.0,5,1,2025-05-01,2026-02-10
W001,07-097E,W001,9.0,8,1,2025-05-01,2026-04-24
W001,07-060A,W001,9.0,7,2,2025-04-25,2026-05-12
W001,07-148Z,W001,9.0,7,1,2025-01-02,2026-04-08
W001,07-150Y,W001,9.0,8,1,2025-01-02,2026-01-29
invalid,25-135Z,Invalid,9.0,9,1,2022-07-16,2022-07-26
W001,07-097F,W001,9.0,6,2,2025-02-03,2026-05-08
W001,07-062G,W001,9.0,5,2,2025-09-30,2026-05-23
W001,07-128A,W001,9.0,7,3,2022-06-30,2026-02-28
W001,07-127C,W001,9.0,5,1,2024-10-08,2025-04-11
W001,07-093G,W001,9.0,9,2,2024-12-09,2025-09-27
W001,07-092G,W001,9.0,6,1,2024-12-09,2026-02-05
W001,07-093B,W001,9.0,8,1,2025-02-03,2026-02-12
invalid,30-136W,Invalid,9.0,9,2,2022-04-27,2022-07-23
invalid,32-137Z,Invalid,9.0,9,6,2022-01-21,2022-07-17
W001,07-053A,W001,9.0,9,9,2022-06-07,2022-07-28
W001,07-068A,W001,8.0,7,5,2022-06-12,2025-04-25
W001,07-024E,W001,8.0,5,2,2025-08-28,2025-10-01
W001,07-116I,W001,8.0,5,2,2026-02-28,2026-05-12
W001,07-023G,W001,8.0,4,2,2025-08-23,2026-04-11
W001,07-052H,W001,8.0,6,2,2026-02-12,2026-05-12
W001,07-051I,W001,8.0,4,1,2026-04-08,2026-05-12
invalid,20-139B,Invalid,8.0,8,2,2022-01-14,2022-03-29
invalid,10-142A,Invalid,8.0,8,7,2022-01-10,2022-02-12
W001,07-105F,W001,8.0,7,1,2025-02-12,2026-02-25
W001,07-151C,W001,8.0,4,1,2024-10-08,2025-04-11
W001,07-091F,W001,8.0,5,2,2025-02-03,2026-06-17
W001,07-120E,W001,8.0,6,1,2025-01-27,2026-04-08
W001,07-105G,W001,8.0,7,2,2024-12-11,2025-09-27
W001,07-065E,W001,8.0,7,2,2025-09-30,2026-04-08
W001,07-134E,W001,8.0,5,2,2024-12-09,2025-09-27
invalid,07-074F,Invalid,8.0,5,1,2024-12-09,2025-06-25
W001,07-087F,W001,8.0,7,1,2025-09-26,2026-01-29
W001,07-135E,W001,8.0,5,2,2025-08-14,2026-05-13
W001,07-036F,W001,8.0,8,1,2026-03-18,2026-06-09
W001,07-089C,W001,8.0,8,2,2022-01-07,2025-05-12
W001,07-141H,W001,8.0,7,2,2025-02-03,2026-02-18
W001,07-129A,W001,8.0,8,5,2022-01-09,2025-03-12
W001,07-071G,W001,8.0,5,1,2025-03-03,2026-02-28
W001,07-150A,W001,8.0,6,1,2025-02-03,2026-02-12
W001,07-110F,W001,8.0,6,1,2026-05-14,2026-05-23
W001,07-024H,W001,8.0,4,2,2025-09-30,2026-05-08
W001,07-060C,W001,8.0,6,1,2025-05-01,2026-01-29
invalid,25-134B,Invalid,8.0,8,1,2022-01-10,2022-01-23
W001,07-112E,W001,7.0,7,1,2024-12-09,2026-06-10
W001,07-025I,W001,7.0,5,1,2026-05-13,2026-05-23
W001,07-144F,W001,7.0,6,1,2025-02-06,2026-02-25
W001,07-073F,W001,7.0,4,1,2025-12-19,2026-04-08
W001,07-073E,W001,7.0,4,1,2025-12-19,2026-04-08
W001,07-144I,W001,7.0,5,1,2025-07-11,2026-02-12
W001,07-072X,W001,7.0,7,4,2022-01-03,2025-04-28
W001,07-139E,W001,7.0,5,1,2024-12-09,2025-03-28
W001,07-137H,W001,7.0,5,1,2024-12-09,2026-02-05
W001,07-136I,W001,7.0,6,2,2025-07-22,2026-05-12
W001,07-079E,W001,7.0,7,1,2025-05-01,2026-02-20
invalid,07-074G,Invalid,7.0,6,1,2025-02-12,2025-06-21
invalid,26-139C,Invalid,7.0,7,1,2022-01-04,2022-07-26
W001,07-083E,W001,7.0,7,2,2025-03-11,2026-02-20
W001,07-078G,W001,7.0,4,1,2025-01-27,2025-06-02
W001,07-106G,W001,7.0,4,1,2024-12-11,2025-01-08
W001,07-114H,W001,7.0,6,1,2025-02-07,2026-01-23
W001,07-058H,W001,7.0,5,1,2025-09-27,2026-02-12
W001,07-057I,W001,7.0,4,1,2026-04-08,2026-05-12
W001,07-057H,W001,7.0,5,1,2025-09-26,2026-02-20
W001,07-094A,W001,7.0,7,6,2022-02-08,2025-08-14
invalid,25-135A,Invalid,7.0,7,1,2022-07-12,2022-07-27
invalid,29-135Y,Invalid,7.0,7,1,2022-01-31,2022-07-04
W001,07-058Z,W001,7.0,6,6,2022-06-07,2025-02-06
W001,07-065G,W001,7.0,5,1,2025-09-26,2026-02-20
W001,07-064G,W001,7.0,6,1,2025-09-25,2026-02-20
W001,07-065Z,W001,7.0,7,6,2022-06-07,2025-08-14
W001,07-094G,W001,7.0,5,1,2025-03-03,2026-02-12
invalid,30-135B,Invalid,7.0,7,1,2022-01-03,2022-01-18
W001,07-037F,W001,7.0,7,1,2025-09-27,2026-02-20
W001,07-115E,W001,7.0,6,1,2024-12-09,2026-02-07
W001,07-051F,W001,7.0,6,2,2025-08-28,2026-05-28
invalid,23-137Z,Invalid,7.0,7,1,2022-01-08,2022-01-12
W001,07-027I,W001,7.0,7,1,2026-03-26,2026-06-18
invalid,09-143Z,Invalid,6.0,6,5,2022-01-11,2022-07-27
W001,07-113E,W001,6.0,6,1,2025-02-03,2026-06-10
W001,07-104I,W001,6.0,4,2,2025-08-14,2026-05-08
W001,07-106F,W001,6.0,5,2,2025-06-25,2026-05-21
W001,07-151H,W001,6.0,5,1,2024-12-09,2026-03-12
W001,07-057C,W001,6.0,5,2,2022-01-23,2026-02-05
W001,07-051H,W001,6.0,5,2,2025-08-28,2026-04-11
W001,07-095G,W001,6.0,5,2,2024-12-10,2026-05-13
W001,07-100G,W001,6.0,5,1,2024-12-10,2026-03-12
W001,07-101F,W001,6.0,4,2,2025-06-25,2026-05-21
W001,07-048G,W001,6.0,4,1,2025-08-14,2026-01-07
W001,07-103F,W001,6.0,6,2,2025-03-17,2026-05-21
W001,07-044H,W001,6.0,4,1,2025-09-23,2025-12-19
W001,07-038F,W001,6.0,3,1,2025-09-30,2025-10-01
W001,07-030E,W001,6.0,4,1,2025-09-26,2026-06-18
W001,07-080D,W001,6.0,4,2,2024-12-09,2026-02-06
W001,07-136H,W001,6.0,6,1,2025-02-12,2026-02-25
W001,07-146E,W001,6.0,5,1,2025-01-27,2026-01-23
W001,07-083H,W001,6.0,5,1,2025-01-22,2025-06-25
W001,07-084E,W001,6.0,5,1,2025-05-01,2026-02-20
W001,07-082G,W001,6.0,4,1,2025-01-27,2025-06-02
W001,07-070H,W001,6.0,3,1,2026-04-08,2026-05-08
W001,07-145E,W001,6.0,5,1,2024-12-09,2026-02-05
W001,07-064H,W001,6.0,4,1,2025-09-25,2025-12-19
W001,07-124E,W001,6.0,6,2,2025-01-02,2026-05-13
W001,07-061D,W001,6.0,6,4,2022-06-07,2022-06-30
W001,07-121I,W001,6.0,4,2,2025-07-31,2025-09-27
W001,07-032H,W001,6.0,4,1,2025-09-25,2025-10-11
W001,07-031E,W001,6.0,6,1,2026-04-11,2026-05-18
invalid,23-136A,Invalid,6.0,6,2,2022-01-06,2022-07-27
W001,07-075F,W001,6.0,5,2,2025-02-03,2026-05-23
W001,07-071I,W001,6.0,4,1,2025-01-20,2025-10-11
W001,07-063G,W001,6.0,6,1,2025-09-25,2026-02-20
W001,07-066G,W001,6.0,4,1,2025-09-27,2026-01-30
W001,07-090H,W001,6.0,5,1,2025-01-22,2025-03-03
W001,07-062H,W001,6.0,4,1,2025-09-27,2025-10-01
W001,07-062Z,W001,6.0,6,5,2022-06-07,2024-10-09
W001,07-149F,W001,6.0,4,1,2025-11-21,2026-05-08
W001,07-034D,W001,5.0,4,4,2022-06-16,2025-09-18
W001,07-034H,W001,5.0,3,1,2025-09-27,2026-01-30
W001,07-030H,W001,5.0,4,2,2025-09-30,2026-05-07
W001,07-026Y,W001,5.0,5,1,2022-07-07,2022-08-02
W001,07-143F,W001,5.0,5,2,2025-03-17,2026-05-23
invalid,19-138A,Invalid,5.0,5,1,2022-04-03,2022-04-08
W001,07-154G,W001,5.0,5,1,2025-07-11,2026-05-14
W001,07-153Z,W001,5.0,4,1,2025-10-29,2026-02-18
invalid,09-147W,Invalid,5.0,5,2,2022-01-02,2022-01-12
W001,07-137F,W001,5.0,4,2,2025-02-12,2026-05-23
W001,07-063H,W001,5.0,4,1,2025-09-23,2025-12-19
W001,07-125E,W001,5.0,4,1,2025-01-22,2025-06-25
W001,07-125I,W001,5.0,2,1,2025-08-14,2026-01-30
W001,07-144G,W001,5.0,5,1,2025-04-25,2025-08-05
W001,07-086I,W001,5.0,4,2,2025-06-25,2026-02-18
W001,07-141F,W001,5.0,5,2,2025-06-19,2026-05-23
W001,07-028I,W001,5.0,5,1,2026-03-23,2026-06-02
invalid,21-136A,Invalid,5.0,5,1,2022-04-08,2022-04-18
W001,07-145F,W001,5.0,4,1,2026-05-12,2026-05-21
W001,07-090F,W001,5.0,3,1,2025-02-03,2026-02-05
W001,07-083I,W001,5.0,3,1,2026-05-07,2026-05-14
W001,07-099D,W001,5.0,5,3,2022-01-06,2026-05-28
W001,07-104F,W001,5.0,4,1,2025-02-06,2026-02-25
W001,07-154X,W001,5.0,2,1,2024-10-08,2024-10-08
W001,07-152I,W001,5.0,4,1,2025-07-31,2026-02-25
W001,07-095Y,W001,5.0,5,3,2022-01-06,2022-07-28
W001,07-123I,W001,5.0,4,1,2025-07-31,2025-12-28
W001,07-150D,W001,5.0,4,1,2024-10-08,2026-02-05
W001,07-126H,W001,5.0,3,3,2025-02-06,2026-05-21
W001,07-093D,W001,5.0,3,1,2025-03-03,2025-08-14
W001,07-148C,W001,5.0,4,1,2024-10-08,2026-02-25
W001,07-152B,W001,5.0,4,1,2025-02-03,2026-01-29
W001,07-120G,W001,5.0,5,2,2025-08-01,2026-05-13
W001,07-120F,W001,5.0,4,1,2024-12-10,2026-05-08
W001,07-098B,W001,5.0,3,1,2025-03-03,2025-09-18
W001,07-151F,W001,5.0,4,2,2025-04-24,2026-05-23
W001,07-038G,W001,5.0,5,2,2025-10-29,2026-05-14
W001,07-104G,W001,5.0,4,1,2025-02-05,2025-10-11
W001,07-043G,W001,5.0,4,1,2025-07-31,2026-02-25
W001,07-093F,W001,5.0,4,2,2025-05-14,2026-04-08
W001,07-080H,W001,5.0,5,1,2025-02-12,2026-02-25
W001,07-061I,W001,5.0,3,1,2026-05-07,2026-05-14
W001,07-114I,W001,4.0,4,1,2025-09-27,2025-11-25
W001,07-112G,W001,4.0,2,1,2025-12-16,2026-03-13
invalid,09-141D,Invalid,4.0,4,3,2022-01-11,2022-01-18
invalid,09-141Z,Invalid,4.0,3,1,2022-07-20,2022-07-27
W001,07-115H,W001,4.0,4,1,2025-02-05,2025-06-02
W001,07-033H,W001,4.0,4,1,2026-04-10,2026-06-16
invalid,32-139W,Invalid,4.0,4,1,2022-07-11,2022-07-26
W001,07-154W,W001,4.0,2,1,2024-10-08,2025-08-14
W001,07-152V,W001,4.0,4,1,2026-04-08,2026-05-21
W001,07-123D,W001,4.0,2,1,2024-10-14,2024-11-18
W001,07-152G,W001,4.0,4,2,2025-03-12,2025-12-16
W001,07-125F,W001,4.0,4,1,2025-02-06,2026-02-25
W001,07-153F,W001,4.0,3,1,2026-05-12,2026-05-23
W001,07-151W,W001,4.0,3,1,2026-01-23,2026-02-18
W001,07-043E,W001,4.0,4,1,2025-07-31,2025-12-16
W001,07-103G,W001,4.0,3,1,2024-12-10,2025-12-16
W001,07-102I,W001,4.0,3,2,2025-08-23,2026-05-12
W001,07-153W,W001,4.0,3,1,2025-06-19,2026-04-24
W001,07-037E,W001,4.0,4,1,2025-04-28,2025-10-29
W001,07-154Y,W001,4.0,2,1,2024-10-08,2025-08-14
W001,07-117E,W001,4.0,3,1,2024-12-09,2026-02-05
W001,07-047E,W001,4.0,3,1,2026-04-08,2026-05-21
W001,07-049H,W001,4.0,4,1,2025-09-25,2025-12-19
W001,07-044I,W001,4.0,3,1,2026-01-30,2026-02-12
W001,07-048E,W001,4.0,3,1,2026-04-08,2026-05-13
W001,07-100I,W001,4.0,3,1,2025-08-23,2025-09-27
W001,07-117H,W001,4.0,4,1,2025-02-06,2025-05-07
W001,07-153G,W001,4.0,3,2,2025-04-25,2026-05-27
W001,07-153D,W001,4.0,2,1,2024-10-08,2024-12-10
W001,07-118H,W001,4.0,4,1,2025-02-12,2025-05-07
W001,07-148G,W001,4.0,3,1,2025-07-11,2025-12-16
W001,07-090D,W001,4.0,4,3,2022-04-30,2022-07-23
W001,07-092H,W001,4.0,4,1,2025-09-30,2026-01-29
W001,07-093I,W001,4.0,3,1,2026-03-17,2026-05-21
W001,07-060H,W001,4.0,3,1,2025-09-30,2025-10-11
W001,07-055I,W001,4.0,4,1,2025-09-30,2025-10-17
W001,07-150F,W001,4.0,3,1,2026-05-12,2026-05-23
W001,07-085H,W001,4.0,4,1,2025-02-03,2025-06-19
W001,07-088F,W001,4.0,4,1,2025-02-12,2025-05-07
W001,07-088I,W001,4.0,4,1,2025-12-16,2026-05-14
W001,07-081I,W001,4.0,3,1,2025-02-03,2026-04-08
W001,07-138I,W001,4.0,3,1,2025-07-31,2025-08-20
W001,07-070F,W001,4.0,3,1,2025-08-28,2026-02-18
W001,07-148I,W001,4.0,3,1,2025-08-28,2026-01-07
W001,07-149D,W001,4.0,4,1,2024-10-14,2026-02-11
W001,07-124G,W001,4.0,4,2,2025-08-01,2026-05-12
invalid,26-134Z,Invalid,4.0,4,1,2022-07-12,2022-07-27
W001,07-078E,W001,4.0,3,1,2025-08-23,2025-09-27
W001,07-082I,W001,4.0,3,1,2025-02-03,2026-04-08
invalid,26-139B,Invalid,4.0,4,1,2022-07-18,2022-07-25
W001,07-132H,W001,4.0,3,1,2025-02-07,2025-06-25
W001,07-131H,W001,4.0,4,1,2025-01-02,2025-12-16
W001,07-131G,W001,4.0,4,2,2025-07-31,2026-01-29
W001,07-132I,W001,4.0,3,2,2025-07-22,2026-02-25
W001,07-072Y,W001,4.0,4,1,2025-02-12,2025-05-07
W001,07-135F,W001,4.0,4,1,2025-02-12,2026-02-25
W001,07-079G,W001,4.0,3,1,2025-01-27,2025-06-02
W001,07-080I,W001,4.0,3,1,2025-02-03,2026-04-08
W001,07-030I,W001,4.0,4,1,2025-08-14,2025-12-28
W001,07-079I,W001,4.0,3,1,2025-02-03,2026-04-08
invalid,09-147Y,Invalid,4.0,4,2,2022-01-10,2022-07-27
W001,07-027G,W001,4.0,4,1,2026-04-07,2026-05-15
invalid,20-138A,Invalid,3.0,3,1,2022-04-04,2022-04-08
W001,07-129F,W001,3.0,3,1,2025-02-12,2025-03-03
W001,07-081E,W001,3.0,3,1,2025-05-01,2026-02-20
W001,07-030A,W001,3.0,2,1,2026-04-08,2026-05-12
W001,07-026H,W001,3.0,3,2,2025-08-14,2025-10-01
W001,07-069H,W001,3.0,2,1,2026-05-08,2026-05-08
W001,07-148X,W001,3.0,2,1,2024-10-08,2025-08-14
W001,07-138H,W001,3.0,3,1,2025-02-03,2025-05-07
W001,07-081H,W001,3.0,3,1,2024-12-09,2025-10-11
W001,07-133I,W001,3.0,3,1,2025-09-27,2026-02-18
W001,07-134C,W001,3.0,3,1,2022-07-21,2022-07-31
W001,07-080G,W001,3.0,3,2,2025-02-17,2026-02-06
W001,07-139H,W001,3.0,3,1,2025-02-06,2025-05-07
W001,07-081G,W001,3.0,3,1,2025-02-04,2026-04-08
W001,07-127A,W001,3.0,1,1,2024-10-14,2024-10-14
W001,07-083C,W001,3.0,3,1,2025-12-28,2026-05-14
W001,07-085G,W001,3.0,3,1,2025-02-03,2026-04-08
W001,07-126Y,W001,3.0,3,2,2022-07-22,2026-05-28
W001,07-143I,W001,3.0,3,1,2025-12-16,2026-05-08
W001,07-143G,W001,3.0,3,1,2025-07-31,2025-11-21
W001,07-071H,W001,3.0,2,1,2025-03-17,2025-06-19
W001,07-067E,W001,3.0,3,1,2026-02-05,2026-05-08
W001,07-068H,W001,3.0,2,1,2026-05-08,2026-05-14
W001,07-059A,W001,3.0,2,1,2025-09-18,2025-11-21
W001,07-127H,W001,3.0,2,1,2024-12-10,2025-08-23
W001,07-127I,W001,3.0,2,1,2026-04-24,2026-05-08
W001,07-127B,W001,3.0,3,1,2024-10-08,2024-10-14
W001,07-091I,W001,3.0,3,1,2025-08-23,2026-06-10
W001,07-150C,W001,3.0,3,1,2024-10-14,2026-02-18
W001,07-110E,W001,3.0,3,1,2024-12-09,2026-06-06
W001,07-112I,W001,3.0,3,1,2025-09-27,2026-02-18
W001,07-022H,W001,3.0,2,1,2026-05-14,2026-06-10
invalid,07-109H,Invalid,3.0,3,1,2025-01-27,2025-06-02
invalid,28-137A,Invalid,3.0,3,2,2022-01-03,2022-05-31
W001,07-041E,W001,3.0,2,1,2025-04-28,2025-05-01
invalid,07-108H,Invalid,3.0,2,1,2025-02-03,2025-06-02
invalid,07-108G,Invalid,3.0,2,1,2024-12-10,2025-05-07
W001,07-098G,W001,3.0,2,1,2025-03-28,2026-02-18
W001,07-117G,W001,3.0,3,2,2025-05-01,2025-09-27
W001,07-049I,W001,3.0,3,1,2025-11-21,2025-12-28
W001,07-097I,W001,3.0,3,2,2025-08-14,2026-05-13
W001,07-113F,W001,3.0,2,1,2025-06-25,2026-02-05
W001,07-056F,W001,3.0,3,1,2025-09-30,2026-02-25
W001,07-054W,W001,3.0,2,1,2026-05-12,2026-05-21
W001,07-149B,W001,3.0,3,1,2024-10-14,2026-02-12
W001,07-123F,W001,3.0,3,1,2024-12-10,2026-03-12
W001,07-122H,W001,3.0,3,1,2025-02-03,2025-05-07
W001,07-052E,W001,3.0,2,1,2025-07-31,2025-09-18
W001,07-120I,W001,3.0,3,2,2025-07-31,2026-04-08
W001,07-152E,W001,3.0,2,2,2025-02-18,2026-02-25
W001,07-151Y,W001,3.0,2,1,2024-10-08,2025-08-14
W001,07-058F,W001,3.0,3,1,2026-05-12,2026-05-22
W001,07-059F,W001,3.0,3,1,2025-09-30,2026-02-25
W001,07-150G,W001,3.0,2,1,2025-04-25,2026-03-12
invalid,25-136Z,Invalid,3.0,3,3,2022-06-30,2022-07-27
W001,07-148D,W001,3.0,3,1,2024-10-08,2024-10-14
invalid,27-134Z,Invalid,3.0,3,1,2022-07-21,2022-07-25
W001,07-129H,W001,3.0,3,1,2026-03-24,2026-06-03
W001,07-128G,W001,3.0,2,2,2025-07-31,2026-02-25
W001,07-065F,W001,3.0,3,1,2025-09-25,2026-02-12
W001,07-064I,W001,3.0,2,1,2026-05-07,2026-05-12
W001,07-064F,W001,3.0,3,1,2025-09-30,2026-02-25
W001,07-148A,W001,3.0,2,1,2026-01-23,2026-02-12
invalid,23-139A,Invalid,2.0,2,1,2022-07-19,2022-07-21
invalid,12-053D,Invalid,2.0,2,2,2022-06-09,2022-07-04
W001,07-145H,W001,2.0,2,1,2024-12-10,2025-08-23
invalid,09-144X,Invalid,2.0,2,2,2022-01-10,2022-07-30
W001,07-132F,W001,2.0,2,1,2025-02-12,2025-03-17
W001,07-134F,W001,2.0,2,1,2025-03-17,2026-02-25
No LP Track,MMV,Bulk Reduce,2.0,2,2,2022-11-22,2025-10-01
invalid,07-147E,Invalid,2.0,1,1,2025-02-06,2025-02-06
invalid,BBB-2,Invalid,2.0,2,1,2024-11-27,2024-12-19
invalid,07-109F,Invalid,2.0,1,1,2025-02-06,2025-02-06
W001,07-039E,W001,2.0,1,1,2025-10-01,2025-10-01
W001,07-041G,W001,2.0,2,1,2026-04-28,2026-05-04
W001,07-033I,W001,2.0,1,1,2025-12-28,2025-12-28
W001,07-154H,W001,2.0,1,1,2026-03-13,2026-03-13
W001,07-153V,W001,2.0,2,1,2026-05-13,2026-05-21
W001,07-098D,W001,2.0,2,1,2025-03-28,2025-09-30
W001,07-119H,W001,2.0,1,1,2026-03-13,2026-03-13
W001,07-041F,W001,2.0,1,1,2025-12-28,2025-12-28
W001,07-100H,W001,2.0,2,1,2025-01-27,2026-04-08
W001,07-098C,W001,2.0,1,1,2025-06-25,2025-06-25
W001,07-153E,W001,2.0,2,1,2026-02-06,2026-05-08
W001,07-098E,W001,2.0,2,1,2025-08-14,2025-08-23
invalid,23-140A,Invalid,2.0,2,1,2022-01-04,2022-01-06
invalid,07-109E,Invalid,2.0,1,1,2024-12-10,2024-12-10
W001,07-111I,W001,2.0,2,1,2025-09-27,2026-02-28
W001,07-114F,W001,2.0,2,1,2025-03-28,2025-04-28
W001,07-151D,W001,2.0,2,1,2024-10-08,2024-10-14
W001,07-125G,W001,2.0,2,1,2026-04-08,2026-05-12
W001,07-076I,W001,2.0,2,1,2025-02-03,2025-03-03
W001,07-136G,W001,2.0,1,1,2025-05-01,2025-05-01
W001,07-143E,W001,2.0,1,1,2025-02-03,2025-02-03
W001,07-141G,W001,2.0,2,1,2025-05-20,2025-08-01
W001,07-131F,W001,2.0,2,1,2025-09-27,2026-06-18
W001,07-140F,W001,2.0,1,1,2026-05-28,2026-05-28
W001,07-071E,W001,2.0,1,1,2025-02-03,2025-02-03
W001,07-140H,W001,2.0,1,1,2026-04-08,2026-04-08
W001,07-069I,W001,2.0,1,1,2026-05-07,2026-05-07
W001,07-133H,W001,2.0,1,1,2026-04-08,2026-04-08
W001,07-025F,W001,2.0,1,1,2026-05-14,2026-05-14
W001,07-025E,W001,2.0,2,1,2025-12-16,2026-02-12
W001,07-029D,W001,2.0,1,1,2025-05-01,2025-05-01
invalid,07-147G,Invalid,2.0,1,1,2025-04-25,2025-04-25
W001,07-029I,W001,2.0,2,1,2026-02-05,2026-02-25
W001,07-078I,W001,2.0,2,1,2025-02-03,2025-03-03
W001,07-031C,W001,2.0,2,1,2026-03-12,2026-05-08
W001,07-081F,W001,2.0,1,1,2025-02-03,2025-02-03
W001,07-122F,W001,2.0,1,1,2025-08-28,2025-08-28
W001,07-094B,W001,2.0,1,1,2024-12-10,2024-12-10
W001,07-094I,W001,2.0,2,1,2025-08-23,2025-09-27
W001,07-128F,W001,2.0,2,1,2025-03-28,2025-04-28
W001,07-053F,W001,2.0,1,1,2025-09-18,2025-09-18
W001,07-054E,W001,2.0,2,1,2025-07-31,2025-09-18
W001,07-042H,W001,2.0,2,1,2026-04-08,2026-05-13
W001,07-105I,W001,2.0,2,1,2025-08-14,2025-08-23
W001,07-152Y,W001,2.0,1,1,2024-10-08,2024-10-08
W001,07-152X,W001,2.0,2,1,2026-01-29,2026-02-12
W001,07-098I,W001,2.0,2,1,2025-08-23,2026-03-17
W001,07-096G,W001,2.0,2,1,2025-08-14,2026-02-28
W001,07-148H,W001,2.0,2,1,2025-03-17,2025-06-19
W001,07-089G,W001,2.0,2,1,2025-05-07,2025-11-21
invalid,25-134Z,Invalid,2.0,2,1,2022-07-22,2022-07-25
W001,07-152D,W001,2.0,2,1,2026-05-12,2026-05-13
W001,07-127D,W001,2.0,1,1,2025-02-03,2025-02-03
W001,07-127F,W001,2.0,2,1,2025-02-12,2025-03-17
invalid,27-136D,Invalid,2.0,2,1,2022-05-04,2022-06-06
W001,07-093H,W001,2.0,2,1,2024-12-10,2026-02-18
W001,07-065H,W001,2.0,2,1,2026-04-08,2026-04-09
W001,07-068E,W001,2.0,2,1,2026-05-14,2026-05-21
W001,07-025G,W001,1.0,1,1,2026-06-03,2026-06-03
invalid,21-134Y,Invalid,1.0,1,1,2022-03-28,2022-03-28
W001,07-067I,W001,1.0,1,1,2026-05-12,2026-05-12
W001,07-067H,W001,1.0,1,1,2026-05-12,2026-05-12
W001,07-067F,W001,1.0,1,1,2026-02-18,2026-02-18
W001,07-146F,W001,1.0,1,1,2025-06-19,2025-06-19
invalid,31-138D,Invalid,1.0,1,1,2022-01-02,2022-01-02
W001,07-139G,W001,1.0,1,1,2026-05-08,2026-05-08
W001,07-087I,W001,1.0,1,1,2026-05-08,2026-05-08
W001,07-085I,W001,1.0,1,1,2026-05-08,2026-05-08
W001,07-086G,W001,1.0,1,1,2026-04-09,2026-04-09
W001,07-138G,W001,1.0,1,1,2025-08-01,2025-08-01
W001,07-072W,W001,1.0,1,1,2025-09-30,2025-09-30
invalid,07-147F,Invalid,1.0,1,1,2025-03-03,2025-03-03
W001,07-133F,W001,1.0,1,1,2025-06-19,2025-06-19
W001,07-134G,W001,1.0,1,1,2025-04-25,2025-04-25
W001,07-078H,W001,1.0,1,1,2024-12-10,2024-12-10
invalid,31-134W,Invalid,1.0,1,1,2022-01-07,2022-01-07
W001,07-023H,W001,1.0,1,1,2026-05-14,2026-05-14
W001,07-030D,W001,1.0,1,1,2025-11-21,2025-11-21
invalid,07-077I,Invalid,1.0,1,1,2025-03-03,2025-03-03
W001,07-026E,W001,1.0,1,1,2025-08-23,2025-08-23
W001,07-066I,W001,1.0,1,1,2026-05-12,2026-05-12
W001,07-066H,W001,1.0,1,1,2026-05-12,2026-05-12
invalid,32-137W,Invalid,1.0,1,1,2022-01-10,2022-01-10
W001,07-055E,W001,1.0,1,1,2025-09-18,2025-09-18
invalid,27-136X,Invalid,1.0,1,1,2022-01-10,2022-01-10
W001,07-129E,W001,1.0,1,1,2026-04-08,2026-04-08
W001,07-130G,W001,1.0,1,1,2026-05-14,2026-05-14
W001,07-088G,W001,1.0,1,1,2026-02-18,2026-02-18
W001,07-148E,W001,1.0,1,1,2026-05-08,2026-05-08
W001,07-149C,W001,1.0,1,1,2024-10-08,2024-10-08
W001,07-149E,W001,1.0,1,1,2026-02-06,2026-02-06
W001,07-149W,W001,1.0,1,1,2024-10-14,2024-10-14
W001,07-121H,W001,1.0,1,1,2025-08-23,2025-08-23
W001,07-151G,W001,1.0,1,1,2025-05-01,2025-05-01
W001,07-152A,W001,1.0,1,1,2024-10-08,2024-10-08
W001,07-096I,W001,1.0,1,1,2025-09-30,2025-09-30
W001,07-059E,W001,1.0,1,1,2026-04-24,2026-04-24
invalid,32-136D,Invalid,1.0,1,1,2022-01-05,2022-01-05
W001,07-113H,W001,1.0,1,1,2026-04-08,2026-04-08
W001,07-151E,W001,1.0,1,1,2026-02-06,2026-02-06
W001,07-050E,W001,1.0,1,1,2026-02-06,2026-02-06
W001,07-153A,W001,1.0,1,1,2024-10-08,2024-10-08
W001,07-153I,W001,1.0,1,1,2026-06-10,2026-06-10
W001,07-154V,W001,1.0,1,1,2026-05-14,2026-05-14
W001,07-051E,W001,1.0,1,1,2025-09-30,2025-09-30
W001,07-115F,W001,1.0,1,1,2025-03-28,2025-03-28
W001,07-046G,W001,1.0,1,1,2025-11-21,2025-11-21
W001,07-045G,W001,1.0,1,1,2025-08-28,2025-08-28
W001,07-118F,W001,1.0,1,1,2026-06-18,2026-06-18
W001,07-120C,W001,1.0,1,1,2024-10-08,2024-10-08
W001,07-119F,W001,1.0,1,1,2025-03-28,2025-03-28
W001,07-102H,W001,1.0,1,1,2025-02-05,2025-02-05
W001,07-154Z,W001,1.0,1,1,2026-04-08,2026-04-08
W001,07-116H,W001,1.0,1,1,2026-02-06,2026-02-06
W001,07-154F,W001,1.0,1,1,2025-02-06,2025-02-06
W001,07-107F,W001,1.0,1,1,2026-05-22,2026-05-22
invalid,28-134Z,Invalid,1.0,1,1,2022-01-03,2022-01-03
W001,07-107I,W001,1.0,1,1,2025-08-23,2025-08-23
W001,07-107H,W001,1.0,1,1,2025-08-14,2025-08-14
invalid,09-144A,Invalid,1.0,1,1,2022-02-20,2022-02-20
invalid,28-135A,Invalid,1.0,1,1,2022-01-03,2022-01-03
W001,07-034F,W001,1.0,1,1,2026-06-11,2026-06-11
W001,07-034E,W001,1.0,1,1,2026-05-28,2026-05-28
W001,07-154I,W001,1.0,1,1,2025-08-14,2025-08-14
