SKU,LoadMaxQty,InFwdDemandCSV
30070-011-S,60.0,False
30070-1AY-L,54.0,False
30070-1AY-M,64.0,False
30070-1AY-S,69.0,False
30070-1AY-XL,50.0,False
30070-1AY-XS,39.0,False
30070-1AY-XXL,44.0,False
30070-SR4-M,50.0,False
30070-SR4-S,59.0,False
30070-SR4-XS,50.0,False
30810-011-L,46.0,False
30810-011-M,51.0,False
30810-011-S,59.0,False
30810-011-XL,40.0,False
30810-011-XS,56.0,False
30810-011-XXL,21.0,False
30810-011-XXS,14.0,False
30810-1AY-L,50.0,False
30810-1AY-M,55.0,False
30810-1AY-S,53.0,False
30810-1AY-XL,44.0,False
30810-1AY-XS,47.0,False
30810-1AY-XXL,37.0,False
30810-1AY-XXS,15.0,False
30810-1FL-L,46.0,False
30810-1FL-M,48.0,False
30810-1FL-S,45.0,False
30810-1FL-XL,29.0,False
30810-1FL-XS,44.0,False
30810-1FL-XXL,21.0,False
30810-SR4-L,45.0,False
30810-SR4-M,48.0,False
30810-SR4-S,46.0,False
30810-SR4-XL,28.0,False
30810-SR4-XS,42.0,False
30810-SR4-XXL,18.0,False
33175-011-150,52.0,False
33175-011-160,50.0,False
33175-06G-100,64.0,False
33175-06G-110,50.0,False
33175-06G-120,50.0,False
33175-06G-130,50.0,False
33175-06G-140,50.0,False
33175-06G-150,40.0,False
33175-06G-160,43.0,False
33175-06G-85,47.0,False
33175-06G-90,33.0,False
33175-145-130,62.0,False
33175-145-150,54.0,False
33175-145-160,50.0,False
33175-1AY-140,61.0,False
33175-1AY-150,58.0,False
33175-1AY-160,50.0,False
33175-1FL-100,69.0,False
33175-1FL-150,46.0,False
33175-1FL-160,47.0,False
33175-1FL-85,74.0,False
33175-1KJ-110,44.0,False
33175-1KJ-120,64.0,False
33175-1KJ-130,65.0,False
33175-1KJ-140,54.0,False
33175-1KJ-150,35.0,False
33175-1KJ-160,34.0,False
33175-1KJ-85,29.0,False
33175-1KJ-90,35.0,False
33175-S74-100,84.0,False
33175-S74-130,60.0,False
33175-S74-140,57.0,False
33175-S74-150,51.0,False
33175-S74-85,80.0,False
33175-SR4-140,58.0,False
33175-SR4-160,50.0,False
33218-011-140,72.0,False
33218-011-150,70.0,False
33218-011-160,59.0,False
33218-145-100,101.0,False
33218-145-110,92.0,False
33218-145-120,85.0,False
33218-145-130,75.0,False
33218-145-140,85.0,False
33218-145-150,62.0,False
33218-145-160,65.0,False
33218-145-85,49.0,False
33218-145-90,72.0,False
33218-1AY-100,53.0,False
33218-1AY-110,63.0,False
33218-1AY-120,97.0,False
33218-1AY-130,97.0,False
33218-1AY-140,82.0,False
33218-1AY-150,76.0,False
33218-1AY-160,63.0,False
33218-1AY-90,55.0,False
33218-1FL-100,40.0,False
33218-1FL-110,61.0,False
33218-1FL-120,90.0,False
33218-1FL-130,66.0,False
33218-1FL-140,81.0,False
33218-1FL-150,78.0,False
33218-1FL-160,80.0,False
33218-1FL-85,27.0,False
33218-1FL-90,34.0,False
33218-1KJ-100,108.0,False
33218-1KJ-110,98.0,False
33218-1KJ-120,82.0,False
33218-1KJ-130,100.0,False
33218-1KJ-140,82.0,False
33218-1KJ-150,76.0,False
33218-1KJ-160,70.0,False
33218-1KJ-85,46.0,False
33218-1KJ-90,58.0,False
33218-30H-100,20.0,False
33218-30H-110,31.0,False
33218-30H-120,48.0,False
33218-30H-130,48.0,False
33218-30H-140,49.0,False
33218-30H-150,44.0,False
33218-30H-160,41.0,False
33218-30H-85,9.0,False
33218-30H-90,15.0,False
33218-SR4-100,98.0,False
33218-SR4-110,102.0,False
33218-SR4-120,96.0,False
33218-SR4-130,83.0,False
33218-SR4-140,79.0,False
33218-SR4-150,67.0,False
33218-SR4-160,60.0,False
33218-SR4-85,39.0,False
33218-SR4-90,99.0,False
37028-3QB-110,30.0,False
37028-3QB-150,20.0,False
37028-3QB-160,21.0,False
37028-3SJ-100,36.0,False
37028-3SJ-110,30.0,False
37028-3SJ-120,30.0,False
37028-3SJ-130,24.0,False
37028-3SJ-140,23.0,False
37028-3SJ-150,18.0,False
37028-3SJ-160,20.0,False
37028-3SJ-85,36.0,False
37028-3SJ-90,36.0,False
37028-3SN-100,80.0,False
37028-3SN-110,70.0,False
37028-3SN-120,61.0,False
37028-3SN-130,64.0,False
37028-3SN-140,57.0,False
37028-3SN-150,41.0,False
37028-3SN-160,36.0,False
37028-3SN-85,99.0,False
37028-3SN-90,95.0,False
37028-4KZ-140,24.0,False
37028-4LF-140,21.0,False
37028-4LF-150,20.0,False
37028-4LF-160,19.0,False
37028-4LR-100,60.0,False
37028-4LR-110,60.0,False
37028-4LR-120,50.0,False
37028-4LR-130,55.0,False
37028-4LR-140,42.0,False
37028-4LR-150,40.0,False
37028-4LR-160,32.0,False
37028-4LR-85,90.0,False
37028-4LR-90,70.0,False
37028-4ND-130,63.0,False
37028-4ND-140,55.0,False
37028-4ND-150,49.0,False
37028-4ND-160,35.0,False
39973-48Q-100,38.0,False
39973-48Q-150,45.0,False
39973-48Q-90,30.0,False
39973-AH1-130,66.0,False
41423-011-100,127.0,False
41423-011-110,118.0,False
41423-011-120,47.0,False
41423-011-140,29.0,False
41423-011-150,23.0,False
41423-011-90,108.0,False
43197-SR4-100,87.0,False
43197-SR4-110,113.0,False
43197-SR4-120,117.0,False
43197-SR4-130,131.0,False
43197-SR4-140,91.0,False
43205-2KC-100,282.0,False
43205-2KC-110,240.0,False
43205-2KC-120,255.0,False
43205-2KC-130,250.0,False
43205-2KC-140,146.0,False
43205-2KC-150,110.0,False
43205-2KC-85,150.0,False
43205-2KC-90,319.0,False
43205-2KE-100,200.0,False
43205-2KE-110,217.0,False
43205-2KE-120,194.0,False
43205-2KE-130,192.0,False
43205-2KE-140,164.0,False
43205-2KE-150,82.0,False
43205-2KE-85,96.0,False
43205-2KE-90,203.0,False
43205-5HV-100,163.0,False
43205-5HV-90,134.0,False
44223-CW2-150,37.0,False
44403-2BX-L,60.0,False
44403-2BX-XL,52.0,False
44403-2C2-XL,55.0,False
44403-2CF-XL,24.0,False
44403-2CF-XXL,20.0,False
44403-2CH-XXL,50.0,False
44403-2CK-XL,24.0,False
44403-2CK-XS,30.0,False
44403-2CK-XXL,20.0,False
44403-2FW-L,29.0,False
44403-2FW-M,78.0,False
44403-2FW-S,82.0,False
44403-2FW-XL,15.0,False
44403-2FW-XS,10.0,False
44403-2FW-XXL,9.0,False
44403-2GX-L,66.0,False
44403-2GX-M,63.0,False
44403-2GX-S,67.0,False
44403-2GX-XL,60.0,False
44403-2GX-XS,78.0,False
44403-2GX-XXL,37.0,False
44403-2HC-L,28.0,False
44403-2HC-S,30.0,False
44403-2HC-XL,24.0,False
44403-2HC-XS,30.0,False
44403-2HC-XXL,20.0,False
44403-727-L,55.0,False
44403-727-M,60.0,False
44403-727-S,60.0,False
44403-727-XL,50.0,False
44403-727-XS,65.0,False
44403-727-XXL,45.0,False
44403-QX6-L,28.0,False
44403-XS9-L,28.0,False
44403-XS9-M,28.0,False
44403-XS9-S,30.0,False
44403-XS9-XL,27.0,False
44403-XS9-XS,30.0,False
44403-XU1-L,55.0,False
44403-XU1-M,60.0,False
44403-XU1-S,60.0,False
44403-XU1-XL,50.0,False
44403-XU1-XXL,45.0,False
44441-015-100/110,160.0,False
44441-015-120/130,164.0,False
44441-015-140/150,118.0,False
44441-015-80/90,204.0,False
44441-3UU-100/110,168.0,False
44441-3UU-120/130,140.0,False
44441-3UU-140/150,124.0,False
44441-3UU-80/90,208.0,False
44441-R25-100/110,176.0,False
44441-R25-120/130,160.0,False
44441-R25-140/150,126.0,False
44441-R25-80/90,234.0,False
45039-001-10/12,119.0,False
45039-001-12/1Y,102.0,False
45039-001-1Y/3Y,102.0,False
45039-001-3Y/5Y,69.0,False
45039-001-5/7,61.0,False
45039-001-7/9,134.0,False
45039-PG7-12/1Y,64.0,False
45039-PG7-1Y/3Y,96.0,False
45039-PG7-3Y/5Y,90.0,False
45346-2KD-100,225.0,False
45346-2KD-110,221.0,False
45346-2KD-120,200.0,False
45346-2KD-130,187.0,False
45346-2KD-140,163.0,False
45346-2KD-150,155.0,False
45346-2KD-85,80.0,False
45346-2KD-90,182.0,False
45346-2KE-100,249.0,False
45346-2KE-110,190.0,False
45346-2KE-120,200.0,False
45346-2KE-130,192.0,False
45346-2KE-140,188.0,False
45346-2KE-150,90.0,False
45346-2KE-85,86.0,False
45346-2KE-90,207.0,False
45346-32V-100,226.0,False
45346-32V-110,245.0,False
45346-32V-120,221.0,False
45346-32V-130,200.0,False
45346-32V-140,162.0,False
45346-32V-150,97.0,False
45346-32V-85,96.0,False
45346-32V-90,214.0,False
45346-3KH-100,170.0,False
45346-3KH-110,228.0,False
45346-3KH-120,194.0,False
45346-3KH-130,148.0,False
45346-3KH-140,160.0,False
45346-3KH-150,132.0,False
45346-3KH-85,136.0,False
45346-3KH-90,191.0,False
45358-CW2-120,105.0,False
45358-CW2-130,80.0,False
45358-CW2-140,60.0,False
45358-CW2-150,80.0,False
45359-DW1-140,42.0,False
45477-1AY-100,50.0,False
45477-1AY-110,50.0,False
45477-1AY-120,40.0,False
45477-1AY-130,35.0,False
45477-1AY-140,30.0,False
45477-1AY-150,30.0,False
45477-1AY-85,74.0,False
45477-1AY-90,50.0,False
45477-1FZ-100,59.0,False
45477-1FZ-110,50.0,False
45477-1FZ-120,40.0,False
45477-1FZ-130,35.0,False
45477-1FZ-140,32.0,False
45477-1FZ-150,30.0,False
45477-1FZ-85,76.0,False
45477-1FZ-90,50.0,False
45477-SR4-150,25.0,False
46239-1DH-100,95.0,False
46239-1DH-110,95.0,False
46239-1DH-120,150.0,False
46239-1DH-130,95.0,False
46239-1DH-140,88.0,False
46239-1DH-150,80.0,False
46239-1DH-85,75.0,False
46239-1DH-90,110.0,False
46239-1GF-100,178.0,False
46239-1GF-110,114.0,False
46239-1GF-120,140.0,False
46239-1GF-130,100.0,False
46239-1GF-140,109.0,False
46239-1GF-150,100.0,False
46239-1GF-85,112.0,False
46239-1GF-90,150.0,False
46239-2EL-100,150.0,False
46239-2EL-110,120.0,False
46239-2EL-120,120.0,False
46239-2EL-130,120.0,False
46239-2EL-140,102.0,False
46239-2EL-150,110.0,False
46239-2EL-85,166.0,False
46239-2EL-90,150.0,False
46239-GK3-100,62.0,False
46239-GK3-110,123.0,False
46239-GK3-120,130.0,False
46239-GK3-130,95.0,False
46239-GK3-140,84.0,False
46239-GK3-150,66.0,False
46239-GK3-85,32.0,False
46239-GK3-90,70.0,False
47052-NN9-85,100.0,False
47078-QN4-L,60.0,False
47078-QN4-M,70.0,False
47078-QN4-XS,90.0,False
47218-2EL-M,120.0,False
47218-2EL-S,140.0,False
47218-2EL-XS,160.0,False
47218-2EL-XXS,160.0,False
47681-5BV-100,36.0,False
47681-5BV-120,27.0,False
47681-5BV-130,24.0,False
47681-5BV-140,21.0,False
47681-5BV-150,18.0,False
47681-5BV-75,36.0,False
47681-5BV-80,36.0,False
47681-5BV-85,36.0,False
47681-5BV-90,36.0,False
47681-5CM-110,30.0,False
47681-5CM-120,27.0,False
47681-5CM-130,24.0,False
47681-5CM-140,21.0,False
47681-5CM-150,18.0,False
47681-5CM-75,37.0,False
47681-5CM-80,36.0,False
47681-5CN-150,18.0,False
47681-5CN-75,36.0,False
47681-5DD-100,36.0,False
47681-5DD-110,30.0,False
47681-5DD-120,27.0,False
47681-5DD-130,24.0,False
47681-5DD-140,22.0,False
47681-5DD-150,18.0,False
47681-5DD-75,25.0,False
47681-5DD-80,38.0,False
47681-5DD-85,36.0,False
47681-5DD-90,37.0,False
47681-5PK-100,36.0,False
47681-5PK-110,30.0,False
47681-5PK-120,27.0,False
47681-5PK-130,24.0,False
47681-5PK-140,22.0,False
47681-5PK-150,18.0,False
47681-5PK-75,36.0,False
47681-5PK-80,36.0,False
47681-5PK-85,36.0,False
47681-5PK-90,36.0,False
47681-5QG-130,24.0,False
47681-5QG-140,21.0,False
47681-5QG-150,18.0,False
47681-5QG-75,36.0,False
47681-5QG-80,36.0,False
47681-5QG-85,36.0,False
47684-5LW-100,36.0,False
47684-5LW-110,30.0,False
47684-5LW-120,30.0,False
47684-5LW-130,24.0,False
47684-5LW-140,21.0,False
47684-5LW-150,18.0,False
47684-5LW-85,36.0,False
47684-5LW-90,38.0,False
47684-5LX-100,70.0,False
47684-5LX-110,60.0,False
47684-5LX-120,60.0,False
47684-5LX-130,50.0,False
47684-5LX-140,45.0,False
47684-5LX-150,45.0,False
47684-5LX-85,80.0,False
47684-5LX-90,80.0,False
47684-5LY-100,71.0,False
47684-5LY-110,60.0,False
47684-5LY-120,60.0,False
47684-5LY-130,50.0,False
47684-5LY-140,45.0,False
47684-5LY-150,45.0,False
47684-5LY-85,90.0,False
47684-5LY-90,80.0,False
47684-5LZ-130,55.0,False
47684-5LZ-150,45.0,False
47684-5LZ-85,90.0,False
47684-5LZ-90,80.0,False
47684-5M5-140,45.0,False
47684-5M5-150,45.0,False
47684-5M5-85,90.0,False
47684-5M5-90,80.0,False
47929-U74-L,60.0,False
47929-U74-S,70.0,False
47929-U74-XL,62.0,False
47929-U74-XS,66.0,False
47929-U74-XXL,48.0,False
48080-2KE-100,43.0,False
48080-2KE-110,45.0,False
48080-2KE-120,45.0,False
48080-2KE-130,50.0,False
48080-2KE-140,45.0,False
48080-2KE-150,35.0,False
48080-2KE-85,57.0,False
48080-2KE-90,44.0,False
48080-32B-100,55.0,False
48080-32B-110,47.0,False
48080-32B-120,45.0,False
48080-32B-130,50.0,False
48080-32B-140,45.0,False
48080-32B-150,46.0,False
48080-32B-85,55.0,False
48080-32B-90,55.0,False
48080-5HP-100,43.0,False
48080-5HP-150,34.0,False
48080-5HW-85,40.0,False
48080-6VW-100,40.0,False
48080-6VW-110,45.0,False
48080-6VW-120,45.0,False
48080-6VW-130,46.0,False
48080-6VW-140,42.0,False
48080-6VW-150,33.0,False
48080-6VW-85,45.0,False
48080-6VW-90,49.0,False
48080-PM7-110,50.0,False
48200-4MB-S,300.0,False
48200-4MB-XS,350.0,False
48200-4MB-XXS,301.0,False
48879-FX7-XL,53.0,False
48879-FX7-XS,70.0,False
49027-GK3-100,85.0,False
49027-GK3-110,80.0,False
49027-GK3-120,76.0,False
49027-GK3-130,70.0,False
49027-GK3-140,65.0,False
49027-GK3-150,60.0,False
49027-GK3-85,95.0,False
49027-GK3-90,90.0,False
49027-SR4-100,85.0,False
49027-SR4-110,80.0,False
49027-SR4-120,80.0,False
49027-SR4-130,70.0,False
49027-SR4-140,65.0,False
49027-SR4-150,60.0,False
49027-SR4-85,95.0,False
49027-SR4-90,90.0,False
50265-2BX-L,150.0,False
50265-2BX-S,250.0,False
50265-2BX-XL,130.0,False
50265-2BX-XS,154.0,False
50265-3SN-L,125.0,False
50265-3SN-M,130.0,False
50265-3SN-S,135.0,False
50265-3SN-XL,85.0,False
50265-3SN-XS,49.0,False
50265-4LF-L,60.0,False
50265-4LF-M,71.0,False
50265-4LF-S,73.0,False
50265-4LF-XL,55.0,False
50265-4LF-XS,44.0,False
50265-4XJ-L,170.0,False
50265-4XJ-M,200.0,False
50265-4XJ-S,276.0,False
50265-4XJ-XL,128.0,False
50265-4XJ-XS,122.0,False
50265-4YZ-XL,120.0,False
50265-5BE-L,77.0,False
50265-5BE-M,83.0,False
50265-5BE-S,86.0,False
50265-5BE-XL,48.0,False
50265-5BE-XS,44.0,False
50265-727-L,130.0,False
50265-727-M,150.0,False
50265-727-S,169.0,False
50265-727-XL,96.0,False
50265-727-XS,58.0,False
50265-XU1-L,130.0,False
50265-XU1-M,150.0,False
50265-XU1-S,220.0,False
50265-XU1-XL,100.0,False
50265-XU1-XS,220.0,False
50754-1MW-L,134.0,False
50754-1MW-M,141.0,False
50754-1MW-S,116.0,False
50754-1MW-XL,108.0,False
50754-1MW-XS,95.0,False
50754-1NA-L,46.0,False
50754-1NA-M,50.0,False
50754-1NA-S,37.0,False
50754-1NA-XL,36.0,False
50754-1NA-XS,33.0,False
50754-3GB-L,36.0,False
50754-3GB-M,112.0,False
50754-3GB-S,154.0,False
50754-3GB-XL,12.0,False
50754-3GB-XS,68.0,False
50754-3GC-L,36.0,False
50754-3GC-M,114.0,False
50754-3GC-S,160.0,False
50754-3GC-XL,12.0,False
50754-3GC-XS,69.0,False
50754-WQ9-L,100.0,False
50754-WQ9-M,151.0,False
50754-WQ9-S,120.0,False
50754-WQ9-XL,64.0,False
50754-WQ9-XS,62.0,False
50763-001-S,61.0,False
50763-1MT-L,138.0,False
50763-1MT-M,140.0,False
50763-1MT-S,150.0,False
50763-1MT-XL,63.0,False
50763-1MT-XS,113.0,False
50763-6ZU-L,52.0,False
50763-6ZU-M,122.0,False
50763-6ZU-S,133.0,False
50763-6ZU-XL,16.0,False
50763-6ZU-XS,39.0,False
50763-NL1-L,64.0,False
50763-NL1-XL,27.0,False
50763-NL1-XS,21.0,False
50763-UD9-L,76.0,False
50763-UD9-M,83.0,False
50763-UD9-S,60.0,False
50763-UD9-XS,20.0,False
50764-001-L,100.0,False
50764-001-S,130.0,False
50764-001-XL,56.0,False
50764-001-XS,41.0,False
50764-NL1-L,54.0,False
50764-UD9-L,90.0,False
50764-UD9-M,105.0,False
50764-UD9-S,69.0,False
50764-UD9-XL,71.0,False
50764-UD9-XS,21.0,False
52121-2AB-100,36.0,False
52121-2AB-110,30.0,False
52121-2AB-120,27.0,False
52121-2AB-130,24.0,False
52121-2AB-140,21.0,False
52121-2AB-150,19.0,False
52121-2AB-160,18.0,False
52121-2AB-85,36.0,False
52121-2AB-90,36.0,False
52121-2AC-100,37.0,False
52121-2AC-110,30.0,False
52121-2AC-120,30.0,False
52121-2AC-130,24.0,False
52121-2AC-140,21.0,False
52121-2AC-150,18.0,False
52121-2AC-160,18.0,False
52121-2AC-85,36.0,False
52121-2AC-90,36.0,False
52309-1MW-L,65.0,False
52309-1MW-M,108.0,False
52309-1MW-S,86.0,False
52309-1MW-XL,21.0,False
52309-1MW-XS,24.0,False
52309-1NA-L,142.0,False
52309-1NA-M,150.0,False
52309-1NA-S,186.0,False
52309-1NA-XL,41.0,False
52309-1NA-XS,54.0,False
52309-3GB-L,79.0,False
52309-3GB-M,185.0,False
52309-3GB-S,200.0,False
52309-3GB-XL,20.0,False
52309-3GB-XS,72.0,False
52309-3GC-L,75.0,False
52309-3GC-M,185.0,False
52309-3GC-S,200.0,False
52309-3GC-XL,20.0,False
52309-3GC-XS,58.0,False
52309-WQ9-L,155.0,False
52309-WQ9-M,131.0,False
52309-WQ9-S,70.0,False
52309-WQ9-XL,130.0,False
52309-WQ9-XS,23.0,False
52312-J91-L,108.0,False
52312-J91-M,140.0,False
52312-J91-S,137.0,False
52312-J91-XL,70.0,False
52312-J91-XS,42.0,False
52399-011-M,60.0,False
52399-011-S,70.0,False
52399-011-XS,70.0,False
52399-011-XXS,52.0,False
52399-3LA-M,50.0,False
52399-3LA-S,61.0,False
52399-3LA-XS,61.0,False
52399-3LA-XXS,56.0,False
52399-3UU-S,60.0,False
52399-3UU-XS,65.0,False
52399-3UU-XXL,50.0,False
52399-3UU-XXS,44.0,False
52399-3UZ-L,50.0,False
52399-3UZ-M,50.0,False
52399-3UZ-S,60.0,False
52399-3UZ-XL,50.0,False
52399-3UZ-XS,65.0,False
52399-3UZ-XXL,50.0,False
52399-3UZ-XXS,57.0,False
52621-2C2-1/2,117.0,False
52621-2C2-10/12,260.0,False
52621-2C2-12/1Y,187.0,False
52621-2C2-1Y/3Y,195.0,False
52621-2C2-2/4,173.0,False
52621-2C2-3Y/5Y,170.0,False
52621-2C2-5/7,360.0,False
52621-2C2-7/9,286.0,False
52621-2FY-1/2,76.0,False
52621-2FY-10/12,260.0,False
52621-2FY-12/1Y,213.0,False
52621-2FY-1Y/3Y,165.0,False
52621-2FY-2/4,116.0,False
52621-2FY-3Y/5Y,144.0,False
52621-2FY-5/7,298.0,False
52621-2FY-7/9,260.0,False
52621-4XJ-1/2,59.0,False
52621-4XJ-10/12,260.0,False
52621-4XJ-12/1Y,167.0,False
52621-4XJ-1Y/3Y,161.0,False
52621-4XJ-2/4,89.0,False
52621-4XJ-3Y/5Y,144.0,False
52621-4XJ-5/7,216.0,False
52621-4XJ-7/9,260.0,False
52621-5BE-1/2,48.0,False
52621-5BE-10/12,258.0,False
52621-5BE-12/1Y,137.0,False
52621-5BE-1Y/3Y,180.0,False
52621-5BE-2/4,73.0,False
52621-5BE-3Y/5Y,142.0,False
52621-5BE-5/7,185.0,False
52621-5BE-7/9,245.0,False
52621-75Z-10/12,246.0,False
52621-75Z-12/1Y,176.0,False
52621-75Z-1Y/3Y,170.0,False
52621-75Z-2/4,198.0,False
52621-75Z-3Y/5Y,164.0,False
52621-75Z-5/7,300.0,False
52621-75Z-7/9,260.0,False
52622-2FY-M/L,138.0,False
52622-2FY-XL,138.0,False
52622-2FY-XS/S,138.0,False
52622-5BE-M/L,161.0,False
52622-5BE-XL,154.0,False
52622-5BE-XS/S,140.0,False
52667-FX8-OS,160.0,False
52706-NP0-100,85.0,False
52706-NP0-110,82.0,False
52706-NP0-130,66.0,False
52706-NP0-140,60.0,False
52706-NP0-150,59.0,False
52706-NP0-160,40.0,False
52706-NP0-85,90.0,False
52706-NP0-90,96.0,False
52733-461-1/2,206.0,False
52733-76X-NB,58.0,False
54899-2XQ-M,67.0,False
54899-2XQ-S,80.0,False
54899-2XQ-XL,46.0,False
54899-2XQ-XS,57.0,False
54899-2XQ-XXL,24.0,False
54899-2XU-L,28.0,False
54899-2XU-M,28.0,False
54899-2XU-S,30.0,False
54899-2XU-XL,24.0,False
54899-2XU-XS,30.0,False
54899-2XU-XXL,11.0,False
54899-2YF-L,65.0,False
54899-2YF-M,70.0,False
54899-2YF-S,80.0,False
54899-2YF-XL,45.0,False
54899-2YF-XS,39.0,False
54899-2YF-XXL,18.0,False
54901-2NP-XL,20.0,False
57552-PW7-100,86.0,False
57552-PW7-110,79.0,False
57552-PW7-120,70.0,False
57552-PW7-130,51.0,False
57552-PW7-140,54.0,False
57552-PW7-150,45.0,False
57552-PW7-160,26.0,False
57552-PW7-85,85.0,False
57552-PW7-90,82.0,False
57552-PW8-100,84.0,False
57552-PW8-110,80.0,False
57552-PW8-120,69.0,False
57552-PW8-130,58.0,False
57552-PW8-140,38.0,False
57552-PW8-150,39.0,False
57552-PW8-160,13.0,False
57552-PW8-85,68.0,False
57552-PW8-90,100.0,False
57826-03T-100,36.0,False
57826-03T-110,32.0,False
57826-03T-120,25.0,False
57826-03T-130,24.0,False
57826-03T-140,18.0,False
57826-03T-150,19.0,False
57826-03T-85,37.0,False
57826-03T-90,52.0,False
57826-3VC-100,32.0,False
57826-3VC-110,32.0,False
57826-3VC-120,28.0,False
57826-3VC-130,24.0,False
57826-3VC-140,27.0,False
57826-3VC-150,24.0,False
57826-3VC-85,32.0,False
57826-3VC-90,32.0,False
57826-DD4-100,40.0,False
57826-DD4-110,30.0,False
57826-DD4-120,24.0,False
57826-DD4-130,25.0,False
57826-DD4-140,21.0,False
57826-DD4-150,18.0,False
57826-DD4-85,43.0,False
57826-DD4-90,41.0,False
58660-1MU-L,50.0,False
58660-1MU-M,60.0,False
58660-1MU-S,70.0,False
58660-1MU-XL,35.0,False
58660-1MU-XS,44.0,False
58660-1MV-L,50.0,False
58660-1MV-M,60.0,False
58660-1MV-S,70.0,False
58660-1MV-XL,45.0,False
58660-1MV-XS,66.0,False
58660-2RC-L,50.0,False
58660-2RC-M,60.0,False
58660-2RC-S,70.0,False
58660-2RC-XL,36.0,False
58660-2RC-XS,80.0,False
58660-3GD-L,52.0,False
58660-3GD-M,60.0,False
58660-3GD-S,70.0,False
58660-3GD-XL,45.0,False
58660-3GD-XS,80.0,False
58660-3GE-L,50.0,False
58660-3GE-M,60.0,False
58660-3GE-S,70.0,False
58660-3GE-XL,42.0,False
58660-3GE-XS,80.0,False
58660-3GI-L,52.0,False
58660-3GI-M,60.0,False
58660-3GI-S,70.0,False
58660-3GI-XL,45.0,False
58660-3GI-XS,80.0,False
58660-3GJ-L,50.0,False
58660-3GJ-M,60.0,False
58660-3GJ-S,70.0,False
58660-3GJ-XL,28.0,False
58660-3GJ-XS,80.0,False
58660-521-L,24.0,False
58660-521-M,60.0,False
58660-521-S,70.0,False
58660-521-XL,12.0,False
58660-521-XS,80.0,False
58661-1MU-L,60.0,False
58661-1MU-M,70.0,False
58661-1MU-S,80.0,False
58661-1MU-XL,51.0,False
58661-1MU-XS,77.0,False
58661-1MV-L,60.0,False
58661-1MV-M,70.0,False
58661-1MV-S,80.0,False
58661-1MV-XL,51.0,False
58661-1MV-XS,78.0,False
58661-2RC-L,64.0,False
58661-2RC-M,70.0,False
58661-2RC-S,85.0,False
58661-2RC-XL,50.0,False
58661-2RC-XS,83.0,False
58661-3GD-L,60.0,False
58661-3GD-M,70.0,False
58661-3GD-S,80.0,False
58661-3GD-XL,50.0,False
58661-3GD-XS,30.0,False
58661-3GE-L,69.0,False
58661-3GE-M,72.0,False
58661-3GE-S,85.0,False
58661-3GE-XL,50.0,False
58661-3GE-XS,44.0,False
58661-3GI-L,64.0,False
58661-3GI-M,72.0,False
58661-3GI-S,84.0,False
58661-3GI-XL,56.0,False
58661-3GI-XS,90.0,False
58661-3GJ-L,60.0,False
58661-3GJ-M,70.0,False
58661-3GJ-S,87.0,False
58661-3GJ-XL,52.0,False
58661-3GJ-XS,90.0,False
58661-521-L,60.0,False
58661-521-M,70.0,False
58661-521-S,80.0,False
58661-521-XL,53.0,False
58661-521-XS,78.0,False
58662-1MT-L,50.0,False
58662-1MT-M,60.0,False
58662-1MT-XL,45.0,False
58662-2RA-L,50.0,False
58662-2RA-M,61.0,False
58662-2RA-S,71.0,False
58662-2RA-XL,24.0,False
58662-2RA-XS,75.0,False
58662-3GA-L,52.0,False
58662-3GA-M,60.0,False
58662-3GA-S,70.0,False
58662-3GA-XL,29.0,False
58662-3GA-XS,75.0,False
58662-3GF-L,51.0,False
58662-3GF-M,60.0,False
58662-3GF-S,73.0,False
58662-3GF-XL,30.0,False
58662-3GF-XS,78.0,False
58662-3GG-L,55.0,False
58662-3GG-M,67.0,False
58662-3GG-S,71.0,False
58662-3GG-XL,40.0,False
58662-3GG-XS,46.0,False
58662-522-L,50.0,False
58662-522-M,62.0,False
58662-522-S,70.0,False
58662-522-XL,45.0,False
58662-522-XS,41.0,False
58662-524-L,50.0,False
58662-524-M,60.0,False
58662-524-S,70.0,False
58662-524-XL,45.0,False
58662-524-XS,30.0,False
58663-2RB-L,50.0,False
58663-2RB-M,60.0,False
58663-2RB-S,70.0,False
58663-2RB-XL,45.0,False
58663-2RB-XS,34.0,False
58663-3GH-L,50.0,False
58663-3GH-M,64.0,False
58663-3GH-S,70.0,False
58663-3GH-XL,48.0,False
58663-3GH-XS,56.0,False
58663-525-L,50.0,False
58663-525-M,60.0,False
58663-525-S,70.0,False
58663-525-XL,47.0,False
58663-525-XS,56.0,False
58663-WS1-L,50.0,False
58663-WS1-M,60.0,False
58663-WS1-S,70.0,False
58663-WS1-XL,45.0,False
58663-WS1-XS,64.0,False
58665-1MY-S,52.0,False
58665-1MY-XS,51.0,False
58665-1MZ-S,55.0,False
58665-1MZ-XS,50.0,False
58665-527-S,50.0,False
58665-527-XS,57.0,False
58665-528-S,51.0,False
58665-528-XS,55.0,False
59845-1BE-L,24.0,False
59845-1BE-M,24.0,False
59845-1BE-S,28.0,False
59845-1BE-XS,28.0,False
59845-2BX-S,65.0,False
59845-2BX-XS,70.0,False
59845-2C2-M,60.0,False
59845-2C2-S,65.0,False
59845-2C2-XL,50.0,False
59845-2C2-XS,38.0,False
59845-2C2-XXL,50.0,False
59845-2CH-XS,70.0,False
59845-2FW-L,60.0,False
59845-2FW-M,63.0,False
59845-2FW-XL,55.0,False
59845-2FW-XXL,55.0,False
59845-2GX-S,64.0,False
59845-2GX-XS,44.0,False
59845-2HC-S,28.0,False
59845-2HC-XS,28.0,False
59845-727-L,45.0,False
59845-727-M,50.0,False
59845-727-S,50.0,False
59845-727-XL,40.0,False
59845-727-XS,19.0,False
59845-727-XXL,35.0,False
59845-XS9-S,28.0,False
59845-XS9-XS,28.0,False
59845-XU1-S,50.0,False
59852-2BX-150,50.0,False
59852-2C2-120,73.0,False
59852-2C2-130,60.0,False
59852-2C2-140,55.0,False
59852-2C2-150,50.0,False
59852-2C2-160,45.0,False
59852-2C2-75,90.0,False
59852-2C2-80,92.0,False
59852-2CF-130,24.0,False
59852-2CF-140,21.0,False
59852-2CF-150,18.0,False
59852-2CF-160,19.0,False
59852-2CH-100,85.0,False
59852-2CH-110,75.0,False
59852-2CH-120,72.0,False
59852-2CH-130,60.0,False
59852-2CH-140,55.0,False
59852-2CH-150,50.0,False
59852-2CH-160,45.0,False
59852-2CK-130,25.0,False
59852-2CK-140,24.0,False
59852-2CK-150,19.0,False
59852-2CK-160,20.0,False
59852-2FK-100,74.0,False
59852-2FK-130,54.0,False
59852-2FK-140,55.0,False
59852-2FK-150,50.0,False
59852-2FK-160,46.0,False
59852-2FO-110,30.0,False
59852-2FO-120,27.0,False
59852-2FO-130,24.0,False
59852-2FO-140,21.0,False
59852-2FO-150,18.0,False
59852-2FO-160,18.0,False
59852-2FO-85,38.0,False
59852-2FO-90,36.0,False
59852-2FV-110,80.0,False
59852-2FV-120,72.0,False
59852-2FV-130,64.0,False
59852-2FV-140,55.0,False
59852-2FV-150,52.0,False
59852-2FV-160,50.0,False
59852-2FW-110,83.0,False
59852-2FW-130,66.0,False
59852-2FW-140,60.0,False
59852-2FW-150,59.0,False
59852-2FW-160,51.0,False
59852-2GG-160,44.0,False
59852-2GG-75,101.0,False
59852-2GG-80,100.0,False
59852-2HC-130,24.0,False
59852-2HC-140,21.0,False
59852-2HC-150,20.0,False
59852-2HC-160,19.0,False
59852-4XM-140,21.0,False
59852-4XM-150,18.0,False
59852-4XM-160,18.0,False
59852-4XY-120,60.0,False
59852-4XY-130,56.0,False
59852-4XY-140,45.0,False
59852-4XY-150,45.0,False
59852-4XY-160,35.0,False
59852-4XY-75,75.0,False
59852-QX6-100,36.0,False
59852-QX6-110,30.0,False
59852-QX6-130,25.0,False
59852-QX6-140,21.0,False
59852-QX6-150,18.0,False
59852-QX6-160,18.0,False
59852-QX6-85,36.0,False
59852-QX6-90,36.0,False
59852-XS9-100,36.0,False
59852-XS9-110,30.0,False
59852-XS9-120,27.0,False
59852-XS9-130,24.0,False
59852-XS9-140,21.0,False
59852-XS9-150,18.0,False
59852-XS9-160,18.0,False
59852-XS9-85,36.0,False
59852-XS9-90,36.0,False
59852-XU1-100,74.0,False
59852-XU1-110,61.0,False
59852-XU1-120,55.0,False
59852-XU1-130,50.0,False
59852-XU1-140,45.0,False
59852-XU1-150,40.0,False
59852-XU1-160,36.0,False
59852-XU1-85,80.0,False
59852-XU1-90,80.0,False
59956-31W-100,46.0,False
59956-31W-110,46.0,False
59956-31W-120,34.0,False
59956-31W-130,33.0,False
59956-31W-140,23.0,False
59956-31W-150,23.0,False
59956-31W-85,30.0,False
59956-31W-90,43.0,False
59956-DD4-100,39.0,False
59956-DD4-110,45.0,False
59956-DD4-120,36.0,False
59956-DD4-130,32.0,False
59956-DD4-140,25.0,False
59956-DD4-150,21.0,False
59956-DD4-90,48.0,False
59956-PM7-100,43.0,False
59956-PM7-110,42.0,False
59956-PM7-120,40.0,False
59956-PM7-130,32.0,False
59956-PM7-140,25.0,False
59956-PM7-150,22.0,False
59956-PM7-85,33.0,False
59956-PM7-90,41.0,False
60008-727-50,89.0,False
60008-727-60,126.0,False
60008-727-70,120.0,False
60008-727-75,100.0,False
60008-727-80,100.0,False
60008-727-85,100.0,False
60008-727-90,58.0,False
60325-1BE-XXL,20.0,False
60325-2BX-XL,62.0,False
60325-2C2-XS,70.0,False
60325-2C2-XXL,60.0,False
60325-2CK-L,28.0,False
60325-2CK-S,30.0,False
60325-2CK-XL,24.0,False
60325-2CK-XS,30.0,False
60325-2CK-XXL,20.0,False
60325-727-L,58.0,False
60325-727-M,60.0,False
60325-727-S,63.0,False
60325-727-XL,50.0,False
60325-727-XS,65.0,False
60325-727-XXL,45.0,False
60325-XS9-L,28.0,False
60325-XS9-XL,25.0,False
60325-XU1-L,55.0,False
60325-XU1-M,60.0,False
60325-XU1-XS,65.0,False
60363-2OU-100,100.0,False
60363-2OU-110,90.0,False
60363-2OU-120,80.0,False
60363-2OU-130,70.0,False
60363-2OU-140,60.0,False
60363-2OU-150,55.0,False
60363-2OU-85,120.0,False
60363-2OU-90,110.0,False
60363-34K-100,100.0,False
60363-34K-110,90.0,False
60363-34K-120,80.0,False
60363-34K-130,70.0,False
60363-34K-140,60.0,False
60363-34K-150,55.0,False
60363-34K-85,120.0,False
60363-34K-90,110.0,False
60363-35G-100,100.0,False
60363-35G-110,90.0,False
60363-35G-120,80.0,False
60363-35G-130,70.0,False
60363-35G-140,60.0,False
60363-35G-150,55.0,False
60363-35G-85,120.0,False
60363-35G-90,110.0,False
60363-35K-100,100.0,False
60363-35K-110,90.0,False
60363-35K-120,80.0,False
60363-35K-130,70.0,False
60363-35K-140,60.0,False
60363-35K-150,55.0,False
60363-35K-85,120.0,False
60363-35K-90,110.0,False
60363-3GR-100,100.0,False
60363-3GR-110,90.0,False
60363-3GR-120,80.0,False
60363-3GR-130,70.0,False
60363-3GR-140,60.0,False
60363-3GR-150,55.0,False
60363-3GR-85,123.0,False
60363-3GR-90,110.0,False
60363-5L5-100,80.0,False
60363-5L5-110,80.0,False
60363-5L5-130,64.0,False
60363-5L5-140,45.0,False
60363-5L5-85,105.0,False
60363-5L5-90,90.0,False
60363-5MS-150,45.0,False
60603-1CH-L,24.0,False
60603-1CH-M,25.0,False
60603-1CH-S,28.0,False
60603-1CH-XL,20.0,False
60603-1CH-XS,25.0,False
60603-1CH-XXL,17.0,False
60603-2ON-S,56.0,False
60603-2ON-XL,30.0,False
60603-2ON-XS,22.0,False
60603-2ON-XXL,13.0,False
60603-3DY-S,43.0,False
60603-3DY-XS,17.0,False
60603-3DY-XXL,12.0,False
60604-1CH-L,30.0,False
60604-1CH-M,28.0,False
60604-1CH-S,30.0,False
60604-1CH-XL,20.0,False
60604-1CH-XS,16.0,False
60604-1CH-XXL,11.0,False
60604-3DY-L,43.0,False
60604-3DY-XS,17.0,False
60604-3DY-XXL,11.0,False
60784-2XQ-L,61.0,False
60784-2XQ-XXL,11.0,False
60784-2XU-L,30.0,False
60784-2XU-M,30.0,False
60784-2XU-XL,24.0,False
60784-2XU-XXL,9.0,False
60784-2YF-L,71.0,False
60784-2YF-S,75.0,False
60784-2YF-XL,36.0,False
60784-2YF-XS,41.0,False
60784-2YF-XXL,8.0,False
61956-1WB-100,48.0,False
61956-1WB-110,45.0,False
61956-1WB-120,36.0,False
61956-1WB-130,36.0,False
61956-1WB-140,30.0,False
61956-1WB-150,27.0,False
61956-1WB-160,28.0,False
61956-1WB-85,48.0,False
61956-1WB-90,48.0,False
61956-3IL-150,53.0,False
61956-3IL-160,51.0,False
61956-3IL-85,100.0,False
61956-49M-100,100.0,False
61956-49M-110,110.0,False
61956-49M-120,80.0,False
61956-49M-130,70.0,False
61956-49M-140,60.0,False
61956-49M-150,50.0,False
61956-49M-160,50.0,False
61956-49M-85,100.0,False
61956-49M-90,110.0,False
61964-1WB-L,20.0,False
61964-1WB-M,20.0,False
61964-1WB-S,24.0,False
61964-1WB-XL,20.0,False
61964-1WB-XS,24.0,False
61964-1WB-XXL,16.0,False
64336-3CU-10/12,140.0,False
64336-3CU-12/1Y,120.0,False
64336-3CU-1Y/3Y,97.0,False
64336-3CU-3Y/5Y,84.0,False
64336-3CU-5/7,105.0,False
64336-3CU-7/9,138.0,False
64336-3CV-10/12,120.0,False
64336-3CV-12/1Y,120.0,False
64336-3CV-1Y/3Y,108.0,False
64336-3CV-3Y/5Y,87.0,False
64336-3CV-5/7,107.0,False
64336-3CV-7/9,135.0,False
64956-550-100,88.0,False
64956-550-110,85.0,False
64956-550-120,70.0,False
64956-550-130,60.0,False
64956-550-140,50.0,False
64956-550-150,50.0,False
64956-550-85,92.0,False
64956-550-90,80.0,False
64956-VM3-100,80.0,False
64956-VM3-110,80.0,False
64956-VM3-120,70.0,False
64956-VM3-130,60.0,False
64956-VM3-140,50.0,False
64956-VM3-150,52.0,False
64956-VM3-85,80.0,False
64956-VM3-90,80.0,False
64956-VM5-100,80.0,False
64956-VM5-110,80.0,False
64956-VM5-120,60.0,False
64956-VM5-130,60.0,False
64956-VM5-140,41.0,False
64956-VM5-150,40.0,False
64956-VM5-85,100.0,False
64956-VM5-90,80.0,False
65065-013-100,72.0,False
65065-013-110,76.0,False
65065-013-120,60.0,False
65065-013-130,60.0,False
65065-013-140,50.0,False
65065-013-150,45.0,False
65065-013-160,40.0,False
65065-013-85,47.0,False
65065-013-90,92.0,False
65065-022-100,92.0,False
65065-022-110,82.0,False
65065-022-120,70.0,False
65065-022-130,67.0,False
65065-022-140,60.0,False
65065-022-150,59.0,False
65065-022-160,48.0,False
65065-022-85,89.0,False
65065-022-90,100.0,False
65065-3VS-100,36.0,False
65065-3VS-110,30.0,False
65065-3VS-120,27.0,False
65065-3VS-130,24.0,False
65065-3VS-140,24.0,False
65065-3VS-150,21.0,False
65065-3VS-160,20.0,False
65065-3VS-75,28.0,False
65065-3VS-80,36.0,False
65065-3VS-85,36.0,False
65065-3VS-90,36.0,False
65071-1K1-100,87.0,False
65071-1K1-110,80.0,False
65071-1K1-120,27.0,False
65071-1K1-130,32.0,False
65071-1K1-140,4.0,False
65071-1K1-150,8.0,False
65071-1K1-160,3.0,False
65071-1K1-85,60.0,False
65071-1K1-90,89.0,False
65071-AT2-100,95.0,False
65071-AT2-110,92.0,False
65071-AT2-120,72.0,False
65071-AT2-130,60.0,False
65071-AT2-140,58.0,False
65071-AT2-150,28.0,False
65071-AT2-160,21.0,False
65071-AT2-85,66.0,False
65071-AT2-90,101.0,False
65113-2TZ-50,51.0,False
65113-2TZ-60,92.0,False
65113-2TZ-70,95.0,False
65113-2TZ-75,90.0,False
65113-2TZ-80,75.0,False
65113-2TZ-85,70.0,False
65113-2TZ-90,61.0,False
65113-2XJ-50,56.0,False
65113-2XJ-60,105.0,False
65113-2XJ-70,90.0,False
65113-2XJ-75,80.0,False
65113-2XJ-80,80.0,False
65113-2XJ-85,70.0,False
65113-2XJ-90,60.0,False
65171-2XJ-50,40.0,False
65171-2XJ-60,40.0,False
65171-2XJ-70,36.0,False
65171-2XJ-75,34.0,False
65171-2XJ-80,30.0,False
65171-2XJ-85,30.0,False
65171-2XJ-90,28.0,False
65248-TE0-L,51.0,False
65248-TE0-M,70.0,False
65248-TE0-XS,86.0,False
65593-011-50,62.0,False
65593-011-60,112.0,False
65593-011-70,183.0,False
65593-011-75,250.0,False
65593-011-80,206.0,False
65593-1FZ-50,32.0,False
65593-1FZ-60,76.0,False
65593-1FZ-70,145.0,False
65593-1FZ-75,177.0,False
65593-1FZ-80,205.0,False
65593-1FZ-85,158.0,False
65593-1FZ-90,131.0,False
65593-1GF-50,42.0,False
65593-1GF-60,147.0,False
65593-1GF-70,264.0,False
65593-1GF-75,250.0,False
65593-1GF-80,200.0,False
65593-1GF-85,200.0,False
65593-1GF-90,184.0,False
65593-1WO-50,40.0,False
65593-1WO-60,88.0,False
65593-1WO-70,168.0,False
65593-1WO-75,219.0,False
65593-1WO-90,102.0,False
65593-2EL-50,73.0,False
65593-2EL-90,200.0,False
65593-2KD-50,31.0,False
65593-2KD-60,82.0,False
65593-2KD-70,156.0,False
65593-2KD-75,212.0,False
65593-2KD-80,193.0,False
65593-2KD-85,144.0,False
65593-2KD-90,139.0,False
65593-3KF-85,190.0,False
65593-3KF-90,125.0,False
65593-3MK-50,43.0,False
65593-3UZ-50,60.0,False
65593-3UZ-85,225.0,False
65593-3UZ-90,149.0,False
65593-4SB-90,126.0,False
65593-5EB-50,65.0,False
65593-5HC-50,33.0,False
65593-5HC-60,81.0,False
65593-B42-50,44.0,False
65593-B42-60,103.0,False
65593-B42-70,189.0,False
65593-B42-75,250.0,False
65593-B42-80,200.0,False
65593-B42-85,181.0,False
65593-B42-90,142.0,False
65593-DD4-90,200.0,False
65593-SR4-60,124.0,False
65593-SR4-70,236.0,False
65593-SR4-75,250.0,False
65593-SR4-80,249.0,False
65593-SR4-85,200.0,False
65593-SR4-90,214.0,False
65642-2LY-100,100.0,False
65642-2LY-110,90.0,False
65642-2LY-120,80.0,False
65642-2LY-130,70.0,False
65642-2LY-140,66.0,False
65642-2LY-150,39.0,False
65642-2LY-85,120.0,False
65642-2LY-90,110.0,False
65642-2NM-100,116.0,False
65642-2NM-110,114.0,False
65642-2NM-120,100.0,False
65642-2NM-130,85.0,False
65642-2NM-140,70.0,False
65642-2NM-150,65.0,False
65642-2NM-85,130.0,False
65642-2NM-90,120.0,False
65642-2ON-100,100.0,False
65642-2ON-110,92.0,False
65642-2ON-120,80.0,False
65642-2ON-130,72.0,False
65642-2ON-140,70.0,False
65642-2ON-150,62.0,False
65642-2ON-85,120.0,False
65642-2ON-90,110.0,False
65642-2PC-100,101.0,False
65642-2PC-110,90.0,False
65642-2PC-120,82.0,False
65642-2PC-130,72.0,False
65642-2PC-140,70.0,False
65642-2PC-150,60.0,False
65642-2PC-85,120.0,False
65642-2PC-90,110.0,False
65642-2PK-100,100.0,False
65642-2PK-110,90.0,False
65642-2PK-120,80.0,False
65642-2PK-130,72.0,False
65642-2PK-140,70.0,False
65642-2PK-150,60.0,False
65642-2PK-85,120.0,False
65642-2PK-90,110.0,False
65642-3E3-100,100.0,False
65642-3E3-110,93.0,False
65642-3E3-120,80.0,False
65642-3E3-130,70.0,False
65642-3E3-140,71.0,False
65642-3E3-150,60.0,False
65642-3E3-85,120.0,False
65642-3E3-90,110.0,False
65642-3GW-100,100.0,False
65642-3GW-110,90.0,False
65642-3GW-120,80.0,False
65642-3GW-130,70.0,False
65642-3GW-140,70.0,False
65642-3GW-150,60.0,False
65642-3GW-85,120.0,False
65642-3GW-90,110.0,False
65642-3OF-100,120.0,False
65642-3OF-110,110.0,False
65642-3OF-120,100.0,False
65642-3OF-130,90.0,False
65642-3OF-140,60.0,False
65642-3OF-150,46.0,False
65642-3OF-85,106.0,False
65642-3OF-90,129.0,False
65642-3SC-130,70.0,False
65642-3SC-140,60.0,False
65642-3SC-150,50.0,False
65642-3SC-85,130.0,False
65642-3SE-130,89.0,False
65642-3SE-150,70.0,False
65642-4DO-140,80.0,False
65642-4DO-150,57.0,False
65642-4KU-100,100.0,False
65642-4KU-110,100.0,False
65642-4KU-120,80.0,False
65642-4KU-130,70.0,False
65642-4KU-140,60.0,False
65642-4KU-150,50.0,False
65642-4KU-85,120.0,False
65642-4KU-90,100.0,False
65642-4LU-100,120.0,False
65642-4LU-110,113.0,False
65642-4LU-120,100.0,False
65642-4LU-130,85.0,False
65642-4LU-140,71.0,False
65642-4LU-150,67.0,False
65642-4LU-85,120.0,False
65642-4LU-90,120.0,False
65642-4MF-100,120.0,False
65642-4MF-110,110.0,False
65642-4MF-120,100.0,False
65642-4MF-130,85.0,False
65642-4MF-140,70.0,False
65642-4MF-150,54.0,False
65642-4MF-85,120.0,False
65642-4MF-90,120.0,False
65642-4OF-100,100.0,False
65642-4OF-110,92.0,False
65642-4OF-120,80.0,False
65642-4OF-130,70.0,False
65642-4OF-140,60.0,False
65642-4OF-150,50.0,False
65642-4OF-85,130.0,False
65642-4OF-90,110.0,False
65642-4PR-100,100.0,False
65642-4PR-110,90.0,False
65642-4PR-120,80.0,False
65642-4PR-130,70.0,False
65642-4PR-140,60.0,False
65642-4PR-150,46.0,False
65642-4PR-85,118.0,False
65642-4PR-90,110.0,False
65642-5K5-100,110.0,False
65642-5K5-150,70.0,False
65642-5K5-85,124.0,False
65642-5KD-130,94.0,False
65642-5KD-150,47.0,False
65642-5KD-85,124.0,False
65642-5KD-90,120.0,False
65642-5KH-120,110.0,False
65642-5KH-130,90.0,False
65642-5KH-140,80.0,False
65642-5KH-150,63.0,False
65642-5LG-85,120.0,False
65642-5LK-110,100.0,False
65642-5LK-130,90.0,False
65642-5LK-140,84.0,False
65642-5LK-85,130.0,False
65642-5MO-140,80.0,False
65642-5MO-150,70.0,False
65642-5OH-140,80.0,False
65642-5OH-150,58.0,False
65642-5OO-100,110.0,False
65642-5OO-110,100.0,False
65642-5OO-130,90.0,False
65642-5OO-140,80.0,False
65642-5OO-150,70.0,False
65642-5OO-85,140.0,False
65642-5P5-150,70.0,False
66708-2NN-100,95.0,False
66708-2NN-110,94.0,False
66708-2NN-120,75.0,False
66708-2NN-130,65.0,False
66708-2NN-140,60.0,False
66708-2NN-150,60.0,False
66708-2NN-160,49.0,False
66708-2NN-85,88.0,False
66708-2NN-90,100.0,False
66716-3UL-140,45.0,False
66716-3UL-150,35.0,False
66716-4SE-85,111.0,False
66716-4SE-90,90.0,False
66716-4SF-100,80.0,False
66716-4SF-110,70.0,False
66716-4SF-120,60.0,False
66716-4SF-130,50.0,False
66716-4SF-140,40.0,False
66716-4SF-150,40.0,False
66716-4SF-90,90.0,False
66716-5GB-130,60.0,False
66716-5GB-140,55.0,False
66716-5GB-150,46.0,False
66736-2FN-100,23.0,False
66736-2FN-110,20.0,False
66736-2FN-120,17.0,False
66736-2FN-130,15.0,False
66736-2FN-140,15.0,False
66736-2FN-150,13.0,False
66736-2FN-85,25.0,False
66736-2FN-90,25.0,False
66736-2FS-100,23.0,False
66736-2FS-110,20.0,False
66736-2FS-120,20.0,False
66736-2FS-130,15.0,False
66736-2FS-140,15.0,False
66736-2FS-150,14.0,False
66736-2FS-85,25.0,False
66736-2FS-90,25.0,False
66736-2RW-100,23.0,False
66736-2RW-110,20.0,False
66736-2RW-120,20.0,False
66736-2RW-130,15.0,False
66736-2RW-140,15.0,False
66736-2RW-150,13.0,False
66736-2RW-85,25.0,False
66736-2RW-90,25.0,False
66736-3XX-100,23.0,False
66736-3XX-110,23.0,False
66736-3XX-120,18.0,False
66736-3XX-130,15.0,False
66736-3XX-140,16.0,False
66736-3XX-150,13.0,False
66736-3XX-85,25.0,False
66736-3XX-90,24.0,False
66736-3ZN-120,20.0,False
66736-3ZN-130,17.0,False
66736-3ZN-140,15.0,False
66736-3ZN-150,15.0,False
66736-5DF-100,21.0,False
66736-5DF-110,22.0,False
66736-5DF-120,20.0,False
66736-5DF-130,17.0,False
66736-5GU-120,18.0,False
66736-5GU-130,15.0,False
66736-5GU-140,16.0,False
66736-5GU-150,12.0,False
66930-2CH-50,70.0,False
66930-2CH-60,65.0,False
66930-2CH-70,60.0,False
66930-2CH-75,55.0,False
66930-2CH-80,50.0,False
66930-2CH-85,45.0,False
66930-2CH-90,45.0,False
66930-32H-50,38.0,False
66930-32H-60,65.0,False
66930-32H-70,60.0,False
66930-32H-75,55.0,False
66930-32H-80,50.0,False
66930-32H-85,45.0,False
66930-32H-90,45.0,False
66930-3KK-50,64.0,False
66930-3KK-60,65.0,False
66930-3KK-70,60.0,False
66930-3KK-75,55.0,False
66930-3KK-80,50.0,False
66930-3KK-85,45.0,False
66930-3KK-90,45.0,False
66930-3KY-50,30.0,False
66930-3LP-50,44.0,False
66930-3LP-60,65.0,False
66934-1SP-50,40.0,False
66934-1SP-60,40.0,False
66934-1SP-70,34.0,False
66934-1SP-75,30.0,False
66934-1SP-80,32.0,False
66934-1SP-85,26.0,False
66934-1SP-90,26.0,False
66934-2ES-50,40.0,False
66934-2ES-60,40.0,False
66934-2ES-70,34.0,False
66934-2ES-75,30.0,False
66934-2ES-80,30.0,False
66934-2ES-85,26.0,False
66934-2ES-90,26.0,False
66934-31P-50,40.0,False
66934-31P-60,40.0,False
66934-31P-70,34.0,False
66934-31P-75,30.0,False
66934-31P-80,30.0,False
66934-31P-85,26.0,False
66934-31P-90,26.0,False
66935-1SP-50,28.0,False
66935-1SP-60,28.0,False
66935-1SP-70,24.0,False
66935-1SP-75,24.0,False
66935-2ES-50,28.0,False
66935-2ES-60,28.0,False
66935-2ES-70,24.0,False
66935-2ES-75,24.0,False
66935-31P-50,28.0,False
66935-31P-60,28.0,False
66935-31P-70,24.0,False
66935-31P-75,24.0,False
66936-3PL-50,38.0,False
66936-3PL-60,108.0,False
66936-3PL-70,100.0,False
66936-3PL-75,100.0,False
66936-3PL-80,90.0,False
66936-3PL-85,72.0,False
66936-3PL-90,32.0,False
66936-3PP-50,53.0,False
66936-3PP-60,110.0,False
66936-3PP-70,95.0,False
66936-3PP-75,90.0,False
66936-3PP-80,87.0,False
66936-3PP-85,80.0,False
66936-3PP-90,48.0,False
66936-3PS-50,51.0,False
66936-3PS-60,110.0,False
66936-3PS-70,100.0,False
66936-3PS-75,100.0,False
66936-3PS-80,90.0,False
66936-3PS-85,81.0,False
66936-3RE-50,44.0,False
66936-3RE-60,110.0,False
66936-3RE-70,96.0,False
66936-3RE-75,94.0,False
66936-3RE-80,85.0,False
66936-3RE-85,86.0,False
66936-3RE-90,41.0,False
66936-3YF-50,70.0,False
66936-3YF-60,105.0,False
66936-3YF-70,90.0,False
66936-3YF-75,90.0,False
66936-3YF-80,85.0,False
66936-3YF-85,85.0,False
66936-3YF-90,61.0,False
66936-4KH-50,43.0,False
66936-4KH-60,113.0,False
66936-4KH-70,100.0,False
66936-4KH-75,100.0,False
66936-4KH-80,90.0,False
66936-4KH-85,82.0,False
66936-4KH-90,38.0,False
66936-4XS-50,58.0,False
66936-4XS-60,100.0,False
66936-4XS-70,90.0,False
66936-4XS-75,90.0,False
66936-4XS-80,80.0,False
66936-4XS-85,80.0,False
66936-4XS-90,57.0,False
66936-50J-50,60.0,False
66936-50J-60,100.0,False
66936-50J-70,90.0,False
66936-50J-75,90.0,False
66936-50J-80,85.0,False
66936-50J-85,85.0,False
66936-50J-90,53.0,False
66936-5DI-50,78.0,False
66936-5DI-60,100.0,False
66936-5DI-70,90.0,False
66936-5DI-75,90.0,False
66936-5DI-80,80.0,False
66936-5DI-85,76.0,False
66936-5DI-90,69.0,False
66973-10C-100,70.0,False
66973-10C-110,70.0,False
66973-10C-120,72.0,False
66973-10C-130,60.0,False
66973-10C-140,26.0,False
66973-10C-150,12.0,False
66973-10C-85,80.0,False
66973-10C-90,80.0,False
66973-178-100,70.0,False
66973-178-110,70.0,False
66973-178-120,70.0,False
66973-178-130,60.0,False
66973-178-140,60.0,False
66973-178-150,54.0,False
66973-178-85,80.0,False
66973-178-90,80.0,False
66973-2CT-100,60.0,False
66973-2CT-110,60.0,False
66973-2CT-120,59.0,False
66973-2CT-130,55.0,False
66973-2CT-140,45.0,False
66973-2CT-150,20.0,False
66973-2CT-85,70.0,False
66973-2CT-90,70.0,False
66973-2CU-100,60.0,False
66973-2CU-110,60.0,False
66973-2CU-120,55.0,False
66973-2CU-130,55.0,False
66973-2CU-140,31.0,False
66973-2CU-150,20.0,False
66973-2CU-85,65.0,False
66973-2CU-90,70.0,False
66973-2CX-100,60.0,False
66973-2CX-110,68.0,False
66973-2CX-120,55.0,False
66973-2CX-130,55.0,False
66973-2CX-140,55.0,False
66973-2CX-150,43.0,False
66973-2CX-85,49.0,False
66973-2CX-90,70.0,False
66973-32H-100,70.0,False
66973-32H-110,70.0,False
66973-32H-120,70.0,False
66973-32H-130,60.0,False
66973-32H-140,60.0,False
66973-32H-150,56.0,False
66973-32H-85,80.0,False
66973-32H-90,82.0,False
66973-3D3-100,70.0,False
66973-3D3-110,70.0,False
66973-3D3-120,70.0,False
66973-3D3-130,60.0,False
66973-3D3-140,54.0,False
66973-3D3-150,40.0,False
66973-3D3-85,82.0,False
66973-3D3-90,82.0,False
66973-3DC-100,70.0,False
66973-3DC-110,70.0,False
66973-3DC-120,70.0,False
66973-3DC-130,60.0,False
66973-3DC-140,60.0,False
66973-3DC-150,59.0,False
66973-3DC-85,80.0,False
66973-3DC-90,80.0,False
66994-010-L,30.0,False
66994-010-M,30.0,False
66994-010-S,35.0,False
66994-010-XL,28.0,False
66994-010-XS,35.0,False
66994-010-XXL,28.0,False
66994-1BE-L,28.0,False
66994-1BE-M,28.0,False
66994-1BE-S,30.0,False
66994-1BE-XL,24.0,False
66994-1BE-XS,30.0,False
66994-1BE-XXL,21.0,False
66994-2BX-L,80.0,False
66994-2BX-M,80.0,False
66994-2BX-S,80.0,False
66994-2BX-XL,70.0,False
66994-2BX-XS,73.0,False
66994-2BX-XXL,65.0,False
66994-2CF-S,30.0,False
66994-2CF-XL,24.0,False
66994-2CF-XS,30.0,False
66994-2CF-XXL,20.0,False
66994-2CH-S,75.0,False
66994-2CH-XS,57.0,False
66994-2FV-L,70.0,False
66994-2FV-M,72.0,False
66994-2FV-S,57.0,False
66994-2FV-XS,29.0,False
66994-2FW-L,47.0,False
66994-2FW-M,39.0,False
66994-2FW-S,36.0,False
66994-2FW-XL,43.0,False
66994-2FW-XS,16.0,False
66994-2FW-XXL,26.0,False
66994-4XJ-S,60.0,False
66994-4XJ-XS,41.0,False
66994-4ZC-M,62.0,False
66994-4ZC-S,62.0,False
66994-4ZC-XS,20.0,False
66994-4ZC-XXL,37.0,False
66994-4ZC-XXS,10.0,False
66994-TN9-L,30.0,False
66994-TN9-M,30.0,False
66994-TN9-S,40.0,False
66994-TN9-XL,28.0,False
66994-TN9-XS,42.0,False
66994-TN9-XXL,28.0,False
66994-XU1-XXS,19.0,False
67009-33L-100,91.0,False
67009-33L-110,90.0,False
67009-33L-120,80.0,False
67009-33L-130,80.0,False
67009-33L-140,60.0,False
67009-33L-150,62.0,False
67009-33L-85,90.0,False
67009-33L-90,94.0,False
67009-3A3-100,90.0,False
67009-3A3-110,92.0,False
67009-3A3-120,80.0,False
67009-3A3-130,80.0,False
67009-3A3-140,60.0,False
67009-3A3-150,67.0,False
67009-3A3-85,84.0,False
67009-3A3-90,90.0,False
67009-3CI-100,90.0,False
67009-3CI-110,90.0,False
67009-3CI-120,96.0,False
67009-3CI-130,70.0,False
67009-3CI-140,60.0,False
67009-3CI-150,60.0,False
67009-3CI-85,99.0,False
67009-3CI-90,95.0,False
67009-3DA-100,90.0,False
67009-3DA-110,90.0,False
67009-3DA-120,80.0,False
67009-3DA-130,80.0,False
67009-3DA-140,60.0,False
67009-3DA-150,60.0,False
67009-3DA-85,69.0,False
67009-3DA-90,90.0,False
67009-3DB-100,88.0,False
67009-3DB-110,90.0,False
67009-3DB-120,99.0,False
67009-3DB-130,80.0,False
67009-3DB-140,84.0,False
67009-3DB-150,64.0,False
67009-3DB-85,33.0,False
67009-3DB-90,58.0,False
67009-3DD-100,92.0,False
67009-3DD-110,93.0,False
67009-3DD-120,80.0,False
67009-3DD-130,70.0,False
67009-3DD-140,67.0,False
67009-3DD-150,60.0,False
67009-3DD-85,92.0,False
67009-3DD-90,97.0,False
67013-011-L,68.0,False
67013-011-M,79.0,False
67013-011-S,65.0,False
67013-011-XL,47.0,False
67013-011-XS,61.0,False
67013-011-XXL,29.0,False
67013-1AY-L,65.0,False
67013-1AY-M,87.0,False
67013-1AY-S,80.0,False
67013-1AY-XL,65.0,False
67013-1AY-XS,50.0,False
67013-1AY-XXL,28.0,False
67013-SR4-L,60.0,False
67013-SR4-M,64.0,False
67013-SR4-S,76.0,False
67013-SR4-XL,61.0,False
67013-SR4-XS,53.0,False
67013-SR4-XXL,30.0,False
67044-1GF-100,150.0,False
67044-1GF-110,130.0,False
67044-1GF-130,100.0,False
67044-1GF-140,80.0,False
67044-1GF-150,70.0,False
67044-1GF-85,124.0,False
67044-1GF-90,200.0,False
67044-1SP-100,150.0,False
67044-1SP-110,130.0,False
67044-1SP-130,100.0,False
67044-1SP-140,65.0,False
67044-1SP-150,40.0,False
67044-1SP-85,60.0,False
67044-1SP-90,113.0,False
67044-3UU-100,140.0,False
67044-3UU-110,120.0,False
67044-3UU-120,100.0,False
67044-3UU-130,90.0,False
67044-3UU-140,80.0,False
67044-3UU-150,80.0,False
67044-3UU-85,160.0,False
67044-3UU-90,160.0,False
67044-3UZ-100,140.0,False
67044-3UZ-110,120.0,False
67044-3UZ-120,100.0,False
67044-3UZ-130,90.0,False
67044-3UZ-140,80.0,False
67044-3UZ-150,80.0,False
67044-3UZ-85,160.0,False
67044-3UZ-90,160.0,False
67044-3VG-100,140.0,False
67044-3VG-110,120.0,False
67044-3VG-120,100.0,False
67044-3VG-130,90.0,False
67044-3VG-140,80.0,False
67044-3VG-150,80.0,False
67044-3VG-85,160.0,False
67044-3VG-90,160.0,False
67044-461-100,150.0,False
67044-461-110,130.0,False
67044-461-130,100.0,False
67044-461-140,70.0,False
67044-461-150,39.0,False
67044-461-85,60.0,False
67044-461-90,124.0,False
67044-SR4-140,80.0,False
67078-FX9-XS,80.0,False
67096-FX9-100,25.0,False
67096-FX9-110,25.0,False
67096-FX9-120,25.0,False
67096-FX9-130,25.0,False
67096-FX9-140,23.0,False
67096-FX9-150,23.0,False
67096-FX9-85,30.0,False
67096-FX9-90,30.0,False
67099-FX8-10/12,500.0,False
67099-FX8-12/1Y,486.0,False
67099-FX8-1Y/3Y,479.0,False
67099-FX8-3Y/5Y,300.0,False
67099-FX8-5/7,372.0,False
67099-FX8-7/9,599.0,False
67099-FX9-10/12,653.0,False
67099-FX9-12/1Y,396.0,False
67099-FX9-1Y/3Y,392.0,False
67099-FX9-3Y/5Y,346.0,False
67099-FX9-5/7,328.0,False
67099-FX9-7/9,553.0,False
67191-461-100,25.0,False
67191-461-110,25.0,False
67191-461-120,22.0,False
67191-461-130,22.0,False
67191-461-140,20.0,False
67191-461-150,20.0,False
67191-461-85,26.0,False
67191-461-90,30.0,False
67209-2XJ-100,60.0,False
67209-2XJ-110,48.0,False
67209-2XJ-120,42.0,False
67209-2XJ-130,40.0,False
67209-2XJ-140,36.0,False
67209-2XJ-150,30.0,False
67209-2XJ-85,70.0,False
67209-2XJ-90,65.0,False
67209-40J-120,34.0,False
67209-40J-130,30.0,False
67209-40J-140,26.0,False
67209-40K-100,42.0,False
67209-40K-110,36.0,False
67209-40K-120,30.0,False
67209-40K-130,30.0,False
67209-40K-140,24.0,False
67209-40K-150,24.0,False
67209-40K-85,50.0,False
67209-40K-90,48.0,False
67209-XS6-100,36.0,False
67209-XS6-110,34.0,False
67209-XS6-120,32.0,False
67209-XS6-130,28.0,False
67209-XS6-140,24.0,False
67209-XS6-150,23.0,False
67209-XS6-85,46.0,False
67209-XS6-90,36.0,False
67209-XU1-100,48.0,False
67209-XU1-110,42.0,False
67209-XU1-120,39.0,False
67209-XU1-130,32.0,False
67209-XU1-140,28.0,False
67209-XU1-150,28.0,False
67209-XU1-85,62.0,False
67209-XU1-90,52.0,False
67220-2HK-100,83.0,False
67220-2HK-110,70.0,False
67220-2HK-120,67.0,False
67220-2HK-130,62.0,False
67220-2HK-140,59.0,False
67220-2HK-150,53.0,False
67220-2HK-85,46.0,False
67220-2HK-90,90.0,False
67220-2HM-100,80.0,False
67220-2HM-110,75.0,False
67220-2HM-120,65.0,False
67220-2HM-130,62.0,False
67220-2HM-140,55.0,False
67220-2HM-150,50.0,False
67220-2HM-85,56.0,False
67220-2HM-90,91.0,False
67220-QX6-100,85.0,False
67220-QX6-110,78.0,False
67220-QX6-120,70.0,False
67220-QX6-130,66.0,False
67220-QX6-140,56.0,False
67220-QX6-150,55.0,False
67220-QX6-85,95.0,False
67220-QX6-90,95.0,False
67223-FF4-100,30.0,False
67223-FF4-110,27.0,False
67223-FF4-120,24.0,False
67223-FF4-130,22.0,False
67223-FF4-140,18.0,False
67223-FF4-150,15.0,False
67223-FF4-160,15.0,False
67223-FF4-85,28.0,False
67223-FF4-90,33.0,False
67223-JU4-100,30.0,False
67223-JU4-120,24.0,False
67223-JU4-130,21.0,False
67223-JU4-140,18.0,False
67223-JU4-150,15.0,False
67223-JU4-160,15.0,False
67223-JU4-85,33.0,False
67223-JU4-90,36.0,False
67223-KT5-100,30.0,False
67223-KT5-110,27.0,False
67223-KT5-120,25.0,False
67223-KT5-130,21.0,False
67223-KT5-140,18.0,False
67223-KT5-150,15.0,False
67223-KT5-160,15.0,False
67223-KT5-85,33.0,False
67223-KT5-90,33.0,False
67223-WD8-100,30.0,False
67223-WD8-110,27.0,False
67223-WD8-120,24.0,False
67223-WD8-130,21.0,False
67223-WD8-140,18.0,False
67223-WD8-150,15.0,False
67223-WD8-160,15.0,False
67223-WD8-90,33.0,False
67226-2TZ-50,60.0,False
67226-2TZ-85,32.0,False
67226-2TZ-90,30.0,False
67226-2XJ-50,55.0,False
67226-2XJ-80,38.0,False
67226-2XJ-85,36.0,False
67226-2XJ-90,30.0,False
67226-XU1-50,60.0,False
67226-XU1-60,50.0,False
67226-XU1-70,46.0,False
67226-XU1-75,40.0,False
67226-XU1-80,36.0,False
67226-XU1-85,32.0,False
67226-XU1-90,32.0,False
67366-2GT-100,180.0,False
67366-2GT-110,160.0,False
67366-2GT-120,140.0,False
67366-2GT-130,120.0,False
67366-2GT-140,110.0,False
67366-2GT-150,95.0,False
67366-2GT-85,218.0,False
67366-2GT-90,200.0,False
67366-2JJ-100,180.0,False
67366-2JJ-110,160.0,False
67366-2JJ-120,140.0,False
67366-2JJ-130,120.0,False
67366-2JJ-140,110.0,False
67366-2JJ-150,91.0,False
67366-2JJ-85,96.0,False
67366-2JJ-90,195.0,False
67366-2JY-100,180.0,False
67366-2JY-110,160.0,False
67366-2JY-120,140.0,False
67366-2JY-130,120.0,False
67366-2JY-140,110.0,False
67366-2JY-150,91.0,False
67366-2JY-85,96.0,False
67366-2JY-90,195.0,False
67366-CM4-100,180.0,False
67366-CM4-110,160.0,False
67366-CM4-140,110.0,False
67366-CM4-150,95.0,False
67366-CM4-85,208.0,False
67366-CM4-90,200.0,False
67366-NU3-100,180.0,False
67366-NU3-110,160.0,False
67366-NU3-120,140.0,False
67366-NU3-130,120.0,False
67366-NU3-140,110.0,False
67366-NU3-150,100.0,False
67366-NU3-85,202.0,False
67366-NU3-90,201.0,False
67375-2NB-100,180.0,False
67375-2NB-110,160.0,False
67375-2NB-120,140.0,False
67375-2NB-130,120.0,False
67375-2NB-140,58.0,False
67375-2NB-150,39.0,False
67375-2NB-85,83.0,False
67375-2NB-90,178.0,False
67375-2ON-100,180.0,False
67375-2ON-110,160.0,False
67375-2ON-120,140.0,False
67375-2ON-130,120.0,False
67375-2ON-140,81.0,False
67375-2ON-150,52.0,False
67375-2ON-85,86.0,False
67375-2ON-90,192.0,False
67375-2OO-100,180.0,False
67375-2OO-110,160.0,False
67375-2OO-120,140.0,False
67375-2OO-130,120.0,False
67375-2OO-140,105.0,False
67375-2OO-150,59.0,False
67375-2OO-85,105.0,False
67375-2OO-90,218.0,False
67375-35G-100,180.0,False
67375-35G-110,160.0,False
67375-35G-120,140.0,False
67375-35G-130,120.0,False
67375-35G-140,67.0,False
67375-35G-150,45.0,False
67375-35G-85,89.0,False
67375-35G-90,194.0,False
67375-35K-100,180.0,False
67375-35K-110,160.0,False
67375-35K-120,140.0,False
67375-35K-130,121.0,False
67375-35K-140,98.0,False
67375-35K-150,49.0,False
67375-35K-85,79.0,False
67375-35K-90,167.0,False
67377-2KC-100,190.0,False
67377-2KC-110,170.0,False
67377-2KC-120,150.0,False
67377-2KC-130,130.0,False
67377-2KC-140,112.0,False
67377-2KC-150,83.0,False
67377-2KC-85,108.0,False
67377-2KC-90,203.0,False
67377-2KD-100,190.0,False
67377-2KD-110,170.0,False
67377-2KD-120,153.0,False
67377-2KD-130,130.0,False
67377-2KD-140,110.0,False
67377-2KD-150,100.0,False
67377-2KD-85,161.0,False
67377-2KD-90,210.0,False
67377-2KE-100,190.0,False
67377-2KE-110,178.0,False
67377-2KE-120,150.0,False
67377-2KE-130,130.0,False
67377-2KE-140,110.0,False
67377-2KE-150,100.0,False
67377-2KE-85,178.0,False
67377-2KE-90,203.0,False
67377-32G-100,190.0,False
67377-32G-110,170.0,False
67377-32G-120,150.0,False
67377-32G-130,130.0,False
67377-32G-140,110.0,False
67377-32G-150,100.0,False
67377-32G-85,164.0,False
67377-32G-90,204.0,False
67377-3KH-100,190.0,False
67377-3KH-110,170.0,False
67377-3KH-120,150.0,False
67377-3KH-130,130.0,False
67377-3KH-140,110.0,False
67377-3KH-150,103.0,False
67377-3KH-85,210.0,False
67377-3KH-90,200.0,False
67377-3KK-100,190.0,False
67377-3KK-110,170.0,False
67377-3KK-120,150.0,False
67377-3KK-130,135.0,False
67377-3KK-140,110.0,False
67377-3KK-150,105.0,False
67377-3KK-85,210.0,False
67377-3KK-90,200.0,False
67377-3KT-120,150.0,False
67377-3KT-130,131.0,False
67377-3KT-140,110.0,False
67377-3KT-150,100.0,False
67377-3KY-100,190.0,False
67377-3KY-110,170.0,False
67377-3KY-120,150.0,False
67377-3KY-130,130.0,False
67377-3KY-140,110.0,False
67377-3KY-150,100.0,False
67377-3KY-85,184.0,False
67377-3KY-90,200.0,False
67377-5HB-130,130.0,False
67377-5HB-140,110.0,False
67377-5HR-140,110.0,False
67377-5HR-150,100.0,False
67377-5HV-120,150.0,False
67377-5HV-130,130.0,False
67377-5HV-140,80.0,False
67377-5HV-150,48.0,False
67377-5HV-85,61.0,False
67377-5HV-90,134.0,False
67379-3IP-100,178.0,False
67379-3IP-110,210.0,False
67379-3IP-120,177.0,False
67379-3IP-130,105.0,False
67379-3IP-140,90.0,False
67379-3IP-150,109.0,False
67379-3IP-85,90.0,False
67379-3IP-90,163.0,False
67379-3IQ-100,233.0,False
67379-3IQ-110,241.0,False
67379-3IQ-120,227.0,False
67379-3IQ-130,163.0,False
67379-3IQ-140,160.0,False
67379-3IQ-150,160.0,False
67379-3IQ-85,228.0,False
67379-3IQ-90,248.0,False
67379-46U-100,160.0,False
67379-46U-110,170.0,False
67379-46U-120,162.0,False
67379-46U-130,136.0,False
67379-46U-140,125.0,False
67379-46U-150,69.0,False
67379-46U-85,96.0,False
67379-46U-90,107.0,False
67379-49V-100,188.0,False
67379-49V-110,240.0,False
67379-49V-120,183.0,False
67379-49V-130,143.0,False
67379-49V-140,181.0,False
67379-49V-150,93.0,False
67379-49V-85,91.0,False
67379-49V-90,207.0,False
67379-4DP-100,256.0,False
67379-4DP-110,234.0,False
67379-4DP-120,235.0,False
67379-4DP-130,205.0,False
67379-4DP-140,92.0,False
67379-4DP-90,202.0,False
67379-4ML-100,96.0,False
67379-4ML-110,126.0,False
67379-4ML-120,200.0,False
67379-4ML-130,153.0,False
67379-4ML-140,96.0,False
67379-4ML-150,56.0,False
67379-4ML-85,84.0,False
67379-4ML-90,90.0,False
67379-4OD-100,92.0,False
67379-4OD-110,116.0,False
67379-4OD-120,109.0,False
67379-4OD-130,149.0,False
67379-4OD-140,91.0,False
67379-4OD-150,58.0,False
67379-4OD-85,76.0,False
67379-4OD-90,68.0,False
67379-5KB-110,162.0,False
67379-5KB-120,110.0,False
67379-5KB-130,67.0,False
67379-5KB-140,81.0,False
67379-5KB-150,62.0,False
67379-5KB-85,118.0,False
67379-5KB-90,85.0,False
67379-5OR-140,70.0,False
67379-5OR-150,79.0,False
67447-2LZ-50,25.0,False
67447-2LZ-60,83.0,False
67447-2LZ-70,100.0,False
67447-2LZ-75,100.0,False
67447-2LZ-80,90.0,False
67447-2LZ-85,75.0,False
67447-2LZ-90,41.0,False
67447-2NB-50,24.0,False
67447-2NB-60,82.0,False
67447-2NB-70,100.0,False
67447-2NB-75,100.0,False
67447-2NB-80,90.0,False
67447-2NB-85,74.0,False
67447-2NB-90,40.0,False
67447-2PK-50,20.0,False
67447-2PK-60,66.0,False
67447-2PK-70,100.0,False
67447-2PK-75,100.0,False
67447-2PK-80,92.0,False
67447-2PK-85,60.0,False
67447-2PK-90,34.0,False
67447-4DP-50,39.0,False
67447-4DP-70,90.0,False
67447-4DP-75,90.0,False
67447-5KB-50,32.0,False
67447-5KB-60,109.0,False
67447-5KB-70,90.0,False
67447-5KB-75,90.0,False
67447-5KB-80,80.0,False
67447-5KB-85,76.0,False
67447-5KB-90,38.0,False
67447-5KE-50,31.0,False
67447-5KE-60,107.0,False
67447-5KE-70,90.0,False
67447-5OJ-50,26.0,False
67447-5OJ-60,90.0,False
67447-5OJ-85,61.0,False
67447-5RK-50,26.0,False
67447-5RK-60,92.0,False
67447-5RK-70,90.0,False
67447-5RK-75,90.0,False
67447-5RK-80,90.0,False
67447-5RK-85,64.0,False
67447-5RK-90,31.0,False
67501-2KF-100,55.0,False
67501-2KF-110,54.0,False
67501-2KF-120,47.0,False
67501-2KF-130,40.0,False
67501-2KF-140,35.0,False
67501-2KF-150,30.0,False
67501-2KF-85,65.0,False
67501-2KF-90,60.0,False
67501-31W-100,56.0,False
67501-31W-110,50.0,False
67501-31W-120,45.0,False
67501-31W-130,40.0,False
67501-31W-140,38.0,False
67501-31W-150,30.0,False
67501-31W-85,65.0,False
67501-31W-90,60.0,False
67501-3LO-150,35.0,False
67513-43Q-L,70.0,False
67513-43Q-M,70.0,False
67513-43Q-S,49.0,False
67513-43Q-XL,66.0,False
67513-43Q-XS,14.0,False
67513-43Q-XXL,11.0,False
67515-2RE-L,50.0,False
67515-2RE-M,60.0,False
67515-2RE-S,70.0,False
67515-2RE-XL,50.0,False
67515-2RE-XS,80.0,False
67515-WS2-L,54.0,False
67515-WS2-XL,29.0,False
67521-3DM-100,154.0,False
67521-3DM-110,190.0,False
67521-3DM-120,165.0,False
67521-3DM-130,155.0,False
67521-3DM-140,124.0,False
67521-3DM-150,94.0,False
67521-3DM-85,63.0,False
67521-3DM-90,121.0,False
67521-3DN-100,210.0,False
67521-3DN-110,190.0,False
67521-3DN-120,165.0,False
67521-3DN-130,155.0,False
67521-3DN-140,86.0,False
67521-3DN-150,57.0,False
67521-3DN-85,72.0,False
67521-3DN-90,153.0,False
67521-3FP-100,180.0,False
67521-3FP-110,170.0,False
67521-3FP-120,160.0,False
67521-3FP-130,150.0,False
67521-3FP-140,140.0,False
67521-3FP-150,130.0,False
67521-3FP-85,117.0,False
67521-3FP-90,190.0,False
67521-3JN-100,180.0,False
67521-3JN-110,170.0,False
67521-3JN-120,160.0,False
67521-3JN-130,150.0,False
67521-3JN-140,140.0,False
67521-3JN-150,130.0,False
67521-3JN-85,123.0,False
67521-3JN-90,190.0,False
67521-3K3-100,180.0,False
67521-3K3-110,170.0,False
67521-3K3-120,160.0,False
67521-3K3-130,150.0,False
67521-3K3-140,140.0,False
67521-3K3-150,130.0,False
67521-3K3-85,129.0,False
67521-3K3-90,190.0,False
67521-475-100,180.0,False
67521-475-110,170.0,False
67521-475-120,160.0,False
67521-475-130,150.0,False
67521-475-140,140.0,False
67521-475-150,130.0,False
67521-475-85,116.0,False
67521-475-90,190.0,False
67522-3EF-100,170.0,False
67522-3EF-110,160.0,False
67522-3EF-120,150.0,False
67522-3EF-130,140.0,False
67522-3EF-140,130.0,False
67522-3EF-150,122.0,False
67522-3EF-85,75.0,False
67522-3EF-90,180.0,False
67522-3EG-100,170.0,False
67522-3EG-110,160.0,False
67522-3EG-120,150.0,False
67522-3EG-130,140.0,False
67522-3EG-140,130.0,False
67522-3EG-150,122.0,False
67522-3EG-85,75.0,False
67522-3EG-90,180.0,False
67522-3EH-100,170.0,False
67522-3EH-110,160.0,False
67522-3EH-120,150.0,False
67522-3EH-130,140.0,False
67522-3EH-140,130.0,False
67522-3EH-150,120.0,False
67522-3EH-85,105.0,False
67522-3EH-90,180.0,False
67550-33H-50,34.0,False
67550-33H-60,84.0,False
67550-33H-70,129.0,False
67550-33H-75,135.0,False
67550-33H-80,88.0,False
67550-33H-85,50.0,False
67550-33H-90,32.0,False
67550-33K-50,66.0,False
67550-33K-60,147.0,False
67550-33K-70,160.0,False
67550-33K-75,160.0,False
67550-33K-80,130.0,False
67550-33K-85,91.0,False
67550-33K-90,56.0,False
67550-33L-50,73.0,False
67550-33L-60,189.0,False
67550-33L-70,161.0,False
67550-33L-75,160.0,False
67550-33L-80,140.0,False
67550-33L-85,111.0,False
67550-33L-90,63.0,False
67550-33O-50,48.0,False
67550-33O-60,119.0,False
67550-33O-70,150.0,False
67550-33O-75,150.0,False
67550-33O-80,123.0,False
67550-33O-85,71.0,False
67550-33O-90,44.0,False
67550-36S-50,70.0,False
67550-36S-60,177.0,False
67550-36S-70,160.0,False
67550-36S-75,157.0,False
67550-36S-80,140.0,False
67550-36S-85,109.0,False
67550-36S-90,64.0,False
67550-36T-50,61.0,False
67550-36T-60,142.0,False
67550-36T-70,150.0,False
67550-36T-75,140.0,False
67550-36T-80,130.0,False
67550-36T-85,87.0,False
67550-36T-90,52.0,False
67563-179-100,100.0,False
67563-179-110,90.0,False
67563-179-120,90.0,False
67563-179-130,90.0,False
67563-179-140,92.0,False
67563-179-150,90.0,False
67563-179-85,61.0,False
67563-179-90,100.0,False
67563-2KD-100,130.0,False
67563-2KD-110,120.0,False
67563-2KD-120,110.0,False
67563-2KD-130,100.0,False
67563-2KD-140,90.0,False
67563-2KD-150,85.0,False
67563-2KD-85,82.0,False
67563-2KD-90,140.0,False
67563-2KF-100,131.0,False
67563-2KF-110,120.0,False
67563-2KF-120,110.0,False
67563-2KF-130,100.0,False
67563-2KF-140,90.0,False
67563-2KF-150,85.0,False
67563-2KF-85,64.0,False
67563-2KF-90,98.0,False
67563-31W-100,130.0,False
67563-31W-110,120.0,False
67563-31W-120,110.0,False
67563-31W-130,100.0,False
67563-31W-140,90.0,False
67563-31W-150,85.0,False
67563-31W-85,72.0,False
67563-31W-90,111.0,False
67563-3KG-100,100.0,False
67563-3KG-110,90.0,False
67563-3KG-120,90.0,False
67563-3KG-130,90.0,False
67563-3KG-140,90.0,False
67563-3KG-150,90.0,False
67563-3KG-85,83.0,False
67563-3KG-90,100.0,False
67563-3KP-100,100.0,False
67563-3KP-110,90.0,False
67563-3KP-120,90.0,False
67563-3KP-130,90.0,False
67563-3KP-140,90.0,False
67563-3KP-150,90.0,False
67563-3KP-85,80.0,False
67563-3KP-90,100.0,False
67563-4JY-100,93.0,False
67563-4JY-110,111.0,False
67563-4JY-120,110.0,False
67563-4JY-130,100.0,False
67563-4JY-140,90.0,False
67563-4JY-150,85.0,False
67563-4JY-85,36.0,False
67563-4JY-90,75.0,False
67563-5GZ-120,110.0,False
67563-5GZ-85,49.0,False
67563-5GZ-90,104.0,False
67563-5HR-100,131.0,False
67563-5HR-110,120.0,False
67563-5HR-120,110.0,False
67563-5HR-130,100.0,False
67563-5HR-85,50.0,False
67563-5HR-90,100.0,False
67563-6WL-100,104.0,False
67563-6WL-110,120.0,False
67563-6WL-120,110.0,False
67563-6WL-130,100.0,False
67563-6WL-150,85.0,False
67563-6WL-85,39.0,False
67563-EF4-100,100.0,False
67563-EF4-110,90.0,False
67563-EF4-120,90.0,False
67563-EF4-130,90.0,False
67563-EF4-140,90.0,False
67563-EF4-150,90.0,False
67563-EF4-85,57.0,False
67563-EF4-90,100.0,False
67563-SR4-100,130.0,False
67563-SR4-110,120.0,False
67563-SR4-120,110.0,False
67563-SR4-130,100.0,False
67563-SR4-140,90.0,False
67563-SR4-150,90.0,False
67563-SR4-85,107.0,False
67563-SR4-90,124.0,False
67567-179-140,140.0,False
67567-179-150,130.0,False
67567-2ZY-100,169.0,False
67567-2ZY-110,190.0,False
67567-2ZY-120,170.0,False
67567-2ZY-130,150.0,False
67567-2ZY-140,140.0,False
67567-2ZY-150,130.0,False
67567-2ZY-85,68.0,False
67567-2ZY-90,144.0,False
67567-31W-100,184.0,False
67567-31W-110,190.0,False
67567-31W-120,170.0,False
67567-31W-130,150.0,False
67567-31W-140,140.0,False
67567-31W-150,130.0,False
67567-31W-85,75.0,False
67567-31W-90,158.0,False
67567-31Y-100,175.0,False
67567-31Y-110,190.0,False
67567-31Y-120,170.0,False
67567-31Y-130,150.0,False
67567-31Y-140,140.0,False
67567-31Y-150,130.0,False
67567-31Y-85,70.0,False
67567-31Y-90,146.0,False
67567-3KG-100,111.0,False
67567-3KG-110,100.0,False
67567-3KG-120,100.0,False
67567-3KG-130,100.0,False
67567-3KG-140,100.0,False
67567-3KG-150,99.0,False
67567-3KP-130,100.0,False
67567-3KP-140,100.0,False
67567-3KP-150,100.0,False
67567-5HR-110,100.0,False
67567-5HR-120,100.0,False
67567-5HR-140,100.0,False
67567-5HR-150,100.0,False
67567-EF4-100,111.0,False
67567-EF4-110,100.0,False
67567-EF4-120,100.0,False
67567-EF4-130,100.0,False
67567-EF4-140,100.0,False
67567-EF4-150,99.0,False
67567-EF4-85,44.0,False
67567-EF4-90,95.0,False
67567-EF5-100,143.0,False
67567-EF5-110,172.0,False
67567-EF5-120,170.0,False
67567-EF5-130,150.0,False
67567-EF5-140,140.0,False
67567-EF5-150,130.0,False
67567-EF5-85,58.0,False
67567-EF5-90,121.0,False
67567-SR4-110,58.0,False
67567-SR4-120,20.0,False
67567-SR4-130,100.0,False
67567-SR4-140,100.0,False
67567-SR4-150,100.0,False
67683-277-100,75.0,False
67683-277-110,70.0,False
67683-277-120,60.0,False
67683-277-130,60.0,False
67683-277-140,50.0,False
67683-277-150,45.0,False
67683-277-85,75.0,False
67683-277-90,75.0,False
67683-2OY-100,75.0,False
67683-2OY-110,70.0,False
67683-2OY-120,60.0,False
67683-2OY-130,60.0,False
67683-2OY-140,50.0,False
67683-2OY-150,52.0,False
67683-2OY-85,81.0,False
67683-2OY-90,75.0,False
67683-434-100,75.0,False
67683-434-110,70.0,False
67683-434-120,61.0,False
67683-434-130,60.0,False
67683-434-140,49.0,False
67683-434-150,41.0,False
67683-434-85,70.0,False
67683-434-90,75.0,False
67683-48B-100,75.0,False
67683-48B-85,59.0,False
67683-48B-90,75.0,False
67683-5WH-110,70.0,False
67683-5WH-120,60.0,False
67683-5WH-85,80.0,False
67683-5WH-90,75.0,False
67683-5WJ-85,35.0,False
67683-5WJ-90,75.0,False
67691-015-100,180.0,False
67691-015-110,170.0,False
67691-015-120,160.0,False
67691-015-130,150.0,False
67691-015-140,140.0,False
67691-015-150,130.0,False
67691-015-85,111.0,False
67691-015-90,190.0,False
67691-31Y-100,180.0,False
67691-31Y-110,170.0,False
67691-31Y-120,160.0,False
67691-31Y-130,150.0,False
67691-31Y-140,140.0,False
67691-31Y-150,130.0,False
67691-31Y-85,107.0,False
67691-31Y-90,190.0,False
67691-3EB-100,149.0,False
67691-3EB-110,170.0,False
67691-3EB-120,160.0,False
67691-3EB-130,150.0,False
67691-3EB-140,127.0,False
67691-3EB-150,97.0,False
67691-3EB-85,50.0,False
67691-3EB-90,121.0,False
67691-3ED-100,153.0,False
67691-3ED-110,170.0,False
67691-3ED-120,160.0,False
67691-3ED-130,150.0,False
67691-3ED-140,131.0,False
67691-3ED-150,99.0,False
67691-3ED-85,51.0,False
67691-3ED-90,123.0,False
67691-3EE-100,185.0,False
67691-3EE-110,170.0,False
67691-3EE-120,160.0,False
67691-3EE-130,150.0,False
67691-3EE-140,140.0,False
67691-3EE-150,130.0,False
67691-3EE-85,124.0,False
67691-3EE-90,190.0,False
67700-1WC-L,40.0,False
67700-1WC-M,40.0,False
67700-1WC-S,50.0,False
67700-1WC-XL,35.0,False
67700-1WC-XS,42.0,False
67700-1WC-XXL,30.0,False
67755-3MO-50,56.0,False
67755-3MO-60,120.0,False
67755-3MO-70,130.0,False
67755-3MO-75,120.0,False
67755-3MO-80,120.0,False
67755-3MO-85,110.0,False
67755-3MO-90,100.0,False
67755-44G-50,54.0,False
67755-44G-60,120.0,False
67755-44G-70,130.0,False
67755-44G-75,130.0,False
67755-44G-80,120.0,False
67755-44G-85,110.0,False
67755-44G-90,100.0,False
67755-46U-50,32.0,False
67755-46U-60,98.0,False
67755-46U-70,130.0,False
67755-46U-75,120.0,False
67755-46U-80,120.0,False
67755-46U-85,120.0,False
67755-46U-90,100.0,False
67848-31W-100,85.0,False
67848-31W-110,75.0,False
67848-31W-120,70.0,False
67848-31W-130,65.0,False
67848-31W-140,60.0,False
67848-31W-150,55.0,False
67848-31W-85,105.0,False
67848-31W-90,95.0,False
67848-3EA-100,85.0,False
67848-3EA-110,75.0,False
67848-3EA-120,70.0,False
67848-3EA-130,65.0,False
67848-3EA-140,60.0,False
67848-3EA-150,55.0,False
67848-3EA-85,105.0,False
67848-3EA-90,95.0,False
67848-3EC-100,85.0,False
67848-3EC-110,75.0,False
67848-3EC-120,70.0,False
67848-3EC-130,65.0,False
67848-3EC-140,60.0,False
67848-3EC-150,55.0,False
67848-3EC-85,105.0,False
67848-3EC-90,95.0,False
67848-3ED-100,85.0,False
67848-3ED-110,75.0,False
67848-3ED-120,70.0,False
67848-3ED-130,65.0,False
67848-3ED-140,60.0,False
67848-3ED-150,55.0,False
67848-3ED-85,105.0,False
67848-3ED-90,95.0,False
67862-3IE-100,100.0,False
67862-3IE-110,107.0,False
67862-3IE-120,80.0,False
67862-3IE-130,70.0,False
67862-3IE-140,60.0,False
67862-3IE-150,60.0,False
67862-3IE-85,130.0,False
67862-3IE-90,120.0,False
67862-3IG-100,100.0,False
67862-3IG-110,100.0,False
67862-3IG-120,80.0,False
67862-3IG-130,70.0,False
67862-3IG-140,60.0,False
67862-3IG-150,68.0,False
67862-3IG-85,130.0,False
67862-3IG-90,120.0,False
67862-3IM-100,100.0,False
67862-3IM-110,100.0,False
67862-3IM-120,75.0,False
67862-3IM-130,70.0,False
67862-3IM-140,60.0,False
67862-3IM-150,60.0,False
67862-3IM-85,130.0,False
67862-3IM-90,120.0,False
67862-3IQ-100,100.0,False
67862-3IQ-110,100.0,False
67862-3IQ-120,80.0,False
67862-3IQ-130,70.0,False
67862-3IQ-140,60.0,False
67862-3IQ-150,60.0,False
67862-3IQ-85,133.0,False
67862-3IQ-90,120.0,False
67862-3KB-100,100.0,False
67862-3KB-110,100.0,False
67862-3KB-120,83.0,False
67862-3KB-130,70.0,False
67862-3KB-140,60.0,False
67862-3KB-150,60.0,False
67862-3KB-85,130.0,False
67862-3KB-90,120.0,False
67862-3KE-100,100.0,False
67862-3KE-110,100.0,False
67862-3KE-120,80.0,False
67862-3KE-130,70.0,False
67862-3KE-140,60.0,False
67862-3KE-150,60.0,False
67862-3KE-85,130.0,False
67862-3KE-90,120.0,False
67862-41I-100,100.0,False
67862-41I-110,100.0,False
67862-41I-120,80.0,False
67862-41I-130,70.0,False
67862-41I-140,60.0,False
67862-41I-150,60.0,False
67862-41I-85,130.0,False
67862-41I-90,120.0,False
67862-42J-100,100.0,False
67862-42J-110,106.0,False
67862-42J-120,85.0,False
67862-42J-130,70.0,False
67862-42J-140,60.0,False
67862-42J-150,60.0,False
67862-42J-85,130.0,False
67862-42J-90,120.0,False
67862-42K-100,100.0,False
67862-42K-110,100.0,False
67862-42K-120,80.0,False
67862-42K-130,70.0,False
67862-42K-140,63.0,False
67862-42K-150,65.0,False
67862-42K-85,130.0,False
67862-42K-90,121.0,False
67862-46U-100,100.0,False
67862-46U-110,100.0,False
67862-46U-120,80.0,False
67862-46U-130,73.0,False
67862-46U-140,60.0,False
67862-46U-150,60.0,False
67862-46U-85,130.0,False
67862-46U-90,120.0,False
67862-49V-100,112.0,False
67862-49V-110,100.0,False
67862-49V-120,95.0,False
67862-49V-130,71.0,False
67862-49V-140,60.0,False
67862-49V-150,60.0,False
67862-49V-85,130.0,False
67862-49V-90,110.0,False
67887-2NN-100,60.0,False
67887-2NN-110,60.0,False
67887-2NN-120,50.0,False
67887-2NN-130,52.0,False
67887-2NN-140,45.0,False
67887-2NN-150,44.0,False
67887-2NN-160,29.0,False
67887-2NN-85,70.0,False
67887-2NN-90,70.0,False
67901-1VS-100,75.0,False
67901-1VS-110,71.0,False
67901-1VS-120,70.0,False
67901-1VS-130,66.0,False
67901-1VS-140,45.0,False
67901-1VS-150,25.0,False
67901-1VS-85,30.0,False
67901-1VS-90,80.0,False
67971-31C-100,40.0,False
67971-31C-110,35.0,False
67971-31C-120,30.0,False
67971-31C-130,25.0,False
67971-31C-140,20.0,False
67971-31C-150,15.0,False
67971-31C-85,50.0,False
67971-31C-90,45.0,False
67971-31K-100,40.0,False
67971-31K-110,35.0,False
67971-31K-120,30.0,False
67971-31K-130,25.0,False
67971-31K-140,20.0,False
67971-31K-150,15.0,False
67971-31K-85,50.0,False
67971-31K-90,45.0,False
67971-31L-100,40.0,False
67971-31L-110,35.0,False
67971-31L-120,30.0,False
67971-31L-130,25.0,False
67971-31L-140,25.0,False
67971-31L-150,15.0,False
67971-31L-85,50.0,False
67971-31L-90,47.0,False
67978-3NZ-100,70.0,False
67978-3NZ-110,63.0,False
67978-3NZ-120,60.0,False
67978-3NZ-130,50.0,False
67978-3NZ-140,50.0,False
67978-3NZ-150,40.0,False
67978-3NZ-85,100.0,False
67978-3NZ-90,99.0,False
67978-3O3-100,70.0,False
67978-3O3-110,71.0,False
67978-3O3-120,60.0,False
67978-3O3-130,50.0,False
67978-3O3-140,40.0,False
67978-3O3-150,35.0,False
67978-3O3-85,95.0,False
67978-3O3-90,90.0,False
67978-3OA-110,71.0,False
67978-3OA-130,50.0,False
67978-3OA-150,40.0,False
67978-3RY-100,70.0,False
67978-3RY-110,65.0,False
67978-3RY-120,60.0,False
67978-3RY-130,50.0,False
67978-3RY-140,40.0,False
67978-3RY-150,35.0,False
67978-3RY-85,90.0,False
67978-3RY-90,90.0,False
67978-3SK-100,78.0,False
67978-3SK-110,60.0,False
67978-3SK-120,60.0,False
67978-3SK-130,50.0,False
67978-3SK-140,50.0,False
67978-3SK-150,40.0,False
67978-3SK-85,90.0,False
67978-3SK-90,90.0,False
68004-2UH-100,90.0,False
68004-2UH-110,80.0,False
68004-2UH-120,80.0,False
68004-2UH-130,70.0,False
68004-2UH-140,60.0,False
68004-2UH-150,34.0,False
68004-2UH-85,43.0,False
68004-2UH-90,103.0,False
68004-4KL-110,80.0,False
68004-4KL-120,80.0,False
68004-4KL-130,70.0,False
68004-4KL-140,60.0,False
68004-4KL-150,50.0,False
68004-4MD-130,70.0,False
68004-4MD-140,60.0,False
68004-4MD-150,50.0,False
68004-4MW-100,90.0,False
68004-4MW-110,80.0,False
68004-4MW-120,80.0,False
68004-4MW-130,70.0,False
68004-4MW-140,60.0,False
68004-4MW-150,50.0,False
68004-4MW-85,106.0,False
68004-4MW-90,100.0,False
68004-4N4-140,60.0,False
68004-4N4-150,50.0,False
68004-4NG-100,90.0,False
68004-4NG-110,80.0,False
68004-4NG-120,82.0,False
68004-4NG-130,70.0,False
68004-4NG-140,60.0,False
68004-4NG-150,46.0,False
68004-4NG-85,74.0,False
68004-4NG-90,100.0,False
68004-4NK-100,93.0,False
68004-4NK-110,80.0,False
68004-4NK-120,80.0,False
68004-4NK-130,70.0,False
68004-4NK-140,60.0,False
68004-4NK-150,50.0,False
68004-4NK-85,110.0,False
68004-4NK-90,100.0,False
68004-4NL-100,90.0,False
68004-4NL-110,80.0,False
68004-4NL-120,80.0,False
68004-4NL-130,70.0,False
68004-4NL-140,60.0,False
68004-4NL-150,40.0,False
68004-4NL-85,62.0,False
68004-4NL-90,100.0,False
68004-4PD-150,50.0,False
68004-4QM-130,70.0,False
68004-4QM-140,60.0,False
68004-4QM-150,50.0,False
68010-1D1-100,100.0,False
68010-1D1-110,80.0,False
68010-1D1-120,80.0,False
68010-1D1-130,75.0,False
68010-1D1-140,70.0,False
68010-1D1-85,29.0,False
68010-1D1-90,29.0,False
68010-1ZV-100,110.0,False
68010-1ZV-110,100.0,False
68010-1ZV-130,80.0,False
68010-1ZV-140,59.0,False
68010-1ZV-150,30.0,False
68010-1ZV-85,30.0,False
68010-1ZV-90,149.0,False
68010-2AI-100,120.0,False
68010-2AI-110,100.0,False
68010-2AI-120,90.0,False
68010-2AI-130,80.0,False
68010-2AI-140,47.0,False
68010-2AI-150,30.0,False
68010-2AI-85,52.0,False
68010-2AI-90,115.0,False
68010-2NM-100,80.0,False
68010-2NM-110,70.0,False
68010-2NM-120,60.0,False
68010-2NM-130,55.0,False
68010-2NM-140,50.0,False
68010-2NM-150,50.0,False
68010-2NM-85,100.0,False
68010-2NM-90,90.0,False
68010-2SS-100,114.0,False
68010-2SS-110,90.0,False
68010-2SS-120,80.0,False
68010-2SS-130,75.0,False
68010-2SS-140,50.0,False
68010-2SS-150,50.0,False
68010-2SS-85,100.0,False
68010-2SS-90,100.0,False
68010-3GW-100,90.0,False
68010-3GW-110,80.0,False
68010-3GW-120,80.0,False
68010-3GW-130,70.0,False
68010-3GW-140,60.0,False
68010-3GW-150,50.0,False
68010-3OO-100,80.0,False
68010-3OO-110,70.0,False
68010-3OO-120,60.0,False
68010-3OO-130,55.0,False
68010-3OO-140,50.0,False
68010-3OO-150,40.0,False
68010-3OO-85,100.0,False
68010-3OO-90,90.0,False
68010-4N4-100,80.0,False
68010-4N4-110,70.0,False
68010-4N4-120,60.0,False
68010-4N4-130,55.0,False
68010-4N4-140,50.0,False
68010-4N4-150,45.0,False
68010-4N4-85,100.0,False
68010-4N4-90,90.0,False
68010-4NG-100,80.0,False
68010-4NG-110,70.0,False
68010-4NG-120,60.0,False
68010-4NG-130,55.0,False
68010-4NG-140,50.0,False
68010-4NG-150,42.0,False
68010-4NG-85,99.0,False
68010-4NG-90,90.0,False
68010-4OV-100,83.0,False
68010-4OV-110,70.0,False
68010-4OV-120,60.0,False
68010-4OV-130,55.0,False
68010-4OV-140,50.0,False
68010-4OV-150,45.0,False
68010-4OV-85,100.0,False
68010-4OV-90,90.0,False
68010-4OX-100,80.0,False
68010-4OX-120,60.0,False
68010-4OX-130,55.0,False
68010-4OX-140,50.0,False
68010-4OX-150,54.0,False
68010-4OX-85,100.0,False
68010-4OX-90,90.0,False
68048-1GF-50,81.0,False
68048-1GF-60,147.0,False
68048-1GF-70,150.0,False
68048-1GF-85,138.0,False
68048-1GF-90,74.0,False
68048-2EL-50,160.0,False
68048-2EL-60,160.0,False
68048-2EL-70,150.0,False
68048-2EL-80,150.0,False
68048-2EL-85,140.0,False
68048-2EL-90,140.0,False
68116-3SJ-100,110.0,False
68116-3SJ-110,100.0,False
68116-3SJ-120,90.0,False
68116-3SJ-130,80.0,False
68116-3SJ-140,70.0,False
68116-3SJ-150,65.0,False
68116-3SJ-85,120.0,False
68116-3SJ-90,120.0,False
68116-4LT-100,110.0,False
68116-4LT-110,100.0,False
68116-4LT-120,100.0,False
68116-4LT-140,80.0,False
68116-4LT-150,70.0,False
68116-4LT-85,140.0,False
68116-4LT-90,120.0,False
68116-4MH-100,110.0,False
68116-4MH-110,100.0,False
68116-4MH-120,90.0,False
68116-4MH-130,80.0,False
68116-4MH-140,70.0,False
68116-4MH-150,65.0,False
68116-4MH-85,125.0,False
68116-4MH-90,120.0,False
68119-2FQ-100,180.0,False
68119-2FQ-110,160.0,False
68119-2FQ-140,110.0,False
68119-2FQ-150,95.0,False
68119-2FQ-85,217.0,False
68119-2FQ-90,200.0,False
68119-2IJ-100,180.0,False
68119-2IJ-110,160.0,False
68119-2IJ-120,140.0,False
68119-2IJ-130,120.0,False
68119-2IJ-140,110.0,False
68119-2IJ-150,95.0,False
68119-2IJ-85,116.0,False
68119-2IJ-90,200.0,False
68119-2JK-85,210.0,False
68119-2JK-90,200.0,False
68119-4LE-140,100.0,False
68119-4LE-150,85.0,False
68119-4NF-100,170.0,False
68119-4NF-110,150.0,False
68119-4NF-120,130.0,False
68119-4NF-130,115.0,False
68119-4NF-140,100.0,False
68119-4NF-150,85.0,False
68119-4NF-85,230.0,False
68119-4NF-90,200.0,False
68119-4NL-110,150.0,False
68119-4NL-120,130.0,False
68119-4NL-130,115.0,False
68119-4NL-140,100.0,False
68119-4NL-150,85.0,False
68119-4NL-85,230.0,False
68119-4NL-90,200.0,False
68125-4KQ-100,80.0,False
68125-4KQ-130,60.0,False
68125-4KQ-140,50.0,False
68125-4KQ-150,50.0,False
68125-4KQ-85,110.0,False
68125-4KQ-90,100.0,False
68125-4MF-100,90.0,False
68125-4MF-110,70.0,False
68125-4MF-120,70.0,False
68125-4MF-130,60.0,False
68125-4MF-140,50.0,False
68125-4MF-150,50.0,False
68125-4MF-85,110.0,False
68125-4MF-90,100.0,False
68125-4MT-100,80.0,False
68125-4MT-110,70.0,False
68125-4MT-120,70.0,False
68125-4MT-130,60.0,False
68125-4MT-140,50.0,False
68125-4MT-150,50.0,False
68125-4MT-85,110.0,False
68125-4MT-90,100.0,False
68125-4MZ-100,80.0,False
68125-4MZ-110,70.0,False
68125-4MZ-120,70.0,False
68125-4MZ-130,60.0,False
68125-4MZ-140,50.0,False
68125-4MZ-150,50.0,False
68125-4MZ-85,110.0,False
68125-4MZ-90,100.0,False
68125-4NV-100,80.0,False
68125-4NV-110,70.0,False
68125-4NV-120,70.0,False
68125-4NV-130,60.0,False
68125-4NV-140,50.0,False
68125-4NV-150,50.0,False
68125-4NV-85,110.0,False
68125-4NV-90,100.0,False
68141-011-60,40.0,False
68141-011-70,45.0,False
68141-011-75,40.0,False
68141-011-80,36.0,False
68141-011-85,36.0,False
68141-011-90,29.0,False
68141-1FZ-50,54.0,False
68141-1FZ-60,50.0,False
68141-1FZ-70,45.0,False
68141-1FZ-75,45.0,False
68141-1FZ-80,40.0,False
68141-1FZ-85,42.0,False
68141-1FZ-90,30.0,False
68141-32H-50,48.0,False
68141-32H-60,50.0,False
68141-32H-70,45.0,False
68141-32H-75,45.0,False
68141-32H-80,45.0,False
68141-32H-85,40.0,False
68141-32H-90,35.0,False
68141-32J-50,30.0,False
68141-32J-60,52.0,False
68141-32J-70,45.0,False
68141-32J-75,45.0,False
68141-32J-80,46.0,False
68141-32J-85,40.0,False
68141-32J-90,34.0,False
68144-011-60,33.0,False
68144-011-70,40.0,False
68144-011-75,35.0,False
68144-011-80,35.0,False
68144-011-85,35.0,False
68144-011-90,30.0,False
68144-1FZ-50,20.0,False
68144-1FZ-60,42.0,False
68144-1FZ-70,40.0,False
68144-1FZ-75,39.0,False
68144-1FZ-80,40.0,False
68144-1FZ-85,38.0,False
68144-1FZ-90,30.0,False
68144-32H-50,24.0,False
68144-32H-60,42.0,False
68144-32H-70,40.0,False
68144-32H-75,40.0,False
68144-32H-80,35.0,False
68144-32H-85,35.0,False
68144-32H-90,35.0,False
68144-32J-50,22.0,False
68144-32J-60,44.0,False
68144-32J-70,40.0,False
68144-32J-75,40.0,False
68144-32J-80,35.0,False
68144-32J-85,36.0,False
68144-32J-90,30.0,False
68173-1CE-90,65.0,False
68173-4N4-50,18.0,False
68173-4N4-60,69.0,False
68173-4N4-70,100.0,False
68173-4N4-75,90.0,False
68173-4N4-80,80.0,False
68173-4N4-85,70.0,False
68173-4N4-90,68.0,False
68173-4NL-50,20.0,False
68173-4NL-60,76.0,False
68173-4NL-70,100.0,False
68173-4NL-75,90.0,False
68173-4NL-80,80.0,False
68173-4NL-85,70.0,False
68173-4NL-90,65.0,False
68173-4NV-50,20.0,False
68173-4NV-60,76.0,False
68173-4NV-70,100.0,False
68173-4NV-75,90.0,False
68173-4NV-80,80.0,False
68173-4NV-85,70.0,False
68173-4NV-90,65.0,False
68173-4OU-50,18.0,False
68173-4OU-60,66.0,False
68173-4OU-70,100.0,False
68173-4OU-75,90.0,False
68173-4OU-80,80.0,False
68173-4OU-85,70.0,False
68173-4OU-90,65.0,False
68177-32H-60,137.0,False
68177-32H-90,93.0,False
68177-76X-50,212.0,False
80011-045-L,40.0,False
80011-045-M,50.0,False
80011-045-S,50.0,False
80011-045-XL,40.0,False
80011-045-XS,50.0,False
80011-045-XXL,40.0,False
80011-045-XXS,50.0,False
80034-022-L,40.0,False
80034-022-M,58.0,False
80034-022-S,50.0,False
80034-022-XL,41.0,False
80034-022-XS,50.0,False
80034-022-XXL,40.0,False
80034-022-XXS,56.0,False
80034-3VS-L,45.0,False
80034-3VS-M,50.0,False
80034-3VS-S,50.0,False
80034-3VS-XL,45.0,False
80034-3VS-XS,36.0,False
80034-3VS-XXS,25.0,False
80034-3VT-L,48.0,False
80034-3VT-M,50.0,False
80034-3VT-S,50.0,False
80034-3VT-XS,26.0,False
80034-3VT-XXS,17.0,False
80039-2BX-L,40.0,False
80039-2BX-M,50.0,False
80039-2BX-S,56.0,False
80039-2BX-XL,47.0,False
80039-2BX-XS,50.0,False
80039-2BX-XXL,40.0,False
80039-2BX-XXS,50.0,False
80039-2CF-L,40.0,False
80039-2CF-M,50.0,False
80039-2CF-S,50.0,False
80039-2CF-XL,40.0,False
80039-2CF-XS,50.0,False
80039-2CF-XXL,40.0,False
80039-2CF-XXS,50.0,False
80039-2CH-S,50.0,False
80039-2CH-XS,58.0,False
80039-2CH-XXS,57.0,False
80039-2FK-M,50.0,False
80039-2FK-S,50.0,False
80039-2FK-XXS,50.0,False
80039-2GG-M,50.0,False
80039-2GG-S,50.0,False
80039-2GG-XS,50.0,False
80039-2GG-XXS,50.0,False
80039-2HC-M,50.0,False
80039-2HC-S,54.0,False
80039-2HC-XS,50.0,False
80039-2HC-XXS,54.0,False
80039-2HM-L,40.0,False
80039-2HM-M,51.0,False
80039-2HM-S,52.0,False
80039-2HM-XS,50.0,False
80039-2HM-XXL,40.0,False
80039-2HM-XXS,50.0,False
80039-4XD-M,50.0,False
80039-4XD-S,50.0,False
80039-4XD-XS,50.0,False
80039-4XD-XXS,45.0,False
80039-4ZC-L,35.0,False
80039-4ZC-M,39.0,False
80039-4ZC-S,42.0,False
80039-4ZC-XL,30.0,False
80039-4ZC-XS,42.0,False
80039-4ZC-XXL,30.0,False
80039-4ZC-XXS,40.0,False
80039-4ZF-L,50.0,False
80039-4ZF-M,50.0,False
80039-4ZF-S,50.0,False
80039-4ZF-XL,45.0,False
80039-4ZF-XS,50.0,False
80039-4ZF-XXL,45.0,False
80039-4ZF-XXS,50.0,False
80039-52K-XXS,40.0,False
80039-5BS-L,35.0,False
80039-5BS-M,36.0,False
80039-5BS-S,40.0,False
80039-5BS-XL,34.0,False
80039-5BS-XS,40.0,False
80039-5BS-XXL,31.0,False
80039-5BS-XXS,40.0,False
80039-715-L,40.0,False
80039-715-M,50.0,False
80039-715-XS,50.0,False
80039-715-XXL,40.0,False
80039-715-XXS,50.0,False
80039-727-L,40.0,False
80039-727-M,50.0,False
80039-727-XL,40.0,False
80039-727-XS,50.0,False
80039-727-XXL,40.0,False
80039-727-XXS,42.0,False
80039-QX6-L,40.0,False
80039-QX6-M,50.0,False
80039-QX6-S,51.0,False
80039-QX6-XL,40.0,False
80039-QX6-XS,50.0,False
80039-QX6-XXL,40.0,False
80039-QX6-XXS,50.0,False
80039-XS9-XXS,55.0,False
80039-XU1-L,40.0,False
80039-XU1-M,50.0,False
80039-XU1-S,50.0,False
80039-XU1-XS,50.0,False
80039-XU1-XXL,40.0,False
80039-XU1-XXS,52.0,False
80046-1BE-S,50.0,False
80046-1BE-XS,50.0,False
80046-1BE-XXS,45.0,False
80046-2BV-XXL,32.0,False
80046-2BX-L,35.0,False
80046-2BX-M,40.0,False
80046-2BX-S,41.0,False
80046-2BX-XL,35.0,False
80046-2BX-XS,40.0,False
80046-2BX-XXL,43.0,False
80046-2BX-XXS,40.0,False
80046-2CF-XL,35.0,False
80046-2CF-XXL,35.0,False
80046-2CF-XXS,40.0,False
80046-2CH-M,41.0,False
80046-2CH-S,40.0,False
80046-2CH-XL,35.0,False
80046-2CH-XS,45.0,False
80046-2CK-XXS,30.0,False
80046-2FK-L,37.0,False
80046-2FK-M,40.0,False
80046-2FK-S,40.0,False
80046-2FK-XL,36.0,False
80046-2FK-XS,47.0,False
80046-2FK-XXL,39.0,False
80046-2FK-XXS,19.0,False
80046-2GG-XXS,49.0,False
80046-2HC-L,35.0,False
80046-2HC-M,40.0,False
80046-2HC-S,40.0,False
80046-2HC-XL,38.0,False
80046-2HC-XS,40.0,False
80046-2HC-XXL,35.0,False
80046-2HC-XXS,44.0,False
80046-4ZC-XXS,17.0,False
80046-4ZF-L,50.0,False
80046-4ZF-S,51.0,False
80046-4ZF-XL,46.0,False
80046-4ZF-XS,50.0,False
80046-4ZF-XXL,48.0,False
80046-4ZF-XXS,16.0,False
80046-5BE-XXS,18.0,False
80046-5BS-L,35.0,False
80046-5BS-M,35.0,False
80046-5BS-S,45.0,False
80046-5BS-XL,31.0,False
80046-5BS-XS,38.0,False
80046-5BS-XXL,30.0,False
80046-5BS-XXS,14.0,False
80046-715-L,35.0,False
80046-715-M,40.0,False
80046-715-S,40.0,False
80046-715-XL,39.0,False
80046-715-XS,40.0,False
80046-715-XXL,35.0,False
80046-715-XXS,19.0,False
80046-XS9-L,35.0,False
80046-XS9-S,40.0,False
80046-XS9-XL,35.0,False
80046-XS9-XS,40.0,False
80046-XS9-XXL,37.0,False
80046-XU1-L,35.0,False
80046-XU1-XL,35.0,False
80046-XU1-XXL,35.0,False
80046-XU1-XXS,40.0,False
80123-2XJ-50,56.0,False
80123-2XJ-60,70.0,False
80123-2XJ-70,66.0,False
80123-2XJ-75,55.0,False
80123-2XJ-80,55.0,False
80123-2XJ-85,50.0,False
80123-2XJ-90,44.0,False
80123-2ZP-50,70.0,False
80123-2ZP-60,75.0,False
80123-2ZP-70,68.0,False
80123-2ZP-80,55.0,False
80123-2ZP-85,50.0,False
80123-2ZP-90,44.0,False
80223-1AY-L,107.0,False
80223-1AY-M,107.0,False
80223-1AY-S,107.0,False
80223-1AY-XL,59.0,False
80223-1AY-XS,37.0,False
80223-1FL-L,79.0,False
80223-1FL-M,80.0,False
80223-1FL-S,80.0,False
80223-1FL-XL,45.0,False
80223-1FL-XS,28.0,False
80275-1WB-L,71.0,False
80275-1WB-M,90.0,False
80275-1WB-S,56.0,False
80275-1WB-XL,43.0,False
80275-1WB-XS,36.0,False
80276-2XQ-150,35.0,False
80276-2YT-150,26.0,False
80276-5BY-100,80.0,False
80276-5BY-110,70.0,False
80276-5BY-120,70.0,False
80276-5BY-130,60.0,False
80276-5BY-140,50.0,False
80276-5BY-150,43.0,False
80276-5BY-85,97.0,False
80276-5BY-90,90.0,False
80276-5CN-130,60.0,False
80276-5CN-140,42.0,False
80276-5CN-150,24.0,False
80276-5CT-130,60.0,False
80276-5CT-140,50.0,False
80276-5CT-150,37.0,False
80276-5CT-85,76.0,False
80278-2XV-85,53.0,False
80278-2YJ-150,41.0,False
80278-2YJ-85,64.0,False
80278-2YJ-90,103.0,False
80278-5BX-100,146.0,False
80278-5BX-110,174.0,False
80278-5BX-120,150.0,False
80278-5BX-130,130.0,False
80278-5BX-140,77.0,False
80278-5BX-150,37.0,False
80278-5BX-90,116.0,False
80278-5CA-100,188.0,False
80278-5CA-110,170.0,False
80278-5CA-120,150.0,False
80278-5CA-130,130.0,False
80278-5CA-140,98.0,False
80278-5CA-150,49.0,False
80278-5CA-90,148.0,False
80278-5CB-100,94.0,False
80278-5CB-110,113.0,False
80278-5CB-120,135.0,False
80278-5CB-130,92.0,False
80278-5CB-140,50.0,False
80278-5CB-150,24.0,False
80278-5CB-85,45.0,False
80278-5CB-90,75.0,False
80296-026-S,85.0,False
80296-026-XL,52.0,False
80296-026-XS,47.0,False
80297-026-L,50.0,False
80297-026-M,60.0,False
80297-026-S,70.0,False
80297-026-XL,45.0,False
80297-026-XS,75.0,False
80361-011-50,32.0,False
80361-011-60,70.0,False
80361-011-70,66.0,False
80361-011-75,60.0,False
80361-011-80,60.0,False
80361-011-85,50.0,False
80361-011-90,45.0,False
80361-1FZ-50,23.0,False
80361-1FZ-60,67.0,False
80361-1FZ-70,70.0,False
80361-1FZ-75,70.0,False
80361-1FZ-80,60.0,False
80361-1FZ-85,50.0,False
80361-1FZ-90,50.0,False
80361-32H-50,28.0,False
80361-32H-60,76.0,False
80361-32H-70,70.0,False
80361-32H-75,70.0,False
80361-32H-80,60.0,False
80361-32H-85,50.0,False
80361-32H-90,54.0,False
80361-32J-50,19.0,False
80361-32J-60,46.0,False
80361-32J-70,70.0,False
80361-32J-75,70.0,False
80361-32J-80,60.0,False
80361-32J-85,50.0,False
80361-32J-90,56.0,False
80376-1UY-2/4,132.0,False
80376-1UY-5/7,110.0,False
80376-1UY-NB,126.0,False
80376-607-2/4,160.0,False
80376-607-5/7,120.0,False
80441-179-100,130.0,False
80441-179-110,120.0,False
80441-179-120,120.0,False
80441-179-130,100.0,False
80441-179-140,102.0,False
80441-179-150,100.0,False
80441-179-85,140.0,False
80441-179-90,130.0,False
80441-2KD-100,130.0,False
80441-2KD-110,120.0,False
80441-2KD-120,120.0,False
80441-2KD-130,100.0,False
80441-2KD-140,100.0,False
80441-2KD-150,90.0,False
80441-2KD-85,105.0,False
80441-2KD-90,130.0,False
80441-2KF-100,130.0,False
80441-2KF-110,120.0,False
80441-2KF-120,120.0,False
80441-2KF-130,100.0,False
80441-2KF-140,100.0,False
80441-2KF-150,90.0,False
80441-2KF-85,140.0,False
80441-2KF-90,130.0,False
80441-31W-100,130.0,False
80441-31W-110,120.0,False
80441-31W-120,120.0,False
80441-31W-130,100.0,False
80441-31W-140,100.0,False
80441-31W-150,90.0,False
80441-31W-85,140.0,False
80441-31W-90,130.0,False
80441-32G-100,130.0,False
80441-32G-110,120.0,False
80441-32G-120,120.0,False
80441-32G-130,100.0,False
80441-32G-140,100.0,False
80441-32G-150,90.0,False
80441-32G-85,119.0,False
80441-32G-90,130.0,False
80441-3KG-100,120.0,False
80441-3KG-110,120.0,False
80441-3KG-120,100.0,False
80441-3KG-130,103.0,False
80441-3KG-140,100.0,False
80441-3KG-150,100.0,False
80441-3KG-85,104.0,False
80441-3KG-90,120.0,False
80441-3KP-100,120.0,False
80441-3KP-110,120.0,False
80441-3KP-120,100.0,False
80441-3KP-130,100.0,False
80441-3KP-140,100.0,False
80441-3KP-150,100.0,False
80441-3KP-85,92.0,False
80441-3KP-90,120.0,False
80441-EF4-100,120.0,False
80441-EF4-110,120.0,False
80441-EF4-120,100.0,False
80441-EF4-130,100.0,False
80441-EF4-140,100.0,False
80441-EF4-150,100.0,False
80441-EF4-85,92.0,False
80441-EF4-90,120.0,False
80441-EF5-100,130.0,False
80441-EF5-110,120.0,False
80441-EF5-120,120.0,False
80441-EF5-130,100.0,False
80441-EF5-140,100.0,False
80441-EF5-150,90.0,False
80441-EF5-85,121.0,False
80441-EF5-90,130.0,False
80441-SR4-100,130.0,False
80441-SR4-110,120.0,False
80441-SR4-120,120.0,False
80441-SR4-130,100.0,False
80441-SR4-140,100.0,False
80441-SR4-150,100.0,False
80441-SR4-85,140.0,False
80441-SR4-90,130.0,False
80467-5M5-130,80.0,False
80467-5M5-140,70.0,False
80467-5M5-150,50.0,False
80467-5NR-120,100.0,False
80467-5NR-130,80.0,False
80467-5NR-140,70.0,False
80467-5NR-150,50.0,False
80468-5MX-110,70.0,False
80468-5MX-120,61.0,False
80468-5MX-130,63.0,False
80468-5MX-140,60.0,False
80468-5NX-130,60.0,False
80468-5NX-150,45.0,False
80468-5NX-90,56.0,False
80493-2XQ-85,16.0,False
80493-2XQ-90,63.0,False
80493-5LP-100,100.0,False
80493-5LP-110,100.0,False
80493-5LP-120,100.0,False
80493-5LP-130,100.0,False
80493-5LP-140,100.0,False
80493-5LP-85,28.0,False
80493-5LP-90,70.0,False
80493-5LR-100,100.0,False
80493-5LR-110,100.0,False
80493-5LR-120,100.0,False
80493-5LR-130,100.0,False
80493-5LR-140,100.0,False
80493-5LR-85,28.0,False
80493-5LR-90,70.0,False
80504-GN3-10/12,128.0,False
80504-GN3-12/1Y,108.0,False
80504-GN3-1Y/3Y,80.0,False
80504-GN3-3Y/5Y,84.0,False
80504-GN3-5/7,169.0,False
80504-GN3-7/9,138.0,False
80581-177-L,46.0,False
80581-177-M,50.0,False
80581-177-S,50.0,False
80581-177-XL,40.0,False
80581-177-XS,55.0,False
80581-177-XXL,35.0,False
80582-177-60,28.0,False
80605-6GV-75,42.0,False
80605-6GV-80,40.0,False
80617-3KE-50,83.0,False
80617-3KE-60,150.0,False
80617-3KE-70,140.0,False
80617-3KE-75,130.0,False
80617-3KE-80,120.0,False
80617-3KE-85,120.0,False
80617-3KE-90,100.0,False
80617-41W-50,113.0,False
80617-41W-60,151.0,False
80617-41W-70,140.0,False
80617-41W-75,130.0,False
80617-41W-80,120.0,False
80617-41W-85,110.0,False
80617-41W-90,100.0,False
80617-42K-60,150.0,False
80617-42K-70,140.0,False
80617-44G-50,112.0,False
80617-44G-60,150.0,False
80617-44G-70,140.0,False
80617-44G-75,130.0,False
80617-44G-80,120.0,False
80617-44G-85,119.0,False
80617-44G-90,100.0,False
80617-6EA-50,83.0,False
80629-277-100,60.0,False
80629-277-110,57.0,False
80629-277-120,55.0,False
80629-277-130,51.0,False
80629-277-140,48.0,False
80629-277-150,45.0,False
80629-277-85,65.0,False
80629-277-90,65.0,False
80629-2OY-100,60.0,False
80629-2OY-110,57.0,False
80629-2OY-120,54.0,False
80629-2OY-130,51.0,False
80629-2OY-140,48.0,False
80629-2OY-150,45.0,False
80629-2OY-85,65.0,False
80629-2OY-90,65.0,False
80629-34H-100,60.0,False
80629-34H-110,57.0,False
80629-34H-120,54.0,False
80629-34H-130,51.0,False
80629-34H-140,48.0,False
80629-34H-150,45.0,False
80629-34H-85,65.0,False
80629-34H-90,65.0,False
80629-48B-100,60.0,False
80629-48B-110,57.0,False
80629-48B-120,54.0,False
80629-48B-130,53.0,False
80629-48B-140,48.0,False
80629-48B-150,45.0,False
80629-48B-85,65.0,False
80629-48B-90,65.0,False
80681-434-100,45.0,False
80681-434-110,40.0,False
80681-434-120,36.0,False
80681-434-130,36.0,False
80681-434-140,30.0,False
80681-434-150,32.0,False
80681-434-85,48.0,False
80681-434-90,48.0,False
80681-6GV-100,45.0,False
80681-6GV-110,45.0,False
80681-6GV-85,55.0,False
80681-6GV-90,59.0,False
80758-434-100,120.0,False
80758-434-110,110.0,False
80758-434-120,100.0,False
80758-434-130,108.0,False
80758-434-140,90.0,False
80758-434-150,90.0,False
80758-434-85,130.0,False
80758-434-90,130.0,False
80786-505-160,44.0,False
80801-530-140,15.0,False
80801-530-85,27.0,False
80802-WS9-120,40.0,False
80802-WS9-130,37.0,False
80802-WS9-140,35.0,False
80802-WS9-150,35.0,False
80802-WS9-85,53.0,False
80802-WS9-90,58.0,False
80823-2KE-100,133.0,False
80823-2KE-110,130.0,False
80823-2KE-120,120.0,False
80823-2KE-130,110.0,False
80823-2KE-140,110.0,False
80823-2KE-150,100.0,False
80823-2KE-85,102.0,False
80823-2KE-90,160.0,False
80823-32S-100,130.0,False
80823-32S-110,130.0,False
80823-32S-120,121.0,False
80823-32S-130,110.0,False
80823-32S-140,116.0,False
80823-32S-150,100.0,False
80823-32S-85,91.0,False
80823-32S-90,160.0,False
80823-GK3-100,130.0,False
80823-GK3-110,110.0,False
80823-GK3-120,123.0,False
80823-GK3-130,110.0,False
80823-GK3-140,110.0,False
80823-GK3-150,100.0,False
80823-GK3-85,80.0,False
80823-GK3-90,164.0,False
80859-3MR-100,64.0,False
80859-3MR-110,60.0,False
80859-3MR-120,50.0,False
80859-3MR-130,45.0,False
80859-3MR-140,42.0,False
80859-3MR-150,37.0,False
80859-3MR-85,93.0,False
80859-3MR-90,67.0,False
80859-3NQ-150,31.0,False
80868-3PL-50,14.0,False
80868-3PL-60,53.0,False
80868-3PL-70,90.0,False
80868-3PL-75,85.0,False
80868-3PL-80,85.0,False
80868-3PL-85,75.0,False
80868-3PL-90,60.0,False
80868-3PP-50,12.0,False
80868-3PP-60,45.0,False
80868-3PP-70,81.0,False
80868-3PP-75,110.0,False
80868-3PP-80,117.0,False
80868-3PP-85,104.0,False
80868-3PP-90,85.0,False
80868-3RE-50,16.0,False
80868-3RE-60,57.0,False
80868-3RE-70,113.0,False
80868-3RE-75,89.0,False
80868-3RE-80,80.0,False
80868-3RE-85,80.0,False
80868-3RE-90,80.0,False
80868-4KU-50,24.0,False
80868-4KU-60,75.0,False
80868-4KU-70,110.0,False
80868-4KU-75,100.0,False
80868-4KU-80,90.0,False
80868-4KU-85,90.0,False
80868-4KU-90,70.0,False
80868-4NE-50,12.0,False
80868-4NE-60,41.0,False
80868-4NE-70,80.0,False
80868-4NE-75,100.0,False
80868-4NE-80,107.0,False
80868-4NE-85,101.0,False
80868-4NE-90,81.0,False
80868-4OD-50,19.0,False
80868-4OD-70,100.0,False
80868-4OD-75,90.0,False
80868-4OD-80,85.0,False
80868-4OD-85,90.0,False
80868-4OD-90,80.0,False
80868-4OF-50,13.0,False
80868-4OF-60,42.0,False
80868-4OF-70,89.0,False
80868-4OF-75,100.0,False
80868-4OF-80,90.0,False
80868-4OF-85,90.0,False
80868-4OF-90,70.0,False
80868-4PR-50,13.0,False
80868-4PR-60,50.0,False
80868-4PR-70,88.0,False
80868-4PR-75,90.0,False
80868-4PR-80,90.0,False
80868-4PR-85,80.0,False
80868-4PR-90,70.0,False
80869-3MR-90,94.0,False
80878-2HN-100,60.0,False
80878-2HN-110,60.0,False
80878-2HN-120,50.0,False
80878-2HN-130,50.0,False
80878-2HN-140,44.0,False
80878-2HN-150,32.0,False
80878-2HN-85,60.0,False
80878-2HN-90,60.0,False
80878-30S-100,60.0,False
80878-30S-110,60.0,False
80878-30S-120,50.0,False
80878-30S-130,50.0,False
80878-30S-140,44.0,False
80878-30S-150,32.0,False
80878-30S-85,60.0,False
80878-30S-90,60.0,False
80906-746-60,129.0,False
80906-766-60,120.0,False
80906-766-NB,191.0,False
80941-GK3-100,78.0,False
80941-GK3-110,67.0,False
80941-GK3-120,60.0,False
80941-GK3-130,54.0,False
80941-GK3-140,48.0,False
80941-GK3-150,48.0,False
80941-GK3-80,76.0,False
80941-GK3-90,90.0,False
80941-SR4-100,69.0,False
80941-SR4-110,63.0,False
80941-SR4-120,54.0,False
80941-SR4-130,50.0,False
80941-SR4-140,48.0,False
80941-SR4-150,46.0,False
80941-SR4-80,63.0,False
80941-SR4-90,84.0,False
80960-531-100,96.0,False
80960-531-110,86.0,False
80960-531-120,74.0,False
80960-531-130,74.0,False
80960-531-140,61.0,False
80960-531-150,55.0,False
80960-531-160,40.0,False
80960-531-85,109.0,False
80960-531-90,103.0,False
80961-531-100,111.0,False
80961-531-110,132.0,False
80961-531-120,105.0,False
80961-531-130,98.0,False
80961-531-140,79.0,False
80961-531-150,78.0,False
80961-531-160,41.0,False
80961-531-85,53.0,False
80961-531-90,127.0,False
80973-504-XL,33.0,False
80973-504-XXL,25.0,False
80991-NN9-100,140.0,False
80991-NN9-110,130.0,False
80991-NN9-120,120.0,False
80991-NN9-130,110.0,False
80991-NN9-140,112.0,False
80991-NN9-150,53.0,False
80991-NN9-85,105.0,False
80991-NN9-90,140.0,False
80996-022-100,80.0,False
80996-022-110,70.0,False
80996-022-120,70.0,False
80996-022-130,54.0,False
80996-022-140,54.0,False
80996-022-85,41.0,False
80996-022-90,60.0,False
80997-022-L,25.0,False
80997-022-M,30.0,False
80997-022-S,30.0,False
80997-022-XL,25.0,False
80997-022-XS,30.0,False
80997-022-XXL,22.0,False
80998-022-100,60.0,False
80998-022-110,60.0,False
80998-022-120,50.0,False
80998-022-130,43.0,False
80998-022-140,21.0,False
80998-022-150,22.0,False
80998-022-85,27.0,False
80998-022-90,60.0,False
80999-536-100,70.0,False
80999-536-110,70.0,False
80999-536-120,60.0,False
80999-536-130,58.0,False
80999-536-140,40.0,False
80999-536-150,35.0,False
80999-536-85,67.0,False
80999-536-90,85.0,False
81006-538-120,72.0,False
81006-538-140,60.0,False
81006-538-160,50.0,False
81006-538-85,42.0,False
81006-538-90,70.0,False
81029-545-M,28.0,False
81029-545-S,32.0,False
81029-545-XS,32.0,False
81029-545-XXL,24.0,False
81032-545-XL,22.0,False
81032-545-XXL,21.0,False
81033-545-S,35.0,False
81033-545-XXL,21.0,False
81035-545-S,50.0,False
81035-545-XXL,40.0,False
81045-VM5-100,80.0,False
81045-VM5-110,70.0,False
81045-VM5-120,60.0,False
81045-VM5-130,55.0,False
81045-VM5-140,52.0,False
81045-VM5-150,50.0,False
81045-VM5-85,93.0,False
81045-VM5-90,90.0,False
81052-FX9-100,58.0,False
81052-FX9-120,40.0,False
81052-FX9-130,40.0,False
81052-FX9-140,35.0,False
81052-FX9-150,34.0,False
81052-FX9-90,49.0,False
81055-045-L,29.0,False
81055-045-M,28.0,False
81055-045-S,30.0,False
81055-045-XL,24.0,False
81055-045-XS,30.0,False
81055-045-XXL,20.0,False
81056-045-100,36.0,False
81056-045-110,34.0,False
81056-045-120,27.0,False
81056-045-130,25.0,False
81056-045-140,24.0,False
81056-045-150,19.0,False
81056-045-160,19.0,False
81056-045-85,36.0,False
81056-045-90,36.0,False
81058-539-100,75.0,False
81058-539-110,60.0,False
81058-539-130,50.0,False
81058-539-140,47.0,False
81058-539-150,37.0,False
81058-539-160,35.0,False
81059-539-L,45.0,False
81059-539-M,50.0,False
81059-539-S,50.0,False
81059-539-XL,40.0,False
81059-539-XS,39.0,False
81059-539-XXL,40.0,False
81060-539-L,55.0,False
81060-539-M,60.0,False
81060-539-S,40.0,False
81060-539-XL,50.0,False
81060-539-XS,5.0,False
81060-539-XXL,45.0,False
81061-539-L,55.0,False
81061-539-M,60.0,False
81061-539-S,60.0,False
81061-539-XL,50.0,False
81061-539-XXL,45.0,False
81062-539-L,55.0,False
81062-539-M,60.0,False
81062-539-S,60.0,False
81062-539-XL,50.0,False
81062-539-XS,60.0,False
81062-539-XXL,40.0,False
81063-539-L,88.0,False
81063-539-M,83.0,False
81063-539-S,115.0,False
81063-539-XL,65.0,False
81063-539-XS,38.0,False
81065-539-L,40.0,False
81065-539-M,50.0,False
81065-539-S,50.0,False
81065-539-XL,40.0,False
81065-539-XS,50.0,False
81065-539-XXL,40.0,False
81065-539-XXS,53.0,False
81075-2EL-100,25.0,False
81075-2EL-110,25.0,False
81075-2EL-120,25.0,False
81075-2EL-130,25.0,False
81075-2EL-140,23.0,False
81075-2EL-150,23.0,False
81075-2EL-90,30.0,False
81076-2CC-100,75.0,False
81076-2CC-110,66.0,False
81076-2CC-120,64.0,False
81076-2CC-130,52.0,False
81076-2CC-140,45.0,False
81076-2CC-150,35.0,False
81076-2CC-85,52.0,False
81076-2CC-90,80.0,False
81076-2FN-100,70.0,False
81076-2FN-130,50.0,False
81076-2FN-140,45.0,False
81076-2FN-150,35.0,False
81076-2FN-85,70.0,False
81076-2FN-90,65.0,False
81076-2TR-100,75.0,False
81076-2TR-110,63.0,False
81076-2TR-140,50.0,False
81076-2TR-150,47.0,False
81076-2TR-85,71.0,False
81076-2TR-90,73.0,False
81076-2ZN-100,71.0,False
81076-2ZN-110,65.0,False
81076-2ZN-120,52.0,False
81076-2ZN-130,54.0,False
81076-2ZN-140,42.0,False
81076-2ZN-150,25.0,False
81076-2ZN-85,37.0,False
81076-2ZN-90,70.0,False
81076-5DP-100,77.0,False
81076-5DP-110,66.0,False
81076-5DP-120,55.0,False
81076-5DP-130,40.0,False
81076-5DP-140,43.0,False
81076-5DP-150,33.0,False
81076-5DP-85,100.0,False
81076-5DP-90,75.0,False
81076-5DV-100,80.0,False
81076-5DV-110,64.0,False
81076-5DV-120,50.0,False
81076-5DV-130,40.0,False
81076-5DV-140,42.0,False
81076-5DV-150,35.0,False
81076-5DV-85,100.0,False
81076-5DV-90,77.0,False
81103-2JL-100,80.0,False
81103-2JL-110,70.0,False
81103-2JL-120,65.0,False
81103-2JL-130,60.0,False
81103-2JL-140,55.0,False
81103-2JL-150,50.0,False
81103-2JL-85,87.0,False
81103-2JL-90,80.0,False
81103-2JM-100,80.0,False
81103-2JM-110,70.0,False
81103-2JM-120,65.0,False
81103-2JM-130,60.0,False
81103-2JM-140,55.0,False
81103-2JM-150,53.0,False
81103-2JM-85,90.0,False
81103-2JM-90,80.0,False
81103-2JN-100,80.0,False
81103-2JN-110,70.0,False
81103-2JN-120,65.0,False
81103-2JN-130,60.0,False
81103-2JN-140,55.0,False
81103-2JN-150,50.0,False
81103-2JN-85,90.0,False
81103-2JN-90,80.0,False
81104-2JL-100,90.0,False
81104-2JL-110,80.0,False
81104-2JL-120,70.0,False
81104-2JL-130,70.0,False
81104-2JL-140,60.0,False
81104-2JL-150,50.0,False
81104-2JL-85,90.0,False
81104-2JL-90,100.0,False
81104-2JM-100,93.0,False
81104-2JM-110,80.0,False
81104-2JM-120,70.0,False
81104-2JM-130,70.0,False
81104-2JM-140,60.0,False
81104-2JM-150,50.0,False
81104-2JM-85,110.0,False
81104-2JM-90,100.0,False
81104-2JN-100,93.0,False
81104-2JN-110,80.0,False
81104-2JN-120,70.0,False
81104-2JN-130,70.0,False
81104-2JN-140,60.0,False
81104-2JN-150,50.0,False
81104-2JN-85,110.0,False
81104-2JN-90,100.0,False
81114-2ZL-100,60.0,False
81114-2ZL-110,60.0,False
81114-2ZL-120,50.0,False
81114-2ZL-130,50.0,False
81114-2ZL-140,50.0,False
81114-2ZL-150,50.0,False
81114-2ZL-85,60.0,False
81114-2ZL-90,60.0,False
81114-2ZM-110,60.0,False
81114-2ZM-120,55.0,False
81114-2ZM-130,50.0,False
81114-2ZM-140,50.0,False
81114-2ZM-150,50.0,False
81114-2ZM-85,60.0,False
81114-2ZM-90,60.0,False
81127-5DV-50,63.0,False
81127-5DV-60,116.0,False
81127-5DV-70,133.0,False
81127-5DV-75,114.0,False
81127-5DV-80,120.0,False
81127-5DV-85,100.0,False
81127-5DV-90,90.0,False
81148-2XJ-100,40.0,False
81148-2XJ-110,40.0,False
81148-2XJ-120,38.0,False
81148-2XJ-130,31.0,False
81148-2XJ-140,32.0,False
81148-2XJ-150,27.0,False
81148-2XJ-85,54.0,False
81148-2XJ-90,50.0,False
81148-2ZP-120,36.0,False
81148-2ZP-130,30.0,False
81148-2ZP-140,27.0,False
81148-2ZP-150,26.0,False
81148-2ZP-85,55.0,False
81157-015-100,100.0,False
81157-015-110,100.0,False
81157-015-120,90.0,False
81157-015-130,80.0,False
81157-015-140,70.0,False
81157-015-150,60.0,False
81157-015-85,74.0,False
81157-015-90,126.0,False
81157-2HX-100,150.0,False
81157-2HX-110,130.0,False
81157-2HX-120,113.0,False
81157-2HX-130,95.0,False
81157-2HX-140,90.0,False
81157-2HX-150,85.0,False
81157-2HX-85,180.0,False
81157-2HX-90,170.0,False
81157-2HY-100,150.0,False
81157-2HY-110,130.0,False
81157-2HY-120,110.0,False
81157-2HY-130,95.0,False
81157-2HY-140,90.0,False
81157-2HY-150,85.0,False
81157-2HY-85,140.0,False
81157-2HY-90,170.0,False
81157-2HZ-100,150.0,False
81157-2HZ-110,130.0,False
81157-2HZ-120,110.0,False
81157-2HZ-130,95.0,False
81157-2HZ-140,90.0,False
81157-2HZ-150,85.0,False
81157-2HZ-85,180.0,False
81157-2HZ-90,170.0,False
81157-2K2-100,150.0,False
81157-2K2-110,130.0,False
81157-2K2-120,110.0,False
81157-2K2-130,106.0,False
81157-2K2-140,90.0,False
81157-2K2-150,85.0,False
81157-2K2-85,140.0,False
81157-2K2-90,170.0,False
81157-3VH-100,100.0,False
81157-3VH-110,100.0,False
81157-3VH-120,90.0,False
81157-3VH-130,80.0,False
81157-3VH-140,70.0,False
81157-3VH-150,60.0,False
81157-3VH-85,154.0,False
81157-3VH-90,120.0,False
81157-76X-100,100.0,False
81157-76X-110,100.0,False
81157-76X-120,90.0,False
81157-76X-130,80.0,False
81157-76X-140,70.0,False
81157-76X-150,60.0,False
81157-76X-85,143.0,False
81157-76X-90,120.0,False
81158-015-100,90.0,False
81158-015-110,90.0,False
81158-015-130,87.0,False
81158-015-140,74.0,False
81158-015-150,70.0,False
81158-015-85,100.0,False
81158-015-90,100.0,False
81158-1GF-100,90.0,False
81158-1GF-110,90.0,False
81158-1GF-140,70.0,False
81158-1GF-150,70.0,False
81158-1GF-85,100.0,False
81158-1GF-90,100.0,False
81158-2EL-100,90.0,False
81158-2EL-110,90.0,False
81158-2EL-120,87.0,False
81158-2EL-130,80.0,False
81158-2EL-140,78.0,False
81158-2EL-150,75.0,False
81158-2EL-85,100.0,False
81158-2EL-90,103.0,False
81158-2EN-100,90.0,False
81158-2EN-110,90.0,False
81158-2EN-120,80.0,False
81158-2EN-140,70.0,False
81158-2EN-150,70.0,False
81158-2EN-85,101.0,False
81158-2EN-90,100.0,False
81158-SR4-100,90.0,False
81158-SR4-110,90.0,False
81158-SR4-120,80.0,False
81158-SR4-130,80.0,False
81158-SR4-140,70.0,False
81158-SR4-150,75.0,False
81158-SR4-85,100.0,False
81158-SR4-90,100.0,False
81163-1BE-L,85.0,False
81163-1BE-M,90.0,False
81163-1BE-S,107.0,False
81163-1BE-XL,82.0,False
81163-2FW-L,85.0,False
81163-2FW-M,90.0,False
81163-2FW-S,105.0,False
81163-2FW-XL,80.0,False
81163-XU1-L,85.0,False
81163-XU1-M,90.0,False
81163-XU1-S,106.0,False
81163-XU1-XL,80.0,False
81185-2XJ-L,20.0,False
81185-2XJ-M,22.0,False
81185-2XJ-S,24.0,False
81185-2XJ-XL,20.0,False
81185-2XJ-XS,26.0,False
81185-2XJ-XXL,20.0,False
81193-537-L,130.0,False
81193-537-M,150.0,False
81193-537-S,220.0,False
81193-537-XL,100.0,False
81193-537-XS,220.0,False
81194-537-M,60.0,False
81194-537-S,67.0,False
81194-537-XL,50.0,False
81194-537-XS,65.0,False
81194-537-XXL,48.0,False
81195-2WB-XXL,43.0,False
81195-2WB-XXS,55.0,False
81196-537-S,55.0,False
81196-537-XS,62.0,False
81196-537-XXL,40.0,False
81199-537-160,35.0,False
81200-537-XXL,44.0,False
81224-572-100,75.0,False
81224-572-110,84.0,False
81224-572-120,83.0,False
81224-572-130,49.0,False
81224-572-140,29.0,False
81224-572-150,12.0,False
81224-572-85,33.0,False
81224-572-90,53.0,False
81227-28M-100,150.0,False
81227-28M-110,150.0,False
81227-28M-120,120.0,False
81227-28M-130,120.0,False
81227-28M-140,110.0,False
81227-28M-150,85.0,False
81227-28M-85,178.0,False
81227-28M-90,165.0,False
81237-2YG-50,20.0,False
81237-2YK-50,25.0,False
81315-1CH-50,60.0,False
81315-1CH-60,63.0,False
81315-1CH-70,55.0,False
81315-1CH-75,55.0,False
81315-1CH-80,50.0,False
81315-1CH-85,48.0,False
81315-1CH-90,17.0,False
81315-1CO-50,61.0,False
81315-1CO-60,60.0,False
81315-1CO-70,40.0,False
81315-1CO-75,55.0,False
81315-1CO-80,50.0,False
81315-1CO-85,46.0,False
81315-1CO-90,43.0,False
81315-1DA-50,60.0,False
81315-1DA-60,60.0,False
81315-1DA-70,55.0,False
81315-1DA-75,55.0,False
81315-1DA-80,50.0,False
81315-1DA-85,46.0,False
81315-1DA-90,43.0,False
81315-1GS-50,60.0,False
81315-1GS-60,60.0,False
81315-1GS-70,55.0,False
81315-1GS-75,55.0,False
81315-1GS-80,50.0,False
81315-1GS-85,45.0,False
81315-1GS-90,42.0,False
81315-2MO-50,47.0,False
81315-2MO-60,60.0,False
81315-2MO-70,55.0,False
81315-2MO-75,57.0,False
81315-2MO-80,50.0,False
81315-2MO-85,49.0,False
81315-2MO-90,34.0,False
81315-2MW-50,63.0,False
81315-2MW-60,60.0,False
81315-2MW-70,55.0,False
81315-2MW-75,55.0,False
81315-2MW-80,50.0,False
81315-2MW-85,45.0,False
81315-2MW-90,46.0,False
81315-2NA-50,60.0,False
81315-2NA-60,60.0,False
81315-2NA-70,55.0,False
81315-2NA-75,59.0,False
81315-2NA-80,50.0,False
81315-2NA-85,48.0,False
81315-2NA-90,40.0,False
81315-2ND-50,60.0,False
81315-2ND-60,60.0,False
81315-2ND-70,55.0,False
81315-2ND-75,56.0,False
81315-2ND-80,50.0,False
81315-2ND-85,49.0,False
81315-2ND-90,40.0,False
81315-2NL-50,48.0,False
81315-2NL-60,60.0,False
81315-2NL-70,55.0,False
81315-2NL-75,57.0,False
81315-2NL-80,51.0,False
81315-2NL-85,49.0,False
81315-2NL-90,33.0,False
81316-1CH-130,24.0,False
81316-1CH-150,20.0,False
81316-1CH-160,19.0,False
81316-1CO-160,18.0,False
81316-1CP-100,33.0,False
81316-1CP-110,34.0,False
81316-1CP-120,27.0,False
81316-1CP-130,25.0,False
81316-1CP-140,21.0,False
81316-1CP-150,19.0,False
81316-1CP-160,21.0,False
81316-1CP-85,38.0,False
81316-1CP-90,36.0,False
81316-1DA-140,21.0,False
81316-1DA-150,18.0,False
81316-1DA-160,20.0,False
81316-1DE-140,21.0,False
81316-1DE-150,18.0,False
81316-1DE-160,18.0,False
81316-1EP-140,21.0,False
81316-1EP-150,18.0,False
81316-1EP-160,18.0,False
81316-1GS-120,27.0,False
81316-1GS-140,21.0,False
81316-1GS-150,19.0,False
81316-2MD-100,36.0,False
81316-2MD-110,30.0,False
81316-2MD-120,31.0,False
81316-2MD-130,24.0,False
81316-2MD-150,18.0,False
81316-2MD-160,18.0,False
81316-2MO-140,45.0,False
81316-2MO-150,40.0,False
81316-2MO-85,80.0,False
81316-2MO-90,80.0,False
81316-2MW-100,36.0,False
81316-2MW-110,30.0,False
81316-2MW-120,27.0,False
81316-2MW-130,24.0,False
81316-2MW-140,21.0,False
81316-2MW-150,18.0,False
81316-2MW-160,18.0,False
81316-2MW-85,40.0,False
81316-2MW-90,38.0,False
81316-2NA-150,40.0,False
81316-2NA-160,39.0,False
81316-2ND-100,37.0,False
81316-2ND-110,30.0,False
81316-2ND-120,27.0,False
81316-2ND-130,24.0,False
81316-2ND-140,21.0,False
81316-2ND-150,20.0,False
81316-2ND-160,18.0,False
81316-2ND-85,36.0,False
81316-2ND-90,38.0,False
81316-2NL-160,31.0,False
81318-1CH-130,36.0,False
81318-1CH-140,30.0,False
81318-1CH-150,25.0,False
81318-1CH-160,27.0,False
81318-1CH-85,37.0,False
81318-1DA-100,48.0,False
81318-1DA-110,45.0,False
81318-1DA-120,40.0,False
81318-1DA-130,36.0,False
81318-1DA-140,30.0,False
81318-1DA-150,27.0,False
81318-1DA-160,27.0,False
81318-1DA-85,48.0,False
81318-1DA-90,48.0,False
81318-1EP-150,31.0,False
81318-1EP-160,27.0,False
81318-1GS-140,30.0,False
81318-2MO-160,51.0,False
81318-2MW-100,48.0,False
81318-2MW-110,46.0,False
81318-2MW-120,36.0,False
81318-2MW-130,36.0,False
81318-2MW-140,30.0,False
81318-2MW-150,27.0,False
81318-2MW-160,30.0,False
81318-2MW-85,43.0,False
81318-2MW-90,49.0,False
81318-2ND-160,27.0,False
81338-1OJ-100,38.0,False
81338-1OJ-110,33.0,False
81338-1OJ-120,27.0,False
81338-1OJ-130,24.0,False
81338-1OJ-140,21.0,False
81338-1OJ-150,18.0,False
81338-1OJ-160,21.0,False
81338-1OJ-85,36.0,False
81338-1OJ-90,36.0,False
81338-1WC-100,90.0,False
81338-1WC-110,75.0,False
81338-1WC-120,70.0,False
81338-1WC-130,60.0,False
81338-1WC-140,55.0,False
81338-1WC-150,56.0,False
81338-1WC-160,45.0,False
81338-1WC-85,100.0,False
81338-1WC-90,100.0,False
81338-2LZ-100,70.0,False
81338-2LZ-110,65.0,False
81338-2LZ-130,55.0,False
81338-2LZ-140,50.0,False
81338-2LZ-150,45.0,False
81338-2LZ-160,40.0,False
81338-2LZ-85,90.0,False
81338-2LZ-90,75.0,False
81338-2MA-110,65.0,False
81338-2MA-120,60.0,False
81338-2MA-130,55.0,False
81338-2MA-140,50.0,False
81338-2MA-150,50.0,False
81338-2MA-160,43.0,False
81338-2MA-85,69.0,False
81338-2MA-90,75.0,False
81338-2MB-110,75.0,False
81338-2MB-120,70.0,False
81338-2MB-130,67.0,False
81338-2MB-140,73.0,False
81338-2MB-150,50.0,False
81338-2MB-160,45.0,False
81338-2MC-130,71.0,False
81338-2MC-140,52.0,False
81338-2MC-150,44.0,False
81338-2MC-160,35.0,False
81338-2MJ-110,75.0,False
81338-2MJ-120,70.0,False
81338-2MJ-130,60.0,False
81338-2MJ-140,57.0,False
81338-2MJ-150,52.0,False
81338-2MJ-160,41.0,False
81338-2MJ-85,52.0,False
81338-2MN-150,21.0,False
81338-2MN-160,19.0,False
81338-2NC-100,85.0,False
81338-2NC-110,75.0,False
81338-2NC-120,76.0,False
81338-2NC-130,60.0,False
81338-2NC-140,57.0,False
81338-2NC-150,60.0,False
81338-2NC-160,45.0,False
81338-2NC-85,86.0,False
81338-2NC-90,101.0,False
81338-2NK-110,75.0,False
81338-2NK-120,66.0,False
81338-2NK-130,60.0,False
81338-2NK-140,43.0,False
81338-2NK-150,43.0,False
81338-2NK-160,39.0,False
81338-2NK-85,50.0,False
81338-2NK-90,90.0,False
81338-2NM-100,36.0,False
81338-2NM-110,30.0,False
81338-2NM-120,29.0,False
81338-2NM-130,27.0,False
81338-2NM-140,21.0,False
81338-2NM-150,21.0,False
81338-2NM-160,18.0,False
81338-2NM-85,40.0,False
81338-2NM-90,36.0,False
81338-2PC-110,83.0,False
81338-2PC-120,70.0,False
81338-2PC-130,60.0,False
81338-2PC-140,54.0,False
81338-2PC-150,55.0,False
81338-2PC-160,43.0,False
81338-2PC-85,59.0,False
81338-2PC-90,90.0,False
81338-38B-130,60.0,False
81338-38B-140,57.0,False
81338-38B-150,51.0,False
81338-38B-160,45.0,False
81338-38B-85,100.0,False
81338-38D-100,80.0,False
81338-38D-110,70.0,False
81338-38D-120,60.0,False
81338-38D-130,61.0,False
81338-38D-140,53.0,False
81338-38D-150,45.0,False
81338-38D-160,45.0,False
81338-38D-85,90.0,False
81338-38D-90,85.0,False
81338-38F-110,70.0,False
81338-38F-120,60.0,False
81338-38F-130,62.0,False
81338-38F-140,51.0,False
81338-38F-150,53.0,False
81338-38F-160,42.0,False
81338-38G-130,60.0,False
81338-38G-140,57.0,False
81338-38G-150,50.0,False
81338-38G-160,37.0,False
81338-38I-120,27.0,False
81338-38I-130,24.0,False
81338-38I-140,21.0,False
81338-38I-150,21.0,False
81338-38I-160,19.0,False
81338-38I-85,36.0,False
81338-38I-90,36.0,False
81338-38S-110,61.0,False
81338-38S-120,73.0,False
81338-38S-130,66.0,False
81338-38S-140,57.0,False
81338-38S-150,45.0,False
81338-38S-160,45.0,False
81338-38S-85,46.0,False
81338-38S-90,80.0,False
81338-3DR-110,30.0,False
81338-3DR-120,27.0,False
81338-3DR-130,24.0,False
81338-3DR-140,21.0,False
81338-3DR-150,20.0,False
81338-3DR-160,18.0,False
81338-3DS-100,37.0,False
81338-3DS-110,30.0,False
81338-3DS-120,27.0,False
81338-3DS-130,24.0,False
81338-3DS-140,24.0,False
81338-3DS-150,19.0,False
81338-3DS-160,18.0,False
81338-3DS-85,36.0,False
81338-3DS-90,36.0,False
81338-5K5-85,110.0,False
81338-5KB-150,50.0,False
81338-5KB-85,83.0,False
81338-5KB-90,100.0,False
81338-5KD-100,70.0,False
81338-5KD-110,60.0,False
81338-5KD-130,50.0,False
81338-5KD-140,45.0,False
81338-5KD-150,35.0,False
81338-5KD-85,64.0,False
81338-5KD-90,72.0,False
81338-5KE-130,50.0,False
81338-5KE-140,46.0,False
81338-5KE-150,46.0,False
81338-5KE-85,65.0,False
81338-5KE-90,80.0,False
81338-5LK-100,70.0,False
81338-5LK-120,60.0,False
81338-5LK-130,50.0,False
81338-5LK-140,45.0,False
81338-5LK-150,47.0,False
81338-5LK-85,84.0,False
81338-5LK-90,80.0,False
81338-5UD-150,46.0,False
81338-5UD-85,90.0,False
81338-6AN-150,18.0,False
81339-1OJ-160,28.0,False
81339-1WC-100,90.0,False
81339-1WC-110,85.0,False
81339-1WC-120,84.0,False
81339-1WC-130,75.0,False
81339-1WC-140,70.0,False
81339-1WC-150,60.0,False
81339-1WC-160,50.0,False
81339-1WC-85,100.0,False
81339-1WC-90,100.0,False
81339-1Y1-100,48.0,False
81339-1Y1-110,46.0,False
81339-1Y1-120,36.0,False
81339-1Y1-130,36.0,False
81339-1Y1-140,30.0,False
81339-1Y1-150,27.0,False
81339-1Y1-160,27.0,False
81339-1Y1-85,48.0,False
81339-1Y1-90,48.0,False
81339-2MB-110,94.0,False
81339-2MB-160,55.0,False
81339-2MC-110,62.0,False
81339-2MC-120,86.0,False
81339-2MC-130,80.0,False
81339-2MC-140,78.0,False
81339-2MC-150,36.0,False
81339-2MC-160,38.0,False
81339-2MC-85,55.0,False
81339-2MC-90,64.0,False
81339-2MJ-110,90.0,False
81339-2MJ-120,84.0,False
81339-2MJ-130,76.0,False
81339-2MJ-140,75.0,False
81339-2MJ-150,55.0,False
81339-2MJ-160,39.0,False
81339-2MJ-85,31.0,False
81339-2MJ-90,70.0,False
81339-2NC-160,55.0,False
81339-2NK-110,80.0,False
81339-2NK-120,95.0,False
81339-2NK-130,79.0,False
81339-2NK-140,57.0,False
81339-2NK-150,37.0,False
81339-2NK-160,44.0,False
81339-2NK-85,33.0,False
81339-2NK-90,113.0,False
81339-2NM-85,50.0,False
81339-2PC-110,106.0,False
81339-2PC-120,102.0,False
81339-2PC-130,103.0,False
81339-2PC-140,75.0,False
81339-2PC-150,55.0,False
81339-2PC-160,57.0,False
81339-2PC-85,47.0,False
81339-2PC-90,80.0,False
81339-38B-150,60.0,False
81339-38B-160,55.0,False
81339-38B-85,110.0,False
81339-38D-100,130.0,False
81339-38D-110,120.0,False
81339-38D-120,110.0,False
81339-38D-130,100.0,False
81339-38D-140,90.0,False
81339-38D-150,80.0,False
81339-38D-160,70.0,False
81339-38D-85,160.0,False
81339-38D-90,150.0,False
81339-38F-110,120.0,False
81339-38F-150,85.0,False
81339-38G-120,80.0,False
81339-38G-130,75.0,False
81339-38G-140,70.0,False
81339-38G-150,61.0,False
81339-38G-160,57.0,False
81339-38I-140,31.0,False
81339-38I-160,27.0,False
81339-3DR-160,28.0,False
81339-3DS-100,49.0,False
81339-3DS-110,45.0,False
81339-3DS-120,36.0,False
81339-3DS-130,36.0,False
81339-3DS-140,30.0,False
81339-3DS-150,29.0,False
81339-3DS-160,28.0,False
81339-3DS-85,50.0,False
81339-3DS-90,48.0,False
81339-3HZ-160,27.0,False
81339-3IA-100,48.0,False
81339-3IA-110,45.0,False
81339-3IA-120,37.0,False
81339-3IA-130,36.0,False
81339-3IA-140,30.0,False
81339-3IA-150,27.0,False
81339-3IA-160,27.0,False
81339-3IA-85,48.0,False
81339-3IA-90,48.0,False
81339-3IN-100,130.0,False
81339-3IN-110,108.0,False
81339-3IN-120,97.0,False
81339-3IN-130,80.0,False
81339-3IN-140,91.0,False
81339-3IN-150,75.0,False
81339-3IN-160,69.0,False
81339-3IN-85,59.0,False
81339-3IN-90,89.0,False
81339-3LR-100,120.0,False
81339-3LR-110,110.0,False
81339-3LR-120,90.0,False
81339-3LR-130,85.0,False
81339-3LR-140,80.0,False
81339-3LR-150,70.0,False
81339-3LR-160,65.0,False
81339-3LR-85,140.0,False
81339-3LR-90,130.0,False
81339-3LS-160,29.0,False
81339-3MO-140,30.0,False
81339-3MO-150,27.0,False
81339-3MO-85,48.0,False
81339-41A-100,110.0,False
81339-41A-110,100.0,False
81339-41A-120,90.0,False
81339-41A-130,85.0,False
81339-41A-140,80.0,False
81339-41A-150,70.0,False
81339-41A-160,65.0,False
81339-41A-85,130.0,False
81339-41A-90,120.0,False
81339-41W-150,70.0,False
81339-41W-160,65.0,False
81339-41W-85,130.0,False
81339-41Y-100,113.0,False
81339-41Y-110,111.0,False
81339-41Y-120,113.0,False
81339-41Y-130,87.0,False
81339-41Y-140,68.0,False
81339-41Y-150,65.0,False
81339-41Y-160,77.0,False
81339-41Y-85,53.0,False
81339-41Y-90,92.0,False
81339-42C-100,90.0,False
81339-42C-110,85.0,False
81339-42C-120,80.0,False
81339-42C-130,75.0,False
81339-42C-140,70.0,False
81339-42C-150,60.0,False
81339-42C-160,50.0,False
81339-42C-85,100.0,False
81339-42C-90,100.0,False
81339-42K-120,98.0,False
81339-42K-140,80.0,False
81339-42K-150,70.0,False
81339-42K-160,65.0,False
81339-42K-85,121.0,False
81339-42K-90,120.0,False
81339-42L-100,110.0,False
81339-42L-110,100.0,False
81339-42L-120,90.0,False
81339-42L-130,85.0,False
81339-42L-140,80.0,False
81339-42L-150,70.0,False
81339-42L-160,65.0,False
81339-42L-85,130.0,False
81339-42L-90,120.0,False
81339-43R-100,124.0,False
81339-43R-110,110.0,False
81339-43R-120,100.0,False
81339-43R-130,90.0,False
81339-43R-140,85.0,False
81339-43R-150,75.0,False
81339-43R-160,71.0,False
81339-43R-85,160.0,False
81339-43R-90,140.0,False
81339-44G-100,138.0,False
81339-44G-85,135.0,False
81339-44G-90,139.0,False
81339-45W-100,48.0,False
81339-45W-110,46.0,False
81339-45W-120,36.0,False
81339-45W-130,36.0,False
81339-45W-140,30.0,False
81339-45W-150,27.0,False
81339-45W-160,27.0,False
81339-45W-85,48.0,False
81339-45W-90,48.0,False
81339-46S-100,120.0,False
81339-46S-110,110.0,False
81339-46S-120,100.0,False
81339-46S-130,90.0,False
81339-46S-140,84.0,False
81339-46S-150,70.0,False
81339-46S-160,70.0,False
81339-46S-85,160.0,False
81339-46S-90,140.0,False
81339-46U-100,120.0,False
81339-46U-110,110.0,False
81339-46U-120,100.0,False
81339-46U-130,90.0,False
81339-46U-140,80.0,False
81339-46U-150,70.0,False
81339-46U-160,70.0,False
81339-46U-85,162.0,False
81339-46U-90,140.0,False
81339-49B-100,91.0,False
81339-49B-110,97.0,False
81339-49B-120,110.0,False
81339-49B-130,100.0,False
81339-49B-140,87.0,False
81339-49B-150,87.0,False
81339-49B-160,75.0,False
81339-49B-85,50.0,False
81339-49B-90,91.0,False
81339-49O-100,95.0,False
81339-49O-110,90.0,False
81339-49O-120,75.0,False
81339-49O-140,60.0,False
81339-49O-150,60.0,False
81339-49O-160,45.0,False
81339-49O-90,100.0,False
81339-49Q-100,100.0,False
81339-49Q-110,90.0,False
81339-49Q-120,75.0,False
81339-49Q-150,60.0,False
81339-49Q-85,118.0,False
81339-49R-100,120.0,False
81339-49R-110,110.0,False
81339-49R-120,100.0,False
81339-49R-130,90.0,False
81339-49R-140,80.0,False
81339-49R-150,70.0,False
81339-49R-160,56.0,False
81339-49R-85,95.0,False
81339-49R-90,130.0,False
81339-49Y-100,100.0,False
81339-49Y-120,90.0,False
81339-49Y-140,70.0,False
81339-49Y-150,65.0,False
81339-49Y-160,55.0,False
81339-49Y-85,113.0,False
81339-49Y-90,110.0,False
81339-4A4-100,95.0,False
81339-4A4-110,90.0,False
81339-4A4-140,60.0,False
81339-4A4-150,60.0,False
81339-4A4-160,45.0,False
81339-4A4-85,86.0,False
81339-4A4-90,100.0,False
81339-4AC-100,95.0,False
81339-4AC-110,90.0,False
81339-4AC-120,75.0,False
81339-4AC-130,65.0,False
81339-4AC-140,60.0,False
81339-4AC-150,63.0,False
81339-4AC-160,45.0,False
81339-4AC-85,96.0,False
81339-4AC-90,100.0,False
81339-4AE-100,95.0,False
81339-4AE-110,90.0,False
81339-4AE-120,75.0,False
81339-4AE-130,65.0,False
81339-4AE-150,60.0,False
81339-4AE-160,45.0,False
81339-4AE-90,100.0,False
81339-4AF-100,95.0,False
81339-4AF-110,90.0,False
81339-4AF-120,75.0,False
81339-4AF-150,60.0,False
81339-4AF-160,45.0,False
81339-4AF-85,82.0,False
81339-4AF-90,100.0,False
81339-4AH-100,95.0,False
81339-4AH-110,90.0,False
81339-4AH-120,75.0,False
81339-4AH-130,65.0,False
81339-4AH-140,60.0,False
81339-4AH-160,45.0,False
81339-4AH-85,71.0,False
81339-4AH-90,100.0,False
81339-4AI-100,95.0,False
81339-4AI-110,90.0,False
81339-4AI-120,75.0,False
81339-4AI-130,65.0,False
81339-4AI-140,60.0,False
81339-4AI-160,45.0,False
81339-4AI-85,84.0,False
81339-4AI-90,100.0,False
81339-4SY-150,27.0,False
81339-4SY-160,27.0,False
81339-4SY-90,48.0,False
81339-WF9-140,80.0,False
81339-WF9-150,70.0,False
81339-WF9-160,70.0,False
81340-1OJ-50,63.0,False
81340-1OJ-60,60.0,False
81340-1OJ-70,61.0,False
81340-1OJ-75,55.0,False
81340-1OJ-80,50.0,False
81340-1OJ-85,45.0,False
81340-1OJ-90,44.0,False
81340-2MN-50,60.0,False
81340-2MN-60,60.0,False
81340-2MN-70,60.0,False
81340-2MN-75,55.0,False
81340-2MN-80,50.0,False
81340-2MN-85,45.0,False
81340-2MN-90,49.0,False
81340-2NM-50,31.0,False
81340-2NM-60,61.0,False
81340-2NM-70,55.0,False
81340-2NM-75,55.0,False
81340-2NM-80,50.0,False
81340-2NM-85,50.0,False
81340-2NM-90,42.0,False
81340-38I-50,62.0,False
81340-38I-60,60.0,False
81340-38I-70,56.0,False
81340-38I-75,55.0,False
81340-38I-80,50.0,False
81340-38I-85,45.0,False
81340-38I-90,46.0,False
81340-3DR-50,62.0,False
81340-3DR-60,60.0,False
81340-3DR-70,55.0,False
81340-3DR-75,55.0,False
81340-3DR-80,50.0,False
81340-3DR-85,45.0,False
81340-3DR-90,43.0,False
81345-35R-XXL,8.0,False
81345-45W-L,24.0,False
81345-45W-M,24.0,False
81345-45W-S,27.0,False
81345-45W-XL,22.0,False
81345-45W-XS,27.0,False
81345-45W-XXL,20.0,False
81345-4MM-L,40.0,False
81345-4MM-M,45.0,False
81345-4MM-S,45.0,False
81345-4MM-XL,24.0,False
81345-4MT-L,40.0,False
81345-4MT-M,49.0,False
81345-4MT-S,45.0,False
81345-4MT-XL,28.0,False
81345-4MT-XS,33.0,False
81345-4MT-XXL,13.0,False
81345-4MT-XXS,15.0,False
81345-4MZ-L,48.0,False
81345-4MZ-M,45.0,False
81345-4MZ-S,45.0,False
81345-4MZ-XL,21.0,False
81345-4MZ-XS,27.0,False
81345-4MZ-XXL,13.0,False
81346-1FZ-100,55.0,False
81346-1FZ-110,48.0,False
81346-1FZ-120,45.0,False
81346-1FZ-130,42.0,False
81346-1FZ-140,39.0,False
81346-1FZ-150,36.0,False
81346-1FZ-85,55.0,False
81346-1FZ-90,60.0,False
81346-1GF-100,100.0,False
81346-1GF-110,100.0,False
81346-1GF-120,95.0,False
81346-1GF-130,78.0,False
81346-1GF-140,70.0,False
81346-1GF-150,60.0,False
81346-1GF-85,58.0,False
81346-1GF-90,124.0,False
81346-1GR-100,55.0,False
81346-1GR-110,48.0,False
81346-1GR-120,45.0,False
81346-1GR-130,42.0,False
81346-1GR-140,39.0,False
81346-1GR-150,36.0,False
81346-1GR-85,55.0,False
81346-1GR-90,60.0,False
81346-2KD-100,50.0,False
81346-2KD-110,48.0,False
81346-2KD-120,45.0,False
81346-2KD-130,38.0,False
81346-2KD-140,36.0,False
81346-2KD-150,32.0,False
81346-2KD-85,47.0,False
81346-2KD-90,55.0,False
81346-32H-100,55.0,False
81346-32H-110,48.0,False
81346-32H-120,45.0,False
81346-32H-130,42.0,False
81346-32H-140,39.0,False
81346-32H-150,36.0,False
81346-32H-85,55.0,False
81346-32H-90,55.0,False
81346-32J-100,55.0,False
81346-32J-110,52.0,False
81346-32J-120,45.0,False
81346-32J-130,42.0,False
81346-32J-140,39.0,False
81346-32J-150,36.0,False
81346-32J-85,55.0,False
81346-32J-90,55.0,False
81346-5H5-110,100.0,False
81346-5H5-120,95.0,False
81346-5H5-85,84.0,False
81346-5HP-120,96.0,False
81346-5HP-130,87.0,False
81347-1D1-100,55.0,False
81347-1D1-110,60.0,False
81347-1D1-120,50.0,False
81347-1D1-130,40.0,False
81347-1D1-140,40.0,False
81347-1D1-150,36.0,False
81347-1D1-85,78.0,False
81347-1D1-90,60.0,False
81347-1DN-100,56.0,False
81347-1DN-110,57.0,False
81347-1DN-120,50.0,False
81347-1DN-130,40.0,False
81347-1DN-140,40.0,False
81347-1DN-150,33.0,False
81347-1DN-85,63.0,False
81347-1DN-90,60.0,False
81347-1ZV-100,65.0,False
81347-1ZV-110,55.0,False
81347-1ZV-120,50.0,False
81347-1ZV-130,45.0,False
81347-1ZV-140,41.0,False
81347-1ZV-150,35.0,False
81347-1ZV-85,61.0,False
81347-1ZV-90,63.0,False
81347-22T-100,56.0,False
81347-22T-110,57.0,False
81347-22T-120,50.0,False
81347-22T-130,40.0,False
81347-22T-140,40.0,False
81347-22T-150,35.0,False
81347-22T-85,60.0,False
81347-22T-90,60.0,False
81347-2AI-100,65.0,False
81347-2AI-110,60.0,False
81347-2AI-120,55.0,False
81347-2AI-130,50.0,False
81347-2AI-140,45.0,False
81347-2AI-150,30.0,False
81347-2AI-85,90.0,False
81347-2AI-90,70.0,False
81347-2MA-100,65.0,False
81347-2MA-110,60.0,False
81347-2MA-120,55.0,False
81347-2MA-130,53.0,False
81347-2MA-140,48.0,False
81347-2MA-150,23.0,False
81347-2MA-85,51.0,False
81347-2MA-90,86.0,False
81347-2MQ-100,65.0,False
81347-2MQ-110,60.0,False
81347-2MQ-120,50.0,False
81347-2MQ-130,45.0,False
81347-2MQ-140,52.0,False
81347-2MQ-150,40.0,False
81347-2MQ-85,90.0,False
81347-2MQ-90,80.0,False
81347-2NB-100,65.0,False
81347-2NB-110,60.0,False
81347-2NB-120,50.0,False
81347-2NB-130,52.0,False
81347-2NB-140,42.0,False
81347-2NB-150,40.0,False
81347-2NB-85,90.0,False
81347-2NB-90,80.0,False
81347-2PK-100,65.0,False
81347-2PK-110,60.0,False
81347-2PK-120,50.0,False
81347-2PK-130,52.0,False
81347-2PK-140,45.0,False
81347-2PK-150,45.0,False
81347-2PK-85,90.0,False
81347-2PK-90,80.0,False
81347-2PL-100,65.0,False
81347-2PL-110,60.0,False
81347-2PL-120,55.0,False
81347-2PL-130,50.0,False
81347-2PL-140,40.0,False
81347-2PL-150,26.0,False
81347-2PL-85,80.0,False
81347-2PL-90,80.0,False
81347-2SR-100,55.0,False
81347-2SR-110,50.0,False
81347-2SR-120,50.0,False
81347-2SR-130,40.0,False
81347-2SR-140,40.0,False
81347-2SR-150,37.0,False
81347-2SR-85,68.0,False
81347-2SR-90,68.0,False
81347-32Z-100,69.0,False
81347-32Z-110,60.0,False
81347-32Z-120,50.0,False
81347-32Z-130,45.0,False
81347-32Z-140,30.0,False
81347-32Z-150,14.0,False
81347-32Z-85,39.0,False
81347-32Z-90,62.0,False
81347-3GW-100,50.0,False
81347-3GW-110,58.0,False
81347-3GW-120,50.0,False
81347-3GW-130,50.0,False
81347-3GW-140,45.0,False
81347-3GW-150,22.0,False
81347-3GW-85,43.0,False
81347-3GW-90,69.0,False
81347-3P3-100,72.0,False
81347-3P3-110,60.0,False
81347-3P3-120,50.0,False
81347-3P3-130,50.0,False
81347-3P3-140,45.0,False
81347-3P3-150,45.0,False
81347-3P3-85,90.0,False
81347-3P3-90,80.0,False
81347-3TA-100,70.0,False
81347-3TA-110,60.0,False
81347-3TA-120,60.0,False
81347-3TA-130,50.0,False
81347-3TA-140,45.0,False
81347-3TA-150,45.0,False
81347-3TA-85,90.0,False
81347-3TA-90,80.0,False
81347-3TV-100,70.0,False
81347-3TV-110,65.0,False
81347-3TV-120,60.0,False
81347-3TV-130,50.0,False
81347-3TV-140,50.0,False
81347-3TV-150,45.0,False
81347-3TV-85,90.0,False
81347-3TV-90,80.0,False
81347-4KA-100,70.0,False
81347-4KA-110,60.0,False
81347-4KA-120,55.0,False
81347-4KA-130,50.0,False
81347-4KA-140,45.0,False
81347-4KA-150,40.0,False
81347-4KA-85,90.0,False
81347-4KA-90,80.0,False
81347-4KF-100,70.0,False
81347-4KF-110,60.0,False
81347-4KF-120,62.0,False
81347-4KF-130,53.0,False
81347-4KF-140,50.0,False
81347-4KF-150,45.0,False
81347-4KF-85,90.0,False
81347-4KF-90,80.0,False
81347-4KV-100,65.0,False
81347-4KV-110,60.0,False
81347-4KV-120,55.0,False
81347-4KV-130,50.0,False
81347-4KV-140,45.0,False
81347-4KV-150,45.0,False
81347-4KV-85,85.0,False
81347-4KV-90,75.0,False
81351-32B-100,55.0,False
81351-32B-140,36.0,False
81351-32B-150,44.0,False
81351-3RX-100,55.0,False
81351-3RX-110,50.0,False
81351-3RX-120,45.0,False
81351-3RX-130,43.0,False
81351-3RX-140,36.0,False
81351-3RX-150,33.0,False
81351-3RX-85,49.0,False
81351-3RX-90,52.0,False
81351-5HW-110,38.0,False
81351-PM7-85,66.0,False
81356-SR4-100,50.0,False
81356-SR4-110,43.0,False
81356-SR4-120,40.0,False
81356-SR4-130,40.0,False
81356-SR4-140,41.0,False
81356-SR4-150,35.0,False
81356-SR4-85,60.0,False
81356-SR4-90,60.0,False
81360-WB3-100,25.0,False
81360-WB3-110,17.0,False
81360-WB3-60,21.0,False
81360-WB3-70,36.0,False
81360-WB3-75,35.0,False
81360-WB3-80,30.0,False
81360-WB3-85,30.0,False
81360-WB3-90,34.0,False
81360-WB6-100,29.0,False
81360-WB6-110,25.0,False
81360-WB6-60,35.0,False
81360-WB6-70,35.0,False
81360-WB6-75,30.0,False
81360-WB6-80,34.0,False
81360-WB6-85,30.0,False
81360-WB6-90,30.0,False
81368-36X-100,90.0,False
81368-36X-110,90.0,False
81368-36X-120,70.0,False
81368-36X-130,70.0,False
81368-36X-140,60.0,False
81368-36X-150,60.0,False
81368-36X-85,97.0,False
81368-36X-90,100.0,False
81368-36Y-100,90.0,False
81368-36Y-110,90.0,False
81368-36Y-120,76.0,False
81368-36Y-130,70.0,False
81368-36Y-140,60.0,False
81368-36Y-150,60.0,False
81368-36Y-85,86.0,False
81368-36Y-90,100.0,False
81368-A21-100,90.0,False
81368-A21-110,90.0,False
81368-A21-120,70.0,False
81368-A21-130,70.0,False
81368-A21-140,60.0,False
81368-A21-150,60.0,False
81368-A21-85,86.0,False
81368-A21-90,100.0,False
81376-26B-100,100.0,False
81376-26B-110,117.0,False
81376-26B-120,116.0,False
81376-26B-130,129.0,False
81376-26B-140,96.0,False
81376-26B-150,69.0,False
81376-26B-85,65.0,False
81376-26B-90,119.0,False
81378-33B-100,80.0,False
81378-33B-110,80.0,False
81378-33B-120,69.0,False
81378-33B-130,68.0,False
81378-33B-140,60.0,False
81378-33B-150,50.0,False
81378-33B-85,115.0,False
81378-33B-90,100.0,False
81378-33H-100,80.0,False
81378-33H-110,80.0,False
81378-33H-120,60.0,False
81378-33H-130,60.0,False
81378-33H-140,52.0,False
81378-33H-150,50.0,False
81378-33H-85,82.0,False
81378-33H-90,100.0,False
81378-33K-100,80.0,False
81378-33K-110,97.0,False
81378-33K-120,60.0,False
81378-33K-130,60.0,False
81378-33K-140,55.0,False
81378-33K-150,50.0,False
81378-33K-85,100.0,False
81378-33K-90,100.0,False
81378-33N-100,80.0,False
81378-33N-110,80.0,False
81378-33N-120,60.0,False
81378-33N-130,60.0,False
81378-33N-140,53.0,False
81378-33N-150,51.0,False
81378-33N-85,100.0,False
81378-33N-90,100.0,False
81378-33O-100,80.0,False
81378-33O-110,80.0,False
81378-33O-120,77.0,False
81378-33O-130,60.0,False
81378-33O-140,53.0,False
81378-33O-150,50.0,False
81378-33O-85,100.0,False
81378-33O-90,114.0,False
81379-5HC-100,63.0,False
81379-5HC-110,50.0,False
81379-5HC-120,47.0,False
81379-5HC-130,40.0,False
81379-5HC-140,26.0,False
81379-5HC-150,15.0,False
81379-5HC-90,61.0,False
81379-5HL-100,50.0,False
81379-5HL-110,45.0,False
81379-5HL-120,47.0,False
81379-5HL-130,43.0,False
81379-5HL-140,18.0,False
81379-5HL-150,10.0,False
81380-1FZ-100,96.0,False
81380-1FZ-110,80.0,False
81380-1FZ-120,70.0,False
81380-1FZ-130,69.0,False
81380-1FZ-140,50.0,False
81380-1FZ-150,50.0,False
81380-1FZ-85,71.0,False
81380-1FZ-90,90.0,False
81380-1GR-100,80.0,False
81380-1GR-110,80.0,False
81380-1GR-120,70.0,False
81380-1GR-130,60.0,False
81380-1GR-140,51.0,False
81380-1GR-150,50.0,False
81380-1GR-85,71.0,False
81380-1GR-90,90.0,False
81380-2KD-100,83.0,False
81380-2KD-110,80.0,False
81380-2KD-120,70.0,False
81380-2KD-130,61.0,False
81380-2KD-140,51.0,False
81380-2KD-150,50.0,False
81380-2KD-85,97.0,False
81380-2KD-90,96.0,False
81380-32H-100,80.0,False
81380-32H-110,80.0,False
81380-32H-120,70.0,False
81380-32H-130,65.0,False
81380-32H-140,59.0,False
81380-32H-150,52.0,False
81380-32H-85,71.0,False
81380-32H-90,90.0,False
81380-76X-100,80.0,False
81380-76X-110,91.0,False
81380-76X-120,70.0,False
81380-76X-130,63.0,False
81380-76X-140,50.0,False
81380-76X-150,59.0,False
81380-76X-85,66.0,False
81380-76X-90,90.0,False
81395-2KF-100,160.0,False
81395-2KF-110,150.0,False
81395-2KF-120,130.0,False
81395-2KF-130,120.0,False
81395-2KF-140,120.0,False
81395-2KF-150,110.0,False
81395-2KF-90,170.0,False
81395-31W-100,160.0,False
81395-31W-110,150.0,False
81395-31W-120,130.0,False
81395-31W-130,120.0,False
81395-31W-140,120.0,False
81395-31W-150,110.0,False
81395-31W-90,170.0,False
81395-EF5-100,160.0,False
81395-EF5-110,150.0,False
81395-EF5-120,134.0,False
81395-EF5-130,120.0,False
81395-EF5-140,120.0,False
81395-EF5-150,110.0,False
81395-EF5-90,168.0,False
81452-5OT-80,100.0,False
81461-5MW-130,85.0,False
81461-5MW-150,64.0,False
81461-5NC-120,74.0,False
81467-2OZ-100,118.0,False
81467-2OZ-110,105.0,False
81467-2OZ-120,105.0,False
81467-2OZ-130,100.0,False
81467-2OZ-140,84.0,False
81467-2OZ-150,50.0,False
81467-2OZ-85,54.0,False
81467-2OZ-90,114.0,False
81467-36L-100,70.0,False
81467-36L-110,79.0,False
81467-36L-120,96.0,False
81467-36L-130,85.0,False
81467-36L-140,62.0,False
81467-36L-150,31.0,False
81467-36L-85,31.0,False
81467-36L-90,66.0,False
81467-5OA-100,118.0,False
81467-5OA-110,117.0,False
81467-5OA-120,100.0,False
81467-5OA-130,97.0,False
81467-5OA-140,63.0,False
81467-5OA-150,48.0,False
81467-5OA-85,62.0,False
81467-5OA-90,101.0,False
81467-5OT-120,95.0,False
81467-5OT-130,90.0,False
81467-5OT-140,67.0,False
81467-5OT-150,80.0,False
81467-5OT-90,107.0,False
81470-1DE-100,90.0,False
81470-1DE-110,90.0,False
81470-1DE-120,80.0,False
81470-1DE-130,89.0,False
81470-1DE-140,60.0,False
81470-1DE-150,65.0,False
81470-1DE-85,90.0,False
81470-1DE-90,90.0,False
81470-2MD-100,94.0,False
81470-2MD-110,90.0,False
81470-2MD-120,80.0,False
81470-2MD-130,80.0,False
81470-2MD-140,60.0,False
81470-2MD-150,57.0,False
81470-2MD-85,84.0,False
81470-2MD-90,90.0,False
81470-3DH-100,90.0,False
81470-3DH-110,92.0,False
81470-3DH-120,80.0,False
81470-3DH-130,80.0,False
81470-3DH-140,60.0,False
81470-3DH-150,60.0,False
81470-3DH-85,90.0,False
81470-3DH-90,90.0,False
81470-3DI-100,91.0,False
81470-3DI-110,90.0,False
81470-3DI-120,80.0,False
81470-3DI-130,80.0,False
81470-3DI-140,65.0,False
81470-3DI-150,60.0,False
81470-3DI-85,89.0,False
81470-3DI-90,90.0,False
81470-3DJ-100,90.0,False
81470-3DJ-110,90.0,False
81470-3DJ-120,80.0,False
81470-3DJ-130,80.0,False
81470-3DJ-140,60.0,False
81470-3DJ-150,60.0,False
81470-3DJ-85,90.0,False
81470-3DJ-90,95.0,False
81470-3DK-100,91.0,False
81470-3DK-110,90.0,False
81470-3DK-120,80.0,False
81470-3DK-130,80.0,False
81470-3DK-140,65.0,False
81470-3DK-150,60.0,False
81470-3DK-85,89.0,False
81470-3DK-90,98.0,False
81481-1AX-50,25.0,False
81481-1AX-60,56.0,False
81481-1AX-70,100.0,False
81481-1AX-75,100.0,False
81481-1AX-80,100.0,False
81481-1AX-85,100.0,False
81481-1AX-90,89.0,False
81481-32J-50,25.0,False
81481-32J-60,56.0,False
81481-32J-70,100.0,False
81481-32J-75,100.0,False
81481-32J-80,100.0,False
81481-32J-85,100.0,False
81481-32J-90,89.0,False
81495-1FZ-100,27.0,False
81495-1FZ-110,27.0,False
81495-1FZ-120,24.0,False
81495-1FZ-130,24.0,False
81495-1FZ-140,21.0,False
81495-1FZ-150,18.0,False
81495-1FZ-85,33.0,False
81495-1FZ-90,32.0,False
81495-1GF-100,27.0,False
81495-1GF-110,24.0,False
81495-1GF-120,21.0,False
81495-1GF-130,21.0,False
81495-1GF-140,18.0,False
81495-1GF-150,15.0,False
81495-1GF-85,36.0,False
81495-1GF-90,30.0,False
81495-1GR-100,27.0,False
81495-1GR-110,28.0,False
81495-1GR-120,25.0,False
81495-1GR-130,24.0,False
81495-1GR-140,21.0,False
81495-1GR-150,18.0,False
81495-1GR-85,33.0,False
81495-1GR-90,30.0,False
81495-2KD-100,27.0,False
81495-2KD-110,28.0,False
81495-2KD-120,27.0,False
81495-2KD-130,24.0,False
81495-2KD-140,21.0,False
81495-2KD-150,18.0,False
81495-2KD-85,36.0,False
81495-2KD-90,30.0,False
81495-32H-100,27.0,False
81495-32H-110,27.0,False
81495-32H-120,24.0,False
81495-32H-130,24.0,False
81495-32H-140,21.0,False
81495-32H-150,18.0,False
81495-32H-85,33.0,False
81495-32H-90,30.0,False
81496-1FZ-100,33.0,False
81496-1FZ-110,30.0,False
81496-1FZ-120,27.0,False
81496-1FZ-130,24.0,False
81496-1FZ-140,21.0,False
81496-1FZ-150,18.0,False
81496-1FZ-85,36.0,False
81496-1FZ-90,36.0,False
81496-1GR-100,33.0,False
81496-1GR-110,34.0,False
81496-1GR-120,30.0,False
81496-1GR-130,24.0,False
81496-1GR-140,21.0,False
81496-1GR-150,18.0,False
81496-1GR-85,30.0,False
81496-1GR-90,36.0,False
81496-2KD-100,33.0,False
81496-2KD-110,30.0,False
81496-2KD-120,27.0,False
81496-2KD-130,24.0,False
81496-2KD-140,22.0,False
81496-2KD-150,18.0,False
81496-2KD-85,36.0,False
81496-2KD-90,36.0,False
81496-32H-100,33.0,False
81496-32H-110,30.0,False
81496-32H-120,27.0,False
81496-32H-130,24.0,False
81496-32H-140,21.0,False
81496-32H-150,18.0,False
81496-32H-85,36.0,False
81496-32H-90,36.0,False
81496-32J-100,33.0,False
81496-32J-110,30.0,False
81496-32J-120,27.0,False
81496-32J-130,24.0,False
81496-32J-140,21.0,False
81496-32J-150,18.0,False
81496-32J-85,29.0,False
81496-32J-90,36.0,False
81496-5EB-130,51.0,False
81496-5EB-140,50.0,False
81504-3CX-10/12,111.0,False
81504-3CX-12/1Y,99.0,False
81504-3CX-1Y/3Y,77.0,False
81504-3CX-3Y/5Y,69.0,False
81504-3CX-5/7,90.0,False
81504-3CX-7/9,126.0,False
81504-5TW-10/12,111.0,False
81504-5TW-5/7,124.0,False
81504-5TW-7/9,109.0,False
81505-3CW-10/12,120.0,False
81505-3CW-12/1Y,105.0,False
81505-3CW-1Y/3Y,96.0,False
81505-3CW-3Y/5Y,84.0,False
81505-3CW-5/7,150.0,False
81505-3CW-7/9,135.0,False
81505-NL1-10/12,120.0,False
81505-NL1-12/1Y,98.0,False
81505-NL1-1Y/3Y,94.0,False
81505-NL1-3Y/5Y,70.0,False
81505-NL1-5/7,130.0,False
81505-NL1-7/9,136.0,False
81521-28M-L,70.0,False
81521-28M-M,76.0,False
81521-28M-S,80.0,False
81521-28M-XL,63.0,False
81521-28M-XS,80.0,False
81521-28M-XXL,43.0,False
81525-RS8-50,63.0,False
81525-RS8-60,55.0,False
81525-RS8-70,55.0,False
81525-RS8-NB,30.0,False
81551-015-100,70.0,False
81551-015-110,70.0,False
81551-015-120,65.0,False
81551-015-130,66.0,False
81551-015-140,53.0,False
81551-015-150,45.0,False
81551-015-85,75.0,False
81551-015-90,80.0,False
81551-1GR-110,80.0,False
81551-1GR-130,60.0,False
81551-1GR-140,59.0,False
81551-2KD-100,74.0,False
81551-2KD-110,80.0,False
81551-2KD-120,60.0,False
81551-2KD-130,60.0,False
81551-2KD-140,59.0,False
81551-2KD-150,45.0,False
81551-2KD-85,80.0,False
81551-2KD-90,80.0,False
81551-32J-130,60.0,False
81551-32J-140,59.0,False
81551-32J-150,45.0,False
81551-32T-100,84.0,False
81551-32T-110,70.0,False
81551-32T-120,70.0,False
81551-32T-130,60.0,False
81551-32T-140,60.0,False
81551-32T-150,60.0,False
81551-32T-85,80.0,False
81551-32T-90,80.0,False
81551-3EB-130,60.0,False
81551-3EB-140,60.0,False
81551-3EB-150,60.0,False
81551-5EB-130,90.0,False
81551-5EB-140,90.0,False
81551-5EB-150,81.0,False
81551-5EB-85,46.0,False
81551-5HK-85,46.0,False
81551-SR4-150,48.0,False
81552-45I-100,130.0,False
81552-45I-110,120.0,False
81552-45I-120,120.0,False
81552-45I-130,110.0,False
81552-45I-140,100.0,False
81552-45I-150,90.0,False
81552-45I-85,150.0,False
81552-45I-90,150.0,False
81563-1UN-100,100.0,False
81563-1UN-110,85.0,False
81563-1UN-120,75.0,False
81563-1UN-130,70.0,False
81563-1UN-70,12.0,False
81563-1UN-75,29.0,False
81563-1UN-80,47.0,False
81563-1UN-85,111.0,False
81563-1UN-90,100.0,False
81563-1VG-100,100.0,False
81563-1VG-110,85.0,False
81563-1VG-120,45.0,False
81563-1VG-130,36.0,False
81563-1VG-70,5.0,False
81563-1VG-75,11.0,False
81563-1VG-80,17.0,False
81563-1VG-85,33.0,False
81563-1VG-90,73.0,False
81563-1VH-100,80.0,False
81563-1VH-110,59.0,False
81563-1VH-120,46.0,False
81563-1VH-130,38.0,False
81563-1VH-70,7.0,False
81563-1VH-75,22.0,False
81563-1VH-80,21.0,False
81563-1VH-85,47.0,False
81563-1VH-90,110.0,False
81563-22L-100,90.0,False
81563-22L-110,87.0,False
81563-22L-120,45.0,False
81563-22L-130,37.0,False
81563-22L-70,5.0,False
81563-22L-75,25.0,False
81563-22L-80,15.0,False
81563-22L-85,49.0,False
81563-22L-90,90.0,False
81563-IVJ-100,100.0,False
81563-IVJ-110,85.0,False
81563-IVJ-120,55.0,False
81563-IVJ-130,65.0,False
81563-IVJ-70,20.0,False
81563-IVJ-75,60.0,False
81563-IVJ-80,50.0,False
81563-IVJ-85,71.0,False
81563-IVJ-90,110.0,False
81569-1FZ-100,25.0,False
81569-1FZ-110,25.0,False
81569-1FZ-120,25.0,False
81569-1FZ-130,21.0,False
81569-1FZ-140,18.0,False
81569-1FZ-150,18.0,False
81569-1FZ-85,33.0,False
81569-1FZ-90,30.0,False
81569-1GR-100,25.0,False
81569-1GR-110,25.0,False
81569-1GR-120,23.0,False
81569-1GR-130,21.0,False
81569-1GR-140,21.0,False
81569-1GR-150,18.0,False
81569-1GR-85,28.0,False
81569-1GR-90,30.0,False
81569-2KD-100,36.0,False
81569-2KD-110,30.0,False
81569-2KD-120,30.0,False
81569-2KD-130,27.0,False
81569-2KD-140,24.0,False
81569-2KD-150,23.0,False
81569-2KD-85,36.0,False
81569-2KD-90,36.0,False
81569-32H-100,25.0,False
81569-32H-110,25.0,False
81569-32H-120,25.0,False
81569-32H-130,21.0,False
81569-32H-140,18.0,False
81569-32H-150,18.0,False
81569-32H-85,34.0,False
81569-32H-90,32.0,False
81569-32J-100,25.0,False
81569-32J-110,25.0,False
81569-32J-120,21.0,False
81569-32J-130,21.0,False
81569-32J-140,18.0,False
81569-32J-150,19.0,False
81569-32J-85,20.0,False
81569-32J-90,31.0,False
81569-4JY-120,50.0,False
81569-4JY-130,46.0,False
81569-4JY-140,42.0,False
81569-4JY-150,31.0,False
81569-5EB-130,50.0,False
81569-5EB-150,35.0,False
81569-5HK-100,42.0,False
81569-5HK-110,48.0,False
81569-5HK-120,53.0,False
81569-5HK-130,33.0,False
81569-5HK-140,29.0,False
81569-5HK-150,22.0,False
81569-5HR-150,35.0,False
81575-06G-50,79.0,False
81575-06G-60,114.0,False
81575-06G-70,90.0,False
81575-06G-75,109.0,False
81575-06G-80,95.0,False
81575-06G-85,92.0,False
81575-06G-90,78.0,False
81575-S74-50,138.0,False
81575-S74-60,129.0,False
81575-S74-70,111.0,False
81575-S74-75,110.0,False
81575-S74-80,103.0,False
81575-S74-85,109.0,False
81575-S74-90,90.0,False
81577-553-OS,24.0,False
81612-2M2-100,66.0,False
81612-2M2-110,81.0,False
81612-2M2-120,70.0,False
81612-2M2-130,76.0,False
81612-2M2-140,60.0,False
81612-2M2-150,50.0,False
81612-2M2-160,21.0,False
81612-2M2-85,25.0,False
81612-2M2-90,56.0,False
81612-2MF-100,66.0,False
81612-2MF-110,81.0,False
81612-2MF-120,70.0,False
81612-2MF-130,76.0,False
81612-2MF-140,46.0,False
81612-2MF-150,26.0,False
81612-2MF-160,20.0,False
81612-2MF-85,131.0,False
81612-2MF-90,82.0,False
81612-2ML-100,110.0,False
81612-2ML-110,102.0,False
81612-2ML-120,100.0,False
81612-2ML-130,80.0,False
81612-2ML-140,80.0,False
81612-2ML-150,61.0,False
81612-2ML-160,64.0,False
81612-2ML-85,86.0,False
81612-2ML-90,112.0,False
81612-2MY-150,68.0,False
81612-2NF-100,66.0,False
81612-2NF-110,81.0,False
81612-2NF-120,70.0,False
81612-2NF-130,76.0,False
81612-2NF-140,46.0,False
81612-2NF-150,38.0,False
81612-2NF-160,20.0,False
81612-2NF-85,26.0,False
81612-2NF-90,56.0,False
81612-2NT-100,66.0,False
81612-2NT-110,81.0,False
81612-2NT-120,70.0,False
81612-2NT-130,76.0,False
81612-2NT-140,46.0,False
81612-2NT-150,26.0,False
81612-2NT-160,20.0,False
81612-2NT-85,26.0,False
81612-2NT-90,56.0,False
81612-3EM-100,66.0,False
81612-3EM-110,81.0,False
81612-3EM-120,70.0,False
81612-3EM-130,76.0,False
81612-3EM-140,46.0,False
81612-3EM-150,26.0,False
81612-3EM-160,20.0,False
81612-3EM-85,26.0,False
81612-3EM-90,56.0,False
81619-48F-100,80.0,False
81619-48F-110,80.0,False
81619-48F-120,70.0,False
81619-48F-130,60.0,False
81619-48F-140,56.0,False
81619-48F-150,45.0,False
81619-48F-85,90.0,False
81619-48F-90,90.0,False
81619-Q83-100,80.0,False
81619-Q83-110,80.0,False
81619-Q83-120,70.0,False
81619-Q83-130,60.0,False
81619-Q83-140,51.0,False
81619-Q83-150,45.0,False
81619-Q83-85,90.0,False
81619-Q83-90,90.0,False
81628-434-50,80.0,False
81628-434-60,80.0,False
81628-434-70,70.0,False
81628-434-75,70.0,False
81628-434-80,60.0,False
81644-CB8-100,80.0,False
81644-CB8-110,80.0,False
81644-CB8-120,60.0,False
81644-CB8-130,60.0,False
81644-CB8-140,60.0,False
81644-CB8-150,50.0,False
81644-CB8-85,91.0,False
81644-CB8-90,90.0,False
81654-434-50,20.0,False
81654-434-60,70.0,False
81654-434-70,60.0,False
81654-434-75,62.0,False
81654-434-80,60.0,False
81654-434-85,60.0,False
81654-434-90,50.0,False
81662-3EU-100,41.0,False
81662-3EU-110,40.0,False
81662-3EU-120,36.0,False
81662-3EU-130,36.0,False
81662-3EU-140,30.0,False
81662-3EU-150,26.0,False
81662-3EU-160,20.0,False
81662-3EU-85,16.0,False
81662-3EU-90,32.0,False
81662-3EV-100,30.0,False
81662-3EV-110,41.0,False
81662-3EV-120,36.0,False
81662-3EV-130,36.0,False
81662-3EV-140,30.0,False
81662-3EV-150,19.0,False
81662-3EV-160,14.0,False
81662-3EV-85,11.0,False
81662-3EV-90,24.0,False
81662-3EW-100,27.0,False
81662-3EW-110,33.0,False
81662-3EW-120,30.0,False
81662-3EW-130,21.0,False
81662-3EW-140,13.0,False
81662-3EW-150,8.0,False
81662-3EW-160,6.0,False
81662-3EW-85,11.0,False
81662-3EW-90,22.0,False
81662-57J-100,18.0,False
81662-57J-110,24.0,False
81662-57J-120,34.0,False
81662-57J-130,28.0,False
81662-57J-140,19.0,False
81662-57J-150,13.0,False
81662-57J-160,12.0,False
81662-57J-85,7.0,False
81662-57J-90,12.0,False
81662-57K-100,8.0,False
81662-57K-110,10.0,False
81662-57K-120,14.0,False
81662-57K-130,11.0,False
81662-57K-140,8.0,False
81662-57K-150,6.0,False
81662-57K-160,6.0,False
81662-57K-85,6.0,False
81662-57K-90,6.0,False
81662-58B-100,48.0,False
81662-58B-110,45.0,False
81662-58B-120,36.0,False
81662-58B-130,36.0,False
81662-58B-140,30.0,False
81662-58B-150,36.0,False
81662-58B-160,27.0,False
81662-58B-85,24.0,False
81662-58B-90,38.0,False
81662-58I-100,33.0,False
81662-58I-110,47.0,False
81662-58I-120,36.0,False
81662-58I-130,36.0,False
81662-58I-140,35.0,False
81662-58I-150,25.0,False
81662-58I-160,22.0,False
81662-58I-85,13.0,False
81662-58I-90,24.0,False
81664-3EU-50,10.0,False
81664-3EU-60,21.0,False
81664-3EU-70,36.0,False
81664-3EU-75,36.0,False
81664-3EU-80,27.0,False
81664-3EU-85,19.0,False
81664-3EU-90,14.0,False
81664-3EW-50,13.0,False
81664-3EW-60,25.0,False
81664-3EW-70,42.0,False
81664-3EW-75,42.0,False
81664-3EW-80,34.0,False
81664-3EW-85,24.0,False
81664-3EW-90,17.0,False
81666-1WC-50,142.0,False
81666-1WC-60,140.0,False
81666-1WC-70,135.0,False
81666-1WC-75,130.0,False
81666-1WC-80,110.0,False
81666-1WC-85,110.0,False
81666-1WC-90,100.0,False
81666-1Y1-50,80.0,False
81666-1Y1-60,80.0,False
81666-1Y1-70,70.0,False
81666-1Y1-75,70.0,False
81666-1Y1-80,65.0,False
81666-1Y1-85,65.0,False
81666-1Y1-90,60.0,False
81666-2LZ-50,32.0,False
81666-2LZ-60,66.0,False
81666-2LZ-70,114.0,False
81666-2LZ-75,119.0,False
81666-2LZ-80,87.0,False
81666-2LZ-85,59.0,False
81666-2LZ-90,43.0,False
81666-2MA-50,35.0,False
81666-2MA-60,79.0,False
81666-2MA-70,128.0,False
81666-2MA-75,127.0,False
81666-2MA-80,90.0,False
81666-2MA-85,48.0,False
81666-2MA-90,31.0,False
81666-38I-50,39.0,False
81666-38I-60,64.0,False
81666-38I-70,55.0,False
81666-38I-75,57.0,False
81666-38I-80,52.0,False
81666-38I-85,45.0,False
81666-38I-90,51.0,False
81666-3DR-50,65.0,False
81666-3DR-60,65.0,False
81666-3DR-70,57.0,False
81666-3DR-75,57.0,False
81666-3DR-80,50.0,False
81666-3DR-85,45.0,False
81666-3DR-90,42.0,False
81666-3HZ-50,80.0,False
81666-3HZ-60,80.0,False
81666-3HZ-70,70.0,False
81666-3HZ-75,70.0,False
81666-3HZ-80,65.0,False
81666-3HZ-85,65.0,False
81666-3HZ-90,60.0,False
81666-3IA-50,80.0,False
81666-3IA-60,80.0,False
81666-3IA-70,70.0,False
81666-3IA-75,70.0,False
81666-3IA-80,65.0,False
81666-3IA-85,65.0,False
81666-3IA-90,60.0,False
81666-3IN-50,67.0,False
81666-3IN-60,140.0,False
81666-3IN-70,192.0,False
81666-3IN-75,170.0,False
81666-3IN-80,154.0,False
81666-3IN-85,135.0,False
81666-3IN-90,128.0,False
81666-41W-50,200.0,False
81666-41Y-50,59.0,False
81666-41Y-60,73.0,False
81666-41Y-70,132.0,False
81666-41Y-75,123.0,False
81666-41Y-80,154.0,False
81666-41Y-85,62.0,False
81666-41Y-90,76.0,False
81666-42C-50,148.0,False
81666-42C-60,140.0,False
81666-42C-70,130.0,False
81666-42C-90,109.0,False
81666-42R-50,200.0,False
81666-43Z-50,150.0,False
81666-44G-50,140.0,False
81666-44G-60,144.0,False
81666-44G-70,185.0,False
81666-44G-75,157.0,False
81666-44G-80,147.0,False
81666-44G-85,129.0,False
81666-44G-90,130.0,False
81666-45W-50,80.0,False
81666-45W-60,80.0,False
81666-45W-70,70.0,False
81666-45W-75,70.0,False
81666-45W-80,65.0,False
81666-45W-85,65.0,False
81666-45W-90,60.0,False
81666-46S-50,124.0,False
81666-46S-60,190.0,False
81666-46S-70,180.0,False
81666-46S-75,180.0,False
81666-46S-80,157.0,False
81666-46S-85,140.0,False
81666-46S-90,110.0,False
81666-46U-50,135.0,False
81666-46U-60,190.0,False
81666-46U-70,180.0,False
81666-46U-75,180.0,False
81666-46U-80,150.0,False
81666-46U-85,140.0,False
81666-46U-90,140.0,False
81666-49B-50,85.0,False
81666-49B-60,174.0,False
81666-49B-70,137.0,False
81666-49B-75,170.0,False
81666-49B-80,161.0,False
81666-49B-85,113.0,False
81666-49B-90,72.0,False
81666-49Y-50,119.0,False
81666-49Y-60,150.0,False
81666-49Y-70,120.0,False
81666-49Y-75,120.0,False
81666-49Y-80,120.0,False
81666-49Y-85,120.0,False
81666-49Y-90,104.0,False
81666-4A4-50,91.0,False
81666-4A4-60,150.0,False
81666-4A4-70,120.0,False
81666-4A4-75,120.0,False
81666-4A4-80,120.0,False
81666-4A4-85,120.0,False
81666-4A4-90,121.0,False
81666-4AE-50,98.0,False
81666-4AE-60,150.0,False
81666-4AE-70,126.0,False
81666-4AE-75,128.0,False
81666-4AE-80,120.0,False
81666-4AE-85,120.0,False
81666-4AE-90,89.0,False
81666-4AF-50,96.0,False
81666-4AF-60,150.0,False
81666-4AF-70,120.0,False
81666-4AF-75,120.0,False
81666-4AF-80,120.0,False
81666-4AF-85,120.0,False
81666-4AF-90,110.0,False
81666-4AI-50,65.0,False
81666-4AI-60,143.0,False
81666-4AI-70,120.0,False
81666-4AI-75,120.0,False
81666-4AI-80,120.0,False
81666-4AI-85,120.0,False
81666-4AI-90,102.0,False
81666-WF9-50,154.0,False
81666-WF9-60,190.0,False
81666-WF9-70,180.0,False
81666-WF9-75,180.0,False
81666-WF9-80,160.0,False
81666-WF9-85,140.0,False
81666-WF9-90,140.0,False
81668-1WB-L,21.0,False
81668-1WB-M,21.0,False
81668-1WB-S,24.0,False
81668-1WB-XL,18.0,False
81668-1WB-XS,24.0,False
81668-1WB-XXL,15.0,False
81671-3EE-L,24.0,False
81671-3EE-M,24.0,False
81671-3EE-S,28.0,False
81671-3EE-XL,20.0,False
81671-3EE-XS,29.0,False
81671-3EE-XXL,20.0,False
81671-3KN-L,24.0,False
81671-3KN-M,25.0,False
81671-3KN-S,28.0,False
81671-3KN-XL,20.0,False
81671-3KN-XS,28.0,False
81671-3KN-XXL,20.0,False
81671-RT9-L,24.0,False
81671-RT9-M,24.0,False
81671-RT9-S,28.0,False
81671-RT9-XL,20.0,False
81671-RT9-XS,28.0,False
81671-RT9-XXL,20.0,False
81672-3HW-100,100.0,False
81672-3HW-110,90.0,False
81672-3HW-120,80.0,False
81672-3HW-130,70.0,False
81672-3HW-140,60.0,False
81672-3HW-150,55.0,False
81672-3HW-85,120.0,False
81672-3HW-90,110.0,False
81672-3IM-100,100.0,False
81672-3IM-110,90.0,False
81672-3IM-120,80.0,False
81672-3IM-130,70.0,False
81672-3IM-140,60.0,False
81672-3IM-150,55.0,False
81672-3IM-85,122.0,False
81672-3IM-90,110.0,False
81672-3KD-100,100.0,False
81672-3KD-110,90.0,False
81672-3KD-120,80.0,False
81672-3KD-130,70.0,False
81672-3KD-140,61.0,False
81672-3KD-150,55.0,False
81672-3KD-85,120.0,False
81672-3KD-90,110.0,False
81672-41I-100,100.0,False
81672-41I-110,90.0,False
81672-41I-120,80.0,False
81672-41I-130,70.0,False
81672-41I-140,60.0,False
81672-41I-150,55.0,False
81672-41I-85,120.0,False
81672-41I-90,110.0,False
81672-41S-100,100.0,False
81672-41S-110,90.0,False
81672-41S-120,80.0,False
81672-41S-130,70.0,False
81672-41S-140,60.0,False
81672-41S-150,55.0,False
81672-41S-85,120.0,False
81672-41S-90,110.0,False
81672-42K-100,100.0,False
81672-42K-110,90.0,False
81672-42K-120,80.0,False
81672-42K-130,70.0,False
81672-42K-140,60.0,False
81672-42K-150,55.0,False
81672-42K-85,88.0,False
81672-42K-90,110.0,False
81672-46R-100,100.0,False
81672-46R-110,90.0,False
81672-46R-120,80.0,False
81672-46R-130,70.0,False
81672-46R-140,60.0,False
81672-46R-150,55.0,False
81672-46R-85,120.0,False
81672-46R-90,110.0,False
81700-32T-100,250.0,False
81700-32T-110,211.0,False
81700-32T-120,200.0,False
81700-32T-130,150.0,False
81700-32T-140,150.0,False
81700-32T-150,150.0,False
81700-32T-85,206.0,False
81700-32T-90,250.0,False
81700-3EC-100,250.0,False
81700-3EC-110,203.0,False
81700-3EC-120,200.0,False
81700-3EC-130,150.0,False
81700-3EC-140,150.0,False
81700-3EC-150,150.0,False
81700-3EC-85,237.0,False
81700-3EC-90,250.0,False
81700-3ED-100,250.0,False
81700-3ED-110,200.0,False
81700-3ED-120,200.0,False
81700-3ED-130,150.0,False
81700-3ED-140,150.0,False
81700-3ED-150,150.0,False
81700-3ED-85,138.0,False
81700-3ED-90,250.0,False
81700-E66-100,250.0,False
81700-E66-110,213.0,False
81700-E66-120,200.0,False
81700-E66-130,150.0,False
81700-E66-140,155.0,False
81700-E66-150,150.0,False
81700-E66-85,230.0,False
81700-E66-90,250.0,False
81710-3IM-50,144.0,False
81710-3IM-60,140.0,False
81710-3IM-70,139.0,False
81710-3IM-75,130.0,False
81710-3IM-80,120.0,False
81710-3IM-85,120.0,False
81710-3IM-90,110.0,False
81710-3KD-50,140.0,False
81710-3KD-60,140.0,False
81710-3KD-70,130.0,False
81710-3KD-75,130.0,False
81710-3KD-80,120.0,False
81710-3KD-85,120.0,False
81710-3KD-90,110.0,False
81710-41S-50,129.0,False
81710-41S-60,140.0,False
81710-41S-70,130.0,False
81710-41S-75,130.0,False
81710-41S-80,120.0,False
81710-41S-85,120.0,False
81710-41S-90,110.0,False
81710-46R-50,140.0,False
81710-46R-60,140.0,False
81710-46R-70,130.0,False
81710-46R-75,130.0,False
81710-46R-80,120.0,False
81710-46R-85,120.0,False
81710-46R-90,110.0,False
81718-3IL-100,128.0,False
81718-3IL-110,120.0,False
81718-3IL-120,100.0,False
81718-3IL-130,100.0,False
81718-3IL-140,70.0,False
81718-3IL-150,60.0,False
81718-3IL-85,146.0,False
81718-3IL-90,130.0,False
81718-46P-100,130.0,False
81718-46P-110,123.0,False
81718-46P-120,100.0,False
81718-46P-130,100.0,False
81718-46P-140,85.0,False
81718-46P-150,61.0,False
81718-46P-85,156.0,False
81718-46P-90,140.0,False
81718-49M-100,130.0,False
81718-49M-110,120.0,False
81718-49M-120,100.0,False
81718-49M-130,100.0,False
81718-49M-140,70.0,False
81718-49M-150,71.0,False
81718-49M-85,160.0,False
81718-49M-90,140.0,False
81718-68I-130,99.0,False
81718-68I-140,85.0,False
81718-68I-90,130.0,False
81748-1WB-50,74.0,False
81748-1WB-60,80.0,False
81748-1WB-70,70.0,False
81748-1WB-75,70.0,False
81748-1WB-80,65.0,False
81748-1WB-85,65.0,False
81748-1WB-90,60.0,False
81748-3IL-50,68.0,False
81748-3IL-60,120.0,False
81748-3IL-70,120.0,False
81748-3IL-75,120.0,False
81748-3IL-80,110.0,False
81748-3IL-85,110.0,False
81748-3IL-90,83.0,False
81748-49M-50,126.0,False
81748-49M-60,120.0,False
81748-49M-70,120.0,False
81748-49M-75,120.0,False
81748-49M-80,110.0,False
81748-49M-85,110.0,False
81748-49M-90,100.0,False
81755-531-XS,28.0,False
81755-531-XXL,41.0,False
81764-4AK-100,80.0,False
81764-4AK-110,70.0,False
81764-4AK-120,70.0,False
81764-4AK-130,60.0,False
81764-4AK-140,61.0,False
81764-4AK-150,60.0,False
81764-4AK-85,80.0,False
81764-4AK-90,80.0,False
81764-4AL-100,80.0,False
81764-4AL-110,70.0,False
81764-4AL-120,70.0,False
81764-4AL-130,60.0,False
81764-4AL-140,61.0,False
81764-4AL-150,60.0,False
81764-4AL-85,80.0,False
81764-4AL-90,80.0,False
81764-4AM-100,80.0,False
81764-4AM-110,70.0,False
81764-4AM-120,70.0,False
81764-4AM-130,60.0,False
81764-4AM-140,60.0,False
81764-4AM-150,60.0,False
81764-4AM-85,80.0,False
81764-4AM-90,80.0,False
81766-1WB-100,90.0,False
81766-1WB-110,80.0,False
81766-1WB-120,70.0,False
81766-1WB-130,60.0,False
81766-1WB-140,52.0,False
81766-1WB-150,52.0,False
81766-1WB-85,100.0,False
81766-1WB-90,100.0,False
81766-67K-140,50.0,False
81766-67K-150,50.0,False
81769-531-L,65.0,False
81769-531-M,74.0,False
81769-531-S,88.0,False
81769-531-XL,22.0,False
81769-531-XS,32.0,False
81805-FF4-L,15.0,False
81805-FF4-M,16.0,False
81805-FF4-S,16.0,False
81805-FF4-XL,14.0,False
81805-FF4-XS,16.0,False
81805-FF4-XXL,10.0,False
81805-FF4-XXS,13.0,False
81811-1VS-100,70.0,False
81811-1VS-110,65.0,False
81811-1VS-120,56.0,False
81811-1VS-140,42.0,False
81811-1VS-150,30.0,False
81811-1VS-85,96.0,False
81811-1VS-90,70.0,False
81824-1VR-OS,26.0,False
81846-3SJ-100,48.0,False
81846-3SJ-110,40.0,False
81846-3SJ-120,36.0,False
81846-3SJ-130,36.0,False
81846-3SJ-140,30.0,False
81846-3SJ-150,30.0,False
81846-3SJ-160,30.0,False
81846-3SJ-85,30.0,False
81846-3SJ-90,48.0,False
81846-3SN-100,79.0,False
81846-3SN-110,90.0,False
81846-3SN-120,75.0,False
81846-3SN-130,72.0,False
81846-3SN-140,71.0,False
81846-3SN-150,55.0,False
81846-3SN-160,48.0,False
81846-3SN-85,64.0,False
81846-3SN-90,100.0,False
81846-4LF-100,51.0,False
81846-4LF-110,40.0,False
81846-4LF-120,36.0,False
81846-4LF-130,36.0,False
81846-4LF-140,30.0,False
81846-4LF-150,30.0,False
81846-4LF-160,30.0,False
81846-4LF-85,48.0,False
81846-4LF-90,48.0,False
81846-4ND-100,70.0,False
81846-4ND-110,91.0,False
81846-4ND-120,73.0,False
81846-4ND-130,72.0,False
81846-4ND-140,77.0,False
81846-4ND-150,49.0,False
81846-4ND-160,43.0,False
81846-4ND-85,55.0,False
81846-4ND-90,80.0,False
81854-2BR-100,20.0,False
81854-2BR-110,24.0,False
81854-2BR-120,39.0,False
81854-2BR-130,30.0,False
81854-2BR-140,36.0,False
81854-2BR-150,17.0,False
81854-2BR-160,19.0,False
81854-2BR-85,11.0,False
81854-2BR-90,6.0,False
81854-2ST-100,34.0,False
81854-2ST-110,30.0,False
81854-2ST-120,66.0,False
81854-2ST-130,24.0,False
81854-2ST-140,13.0,False
81854-2ST-150,15.0,False
81854-2ST-160,2.0,False
81854-2ST-85,20.0,False
81854-2ST-90,26.0,False
81858-3MT-100,30.0,False
81858-3MT-110,30.0,False
81858-3MT-120,27.0,False
81858-3MT-130,24.0,False
81858-3MT-140,21.0,False
81858-3MT-150,18.0,False
81858-3MT-85,38.0,False
81858-3MT-90,36.0,False
81858-WL3-140,21.0,False
81858-WL4-130,24.0,False
81858-WL4-150,18.0,False
81861-26B-100,140.0,False
81861-26B-110,126.0,False
81861-26B-120,110.0,False
81861-26B-130,130.0,False
81861-26B-140,90.0,False
81861-26B-150,53.0,False
81861-26B-85,66.0,False
81861-26B-90,123.0,False
81861-26E-100,130.0,False
81861-26E-110,150.0,False
81861-26E-120,153.0,False
81861-26E-130,139.0,False
81861-26E-140,73.0,False
81861-26E-150,109.0,False
81861-26E-85,72.0,False
81861-26E-90,107.0,False
81861-26J-100,89.0,False
81861-26J-110,140.0,False
81861-26J-120,140.0,False
81861-26J-130,140.0,False
81861-26J-140,81.0,False
81861-26J-150,69.0,False
81861-26J-85,68.0,False
81861-26J-90,161.0,False
81861-26K-100,159.0,False
81861-26K-110,167.0,False
81861-26K-120,158.0,False
81861-26K-130,156.0,False
81861-26K-140,122.0,False
81861-26K-150,91.0,False
81861-26K-85,87.0,False
81861-26K-90,56.0,False
81861-TK4-100,70.0,False
81861-TK4-110,61.0,False
81861-TK4-120,74.0,False
81861-TK4-130,89.0,False
81861-TK4-140,83.0,False
81861-TK4-150,62.0,False
81861-TK4-85,34.0,False
81861-TK4-90,62.0,False
81862-1D1-100,70.0,False
81862-1D1-110,70.0,False
81862-1D1-120,60.0,False
81862-1D1-130,56.0,False
81862-1D1-140,51.0,False
81862-1D1-150,40.0,False
81862-1D1-85,72.0,False
81862-1D1-90,90.0,False
81862-2AY-100,70.0,False
81862-2AY-110,60.0,False
81862-2AY-120,60.0,False
81862-2AY-130,50.0,False
81862-2AY-140,40.0,False
81862-2AY-150,21.0,False
81862-2AY-85,73.0,False
81862-2AY-90,90.0,False
81862-2B2-100,74.0,False
81862-2B2-110,73.0,False
81862-2B2-120,60.0,False
81862-2B2-130,53.0,False
81862-2B2-140,40.0,False
81862-2B2-150,43.0,False
81862-2B2-85,63.0,False
81862-2B2-90,90.0,False
81862-2BA-100,80.0,False
81862-2BA-110,72.0,False
81862-2BA-120,61.0,False
81862-2BA-130,50.0,False
81862-2BA-140,43.0,False
81862-2BA-150,40.0,False
81862-2BA-85,53.0,False
81862-2BA-90,90.0,False
81862-2BB-100,70.0,False
81862-2BB-110,60.0,False
81862-2BB-120,60.0,False
81862-2BB-130,50.0,False
81862-2BB-140,40.0,False
81862-2BB-150,40.0,False
81862-2BB-85,64.0,False
81862-2BB-90,88.0,False
81862-2PT-100,70.0,False
81862-2PT-110,60.0,False
81862-2PT-120,50.0,False
81862-2PT-130,40.0,False
81862-2PT-140,40.0,False
81862-2PT-150,40.0,False
81862-2PT-85,59.0,False
81862-2PT-90,94.0,False
81862-2SR-100,80.0,False
81862-2SR-110,75.0,False
81862-2SR-120,60.0,False
81862-2SR-130,60.0,False
81862-2SR-140,40.0,False
81862-2SR-150,34.0,False
81862-2SR-85,47.0,False
81862-2SR-90,90.0,False
81865-28P-100,90.0,False
81865-28P-110,80.0,False
81865-28P-120,80.0,False
81865-28P-130,70.0,False
81865-28P-140,62.0,False
81865-28P-150,39.0,False
81865-28P-85,90.0,False
81865-28P-90,96.0,False
81868-1FM-100,90.0,False
81868-1FM-110,80.0,False
81868-1FM-120,80.0,False
81868-1FM-130,72.0,False
81868-1FM-140,50.0,False
81868-1FM-150,50.0,False
81868-1FM-85,68.0,False
81868-1FM-90,90.0,False
81868-1FO-100,70.0,False
81868-1FO-110,80.0,False
81868-1FO-120,60.0,False
81868-1FO-130,60.0,False
81868-1FO-140,50.0,False
81868-1FO-150,50.0,False
81868-1FO-85,69.0,False
81868-1FO-90,70.0,False
81868-1FS-100,90.0,False
81868-1FS-110,80.0,False
81868-1FS-120,70.0,False
81868-1FS-130,61.0,False
81868-1FS-140,60.0,False
81868-1FS-150,50.0,False
81868-1FS-85,67.0,False
81868-1FS-90,90.0,False
81868-1GF-100,90.0,False
81868-1GF-110,82.0,False
81868-1GF-120,70.0,False
81868-1GF-130,70.0,False
81868-1GF-140,50.0,False
81868-1GF-150,50.0,False
81868-1GF-85,66.0,False
81868-1GF-90,70.0,False
81869-30W-100,80.0,False
81869-30W-110,70.0,False
81869-30W-120,60.0,False
81869-30W-130,50.0,False
81869-30W-140,40.0,False
81869-30W-150,40.0,False
81869-30W-85,74.0,False
81869-30W-90,90.0,False
81869-30Y-100,80.0,False
81869-30Y-110,83.0,False
81869-30Y-120,60.0,False
81869-30Y-130,50.0,False
81869-30Y-140,40.0,False
81869-30Y-150,40.0,False
81869-30Y-85,94.0,False
81869-30Y-90,83.0,False
81869-31B-100,60.0,False
81869-31B-110,59.0,False
81869-31B-120,50.0,False
81869-31B-130,50.0,False
81869-31B-140,50.0,False
81869-31B-150,50.0,False
81869-31B-85,93.0,False
81869-31B-90,70.0,False
81873-WL4-100,23.0,False
81873-WL4-110,23.0,False
81873-WL4-120,20.0,False
81873-WL4-130,18.0,False
81873-WL4-140,17.0,False
81873-WL4-150,15.0,False
81873-WL4-85,27.0,False
81873-WL4-90,25.0,False
81881-3PS-100,30.0,False
81881-3PS-90,40.0,False
81881-4KG-100,30.0,False
81881-4KG-110,25.0,False
81881-4KG-120,25.0,False
81881-4KG-130,20.0,False
81881-4KG-140,40.0,False
81881-4KG-150,20.0,False
81881-4KG-85,50.0,False
81881-4KG-90,40.0,False
81881-4LK-100,30.0,False
81881-4LK-110,25.0,False
81881-4LK-120,25.0,False
81881-4LK-130,20.0,False
81881-4LK-140,20.0,False
81881-4LK-150,20.0,False
81881-4LK-85,85.0,False
81881-4LK-90,40.0,False
81881-4MJ-100,30.0,False
81881-4MJ-110,25.0,False
81881-4MJ-120,25.0,False
81881-4MJ-130,20.0,False
81881-4MJ-140,20.0,False
81881-4MJ-150,20.0,False
81881-4MJ-85,50.0,False
81881-4MJ-90,40.0,False
81882-27T-100,113.0,False
81882-27T-110,84.0,False
81882-27T-120,78.0,False
81882-27T-130,70.0,False
81882-27T-140,70.0,False
81882-27T-150,55.0,False
81882-27T-85,109.0,False
81882-27T-90,99.0,False
81883-3ZK-100,50.0,False
81883-3ZK-110,40.0,False
81883-3ZK-120,40.0,False
81883-3ZK-130,30.0,False
81883-3ZK-140,30.0,False
81883-3ZK-150,30.0,False
81884-4KH-50,19.0,False
81884-4KH-60,69.0,False
81884-4KH-70,100.0,False
81884-4KH-75,90.0,False
81884-4KH-80,85.0,False
81884-4KH-85,80.0,False
81884-4KH-90,70.0,False
81884-4NE-50,17.0,False
81884-4NE-60,63.0,False
81884-4NE-70,90.0,False
81884-4NE-75,80.0,False
81884-4NE-80,75.0,False
81884-4NE-85,80.0,False
81884-4NE-90,79.0,False
81886-2MQ-60,38.0,False
81891-1WW-50,17.0,False
81891-1WW-60,27.0,False
81891-1WW-70,26.0,False
81891-1WW-75,55.0,False
81891-1WW-80,34.0,False
81891-1WW-85,29.0,False
81891-1WW-90,17.0,False
81891-21R-50,13.0,False
81891-21R-60,42.0,False
81891-21R-70,70.0,False
81891-21R-75,85.0,False
81891-21R-80,63.0,False
81891-21R-85,67.0,False
81891-21R-90,10.0,False
81891-2EH-50,20.0,False
81891-2EH-60,11.0,False
81891-2EH-70,35.0,False
81891-2EH-75,31.0,False
81891-2EH-80,82.0,False
81891-2EH-85,6.0,False
81891-2UD-50,30.0,False
81891-2UD-60,78.0,False
81891-2UD-70,100.0,False
81891-2UD-75,100.0,False
81891-2UD-80,100.0,False
81891-2UD-85,59.0,False
81891-2UD-90,23.0,False
81891-2UE-50,15.0,False
81891-2UE-60,32.0,False
81891-2UE-70,61.0,False
81891-2UE-75,56.0,False
81891-2UE-80,41.0,False
81891-2UE-85,22.0,False
81891-2UE-90,16.0,False
81891-2UG-50,28.0,False
81891-2UG-60,61.0,False
81891-2UG-70,100.0,False
81891-2UG-75,100.0,False
81891-2UG-80,100.0,False
81891-2UG-85,49.0,False
81891-2UG-90,31.0,False
81891-2VV-50,14.0,False
81891-2VV-60,26.0,False
81891-2VV-70,46.0,False
81891-2VV-75,59.0,False
81891-2VV-80,30.0,False
81891-2VV-85,26.0,False
81891-2VV-90,10.0,False
81892-2CL-50,24.0,False
81892-2CL-60,74.0,False
81892-2CL-70,80.0,False
81892-2CL-75,75.0,False
81892-2CL-80,65.0,False
81892-2CL-85,57.0,False
81892-2CL-90,30.0,False
81892-2JE-50,27.0,False
81892-2JE-60,81.0,False
81892-2JE-70,80.0,False
81892-2JE-75,80.0,False
81892-2JE-80,70.0,False
81892-2JE-85,65.0,False
81892-2JE-90,27.0,False
81892-2KB-50,21.0,False
81892-2KB-60,67.0,False
81892-2KB-70,80.0,False
81892-2KB-80,80.0,False
81892-2KB-85,53.0,False
81892-2KB-90,23.0,False
81928-015-100,130.0,False
81928-015-110,120.0,False
81928-015-120,110.0,False
81928-015-130,100.0,False
81928-015-140,90.0,False
81928-015-150,80.0,False
81928-015-85,84.0,False
81928-015-90,137.0,False
81928-2KC-100,130.0,False
81928-2KC-110,120.0,False
81928-2KC-120,110.0,False
81928-2KC-130,100.0,False
81928-2KC-140,90.0,False
81928-2KC-150,80.0,False
81928-2KC-85,85.0,False
81928-2KC-90,138.0,False
81928-32H-100,105.0,False
81928-32H-110,120.0,False
81928-32H-120,110.0,False
81928-32H-130,101.0,False
81928-32H-140,90.0,False
81928-32H-150,80.0,False
81928-32H-85,41.0,False
81928-32H-90,62.0,False
81928-5DR-130,100.0,False
81928-5DR-140,90.0,False
81928-5DR-85,40.0,False
81939-015-100,100.0,False
81939-015-110,70.0,False
81939-015-120,70.0,False
81939-015-130,70.0,False
81939-015-140,60.0,False
81939-015-150,60.0,False
81939-015-85,100.0,False
81939-015-90,100.0,False
81939-3KT-100,100.0,False
81939-3KT-110,70.0,False
81939-3KT-120,70.0,False
81939-3KT-130,70.0,False
81939-3KT-140,60.0,False
81939-3KT-150,60.0,False
81939-3KT-85,100.0,False
81939-3KT-90,100.0,False
81939-3KW-100,90.0,False
81939-3KW-110,70.0,False
81939-3KW-120,70.0,False
81939-3KW-130,65.0,False
81939-3KW-140,55.0,False
81939-3KW-150,60.0,False
81939-3KW-85,80.0,False
81939-3KW-90,103.0,False
81939-SR4-100,90.0,False
81939-SR4-110,70.0,False
81939-SR4-120,70.0,False
81939-SR4-130,70.0,False
81939-SR4-140,60.0,False
81939-SR4-150,62.0,False
81939-SR4-85,100.0,False
81939-SR4-90,100.0,False
81946-3SJ-50,35.0,False
81946-3SJ-60,116.0,False
81946-3SJ-70,110.0,False
81946-3SJ-75,110.0,False
81946-3SJ-80,100.0,False
81946-3SJ-85,90.0,False
81946-3SJ-90,88.0,False
81946-4LT-50,31.0,False
81946-4LT-60,115.0,False
81946-4LT-70,117.0,False
81946-4LT-75,120.0,False
81946-4LT-80,107.0,False
81946-4LT-85,90.0,False
81946-4LT-90,80.0,False
81951-4MF-100,32.0,False
81951-4MF-110,30.0,False
81951-4MF-120,26.0,False
81951-4MF-130,23.0,False
81951-4MF-140,20.0,False
81951-4MF-150,19.0,False
81951-4MF-85,36.0,False
81951-4MF-90,36.0,False
81951-4NG-100,32.0,False
81951-4NG-110,30.0,False
81951-4NG-120,27.0,False
81951-4NG-130,24.0,False
81951-4NG-140,22.0,False
81951-4NG-150,20.0,False
81951-4NG-85,25.0,False
81951-4NG-90,34.0,False
81951-4NL-100,32.0,False
81951-4NL-110,30.0,False
81951-4NL-120,26.0,False
81951-4NL-130,23.0,False
81951-4NL-140,21.0,False
81951-4NL-150,18.0,False
81951-4NL-85,36.0,False
81951-4NL-90,36.0,False
81969-1RR-50,60.0,False
81969-1RR-60,55.0,False
81969-1RR-70,50.0,False
81969-1RR-NB,64.0,False
81969-461-50,43.0,False
81969-461-60,40.0,False
81969-461-70,40.0,False
81969-461-NB,50.0,False
81969-EF5-50,43.0,False
81969-EF5-60,40.0,False
81969-EF5-70,40.0,False
81969-EF5-NB,50.0,False
81970-461-50,35.0,False
81970-461-70,30.0,False
81970-461-NB,35.0,False
81970-EF5-50,35.0,False
81970-EF5-60,35.0,False
81970-EF5-70,30.0,False
81970-EF5-NB,35.0,False
81984-1DA-50,85.0,False
81984-1DA-60,85.0,False
81984-1DA-70,80.0,False
81984-1DA-75,80.0,False
81984-1DA-80,75.0,False
81984-1DA-85,70.0,False
81984-1DA-90,65.0,False
81984-2MO-50,85.0,False
81984-2MO-60,85.0,False
81984-2MO-70,80.0,False
81984-2MO-75,80.0,False
81984-2MO-80,75.0,False
81984-2MO-85,70.0,False
81984-2MO-90,65.0,False
81984-2MW-50,85.0,False
81984-2MW-60,85.0,False
81984-2MW-70,80.0,False
81984-2MW-75,80.0,False
81984-2MW-80,75.0,False
81984-2MW-85,70.0,False
81984-2MW-90,65.0,False
81984-2NA-50,85.0,False
81984-2NA-60,85.0,False
81984-2NA-70,80.0,False
81984-2NA-75,80.0,False
81984-2NA-80,75.0,False
81984-2NA-85,72.0,False
81984-2NA-90,65.0,False
81984-2ND-50,85.0,False
81984-2ND-60,85.0,False
81984-2ND-70,80.0,False
81984-2ND-75,80.0,False
81984-2ND-80,75.0,False
81984-2ND-85,70.0,False
81984-2ND-90,65.0,False
81984-2NL-50,85.0,False
81984-2NL-60,85.0,False
81984-2NL-70,80.0,False
81984-2NL-75,80.0,False
81984-2NL-80,77.0,False
81984-2NL-85,70.0,False
81984-2NL-90,65.0,False
82008-3NY-150,40.0,False
82008-3NY-160,39.0,False
82008-3SL-100,60.0,False
82008-3SL-110,60.0,False
82008-3SL-120,50.0,False
82008-3SL-130,50.0,False
82008-3SL-140,40.0,False
82008-3SL-150,40.0,False
82008-3SL-160,30.0,False
82008-3SL-85,90.0,False
82008-3SL-90,70.0,False
82008-4KA-100,38.0,False
82008-4KA-110,30.0,False
82008-4KA-120,27.0,False
82008-4KA-130,24.0,False
82008-4KA-140,21.0,False
82008-4KA-150,18.0,False
82008-4KA-160,19.0,False
82008-4KA-85,36.0,False
82008-4KA-90,36.0,False
82008-4KG-130,65.0,False
82008-4KG-140,55.0,False
82008-4KG-150,41.0,False
82008-4KG-160,30.0,False
82008-4KH-100,60.0,False
82008-4KH-110,60.0,False
82008-4KH-120,59.0,False
82008-4KH-130,50.0,False
82008-4KH-140,40.0,False
82008-4KH-150,40.0,False
82008-4KH-160,30.0,False
82008-4KH-85,90.0,False
82008-4KH-90,70.0,False
82008-4KJ-140,21.0,False
82008-4KJ-150,19.0,False
82008-4KJ-160,18.0,False
82008-4KO-160,20.0,False
82008-4KQ-100,93.0,False
82008-4KQ-110,85.0,False
82008-4KQ-120,70.0,False
82008-4KQ-130,51.0,False
82008-4KQ-140,52.0,False
82008-4KQ-150,38.0,False
82008-4KQ-160,27.0,False
82008-4KQ-85,100.0,False
82008-4KQ-90,100.0,False
82008-4KW-140,21.0,False
82008-4KW-150,18.0,False
82008-4KW-160,18.0,False
82008-4KX-140,21.0,False
82008-4KX-150,18.0,False
82008-4KX-160,18.0,False
82008-4LG-100,90.0,False
82008-4LG-110,75.0,False
82008-4LG-160,37.0,False
82008-4LG-85,83.0,False
82008-4LG-90,99.0,False
82008-4LN-100,67.0,False
82008-4LN-110,60.0,False
82008-4LN-120,50.0,False
82008-4LN-130,50.0,False
82008-4LN-140,40.0,False
82008-4LN-150,40.0,False
82008-4LN-160,30.0,False
82008-4LN-85,90.0,False
82008-4LN-90,70.0,False
82008-4LO-160,30.0,False
82008-4MF-140,21.0,False
82008-4MF-160,18.0,False
82008-4MK-110,80.0,False
82008-4MK-120,70.0,False
82008-4MK-130,60.0,False
82008-4MK-140,60.0,False
82008-4MK-150,45.0,False
82008-4MK-160,40.0,False
82008-4N4-150,18.0,False
82008-4N4-160,20.0,False
82008-4NL-100,70.0,False
82008-4NL-110,60.0,False
82008-4NL-120,55.0,False
82008-4NL-130,50.0,False
82008-4NL-140,38.0,False
82008-4NL-150,40.0,False
82008-4NL-160,35.0,False
82008-4NL-85,76.0,False
82008-4NL-90,70.0,False
82008-4OB-130,24.0,False
82008-4OB-140,22.0,False
82008-4OB-150,18.0,False
82008-4OB-160,18.0,False
82008-4OB-85,36.0,False
82008-4OB-90,36.0,False
82008-4PD-140,40.0,False
82008-4PD-150,40.0,False
82008-4PD-160,30.0,False
82008-4PD-85,90.0,False
82008-4PY-100,80.0,False
82008-4PY-110,73.0,False
82008-4PY-120,70.0,False
82008-4PY-130,68.0,False
82008-4PY-140,52.0,False
82008-4PY-150,38.0,False
82008-4PY-160,40.0,False
82008-4PY-85,100.0,False
82008-4PY-90,99.0,False
82014-1SQ-100,60.0,False
82014-1SQ-110,50.0,False
82014-1SQ-120,50.0,False
82014-1SQ-130,40.0,False
82014-1SQ-140,41.0,False
82014-1SQ-150,35.0,False
82014-1SQ-85,62.0,False
82014-1SQ-90,60.0,False
82014-SR4-100,60.0,False
82014-SR4-110,50.0,False
82014-SR4-120,50.0,False
82014-SR4-130,40.0,False
82014-SR4-140,41.0,False
82014-SR4-150,35.0,False
82014-SR4-85,62.0,False
82014-SR4-90,60.0,False
82021-3TT-140,90.0,False
82021-3TT-150,80.0,False
82021-3TT-85,107.0,False
82021-3TU-85,61.0,False
82021-4LM-100,140.0,False
82021-4LM-110,120.0,False
82021-4LM-140,90.0,False
82021-4LM-150,84.0,False
82021-4LM-85,55.0,False
82021-4LM-90,133.0,False
82021-4OU-100,140.0,False
82021-4OU-110,120.0,False
82021-4OU-120,110.0,False
82021-4OU-130,100.0,False
82021-4OU-140,90.0,False
82021-4OU-150,80.0,False
82021-4OU-85,98.0,False
82021-4OU-90,150.0,False
82022-3TT-100,90.0,False
82022-3TT-110,80.0,False
82022-3TT-120,70.0,False
82022-3TT-130,60.0,False
82022-3TT-140,50.0,False
82022-3TT-150,50.0,False
82022-3TT-85,120.0,False
82022-3TT-90,100.0,False
82022-3TU-100,90.0,False
82022-3TU-110,80.0,False
82022-3TU-120,70.0,False
82022-3TU-130,60.0,False
82022-3TU-140,50.0,False
82022-3TU-150,50.0,False
82022-3TU-85,46.0,False
82022-3TU-90,100.0,False
82022-4LM-100,90.0,False
82022-4LM-110,80.0,False
82022-4LM-120,70.0,False
82022-4LM-130,60.0,False
82022-4LM-140,50.0,False
82022-4LM-150,50.0,False
82022-4LM-85,44.0,False
82022-4LM-90,109.0,False
82022-4OU-100,90.0,False
82022-4OU-110,80.0,False
82022-4OU-120,70.0,False
82022-4OU-130,60.0,False
82022-4OU-140,51.0,False
82022-4OU-150,50.0,False
82022-4OU-85,93.0,False
82022-4OU-90,100.0,False
82023-21I-110,31.0,False
82023-21I-130,24.0,False
82023-21I-140,21.0,False
82023-21I-150,18.0,False
82023-21I-160,18.0,False
82025-2Y2-XS,16.0,False
82025-2Y2-XXL,15.0,False
82029-2BR-50,140.0,False
82029-2BR-60,120.0,False
82029-2BR-70,145.0,False
82029-2BR-75,135.0,False
82029-2BR-80,125.0,False
82029-2BR-85,80.0,False
82029-2BR-90,50.0,False
82029-2BR-NB,49.0,False
82029-2QB-50,140.0,False
82029-2QB-60,125.0,False
82029-2QB-70,145.0,False
82029-2QB-75,135.0,False
82029-2QB-80,125.0,False
82029-2QB-85,100.0,False
82029-2QB-90,57.0,False
82029-2QB-NB,56.0,False
82029-2ST-50,46.0,False
82029-2ST-60,35.0,False
82029-2ST-70,18.0,False
82029-2SV-50,15.0,False
82029-2SV-60,34.0,False
82029-2SV-70,7.0,False
82029-2SW-50,140.0,False
82029-2SW-60,125.0,False
82029-2SW-70,145.0,False
82029-2SW-75,135.0,False
82029-2SW-80,125.0,False
82029-2SW-85,40.0,False
82029-2SW-90,50.0,False
82029-2SW-NB,27.0,False
82029-2TB-50,60.0,False
82029-2TB-60,41.0,False
82029-2TB-70,16.0,False
82029-2WW-50,80.0,False
82029-2WW-60,48.0,False
82029-2WW-70,13.0,False
82029-2WX-50,140.0,False
82029-2WX-60,120.0,False
82029-2WX-70,145.0,False
82029-2WX-75,135.0,False
82029-2WX-80,125.0,False
82029-2WX-85,77.0,False
82029-2WX-90,49.0,False
82029-2WX-NB,47.0,False
82036-IVJ-50,22.0,False
82036-IVJ-70,20.0,False
82036-IVJ-NB,23.0,False
82042-2V2-110,86.0,False
82042-2V2-120,75.0,False
82042-2V2-130,74.0,False
82042-2V2-140,64.0,False
82042-2V2-150,60.0,False
82042-2V2-160,54.0,False
82042-2V2-85,73.0,False
82042-2V2-90,102.0,False
82045-2UY-XS,50.0,False
82045-2UY-XXS,56.0,False
82046-2UY-L,37.0,False
82046-2UY-M,45.0,False
82046-2UY-S,40.0,False
82046-2UY-XL,41.0,False
82046-2UY-XS,40.0,False
82046-2UY-XXL,38.0,False
82046-2UY-XXS,30.0,False
82048-2EL-100,87.0,False
82048-2EL-110,77.0,False
82048-2EL-150,50.0,False
82048-2EL-160,45.0,False
82048-2EL-85,58.0,False
82048-2EL-90,82.0,False
82049-2VA-L,28.0,False
82049-2VA-M,28.0,False
82049-2VA-S,30.0,False
82049-2VA-XL,24.0,False
82049-2VA-XS,30.0,False
82050-2VA-L,27.0,False
82050-2VA-M,27.0,False
82050-2VA-S,30.0,False
82050-2VA-XL,27.0,False
82050-2VA-XS,30.0,False
82050-2VA-XXL,27.0,False
82051-2JG-100,33.0,False
82051-2JG-110,30.0,False
82051-2JG-120,30.0,False
82051-2JG-130,28.0,False
82051-2JG-140,28.0,False
82051-2JG-150,25.0,False
82051-2JG-85,32.0,False
82051-2JG-90,31.0,False
82052-2VA-L,28.0,False
82052-2VA-XL,24.0,False
82052-2VA-XS,30.0,False
82052-2VA-XXL,25.0,False
82053-2VA-XXL,21.0,False
82054-2VA-100,38.0,False
82054-2VA-120,29.0,False
82054-2VA-130,27.0,False
82054-2VA-140,22.0,False
82054-2VA-150,18.0,False
82054-2VA-160,20.0,False
82054-2VA-75,10.0,False
82054-2VA-80,18.0,False
82054-2VA-85,36.0,False
82054-2VA-90,39.0,False
82059-2VN-100,40.0,False
82059-2VN-110,35.0,False
82059-2VN-120,35.0,False
82059-2VN-130,30.0,False
82059-2VN-140,25.0,False
82059-2VN-150,25.0,False
82059-2VN-85,34.0,False
82059-2VN-90,36.0,False
82062-2VM-50,78.0,False
82062-2VM-60,40.0,False
82062-2VM-70,130.0,False
82062-2VM-75,111.0,False
82062-2VM-80,93.0,False
82062-2VM-85,46.0,False
82062-2VM-90,63.0,False
82064-2VM-160,19.0,False
82065-045-L,28.0,False
82065-045-XL,27.0,False
82065-045-XS,30.0,False
82065-045-XXL,20.0,False
82066-045-L,30.0,False
82066-045-XL,24.0,False
82066-045-XS,30.0,False
82066-045-XXL,20.0,False
82068-045-L,35.0,False
82068-045-M,46.0,False
82068-045-S,40.0,False
82068-045-XL,35.0,False
82068-045-XXL,35.0,False
82068-045-XXS,27.0,False
82069-2VM-L,65.0,False
82069-2VM-M,70.0,False
82069-2VM-S,71.0,False
82069-2VM-XL,46.0,False
82069-2VM-XS,87.0,False
82069-2VM-XXL,45.0,False
82070-022-L,35.0,False
82070-022-S,40.0,False
82070-022-XL,35.0,False
82070-022-XS,44.0,False
82070-022-XXL,41.0,False
82070-022-XXS,21.0,False
82070-3VS-L,40.0,False
82070-3VS-M,50.0,False
82070-3VS-S,45.0,False
82070-3VS-XL,42.0,False
82070-3VS-XS,13.0,False
82070-3VS-XXS,11.0,False
82070-3VT-L,40.0,False
82070-3VT-M,45.0,False
82070-3VT-XS,14.0,False
82081-022-50,45.0,False
82081-022-60,72.0,False
82081-022-70,116.0,False
82081-022-75,138.0,False
82081-022-80,144.0,False
82081-022-85,79.0,False
82081-022-90,65.0,False
82083-FX7-50,160.0,False
82083-FX7-60,150.0,False
82083-FX7-70,140.0,False
82083-FX7-75,130.0,False
82083-FX7-80,120.0,False
82083-FX7-85,110.0,False
82083-FX7-90,100.0,False
82085-2WB-100,62.0,False
82085-2WB-110,50.0,False
82085-2WB-120,50.0,False
82085-2WB-130,40.0,False
82085-2WB-140,42.0,False
82085-2WB-150,31.0,False
82085-2WB-85,61.0,False
82085-2WB-90,60.0,False
82089-537-100,90.0,False
82089-537-110,70.0,False
82089-537-120,65.0,False
82089-537-130,60.0,False
82089-537-140,52.0,False
82089-537-150,50.0,False
82089-537-85,80.0,False
82089-537-90,113.0,False
82090-2VC-L,130.0,False
82090-2VC-M,150.0,False
82090-2VC-S,176.0,False
82090-2VC-XL,94.0,False
82090-2VC-XS,54.0,False
82092-2UM-100,72.0,False
82092-2UM-110,72.0,False
82092-2UM-120,69.0,False
82092-2UM-130,53.0,False
82092-2UM-140,35.0,False
82092-2UM-150,40.0,False
82092-2UM-85,105.0,False
82092-2UM-90,87.0,False
82093-2UK-L,42.0,False
82093-2UK-M,50.0,False
82093-2UK-XL,40.0,False
82093-2UK-XS,50.0,False
82093-2UK-XXL,44.0,False
82093-2UK-XXS,56.0,False
82094-2UK-L,35.0,False
82094-2UK-M,40.0,False
82094-2UK-S,40.0,False
82094-2UK-XL,35.0,False
82094-2UK-XS,40.0,False
82094-2UK-XXL,35.0,False
82094-2UK-XXS,38.0,False
82095-2UK-100,70.0,False
82095-2UK-110,60.0,False
82095-2UK-120,55.0,False
82095-2UK-130,56.0,False
82095-2UK-140,45.0,False
82095-2UK-150,35.0,False
82095-2UK-160,35.0,False
82095-2UK-85,82.0,False
82095-2UK-90,80.0,False
82097-539-L,37.0,False
82097-539-M,46.0,False
82097-539-S,40.0,False
82097-539-XL,35.0,False
82097-539-XS,40.0,False
82097-539-XXL,35.0,False
82097-539-XXS,24.0,False
82098-2UV-100,64.0,False
82098-2UV-110,60.0,False
82098-2UV-120,53.0,False
82098-2UV-130,52.0,False
82098-2UV-140,45.0,False
82098-2UV-150,39.0,False
82098-2UV-85,70.0,False
82098-2UV-90,76.0,False
82099-2UW-100,60.0,False
82099-2UW-110,55.0,False
82099-2UW-120,48.0,False
82099-2UW-130,43.0,False
82099-2UW-140,45.0,False
82099-2UW-150,23.0,False
82099-2UW-85,72.0,False
82099-2UW-90,65.0,False
82100-2UU-130,45.0,False
82100-2UU-140,39.0,False
82100-2UU-150,20.0,False
82100-2UU-85,41.0,False
82101-2UT-140,44.0,False
82101-2UT-150,39.0,False
82102-2US-140,40.0,False
82102-2US-150,32.0,False
82102-2US-85,61.0,False
82102-2US-90,64.0,False
82103-2WY-XS,50.0,False
82103-2WY-XXL,40.0,False
82103-2WY-XXS,50.0,False
82104-2WY-L,35.0,False
82104-2WY-XL,35.0,False
82104-2WY-XS,44.0,False
82104-2WY-XXL,35.0,False
82104-2WY-XXS,42.0,False
82105-2UO-XS,28.0,False
82106-2UO-L,31.0,False
82106-2UO-M,28.0,False
82106-2UO-S,30.0,False
82106-2UO-XL,24.0,False
82106-2UO-XS,30.0,False
82106-2UO-XXL,20.0,False
82107-2UO-XL,24.0,False
82107-2UO-XS,30.0,False
82107-2UO-XXL,23.0,False
82108-2UO-L,31.0,False
82108-2UO-XL,25.0,False
82108-2UO-XS,30.0,False
82108-2UO-XXL,22.0,False
82109-2UO-100,38.0,False
82112-2UP-100,66.0,False
82112-2UP-110,59.0,False
82112-2UP-120,68.0,False
82112-2UP-130,60.0,False
82112-2UP-140,68.0,False
82112-2UP-150,51.0,False
82112-2UP-160,46.0,False
82112-2UP-85,61.0,False
82112-2UP-90,93.0,False
82112-2UQ-100,92.0,False
82112-2UQ-110,68.0,False
82112-2UQ-120,64.0,False
82112-2UQ-130,60.0,False
82112-2UQ-140,60.0,False
82112-2UQ-150,46.0,False
82112-2UQ-160,43.0,False
82112-2UQ-85,46.0,False
82112-2UQ-90,85.0,False
82114-2VR-M,59.0,False
82114-2VR-XS,50.0,False
82114-2VR-XXS,50.0,False
82115-2VR-M,55.0,False
82115-2VR-S,50.0,False
82115-2VR-XL,40.0,False
82115-2VR-XS,36.0,False
82115-2VR-XXL,40.0,False
82115-2VR-XXS,24.0,False
82120-2VR-100,36.0,False
82120-2VR-110,30.0,False
82120-2VR-120,27.0,False
82120-2VR-130,26.0,False
82120-2VR-140,23.0,False
82120-2VR-150,18.0,False
82120-2VR-160,18.0,False
82120-2VR-85,36.0,False
82120-2VR-90,36.0,False
82123-2VS-100,36.0,False
82123-2VS-110,30.0,False
82123-2VS-120,27.0,False
82123-2VS-130,24.0,False
82123-2VS-140,21.0,False
82123-2VS-150,18.0,False
82123-2VS-160,18.0,False
82123-2VS-85,36.0,False
82123-2VS-90,36.0,False
82125-2VL-150,13.0,False
82125-2VL-85,16.0,False
82125-2VL-90,60.0,False
82127-2VJ-85,8.0,False
82128-2VC-100,70.0,False
82128-2VC-110,60.0,False
82128-2VC-120,57.0,False
82128-2VC-130,52.0,False
82128-2VC-140,47.0,False
82128-2VC-150,40.0,False
82128-2VC-160,35.0,False
82128-2VC-85,80.0,False
82128-2VC-90,80.0,False
82129-2VC-50,130.0,False
82129-2VC-60,120.0,False
82129-2VC-70,120.0,False
82129-2VC-75,110.0,False
82129-2VC-80,100.0,False
82129-2VC-85,93.0,False
82129-2VC-90,90.0,False
82132-2VH-100,46.0,False
82132-2VH-110,40.0,False
82132-2VH-120,40.0,False
82132-2VH-130,35.0,False
82132-2VH-140,30.0,False
82132-2VH-150,30.0,False
82132-2VH-85,3.0,False
82132-2VH-90,18.0,False
82133-2UO-100,48.0,False
82133-2UO-110,61.0,False
82133-2UO-120,62.0,False
82133-2UO-130,66.0,False
82133-2UO-140,61.0,False
82133-2UO-150,50.0,False
82133-2UO-85,11.0,False
82133-2UO-90,33.0,False
82136-2WJ-100,102.0,False
82136-2WJ-110,77.0,False
82136-2WJ-120,70.0,False
82136-2WJ-130,60.0,False
82136-2WJ-140,64.0,False
82136-2WJ-150,37.0,False
82137-537-50,120.0,False
82137-537-60,120.0,False
82137-537-70,100.0,False
82137-537-75,100.0,False
82137-537-80,101.0,False
82137-537-85,90.0,False
82137-537-90,90.0,False
82143-2WN-85,13.0,False
82146-2WL-XXL,7.0,False
82146-2WM-XXL,6.0,False
82146-2WN-XXL,10.0,False
82146-2WO-XXL,7.0,False
82149-2VN-L,18.0,False
82149-2VN-M,18.0,False
82149-2VN-S,21.0,False
82149-2VN-XL,15.0,False
82149-2VN-XS,20.0,False
82149-2VN-XXL,15.0,False
82150-2UO-L,40.0,False
82150-2UO-M,40.0,False
82150-2UO-S,40.0,False
82150-2UO-XL,35.0,False
82150-2UO-XS,22.0,False
82150-2UO-XXL,30.0,False
82155-2VR-100,50.0,False
82155-2VR-110,40.0,False
82155-2VR-120,40.0,False
82155-2VR-130,40.0,False
82155-2VR-140,30.0,False
82155-2VR-150,30.0,False
82155-2VR-160,30.0,False
82155-2VR-85,50.0,False
82155-2VR-90,50.0,False
82157-2UY-100,50.0,False
82157-2UY-110,45.0,False
82157-2UY-120,40.0,False
82157-2UY-130,43.0,False
82157-2UY-140,35.0,False
82157-2UY-150,31.0,False
82157-2UY-160,30.0,False
82157-2UY-85,42.0,False
82157-2UY-90,50.0,False
82158-2VA-100,50.0,False
82158-2VA-110,40.0,False
82158-2VA-120,45.0,False
82158-2VA-130,40.0,False
82158-2VA-140,35.0,False
82158-2VA-150,35.0,False
82158-2VA-160,37.0,False
82158-2VA-90,50.0,False
82159-2WY-100,50.0,False
82159-2WY-110,40.0,False
82159-2WY-120,40.0,False
82159-2WY-130,40.0,False
82159-2WY-140,30.0,False
82159-2WY-150,30.0,False
82159-2WY-160,30.0,False
82159-2WY-85,50.0,False
82159-2WY-90,55.0,False
82173-2GL-100,22.0,False
82173-2GL-110,21.0,False
82173-2GL-120,15.0,False
82173-2GL-130,13.0,False
82173-2GL-140,14.0,False
82173-2GL-150,14.0,False
82173-2GL-85,17.0,False
82173-2GL-90,25.0,False
82175-2EL-100,70.0,False
82175-2EL-110,70.0,False
82175-2EL-120,55.0,False
82175-2EL-130,48.0,False
82175-2EL-140,37.0,False
82175-2EL-150,19.0,False
82175-2EL-85,24.0,False
82175-2EL-90,51.0,False
82177-2GZ-100,62.0,False
82177-2GZ-110,76.0,False
82177-2GZ-120,60.0,False
82177-2GZ-130,47.0,False
82177-2GZ-140,27.0,False
82177-2GZ-150,15.0,False
82177-2GZ-85,20.0,False
82177-2GZ-90,40.0,False
82177-2ZO-100,67.0,False
82177-2ZO-110,71.0,False
82177-2ZO-120,82.0,False
82177-2ZO-130,54.0,False
82177-2ZO-140,37.0,False
82177-2ZO-150,21.0,False
82177-2ZO-85,16.0,False
82177-2ZO-90,34.0,False
82179-015-100,40.0,False
82179-015-110,40.0,False
82179-015-120,35.0,False
82179-015-130,35.0,False
82179-015-140,30.0,False
82179-015-150,31.0,False
82179-015-85,41.0,False
82179-015-90,52.0,False
82179-2EN-100,41.0,False
82179-2EN-110,40.0,False
82179-2EN-120,35.0,False
82179-2EN-130,35.0,False
82179-2EN-140,30.0,False
82179-2EN-150,30.0,False
82179-2EN-85,50.0,False
82179-2EN-90,50.0,False
82179-2EQ-100,40.0,False
82179-2EQ-110,43.0,False
82179-2EQ-120,35.0,False
82179-2EQ-130,35.0,False
82179-2EQ-140,30.0,False
82179-2EQ-150,30.0,False
82179-2EQ-85,50.0,False
82179-2EQ-90,50.0,False
82179-3KH-100,45.0,False
82179-3KH-110,45.0,False
82179-3KH-120,40.0,False
82179-3KH-130,40.0,False
82179-3KH-140,30.0,False
82179-3KH-150,30.0,False
82179-3KH-90,50.0,False
82182-1GF-100,100.0,False
82182-1GF-110,90.0,False
82182-1GF-120,80.0,False
82182-1GF-130,70.0,False
82182-1GF-140,60.0,False
82182-1GF-150,50.0,False
82182-1GF-85,120.0,False
82182-1GF-90,110.0,False
82182-2EL-100,100.0,False
82182-2EL-110,90.0,False
82182-2EL-120,80.0,False
82182-2EL-130,70.0,False
82182-2EL-140,60.0,False
82182-2EL-150,50.0,False
82182-2EL-85,118.0,False
82182-2EL-90,110.0,False
82182-2EN-100,100.0,False
82182-2EN-110,90.0,False
82182-2EN-120,80.0,False
82182-2EN-130,70.0,False
82182-2EN-140,60.0,False
82182-2EN-150,50.0,False
82182-2EN-85,118.0,False
82182-2EN-90,110.0,False
82182-2ES-100,100.0,False
82182-2ES-120,80.0,False
82182-2ES-130,70.0,False
82182-2ES-140,60.0,False
82182-2ES-150,50.0,False
82182-2ES-85,120.0,False
82182-2ES-90,110.0,False
82182-VH3-100,100.0,False
82182-VH3-110,90.0,False
82182-VH3-120,80.0,False
82182-VH3-130,70.0,False
82182-VH3-140,60.0,False
82182-VH3-150,50.0,False
82182-VH3-85,39.0,False
82182-VH3-90,102.0,False
82183-1SP-100,27.0,False
82183-1SP-110,24.0,False
82183-1SP-120,26.0,False
82183-1SP-130,21.0,False
82183-1SP-140,18.0,False
82183-1SP-150,18.0,False
82183-1SP-85,28.0,False
82183-1SP-90,30.0,False
82183-2IF-100,27.0,False
82183-2IF-110,24.0,False
82183-2IF-120,24.0,False
82183-2IF-130,21.0,False
82183-2IF-140,18.0,False
82183-2IF-150,19.0,False
82183-2IF-85,30.0,False
82183-2IF-90,30.0,False
82183-SR4-100,27.0,False
82183-SR4-110,24.0,False
82183-SR4-120,24.0,False
82183-SR4-130,21.0,False
82183-SR4-140,18.0,False
82183-SR4-150,18.0,False
82183-SR4-85,30.0,False
82183-SR4-90,30.0,False
82184-015-120,70.0,False
82184-015-130,65.0,False
82184-015-140,65.0,False
82184-015-150,60.0,False
82184-2HQ-100,90.0,False
82184-2HQ-110,85.0,False
82184-2HQ-140,60.0,False
82184-2HQ-150,55.0,False
82184-2HQ-85,111.0,False
82184-2HQ-90,100.0,False
82184-2HT-100,97.0,False
82184-2HT-110,85.0,False
82184-2HT-120,75.0,False
82184-2HT-140,60.0,False
82184-2HT-150,55.0,False
82184-2HT-85,87.0,False
82184-2HT-90,100.0,False
82184-2HU-100,90.0,False
82184-2HU-110,85.0,False
82184-2HU-120,75.0,False
82184-2HU-130,65.0,False
82184-2HU-140,60.0,False
82184-2HU-150,55.0,False
82184-2HU-85,70.0,False
82184-2HU-90,100.0,False
82184-3KH-110,70.0,False
82184-3KH-120,70.0,False
82184-3KH-130,65.0,False
82184-3KH-140,65.0,False
82184-3KH-150,60.0,False
82184-3UZ-120,70.0,False
82184-3UZ-130,65.0,False
82184-3UZ-140,65.0,False
82184-3UZ-150,60.0,False
82187-2C2-L,24.0,False
82187-2C2-M,24.0,False
82187-2C2-S,24.0,False
82187-2C2-XL,23.0,False
82187-2C2-XS,24.0,False
82187-2C2-XXL,22.0,False
82187-2CH-L,24.0,False
82187-2CH-M,24.0,False
82187-2CH-S,24.0,False
82187-2CH-XL,22.0,False
82187-2CH-XS,25.0,False
82187-2CH-XXL,22.0,False
82187-2CK-L,24.0,False
82187-2CK-M,24.0,False
82187-2CK-S,24.0,False
82187-2CK-XL,24.0,False
82187-2CK-XS,24.0,False
82187-2CK-XXL,20.0,False
82187-2HL-L,25.0,False
82187-2HL-M,24.0,False
82187-2HL-S,24.0,False
82187-2HL-XL,22.0,False
82187-2HL-XS,24.0,False
82187-2HL-XXL,22.0,False
82187-2HM-L,24.0,False
82187-2HM-M,24.0,False
82187-2HM-S,24.0,False
82187-2HM-XL,22.0,False
82187-2HM-XS,24.0,False
82187-2HM-XXL,22.0,False
82187-75Z-L,24.0,False
82187-75Z-S,24.0,False
82187-75Z-XL,22.0,False
82187-75Z-XS,24.0,False
82187-75Z-XXL,22.0,False
82187-QX6-L,24.0,False
82187-QX6-M,24.0,False
82187-QX6-S,24.0,False
82187-QX6-XL,22.0,False
82187-QX6-XS,24.0,False
82187-XU1-L,24.0,False
82187-XU1-M,24.0,False
82187-XU1-S,24.0,False
82187-XU1-XL,22.0,False
82187-XU1-XS,24.0,False
82187-XU1-XXL,22.0,False
82188-2EI-100,60.0,False
82188-2EI-110,60.0,False
82188-2EI-120,50.0,False
82188-2EI-130,55.0,False
82188-2EI-140,55.0,False
82188-2EI-150,50.0,False
82188-2EI-85,68.0,False
82188-2EI-90,60.0,False
82188-2GP-100,60.0,False
82188-2GP-110,60.0,False
82188-2GP-120,59.0,False
82188-2GP-130,50.0,False
82188-2GP-140,52.0,False
82188-2GP-150,28.0,False
82188-2GP-85,52.0,False
82188-2GP-90,63.0,False
82189-2EL-100,60.0,False
82189-2EL-140,50.0,False
82189-2EL-150,46.0,False
82189-2EL-85,60.0,False
82189-2EL-90,60.0,False
82194-2FI-100,60.0,False
82194-2FI-140,50.0,False
82194-2FI-150,45.0,False
82194-2FI-85,70.0,False
82194-2FI-90,70.0,False
82194-2GP-100,60.0,False
82194-2GP-110,60.0,False
82194-2GP-120,55.0,False
82194-2GP-130,55.0,False
82194-2GP-140,50.0,False
82194-2GP-150,45.0,False
82194-2GP-85,70.0,False
82194-2GP-90,70.0,False
82194-2HD-100,60.0,False
82194-2HD-110,60.0,False
82194-2HD-130,55.0,False
82194-2HD-140,50.0,False
82194-2HD-150,40.0,False
82194-2HD-85,70.0,False
82194-2HD-90,70.0,False
82194-59J-130,45.0,False
82194-59J-140,40.0,False
82194-59J-150,40.0,False
82195-2HK-100,80.0,False
82195-2HK-110,80.0,False
82195-2HK-120,70.0,False
82195-2HK-130,60.0,False
82195-2HK-140,43.0,False
82195-2HK-150,23.0,False
82195-2HK-85,65.0,False
82195-2HK-90,90.0,False
82195-2HM-100,80.0,False
82195-2HM-140,60.0,False
82195-2HM-150,55.0,False
82195-2HM-85,90.0,False
82195-2HM-90,90.0,False
82195-QX6-100,80.0,False
82195-QX6-110,80.0,False
82195-QX6-140,60.0,False
82195-QX6-150,55.0,False
82195-QX6-85,90.0,False
82195-QX6-90,90.0,False
82196-2GT-XXL,30.0,False
82196-2GU-L,40.0,False
82196-2GU-M,44.0,False
82196-2GU-S,45.0,False
82196-2GU-XL,35.0,False
82196-2GU-XS,45.0,False
82196-2GU-XXL,30.0,False
82199-2CI-50,140.0,False
82199-2CI-60,125.0,False
82199-2CI-70,145.0,False
82199-2CI-75,135.0,False
82199-2CI-80,126.0,False
82199-2CI-85,120.0,False
82199-2CI-90,87.0,False
82199-2CI-NB,103.0,False
82199-2FT-50,120.0,False
82199-2FT-60,121.0,False
82199-2FT-70,140.0,False
82199-2FT-75,140.0,False
82199-2FT-80,120.0,False
82199-2FT-85,110.0,False
82199-2FT-90,103.0,False
82199-2FT-NB,106.0,False
82199-2FX-50,140.0,False
82199-2FX-60,125.0,False
82199-2FX-70,145.0,False
82199-2FX-75,135.0,False
82199-2FX-80,125.0,False
82199-2FX-85,110.0,False
82199-2FX-90,80.0,False
82199-2FX-NB,69.0,False
82199-2FY-50,75.0,False
82199-2FY-60,96.0,False
82199-2FY-70,74.0,False
82199-2FY-75,101.0,False
82199-2FY-80,59.0,False
82199-2FY-85,42.0,False
82199-2FY-90,18.0,False
82199-2FY-NB,15.0,False
82199-2GH-50,120.0,False
82199-2GH-60,120.0,False
82199-2GH-70,150.0,False
82199-2GH-75,140.0,False
82199-2GH-80,115.0,False
82199-2GH-85,78.0,False
82199-2GH-90,59.0,False
82199-2GH-NB,43.0,False
82199-2GV-50,140.0,False
82199-2GV-60,125.0,False
82199-2GV-70,152.0,False
82199-2GV-75,140.0,False
82199-2GV-80,130.0,False
82199-2GV-85,104.0,False
82199-2GV-90,63.0,False
82199-2GV-NB,56.0,False
82199-2HM-50,122.0,False
82199-2HM-60,120.0,False
82199-2HM-70,140.0,False
82199-2HM-75,130.0,False
82199-2HM-80,100.0,False
82199-2HM-90,100.0,False
82199-2HM-NB,120.0,False
82199-2HO-50,140.0,False
82199-2HO-60,120.0,False
82199-2HO-70,140.0,False
82199-2HO-80,120.0,False
82199-2HO-90,91.0,False
82199-2HO-NB,87.0,False
82199-2HP-50,140.0,False
82199-2HP-60,125.0,False
82199-2HP-70,145.0,False
82199-2HP-75,140.0,False
82199-2HP-80,130.0,False
82199-2HP-85,120.0,False
82199-2HP-90,96.0,False
82199-2HP-NB,93.0,False
82199-2IH-70,140.0,False
82199-2IH-75,130.0,False
82199-2IH-80,120.0,False
82199-2IH-85,100.0,False
82199-2IH-90,73.0,False
82199-715-80,120.0,False
82199-715-90,100.0,False
82202-1BE-100,80.0,False
82202-1BE-110,70.0,False
82202-1BE-120,70.0,False
82202-1BE-130,54.0,False
82202-1BE-85,80.0,False
82202-1BE-90,80.0,False
82202-2C2-100,80.0,False
82202-2C2-110,70.0,False
82202-2C2-120,70.0,False
82202-2C2-130,62.0,False
82202-2C2-140,54.0,False
82202-2C2-85,80.0,False
82202-2C2-90,80.0,False
82202-2CF-100,80.0,False
82202-2CF-110,70.0,False
82202-2CF-130,54.0,False
82202-2CF-140,54.0,False
82202-2CF-90,80.0,False
82202-2CH-100,80.0,False
82202-2CH-110,70.0,False
82202-2CH-120,70.0,False
82202-2CH-130,54.0,False
82202-2CH-140,54.0,False
82202-2CH-85,80.0,False
82202-2CH-90,80.0,False
82202-2HC-100,80.0,False
82202-2HC-110,70.0,False
82202-2HC-120,70.0,False
82202-2HC-130,54.0,False
82202-2HC-140,54.0,False
82202-2HC-85,43.0,False
82202-2HC-90,71.0,False
82202-2HL-100,80.0,False
82202-2HL-110,70.0,False
82202-2HL-120,70.0,False
82202-2HL-130,54.0,False
82202-2HL-140,54.0,False
82202-2HL-85,33.0,False
82202-2HL-90,54.0,False
82202-2HM-100,80.0,False
82202-2HM-110,70.0,False
82202-2HM-120,73.0,False
82202-2HM-130,54.0,False
82202-2HM-140,54.0,False
82202-2HM-85,81.0,False
82202-2HM-90,80.0,False
82202-715-100,80.0,False
82202-715-110,70.0,False
82202-715-120,70.0,False
82202-715-130,54.0,False
82202-715-140,54.0,False
82202-715-85,80.0,False
82202-715-90,82.0,False
82202-75Z-110,70.0,False
82202-75Z-130,54.0,False
82202-75Z-140,54.0,False
82202-75Z-85,80.0,False
82202-75Z-90,80.0,False
82202-QX6-100,80.0,False
82202-QX6-120,73.0,False
82202-QX6-130,54.0,False
82202-QX6-140,54.0,False
82202-QX6-85,81.0,False
82202-QX6-90,80.0,False
82202-XU1-100,80.0,False
82202-XU1-110,70.0,False
82202-XU1-120,70.0,False
82202-XU1-130,54.0,False
82202-XU1-140,54.0,False
82202-XU1-85,80.0,False
82202-XU1-90,80.0,False
82203-2BX-120,40.0,False
82203-2BX-130,40.0,False
82203-2BX-140,30.0,False
82203-2BX-150,32.0,False
82203-2BX-160,30.0,False
82203-2CH-100,52.0,False
82203-2CH-110,40.0,False
82203-2CH-120,44.0,False
82203-2CH-130,40.0,False
82203-2CH-140,31.0,False
82203-2CH-150,31.0,False
82203-2CH-160,30.0,False
82203-2CH-90,50.0,False
82203-2GG-120,43.0,False
82203-2GG-130,39.0,False
82203-2GG-140,35.0,False
82203-2GG-150,40.0,False
82203-2GG-160,36.0,False
82203-2HC-100,50.0,False
82203-2HC-110,40.0,False
82203-2HC-120,40.0,False
82203-2HC-130,40.0,False
82203-2HC-140,32.0,False
82203-2HC-150,30.0,False
82203-2HC-160,30.0,False
82203-2HC-90,50.0,False
82203-2HM-100,50.0,False
82203-2HM-110,40.0,False
82203-2HM-120,40.0,False
82203-2HM-130,40.0,False
82203-2HM-140,30.0,False
82203-2HM-150,30.0,False
82203-2HM-160,30.0,False
82203-2HM-85,50.0,False
82203-2HM-90,54.0,False
82203-4WV-120,41.0,False
82203-4WV-130,35.0,False
82203-4WV-140,35.0,False
82203-4WV-150,35.0,False
82203-4WV-160,35.0,False
82203-4WW-140,35.0,False
82203-4WW-150,35.0,False
82203-4WW-160,35.0,False
82203-4XG-130,35.0,False
82203-4XG-140,35.0,False
82203-4XG-150,35.0,False
82203-4XG-160,35.0,False
82203-4XJ-130,40.0,False
82203-4XJ-140,35.0,False
82203-4XJ-150,35.0,False
82203-4XJ-160,35.0,False
82203-4ZA-100,46.0,False
82203-4ZA-110,42.0,False
82203-4ZA-120,40.0,False
82203-4ZA-130,35.0,False
82203-4ZA-140,32.0,False
82203-4ZA-150,30.0,False
82203-4ZA-160,30.0,False
82203-4ZA-85,39.0,False
82203-4ZA-90,40.0,False
82203-5BS-100,37.0,False
82203-5BS-110,40.0,False
82203-5BS-120,40.0,False
82203-5BS-130,35.0,False
82203-5BS-140,35.0,False
82203-5BS-150,35.0,False
82203-5BS-160,35.0,False
82203-5BS-85,17.0,False
82203-5BS-90,28.0,False
82203-QX6-100,50.0,False
82203-QX6-110,40.0,False
82203-QX6-120,44.0,False
82203-QX6-130,40.0,False
82203-QX6-140,32.0,False
82203-QX6-150,31.0,False
82203-QX6-160,30.0,False
82203-QX6-85,53.0,False
82203-QX6-90,50.0,False
82203-XU1-110,40.0,False
82203-XU1-120,44.0,False
82203-XU1-130,40.0,False
82203-XU1-140,31.0,False
82203-XU1-150,31.0,False
82203-XU1-160,30.0,False
82204-2CI-160,50.0,False
82204-2CI-85,130.0,False
82204-2FT-160,51.0,False
82204-2FT-85,120.0,False
82204-2FT-90,100.0,False
82204-2FX-100,102.0,False
82204-2FX-110,90.0,False
82204-2FX-120,80.0,False
82204-2FX-130,70.0,False
82204-2FX-140,65.0,False
82204-2FX-150,55.0,False
82204-2FX-160,50.0,False
82204-2FX-90,110.0,False
82204-2FY-100,90.0,False
82204-2FY-110,85.0,False
82204-2FY-120,75.0,False
82204-2FY-130,65.0,False
82204-2FY-140,60.0,False
82204-2FY-150,55.0,False
82204-2FY-160,50.0,False
82204-2FY-85,100.0,False
82204-2FY-90,100.0,False
82204-2GH-100,100.0,False
82204-2GH-110,80.0,False
82204-2GH-140,60.0,False
82204-2GH-150,54.0,False
82204-2GH-160,50.0,False
82204-2GH-85,120.0,False
82204-2GH-90,100.0,False
82204-2GV-150,60.0,False
82204-2GV-160,50.0,False
82204-2GV-90,110.0,False
82204-2HM-150,50.0,False
82204-2HM-90,100.0,False
82204-2HP-100,100.0,False
82204-2HP-160,50.0,False
82204-2HP-90,110.0,False
82204-2IH-100,80.0,False
82204-2IH-110,80.0,False
82204-2IH-120,71.0,False
82204-2IH-130,60.0,False
82204-2IH-140,60.0,False
82204-2IH-150,54.0,False
82204-2IH-160,50.0,False
82204-2IH-85,120.0,False
82204-2IH-90,100.0,False
82206-5BS-L/XL,201.0,False
82206-5BS-S/M,135.0,False
82206-6NV-L/XL,259.0,False
82206-6NV-S/M,260.0,False
82221-1BE-85,47.0,False
82221-1BE-90,40.0,False
82221-2BX-50,163.0,False
82221-2BX-70,140.0,False
82221-2BX-85,108.0,False
82221-2BX-90,100.0,False
82221-2C2-50,171.0,False
82221-2C2-70,140.0,False
82221-2C2-80,120.0,False
82221-2C2-85,110.0,False
82221-2C2-90,100.0,False
82221-2CF-50,60.0,False
82221-2CF-60,60.0,False
82221-2CF-70,55.0,False
82221-2CF-75,55.0,False
82221-2CF-80,50.0,False
82221-2CF-85,45.0,False
82221-2CF-90,40.0,False
82221-2CH-50,160.0,False
82221-2CH-60,150.0,False
82221-2CH-90,100.0,False
82221-2FW-50,112.0,False
82221-2FW-60,122.0,False
82221-2FW-70,122.0,False
82221-2FW-75,122.0,False
82221-2FW-80,121.0,False
82221-2FW-85,93.0,False
82221-2FW-90,89.0,False
82221-2GG-60,78.0,False
82223-1GF-50,18.0,False
82223-1GF-60,60.0,False
82223-1GF-70,60.0,False
82223-1GF-90,58.0,False
82223-2EL-50,6.0,False
82223-2EL-60,31.0,False
82223-2EL-70,60.0,False
82223-2EL-75,60.0,False
82223-2EL-80,50.0,False
82223-2EL-85,50.0,False
82223-2EL-90,44.0,False
82226-RS8-50,45.0,False
82226-RS8-60,40.0,False
82226-RS8-70,40.0,False
82226-RS8-NB,50.0,False
82227-RS8-50,70.0,False
82227-RS8-60,65.0,False
82227-RS8-70,60.0,False
82227-RS8-NB,47.0,False
82234-3UU-100,50.0,False
82234-3UU-110,45.0,False
82234-3UU-120,40.0,False
82234-3UU-130,35.0,False
82234-3UU-140,30.0,False
82234-3UU-150,28.0,False
82234-3UU-90,55.0,False
82234-3UZ-100,50.0,False
82234-3UZ-110,45.0,False
82234-3UZ-120,45.0,False
82234-3UZ-130,35.0,False
82234-3UZ-140,30.0,False
82234-3UZ-150,28.0,False
82234-3UZ-85,60.0,False
82234-3UZ-90,55.0,False
82235-2HM-100,25.0,False
82235-2HM-110,25.0,False
82235-2HM-120,18.0,False
82235-2HM-130,18.0,False
82235-2HM-140,20.0,False
82235-2HM-150,19.0,False
82235-2HM-85,25.0,False
82235-2HM-90,25.0,False
82236-FE5-100,51.0,False
82236-FE5-110,45.0,False
82236-FE5-120,44.0,False
82236-FE5-130,42.0,False
82236-FE5-140,40.0,False
82236-FE5-150,30.0,False
82236-FE5-85,63.0,False
82236-FE5-90,52.0,False
82237-03T-100,50.0,False
82237-03T-110,50.0,False
82237-03T-120,41.0,False
82237-03T-130,40.0,False
82237-03T-140,40.0,False
82237-03T-150,36.0,False
82237-03T-85,27.0,False
82237-03T-90,55.0,False
82237-1GF-100,60.0,False
82237-1GF-110,50.0,False
82237-1GF-120,45.0,False
82237-1GF-130,45.0,False
82237-1GF-140,40.0,False
82237-1GF-150,46.0,False
82237-1GF-85,33.0,False
82237-1GF-90,69.0,False
82239-30P-100,90.0,False
82239-30P-110,80.0,False
82239-30P-120,70.0,False
82239-30P-130,65.0,False
82239-30P-140,55.0,False
82239-30P-150,50.0,False
82239-30P-85,69.0,False
82239-30P-90,100.0,False
82239-30Q-100,90.0,False
82239-30Q-110,80.0,False
82239-30Q-120,70.0,False
82239-30Q-130,65.0,False
82239-30Q-140,55.0,False
82239-30Q-150,50.0,False
82239-30R-110,80.0,False
82239-30R-120,70.0,False
82239-30R-130,65.0,False
82239-30R-140,55.0,False
82239-30R-150,50.0,False
82240-03T-100,25.0,False
82240-03T-110,25.0,False
82240-03T-120,20.0,False
82240-03T-130,20.0,False
82240-03T-140,18.0,False
82240-03T-150,18.0,False
82240-03T-85,25.0,False
82240-03T-90,25.0,False
82240-1GF-100,25.0,False
82240-1GF-110,25.0,False
82240-1GF-120,20.0,False
82240-1GF-130,20.0,False
82240-1GF-140,18.0,False
82240-1GF-150,18.0,False
82240-1GF-85,25.0,False
82240-1GF-90,25.0,False
82240-1GP-100,25.0,False
82240-1GP-110,25.0,False
82240-1GP-120,25.0,False
82240-1GP-130,25.0,False
82240-1GP-140,23.0,False
82240-1GP-150,20.0,False
82240-1GP-85,26.0,False
82240-1GP-90,30.0,False
82241-03T-100,31.0,False
82241-03T-110,28.0,False
82241-03T-120,25.0,False
82241-03T-130,25.0,False
82241-03T-140,20.0,False
82241-03T-150,20.0,False
82241-03T-85,30.0,False
82241-03T-90,30.0,False
82241-1GF-100,28.0,False
82241-1GF-110,28.0,False
82241-1GF-120,25.0,False
82241-1GF-130,25.0,False
82241-1GF-140,20.0,False
82241-1GF-150,24.0,False
82241-1GF-85,30.0,False
82241-1GF-90,30.0,False
82242-VH3-100,60.0,False
82242-VH3-110,55.0,False
82242-VH3-130,45.0,False
82242-VH3-140,40.0,False
82242-VH3-150,35.0,False
82244-2F2-100,16.0,False
82244-2F2-110,16.0,False
82244-2F2-120,14.0,False
82244-2F2-130,14.0,False
82244-2F2-140,13.0,False
82244-2F2-150,12.0,False
82244-2F2-85,21.0,False
82244-2F2-90,20.0,False
82244-2FY-100,16.0,False
82244-2FY-110,16.0,False
82244-2FY-120,14.0,False
82244-2FY-130,14.0,False
82244-2FY-140,12.0,False
82244-2FY-150,13.0,False
82244-2FY-85,20.0,False
82244-2FY-90,20.0,False
82244-2GW-100,16.0,False
82244-2GW-110,16.0,False
82244-2GW-120,14.0,False
82244-2GW-130,14.0,False
82244-2GW-140,12.0,False
82244-2GW-150,12.0,False
82244-2GW-85,20.0,False
82244-2GW-90,20.0,False
82244-31N-100,16.0,False
82244-31N-110,16.0,False
82244-31N-120,14.0,False
82244-31N-130,14.0,False
82244-31N-140,12.0,False
82244-31N-150,12.0,False
82244-31N-85,21.0,False
82244-31N-90,20.0,False
82244-3YO-100,20.0,False
82244-3YO-110,20.0,False
82244-3YO-120,18.0,False
82244-3YO-130,18.0,False
82244-3YO-140,16.0,False
82244-3YO-150,16.0,False
82244-3YO-85,28.0,False
82244-3YO-90,24.0,False
82244-50J-100,20.0,False
82244-50J-110,20.0,False
82244-50J-120,18.0,False
82244-50J-85,28.0,False
82244-50J-90,24.0,False
82244-5AW-100,20.0,False
82244-5AW-110,20.0,False
82244-5AW-120,18.0,False
82244-5AW-130,18.0,False
82244-5AW-140,16.0,False
82244-5AW-150,16.0,False
82244-5AW-85,28.0,False
82244-5AW-90,27.0,False
82246-30K-100,63.0,False
82246-30K-110,65.0,False
82246-30K-120,56.0,False
82246-30K-130,60.0,False
82246-30K-140,42.0,False
82246-30K-150,31.0,False
82246-30K-85,76.0,False
82246-30K-90,56.0,False
82247-30A-100,28.0,False
82247-30A-110,23.0,False
82247-30A-120,21.0,False
82247-30A-130,17.0,False
82247-30A-140,16.0,False
82247-30A-150,17.0,False
82247-30A-85,42.0,False
82247-30A-90,38.0,False
82247-30B-100,28.0,False
82247-30B-110,23.0,False
82247-30B-120,20.0,False
82247-30B-130,18.0,False
82247-30B-140,17.0,False
82247-30B-150,16.0,False
82247-30B-85,40.0,False
82247-30B-90,38.0,False
82248-2CH-100,60.0,False
82248-2CH-110,57.0,False
82248-2CH-120,50.0,False
82248-2CH-130,45.0,False
82248-2CH-140,45.0,False
82248-2CH-150,35.0,False
82248-2CH-85,70.0,False
82248-2CH-90,60.0,False
82248-2FP-100,60.0,False
82248-2FP-110,55.0,False
82248-2FP-120,54.0,False
82248-2FP-130,55.0,False
82248-2FP-140,40.0,False
82248-2FP-150,43.0,False
82248-2FP-85,57.0,False
82248-2FP-90,68.0,False
82248-2GV-100,63.0,False
82248-2GV-110,60.0,False
82248-2GV-120,50.0,False
82248-2GV-130,50.0,False
82248-2GV-140,42.0,False
82248-2GV-150,40.0,False
82248-2GV-85,70.0,False
82248-2GV-90,62.0,False
82248-2JE-100,66.0,False
82248-2JE-110,50.0,False
82248-2JE-120,50.0,False
82248-2JE-130,50.0,False
82248-2JE-140,40.0,False
82248-2JE-150,41.0,False
82248-2JE-85,68.0,False
82248-2JE-90,61.0,False
82248-2JK-100,66.0,False
82248-2JK-110,50.0,False
82248-2JK-120,50.0,False
82248-2JK-130,50.0,False
82248-2JK-140,40.0,False
82248-2JK-150,40.0,False
82248-2JK-85,70.0,False
82248-2JK-90,70.0,False
82248-2KA-100,55.0,False
82248-2KA-110,50.0,False
82248-2KA-120,45.0,False
82248-2KA-130,40.0,False
82248-2KA-140,40.0,False
82248-2KA-150,40.0,False
82248-2KA-85,82.0,False
82248-2KA-90,60.0,False
82248-30V-100,55.0,False
82248-30V-110,55.0,False
82248-30V-120,50.0,False
82248-30V-130,45.0,False
82248-30V-140,40.0,False
82248-30V-150,40.0,False
82248-30V-85,64.0,False
82248-30V-90,60.0,False
82248-3ZM-120,60.0,False
82248-3ZM-130,50.0,False
82248-3ZM-150,40.0,False
82248-4AQ-100,70.0,False
82248-4AQ-110,65.0,False
82248-4AQ-120,60.0,False
82248-4AQ-130,53.0,False
82248-4AQ-140,45.0,False
82248-4AQ-150,43.0,False
82248-4AQ-85,86.0,False
82248-4AQ-90,80.0,False
82248-4YJ-100,70.0,False
82248-4YJ-120,60.0,False
82248-4YJ-150,44.0,False
82248-4ZP-100,70.0,False
82248-4ZP-110,65.0,False
82248-4ZP-120,57.0,False
82248-4ZP-130,53.0,False
82248-4ZP-140,45.0,False
82248-4ZP-150,41.0,False
82248-4ZP-85,86.0,False
82248-4ZP-90,80.0,False
82256-015-100,89.0,False
82256-015-110,80.0,False
82256-015-120,70.0,False
82256-015-130,70.0,False
82256-015-140,60.0,False
82256-015-150,60.0,False
82256-015-85,64.0,False
82256-015-90,90.0,False
82256-1GP-100,76.0,False
82256-1GP-110,90.0,False
82256-1GP-120,70.0,False
82256-1GP-130,70.0,False
82256-1GP-140,60.0,False
82256-1GP-150,60.0,False
82256-1GP-85,27.0,False
82256-1GP-90,55.0,False
82256-2ES-100,82.0,False
82256-2ES-110,94.0,False
82256-2ES-120,70.0,False
82256-2ES-130,70.0,False
82256-2ES-140,60.0,False
82256-2ES-150,60.0,False
82256-2ES-85,34.0,False
82256-2ES-90,53.0,False
82258-1GF-100,28.0,False
82258-1GF-110,28.0,False
82258-1GF-120,24.0,False
82258-1GF-130,24.0,False
82258-1GF-140,20.0,False
82258-1GF-150,20.0,False
82258-1GF-85,32.0,False
82258-1GF-90,33.0,False
82258-1GP-100,28.0,False
82258-1GP-110,28.0,False
82258-1GP-120,24.0,False
82258-1GP-130,24.0,False
82258-1GP-140,20.0,False
82258-1GP-150,20.0,False
82258-1GP-85,32.0,False
82258-1GP-90,32.0,False
82258-2ES-100,28.0,False
82258-2ES-110,28.0,False
82258-2ES-120,24.0,False
82258-2ES-130,24.0,False
82258-2ES-140,20.0,False
82258-2ES-150,20.0,False
82258-2ES-85,32.0,False
82258-2ES-90,32.0,False
82258-VH3-100,28.0,False
82258-VH3-110,28.0,False
82258-VH3-120,24.0,False
82258-VH3-130,24.0,False
82258-VH3-140,20.0,False
82258-VH3-150,20.0,False
82258-VH3-85,32.0,False
82258-VH3-90,32.0,False
82261-3KH-100,80.0,False
82261-3KH-110,70.0,False
82261-3KH-120,60.0,False
82261-3KH-130,55.0,False
82261-3KH-140,50.0,False
82261-3KH-150,50.0,False
82261-3KH-85,75.0,False
82261-3KH-90,80.0,False
82261-4JW-100,60.0,False
82261-4JW-110,60.0,False
82261-4JW-120,60.0,False
82261-4JW-130,50.0,False
82261-4JW-140,50.0,False
82261-4JW-150,54.0,False
82261-4JW-85,60.0,False
82261-4JW-90,70.0,False
82262-2TX-100,45.0,False
82262-2TX-110,42.0,False
82262-2TX-120,30.0,False
82262-2TX-130,30.0,False
82262-2TX-140,20.0,False
82262-2TX-150,18.0,False
82262-2TX-85,33.0,False
82262-2TX-90,50.0,False
82266-1SP-50,10.0,False
82266-1SP-60,33.0,False
82266-1SP-70,36.0,False
82266-1SP-75,35.0,False
82266-1SP-80,35.0,False
82266-1SP-85,30.0,False
82266-1SP-90,32.0,False
82266-2IF-50,10.0,False
82266-2IF-60,35.0,False
82266-2IF-70,36.0,False
82266-2IF-75,35.0,False
82266-2IF-80,35.0,False
82266-2IF-85,30.0,False
82266-2IF-90,32.0,False
82267-2TM-50,6.0,False
82267-2TM-60,21.0,False
82267-2TM-70,47.0,False
82267-2TM-75,77.0,False
82267-2TM-80,77.0,False
82267-2TM-85,77.0,False
82267-2TM-90,79.0,False
82269-1GF-50,12.0,False
82269-1GF-60,42.0,False
82269-1GF-70,92.0,False
82269-1GF-75,80.0,False
82269-1GF-80,70.0,False
82269-1GF-85,60.0,False
82269-1GF-90,60.0,False
82269-2EL-50,12.0,False
82269-2EL-60,40.0,False
82269-2EL-70,88.0,False
82269-2EL-75,80.0,False
82269-2EL-80,70.0,False
82269-2EL-85,60.0,False
82269-2EL-90,60.0,False
82269-2ES-50,12.0,False
82269-2ES-60,40.0,False
82269-2ES-70,88.0,False
82269-2ES-75,80.0,False
82269-2ES-80,70.0,False
82269-2ES-85,60.0,False
82269-2ES-90,60.0,False
82274-2JO-50,49.0,False
82274-2JO-60,40.0,False
82274-2JO-70,40.0,False
82274-2JO-75,35.0,False
82274-2JO-80,35.0,False
82274-2JO-85,30.0,False
82274-2JO-90,25.0,False
82275-2CH-50,87.0,False
82275-2CH-60,120.0,False
82275-2CH-70,110.0,False
82275-2CH-75,100.0,False
82275-2CH-80,100.0,False
82275-2CH-85,81.0,False
82275-2CH-90,48.0,False
82275-2CL-50,68.0,False
82275-2CL-60,123.0,False
82275-2CL-70,120.0,False
82275-2CL-80,114.0,False
82275-2CL-85,64.0,False
82275-2CL-90,38.0,False
82275-2JE-50,103.0,False
82275-2JE-60,130.0,False
82275-2JE-70,120.0,False
82275-2JE-75,100.0,False
82275-2JE-80,100.0,False
82275-2JE-85,95.0,False
82275-2JE-90,51.0,False
82275-2KB-50,70.0,False
82275-2KB-60,124.0,False
82275-2KB-70,110.0,False
82275-2KB-80,100.0,False
82275-2KB-85,63.0,False
82275-2KB-90,38.0,False
82275-30V-50,68.0,False
82275-30V-60,123.0,False
82275-30V-70,122.0,False
82275-30V-75,100.0,False
82275-30V-80,100.0,False
82275-30V-85,62.0,False
82275-30V-90,37.0,False
82276-2CH-50,12.0,False
82276-2CH-60,28.0,False
82276-2CH-70,68.0,False
82276-2CH-75,90.0,False
82276-2CH-80,90.0,False
82276-2CH-85,80.0,False
82276-2CH-90,72.0,False
82276-2CK-50,18.0,False
82276-2CK-60,58.0,False
82276-2CK-70,100.0,False
82276-2CK-75,100.0,False
82276-2CK-80,90.0,False
82276-2CK-85,80.0,False
82276-2CK-90,80.0,False
82276-2FP-50,17.0,False
82276-2FP-60,55.0,False
82276-2FP-70,100.0,False
82276-2FP-85,85.0,False
82276-2FP-90,80.0,False
82279-2XZ-90,16.0,False
82279-2YJ-60,66.0,False
82281-38T-50,70.0,False
82281-38T-60,60.0,False
82281-38T-70,62.0,False
82281-38T-75,60.0,False
82281-38T-80,53.0,False
82281-38T-85,52.0,False
82281-38T-90,45.0,False
82281-76X-50,60.0,False
82281-76X-60,60.0,False
82281-76X-70,60.0,False
82281-76X-75,67.0,False
82281-76X-80,55.0,False
82281-76X-85,50.0,False
82281-76X-90,30.0,False
82285-2BY-50,70.0,False
82285-2BY-60,100.0,False
82285-2BY-70,100.0,False
82285-2CH-50,31.0,False
82285-2CH-60,78.0,False
82285-2CH-70,100.0,False
82285-2CH-75,100.0,False
82285-2CH-80,90.0,False
82285-2CH-85,90.0,False
82285-2CH-90,75.0,False
82285-2CL-60,72.0,False
82285-2FQ-60,100.0,False
82285-2FQ-90,75.0,False
82285-2KB-50,36.0,False
82285-2KB-60,90.0,False
82285-2KB-70,100.0,False
82285-2KB-85,80.0,False
82285-2KB-90,70.0,False
82285-3PL-50,36.0,False
82285-3PL-60,145.0,False
82285-3PL-70,120.0,False
82285-3PL-75,110.0,False
82285-3PL-80,100.0,False
82285-3PL-85,90.0,False
82285-3PL-90,80.0,False
82285-3PP-50,22.0,False
82285-3PP-80,109.0,False
82285-3PP-85,90.0,False
82285-3PP-90,81.0,False
82285-3RE-50,40.0,False
82285-3RE-60,138.0,False
82285-3RE-70,120.0,False
82285-3RE-75,110.0,False
82285-3RE-80,100.0,False
82285-3RE-85,90.0,False
82285-3RE-90,80.0,False
82285-3YF-50,80.0,False
82285-3YF-60,120.0,False
82285-3YF-70,110.0,False
82285-3YF-75,100.0,False
82285-3YF-80,91.0,False
82285-3YF-85,82.0,False
82285-3YF-90,75.0,False
82285-4NE-50,23.0,False
82285-54K-50,55.0,False
82285-54K-70,110.0,False
82285-54K-75,100.0,False
82285-54K-80,90.0,False
82285-54K-85,80.0,False
82285-54K-90,75.0,False
82285-5DI-80,90.0,False
82285-5DI-85,80.0,False
82285-5DI-90,75.0,False
82286-QX6-60,50.0,False
82286-XU1-50,130.0,False
82287-2EN-100,72.0,False
82287-2EN-110,89.0,False
82287-2EN-120,101.0,False
82287-2EN-130,60.0,False
82287-2EN-140,32.0,False
82287-2EN-150,17.0,False
82287-2EN-85,22.0,False
82287-2EN-90,47.0,False
82287-SR4-100,72.0,False
82287-SR4-110,89.0,False
82287-SR4-120,101.0,False
82287-SR4-130,59.0,False
82287-SR4-140,32.0,False
82287-SR4-150,17.0,False
82287-SR4-85,22.0,False
82287-SR4-90,47.0,False
82288-015-100,150.0,False
82288-015-110,140.0,False
82288-015-120,130.0,False
82288-015-130,120.0,False
82288-015-140,110.0,False
82288-015-150,100.0,False
82288-015-85,145.0,False
82288-015-90,160.0,False
82288-2EN-100,150.0,False
82288-2EN-110,140.0,False
82288-2EN-120,130.0,False
82288-2EN-130,120.0,False
82288-2EN-140,110.0,False
82288-2EN-150,100.0,False
82288-2EN-85,144.0,False
82288-2EN-90,160.0,False
82288-2EQ-100,150.0,False
82288-2EQ-110,140.0,False
82288-2EQ-120,130.0,False
82288-2EQ-130,121.0,False
82288-2EQ-140,110.0,False
82288-2EQ-150,100.0,False
82288-2EQ-85,112.0,False
82288-2EQ-90,160.0,False
82288-2ES-100,150.0,False
82288-2ES-110,140.0,False
82288-2ES-120,130.0,False
82288-2ES-130,121.0,False
82288-2ES-140,110.0,False
82288-2ES-150,100.0,False
82288-2ES-85,114.0,False
82288-2ES-90,160.0,False
82289-015-100,110.0,False
82289-015-110,100.0,False
82289-015-120,91.0,False
82289-015-130,80.0,False
82289-015-140,70.0,False
82289-015-150,60.0,False
82289-015-85,32.0,False
82289-015-90,98.0,False
82289-2EN-100,110.0,False
82289-2EN-110,100.0,False
82289-2EN-120,90.0,False
82289-2EN-130,80.0,False
82289-2EN-140,70.0,False
82289-2EN-150,61.0,False
82289-2EN-85,34.0,False
82289-2EN-90,67.0,False
82289-2ES-100,112.0,False
82289-2ES-110,100.0,False
82289-2ES-120,90.0,False
82289-2ES-130,80.0,False
82289-2ES-140,70.0,False
82289-2ES-150,60.0,False
82289-2ES-85,34.0,False
82289-2ES-90,67.0,False
82296-1GF-50,110.0,False
82296-1GF-60,102.0,False
82296-1GF-70,107.0,False
82296-1GF-75,90.0,False
82296-1GF-80,90.0,False
82296-1GF-85,70.0,False
82296-1GF-90,70.0,False
82296-3UZ-50,97.0,False
82296-461-50,73.0,False
82296-461-60,103.0,False
82296-461-70,100.0,False
82296-461-75,90.0,False
82296-461-80,90.0,False
82296-461-85,73.0,False
82296-461-90,70.0,False
82299-2EL-50,29.0,False
82299-2EL-60,53.0,False
82299-2EL-70,80.0,False
82299-2EL-75,70.0,False
82299-2EL-80,70.0,False
82299-2EL-85,60.0,False
82299-2EL-90,60.0,False
82303-461-50,22.0,False
82303-461-60,20.0,False
82303-461-NB,24.0,False
82303-EF5-50,22.0,False
82303-EF5-60,20.0,False
82307-1WO-50,90.0,False
82307-1WO-60,80.0,False
82307-1WO-70,78.0,False
82307-1WO-NB,100.0,False
82307-2ES-50,90.0,False
82307-2ES-60,80.0,False
82307-2ES-70,77.0,False
82307-2ES-NB,100.0,False
82307-2ET-50,90.0,False
82307-2ET-60,80.0,False
82307-2ET-70,79.0,False
82307-2ET-NB,100.0,False
82307-2EU-50,90.0,False
82307-2EU-60,80.0,False
82307-2EU-70,78.0,False
82307-2EU-NB,100.0,False
82312-2TM-100,100.0,False
82312-2TM-110,100.0,False
82312-2TM-120,90.0,False
82312-2TM-130,90.0,False
82312-2TM-140,61.0,False
82312-2TM-150,29.0,False
82312-2TM-85,44.0,False
82312-2TM-90,81.0,False
82313-1BE-L,30.0,False
82313-1BE-M,37.0,False
82313-1BE-S,35.0,False
82313-1BE-XL,30.0,False
82313-1BE-XS,35.0,False
82313-1BE-XXL,33.0,False
82313-2C2-L,30.0,False
82313-2C2-M,35.0,False
82313-2C2-S,38.0,False
82313-2C2-XL,30.0,False
82313-2C2-XS,35.0,False
82313-2C2-XXL,20.0,False
82313-2CF-XL,30.0,False
82313-2CF-XXL,30.0,False
82313-2GG-L,32.0,False
82313-2GG-M,39.0,False
82313-2GG-S,35.0,False
82313-2GG-XL,30.0,False
82313-2GG-XS,43.0,False
82313-2GG-XXL,17.0,False
82313-2HL-L,30.0,False
82313-2HL-M,35.0,False
82313-2HL-S,38.0,False
82313-2HL-XL,30.0,False
82313-2HL-XS,35.0,False
82313-2HL-XXL,20.0,False
82313-2HM-L,30.0,False
82313-2HM-M,35.0,False
82313-2HM-XL,30.0,False
82313-2HM-XS,35.0,False
82313-2HM-XXL,35.0,False
82313-715-L,30.0,False
82313-715-M,35.0,False
82313-715-XL,34.0,False
82313-715-XS,35.0,False
82313-715-XXL,15.0,False
82313-75Z-XXL,36.0,False
82313-QX6-L,38.0,False
82313-QX6-S,35.0,False
82313-QX6-XS,35.0,False
82313-QX6-XXL,30.0,False
82313-XU1-L,30.0,False
82313-XU1-M,35.0,False
82313-XU1-XL,30.0,False
82313-XU1-XS,35.0,False
82313-XU1-XXL,33.0,False
82317-1BE-L,14.0,False
82317-1BE-M,20.0,False
82317-1BE-S,24.0,False
82317-1BE-XL,14.0,False
82317-1BE-XS,26.0,False
82318-1BE-L/XL,13.0,False
82318-1BE-S/M,12.0,False
82318-75Z-L/XL,12.0,False
82318-75Z-S/M,12.0,False
82319-2FH-120,31.0,False
82319-2FH-130,24.0,False
82319-2FH-140,21.0,False
82319-2FH-150,18.0,False
82319-2FH-160,18.0,False
82319-2FH-85,40.0,False
82319-2FH-90,36.0,False
82319-2FQ-100,85.0,False
82319-2FQ-110,75.0,False
82319-2FQ-120,70.0,False
82319-2FQ-130,69.0,False
82319-2FQ-140,55.0,False
82319-2FQ-150,50.0,False
82319-2FQ-160,48.0,False
82319-2FQ-85,96.0,False
82319-2FQ-90,90.0,False
82319-2GB-110,60.0,False
82319-2GB-130,50.0,False
82319-2GB-140,45.0,False
82319-2GB-150,42.0,False
82319-2GB-160,35.0,False
82319-2GB-85,80.0,False
82319-2GB-90,80.0,False
82319-2GI-100,73.0,False
82319-2GI-110,60.0,False
82319-2GI-130,50.0,False
82319-2GI-140,45.0,False
82319-2GI-150,40.0,False
82319-2GI-160,37.0,False
82319-2GI-85,80.0,False
82319-2GI-90,80.0,False
82320-2WB-L,37.0,False
82320-2WB-XL,35.0,False
82320-2WB-XS,40.0,False
82320-2WB-XXL,35.0,False
82320-2WB-XXS,40.0,False
82323-2VP-L,40.0,False
82323-2VP-M,50.0,False
82323-2VP-S,50.0,False
82323-2VP-XL,40.0,False
82323-2VP-XS,50.0,False
82323-2VP-XXL,40.0,False
82323-2VP-XXS,50.0,False
82324-2VC-100,54.0,False
82324-2VC-110,40.0,False
82324-2VC-120,40.0,False
82324-2VC-130,40.0,False
82324-2VC-140,30.0,False
82324-2VC-150,30.0,False
82324-2VC-160,30.0,False
82324-2VC-85,50.0,False
82324-2VC-90,50.0,False
82325-2VM-100,53.0,False
82325-2VM-110,40.0,False
82325-2VM-120,40.0,False
82325-2VM-130,40.0,False
82325-2VM-140,30.0,False
82325-2VM-150,27.0,False
82325-2VM-160,15.0,False
82325-2VM-85,58.0,False
82325-2VM-90,52.0,False
82326-2VP-100,22.0,False
82326-2VP-110,18.0,False
82326-2VP-120,18.0,False
82326-2VP-130,16.0,False
82326-2VP-140,16.0,False
82326-2VP-150,14.0,False
82326-2VP-160,14.0,False
82326-2VP-85,26.0,False
82326-2VP-90,26.0,False
82326-2VQ-100,21.0,False
82326-2VQ-110,18.0,False
82326-2VQ-120,18.0,False
82326-2VQ-130,16.0,False
82326-2VQ-140,17.0,False
82326-2VQ-150,14.0,False
82326-2VQ-160,15.0,False
82327-2WB-100,50.0,False
82327-2WB-110,40.0,False
82327-2WB-120,40.0,False
82327-2WB-130,40.0,False
82327-2WB-140,31.0,False
82327-2WB-150,35.0,False
82327-2WB-160,30.0,False
82327-2WB-85,50.0,False
82327-2WB-90,50.0,False
82330-022-100,50.0,False
82330-022-110,40.0,False
82330-022-120,40.0,False
82330-022-130,40.0,False
82330-022-140,34.0,False
82330-022-150,32.0,False
82330-022-160,32.0,False
82330-022-85,50.0,False
82330-022-90,50.0,False
82330-3VS-100,40.0,False
82330-3VS-110,40.0,False
82330-3VS-120,40.0,False
82330-3VS-130,36.0,False
82330-3VS-140,35.0,False
82330-3VS-150,35.0,False
82330-3VS-160,35.0,False
82330-3VS-85,18.0,False
82330-3VS-90,44.0,False
82331-2XB-100,100.0,False
82331-2XB-110,90.0,False
82331-2XB-120,82.0,False
82331-2XB-130,70.0,False
82331-2XB-140,65.0,False
82331-2XB-160,50.0,False
82331-2XB-85,75.0,False
82331-2XB-90,110.0,False
82334-2XD-100,100.0,False
82334-2XD-110,90.0,False
82334-2XD-120,80.0,False
82334-2XD-130,75.0,False
82334-2XD-140,65.0,False
82334-2XD-150,55.0,False
82334-2XD-160,50.0,False
82334-2XD-85,125.0,False
82334-2XD-90,110.0,False
82334-2XE-100,102.0,False
82334-2XE-110,90.0,False
82334-2XE-120,81.0,False
82334-2XE-130,77.0,False
82334-2XE-140,65.0,False
82334-2XE-150,55.0,False
82334-2XE-160,50.0,False
82334-2XE-85,124.0,False
82334-2XE-90,110.0,False
82335-2VQ-L,24.0,False
82335-2VQ-M,24.0,False
82335-2VQ-XL,22.0,False
82335-2VQ-XS,25.0,False
82335-2VQ-XXL,22.0,False
82336-2XC-110,90.0,False
82336-2XC-120,82.0,False
82336-2XC-130,73.0,False
82336-2XC-140,65.0,False
82336-2XC-150,55.0,False
82336-2XC-160,53.0,False
82337-022-L,22.0,False
82337-022-M,24.0,False
82337-022-S,24.0,False
82337-022-XL,22.0,False
82337-022-XS,24.0,False
82337-022-XXL,22.0,False
82338-2WY-L,24.0,False
82338-2WY-M,24.0,False
82338-2WY-S,24.0,False
82338-2WY-XL,25.0,False
82338-2WY-XS,24.0,False
82338-2WY-XXL,20.0,False
82339-2VC-L,24.0,False
82339-2VC-M,24.0,False
82339-2VC-S,24.0,False
82339-2VC-XL,22.0,False
82339-2VC-XS,24.0,False
82339-2VC-XXL,22.0,False
82341-1K1-100,80.0,False
82341-1K1-110,70.0,False
82341-1K1-120,70.0,False
82341-1K1-130,54.0,False
82341-1K1-140,54.0,False
82341-1K1-85,61.0,False
82341-1K1-90,80.0,False
82341-AT2-100,80.0,False
82341-AT2-110,70.0,False
82341-AT2-120,70.0,False
82341-AT2-130,54.0,False
82341-AT2-140,54.0,False
82341-AT2-85,80.0,False
82341-AT2-90,80.0,False
82343-2X2-L,40.0,False
82343-2X2-M,40.0,False
82343-2X2-S,40.0,False
82343-2X2-XL,36.0,False
82343-2X2-XS,48.0,False
82343-2X2-XXL,30.0,False
82344-2EL-100,80.0,False
82344-2EL-110,80.0,False
82344-2EL-120,70.0,False
82344-2EL-130,60.0,False
82344-2EL-140,60.0,False
82344-2EL-150,50.0,False
82344-2EL-85,42.0,False
82344-2EL-90,66.0,False
82345-539-L,34.0,False
82345-539-M,35.0,False
82345-539-S,35.0,False
82345-539-XL,33.0,False
82345-539-XS,35.0,False
82345-539-XXL,30.0,False
82347-2VP-100,80.0,False
82347-2VP-110,70.0,False
82347-2VP-120,60.0,False
82347-2VP-130,61.0,False
82347-2VP-140,40.0,False
82347-2VP-150,35.0,False
82347-2VP-85,100.0,False
82347-2VP-90,90.0,False
82347-2VQ-100,80.0,False
82347-2VQ-110,75.0,False
82347-2VQ-120,60.0,False
82347-2VQ-130,50.0,False
82347-2VQ-140,40.0,False
82347-2VQ-150,37.0,False
82347-2VQ-85,100.0,False
82347-2VQ-90,96.0,False
82361-2JW-120,78.0,False
82361-2JW-130,63.0,False
82361-2JW-140,57.0,False
82361-2JW-85,103.0,False
82361-2JW-90,110.0,False
82365-2XO-L,50.0,False
82365-2XO-M,50.0,False
82365-2XO-S,55.0,False
82365-2XO-XS,55.0,False
82365-2XO-XXS,55.0,False
82365-3WB-M,50.0,False
82365-3WB-S,50.0,False
82365-3WB-XS,50.0,False
82365-3WB-XXS,50.0,False
82368-2XO-100,93.0,False
82368-2XO-110,81.0,False
82368-2XO-120,80.0,False
82368-2XO-130,70.0,False
82368-2XO-140,65.0,False
82368-2XO-150,58.0,False
82368-2XO-160,54.0,False
82368-2XO-70,23.0,False
82368-2XO-75,38.0,False
82368-2XO-80,51.0,False
82368-2XO-85,128.0,False
82368-2XO-90,107.0,False
82368-3VZ-100,97.0,False
82368-3VZ-110,85.0,False
82368-3VZ-120,74.0,False
82368-3VZ-130,70.0,False
82368-3VZ-140,60.0,False
82368-3VZ-150,50.0,False
82368-3VZ-160,51.0,False
82368-3VZ-70,9.0,False
82368-3VZ-80,22.0,False
82368-3VZ-85,77.0,False
82368-3VZ-90,92.0,False
82368-3W3-100,100.0,False
82368-3W3-110,75.0,False
82368-3W3-120,70.0,False
82368-3W3-130,70.0,False
82368-3W3-140,60.0,False
82368-3W3-150,51.0,False
82368-3W3-160,45.0,False
82368-3W3-70,6.0,False
82368-3W3-75,10.0,False
82368-3W3-80,19.0,False
82368-3W3-85,62.0,False
82368-3W3-90,95.0,False
82368-3WB-100,90.0,False
82368-3WB-110,75.0,False
82368-3WB-120,70.0,False
82368-3WB-130,70.0,False
82368-3WB-140,60.0,False
82368-3WB-150,50.0,False
82368-3WB-160,50.0,False
82368-3WB-70,12.0,False
82368-3WB-75,16.0,False
82368-3WB-80,31.0,False
82368-3WB-85,103.0,False
82368-3WB-90,100.0,False
82369-2XO-XS,71.0,False
82369-2XO-XXL,53.0,False
82370-2XO-L,60.0,False
82370-2XO-M,66.0,False
82370-2XO-S,76.0,False
82370-2XO-XL,56.0,False
82370-2XO-XS,76.0,False
82370-2XO-XXL,55.0,False
82371-545-M,47.0,False
82371-545-XS,45.0,False
82371-545-XXL,35.0,False
82371-545-XXS,34.0,False
82375-2FY-L,26.0,False
82375-2FY-M,26.0,False
82375-2FY-S,27.0,False
82375-2FY-XL,24.0,False
82375-2FY-XS,19.0,False
82375-2FY-XXL,15.0,False
82375-2GT-M,26.0,False
82375-2GT-S,27.0,False
82375-2GT-XL,24.0,False
82375-2GT-XS,30.0,False
82375-2GT-XXL,21.0,False
82375-2GU-L,26.0,False
82375-2GU-XL,24.0,False
82375-2GU-XS,30.0,False
82375-2GU-XXL,20.0,False
82375-2GV-L,26.0,False
82375-2GV-M,26.0,False
82375-2GV-S,27.0,False
82375-2GV-XL,24.0,False
82375-2GV-XS,23.0,False
82375-2GV-XXL,11.0,False
82375-2HO-L,26.0,False
82375-2HO-M,26.0,False
82375-2HO-S,27.0,False
82375-2HO-XL,24.0,False
82375-2HO-XS,30.0,False
82375-2HO-XXL,20.0,False
82375-2HP-L,27.0,False
82375-2HP-XL,24.0,False
82375-2HP-XS,30.0,False
82375-2HP-XXL,21.0,False
82375-2IH-L,26.0,False
82375-2IH-XL,24.0,False
82375-2IH-XS,27.0,False
82375-2IH-XXL,12.0,False
82375-715-L,26.0,False
82375-715-M,26.0,False
82375-715-XL,24.0,False
82375-715-XS,30.0,False
82375-715-XXL,21.0,False
82375-CB8-L,26.0,False
82375-CB8-M,26.0,False
82375-CB8-S,27.0,False
82375-CB8-XL,16.0,False
82375-CB8-XS,30.0,False
82375-CB8-XXL,19.0,False
82376-2UR-100,83.0,False
82376-2UR-110,92.0,False
82376-2UR-120,80.0,False
82376-2UR-130,70.0,False
82376-2UR-140,65.0,False
82376-2UR-150,60.0,False
82376-2UR-160,56.0,False
82376-2UR-85,31.0,False
82376-2UR-90,66.0,False
82377-2JA-100,100.0,False
82377-2JA-110,90.0,False
82377-2JA-120,80.0,False
82377-2JA-130,74.0,False
82377-2JA-140,54.0,False
82377-2JA-150,29.0,False
82377-2JA-160,26.0,False
82377-2JA-85,30.0,False
82377-2JA-90,109.0,False
82379-2JB-100,180.0,False
82379-2JB-110,160.0,False
82379-2JB-120,140.0,False
82379-2JB-130,121.0,False
82379-2JB-140,105.0,False
82379-2JB-150,95.0,False
82379-2JB-85,175.0,False
82379-2JB-90,200.0,False
82380-2WD-110,10.0,False
82380-2WD-140,6.0,False
82380-2WD-150,3.0,False
82386-2CJ-100,80.0,False
82386-2CJ-110,80.0,False
82386-2CJ-120,70.0,False
82386-2CJ-130,60.0,False
82386-2CJ-140,45.0,False
82386-2CJ-150,40.0,False
82386-2CJ-85,100.0,False
82386-2CJ-90,90.0,False
82386-2CK-100,80.0,False
82386-2CK-110,70.0,False
82386-2CK-120,60.0,False
82386-2CK-130,50.0,False
82386-2CK-140,41.0,False
82386-2CK-150,35.0,False
82386-2CK-85,100.0,False
82386-2CK-90,90.0,False
82386-2CL-100,80.0,False
82386-2CL-110,80.0,False
82386-2CL-120,70.0,False
82386-2CL-130,60.0,False
82386-2CL-140,45.0,False
82386-2CL-150,40.0,False
82386-2CL-85,100.0,False
82386-2CL-90,94.0,False
82386-2GW-100,80.0,False
82386-2GW-110,80.0,False
82386-2GW-120,79.0,False
82386-2GW-130,60.0,False
82386-2GW-140,43.0,False
82386-2GW-150,19.0,False
82386-2GW-85,25.0,False
82386-2GW-90,65.0,False
82386-2JE-100,40.0,False
82386-2JE-110,80.0,False
82386-2JE-120,70.0,False
82386-2JE-130,60.0,False
82386-2JE-140,48.0,False
82386-2JE-150,40.0,False
82386-2JE-85,19.0,False
82386-2JE-90,37.0,False
82387-22D-100,80.0,False
82387-22D-110,80.0,False
82387-22D-120,70.0,False
82387-22D-130,63.0,False
82387-22D-140,45.0,False
82387-22D-150,40.0,False
82387-22D-85,108.0,False
82387-22D-90,90.0,False
82387-2FZ-100,80.0,False
82387-2FZ-110,80.0,False
82387-2FZ-120,75.0,False
82387-2FZ-130,60.0,False
82387-2FZ-140,45.0,False
82387-2FZ-150,40.0,False
82387-2FZ-85,100.0,False
82387-2FZ-90,90.0,False
82387-2ZE-100,80.0,False
82387-2ZE-110,80.0,False
82387-2ZE-120,70.0,False
82387-2ZE-130,60.0,False
82387-2ZE-140,46.0,False
82387-2ZE-150,40.0,False
82387-2ZE-85,76.0,False
82387-2ZE-90,90.0,False
82387-2ZF-100,80.0,False
82387-2ZF-110,88.0,False
82387-2ZF-120,70.0,False
82387-2ZF-130,60.0,False
82387-2ZF-140,50.0,False
82387-2ZF-150,40.0,False
82387-2ZF-85,108.0,False
82387-2ZF-90,90.0,False
82387-30L-100,80.0,False
82387-30L-110,80.0,False
82387-30L-120,78.0,False
82387-30L-130,60.0,False
82387-30L-140,45.0,False
82387-30L-150,45.0,False
82387-30L-85,100.0,False
82387-30L-90,97.0,False
82387-31O-100,80.0,False
82387-31O-110,80.0,False
82387-31O-120,70.0,False
82387-31O-130,60.0,False
82387-31O-140,45.0,False
82387-31O-150,40.0,False
82387-31O-85,100.0,False
82387-31O-90,90.0,False
82388-22D-50,13.0,False
82388-22D-60,39.0,False
82388-22D-70,105.0,False
82388-22D-75,100.0,False
82388-22D-80,100.0,False
82388-22D-85,90.0,False
82388-22D-90,90.0,False
82388-2BT-50,13.0,False
82388-2BT-60,43.0,False
82388-2BT-70,120.0,False
82388-2BT-75,110.0,False
82388-2BT-80,100.0,False
82388-2BT-85,100.0,False
82388-2BT-90,90.0,False
82388-2CK-50,13.0,False
82388-2CK-60,39.0,False
82388-2CK-70,101.0,False
82388-2CK-75,102.0,False
82388-2CK-80,90.0,False
82388-2CK-85,90.0,False
82388-2CK-90,92.0,False
82388-2GI-50,10.0,False
82388-2GI-60,29.0,False
82388-2GI-70,84.0,False
82388-2GI-75,120.0,False
82388-2GI-80,112.0,False
82388-2GI-85,103.0,False
82388-2GI-90,90.0,False
82388-2ZH-50,9.0,False
82388-2ZH-60,31.0,False
82388-2ZH-70,84.0,False
82388-2ZH-75,120.0,False
82388-2ZH-80,105.0,False
82388-2ZH-85,100.0,False
82388-2ZH-90,90.0,False
82394-2EL-100,50.0,False
82394-2EL-110,50.0,False
82394-2EL-120,45.0,False
82394-2EL-130,41.0,False
82394-2EL-140,30.0,False
82394-2EL-150,33.0,False
82395-2EL-50,28.0,False
82395-2EL-60,40.0,False
82395-2EL-70,40.0,False
82395-2EL-75,40.0,False
82395-2EL-80,35.0,False
82395-2EL-85,35.0,False
82395-2EL-90,30.0,False
82397-2EI-100,60.0,False
82397-2EI-110,60.0,False
82397-2EI-120,60.0,False
82397-2EI-130,50.0,False
82397-2EI-140,50.0,False
82397-2EI-150,30.0,False
82397-2EI-85,54.0,False
82397-2EI-90,65.0,False
82398-1GF-100,60.0,False
82398-1GF-110,60.0,False
82398-1GF-120,60.0,False
82398-1GF-130,50.0,False
82398-1GF-140,50.0,False
82398-1GF-150,50.0,False
82398-1GF-85,60.0,False
82398-1GF-90,60.0,False
82399-2TM-120,40.0,False
82399-2TM-130,40.0,False
82399-2TM-140,40.0,False
82399-2TM-150,32.0,False
82399-2ZJ-130,20.0,False
82399-2ZJ-140,19.0,False
82399-2ZJ-150,16.0,False
82400-1FV-100,55.0,False
82400-1FV-140,35.0,False
82400-1FV-150,30.0,False
82400-1FV-85,65.0,False
82400-1FV-90,60.0,False
82400-1GF-100,55.0,False
82400-1GF-110,50.0,False
82400-1GF-120,45.0,False
82400-1GF-130,40.0,False
82400-1GF-140,35.0,False
82400-1GF-150,30.0,False
82400-1GF-85,67.0,False
82400-1GF-90,60.0,False
82400-3KH-100,55.0,False
82400-3KH-110,50.0,False
82400-3KH-120,45.0,False
82400-3KH-130,40.0,False
82400-3KH-140,35.0,False
82400-3KH-150,30.0,False
82400-3KH-85,65.0,False
82400-3KH-90,60.0,False
82400-3KM-100,55.0,False
82400-3KM-110,50.0,False
82400-3KM-120,45.0,False
82400-3KM-130,40.0,False
82400-3KM-140,35.0,False
82400-3KM-150,30.0,False
82400-3KM-85,65.0,False
82400-3KM-90,60.0,False
82400-461-140,35.0,False
82400-461-150,34.0,False
82400-461-85,65.0,False
82400-461-90,60.0,False
82400-4JW-100,55.0,False
82400-4JW-110,50.0,False
82400-4JW-120,45.0,False
82400-4JW-130,40.0,False
82400-4JW-140,35.0,False
82400-4JW-150,30.0,False
82400-4JW-85,65.0,False
82400-4JW-90,60.0,False
82401-2ES-100,51.0,False
82401-2ES-110,54.0,False
82401-2ES-120,49.0,False
82401-2ES-130,43.0,False
82401-2ES-140,35.0,False
82401-2ES-150,24.0,False
82401-2ES-85,32.0,False
82401-2ES-90,65.0,False
82402-2JO-50,20.0,False
82402-2JO-60,20.0,False
82402-2JO-70,18.0,False
82402-2JO-75,18.0,False
82404-2JO-100,18.0,False
82404-2JO-110,18.0,False
82404-2JO-120,14.0,False
82404-2JO-130,14.0,False
82404-2JO-140,12.0,False
82404-2JO-150,12.0,False
82404-2JO-85,22.0,False
82404-2JO-90,20.0,False
82406-2CB-100,85.0,False
82406-2CB-140,55.0,False
82406-2CB-150,53.0,False
82406-2CB-85,100.0,False
82406-2CB-90,90.0,False
82406-2EG-100,85.0,False
82406-2EG-110,80.0,False
82406-2EG-140,55.0,False
82406-2EG-150,50.0,False
82406-2EG-85,100.0,False
82406-2EG-90,90.0,False
82406-2FN-150,50.0,False
82406-2GC-100,85.0,False
82406-2GC-140,55.0,False
82406-2GC-150,51.0,False
82406-2GC-85,100.0,False
82406-2GC-90,90.0,False
82406-2GV-150,50.0,False
82406-2GV-85,100.0,False
82406-2GV-90,90.0,False
82406-2JK-150,52.0,False
82406-2JK-85,100.0,False
82406-2JK-90,90.0,False
82406-4GZ-100,85.0,False
82406-4GZ-110,80.0,False
82406-4GZ-120,70.0,False
82406-4GZ-130,60.0,False
82406-4GZ-140,55.0,False
82406-4GZ-150,50.0,False
82406-5DG-100,85.0,False
82406-5DG-110,80.0,False
82406-5DG-120,70.0,False
82406-5DG-130,60.0,False
82406-5DG-140,55.0,False
82406-5DG-150,50.0,False
82406-5DG-85,100.0,False
82406-5DG-90,90.0,False
82406-5DJ-130,60.0,False
82406-5DJ-140,55.0,False
82406-5DJ-150,50.0,False
82406-5EV-100,85.0,False
82406-5EV-110,80.0,False
82406-5EV-130,60.0,False
82406-5EV-140,55.0,False
82406-5EV-150,50.0,False
82406-5EV-85,100.0,False
82406-5EV-90,90.0,False
82407-2BY-100,90.0,False
82407-2BY-140,60.0,False
82407-2BY-150,50.0,False
82407-2BY-85,110.0,False
82407-2BY-90,100.0,False
82407-2CH-140,60.0,False
82407-2CH-150,50.0,False
82407-2CH-85,110.0,False
82407-2CH-90,100.0,False
82407-2CL-100,90.0,False
82407-2CL-110,85.0,False
82407-2CL-120,80.0,False
82407-2CL-130,70.0,False
82407-2CL-140,65.0,False
82407-2CL-150,50.0,False
82407-2CL-85,110.0,False
82407-2CL-90,100.0,False
82407-2FQ-100,90.0,False
82407-2FQ-110,80.0,False
82407-2FQ-130,70.0,False
82407-2FQ-140,60.0,False
82407-2FQ-150,50.0,False
82407-2FQ-85,110.0,False
82407-2FQ-90,100.0,False
82407-2KB-100,90.0,False
82407-2KB-110,80.0,False
82407-2KB-120,80.0,False
82407-2KB-130,70.0,False
82407-2KB-140,60.0,False
82407-2KB-150,50.0,False
82407-2KB-85,110.0,False
82407-2KB-90,100.0,False
82407-4BJ-100,90.0,False
82407-4BJ-110,80.0,False
82407-4BJ-120,70.0,False
82407-4BJ-130,60.0,False
82407-4BJ-140,50.0,False
82407-4BJ-150,45.0,False
82407-4BJ-85,100.0,False
82407-4BJ-90,90.0,False
82407-4XG-110,70.0,False
82407-4XG-120,63.0,False
82407-4XG-130,65.0,False
82407-4XG-140,50.0,False
82407-4XG-150,50.0,False
82407-4XG-85,100.0,False
82407-4XG-90,94.0,False
82407-54K-100,80.0,False
82407-54K-110,70.0,False
82407-54K-120,72.0,False
82407-54K-130,62.0,False
82407-54K-140,50.0,False
82407-54K-150,48.0,False
82407-54K-85,100.0,False
82407-54K-90,90.0,False
82407-59I-100,90.0,False
82407-59I-110,70.0,False
82407-59I-120,60.0,False
82407-59I-130,60.0,False
82407-59I-140,71.0,False
82407-59I-150,45.0,False
82407-59I-85,84.0,False
82407-59I-90,90.0,False
82407-5DF-100,83.0,False
82407-5DF-110,80.0,False
82407-5DF-120,70.0,False
82407-5DF-130,60.0,False
82407-5DF-140,50.0,False
82407-5DF-150,45.0,False
82407-5DF-85,100.0,False
82407-5DF-90,90.0,False
82407-5FY-100,80.0,False
82407-5FY-110,70.0,False
82407-5FY-120,60.0,False
82407-5FY-130,60.0,False
82407-5FY-140,50.0,False
82407-5FY-150,48.0,False
82407-5FY-85,93.0,False
82407-5FY-90,97.0,False
82408-2G2-100,130.0,False
82408-2G2-110,120.0,False
82408-2G2-120,110.0,False
82408-2G2-130,100.0,False
82408-2G2-140,90.0,False
82408-2G2-150,75.0,False
82408-2G2-85,145.0,False
82408-2G2-90,152.0,False
82408-2GA-100,130.0,False
82408-2GA-110,120.0,False
82408-2GA-120,110.0,False
82408-2GA-130,100.0,False
82408-2GA-140,90.0,False
82408-2GA-150,75.0,False
82408-2GA-85,150.0,False
82408-2GA-90,140.0,False
82408-2JF-100,130.0,False
82408-2JF-110,120.0,False
82408-2JF-120,110.0,False
82408-2JF-130,100.0,False
82408-2JF-140,90.0,False
82408-2JF-150,75.0,False
82408-2JF-85,145.0,False
82408-2JF-90,141.0,False
82409-2EI-100,80.0,False
82409-2EI-110,70.0,False
82409-2EI-120,60.0,False
82409-2EI-130,55.0,False
82409-2EI-140,50.0,False
82409-2EI-150,45.0,False
82409-2EI-85,100.0,False
82409-2EI-90,90.0,False
82409-2EK-100,80.0,False
82409-2EK-110,70.0,False
82409-2EK-120,65.0,False
82409-2EK-130,55.0,False
82409-2EK-140,50.0,False
82409-2EK-150,45.0,False
82409-2EK-85,100.0,False
82409-2EK-90,90.0,False
82409-2GV-100,80.0,False
82409-2GV-110,70.0,False
82409-2GV-120,67.0,False
82409-2GV-130,55.0,False
82409-2GV-140,50.0,False
82409-2GV-150,45.0,False
82409-2GV-85,100.0,False
82409-2GV-90,90.0,False
82410-2CB-50,26.0,False
82410-2CB-60,66.0,False
82410-2CB-70,110.0,False
82410-2CB-75,100.0,False
82410-2CB-80,90.0,False
82410-2CB-85,80.0,False
82410-2CB-90,75.0,False
82410-2EG-50,26.0,False
82410-2EG-60,65.0,False
82410-2EG-70,112.0,False
82410-2EG-90,75.0,False
82410-2EI-50,104.0,False
82410-2EI-60,120.0,False
82410-2EI-90,75.0,False
82410-2FN-50,26.0,False
82410-2FN-60,66.0,False
82410-2FN-70,110.0,False
82410-2FN-90,75.0,False
82410-2GC-50,33.0,False
82410-2GC-60,85.0,False
82410-2GC-70,110.0,False
82410-2GC-75,100.0,False
82410-2GC-80,90.0,False
82410-2GC-85,80.0,False
82410-2GC-90,75.0,False
82410-2GV-60,120.0,False
82410-2GV-70,110.0,False
82410-2GV-75,100.0,False
82410-2GV-80,90.0,False
82410-2GV-85,80.0,False
82410-2GV-90,75.0,False
82410-2HM-50,58.0,False
82410-2HM-60,120.0,False
82410-2HM-70,110.0,False
82410-2HM-90,75.0,False
82410-4YZ-90,60.0,False
82410-5BV-50,30.0,False
82410-5BV-60,77.0,False
82410-5BV-70,100.0,False
82410-5BV-75,90.0,False
82410-5BV-80,80.0,False
82410-5BV-85,70.0,False
82410-5BV-90,65.0,False
82410-5BY-50,23.0,False
82410-5BY-60,61.0,False
82410-5BY-70,100.0,False
82410-5BY-75,90.0,False
82410-5BY-80,80.0,False
82410-5BY-85,70.0,False
82410-5BY-90,65.0,False
82410-5DG-50,38.0,False
82410-5DG-60,94.0,False
82410-5DG-70,100.0,False
82410-5DG-75,90.0,False
82410-5DG-80,80.0,False
82410-5DG-85,71.0,False
82410-5DG-90,60.0,False
82410-5DH-50,45.0,False
82410-5DH-60,113.0,False
82410-5DH-70,100.0,False
82410-5DH-75,90.0,False
82410-5DH-80,80.0,False
82410-5DH-85,70.0,False
82410-5DH-90,60.0,False
82410-5DJ-50,54.0,False
82410-5DJ-60,110.0,False
82410-5DJ-70,100.0,False
82410-5DJ-75,90.0,False
82410-5DJ-80,80.0,False
82410-5DJ-85,70.0,False
82410-5DJ-90,60.0,False
82410-5EV-60,110.0,False
82410-5EV-70,100.0,False
82410-5EV-75,90.0,False
82410-5EV-80,80.0,False
82410-5EV-85,70.0,False
82410-5EV-90,60.0,False
82410-5PK-50,36.0,False
82410-5PK-60,91.0,False
82410-5PK-70,100.0,False
82410-5PK-80,80.0,False
82410-5PK-85,71.0,False
82410-5PK-90,65.0,False
82410-QX6-50,100.0,False
82410-QX6-60,120.0,False
82410-QX6-70,110.0,False
82410-QX6-90,75.0,False
82411-2CH-50,12.0,False
82411-2CH-60,37.0,False
82411-2CH-70,55.0,False
82411-2CH-75,55.0,False
82411-2CH-80,50.0,False
82411-2CH-85,45.0,False
82411-2CH-90,47.0,False
82411-2FP-50,16.0,False
82411-2FP-60,50.0,False
82411-2FP-70,55.0,False
82411-2FP-75,55.0,False
82411-2FP-80,50.0,False
82411-2FP-85,50.0,False
82411-2FP-90,45.0,False
82411-2JE-50,12.0,False
82411-2JE-60,41.0,False
82411-2JE-70,55.0,False
82411-2JE-75,50.0,False
82411-2JE-80,50.0,False
82411-2JE-85,45.0,False
82411-2JE-90,45.0,False
82411-2KA-50,15.0,False
82411-2KA-60,45.0,False
82411-2KA-70,56.0,False
82411-2KA-75,55.0,False
82411-2KA-80,50.0,False
82411-2KA-85,50.0,False
82411-2KA-90,45.0,False
82411-30V-50,15.0,False
82411-30V-60,46.0,False
82411-30V-70,55.0,False
82411-30V-75,55.0,False
82411-30V-80,50.0,False
82411-30V-85,50.0,False
82411-30V-90,45.0,False
82418-2JX-XS,15.0,False
82418-2JX-XXL,12.0,False
82423-2JP-150,28.0,False
82424-2JP-100,46.0,False
82424-2JP-160,26.0,False
82424-2JP-85,48.0,False
82426-2JT-110,70.0,False
82426-2JT-120,65.0,False
82426-2JT-130,79.0,False
82426-2JT-150,23.0,False
82426-2JT-85,35.0,False
82426-2JT-90,64.0,False
82430-2JU-L,45.0,False
82430-2JU-M,50.0,False
82430-2JU-S,50.0,False
82430-2JU-XL,40.0,False
82430-2JU-XS,57.0,False
82430-2JU-XXL,43.0,False
82448-2YG-85,47.0,False
82449-2LV-100,80.0,False
82449-2LV-110,70.0,False
82449-2LV-120,64.0,False
82449-2LV-85,108.0,False
82449-2LV-90,103.0,False
82449-2LW-150,35.0,False
82452-EV5-100,125.0,False
82452-EV5-110,110.0,False
82452-EV5-120,100.0,False
82452-EV5-130,80.0,False
82452-EV5-140,50.0,False
82452-EV5-150,44.0,False
82452-EV5-85,107.0,False
82452-EV5-90,134.0,False
82453-2EL-120,90.0,False
82453-2EL-130,80.0,False
82453-2EL-140,64.0,False
82453-2EL-150,62.0,False
82453-2EL-85,154.0,False
82453-3EC-130,80.0,False
82453-3EC-150,60.0,False
82454-2GT-60,60.0,False
82455-2YR-50,28.0,False
82459-2YJ-100,67.0,False
82459-2YJ-110,84.0,False
82459-2YJ-140,41.0,False
82459-2YJ-150,20.0,False
82459-2YJ-85,31.0,False
82459-2YJ-90,53.0,False
82460-2XT-100,49.0,False
82460-2XT-110,62.0,False
82460-2XT-140,22.0,False
82460-2XT-150,12.0,False
82460-2XT-85,15.0,False
82460-2XT-90,32.0,False
82461-2YX-50,18.0,False
82461-2YX-60,44.0,False
82461-EV5-50,14.0,False
82461-EV5-60,39.0,False
82461-EV5-70,100.0,False
82461-EV5-75,90.0,False
82461-EV5-80,80.0,False
82461-EV5-85,75.0,False
82461-EV5-90,70.0,False
82467-2GT-85,33.0,False
82467-2GT-90,41.0,False
82467-2YR-90,40.0,False
82469-2GT-100,50.0,False
82469-2GT-150,34.0,False
82469-2GT-85,34.0,False
82469-2GT-90,63.0,False
82470-2GT-100,45.0,False
82470-2GT-110,45.0,False
82470-2GT-140,37.0,False
82470-2GT-150,23.0,False
82470-2GT-85,22.0,False
82470-2GT-90,47.0,False
82470-2YR-100,50.0,False
82470-2YR-150,33.0,False
82470-2YR-90,59.0,False
82472-2YT-50,23.0,False
82472-2YT-60,39.0,False
82472-2YT-90,13.0,False
82474-2NQ-XXS,13.0,False
82474-2OZ-L,70.0,False
82474-2OZ-M,80.0,False
82474-2OZ-S,80.0,False
82474-2OZ-XL,70.0,False
82474-2OZ-XS,59.0,False
82474-2OZ-XXL,34.0,False
82474-2OZ-XXS,33.0,False
82474-2XU-XXS,14.0,False
82474-38N-XXS,34.0,False
82474-3NS-L,24.0,False
82474-3NS-M,24.0,False
82474-3NS-S,28.0,False
82474-3NS-XL,21.0,False
82474-3NS-XS,28.0,False
82474-3NS-XXL,22.0,False
82474-3NS-XXS,28.0,False
82474-3PB-L,70.0,False
82474-3PB-M,89.0,False
82474-3PB-S,80.0,False
82474-3PB-XL,47.0,False
82474-3PB-XS,63.0,False
82474-3PB-XXL,37.0,False
82474-3PB-XXS,23.0,False
82474-3PC-L,70.0,False
82474-3PC-M,87.0,False
82474-3PC-S,80.0,False
82474-3PC-XL,47.0,False
82474-3PC-XS,64.0,False
82474-3PC-XXL,35.0,False
82474-3PC-XXS,21.0,False
82474-3PE-L,70.0,False
82474-3PE-M,86.0,False
82474-3PE-S,80.0,False
82474-3PE-XL,47.0,False
82474-3PE-XS,66.0,False
82474-3PE-XXL,38.0,False
82474-3PE-XXS,24.0,False
82474-45W-L,24.0,False
82474-45W-M,25.0,False
82474-45W-S,28.0,False
82474-45W-XL,20.0,False
82474-45W-XS,28.0,False
82474-45W-XXL,20.0,False
82474-45W-XXS,29.0,False
82476-3AK-100,53.0,False
82476-3AK-110,37.0,False
82476-3AK-120,30.0,False
82476-3AK-130,22.0,False
82476-3AK-70,18.0,False
82476-3AK-75,25.0,False
82476-3AK-80,30.0,False
82476-3AK-85,30.0,False
82476-3AK-90,47.0,False
82476-3AL-100,51.0,False
82476-3AL-110,40.0,False
82476-3AL-120,30.0,False
82476-3AL-130,22.0,False
82476-3AL-70,18.0,False
82476-3AL-75,24.0,False
82476-3AL-80,30.0,False
82476-3AL-85,30.0,False
82476-3AL-90,30.0,False
82476-3AP-100,53.0,False
82476-3AP-110,39.0,False
82476-3AP-120,30.0,False
82476-3AP-130,21.0,False
82476-3AP-70,16.0,False
82476-3AP-75,22.0,False
82476-3AP-80,30.0,False
82476-3AP-85,30.0,False
82476-3AP-90,49.0,False
82476-3AQ-100,51.0,False
82476-3AQ-110,37.0,False
82476-3AQ-120,22.0,False
82476-3AQ-130,22.0,False
82476-3AQ-70,15.0,False
82476-3AQ-75,24.0,False
82476-3AQ-80,30.0,False
82476-3AQ-85,30.0,False
82476-3AQ-90,48.0,False
82476-3AR-100,54.0,False
82476-3AR-110,41.0,False
82476-3AR-120,30.0,False
82476-3AR-130,22.0,False
82476-3AR-70,15.0,False
82476-3AR-75,24.0,False
82476-3AR-80,30.0,False
82476-3AR-85,30.0,False
82476-3AR-90,47.0,False
82476-3MU-100,80.0,False
82476-3MU-110,70.0,False
82476-3MU-120,65.0,False
82476-3MU-130,60.0,False
82476-3MU-70,37.0,False
82476-3MU-75,48.0,False
82476-3MU-80,58.0,False
82476-3MU-85,107.0,False
82476-3MU-90,90.0,False
82476-3MY-100,55.0,False
82476-3MY-110,65.0,False
82476-3MY-120,50.0,False
82476-3MY-130,30.0,False
82476-3MY-70,20.0,False
82476-3MY-75,30.0,False
82476-3MY-80,45.0,False
82476-3MY-85,50.0,False
82476-3MY-90,55.0,False
82476-3NA-100,55.0,False
82476-3NA-110,65.0,False
82476-3NA-120,50.0,False
82476-3NA-130,30.0,False
82476-3NA-70,20.0,False
82476-3NA-75,30.0,False
82476-3NA-80,45.0,False
82476-3NA-85,50.0,False
82476-3NA-90,55.0,False
82477-3AK-100,68.0,False
82477-3AK-110,76.0,False
82477-3AK-120,40.0,False
82477-3AK-130,31.0,False
82477-3AK-70,11.0,False
82477-3AK-75,9.0,False
82477-3AK-80,27.0,False
82477-3AK-85,53.0,False
82477-3AK-90,85.0,False
82477-3AL-100,40.0,False
82477-3AL-110,42.0,False
82477-3AL-120,40.0,False
82477-3AL-130,31.0,False
82477-3AL-70,12.0,False
82477-3AL-75,13.0,False
82477-3AL-80,27.0,False
82477-3AL-85,40.0,False
82477-3AL-90,42.0,False
82477-3AP-100,67.0,False
82477-3AP-110,81.0,False
82477-3AP-120,41.0,False
82477-3AP-130,31.0,False
82477-3AP-70,14.0,False
82477-3AP-75,13.0,False
82477-3AP-80,31.0,False
82477-3AP-85,56.0,False
82477-3AP-90,83.0,False
82477-3AQ-100,48.0,False
82477-3AQ-110,83.0,False
82477-3AQ-120,39.0,False
82477-3AQ-130,30.0,False
82477-3AQ-70,12.0,False
82477-3AQ-75,9.0,False
82477-3AQ-80,32.0,False
82477-3AQ-85,50.0,False
82477-3AQ-90,77.0,False
82477-3AR-100,66.0,False
82477-3AR-110,87.0,False
82477-3AR-120,46.0,False
82477-3AR-130,33.0,False
82477-3AR-70,12.0,False
82477-3AR-75,10.0,False
82477-3AR-80,32.0,False
82477-3AR-85,50.0,False
82477-3AR-90,80.0,False
82477-3MY-100,55.0,False
82477-3MY-110,65.0,False
82477-3MY-120,50.0,False
82477-3MY-130,30.0,False
82477-3MY-70,20.0,False
82477-3MY-75,30.0,False
82477-3MY-80,45.0,False
82477-3MY-85,49.0,False
82477-3MY-90,55.0,False
82477-3NA-100,55.0,False
82477-3NA-110,65.0,False
82477-3NA-120,50.0,False
82477-3NA-130,30.0,False
82477-3NA-70,19.0,False
82477-3NA-75,30.0,False
82477-3NA-80,45.0,False
82477-3NA-85,50.0,False
82477-3NA-90,55.0,False
82478-3AK-50,50.0,False
82478-3AK-60,50.0,False
82478-3AK-70,50.0,False
82478-3AK-75,50.0,False
82478-3AK-80,50.0,False
82478-3AK-85,52.0,False
82478-3AK-90,50.0,False
82478-3AK-NB,29.0,False
82478-3AL-50,50.0,False
82478-3AL-60,50.0,False
82478-3AL-70,50.0,False
82478-3AL-75,50.0,False
82478-3AL-80,50.0,False
82478-3AL-85,53.0,False
82478-3AL-90,46.0,False
82478-3AL-NB,25.0,False
82478-3AP-50,50.0,False
82478-3AP-60,50.0,False
82478-3AP-70,50.0,False
82478-3AP-75,50.0,False
82478-3AP-80,50.0,False
82478-3AP-85,51.0,False
82478-3AP-90,26.0,False
82478-3AP-NB,20.0,False
82478-3AQ-50,50.0,False
82478-3AQ-60,50.0,False
82478-3AQ-70,50.0,False
82478-3AQ-75,50.0,False
82478-3AQ-80,50.0,False
82478-3AQ-85,51.0,False
82478-3AQ-90,44.0,False
82478-3AQ-NB,26.0,False
82478-3AR-50,50.0,False
82478-3AR-60,50.0,False
82478-3AR-70,50.0,False
82478-3AR-75,50.0,False
82478-3AR-80,50.0,False
82478-3AR-85,57.0,False
82478-3AR-90,48.0,False
82478-3AR-NB,25.0,False
82478-3MU-50,138.0,False
82478-3MU-60,140.0,False
82478-3MU-70,134.0,False
82478-3MU-75,91.0,False
82478-3MU-80,70.0,False
82478-3MU-85,38.0,False
82478-3MU-90,38.0,False
82478-3MU-NB,71.0,False
82478-3MY-50,70.0,False
82478-3MY-60,80.0,False
82478-3MY-70,75.0,False
82478-3MY-75,60.0,False
82478-3MY-80,40.0,False
82478-3MY-85,20.0,False
82478-3MY-90,15.0,False
82478-3MY-NB,40.0,False
82478-3NA-50,68.0,False
82478-3NA-60,78.0,False
82478-3NA-70,75.0,False
82478-3NA-75,60.0,False
82478-3NA-80,38.0,False
82478-3NA-85,20.0,False
82478-3NA-90,15.0,False
82478-3NA-NB,40.0,False
82479-3AK-50,50.0,False
82479-3AK-60,70.0,False
82479-3AK-70,75.0,False
82479-3AK-75,60.0,False
82479-3AK-NB,45.0,False
82479-3AL-50,50.0,False
82479-3AL-60,70.0,False
82479-3AL-70,75.0,False
82479-3AL-75,60.0,False
82479-3AL-NB,45.0,False
82479-3AP-50,50.0,False
82479-3AP-60,60.0,False
82479-3AP-70,60.0,False
82479-3AP-75,60.0,False
82479-3AP-NB,45.0,False
82479-3AQ-50,50.0,False
82479-3AQ-60,60.0,False
82479-3AQ-70,60.0,False
82479-3AQ-75,60.0,False
82479-3AQ-NB,45.0,False
82479-3AR-50,50.0,False
82479-3AR-60,70.0,False
82479-3AR-70,75.0,False
82479-3AR-75,60.0,False
82479-3AR-NB,45.0,False
82479-3MY-50,70.0,False
82479-3MY-60,90.0,False
82479-3MY-70,68.0,False
82479-3MY-75,40.0,False
82479-3MY-NB,30.0,False
82479-3NA-50,70.0,False
82479-3NA-60,90.0,False
82479-3NA-70,68.0,False
82479-3NA-75,39.0,False
82479-3NA-NB,29.0,False
82480-3AK-NB,100.0,False
82480-3AK-XS,100.0,False
82480-3AK-XXS,100.0,False
82480-3AL-NB,100.0,False
82480-3AL-XS,105.0,False
82480-3AL-XXS,100.0,False
82480-3AP-NB,100.0,False
82480-3AP-XS,100.0,False
82480-3AP-XXS,100.0,False
82480-3AQ-NB,102.0,False
82480-3AQ-XS,102.0,False
82480-3AQ-XXS,104.0,False
82480-3AR-NB,105.0,False
82480-3AR-XS,105.0,False
82480-3AR-XXS,100.0,False
82481-3AK-50,30.0,False
82481-3AK-60,45.0,False
82481-3AK-70,75.0,False
82481-3AK-75,80.0,False
82481-3AK-80,70.0,False
82481-3AK-85,60.0,False
82481-3AK-90,40.0,False
82481-3AP-50,30.0,False
82481-3AP-60,45.0,False
82481-3AP-70,60.0,False
82481-3AP-75,60.0,False
82481-3AP-80,60.0,False
82481-3AP-85,60.0,False
82481-3AP-90,40.0,False
82481-3AQ-50,30.0,False
82481-3AQ-60,45.0,False
82481-3AQ-70,75.0,False
82481-3AQ-75,80.0,False
82481-3AQ-80,70.0,False
82481-3AQ-85,60.0,False
82481-3AQ-90,40.0,False
82481-3AR-50,30.0,False
82481-3AR-60,45.0,False
82481-3AR-70,60.0,False
82481-3AR-75,60.0,False
82481-3AR-80,60.0,False
82481-3AR-85,60.0,False
82481-3AR-90,40.0,False
82481-3MY-50,34.0,False
82481-3MY-60,34.0,False
82481-3MY-70,62.0,False
82481-3MY-75,62.0,False
82481-3MY-80,34.0,False
82481-3MY-85,34.0,False
82481-3MY-90,29.0,False
82481-3NA-50,34.0,False
82481-3NA-60,34.0,False
82481-3NA-70,62.0,False
82481-3NA-75,62.0,False
82481-3NA-80,34.0,False
82481-3NA-85,34.0,False
82481-3NA-90,29.0,False
82482-3AC-100,50.0,False
82482-3AC-110,50.0,False
82482-3AC-120,33.0,False
82482-3AC-130,13.0,False
82482-3AC-70,13.0,False
82482-3AC-75,14.0,False
82482-3AC-80,31.0,False
82482-3AC-85,42.0,False
82482-3AC-90,50.0,False
82482-3AE-110,52.0,False
82482-3AE-120,40.0,False
82482-3AE-130,25.0,False
82482-3AE-70,12.0,False
82482-3AE-75,24.0,False
82482-3AE-80,30.0,False
82482-3AE-85,58.0,False
82482-3AE-90,61.0,False
82482-3AG-100,50.0,False
82482-3AG-110,50.0,False
82482-3AG-120,37.0,False
82482-3AG-130,24.0,False
82482-3AG-70,12.0,False
82482-3AG-75,22.0,False
82482-3AG-80,27.0,False
82482-3AG-85,46.0,False
82482-3AG-90,50.0,False
82482-3AH-100,50.0,False
82482-3AH-110,51.0,False
82482-3AH-120,39.0,False
82482-3AH-130,22.0,False
82482-3AH-70,4.0,False
82482-3AH-75,18.0,False
82482-3AH-80,31.0,False
82482-3AH-85,43.0,False
82482-3AH-90,58.0,False
82482-3AJ-100,51.0,False
82482-3AJ-110,50.0,False
82482-3AJ-120,40.0,False
82482-3AJ-130,22.0,False
82482-3AJ-70,10.0,False
82482-3AJ-75,20.0,False
82482-3AJ-80,32.0,False
82482-3AJ-85,42.0,False
82482-3AJ-90,60.0,False
82482-3BI-100,50.0,False
82482-3BI-110,50.0,False
82482-3BI-120,41.0,False
82482-3BI-130,19.0,False
82482-3BI-70,6.0,False
82482-3BI-75,24.0,False
82482-3BI-80,31.0,False
82482-3BI-85,37.0,False
82482-3BI-90,51.0,False
82482-3MX-100,77.0,False
82482-3MX-110,55.0,False
82482-3MX-120,33.0,False
82482-3MX-130,32.0,False
82482-3MX-70,13.0,False
82482-3MX-75,13.0,False
82482-3MX-80,22.0,False
82482-3MX-85,43.0,False
82482-3MX-90,49.0,False
82482-3MZ-110,34.0,False
82482-3MZ-75,10.0,False
82482-3MZ-80,17.0,False
82482-3MZ-85,35.0,False
82482-3MZ-90,36.0,False
82482-3N3-100,66.0,False
82482-3N3-110,54.0,False
82482-3N3-120,40.0,False
82482-3N3-130,23.0,False
82482-3N3-70,11.0,False
82482-3N3-75,16.0,False
82482-3N3-80,23.0,False
82482-3N3-85,47.0,False
82482-3N3-90,62.0,False
82482-3NC-100,77.0,False
82482-3NC-110,67.0,False
82482-3NC-120,53.0,False
82482-3NC-130,34.0,False
82482-3NC-70,7.0,False
82482-3NC-75,16.0,False
82482-3NC-80,25.0,False
82482-3NC-85,50.0,False
82482-3NC-90,58.0,False
82482-4RM-100,110.0,False
82482-4RM-110,100.0,False
82482-4RM-120,90.0,False
82482-4RM-130,42.0,False
82482-4RM-70,40.0,False
82482-4RM-75,58.0,False
82482-4RM-80,31.0,False
82482-4RM-85,116.0,False
82482-4RM-90,110.0,False
82483-3AC-100,48.0,False
82483-3AC-110,49.0,False
82483-3AC-120,42.0,False
82483-3AC-130,33.0,False
82483-3AC-70,1.0,False
82483-3AC-75,10.0,False
82483-3AC-80,24.0,False
82483-3AC-85,45.0,False
82483-3AC-90,48.0,False
82483-3AE-100,53.0,False
82483-3AE-110,59.0,False
82483-3AE-120,21.0,False
82483-3AE-130,27.0,False
82483-3AE-70,11.0,False
82483-3AE-75,8.0,False
82483-3AE-80,23.0,False
82483-3AE-85,41.0,False
82483-3AE-90,58.0,False
82483-3AG-100,65.0,False
82483-3AG-110,42.0,False
82483-3AG-120,35.0,False
82483-3AG-130,27.0,False
82483-3AG-70,12.0,False
82483-3AG-75,8.0,False
82483-3AG-80,23.0,False
82483-3AG-85,47.0,False
82483-3AG-90,55.0,False
82483-3AH-100,51.0,False
82483-3AH-110,49.0,False
82483-3AH-120,32.0,False
82483-3AH-130,22.0,False
82483-3AH-70,6.0,False
82483-3AH-75,7.0,False
82483-3AH-80,22.0,False
82483-3AH-85,33.0,False
82483-3AH-90,44.0,False
82483-3AJ-100,53.0,False
82483-3AJ-110,17.0,False
82483-3AJ-120,26.0,False
82483-3AJ-130,30.0,False
82483-3AJ-70,5.0,False
82483-3AJ-75,9.0,False
82483-3AJ-80,25.0,False
82483-3AJ-85,43.0,False
82483-3AJ-90,71.0,False
82483-3BI-100,60.0,False
82483-3BI-110,72.0,False
82483-3BI-120,39.0,False
82483-3BI-130,27.0,False
82483-3BI-70,10.0,False
82483-3BI-75,12.0,False
82483-3BI-80,26.0,False
82483-3BI-85,47.0,False
82483-3BI-90,57.0,False
82483-3MX-100,58.0,False
82483-3MX-110,64.0,False
82483-3MX-120,33.0,False
82483-3MX-130,21.0,False
82483-3MX-70,12.0,False
82483-3MX-75,13.0,False
82483-3MX-80,12.0,False
82483-3MX-85,37.0,False
82483-3MX-90,63.0,False
82483-3MZ-100,70.0,False
82483-3MZ-120,37.0,False
82483-3MZ-70,15.0,False
82483-3MZ-75,16.0,False
82483-3MZ-80,19.0,False
82483-3MZ-85,49.0,False
82483-3MZ-90,73.0,False
82483-3N3-100,58.0,False
82483-3N3-110,32.0,False
82483-3N3-120,28.0,False
82483-3N3-70,20.0,False
82483-3N3-80,22.0,False
82483-3N3-85,40.0,False
82483-3N3-90,63.0,False
82483-3NC-100,75.0,False
82483-3NC-110,63.0,False
82483-3NC-120,46.0,False
82483-3NC-130,26.0,False
82483-3NC-70,10.0,False
82483-3NC-75,21.0,False
82483-3NC-80,24.0,False
82483-3NC-85,49.0,False
82483-3NC-90,70.0,False
82484-3AC-50,89.0,False
82484-3AC-60,111.0,False
82484-3AC-70,57.0,False
82484-3AC-75,50.0,False
82484-3AC-80,49.0,False
82484-3AC-85,53.0,False
82484-3AC-90,45.0,False
82484-3AC-NB,57.0,False
82484-3AE-50,53.0,False
82484-3AE-60,73.0,False
82484-3AE-70,50.0,False
82484-3AE-75,50.0,False
82484-3AE-80,45.0,False
82484-3AE-85,52.0,False
82484-3AE-90,51.0,False
82484-3AE-NB,39.0,False
82484-3AG-50,50.0,False
82484-3AG-60,50.0,False
82484-3AG-70,51.0,False
82484-3AG-75,52.0,False
82484-3AG-80,52.0,False
82484-3AG-85,49.0,False
82484-3AG-90,45.0,False
82484-3AG-NB,28.0,False
82484-3AH-60,64.0,False
82484-3AH-70,50.0,False
82484-3AH-75,50.0,False
82484-3AH-80,50.0,False
82484-3AH-85,45.0,False
82484-3AH-90,49.0,False
82484-3AH-NB,25.0,False
82484-3AJ-50,50.0,False
82484-3AJ-60,50.0,False
82484-3AJ-70,50.0,False
82484-3AJ-75,50.0,False
82484-3AJ-80,74.0,False
82484-3AJ-85,47.0,False
82484-3AJ-90,47.0,False
82484-3AJ-NB,24.0,False
82484-3BI-50,50.0,False
82484-3BI-60,48.0,False
82484-3BI-70,50.0,False
82484-3BI-75,50.0,False
82484-3BI-80,50.0,False
82484-3BI-85,52.0,False
82484-3BI-90,49.0,False
82484-3BI-NB,25.0,False
82484-3MX-85,13.0,False
82484-3MX-90,13.0,False
82484-3MZ-50,62.0,False
82484-3MZ-60,83.0,False
82484-3MZ-70,78.0,False
82484-3MZ-75,76.0,False
82484-3MZ-80,70.0,False
82484-3MZ-85,15.0,False
82484-3MZ-90,15.0,False
82484-3MZ-NB,18.0,False
82484-3N3-50,50.0,False
82484-3N3-60,109.0,False
82484-3N3-70,73.0,False
82484-3N3-75,63.0,False
82484-3N3-80,62.0,False
82484-3N3-85,9.0,False
82484-3N3-90,7.0,False
82484-3N3-NB,18.0,False
82484-3NC-50,75.0,False
82484-3NC-60,102.0,False
82484-3NC-70,96.0,False
82484-3NC-75,88.0,False
82484-3NC-80,82.0,False
82484-3NC-85,15.0,False
82484-3NC-90,14.0,False
82484-3NC-NB,32.0,False
82484-4RM-50,141.0,False
82484-4RM-60,130.0,False
82484-4RM-70,132.0,False
82484-4RM-75,99.0,False
82484-4RM-80,76.0,False
82484-4RM-90,54.0,False
82484-4RM-NB,80.0,False
82485-3AV-50,52.0,False
82485-3AV-60,48.0,False
82485-3AV-70,53.0,False
82485-3AV-75,50.0,False
82485-3AV-80,50.0,False
82485-3AV-85,44.0,False
82485-3AV-90,40.0,False
82485-3AV-NB,47.0,False
82485-3AZ-50,61.0,False
82485-3AZ-60,59.0,False
82485-3AZ-70,90.0,False
82485-3AZ-75,76.0,False
82485-3AZ-80,72.0,False
82485-3AZ-85,45.0,False
82485-3AZ-90,40.0,False
82485-3AZ-NB,50.0,False
82485-3BA-50,76.0,False
82485-3BA-60,88.0,False
82485-3BA-70,60.0,False
82485-3BA-75,50.0,False
82485-3BA-80,50.0,False
82485-3BA-85,48.0,False
82485-3BA-90,42.0,False
82485-3BA-NB,61.0,False
82485-3BC-50,81.0,False
82485-3BC-60,81.0,False
82485-3BC-70,59.0,False
82485-3BC-75,50.0,False
82485-3BC-80,50.0,False
82485-3BC-85,47.0,False
82485-3BC-90,39.0,False
82485-3BC-NB,50.0,False
82485-3BH-50,51.0,False
82485-3BH-60,50.0,False
82485-3BH-70,50.0,False
82485-3BH-75,50.0,False
82485-3BH-80,50.0,False
82485-3BH-85,46.0,False
82485-3BH-90,43.0,False
82485-3BH-NB,49.0,False
82485-3BJ-50,87.0,False
82485-3BJ-60,102.0,False
82485-3BJ-70,65.0,False
82485-3BJ-75,50.0,False
82485-3BJ-80,50.0,False
82485-3BJ-85,43.0,False
82485-3BJ-90,40.0,False
82485-3BJ-NB,76.0,False
82485-3ND-50,90.0,False
82485-3ND-60,104.0,False
82485-3ND-70,87.0,False
82485-3ND-75,80.0,False
82485-3ND-80,49.0,False
82485-3ND-85,21.0,False
82485-3ND-90,20.0,False
82485-3ND-NB,51.0,False
82485-3NE-50,88.0,False
82485-3NE-60,100.0,False
82485-3NE-70,87.0,False
82485-3NE-75,83.0,False
82485-3NE-80,51.0,False
82485-3NE-85,19.0,False
82485-3NE-90,10.0,False
82485-3NE-NB,46.0,False
82485-3NF-50,82.0,False
82485-3NF-60,109.0,False
82485-3NF-70,91.0,False
82485-3NF-75,79.0,False
82485-3NF-80,50.0,False
82485-3NF-85,20.0,False
82485-3NF-90,17.0,False
82485-3NF-NB,42.0,False
82486-3AV-100,62.0,False
82486-3AV-110,50.0,False
82486-3AV-120,39.0,False
82486-3AV-130,21.0,False
82486-3AV-70,6.0,False
82486-3AV-75,25.0,False
82486-3AV-80,22.0,False
82486-3AV-85,41.0,False
82486-3AV-90,70.0,False
82486-3AZ-100,69.0,False
82486-3AZ-110,35.0,False
82486-3AZ-120,38.0,False
82486-3AZ-130,19.0,False
82486-3AZ-70,15.0,False
82486-3AZ-75,21.0,False
82486-3AZ-80,35.0,False
82486-3AZ-85,44.0,False
82486-3AZ-90,66.0,False
82486-3BA-100,52.0,False
82486-3BA-110,50.0,False
82486-3BA-120,37.0,False
82486-3BA-130,26.0,False
82486-3BA-70,20.0,False
82486-3BA-75,24.0,False
82486-3BA-80,30.0,False
82486-3BA-85,48.0,False
82486-3BA-90,50.0,False
82486-3BC-100,55.0,False
82486-3BC-110,50.0,False
82486-3BC-120,47.0,False
82486-3BC-130,24.0,False
82486-3BC-70,10.0,False
82486-3BC-75,25.0,False
82486-3BC-80,22.0,False
82486-3BC-85,50.0,False
82486-3BC-90,50.0,False
82486-3BH-100,50.0,False
82486-3BH-110,50.0,False
82486-3BH-120,33.0,False
82486-3BH-130,19.0,False
82486-3BH-70,15.0,False
82486-3BH-75,24.0,False
82486-3BH-80,30.0,False
82486-3BH-85,30.0,False
82486-3BH-90,50.0,False
82486-3BJ-100,50.0,False
82486-3BJ-110,52.0,False
82486-3BJ-120,41.0,False
82486-3BJ-130,23.0,False
82486-3BJ-70,16.0,False
82486-3BJ-75,25.0,False
82486-3BJ-80,30.0,False
82486-3BJ-85,53.0,False
82486-3BJ-90,52.0,False
82486-3ND-100,75.0,False
82486-3ND-110,54.0,False
82486-3ND-120,50.0,False
82486-3ND-130,37.0,False
82486-3ND-70,15.0,False
82486-3ND-75,15.0,False
82486-3ND-80,29.0,False
82486-3ND-85,70.0,False
82486-3ND-90,72.0,False
82486-3NE-100,78.0,False
82486-3NE-110,50.0,False
82486-3NE-120,46.0,False
82486-3NE-130,36.0,False
82486-3NE-70,15.0,False
82486-3NE-75,16.0,False
82486-3NE-80,25.0,False
82486-3NE-85,70.0,False
82486-3NE-90,73.0,False
82486-3NF-100,79.0,False
82486-3NF-110,52.0,False
82486-3NF-120,49.0,False
82486-3NF-130,38.0,False
82486-3NF-70,18.0,False
82486-3NF-75,17.0,False
82486-3NF-80,27.0,False
82486-3NF-85,73.0,False
82486-3NF-90,75.0,False
82487-3AV-100,52.0,False
82487-3AV-110,71.0,False
82487-3AV-120,35.0,False
82487-3AV-130,30.0,False
82487-3AV-70,11.0,False
82487-3AV-75,12.0,False
82487-3AV-80,24.0,False
82487-3AV-85,53.0,False
82487-3AV-90,76.0,False
82487-3AZ-100,20.0,False
82487-3AZ-110,43.0,False
82487-3AZ-120,22.0,False
82487-3AZ-130,20.0,False
82487-3AZ-70,8.0,False
82487-3AZ-75,4.0,False
82487-3AZ-80,17.0,False
82487-3AZ-85,29.0,False
82487-3AZ-90,51.0,False
82487-3BA-100,65.0,False
82487-3BA-110,82.0,False
82487-3BA-120,36.0,False
82487-3BA-130,29.0,False
82487-3BA-70,13.0,False
82487-3BA-75,9.0,False
82487-3BA-80,25.0,False
82487-3BA-85,49.0,False
82487-3BA-90,82.0,False
82487-3BC-100,26.0,False
82487-3BC-110,78.0,False
82487-3BC-120,38.0,False
82487-3BC-130,31.0,False
82487-3BC-70,11.0,False
82487-3BC-75,12.0,False
82487-3BC-80,27.0,False
82487-3BC-85,44.0,False
82487-3BH-100,41.0,False
82487-3BH-110,57.0,False
82487-3BH-120,30.0,False
82487-3BH-130,27.0,False
82487-3BH-70,9.0,False
82487-3BH-75,7.0,False
82487-3BH-80,35.0,False
82487-3BH-85,28.0,False
82487-3BH-90,51.0,False
82487-3BJ-100,42.0,False
82487-3BJ-110,32.0,False
82487-3BJ-120,15.0,False
82487-3BJ-130,23.0,False
82487-3BJ-70,10.0,False
82487-3BJ-75,12.0,False
82487-3BJ-80,29.0,False
82487-3BJ-85,41.0,False
82487-3ND-100,65.0,False
82487-3ND-110,53.0,False
82487-3ND-120,45.0,False
82487-3ND-130,37.0,False
82487-3ND-70,8.0,False
82487-3ND-75,8.0,False
82487-3ND-80,24.0,False
82487-3ND-85,71.0,False
82487-3ND-90,61.0,False
82487-3NE-100,75.0,False
82487-3NE-110,46.0,False
82487-3NE-120,44.0,False
82487-3NE-130,39.0,False
82487-3NE-70,11.0,False
82487-3NE-75,9.0,False
82487-3NE-80,17.0,False
82487-3NE-85,76.0,False
82487-3NE-90,56.0,False
82487-3NF-100,82.0,False
82487-3NF-110,50.0,False
82487-3NF-120,44.0,False
82487-3NF-130,40.0,False
82487-3NF-70,11.0,False
82487-3NF-75,11.0,False
82487-3NF-80,22.0,False
82487-3NF-85,76.0,False
82487-3NF-90,66.0,False
82488-3AC-NB,106.0,False
82488-3AC-XS,57.0,False
82488-3AC-XXS,50.0,False
82488-3AE-NB,104.0,False
82488-3AE-XS,58.0,False
82488-3AE-XXS,50.0,False
82488-3AG-NB,106.0,False
82488-3AG-XS,55.0,False
82488-3AG-XXS,50.0,False
82488-3AH-NB,95.0,False
82488-3AH-XS,52.0,False
82488-3AH-XXS,50.0,False
82488-3AJ-NB,103.0,False
82488-3AJ-XS,103.0,False
82488-3AJ-XXS,102.0,False
82488-3BI-NB,101.0,False
82488-3BI-XS,50.0,False
82488-3BI-XXS,102.0,False
82488-3MX-NB,40.0,False
82488-3MX-XS,80.0,False
82488-3MX-XXS,179.0,False
82488-3MZ-NB,27.0,False
82488-3MZ-XS,41.0,False
82488-3MZ-XXS,106.0,False
82488-3N3-NB,49.0,False
82488-3N3-XS,52.0,False
82488-3N3-XXS,189.0,False
82488-3NC-NB,45.0,False
82488-3NC-XS,82.0,False
82488-3NC-XXS,183.0,False
82489-3AC-50,50.0,False
82489-3AC-60,50.0,False
82489-3AC-70,50.0,False
82489-3AC-75,40.0,False
82489-3AC-NB,45.0,False
82489-3AE-50,62.0,False
82489-3AE-60,59.0,False
82489-3AE-70,62.0,False
82489-3AE-75,50.0,False
82489-3AE-NB,45.0,False
82489-3AG-50,50.0,False
82489-3AG-60,50.0,False
82489-3AG-70,50.0,False
82489-3AG-75,46.0,False
82489-3AG-NB,45.0,False
82489-3AH-50,50.0,False
82489-3AH-60,50.0,False
82489-3AH-70,50.0,False
82489-3AH-75,57.0,False
82489-3AH-NB,40.0,False
82489-3AJ-50,60.0,False
82489-3AJ-60,78.0,False
82489-3AJ-70,73.0,False
82489-3AJ-75,63.0,False
82489-3AJ-NB,32.0,False
82489-3BI-50,50.0,False
82489-3BI-60,50.0,False
82489-3BI-70,50.0,False
82489-3BI-75,62.0,False
82489-3BI-NB,45.0,False
82489-3MX-50,99.0,False
82489-3MX-60,50.0,False
82489-3MX-70,46.0,False
82489-3MX-75,33.0,False
82489-3MX-NB,42.0,False
82489-3MZ-50,114.0,False
82489-3MZ-60,58.0,False
82489-3MZ-70,52.0,False
82489-3MZ-75,26.0,False
82489-3MZ-NB,50.0,False
82489-3N3-50,112.0,False
82489-3N3-60,52.0,False
82489-3N3-70,49.0,False
82489-3N3-75,26.0,False
82489-3N3-NB,53.0,False
82489-3NC-50,90.0,False
82489-3NC-60,40.0,False
82489-3NC-70,44.0,False
82489-3NC-75,22.0,False
82489-3NC-NB,36.0,False
82490-3AC-50,30.0,False
82490-3AC-60,45.0,False
82490-3AC-70,58.0,False
82490-3AC-75,70.0,False
82490-3AC-80,50.0,False
82490-3AC-85,50.0,False
82490-3AC-90,40.0,False
82490-3AE-50,31.0,False
82490-3AE-60,42.0,False
82490-3AE-70,71.0,False
82490-3AE-75,80.0,False
82490-3AE-80,75.0,False
82490-3AE-85,55.0,False
82490-3AE-90,39.0,False
82490-3AG-50,29.0,False
82490-3AG-60,22.0,False
82490-3AG-70,55.0,False
82490-3AG-75,48.0,False
82490-3AG-80,55.0,False
82490-3AG-85,53.0,False
82490-3AG-90,35.0,False
82490-3AH-50,30.0,False
82490-3AH-60,37.0,False
82490-3AH-70,53.0,False
82490-3AH-75,53.0,False
82490-3AH-80,53.0,False
82490-3AH-85,52.0,False
82490-3AH-90,35.0,False
82490-3AJ-50,30.0,False
82490-3AJ-60,44.0,False
82490-3AJ-70,50.0,False
82490-3AJ-75,50.0,False
82490-3AJ-80,50.0,False
82490-3AJ-85,56.0,False
82490-3AJ-90,41.0,False
82490-3BI-50,30.0,False
82490-3BI-60,39.0,False
82490-3BI-70,53.0,False
82490-3BI-75,53.0,False
82490-3BI-80,52.0,False
82490-3BI-85,52.0,False
82490-3BI-90,40.0,False
82490-3MX-50,21.0,False
82490-3MX-60,47.0,False
82490-3MX-70,46.0,False
82490-3MX-75,80.0,False
82490-3MX-80,48.0,False
82490-3MX-85,79.0,False
82490-3MX-90,48.0,False
82490-3MZ-75,60.0,False
82490-3MZ-80,42.0,False
82490-3MZ-85,52.0,False
82490-3MZ-90,35.0,False
82490-3N3-50,23.0,False
82490-3N3-70,49.0,False
82490-3N3-75,80.0,False
82490-3N3-85,73.0,False
82490-3N3-90,49.0,False
82490-3NC-50,21.0,False
82490-3NC-60,33.0,False
82490-3NC-70,34.0,False
82490-3NC-75,74.0,False
82490-3NC-80,63.0,False
82490-3NC-85,63.0,False
82490-3NC-90,26.0,False
82492-3AZ-L,50.0,False
82492-3AZ-M,60.0,False
82492-3AZ-S,70.0,False
82492-3BA-L,48.0,False
82492-3BA-M,60.0,False
82492-3BA-S,70.0,False
82492-3BC-L,50.0,False
82492-3BC-M,60.0,False
82492-3BC-S,70.0,False
82492-3BH-L,50.0,False
82492-3BH-M,60.0,False
82492-3BH-S,70.0,False
82493-2TZ-50,50.0,False
82493-2TZ-60,86.0,False
82493-2TZ-70,110.0,False
82493-2TZ-75,100.0,False
82493-2TZ-80,90.0,False
82493-2TZ-85,84.0,False
82493-2TZ-90,76.0,False
82493-2XJ-50,100.0,False
82493-2XJ-60,90.0,False
82493-2XJ-70,110.0,False
82493-2XJ-75,100.0,False
82493-2XJ-80,90.0,False
82493-2XJ-85,84.0,False
82493-2XJ-90,76.0,False
82493-2ZP-50,43.0,False
82493-2ZP-60,71.0,False
82493-2ZP-70,110.0,False
82493-2ZP-75,100.0,False
82493-2ZP-80,90.0,False
82493-2ZP-85,90.0,False
82493-2ZP-90,76.0,False
82494-2KJ-L,38.0,False
82494-2KJ-M,38.0,False
82494-2KJ-S,41.0,False
82494-2KJ-XL,35.0,False
82494-2KJ-XS,28.0,False
82494-2KJ-XXL,30.0,False
82497-2KL-L,36.0,False
82497-2KL-M,38.0,False
82497-2KL-S,40.0,False
82497-2KL-XL,33.0,False
82497-2KL-XS,38.0,False
82497-2KL-XXL,30.0,False
82499-2LE-100,61.0,False
82499-2LE-110,80.0,False
82499-2LE-120,70.0,False
82499-2LE-130,60.0,False
82499-2LE-140,50.0,False
82499-2LE-150,35.0,False
82499-2LE-85,13.0,False
82499-2LE-90,33.0,False
82499-2LF-100,85.0,False
82499-2LF-110,80.0,False
82499-2LF-120,70.0,False
82499-2LF-130,50.0,False
82499-2LF-140,28.0,False
82499-2LF-150,18.0,False
82499-2LF-85,17.0,False
82499-2LF-90,40.0,False
82499-2LG-100,98.0,False
82499-2LG-110,80.0,False
82499-2LG-120,70.0,False
82499-2LG-130,62.0,False
82499-2LG-140,31.0,False
82499-2LG-150,16.0,False
82499-2LG-85,15.0,False
82499-2LG-90,47.0,False
82499-2LH-100,90.0,False
82499-2LH-110,80.0,False
82499-2LH-120,70.0,False
82499-2LH-130,63.0,False
82499-2LH-140,23.0,False
82499-2LH-150,13.0,False
82499-2LH-85,19.0,False
82499-2LH-90,77.0,False
82499-2LJ-100,90.0,False
82499-2LJ-110,80.0,False
82499-2LJ-120,70.0,False
82499-2LJ-130,71.0,False
82499-2LJ-140,29.0,False
82499-2LJ-150,13.0,False
82499-2LJ-85,12.0,False
82499-2LJ-90,49.0,False
82519-1VP-50,64.0,False
82519-1VP-60,70.0,False
82519-1VP-70,70.0,False
82519-1VP-75,78.0,False
82519-1VP-80,54.0,False
82519-2KK-50,64.0,False
82519-2KK-60,70.0,False
82519-2KK-70,75.0,False
82519-2KK-75,78.0,False
82519-2KK-80,54.0,False
82520-1VP-50,40.0,False
82520-2KK-50,40.0,False
82520-2KK-60,40.0,False
82520-2KK-70,40.0,False
82521-2KL-50,72.0,False
82521-2KL-60,70.0,False
82521-2KL-70,75.0,False
82521-2KL-75,70.0,False
82521-2KL-80,63.0,False
82521-2KL-85,68.0,False
82521-2KL-90,40.0,False
82522-2KL-50,43.0,False
82522-2KL-60,40.0,False
82522-2KL-70,40.0,False
82533-2L2-100,103.0,False
82533-2L2-110,64.0,False
82533-2L2-120,66.0,False
82533-2L2-85,100.0,False
82533-2L2-90,105.0,False
82534-2L2-100,123.0,False
82534-2L2-110,117.0,False
82534-2L2-120,57.0,False
82534-2L2-85,138.0,False
82534-2L2-90,140.0,False
82535-2L2-50,76.0,False
82535-2L2-60,118.0,False
82535-2L2-70,144.0,False
82535-2L2-75,107.0,False
82535-2L2-80,100.0,False
82535-2L2-85,102.0,False
82535-2L2-90,68.0,False
82536-2L2-100,32.0,False
82536-2L2-110,21.0,False
82536-2L2-60,43.0,False
82536-2L2-70,55.0,False
82536-2L2-75,104.0,False
82536-2L2-80,100.0,False
82536-2L2-85,90.0,False
82536-2L2-90,70.0,False
82537-2L2-50,72.0,False
82537-2L2-60,154.0,False
82537-2L2-70,184.0,False
82537-2L2-75,147.0,False
82537-2L2-80,103.0,False
82537-2L2-85,108.0,False
82537-2L2-90,111.0,False
82539-2KY-100,46.0,False
82539-2KY-110,81.0,False
82539-2KY-120,98.0,False
82539-2KY-130,87.0,False
82539-2KY-140,93.0,False
82539-2KY-150,46.0,False
82539-2KY-160,59.0,False
82539-2KY-85,28.0,False
82539-2KY-90,31.0,False
82541-2KZ-100,61.0,False
82541-2KZ-110,78.0,False
82541-2KZ-120,100.0,False
82541-2KZ-130,90.0,False
82541-2KZ-140,74.0,False
82541-2KZ-150,70.0,False
82541-2KZ-160,70.0,False
82541-2KZ-85,48.0,False
82541-2KZ-90,49.0,False
82543-2KW-100,36.0,False
82543-2KW-110,30.0,False
82543-2KW-120,27.0,False
82543-2KW-130,24.0,False
82543-2KW-140,21.0,False
82543-2KW-150,19.0,False
82543-2KW-160,18.0,False
82544-2KW-100,48.0,False
82544-2KW-110,45.0,False
82544-2KW-120,39.0,False
82544-2KW-130,36.0,False
82544-2KW-140,33.0,False
82544-2KW-150,27.0,False
82544-2KW-160,27.0,False
82545-2KO-100,83.0,False
82545-2KO-110,82.0,False
82545-2KO-120,73.0,False
82545-2KO-130,68.0,False
82545-2KO-140,60.0,False
82545-2KO-150,25.0,False
82545-2KO-160,17.0,False
82545-2KO-85,73.0,False
82545-2KO-90,96.0,False
82546-2KO-100,111.0,False
82546-2KO-110,118.0,False
82546-2KO-120,96.0,False
82546-2KO-130,84.0,False
82546-2KO-140,79.0,False
82546-2KO-150,50.0,False
82546-2KO-160,39.0,False
82546-2KO-85,58.0,False
82546-2KO-90,123.0,False
82546-3DP-110,124.0,False
82546-3DP-120,96.0,False
82546-3DP-130,74.0,False
82546-3DP-140,68.0,False
82546-3DP-150,40.0,False
82546-3DP-160,32.0,False
82546-3DP-85,46.0,False
82546-3DP-90,42.0,False
82548-2KS-100,80.0,False
82548-2KS-110,74.0,False
82548-2KS-120,73.0,False
82548-2KS-130,50.0,False
82548-2KS-140,36.0,False
82548-2KS-150,22.0,False
82548-2KS-160,14.0,False
82548-2KS-85,113.0,False
82548-2KS-90,90.0,False
82548-2KT-100,95.0,False
82548-2KT-110,73.0,False
82548-2KT-120,73.0,False
82548-2KT-130,23.0,False
82548-2KT-140,17.0,False
82548-2KT-150,10.0,False
82548-2KT-160,8.0,False
82548-2KT-85,79.0,False
82548-2KT-90,80.0,False
82549-2KS-100,117.0,False
82549-2KS-110,111.0,False
82549-2KS-120,94.0,False
82549-2KS-130,86.0,False
82549-2KS-140,42.0,False
82549-2KS-150,41.0,False
82549-2KS-160,29.0,False
82549-2KS-85,52.0,False
82549-2KS-90,126.0,False
82549-2KT-100,91.0,False
82549-2KT-110,84.0,False
82549-2KT-120,100.0,False
82549-2KT-130,64.0,False
82549-2KT-140,25.0,False
82549-2KT-150,30.0,False
82549-2KT-160,16.0,False
82549-2KT-85,35.0,False
82549-2KT-90,94.0,False
82549-2LD-100,73.0,False
82549-2LD-110,82.0,False
82549-2LD-120,68.0,False
82549-2LD-130,80.0,False
82549-2LD-140,48.0,False
82549-2LD-150,32.0,False
82549-2LD-160,24.0,False
82549-2LD-85,37.0,False
82549-2LD-90,68.0,False
82550-2LD-100,99.0,False
82550-2LD-110,90.0,False
82550-2LD-120,77.0,False
82550-2LD-130,65.0,False
82550-2LD-140,30.0,False
82550-2LD-150,18.0,False
82550-2LD-85,35.0,False
82550-2LD-90,109.0,False
82551-2LA-100,100.0,False
82551-2LA-110,80.0,False
82551-2LA-120,80.0,False
82551-2LA-130,72.0,False
82551-2LA-140,60.0,False
82551-2LA-150,51.0,False
82551-2LA-160,40.0,False
82551-2LA-85,96.0,False
82551-2LA-90,88.0,False
82551-3DO-100,80.0,False
82551-3DO-110,70.0,False
82551-3DO-120,65.0,False
82551-3DO-130,60.0,False
82551-3DO-140,52.0,False
82551-3DO-150,41.0,False
82551-3DO-160,40.0,False
82551-3DO-90,90.0,False
82552-2LB-100,112.0,False
82552-2LB-110,118.0,False
82552-2LB-120,110.0,False
82552-2LB-130,100.0,False
82552-2LB-140,83.0,False
82552-2LB-150,66.0,False
82552-2LB-160,39.0,False
82552-2LB-85,47.0,False
82552-2LB-90,110.0,False
82552-3DO-100,121.0,False
82552-3DO-110,106.0,False
82552-3DO-120,120.0,False
82552-3DO-130,100.0,False
82552-3DO-140,77.0,False
82552-3DO-150,68.0,False
82552-3DO-160,41.0,False
82552-3DO-85,45.0,False
82552-3DO-90,112.0,False
82552-4CK-120,107.0,False
82552-4CK-130,81.0,False
82552-4CK-160,30.0,False
82552-4CK-90,38.0,False
82552-4CY-100,83.0,False
82552-4CY-110,105.0,False
82552-4CY-120,97.0,False
82552-4CY-130,69.0,False
82552-4CY-140,58.0,False
82552-4CY-150,52.0,False
82552-4CY-160,23.0,False
82552-4CY-90,29.0,False
82554-2LC-100,80.0,False
82554-2LC-110,80.0,False
82554-2LC-120,80.0,False
82554-2LC-130,60.0,False
82554-2LC-140,50.0,False
82554-2LC-150,45.0,False
82554-2LC-85,58.0,False
82554-2LC-90,90.0,False
82554-4CK-120,70.0,False
82554-4CK-130,46.0,False
82554-4CK-140,46.0,False
82554-4CK-150,35.0,False
82554-4CL-100,80.0,False
82554-4CL-110,70.0,False
82554-4CL-120,60.0,False
82554-4CL-130,35.0,False
82554-4CL-140,41.0,False
82554-4CL-150,32.0,False
82558-2M2-50,71.0,False
82558-2M2-60,95.0,False
82558-2M2-70,105.0,False
82558-2M2-75,93.0,False
82558-2M2-80,62.0,False
82558-2M2-85,33.0,False
82558-2M2-90,20.0,False
82558-2M2-NB,24.0,False
82558-2MF-50,85.0,False
82558-2MF-60,106.0,False
82558-2MF-70,116.0,False
82558-2MF-75,111.0,False
82558-2MF-80,75.0,False
82558-2MF-85,39.0,False
82558-2MF-90,20.0,False
82558-2MF-NB,28.0,False
82558-2ML-50,71.0,False
82558-2ML-60,94.0,False
82558-2ML-70,105.0,False
82558-2ML-75,92.0,False
82558-2ML-80,61.0,False
82558-2ML-85,32.0,False
82558-2ML-90,19.0,False
82558-2ML-NB,23.0,False
82558-2MY-50,88.0,False
82558-2MY-60,103.0,False
82558-2MY-70,140.0,False
82558-2MY-75,115.0,False
82558-2MY-80,62.0,False
82558-2MY-85,33.0,False
82558-2MY-90,33.0,False
82558-2MY-NB,25.0,False
82558-2NF-50,95.0,False
82558-2NF-60,140.0,False
82558-2NF-70,140.0,False
82558-2NF-75,140.0,False
82558-2NF-80,118.0,False
82558-2NF-85,85.0,False
82558-2NF-90,41.0,False
82558-2NF-NB,44.0,False
82558-2NT-50,111.0,False
82558-2NT-60,123.0,False
82558-2NT-70,142.0,False
82558-2NT-75,140.0,False
82558-2NT-80,78.0,False
82558-2NT-85,37.0,False
82558-2NT-90,29.0,False
82558-2NT-NB,23.0,False
82558-3EM-50,132.0,False
82558-3EM-60,140.0,False
82558-3EM-70,140.0,False
82558-3EM-75,140.0,False
82558-3EM-80,117.0,False
82558-3EM-85,61.0,False
82558-3EM-90,35.0,False
82558-3EM-NB,36.0,False
82560-3AT-50,45.0,False
82560-3AT-60,50.0,False
82560-3AT-70,50.0,False
82560-3AT-75,50.0,False
82560-3AT-80,84.0,False
82560-3AT-85,51.0,False
82560-3AT-90,36.0,False
82560-3AT-NB,50.0,False
82560-3B3-50,45.0,False
82560-3B3-60,50.0,False
82560-3B3-70,50.0,False
82560-3B3-75,50.0,False
82560-3B3-80,50.0,False
82560-3B3-85,51.0,False
82560-3B3-90,36.0,False
82560-3B3-NB,53.0,False
82560-3BE-50,48.0,False
82560-3BE-60,50.0,False
82560-3BE-70,50.0,False
82560-3BE-75,50.0,False
82560-3BE-80,50.0,False
82560-3BE-85,52.0,False
82560-3BE-90,37.0,False
82560-3BE-NB,50.0,False
82560-3BG-50,45.0,False
82560-3BG-60,50.0,False
82560-3BG-70,50.0,False
82560-3BG-75,50.0,False
82560-3BG-80,50.0,False
82560-3BG-85,53.0,False
82560-3BG-90,36.0,False
82560-3BG-NB,51.0,False
82560-3BK-50,45.0,False
82560-3BK-60,50.0,False
82560-3BK-70,50.0,False
82560-3BK-75,50.0,False
82560-3BK-80,50.0,False
82560-3BK-85,50.0,False
82560-3BK-90,24.0,False
82560-3BK-NB,52.0,False
82561-3AT-100,61.0,False
82561-3AT-110,82.0,False
82561-3AT-120,43.0,False
82561-3AT-130,31.0,False
82561-3AT-70,13.0,False
82561-3AT-75,11.0,False
82561-3AT-80,27.0,False
82561-3AT-85,52.0,False
82561-3AT-90,80.0,False
82561-3B3-100,63.0,False
82561-3B3-110,79.0,False
82561-3B3-120,42.0,False
82561-3B3-130,33.0,False
82561-3B3-70,15.0,False
82561-3B3-75,13.0,False
82561-3B3-80,28.0,False
82561-3B3-85,56.0,False
82561-3B3-90,83.0,False
82561-3BE-100,61.0,False
82561-3BE-110,82.0,False
82561-3BE-120,43.0,False
82561-3BE-130,31.0,False
82561-3BE-70,13.0,False
82561-3BE-75,11.0,False
82561-3BE-80,27.0,False
82561-3BE-85,52.0,False
82561-3BE-90,80.0,False
82561-3BG-100,68.0,False
82561-3BG-110,79.0,False
82561-3BG-120,43.0,False
82561-3BG-130,30.0,False
82561-3BG-70,12.0,False
82561-3BG-75,13.0,False
82561-3BG-80,29.0,False
82561-3BG-85,53.0,False
82561-3BG-90,81.0,False
82561-3BK-100,63.0,False
82561-3BK-110,83.0,False
82561-3BK-120,37.0,False
82561-3BK-130,30.0,False
82561-3BK-70,12.0,False
82561-3BK-75,11.0,False
82561-3BK-80,26.0,False
82561-3BK-85,52.0,False
82561-3BK-90,82.0,False
82562-3AT-100,52.0,False
82562-3AT-110,30.0,False
82562-3AT-120,30.0,False
82562-3AT-130,22.0,False
82562-3AT-70,18.0,False
82562-3AT-75,25.0,False
82562-3AT-80,30.0,False
82562-3AT-85,30.0,False
82562-3AT-90,49.0,False
82562-3B3-100,50.0,False
82562-3B3-110,38.0,False
82562-3B3-120,30.0,False
82562-3B3-130,22.0,False
82562-3B3-70,15.0,False
82562-3B3-75,24.0,False
82562-3B3-80,30.0,False
82562-3B3-85,30.0,False
82562-3B3-90,45.0,False
82562-3BE-100,44.0,False
82562-3BE-110,37.0,False
82562-3BE-120,30.0,False
82562-3BE-130,22.0,False
82562-3BE-70,15.0,False
82562-3BE-75,20.0,False
82562-3BE-80,29.0,False
82562-3BE-85,30.0,False
82562-3BE-90,44.0,False
82562-3BG-100,48.0,False
82562-3BG-110,35.0,False
82562-3BG-120,30.0,False
82562-3BG-130,22.0,False
82562-3BG-70,15.0,False
82562-3BG-75,23.0,False
82562-3BG-80,30.0,False
82562-3BG-85,30.0,False
82562-3BG-90,49.0,False
82562-3BK-100,53.0,False
82562-3BK-110,30.0,False
82562-3BK-120,30.0,False
82562-3BK-130,22.0,False
82562-3BK-70,18.0,False
82562-3BK-75,25.0,False
82562-3BK-80,30.0,False
82562-3BK-85,30.0,False
82562-3BK-90,48.0,False
82566-2MH-110,74.0,False
82566-2MH-120,70.0,False
82566-2MH-130,60.0,False
82566-2MH-140,57.0,False
82566-2MH-150,36.0,False
82566-2MH-160,27.0,False
82566-2MH-85,25.0,False
82566-2MH-90,37.0,False
82568-1KJ-100,110.0,False
82568-1KJ-110,100.0,False
82568-1KJ-120,106.0,False
82568-1KJ-130,80.0,False
82568-1KJ-140,70.0,False
82568-1KJ-150,67.0,False
82568-1KJ-160,57.0,False
82568-1KJ-85,76.0,False
82568-1KJ-90,130.0,False
82568-1PH-100,110.0,False
82568-1PH-110,100.0,False
82568-1PH-120,106.0,False
82568-1PH-130,80.0,False
82568-1PH-140,80.0,False
82568-1PH-150,72.0,False
82568-1PH-160,55.0,False
82568-1PH-85,79.0,False
82568-1PH-90,120.0,False
82568-2OY-100,110.0,False
82568-2OY-110,100.0,False
82568-2OY-120,106.0,False
82568-2OY-130,80.0,False
82568-2OY-140,65.0,False
82568-2OY-150,40.0,False
82568-2OY-160,69.0,False
82568-2OY-85,76.0,False
82568-2OY-90,100.0,False
82568-2OZ-100,100.0,False
82568-2OZ-110,100.0,False
82568-2OZ-120,106.0,False
82568-2OZ-130,76.0,False
82568-2OZ-140,80.0,False
82568-2OZ-150,65.0,False
82568-2OZ-160,56.0,False
82568-2OZ-85,92.0,False
82568-2OZ-90,128.0,False
82568-989-100,100.0,False
82568-989-110,100.0,False
82568-989-120,106.0,False
82568-989-130,81.0,False
82568-989-140,70.0,False
82568-989-150,63.0,False
82568-989-160,42.0,False
82568-989-85,55.0,False
82568-989-90,73.0,False
82569-1FS-50,60.0,False
82569-1FS-60,60.0,False
82569-1FS-70,58.0,False
82569-1FS-75,55.0,False
82569-1FS-80,50.0,False
82569-1FS-85,35.0,False
82569-1FS-90,21.0,False
82569-1FS-NB,25.0,False
82569-1FZ-50,60.0,False
82569-1FZ-60,60.0,False
82569-1FZ-70,58.0,False
82569-1FZ-75,55.0,False
82569-1FZ-80,50.0,False
82569-1FZ-85,35.0,False
82569-1FZ-90,21.0,False
82569-1FZ-NB,25.0,False
82569-32H-50,60.0,False
82569-32H-60,60.0,False
82569-32H-70,55.0,False
82569-32H-75,55.0,False
82569-32H-80,50.0,False
82569-32H-85,51.0,False
82569-32H-90,31.0,False
82569-32H-NB,37.0,False
82569-32J-50,60.0,False
82569-32J-60,61.0,False
82569-32J-70,55.0,False
82569-32J-75,60.0,False
82569-32J-80,50.0,False
82569-32J-85,42.0,False
82569-32J-90,25.0,False
82569-32J-NB,30.0,False
82569-32V-50,60.0,False
82569-32V-60,60.0,False
82569-32V-70,58.0,False
82569-32V-75,55.0,False
82569-32V-80,50.0,False
82569-32V-85,35.0,False
82569-32V-90,21.0,False
82569-32V-NB,25.0,False
82570-1FZ-L,31.0,False
82570-1FZ-M,35.0,False
82570-1FZ-S,34.0,False
82570-1FZ-XL,33.0,False
82570-1FZ-XS,28.0,False
82570-1FZ-XXL,27.0,False
82570-32H-L,31.0,False
82570-32H-M,31.0,False
82570-32H-S,35.0,False
82570-32H-XL,30.0,False
82570-32H-XS,38.0,False
82570-32H-XXL,27.0,False
82570-32J-L,32.0,False
82570-32J-M,31.0,False
82570-32J-S,35.0,False
82570-32J-XL,28.0,False
82570-32J-XS,25.0,False
82570-32J-XXL,20.0,False
82570-32V-L,31.0,False
82570-32V-M,35.0,False
82570-32V-S,35.0,False
82570-32V-XL,30.0,False
82570-32V-XS,19.0,False
82570-32V-XXL,23.0,False
82572-1WB-100,133.0,False
82572-1WB-110,120.0,False
82572-1WB-120,110.0,False
82572-1WB-130,100.0,False
82572-1WB-140,90.0,False
82572-1WB-85,40.0,False
82572-1WB-90,140.0,False
82572-2NB-110,93.0,False
82572-2NB-120,113.0,False
82572-2NB-130,94.0,False
82572-2NB-140,80.0,False
82572-2NB-150,24.0,False
82572-2NB-160,9.0,False
82572-2NB-85,9.0,False
82572-2NB-90,34.0,False
82572-2ON-110,95.0,False
82572-2ON-120,113.0,False
82572-2ON-130,94.0,False
82572-2ON-140,80.0,False
82572-2ON-150,25.0,False
82572-2ON-160,9.0,False
82572-2ON-85,9.0,False
82572-2ON-90,34.0,False
82572-35G-110,89.0,False
82572-35G-120,110.0,False
82572-35G-130,90.0,False
82572-35G-140,74.0,False
82572-35G-150,23.0,False
82572-35G-160,9.0,False
82572-35G-85,9.0,False
82572-35G-90,32.0,False
82572-3IF-100,130.0,False
82572-3IF-110,125.0,False
82572-3IF-120,110.0,False
82572-3IF-130,100.0,False
82572-3IF-140,90.0,False
82572-3IF-85,26.0,False
82572-3IF-90,88.0,False
82572-3KD-100,120.0,False
82572-3KD-110,120.0,False
82572-3KD-120,110.0,False
82572-3KD-130,100.0,False
82572-3KD-140,90.0,False
82572-3KD-85,18.0,False
82572-3KD-90,62.0,False
82572-41S-100,130.0,False
82572-41S-110,120.0,False
82572-41S-120,110.0,False
82572-41S-130,100.0,False
82572-41S-140,90.0,False
82572-41S-85,27.0,False
82572-41S-90,93.0,False
82572-4AC-150,80.0,False
82572-4AC-160,74.0,False
82572-4AE-140,90.0,False
82572-4AE-150,82.0,False
82572-4AE-160,70.0,False
82572-4AF-110,120.0,False
82572-4AF-140,90.0,False
82572-4AF-150,80.0,False
82572-4AF-160,70.0,False
82572-4AF-85,31.0,False
82572-4AF-90,106.0,False
82572-4KL-100,117.0,False
82572-4KL-110,130.0,False
82572-4KL-120,120.0,False
82572-4KL-130,110.0,False
82572-4KL-140,100.0,False
82572-4KL-150,68.0,False
82572-4KL-160,32.0,False
82572-4KL-85,30.0,False
82572-4KL-90,76.0,False
82572-4KU-100,105.0,False
82572-4KU-110,130.0,False
82572-4KU-120,120.0,False
82572-4KU-130,110.0,False
82572-4KU-140,100.0,False
82572-4KU-150,61.0,False
82572-4KU-160,28.0,False
82572-4KU-85,27.0,False
82572-4KU-90,67.0,False
82572-4N4-140,100.0,False
82572-4N4-150,76.0,False
82572-4N4-160,36.0,False
82572-61J-120,110.0,False
82572-61J-140,90.0,False
82572-6GS-100,110.0,False
82572-6GS-110,120.0,False
82572-6GS-85,20.0,False
82572-6GS-90,60.0,False
82577-2NP-XXS,13.0,False
82578-3IF-100,140.0,False
82578-3IF-110,130.0,False
82578-3IF-120,120.0,False
82578-3IF-130,110.0,False
82578-3IF-140,100.0,False
82578-3IF-85,26.0,False
82578-3IF-90,88.0,False
82578-3KD-100,120.0,False
82578-3KD-110,130.0,False
82578-3KD-120,120.0,False
82578-3KD-130,110.0,False
82578-3KD-140,100.0,False
82578-3KD-85,18.0,False
82578-3KD-90,62.0,False
82578-41S-100,140.0,False
82578-41S-110,130.0,False
82578-41S-120,120.0,False
82578-41S-130,110.0,False
82578-41S-140,100.0,False
82578-41S-85,27.0,False
82578-41S-90,93.0,False
82578-4KL-100,114.0,False
82578-4KL-110,120.0,False
82578-4KL-120,110.0,False
82578-4KL-130,100.0,False
82578-4KL-140,90.0,False
82578-4KL-150,68.0,False
82578-4KL-160,32.0,False
82578-4KL-85,30.0,False
82578-4KL-90,74.0,False
82578-4KU-100,104.0,False
82578-4KU-110,120.0,False
82578-4KU-120,110.0,False
82578-4KU-130,100.0,False
82578-4KU-140,90.0,False
82578-4KU-150,61.0,False
82578-4KU-160,28.0,False
82578-4KU-85,27.0,False
82578-4KU-90,66.0,False
82578-4N4-100,125.0,False
82578-4N4-110,120.0,False
82578-4N4-120,110.0,False
82578-4N4-130,100.0,False
82578-4N4-140,90.0,False
82578-4N4-150,75.0,False
82578-4N4-160,35.0,False
82578-4N4-85,33.0,False
82578-4N4-90,82.0,False
82578-5LP-100,62.0,False
82578-5LP-110,100.0,False
82578-5LP-120,100.0,False
82578-5LP-130,100.0,False
82578-5LP-140,100.0,False
82578-5LP-85,17.0,False
82578-5LP-90,56.0,False
82578-5LR-100,72.0,False
82578-5LR-110,96.0,False
82578-5LR-130,100.0,False
82578-5LR-140,100.0,False
82578-5LR-85,8.0,False
82578-5LR-90,64.0,False
82581-1KJ-L,35.0,False
82581-1KJ-M,45.0,False
82581-1KJ-S,55.0,False
82581-1PH-L,35.0,False
82581-1PH-M,45.0,False
82581-1PH-S,56.0,False
82581-2OY-L,35.0,False
82581-2OY-M,47.0,False
82581-2OY-S,55.0,False
82581-2OZ-L,35.0,False
82581-2OZ-M,45.0,False
82581-2OZ-S,55.0,False
82581-989-L,35.0,False
82581-989-M,45.0,False
82581-989-S,55.0,False
82582-1FS-L,16.0,False
82582-1FS-M,16.0,False
82582-1FS-S,18.0,False
82582-1FZ-L,16.0,False
82582-1FZ-M,16.0,False
82582-1FZ-S,18.0,False
82582-32H-L,16.0,False
82582-32H-M,16.0,False
82582-32H-S,18.0,False
82582-32J-L,19.0,False
82582-32J-M,16.0,False
82582-32J-S,20.0,False
82582-32V-L,16.0,False
82582-32V-M,18.0,False
82582-32V-S,19.0,False
82585-3AV-50,34.0,False
82585-3AV-60,47.0,False
82585-3AV-70,50.0,False
82585-3AV-75,47.0,False
82585-3AV-80,37.0,False
82585-3AV-85,28.0,False
82585-3AV-90,27.0,False
82585-3AV-NB,24.0,False
82585-3AZ-50,36.0,False
82585-3AZ-60,37.0,False
82585-3AZ-70,48.0,False
82585-3AZ-75,40.0,False
82585-3AZ-80,35.0,False
82585-3AZ-85,29.0,False
82585-3AZ-90,25.0,False
82585-3AZ-NB,19.0,False
82585-3BA-50,29.0,False
82585-3BA-60,45.0,False
82585-3BA-70,54.0,False
82585-3BA-75,52.0,False
82585-3BA-80,37.0,False
82585-3BA-85,32.0,False
82585-3BA-90,28.0,False
82585-3BA-NB,26.0,False
82585-3BC-50,41.0,False
82585-3BC-60,43.0,False
82585-3BC-70,48.0,False
82585-3BC-75,54.0,False
82585-3BC-80,36.0,False
82585-3BC-85,32.0,False
82585-3BC-90,27.0,False
82585-3BC-NB,26.0,False
82585-3BH-50,37.0,False
82585-3BH-60,44.0,False
82585-3BH-70,41.0,False
82585-3BH-75,52.0,False
82585-3BH-80,36.0,False
82585-3BH-85,27.0,False
82585-3BH-90,25.0,False
82585-3BH-NB,26.0,False
82585-3BJ-50,60.0,False
82585-3BJ-60,63.0,False
82585-3BJ-70,50.0,False
82585-3BJ-75,50.0,False
82585-3BJ-80,33.0,False
82585-3BJ-85,34.0,False
82585-3BJ-90,27.0,False
82585-3BJ-NB,25.0,False
82585-3ND-50,91.0,False
82585-3ND-60,55.0,False
82585-3ND-70,49.0,False
82585-3ND-75,40.0,False
82585-3ND-80,20.0,False
82585-3ND-85,19.0,False
82585-3ND-90,10.0,False
82585-3ND-NB,20.0,False
82585-3NE-50,94.0,False
82585-3NE-60,52.0,False
82585-3NE-70,49.0,False
82585-3NE-75,38.0,False
82585-3NE-80,20.0,False
82585-3NE-85,21.0,False
82585-3NE-90,10.0,False
82585-3NE-NB,20.0,False
82585-3NF-50,94.0,False
82585-3NF-60,52.0,False
82585-3NF-70,53.0,False
82585-3NF-75,44.0,False
82585-3NF-80,24.0,False
82585-3NF-85,21.0,False
82585-3NF-90,12.0,False
82585-3NF-NB,21.0,False
82586-06G-50,34.0,False
82586-06G-60,45.0,False
82586-06G-70,54.0,False
82586-06G-75,45.0,False
82586-06G-80,32.0,False
82586-06G-85,30.0,False
82586-06G-90,27.0,False
82586-06G-NB,23.0,False
82586-145-50,36.0,False
82586-145-60,47.0,False
82586-145-70,54.0,False
82586-145-75,51.0,False
82586-145-80,36.0,False
82586-145-85,31.0,False
82586-145-90,27.0,False
82586-145-NB,25.0,False
82586-M07-50,20.0,False
82586-M07-60,38.0,False
82586-M07-70,37.0,False
82586-M07-75,37.0,False
82586-M07-80,36.0,False
82586-M07-85,31.0,False
82586-M07-90,27.0,False
82586-M07-NB,20.0,False
82586-NV2-50,35.0,False
82586-NV2-60,43.0,False
82586-NV2-70,55.0,False
82586-NV2-75,50.0,False
82586-NV2-80,36.0,False
82586-NV2-85,31.0,False
82586-NV2-90,27.0,False
82586-NV2-NB,25.0,False
82586-VZ1-50,35.0,False
82586-VZ1-60,44.0,False
82586-VZ1-70,55.0,False
82586-VZ1-75,50.0,False
82586-VZ1-80,34.0,False
82586-VZ1-85,30.0,False
82586-VZ1-90,27.0,False
82586-VZ1-NB,23.0,False
82587-31W-100,45.0,False
82587-31W-110,51.0,False
82587-31W-120,80.0,False
82587-31W-130,70.0,False
82587-31W-140,60.0,False
82587-31W-150,50.0,False
82587-31W-85,19.0,False
82587-31W-90,36.0,False
82590-36Z-100,110.0,False
82590-36Z-110,100.0,False
82590-36Z-120,90.0,False
82590-36Z-130,80.0,False
82590-36Z-140,70.0,False
82590-36Z-150,60.0,False
82590-36Z-85,75.0,False
82590-36Z-90,114.0,False
82590-37B-100,110.0,False
82590-37B-110,100.0,False
82590-37B-120,90.0,False
82590-37B-130,80.0,False
82590-37B-140,70.0,False
82590-37B-150,50.0,False
82590-37B-85,61.0,False
82590-37B-90,114.0,False
82590-37F-100,91.0,False
82590-37F-110,106.0,False
82590-37F-120,90.0,False
82590-37F-130,80.0,False
82590-37F-140,55.0,False
82590-37F-150,35.0,False
82590-37F-85,46.0,False
82590-37F-90,68.0,False
82592-2OZ-100,105.0,False
82592-2OZ-110,117.0,False
82592-2OZ-120,111.0,False
82592-2OZ-130,105.0,False
82592-2OZ-140,76.0,False
82592-2OZ-150,52.0,False
82592-2OZ-85,100.0,False
82592-2OZ-90,116.0,False
82592-33V-110,158.0,False
82592-33V-130,90.0,False
82592-5OT-100,150.0,False
82592-5OT-110,160.0,False
82592-5OT-130,91.0,False
82592-5OT-150,91.0,False
82592-5OT-85,93.0,False
82592-5OT-90,169.0,False
82593-32H-100,110.0,False
82593-32H-110,123.0,False
82593-32H-120,115.0,False
82593-32H-130,104.0,False
82593-32H-140,98.0,False
82593-32H-150,79.0,False
82593-32H-85,53.0,False
82593-32H-90,104.0,False
82593-32S-100,98.0,False
82593-32S-110,109.0,False
82593-32S-120,100.0,False
82593-32S-130,91.0,False
82593-32S-140,88.0,False
82593-32S-150,69.0,False
82593-32S-85,47.0,False
82593-32S-90,96.0,False
82594-011-100,75.0,False
82594-011-110,72.0,False
82594-011-120,60.0,False
82594-011-130,50.0,False
82594-011-140,50.0,False
82594-011-150,52.0,False
82594-011-85,57.0,False
82594-011-90,86.0,False
82594-32H-100,75.0,False
82594-32H-110,72.0,False
82594-32H-120,63.0,False
82594-32H-130,50.0,False
82594-32H-140,50.0,False
82594-32H-150,50.0,False
82594-32H-85,53.0,False
82594-32H-90,85.0,False
82594-J81-100,75.0,False
82594-J81-110,73.0,False
82594-J81-120,60.0,False
82594-J81-130,50.0,False
82594-J81-140,50.0,False
82594-J81-150,50.0,False
82594-J81-85,55.0,False
82594-J81-90,80.0,False
82596-31W-100,72.0,False
82596-31W-110,70.0,False
82596-31W-120,70.0,False
82596-31W-130,74.0,False
82596-31W-140,52.0,False
82596-31W-150,41.0,False
82596-31W-85,36.0,False
82596-31W-90,69.0,False
82596-GG7-100,72.0,False
82596-GG7-110,70.0,False
82596-GG7-120,70.0,False
82596-GG7-130,74.0,False
82596-GG7-140,52.0,False
82596-GG7-150,41.0,False
82596-GG7-85,36.0,False
82596-GG7-90,70.0,False
82596-HI2-100,72.0,False
82596-HI2-110,70.0,False
82596-HI2-120,70.0,False
82596-HI2-130,74.0,False
82596-HI2-140,52.0,False
82596-HI2-150,41.0,False
82596-HI2-85,35.0,False
82596-HI2-90,69.0,False
82597-2ET-100,52.0,False
82597-2ET-110,50.0,False
82597-2ET-120,48.0,False
82597-2ET-130,48.0,False
82597-2ET-140,47.0,False
82597-2ET-150,37.0,False
82597-2ET-85,44.0,False
82597-2ET-90,61.0,False
82597-DD4-100,52.0,False
82597-DD4-110,50.0,False
82597-DD4-120,48.0,False
82597-DD4-130,48.0,False
82597-DD4-140,47.0,False
82597-DD4-150,37.0,False
82597-DD4-85,44.0,False
82597-DD4-90,61.0,False
82597-GG7-100,52.0,False
82597-GG7-110,50.0,False
82597-GG7-120,48.0,False
82597-GG7-130,48.0,False
82597-GG7-140,47.0,False
82597-GG7-150,37.0,False
82597-GG7-85,45.0,False
82597-GG7-90,61.0,False
82598-2ET-100,53.0,False
82598-2ET-110,62.0,False
82598-2ET-120,67.0,False
82598-2ET-130,60.0,False
82598-2ET-140,52.0,False
82598-2ET-150,60.0,False
82598-2ET-85,56.0,False
82598-2ET-90,57.0,False
82598-DD4-100,68.0,False
82598-DD4-110,60.0,False
82598-DD4-120,60.0,False
82598-DD4-130,60.0,False
82598-DD4-140,55.0,False
82598-DD4-150,50.0,False
82598-DD4-85,40.0,False
82598-DD4-90,60.0,False
82598-GG7-100,51.0,False
82598-GG7-110,50.0,False
82598-GG7-120,45.0,False
82598-GG7-130,44.0,False
82598-GG7-140,40.0,False
82598-GG7-150,40.0,False
82598-GG7-85,36.0,False
82598-GG7-90,50.0,False
82599-2EO-100,53.0,False
82599-2EO-110,45.0,False
82599-2EO-120,46.0,False
82599-2EO-130,44.0,False
82599-2EO-140,41.0,False
82599-2EO-150,40.0,False
82599-2EO-85,48.0,False
82599-2EO-90,50.0,False
82599-2OZ-100,51.0,False
82599-2OZ-110,40.0,False
82599-2OZ-120,50.0,False
82599-2OZ-130,45.0,False
82599-2OZ-140,45.0,False
82599-2OZ-150,40.0,False
82599-2OZ-85,44.0,False
82599-2OZ-90,45.0,False
82599-31W-100,51.0,False
82599-31W-110,45.0,False
82599-31W-120,49.0,False
82599-31W-130,44.0,False
82599-31W-140,41.0,False
82599-31W-150,36.0,False
82599-31W-85,52.0,False
82599-31W-90,53.0,False
82600-32H-100,152.0,False
82600-32H-110,130.0,False
82600-32H-120,130.0,False
82600-32H-130,117.0,False
82600-32H-140,99.0,False
82600-32H-150,75.0,False
82600-32H-85,124.0,False
82600-32H-90,151.0,False
82600-32S-100,150.0,False
82600-32S-110,120.0,False
82600-32S-120,138.0,False
82600-32S-130,106.0,False
82600-32S-140,87.0,False
82600-32S-150,92.0,False
82600-32S-85,108.0,False
82600-32S-90,150.0,False
82602-34X-100,65.0,False
82602-34X-110,60.0,False
82602-34X-120,55.0,False
82602-34X-130,50.0,False
82602-34X-140,45.0,False
82602-34X-150,40.0,False
82602-34X-85,76.0,False
82602-34X-90,70.0,False
82602-35H-100,65.0,False
82602-35H-110,60.0,False
82602-35H-120,60.0,False
82602-35H-130,55.0,False
82602-35H-140,45.0,False
82602-35H-150,25.0,False
82602-35H-85,57.0,False
82602-35H-90,75.0,False
82603-2OZ-100,210.0,False
82603-2OZ-110,190.0,False
82603-2OZ-120,164.0,False
82603-2OZ-130,140.0,False
82603-2OZ-140,134.0,False
82603-2OZ-150,120.0,False
82603-2OZ-85,149.0,False
82603-2OZ-90,200.0,False
82603-33T-100,202.0,False
82603-33T-110,164.0,False
82603-33T-120,164.0,False
82603-33T-130,129.0,False
82603-33T-140,145.0,False
82603-33T-150,98.0,False
82603-33T-85,112.0,False
82603-33T-90,179.0,False
82603-38Z-100,185.0,False
82603-38Z-150,131.0,False
82603-38Z-85,99.0,False
82603-3PF-100,207.0,False
82603-3PF-110,244.0,False
82603-3PF-120,195.0,False
82603-3PF-130,126.0,False
82603-3PF-140,150.0,False
82603-3PF-150,104.0,False
82603-3PF-85,192.0,False
82603-3PF-90,226.0,False
82603-VD8-100,200.0,False
82603-VD8-110,182.0,False
82603-VD8-120,156.0,False
82603-VD8-130,153.0,False
82603-VD8-140,150.0,False
82603-VD8-150,91.0,False
82603-VD8-85,152.0,False
82603-VD8-90,228.0,False
82604-2KD-100,80.0,False
82604-2KD-110,75.0,False
82604-2KD-120,70.0,False
82604-2KD-130,65.0,False
82604-2KD-140,63.0,False
82604-2KD-150,50.0,False
82604-2KD-85,74.0,False
82604-2KD-90,85.0,False
82604-32H-100,90.0,False
82604-32H-110,85.0,False
82604-32H-120,70.0,False
82604-32H-130,60.0,False
82604-32H-140,63.0,False
82604-32H-150,45.0,False
82604-32H-85,76.0,False
82604-32H-90,90.0,False
82604-32M-100,70.0,False
82604-32M-110,70.0,False
82604-32M-120,65.0,False
82604-32M-130,60.0,False
82604-32M-140,63.0,False
82604-32M-150,57.0,False
82604-32M-85,53.0,False
82604-32M-90,80.0,False
82604-32T-100,70.0,False
82604-32T-110,66.0,False
82604-32T-120,60.0,False
82604-32T-130,50.0,False
82604-32T-140,50.0,False
82604-32T-150,50.0,False
82604-32T-85,67.0,False
82604-32T-90,90.0,False
82604-VH3-100,70.0,False
82604-VH3-110,65.0,False
82604-VH3-120,60.0,False
82604-VH3-130,50.0,False
82604-VH3-140,50.0,False
82604-VH3-150,45.0,False
82604-VH3-85,47.0,False
82604-VH3-90,97.0,False
82605-35T-100,55.0,False
82605-35T-110,50.0,False
82605-35T-120,54.0,False
82605-35T-130,59.0,False
82605-35T-140,47.0,False
82605-35T-150,42.0,False
82605-35T-85,77.0,False
82605-35T-90,67.0,False
82605-35V-100,80.0,False
82605-35V-110,82.0,False
82605-35V-120,65.0,False
82605-35V-130,59.0,False
82605-35V-140,47.0,False
82605-35V-150,48.0,False
82605-35V-85,70.0,False
82605-35V-90,70.0,False
82605-5RW-120,60.0,False
82605-5RW-130,22.0,False
82605-5RW-140,23.0,False
82605-5RW-150,12.0,False
82605-6BX-100,80.0,False
82605-6BX-110,70.0,False
82605-6BX-120,60.0,False
82605-6BX-130,20.0,False
82605-6BX-140,23.0,False
82605-6BX-150,11.0,False
82605-6BX-85,105.0,False
82605-6BX-90,90.0,False
82606-5NE-140,60.0,False
82609-33T-100,67.0,False
82609-33T-110,46.0,False
82609-33T-120,44.0,False
82609-33T-130,33.0,False
82609-33T-140,12.0,False
82609-33T-150,4.0,False
82609-33T-85,17.0,False
82609-33T-90,40.0,False
82609-GN3-100,56.0,False
82609-GN3-110,55.0,False
82609-GN3-120,49.0,False
82609-GN3-130,45.0,False
82609-GN3-140,37.0,False
82609-GN3-150,35.0,False
82609-GN3-85,80.0,False
82609-GN3-90,62.0,False
82611-2OT-100,90.0,False
82611-2OT-110,80.0,False
82611-2OT-120,70.0,False
82611-2OT-130,60.0,False
82611-2OT-140,50.0,False
82611-2OT-150,45.0,False
82611-2OT-85,110.0,False
82611-2OT-90,100.0,False
82611-32Y-100,90.0,False
82611-32Y-110,80.0,False
82611-32Y-120,70.0,False
82611-32Y-130,60.0,False
82611-32Y-140,50.0,False
82611-32Y-150,45.0,False
82611-32Y-85,104.0,False
82611-32Y-90,100.0,False
82611-34T-100,90.0,False
82611-34T-110,80.0,False
82611-34T-120,70.0,False
82611-34T-130,60.0,False
82611-34T-140,50.0,False
82611-34T-150,45.0,False
82611-34T-85,110.0,False
82611-34T-90,100.0,False
82613-1FZ-100,110.0,False
82613-1FZ-110,105.0,False
82613-1FZ-120,90.0,False
82613-1FZ-130,80.0,False
82613-1FZ-140,75.0,False
82613-1FZ-150,70.0,False
82613-1FZ-85,130.0,False
82613-1FZ-90,122.0,False
82613-1GR-100,110.0,False
82613-1GR-110,100.0,False
82613-1GR-120,91.0,False
82613-1GR-130,80.0,False
82613-1GR-140,75.0,False
82613-1GR-150,70.0,False
82613-1GR-85,130.0,False
82613-1GR-90,120.0,False
82613-2KC-100,110.0,False
82613-2KC-110,100.0,False
82613-2KC-120,90.0,False
82613-2KC-130,80.0,False
82613-2KC-140,75.0,False
82613-2KC-150,70.0,False
82613-2KC-85,130.0,False
82613-2KC-90,120.0,False
82614-4DQ-150,70.0,False
82615-2KE-100,90.0,False
82615-2KE-110,80.0,False
82615-2KE-120,70.0,False
82615-2KE-130,70.0,False
82615-2KE-140,60.0,False
82615-2KE-150,55.0,False
82615-2KE-85,110.0,False
82615-2KE-90,100.0,False
82615-4JY-100,90.0,False
82615-4JY-110,80.0,False
82615-4JY-120,70.0,False
82615-4JY-130,70.0,False
82615-4JY-140,60.0,False
82615-4JY-150,55.0,False
82615-4JY-85,78.0,False
82615-4JY-90,100.0,False
82615-5DR-150,55.0,False
82615-5DR-85,114.0,False
82615-5DR-90,100.0,False
82615-SK6-100,90.0,False
82615-SK6-110,80.0,False
82615-SK6-120,70.0,False
82615-SK6-130,70.0,False
82615-SK6-140,60.0,False
82615-SK6-150,55.0,False
82615-SK6-85,110.0,False
82615-SK6-90,100.0,False
82616-76X-100,65.0,False
82616-76X-110,60.0,False
82616-76X-120,55.0,False
82616-76X-130,50.0,False
82616-76X-140,45.0,False
82616-76X-150,40.0,False
82616-76X-85,38.0,False
82616-76X-90,70.0,False
82622-2OZ-100,100.0,False
82622-2OZ-110,92.0,False
82622-2OZ-120,77.0,False
82622-2OZ-130,79.0,False
82622-2OZ-140,60.0,False
82622-2OZ-150,61.0,False
82622-2OZ-85,100.0,False
82622-2OZ-90,105.0,False
82622-36L-100,100.0,False
82622-36L-110,92.0,False
82622-36L-120,72.0,False
82622-36L-130,70.0,False
82622-36L-140,65.0,False
82622-36L-150,55.0,False
82622-36L-85,104.0,False
82622-36L-90,100.0,False
82622-5OB-120,80.0,False
82622-5OB-130,74.0,False
82628-76X-100,55.0,False
82628-76X-110,50.0,False
82628-76X-120,45.0,False
82628-76X-130,40.0,False
82628-76X-140,21.0,False
82628-76X-150,10.0,False
82628-76X-85,21.0,False
82628-76X-90,53.0,False
82629-2EU-150,6.0,False
82629-2EU-90,32.0,False
82630-1WO-100,55.0,False
82630-1WO-110,50.0,False
82630-1WO-120,45.0,False
82630-1WO-130,40.0,False
82630-1WO-140,21.0,False
82630-1WO-150,10.0,False
82630-1WO-85,21.0,False
82630-1WO-90,53.0,False
82630-2MZ-100,55.0,False
82630-2MZ-110,50.0,False
82630-2MZ-120,45.0,False
82630-2MZ-130,40.0,False
82630-2MZ-140,28.0,False
82630-2MZ-150,13.0,False
82630-2MZ-85,28.0,False
82630-2MZ-90,60.0,False
82631-31X-100,51.0,False
82631-31X-140,12.0,False
82631-31X-150,6.0,False
82631-31X-85,12.0,False
82631-31X-90,29.0,False
82631-32V-150,6.0,False
82632-A21-150,7.0,False
82644-1AX-100,160.0,False
82644-1AX-110,159.0,False
82644-1AX-120,140.0,False
82644-1AX-130,130.0,False
82644-1AX-140,120.0,False
82644-1AX-150,110.0,False
82644-1AX-85,180.0,False
82644-1AX-90,170.0,False
82644-32L-100,160.0,False
82644-32L-110,155.0,False
82644-32L-120,145.0,False
82644-32L-130,130.0,False
82644-32L-140,120.0,False
82644-32L-150,110.0,False
82644-32L-85,128.0,False
82644-32L-90,170.0,False
82644-32V-100,160.0,False
82644-32V-110,150.0,False
82644-32V-120,140.0,False
82644-32V-130,130.0,False
82644-32V-140,120.0,False
82644-32V-150,110.0,False
82644-32V-85,154.0,False
82644-32V-90,170.0,False
82645-2OU-100,118.0,False
82645-2OU-110,100.0,False
82645-2OU-120,90.0,False
82645-2OU-130,81.0,False
82645-2OU-140,70.0,False
82645-2OU-150,70.0,False
82645-2OU-85,36.0,False
82645-2OU-90,85.0,False
82645-2PB-100,110.0,False
82645-2PB-110,100.0,False
82645-2PB-120,90.0,False
82645-2PB-130,80.0,False
82645-2PB-140,70.0,False
82645-2PB-150,65.0,False
82645-2PB-85,66.0,False
82645-2PB-90,110.0,False
82645-2PC-100,111.0,False
82645-2PC-110,100.0,False
82645-2PC-120,90.0,False
82645-2PC-130,80.0,False
82645-2PC-140,70.0,False
82645-2PC-150,73.0,False
82645-2PC-85,38.0,False
82645-2PC-90,88.0,False
82645-5UA-130,70.0,False
82645-5UA-150,70.0,False
82646-1GR-100,90.0,False
82646-1GR-110,90.0,False
82646-1GR-120,85.0,False
82646-1GR-130,85.0,False
82646-1GR-140,72.0,False
82646-1GR-150,60.0,False
82646-1GR-85,84.0,False
82646-1GR-90,95.0,False
82646-2KC-100,90.0,False
82646-2KC-110,90.0,False
82646-2KC-120,85.0,False
82646-2KC-130,85.0,False
82646-2KC-140,77.0,False
82646-2KC-150,60.0,False
82646-2KC-85,93.0,False
82646-2KC-90,95.0,False
82646-32H-100,100.0,False
82646-32H-110,90.0,False
82646-32H-120,85.0,False
82646-32H-130,80.0,False
82646-32H-140,80.0,False
82646-32H-150,70.0,False
82646-32H-85,60.0,False
82646-32H-90,117.0,False
82646-5HP-150,60.0,False
82648-2OD-100,125.0,False
82648-2OD-110,126.0,False
82648-2OD-120,115.0,False
82648-2OD-130,106.0,False
82648-2OD-140,64.0,False
82648-2OD-150,40.0,False
82648-2OD-85,59.0,False
82648-2OD-90,110.0,False
82649-2OD-100,198.0,False
82649-2OD-110,196.0,False
82649-2OD-120,162.0,False
82649-2OD-130,143.0,False
82649-2OD-140,98.0,False
82649-2OD-150,65.0,False
82649-2OD-85,112.0,False
82649-2OD-90,173.0,False
82655-5MO-100,82.0,False
82655-5MO-110,80.0,False
82655-5MO-120,60.0,False
82655-5MO-130,60.0,False
82655-5MO-140,52.0,False
82655-5MO-150,30.0,False
82655-5MO-85,29.0,False
82655-5MO-90,61.0,False
82655-5MS-100,80.0,False
82655-5MS-110,80.0,False
82655-5MS-120,60.0,False
82655-5MS-130,60.0,False
82655-5MS-140,60.0,False
82655-5MS-150,33.0,False
82655-5MS-85,35.0,False
82655-5MS-90,71.0,False
82655-5NM-100,66.0,False
82655-5NM-110,79.0,False
82655-5NM-120,60.0,False
82655-5NM-130,60.0,False
82655-5NM-140,43.0,False
82655-5NM-150,24.0,False
82655-5NM-85,23.0,False
82655-5NM-90,48.0,False
82658-5M5-50,22.0,False
82658-5M5-60,75.0,False
82658-5M5-70,70.0,False
82658-5M5-75,72.0,False
82658-5M5-80,70.0,False
82658-5M5-85,65.0,False
82658-5M5-90,43.0,False
82658-5NR-50,28.0,False
82658-5NR-60,80.0,False
82658-5NR-70,75.0,False
82658-5NR-75,70.0,False
82658-5NR-80,70.0,False
82658-5NR-85,65.0,False
82658-5NR-90,60.0,False
82661-33H-50,14.0,False
82661-33H-60,46.0,False
82661-33H-70,94.0,False
82661-33H-75,140.0,False
82661-33H-80,120.0,False
82661-33H-85,114.0,False
82661-33H-90,96.0,False
82661-33K-50,12.0,False
82661-33K-60,36.0,False
82661-33K-70,76.0,False
82661-33K-75,119.0,False
82661-33K-80,111.0,False
82661-33K-85,86.0,False
82661-33K-90,75.0,False
82661-36S-50,14.0,False
82661-36S-60,45.0,False
82661-36S-70,71.0,False
82661-36S-75,122.0,False
82661-36S-80,114.0,False
82661-36S-85,90.0,False
82661-36S-90,70.0,False
82661-36T-60,44.0,False
82662-5LR-60,99.0,False
82662-5LR-70,130.0,False
82662-5LR-75,120.0,False
82662-5LR-80,110.0,False
82662-5LR-85,100.0,False
82662-5NE-50,36.0,False
82662-5NE-60,95.0,False
82662-5NE-70,130.0,False
82662-5NE-75,120.0,False
82662-5NE-80,110.0,False
82662-5NE-85,100.0,False
82662-5NE-90,90.0,False
82662-5NH-70,130.0,False
82662-5NH-75,120.0,False
82662-5NH-80,110.0,False
82662-5NH-85,100.0,False
82666-2OZ-50,59.0,False
82666-2OZ-60,140.0,False
82666-2OZ-70,140.0,False
82666-2OZ-75,140.0,False
82666-2OZ-80,119.0,False
82666-2OZ-85,85.0,False
82666-2OZ-90,50.0,False
82666-36L-50,37.0,False
82666-36L-60,87.0,False
82666-36L-70,133.0,False
82666-36L-75,133.0,False
82666-36L-80,91.0,False
82666-36L-85,52.0,False
82666-36L-90,30.0,False
82666-38N-50,37.0,False
82667-2NU-50,8.0,False
82667-2NU-60,24.0,False
82667-2NU-70,48.0,False
82667-2NU-75,84.0,False
82667-2NU-80,76.0,False
82667-2NU-85,60.0,False
82667-2NU-90,50.0,False
82671-2ON-50,6.0,False
82671-2ON-60,20.0,False
82671-2ON-70,42.0,False
82673-5MO-50,24.0,False
82673-5MO-60,61.0,False
82673-5MO-70,113.0,False
82673-5MO-75,126.0,False
82673-5MO-85,80.0,False
82673-5NM-50,23.0,False
82673-5NM-60,59.0,False
82673-5NM-70,112.0,False
82673-5NM-75,129.0,False
82673-5NM-80,117.0,False
82673-5NM-90,61.0,False
82675-3KK-100,152.0,False
82675-3KK-110,153.0,False
82675-3KK-120,143.0,False
82675-3KK-130,104.0,False
82675-3KK-140,98.0,False
82675-3KK-150,101.0,False
82675-3KK-85,108.0,False
82675-3KK-90,150.0,False
82675-3KY-100,170.0,False
82675-3KY-110,143.0,False
82675-3KY-120,120.0,False
82675-3KY-130,147.0,False
82675-3KY-140,103.0,False
82675-3KY-150,97.0,False
82675-3KY-85,93.0,False
82675-3KY-90,207.0,False
82675-3UU-130,102.0,False
82675-3UZ-100,173.0,False
82675-3UZ-110,161.0,False
82675-3UZ-120,141.0,False
82675-3UZ-130,133.0,False
82675-3UZ-140,103.0,False
82675-3UZ-150,85.0,False
82675-3UZ-85,167.0,False
82675-3UZ-90,184.0,False
82675-5HB-100,92.0,False
82675-5HB-110,110.0,False
82675-5HB-120,100.0,False
82675-5HB-130,90.0,False
82675-5HB-140,80.0,False
82675-5HB-150,56.0,False
82675-5HB-85,33.0,False
82675-5HB-90,72.0,False
82675-GK3-100,141.0,False
82675-GK3-110,152.0,False
82675-GK3-120,165.0,False
82675-GK3-130,136.0,False
82675-GK3-140,126.0,False
82675-GK3-85,89.0,False
82675-GK3-90,178.0,False
82676-2PM-60,22.0,False
82676-35A-60,22.0,False
82677-2KC-100,205.0,False
82677-2KC-110,210.0,False
82677-2KC-120,180.0,False
82677-2KC-130,180.0,False
82677-2KC-140,139.0,False
82677-2KC-150,99.0,False
82677-2KC-85,103.0,False
82677-2KC-90,167.0,False
82677-2KE-100,180.0,False
82677-2KE-110,235.0,False
82677-2KE-120,149.0,False
82677-2KE-130,167.0,False
82677-2KE-140,148.0,False
82677-2KE-150,106.0,False
82677-2KE-85,82.0,False
82677-2KE-90,150.0,False
82677-2ZU-100,174.0,False
82677-2ZU-110,164.0,False
82677-2ZU-120,152.0,False
82677-2ZU-130,150.0,False
82677-2ZU-140,135.0,False
82677-2ZU-150,102.0,False
82677-2ZU-85,88.0,False
82677-2ZU-90,151.0,False
82677-32V-100,128.0,False
82677-32V-110,181.0,False
82677-32V-120,178.0,False
82677-32V-130,150.0,False
82677-32V-140,150.0,False
82677-32V-150,130.0,False
82677-32V-85,125.0,False
82677-32V-90,255.0,False
82677-5GZ-130,111.0,False
82677-5GZ-140,100.0,False
82677-5GZ-150,85.0,False
82677-5GZ-90,122.0,False
82677-5HC-85,78.0,False
82677-5HP-130,110.0,False
82677-5HP-140,104.0,False
82677-5HP-150,85.0,False
82677-5HP-85,74.0,False
82677-5HV-150,90.0,False
82677-A45-100,149.0,False
82677-A45-110,162.0,False
82677-A45-120,155.0,False
82677-A45-130,150.0,False
82677-A45-140,144.0,False
82677-A45-150,110.0,False
82677-A45-85,58.0,False
82677-A45-90,168.0,False
82677-GK3-85,109.0,False
82680-2OZ-50,44.0,False
82680-2OZ-60,100.0,False
82680-2OZ-70,90.0,False
82680-2OZ-75,73.0,False
82680-2OZ-80,70.0,False
82680-2OZ-85,69.0,False
82680-2OZ-90,60.0,False
82680-319-50,56.0,False
82680-319-60,100.0,False
82680-319-70,99.0,False
82680-319-75,79.0,False
82680-319-80,79.0,False
82680-319-85,62.0,False
82680-319-90,67.0,False
82681-2NB-50,44.0,False
82681-4DP-50,50.0,False
82681-4DP-70,120.0,False
82681-4DP-75,110.0,False
82681-4DP-80,100.0,False
82681-4DP-85,90.0,False
82681-5KB-50,44.0,False
82681-5KB-60,120.0,False
82681-5KB-70,100.0,False
82681-5KB-75,100.0,False
82681-5KB-80,100.0,False
82681-5KB-85,90.0,False
82681-5KB-90,80.0,False
82681-5KD-50,29.0,False
82681-5KD-70,126.0,False
82681-5KD-75,110.0,False
82681-5KD-80,100.0,False
82681-5KD-85,80.0,False
82681-5KD-90,70.0,False
82681-5OO-50,53.0,False
82681-5OO-60,120.0,False
82681-5OO-70,120.0,False
82681-5OO-75,110.0,False
82681-5OO-80,90.0,False
82681-5OO-85,90.0,False
82681-5OO-90,80.0,False
82682-5M5-50,18.0,False
82682-5M5-60,67.0,False
82682-5M5-70,119.0,False
82682-5M5-75,100.0,False
82682-5M5-80,90.0,False
82682-5M5-85,85.0,False
82682-5M5-90,75.0,False
82682-5NR-90,80.0,False
82687-2OZ-100,109.0,False
82687-2OZ-110,148.0,False
82687-2OZ-120,150.0,False
82687-2OZ-130,127.0,False
82687-2OZ-140,113.0,False
82687-2OZ-150,62.0,False
82687-2OZ-85,70.0,False
82687-2OZ-90,107.0,False
82687-36L-100,86.0,False
82687-36L-110,116.0,False
82687-36L-120,148.0,False
82687-36L-130,130.0,False
82687-36L-140,89.0,False
82687-36L-150,49.0,False
82687-36L-85,55.0,False
82687-36L-90,84.0,False
82688-2KH-150,5.0,False
82688-2KH-90,26.0,False
82688-746-150,5.0,False
82697-76X-50,62.0,False
82697-76X-60,150.0,False
82697-76X-70,130.0,False
82697-76X-75,130.0,False
82697-76X-80,110.0,False
82697-76X-85,100.0,False
82697-76X-90,92.0,False
82699-32V-50,14.0,False
82700-76X-60,30.0,False
82700-76X-70,54.0,False
82700-76X-75,68.0,False
82700-76X-80,55.0,False
82703-461-50,24.0,False
82705-38N-50,41.0,False
82708-36K-50,151.0,False
82708-36K-60,140.0,False
82708-36K-70,120.0,False
82708-36K-75,106.0,False
82708-36K-80,75.0,False
82708-36K-NB,89.0,False
82708-3HA-50,125.0,False
82708-3HA-60,140.0,False
82708-3HA-70,120.0,False
82708-3HA-75,93.0,False
82708-3HA-80,65.0,False
82708-3HA-NB,73.0,False
82708-JB3-50,148.0,False
82708-JB3-60,120.0,False
82708-JB3-70,120.0,False
82708-JB3-75,112.0,False
82708-JB3-80,74.0,False
82708-JB3-NB,90.0,False
82709-36K-50,190.0,False
82709-36K-60,160.0,False
82709-36K-70,155.0,False
82709-36K-75,150.0,False
82709-36K-80,149.0,False
82709-36K-NB,175.0,False
82711-2KM-130,95.0,False
82711-2KM-140,76.0,False
82711-2KM-150,66.0,False
82712-2KM-130,55.0,False
82712-2KM-150,51.0,False
82715-2OD-100,120.0,False
82715-2OD-110,110.0,False
82715-2OD-120,110.0,False
82715-2OD-130,99.0,False
82715-2OD-140,69.0,False
82715-2OD-150,39.0,False
82715-2OD-85,104.0,False
82715-2OD-90,120.0,False
82717-1R1-50,74.0,False
82717-1R1-60,190.0,False
82717-1R1-70,180.0,False
82717-1R1-75,170.0,False
82717-1R1-80,170.0,False
82717-1R1-85,160.0,False
82717-1R1-90,150.0,False
82717-2KH-50,109.0,False
82717-2KH-60,190.0,False
82717-2KH-70,180.0,False
82717-2KH-75,170.0,False
82717-2KH-80,170.0,False
82717-2KH-85,160.0,False
82717-2KH-90,150.0,False
82717-2ME-50,78.0,False
82717-2ME-60,190.0,False
82717-2ME-70,180.0,False
82717-2ME-75,170.0,False
82717-2ME-80,170.0,False
82717-2ME-85,160.0,False
82717-2ME-90,150.0,False
82717-39D-50,57.0,False
82717-39D-60,190.0,False
82717-39D-70,180.0,False
82717-39D-75,170.0,False
82717-39D-80,170.0,False
82717-39D-85,160.0,False
82717-39D-90,150.0,False
82717-39L-50,14.0,False
82717-39L-60,53.0,False
82717-39L-70,96.0,False
82717-39L-75,86.0,False
82717-39L-80,65.0,False
82717-39L-85,57.0,False
82717-39L-90,49.0,False
82717-39N-50,37.0,False
82717-39N-60,133.0,False
82717-39N-70,180.0,False
82717-39N-75,170.0,False
82717-39N-80,168.0,False
82717-39N-85,148.0,False
82717-39N-90,127.0,False
82717-39S-50,51.0,False
82717-39S-60,190.0,False
82717-39S-70,180.0,False
82717-39S-75,170.0,False
82717-39S-80,170.0,False
82717-39S-85,160.0,False
82717-39S-90,150.0,False
82717-39T-50,74.0,False
82717-39T-60,190.0,False
82717-39T-70,180.0,False
82717-39T-75,170.0,False
82717-39T-80,170.0,False
82717-39T-85,160.0,False
82717-39T-90,150.0,False
82717-3BT-50,30.0,False
82717-3BT-60,111.0,False
82717-3BT-70,180.0,False
82717-3BT-75,170.0,False
82717-3BT-80,139.0,False
82717-3BT-85,123.0,False
82717-3BT-90,105.0,False
82717-41I-50,103.0,False
82717-41I-60,190.0,False
82717-41I-70,180.0,False
82717-41I-75,170.0,False
82717-41I-80,170.0,False
82717-41I-85,160.0,False
82717-41I-90,150.0,False
82717-42A-50,107.0,False
82717-42A-60,190.0,False
82717-42A-70,181.0,False
82717-42A-75,170.0,False
82717-42A-80,170.0,False
82717-42A-85,160.0,False
82717-42A-90,150.0,False
82717-43Q-50,70.0,False
82717-43Q-60,190.0,False
82717-43Q-70,180.0,False
82717-43Q-75,170.0,False
82717-43Q-80,170.0,False
82717-43Q-85,160.0,False
82717-43Q-90,150.0,False
82717-44J-50,46.0,False
82717-44J-60,164.0,False
82717-44J-70,180.0,False
82717-44J-75,170.0,False
82717-44J-80,170.0,False
82717-44J-85,160.0,False
82717-44J-90,150.0,False
82717-45I-50,78.0,False
82717-45I-60,190.0,False
82717-45I-70,180.0,False
82717-45I-75,170.0,False
82717-45I-80,170.0,False
82717-45I-85,160.0,False
82717-45I-90,150.0,False
82717-46R-50,107.0,False
82717-46R-60,193.0,False
82717-46R-70,180.0,False
82717-46R-75,170.0,False
82717-46R-80,170.0,False
82717-46R-85,160.0,False
82717-46R-90,150.0,False
82717-49V-50,92.0,False
82717-49V-60,190.0,False
82717-49V-70,180.0,False
82717-49V-75,170.0,False
82717-49V-80,170.0,False
82717-49V-85,160.0,False
82717-49V-90,150.0,False
82717-5XB-50,75.0,False
82717-5XB-60,190.0,False
82717-5XB-70,180.0,False
82717-5XB-75,170.0,False
82717-5XB-80,170.0,False
82717-5XB-90,151.0,False
82717-5XE-50,36.0,False
82717-5XE-75,166.0,False
82717-5XE-85,119.0,False
82717-5XE-90,110.0,False
82718-39D-100,130.0,False
82718-39D-110,120.0,False
82718-39D-120,120.0,False
82718-39D-130,100.0,False
82718-39D-140,100.0,False
82718-39D-150,93.0,False
82718-39D-85,75.0,False
82718-39D-90,130.0,False
82718-39H-100,119.0,False
82718-39H-110,120.0,False
82718-39H-120,100.0,False
82718-39H-130,100.0,False
82718-39H-140,77.0,False
82718-39H-150,49.0,False
82718-39H-85,39.0,False
82718-39H-90,82.0,False
82718-39I-100,130.0,False
82718-39I-110,120.0,False
82718-39I-120,100.0,False
82718-39I-130,100.0,False
82718-39I-140,103.0,False
82718-39I-150,65.0,False
82718-39I-85,52.0,False
82718-39I-90,109.0,False
82718-39K-100,88.0,False
82718-39K-110,108.0,False
82718-39K-120,100.0,False
82718-39K-130,83.0,False
82718-39K-140,56.0,False
82718-39K-150,36.0,False
82718-39K-85,29.0,False
82718-39K-90,60.0,False
82718-39L-100,119.0,False
82718-39L-110,120.0,False
82718-39L-120,100.0,False
82718-39L-130,100.0,False
82718-39L-140,77.0,False
82718-39L-150,49.0,False
82718-39L-85,38.0,False
82718-39L-90,82.0,False
82718-39N-100,130.0,False
82718-39N-110,120.0,False
82718-39N-120,100.0,False
82718-39N-130,100.0,False
82718-39N-140,103.0,False
82718-39N-150,65.0,False
82718-39N-85,52.0,False
82718-39N-90,109.0,False
82718-3GZ-100,88.0,False
82718-3GZ-110,108.0,False
82718-3GZ-120,100.0,False
82718-3GZ-130,83.0,False
82718-3GZ-140,56.0,False
82718-3GZ-150,37.0,False
82718-3GZ-85,29.0,False
82718-3GZ-90,60.0,False
82718-3KD-100,130.0,False
82718-3KD-110,120.0,False
82718-3KD-120,100.0,False
82718-3KD-130,100.0,False
82718-3KD-140,100.0,False
82718-3KD-150,75.0,False
82718-3KD-85,59.0,False
82718-3KD-90,124.0,False
82718-41I-100,130.0,False
82718-41I-110,120.0,False
82718-41I-120,100.0,False
82718-41I-130,100.0,False
82718-41I-140,100.0,False
82718-41I-150,90.0,False
82718-41I-85,112.0,False
82718-41I-90,130.0,False
82718-41S-100,130.0,False
82718-41S-110,120.0,False
82718-41S-120,100.0,False
82718-41S-130,100.0,False
82718-41S-140,100.0,False
82718-41S-150,90.0,False
82718-41S-85,76.0,False
82718-41S-90,130.0,False
82718-42C-100,130.0,False
82718-42C-110,120.0,False
82718-42C-120,100.0,False
82718-42C-130,100.0,False
82718-42C-140,100.0,False
82718-42C-150,90.0,False
82718-42C-85,76.0,False
82718-42C-90,140.0,False
82718-45I-100,130.0,False
82718-45I-110,120.0,False
82718-45I-120,100.0,False
82718-45I-130,100.0,False
82718-45I-140,100.0,False
82718-45I-150,90.0,False
82718-45I-85,133.0,False
82718-45I-90,140.0,False
82718-46R-100,130.0,False
82718-46R-110,120.0,False
82718-46R-120,100.0,False
82718-46R-130,100.0,False
82718-46R-140,100.0,False
82718-46R-150,75.0,False
82718-46R-85,84.0,False
82718-46R-90,140.0,False
82718-49V-100,130.0,False
82718-49V-110,120.0,False
82718-49V-120,100.0,False
82718-49V-130,100.0,False
82718-49V-140,96.0,False
82718-49V-150,61.0,False
82718-49V-85,49.0,False
82718-49V-90,103.0,False
82718-5XD-150,56.0,False
82718-5XE-100,130.0,False
82718-5XE-110,120.0,False
82718-5XE-140,84.0,False
82718-5XE-150,47.0,False
82718-5XE-85,62.0,False
82718-5YO-140,100.0,False
82718-5YO-150,67.0,False
82718-5ZN-130,50.0,False
82718-5ZN-140,46.0,False
82718-5ZN-150,33.0,False
82718-5ZN-85,36.0,False
82718-5ZN-90,64.0,False
82718-6CY-130,100.0,False
82718-6CY-150,51.0,False
82719-1R1-100,100.0,False
82719-1R1-110,90.0,False
82719-1R1-120,90.0,False
82719-1R1-130,85.0,False
82719-1R1-140,75.0,False
82719-1R1-150,65.0,False
82719-1R1-85,95.0,False
82719-1R1-90,103.0,False
82719-39H-100,100.0,False
82719-39H-110,90.0,False
82719-39H-120,80.0,False
82719-39H-130,80.0,False
82719-39H-140,70.0,False
82719-39H-150,53.0,False
82719-39H-85,45.0,False
82719-39H-90,94.0,False
82719-39I-100,100.0,False
82719-39I-110,90.0,False
82719-39I-120,80.0,False
82719-39I-130,80.0,False
82719-39I-140,70.0,False
82719-39I-150,70.0,False
82719-39I-85,81.0,False
82719-39I-90,110.0,False
82719-39L-100,90.0,False
82719-39L-110,90.0,False
82719-39L-120,90.0,False
82719-39L-130,85.0,False
82719-39L-140,75.0,False
82719-39L-150,65.0,False
82719-39L-85,78.0,False
82719-39L-90,100.0,False
82719-39N-100,90.0,False
82719-39N-110,90.0,False
82719-39N-120,90.0,False
82719-39N-130,85.0,False
82719-39N-140,75.0,False
82719-39N-150,68.0,False
82719-39N-85,57.0,False
82719-39N-90,100.0,False
82719-3GZ-100,96.0,False
82719-3GZ-110,90.0,False
82719-3GZ-120,90.0,False
82719-3GZ-130,90.0,False
82719-3GZ-140,62.0,False
82719-3GZ-150,40.0,False
82719-3GZ-85,34.0,False
82719-3GZ-90,71.0,False
82719-3KD-100,90.0,False
82719-3KD-110,90.0,False
82719-3KD-120,90.0,False
82719-3KD-130,85.0,False
82719-3KD-140,75.0,False
82719-3KD-150,65.0,False
82719-3KD-85,73.0,False
82719-3KD-90,100.0,False
82719-41I-100,90.0,False
82719-41I-110,90.0,False
82719-41I-120,90.0,False
82719-41I-130,85.0,False
82719-41I-140,75.0,False
82719-41I-150,65.0,False
82719-41I-85,103.0,False
82719-41I-90,100.0,False
82719-42C-100,90.0,False
82719-42C-110,90.0,False
82719-42C-120,90.0,False
82719-42C-130,85.0,False
82719-42C-140,75.0,False
82719-42C-150,65.0,False
82719-42C-85,73.0,False
82719-42C-90,100.0,False
82719-46R-100,90.0,False
82719-46R-110,90.0,False
82719-46R-120,90.0,False
82719-46R-130,87.0,False
82719-46R-140,75.0,False
82719-46R-150,65.0,False
82719-46R-85,87.0,False
82719-46R-90,100.0,False
82719-5XE-100,100.0,False
82719-5XE-110,90.0,False
82719-5XE-120,80.0,False
82719-5XE-130,80.0,False
82719-5XE-140,73.0,False
82719-5XE-150,70.0,False
82719-5XE-85,56.0,False
82719-5XE-90,110.0,False
82719-5XW-100,111.0,False
82719-5ZU-85,44.0,False
82719-65Z-100,65.0,False
82721-39D-100,170.0,False
82721-39D-110,160.0,False
82721-39D-120,160.0,False
82721-39D-130,140.0,False
82721-39D-140,140.0,False
82721-39D-150,120.0,False
82721-39D-85,52.0,False
82721-39D-90,129.0,False
82721-39H-100,114.0,False
82721-39H-110,160.0,False
82721-39H-120,160.0,False
82721-39H-130,140.0,False
82721-39H-140,140.0,False
82721-39H-150,111.0,False
82721-39H-85,29.0,False
82721-39H-90,74.0,False
82721-39I-100,170.0,False
82721-39I-110,160.0,False
82721-39I-120,160.0,False
82721-39I-130,140.0,False
82721-39I-140,140.0,False
82721-39I-150,120.0,False
82721-39I-85,52.0,False
82721-39I-90,128.0,False
82721-39K-100,64.0,False
82721-39K-110,106.0,False
82721-39K-120,139.0,False
82721-39K-130,120.0,False
82721-39K-140,92.0,False
82721-39K-150,62.0,False
82721-39K-85,17.0,False
82721-39K-90,42.0,False
82721-39L-100,116.0,False
82721-39L-110,160.0,False
82721-39L-120,160.0,False
82721-39L-130,140.0,False
82721-39L-140,140.0,False
82721-39L-150,113.0,False
82721-39L-85,30.0,False
82721-39L-90,75.0,False
82721-39N-100,146.0,False
82721-39N-110,160.0,False
82721-39N-120,160.0,False
82721-39N-130,140.0,False
82721-39N-140,140.0,False
82721-39N-150,120.0,False
82721-39N-85,38.0,False
82721-39N-90,94.0,False
82721-3GZ-100,75.0,False
82721-3GZ-110,120.0,False
82721-3GZ-120,160.0,False
82721-3GZ-130,138.0,False
82721-3GZ-140,106.0,False
82721-3GZ-150,72.0,False
82721-3GZ-85,18.0,False
82721-3GZ-90,47.0,False
82721-3KD-100,131.0,False
82721-3KD-110,160.0,False
82721-3KD-120,160.0,False
82721-3KD-130,140.0,False
82721-3KD-140,140.0,False
82721-3KD-150,90.0,False
82721-3KD-85,29.0,False
82721-3KD-90,77.0,False
82721-41I-100,170.0,False
82721-41I-110,160.0,False
82721-41I-120,160.0,False
82721-41I-130,140.0,False
82721-41I-140,140.0,False
82721-41I-150,120.0,False
82721-41I-85,91.0,False
82721-41I-90,235.0,False
82721-41S-100,170.0,False
82721-41S-110,160.0,False
82721-41S-120,160.0,False
82721-41S-130,142.0,False
82721-41S-140,140.0,False
82721-41S-150,120.0,False
82721-41S-85,49.0,False
82721-41S-90,127.0,False
82721-42C-100,170.0,False
82721-42C-110,160.0,False
82721-42C-120,160.0,False
82721-42C-130,140.0,False
82721-42C-140,140.0,False
82721-42C-150,120.0,False
82721-42C-85,42.0,False
82721-42C-90,109.0,False
82721-45I-100,170.0,False
82721-45I-110,160.0,False
82721-45I-120,160.0,False
82721-45I-130,140.0,False
82721-45I-140,140.0,False
82721-45I-150,120.0,False
82721-45I-85,83.0,False
82721-45I-90,214.0,False
82721-46R-100,170.0,False
82721-46R-110,160.0,False
82721-46R-120,160.0,False
82721-46R-130,140.0,False
82721-46R-140,140.0,False
82721-46R-150,107.0,False
82721-46R-85,62.0,False
82721-46R-90,160.0,False
82721-49V-100,118.0,False
82721-49V-110,160.0,False
82721-49V-120,160.0,False
82721-49V-130,140.0,False
82721-49V-140,140.0,False
82721-49V-150,81.0,False
82721-49V-85,26.0,False
82721-49V-90,69.0,False
82721-5XB-85,26.0,False
82721-5XB-90,65.0,False
82721-5XE-100,118.0,False
82721-5XE-110,160.0,False
82721-5XE-130,140.0,False
82721-5XE-140,122.0,False
82721-5XE-150,76.0,False
82721-5XE-85,26.0,False
82721-5XE-90,65.0,False
82721-5XV-90,100.0,False
82721-5ZN-140,72.0,False
82721-5ZN-90,34.0,False
82722-2MP-50,18.0,False
82722-2MP-60,72.0,False
82722-2MP-70,125.0,False
82722-2MP-75,125.0,False
82722-2MP-80,125.0,False
82722-2MP-85,125.0,False
82722-2MP-90,110.0,False
82722-36M-50,7.0,False
82722-36M-60,57.0,False
82722-36M-70,110.0,False
82722-36M-75,110.0,False
82722-36M-80,110.0,False
82722-36M-85,110.0,False
82722-36M-90,110.0,False
82722-39N-50,15.0,False
82722-39N-60,53.0,False
82722-39N-70,110.0,False
82722-39N-75,123.0,False
82722-39N-80,113.0,False
82722-39N-85,111.0,False
82722-39N-90,110.0,False
82722-41I-50,49.0,False
82722-41I-60,125.0,False
82722-41I-70,125.0,False
82722-41I-75,125.0,False
82722-41I-80,125.0,False
82722-41I-85,125.0,False
82722-41I-90,110.0,False
82722-42A-50,30.0,False
82722-42A-60,121.0,False
82722-42A-70,125.0,False
82722-42A-75,125.0,False
82722-42A-80,125.0,False
82722-42A-85,125.0,False
82722-42A-90,110.0,False
82722-44J-50,26.0,False
82722-44J-60,103.0,False
82722-44J-70,125.0,False
82722-44J-75,125.0,False
82722-44J-80,125.0,False
82722-44J-85,125.0,False
82722-44J-90,110.0,False
82723-39D-100,180.0,False
82723-39D-110,170.0,False
82723-39D-120,161.0,False
82723-39D-130,150.0,False
82723-39D-140,140.0,False
82723-39D-150,130.0,False
82723-39D-85,32.0,False
82723-39D-90,107.0,False
82723-39H-100,132.0,False
82723-39H-110,170.0,False
82723-39H-120,160.0,False
82723-39H-130,150.0,False
82723-39H-140,140.0,False
82723-39H-150,111.0,False
82723-39H-85,23.0,False
82723-39H-90,70.0,False
82723-39I-100,152.0,False
82723-39I-110,170.0,False
82723-39I-120,160.0,False
82723-39I-130,150.0,False
82723-39I-140,140.0,False
82723-39I-150,129.0,False
82723-39I-85,25.0,False
82723-39I-90,80.0,False
82723-39K-100,67.0,False
82723-39K-110,106.0,False
82723-39K-120,159.0,False
82723-39K-130,126.0,False
82723-39K-140,93.0,False
82723-39K-150,56.0,False
82723-39K-85,7.0,False
82723-39K-90,35.0,False
82723-39L-100,139.0,False
82723-39L-110,170.0,False
82723-39L-120,160.0,False
82723-39L-130,150.0,False
82723-39L-140,140.0,False
82723-39L-150,117.0,False
82723-39L-85,22.0,False
82723-39L-90,73.0,False
82723-39N-100,148.0,False
82723-39N-110,170.0,False
82723-39N-120,160.0,False
82723-39N-130,150.0,False
82723-39N-140,140.0,False
82723-39N-150,125.0,False
82723-39N-85,24.0,False
82723-39N-90,78.0,False
82723-3GZ-100,86.0,False
82723-3GZ-110,136.0,False
82723-3GZ-120,160.0,False
82723-3GZ-130,150.0,False
82723-3GZ-140,118.0,False
82723-3GZ-150,72.0,False
82723-3GZ-85,13.0,False
82723-3GZ-90,45.0,False
82723-3KD-100,122.0,False
82723-3KD-110,170.0,False
82723-3KD-120,162.0,False
82723-3KD-130,150.0,False
82723-3KD-140,140.0,False
82723-3KD-150,88.0,False
82723-3KD-85,22.0,False
82723-3KD-90,73.0,False
82723-41I-100,180.0,False
82723-41I-110,170.0,False
82723-41I-120,160.0,False
82723-41I-130,150.0,False
82723-41I-140,140.0,False
82723-41I-150,130.0,False
82723-41I-85,63.0,False
82723-41I-90,180.0,False
82723-41S-100,180.0,False
82723-41S-110,170.0,False
82723-41S-120,160.0,False
82723-41S-130,150.0,False
82723-41S-140,140.0,False
82723-41S-150,130.0,False
82723-41S-85,37.0,False
82723-41S-90,120.0,False
82723-42C-100,174.0,False
82723-42C-110,170.0,False
82723-42C-120,160.0,False
82723-42C-130,150.0,False
82723-42C-140,140.0,False
82723-42C-150,126.0,False
82723-42C-85,31.0,False
82723-42C-90,104.0,False
82723-45I-140,140.0,False
82723-45I-150,130.0,False
82723-45I-85,73.0,False
82723-46R-100,180.0,False
82723-46R-110,170.0,False
82723-46R-120,160.0,False
82723-46R-130,150.0,False
82723-46R-140,140.0,False
82723-46R-150,112.0,False
82723-46R-85,48.0,False
82723-46R-90,159.0,False
82723-49V-100,110.0,False
82723-49V-110,170.0,False
82723-49V-120,160.0,False
82723-49V-130,150.0,False
82723-49V-140,143.0,False
82723-49V-150,80.0,False
82723-49V-85,20.0,False
82723-49V-90,65.0,False
82723-5ZN-140,70.0,False
82723-5ZN-150,44.0,False
82723-5ZN-85,9.0,False
82723-6CY-130,130.0,False
82723-6GW-90,31.0,False
82724-35K-100,52.0,False
82724-35K-110,83.0,False
82724-35K-120,124.0,False
82724-35K-130,98.0,False
82724-35K-140,73.0,False
82724-35K-150,45.0,False
82724-35K-85,9.0,False
82724-35K-90,27.0,False
82724-39O-100,52.0,False
82724-39O-110,83.0,False
82724-39O-120,124.0,False
82724-39O-130,98.0,False
82724-39O-140,73.0,False
82724-39O-150,45.0,False
82724-39O-85,9.0,False
82724-39O-90,27.0,False
82724-3CE-100,73.0,False
82724-3CE-110,115.0,False
82724-3CE-120,130.0,False
82724-3CE-130,120.0,False
82724-3CE-140,101.0,False
82724-3CE-150,62.0,False
82724-3CE-85,12.0,False
82724-3CE-90,39.0,False
82724-3CF-100,73.0,False
82724-3CF-110,115.0,False
82724-3CF-120,130.0,False
82724-3CF-130,120.0,False
82724-3CF-140,101.0,False
82724-3CF-150,62.0,False
82724-3CF-85,12.0,False
82724-3CF-90,39.0,False
82724-3HH-100,130.0,False
82724-3HH-110,140.0,False
82724-3HH-120,130.0,False
82724-3HH-130,120.0,False
82724-3HH-140,110.0,False
82724-3HH-150,100.0,False
82724-3HH-85,21.0,False
82724-3HH-90,69.0,False
82725-3DT-M,130.0,False
82725-3DT-S,140.0,False
82725-3DT-XS,150.0,False
82725-3DT-XXS,82.0,False
82725-3DU-M,133.0,False
82725-3DU-S,140.0,False
82725-3DU-XS,150.0,False
82725-3DU-XXS,43.0,False
82725-3DV-M,133.0,False
82725-3DV-S,140.0,False
82725-3DV-XS,150.0,False
82725-3DV-XXS,43.0,False
82725-GK3-M,130.0,False
82725-GK3-S,140.0,False
82725-GK3-XS,150.0,False
82725-GK3-XXS,115.0,False
82727-76X-M,65.0,False
82727-76X-S,100.0,False
82727-76X-XXS,117.0,False
82731-39D-50,35.0,False
82731-39D-60,112.0,False
82731-39D-70,130.0,False
82731-39D-75,130.0,False
82731-39D-80,120.0,False
82731-39D-85,105.0,False
82731-39D-90,67.0,False
82731-39L-50,44.0,False
82731-39L-60,149.0,False
82731-39L-70,150.0,False
82731-39L-75,150.0,False
82731-39L-80,120.0,False
82731-39L-85,120.0,False
82731-39L-90,85.0,False
82731-3KC-50,53.0,False
82731-3KC-60,164.0,False
82731-3KC-70,160.0,False
82731-3KC-75,150.0,False
82731-3KC-80,140.0,False
82731-3KC-85,130.0,False
82731-3KC-90,98.0,False
82731-43Q-50,41.0,False
82731-43Q-60,123.0,False
82731-43Q-70,160.0,False
82731-43Q-75,150.0,False
82731-43Q-80,140.0,False
82731-43Q-85,113.0,False
82731-43Q-90,74.0,False
82731-46R-50,61.0,False
82731-46R-60,160.0,False
82731-46R-70,160.0,False
82731-46R-75,150.0,False
82731-46R-80,140.0,False
82731-46R-85,130.0,False
82731-46R-90,113.0,False
82731-5MW-80,120.0,False
82731-5MW-85,120.0,False
82731-5MW-90,111.0,False
82731-5XE-50,33.0,False
82731-5XE-60,103.0,False
82731-5XE-70,130.0,False
82731-5XE-75,130.0,False
82731-5XE-80,120.0,False
82731-5XE-85,112.0,False
82731-5XE-90,69.0,False
82731-6HH-90,69.0,False
82732-32K-50,74.0,False
82732-32K-60,100.0,False
82732-32K-70,85.0,False
82732-32K-75,80.0,False
82732-32K-80,75.0,False
82732-32K-85,70.0,False
82732-32K-90,74.0,False
82733-2KD-L,129.0,False
82733-2KD-M,159.0,False
82733-2KD-S,147.0,False
82733-2KD-XS,125.0,False
82733-2KD-XXS,81.0,False
82733-31Y-L,116.0,False
82733-31Y-M,134.0,False
82733-31Y-S,130.0,False
82733-31Y-XS,113.0,False
82733-31Y-XXS,69.0,False
82733-GK3-L,190.0,False
82733-GK3-M,216.0,False
82733-GK3-S,209.0,False
82733-GK3-XS,177.0,False
82733-GK3-XXS,109.0,False
82733-SR4-L,157.0,False
82733-SR4-M,179.0,False
82733-SR4-S,172.0,False
82733-SR4-XS,146.0,False
82733-SR4-XXS,91.0,False
82766-1WL-50,48.0,False
82766-5XS-50,54.0,False
82766-5XS-60,90.0,False
82766-5XS-70,80.0,False
82766-5XS-75,80.0,False
82766-5XS-80,70.0,False
82766-5XS-85,70.0,False
82766-5XS-90,60.0,False
82767-35K-100,51.0,False
82767-35K-110,84.0,False
82767-35K-120,111.0,False
82767-35K-130,95.0,False
82767-35K-140,74.0,False
82767-35K-150,50.0,False
82767-35K-85,13.0,False
82767-35K-90,33.0,False
82767-39O-100,51.0,False
82767-39O-110,84.0,False
82767-39O-120,111.0,False
82767-39O-130,95.0,False
82767-39O-140,74.0,False
82767-39O-150,50.0,False
82767-39O-85,13.0,False
82767-39O-90,33.0,False
82767-3HH-100,138.0,False
82767-3HH-110,160.0,False
82767-3HH-120,150.0,False
82767-3HH-130,140.0,False
82767-3HH-140,135.0,False
82767-3HH-150,120.0,False
82767-3HH-85,37.0,False
82767-3HH-90,89.0,False
82768-3GS-100,150.0,False
82768-3GS-110,140.0,False
82768-3GS-120,135.0,False
82768-3GS-130,130.0,False
82768-3GS-140,129.0,False
82768-3GS-150,96.0,False
82768-3GS-85,38.0,False
82768-3GS-90,112.0,False
82768-5YM-130,130.0,False
82768-5YN-140,111.0,False
82768-5YN-150,58.0,False
82769-UX9-100,170.0,False
82769-UX9-110,167.0,False
82769-UX9-120,150.0,False
82769-UX9-130,140.0,False
82769-UX9-140,130.0,False
82769-UX9-150,120.0,False
82769-UX9-85,52.0,False
82769-UX9-90,153.0,False
82773-1R1-100,112.0,False
82773-1R1-110,110.0,False
82773-1R1-120,110.0,False
82773-1R1-130,110.0,False
82773-1R1-140,83.0,False
82773-1R1-150,54.0,False
82773-1R1-85,42.0,False
82773-1R1-90,89.0,False
82773-3BS-100,77.0,False
82773-3BS-110,94.0,False
82773-3BS-120,109.0,False
82773-3BS-130,73.0,False
82773-3BS-140,49.0,False
82773-3BS-150,31.0,False
82773-3BS-85,24.0,False
82773-3BS-90,53.0,False
82773-3BT-100,86.0,False
82773-3BT-110,108.0,False
82773-3BT-120,110.0,False
82773-3BT-130,83.0,False
82773-3BT-140,57.0,False
82773-3BT-150,36.0,False
82773-3BT-85,29.0,False
82773-3BT-90,60.0,False
82773-3BU-100,87.0,False
82773-3BU-110,108.0,False
82773-3BU-120,110.0,False
82773-3BU-130,82.0,False
82773-3BU-140,57.0,False
82773-3BU-150,36.0,False
82773-3BU-85,29.0,False
82773-3BU-90,60.0,False
82774-31Y-100,76.0,False
82774-31Y-110,124.0,False
82774-31Y-120,150.0,False
82774-31Y-130,150.0,False
82774-31Y-140,108.0,False
82774-31Y-150,73.0,False
82774-3GQ-100,100.0,False
82774-3GQ-110,164.0,False
82774-3GQ-120,150.0,False
82774-3GQ-130,150.0,False
82774-3GQ-140,144.0,False
82774-3GQ-150,97.0,False
82774-E66-100,132.0,False
82774-E66-110,170.0,False
82774-E66-120,150.0,False
82774-E66-130,150.0,False
82774-E66-140,140.0,False
82774-E66-150,128.0,False
82775-2KG-100,180.0,False
82775-2KG-110,175.0,False
82775-2KG-120,175.0,False
82775-2KG-130,160.0,False
82775-2KG-140,160.0,False
82775-2KG-150,150.0,False
82775-2KG-85,47.0,False
82775-2KG-90,134.0,False
82775-31Y-100,180.0,False
82775-31Y-110,175.0,False
82775-31Y-120,175.0,False
82775-31Y-130,160.0,False
82775-31Y-140,160.0,False
82775-31Y-150,150.0,False
82775-31Y-85,62.0,False
82775-31Y-90,177.0,False
82775-3EA-100,200.0,False
82775-3EA-110,200.0,False
82775-3EA-120,180.0,False
82775-3EA-130,180.0,False
82775-3EA-140,150.0,False
82775-3EA-150,150.0,False
82775-3EA-85,47.0,False
82775-3EA-90,132.0,False
82775-5H5-110,178.0,False
82775-5H5-120,175.0,False
82775-5H5-130,160.0,False
82775-5H5-140,163.0,False
82775-5H5-85,40.0,False
82775-5H5-90,75.0,False
82776-39D-100,55.0,False
82776-39D-110,53.0,False
82776-39D-120,45.0,False
82776-39D-130,40.0,False
82776-39D-140,35.0,False
82776-39D-150,30.0,False
82776-39D-85,68.0,False
82776-39D-90,60.0,False
82776-3BS-100,55.0,False
82776-3BS-110,50.0,False
82776-3BS-120,45.0,False
82776-3BS-130,40.0,False
82776-3BS-140,35.0,False
82776-3BS-150,32.0,False
82776-3BS-85,33.0,False
82776-3BS-90,62.0,False
82776-3BT-100,55.0,False
82776-3BT-110,50.0,False
82776-3BT-120,45.0,False
82776-3BT-130,40.0,False
82776-3BT-140,35.0,False
82776-3BT-150,30.0,False
82776-3BT-85,60.0,False
82776-3BT-90,62.0,False
82776-3BU-100,55.0,False
82776-3BU-110,50.0,False
82776-3BU-120,45.0,False
82776-3BU-130,40.0,False
82776-3BU-140,35.0,False
82776-3BU-150,30.0,False
82776-3BU-85,60.0,False
82776-3BU-90,62.0,False
82776-5KS-130,40.0,False
82776-5KS-140,35.0,False
82776-5KS-150,30.0,False
82776-5KT-150,30.0,False
82776-5KT-85,65.0,False
82776-UX9-100,55.0,False
82776-UX9-110,50.0,False
82776-UX9-120,47.0,False
82776-UX9-130,43.0,False
82776-UX9-140,38.0,False
82776-UX9-150,30.0,False
82776-UX9-85,65.0,False
82776-UX9-90,60.0,False
82777-1GR-100,70.0,False
82777-1GR-110,65.0,False
82777-1GR-120,63.0,False
82777-1GR-130,55.0,False
82777-1GR-140,50.0,False
82777-1GR-150,46.0,False
82777-1GR-85,66.0,False
82777-1GR-90,75.0,False
82777-2KD-100,70.0,False
82777-2KD-110,65.0,False
82777-2KD-120,60.0,False
82777-2KD-130,55.0,False
82777-2KD-140,50.0,False
82777-2KD-150,45.0,False
82777-2KD-85,76.0,False
82777-2KD-90,80.0,False
82778-1FQ-100,160.0,False
82778-1FQ-110,150.0,False
82778-1FQ-120,140.0,False
82778-1FQ-130,120.0,False
82778-1FQ-140,110.0,False
82778-1FQ-150,109.0,False
82778-1FQ-85,87.0,False
82778-1FQ-90,170.0,False
82778-2KD-100,170.0,False
82778-2KD-110,150.0,False
82778-2KD-120,140.0,False
82778-2KD-130,120.0,False
82778-2KD-140,110.0,False
82778-2KD-150,110.0,False
82778-2KD-85,116.0,False
82778-2KD-90,180.0,False
82778-2KG-100,160.0,False
82778-2KG-110,156.0,False
82778-2KG-120,140.0,False
82778-2KG-130,120.0,False
82778-2KG-140,110.0,False
82778-2KG-150,112.0,False
82778-2KG-85,90.0,False
82778-2KG-90,170.0,False
82778-2ZY-100,160.0,False
82778-2ZY-110,150.0,False
82778-2ZY-120,140.0,False
82778-2ZY-130,120.0,False
82778-2ZY-140,110.0,False
82778-2ZY-150,100.0,False
82778-2ZY-85,94.0,False
82778-2ZY-90,170.0,False
82778-31W-100,160.0,False
82778-31W-110,150.0,False
82778-31W-120,140.0,False
82778-31W-130,120.0,False
82778-31W-140,110.0,False
82778-31W-150,100.0,False
82778-31W-85,100.0,False
82778-31W-90,170.0,False
82778-31Y-100,160.0,False
82778-31Y-110,155.0,False
82778-31Y-120,163.0,False
82778-31Y-130,122.0,False
82778-31Y-140,110.0,False
82778-31Y-150,100.0,False
82778-31Y-85,160.0,False
82778-31Y-90,180.0,False
82778-32K-100,160.0,False
82778-32K-110,155.0,False
82778-32K-120,140.0,False
82778-32K-130,120.0,False
82778-32K-140,110.0,False
82778-32K-150,110.0,False
82778-32K-85,107.0,False
82778-32K-90,160.0,False
82778-5H5-100,160.0,False
82778-5H5-110,150.0,False
82778-5H5-130,120.0,False
82778-5H5-85,104.0,False
82778-5H5-90,170.0,False
82780-1AX-100,140.0,False
82780-1AX-110,130.0,False
82780-1AX-120,120.0,False
82780-1AX-130,110.0,False
82780-1AX-140,100.0,False
82780-1AX-150,65.0,False
82780-1AX-90,150.0,False
82780-2KD-100,140.0,False
82780-2KD-110,130.0,False
82780-2KD-120,120.0,False
82780-2KD-130,110.0,False
82780-2KD-140,100.0,False
82780-2KD-150,65.0,False
82780-2KD-90,150.0,False
82780-32T-100,140.0,False
82780-32T-110,130.0,False
82780-32T-120,120.0,False
82780-32T-130,110.0,False
82780-32T-140,100.0,False
82780-32T-150,50.0,False
82780-32T-90,124.0,False
82785-1FQ-120,110.0,False
82785-1FQ-140,74.0,False
82785-1FQ-150,58.0,False
82785-2ZY-100,130.0,False
82785-2ZY-110,120.0,False
82785-2ZY-120,110.0,False
82785-2ZY-130,100.0,False
82785-2ZY-140,77.0,False
82785-2ZY-150,60.0,False
82785-2ZY-85,77.0,False
82785-2ZY-90,130.0,False
82785-32K-100,130.0,False
82785-32K-110,120.0,False
82785-32K-120,110.0,False
82785-32K-130,100.0,False
82785-32K-140,77.0,False
82785-32K-150,60.0,False
82785-32K-85,77.0,False
82785-32K-90,130.0,False
82786-3CL-100,140.0,False
82786-3CL-110,130.0,False
82786-3CL-120,120.0,False
82786-3CL-130,110.0,False
82786-3CL-140,76.0,False
82786-3CL-150,60.0,False
82786-3CL-85,77.0,False
82786-3CL-90,150.0,False
82787-1AX-100,81.0,False
82787-1AX-110,130.0,False
82787-1AX-120,120.0,False
82787-1AX-130,110.0,False
82787-1AX-140,100.0,False
82787-1AX-150,80.0,False
82787-1AX-90,60.0,False
82787-2KD-100,130.0,False
82787-2KD-110,130.0,False
82787-2KD-120,120.0,False
82787-2KD-130,111.0,False
82787-2KD-140,100.0,False
82787-2KD-150,80.0,False
82787-2KD-90,90.0,False
82787-32T-100,44.0,False
82787-32T-110,71.0,False
82787-32T-120,116.0,False
82787-32T-130,105.0,False
82787-32T-140,84.0,False
82787-32T-150,49.0,False
82787-32T-90,31.0,False
82787-3KG-140,90.0,False
82787-3KG-150,71.0,False
82787-5H5-130,100.0,False
82787-5H5-140,90.0,False
82787-5H5-150,70.0,False
82787-64I-100,150.0,False
82788-35K-150,78.0,False
82788-39H-100,130.0,False
82788-39H-110,130.0,False
82788-39H-120,110.0,False
82788-39H-130,110.0,False
82788-39H-140,100.0,False
82788-39H-150,94.0,False
82788-39H-85,150.0,False
82788-39H-90,150.0,False
82788-39M-100,130.0,False
82788-39M-110,130.0,False
82788-39M-120,110.0,False
82788-39M-130,110.0,False
82788-39M-140,100.0,False
82788-39M-150,100.0,False
82788-39M-85,92.0,False
82788-39M-90,150.0,False
82788-39O-100,130.0,False
82788-39O-110,130.0,False
82788-39O-120,110.0,False
82788-39O-130,110.0,False
82788-39O-140,100.0,False
82788-39O-150,87.0,False
82788-39O-85,80.0,False
82788-39O-90,150.0,False
82788-39Q-100,130.0,False
82788-39Q-110,130.0,False
82788-39Q-120,110.0,False
82788-39Q-130,110.0,False
82788-39Q-140,100.0,False
82788-39Q-150,79.0,False
82788-39Q-85,147.0,False
82788-39Q-90,150.0,False
82788-39R-100,130.0,False
82788-39R-110,130.0,False
82788-39R-120,110.0,False
82788-39R-130,110.0,False
82788-39R-140,100.0,False
82788-39R-150,100.0,False
82788-39R-85,65.0,False
82788-39R-90,132.0,False
82788-39S-100,130.0,False
82788-39S-110,130.0,False
82788-39S-120,110.0,False
82788-39S-130,113.0,False
82788-39S-140,100.0,False
82788-39S-150,100.0,False
82788-39S-85,150.0,False
82788-39S-90,150.0,False
82788-39T-100,130.0,False
82788-39T-110,130.0,False
82788-39T-120,110.0,False
82788-39T-130,110.0,False
82788-39T-140,100.0,False
82788-39T-150,100.0,False
82788-39T-85,109.0,False
82788-39T-90,150.0,False
82788-39U-100,130.0,False
82788-39U-110,130.0,False
82788-39U-120,110.0,False
82788-39U-130,110.0,False
82788-39U-140,100.0,False
82788-39U-150,100.0,False
82788-39U-85,95.0,False
82788-39U-90,150.0,False
82788-39X-100,130.0,False
82788-39X-110,130.0,False
82788-39X-120,110.0,False
82788-39X-130,110.0,False
82788-39X-140,96.0,False
82788-39X-150,69.0,False
82788-39X-85,62.0,False
82788-39X-90,123.0,False
82788-41B-100,120.0,False
82788-41B-110,120.0,False
82788-41B-120,120.0,False
82788-41B-130,125.0,False
82788-41B-140,120.0,False
82788-41B-150,120.0,False
82788-41B-85,58.0,False
82788-41B-90,123.0,False
82788-43J-85,79.0,False
82788-43J-90,120.0,False
82788-43Q-100,110.0,False
82788-43Q-110,110.0,False
82788-43Q-120,100.0,False
82788-43Q-130,100.0,False
82788-43Q-140,90.0,False
82788-43Q-150,90.0,False
82788-43Q-85,78.0,False
82788-43Q-90,120.0,False
82788-43Z-100,120.0,False
82788-43Z-110,120.0,False
82788-43Z-120,120.0,False
82788-43Z-130,120.0,False
82788-43Z-140,120.0,False
82788-43Z-150,120.0,False
82788-43Z-85,61.0,False
82788-43Z-90,120.0,False
82788-44D-100,110.0,False
82788-44D-110,115.0,False
82788-44D-120,100.0,False
82788-44D-130,100.0,False
82788-44D-140,90.0,False
82788-44D-150,93.0,False
82788-44D-85,120.0,False
82788-44D-90,120.0,False
82788-44J-100,110.0,False
82788-44J-110,110.0,False
82788-44J-120,100.0,False
82788-44J-130,100.0,False
82788-44J-140,90.0,False
82788-44J-150,90.0,False
82788-44J-85,56.0,False
82788-44J-90,117.0,False
82788-44Z-100,120.0,False
82788-44Z-110,120.0,False
82788-44Z-120,120.0,False
82788-44Z-130,120.0,False
82788-44Z-140,115.0,False
82788-44Z-150,85.0,False
82788-44Z-85,75.0,False
82788-44Z-90,120.0,False
82788-45I-100,110.0,False
82788-45I-110,110.0,False
82788-45I-120,100.0,False
82788-45I-130,100.0,False
82788-45I-140,90.0,False
82788-45I-150,90.0,False
82788-45I-85,63.0,False
82788-45I-90,112.0,False
82788-5XH-85,94.0,False
82788-5ZN-140,63.0,False
82788-5ZN-150,40.0,False
82788-5ZN-85,50.0,False
82788-6AW-140,119.0,False
82788-6AW-150,76.0,False
82788-6GT-140,118.0,False
82788-6GT-150,77.0,False
82790-37Z-100,130.0,False
82790-37Z-110,130.0,False
82790-37Z-120,110.0,False
82790-37Z-130,110.0,False
82790-37Z-140,100.0,False
82790-37Z-150,100.0,False
82790-37Z-85,103.0,False
82790-37Z-90,150.0,False
82790-3BS-100,106.0,False
82790-3BS-110,131.0,False
82790-3BS-120,110.0,False
82790-3BS-130,110.0,False
82790-3BS-140,93.0,False
82790-3BS-150,65.0,False
82790-3BS-85,42.0,False
82790-3BS-90,74.0,False
82790-3BT-90,157.0,False
82790-3BU-90,157.0,False
82792-3CF-50,38.0,False
82792-3CF-60,121.0,False
82792-3CF-70,180.0,False
82792-3CF-75,170.0,False
82792-3CF-80,156.0,False
82792-3CF-85,112.0,False
82792-3CF-90,72.0,False
82792-3HH-50,21.0,False
82792-3HH-60,65.0,False
82792-3HH-70,112.0,False
82792-3HH-75,119.0,False
82792-3HH-80,82.0,False
82792-3HH-85,59.0,False
82792-3HH-90,38.0,False
82792-3KC-50,47.0,False
82792-3KC-60,142.0,False
82792-3KC-70,180.0,False
82792-3KC-75,170.0,False
82792-3KC-80,160.0,False
82792-3KC-85,133.0,False
82792-3KC-90,86.0,False
82792-41W-50,48.0,False
82792-41W-60,156.0,False
82792-41W-70,180.0,False
82792-41W-75,170.0,False
82792-41W-80,160.0,False
82792-41W-85,148.0,False
82792-41W-90,90.0,False
82792-43Q-50,47.0,False
82792-43Q-60,142.0,False
82792-43Q-70,180.0,False
82792-43Q-75,170.0,False
82792-43Q-80,160.0,False
82792-43Q-85,133.0,False
82792-43Q-90,86.0,False
82797-3CN-110,100.0,False
82797-3CN-120,80.0,False
82797-3CN-130,87.0,False
82797-3CN-140,64.0,False
82797-3CN-150,43.0,False
82798-76X-100,60.0,False
82798-76X-110,60.0,False
82799-2MP-100,52.0,False
82799-2MP-110,83.0,False
82799-2MP-120,100.0,False
82799-2MP-130,98.0,False
82799-2MP-140,73.0,False
82799-2MP-150,44.0,False
82799-2MP-85,9.0,False
82799-2MP-90,27.0,False
82799-35R-100,86.0,False
82799-35R-110,110.0,False
82799-35R-120,100.0,False
82799-35R-130,100.0,False
82799-35R-140,90.0,False
82799-35R-150,73.0,False
82799-35R-85,14.0,False
82799-35R-90,47.0,False
82799-36M-100,52.0,False
82799-36M-110,83.0,False
82799-36M-120,100.0,False
82799-36M-130,98.0,False
82799-36M-140,73.0,False
82799-36M-150,44.0,False
82799-36M-85,9.0,False
82799-36M-90,27.0,False
82799-5MQ-85,44.0,False
82799-5YP-150,76.0,False
82799-5YP-85,20.0,False
82800-35K-100,86.0,False
82800-35K-110,90.0,False
82800-35K-120,80.0,False
82800-35K-130,80.0,False
82800-35K-140,55.0,False
82800-35K-150,36.0,False
82800-35K-85,30.0,False
82800-35K-90,64.0,False
82800-39O-100,83.0,False
82800-39O-110,90.0,False
82800-39O-120,80.0,False
82800-39O-130,80.0,False
82800-39O-140,53.0,False
82800-39O-150,35.0,False
82800-39O-85,29.0,False
82800-39O-90,64.0,False
82800-3HH-100,100.0,False
82800-3HH-110,90.0,False
82800-3HH-120,80.0,False
82800-3HH-130,80.0,False
82800-3HH-140,75.0,False
82800-3HH-150,57.0,False
82800-3HH-85,48.0,False
82800-3HH-90,103.0,False
82808-1CP-150,20.0,False
82819-2KK-50,41.0,False
82819-2KK-60,84.0,False
82819-2KK-70,110.0,False
82819-2KK-75,114.0,False
82819-2KK-80,97.0,False
82819-2KK-85,84.0,False
82819-2KK-90,59.0,False
82822-1KJ-50,81.0,False
82822-1KJ-60,100.0,False
82822-1KJ-70,101.0,False
82822-1KJ-75,85.0,False
82822-1KJ-80,47.0,False
82822-1KJ-85,30.0,False
82822-1KJ-90,23.0,False
82822-1KJ-NB,33.0,False
82822-1PH-50,79.0,False
82822-1PH-60,100.0,False
82822-1PH-70,101.0,False
82822-1PH-75,85.0,False
82822-1PH-80,47.0,False
82822-1PH-85,33.0,False
82822-1PH-90,16.0,False
82822-1PH-NB,33.0,False
82822-2OY-50,80.0,False
82822-2OY-60,100.0,False
82822-2OY-70,101.0,False
82822-2OY-75,86.0,False
82822-2OY-80,47.0,False
82822-2OY-85,30.0,False
82822-2OY-90,23.0,False
82822-2OY-NB,33.0,False
82822-2OZ-50,81.0,False
82822-2OZ-60,100.0,False
82822-2OZ-70,101.0,False
82822-2OZ-75,85.0,False
82822-2OZ-80,47.0,False
82822-2OZ-85,30.0,False
82822-2OZ-90,23.0,False
82822-2OZ-NB,33.0,False
82822-989-50,80.0,False
82822-989-60,94.0,False
82822-989-70,101.0,False
82822-989-75,72.0,False
82822-989-80,40.0,False
82822-989-85,30.0,False
82822-989-90,16.0,False
82822-989-NB,33.0,False
82823-5FS-100,138.0,False
82823-5FS-130,112.0,False
82823-5FS-140,72.0,False
82823-5FS-150,56.0,False
82823-5FS-85,72.0,False
82823-5FS-90,116.0,False
82823-5FT-100,140.0,False
82823-5FT-110,130.0,False
82823-5FT-130,110.0,False
82823-5FT-140,99.0,False
82823-5FT-150,79.0,False
82823-5FT-85,100.0,False
82823-5FT-90,150.0,False
82823-5FU-100,140.0,False
82823-5FU-110,130.0,False
82823-5FU-85,100.0,False
82823-5FU-90,150.0,False
82823-5FV-100,125.0,False
82823-5FV-110,122.0,False
82823-5FV-120,120.0,False
82823-5FV-130,99.0,False
82823-5FV-140,64.0,False
82823-5FV-150,50.0,False
82823-5FV-85,64.0,False
82823-5FV-90,101.0,False
82824-2NB-100,100.0,False
82824-2NB-110,90.0,False
82824-2NB-120,85.0,False
82824-2NB-130,80.0,False
82824-2NB-140,70.0,False
82824-2NB-150,61.0,False
82824-2NB-85,75.0,False
82824-2NB-90,124.0,False
82824-35Q-100,100.0,False
82824-35Q-110,90.0,False
82824-35Q-120,85.0,False
82824-35Q-130,80.0,False
82824-35Q-140,70.0,False
82824-35Q-150,62.0,False
82824-35Q-85,110.0,False
82824-35Q-90,125.0,False
82824-3DQ-100,102.0,False
82824-3DQ-110,90.0,False
82824-3DQ-120,85.0,False
82824-3DQ-130,80.0,False
82824-3DQ-140,70.0,False
82824-3DQ-150,65.0,False
82824-3DQ-85,110.0,False
82824-3DQ-90,120.0,False
82824-5KB-100,107.0,False
82824-5KB-110,95.0,False
82824-5KB-120,80.0,False
82824-5KB-150,53.0,False
82824-5KB-85,120.0,False
82824-5KB-90,111.0,False
82824-5KH-100,88.0,False
82824-5KH-110,75.0,False
82824-5KH-120,65.0,False
82824-5KH-130,63.0,False
82824-5KH-140,57.0,False
82824-5KH-150,65.0,False
82824-5KH-85,78.0,False
82824-5KH-90,98.0,False
82824-5KY-100,100.0,False
82824-5KY-110,90.0,False
82824-5KY-130,70.0,False
82824-5KY-140,65.0,False
82824-5KY-150,58.0,False
82824-5KY-85,120.0,False
82824-5KY-90,110.0,False
82825-2OZ-L,40.0,False
82825-2OZ-M,52.0,False
82825-2OZ-S,50.0,False
82825-2OZ-XL,38.0,False
82825-2OZ-XS,50.0,False
82825-2OZ-XXL,30.0,False
82825-36L-L,40.0,False
82825-36L-M,40.0,False
82825-36L-S,50.0,False
82825-36L-XL,40.0,False
82825-36L-XS,50.0,False
82825-36L-XXL,32.0,False
82834-3PL-L,25.0,False
82834-3PL-M,25.0,False
82834-3PL-S,28.0,False
82834-3PL-XL,24.0,False
82834-3PL-XS,28.0,False
82834-3PL-XXL,24.0,False
82834-3PL-XXS,23.0,False
82834-3QL-L,25.0,False
82834-3QL-M,28.0,False
82834-3QL-S,27.0,False
82834-3QL-XL,24.0,False
82834-3QL-XS,27.0,False
82834-3QL-XXL,20.0,False
82834-3QL-XXS,31.0,False
82834-3QV-L,25.0,False
82834-3QV-M,25.0,False
82834-3QV-S,27.0,False
82834-3QV-XL,23.0,False
82834-3SS-L,26.0,False
82834-3SS-M,27.0,False
82834-3SS-S,29.0,False
82834-3SS-XL,26.0,False
82834-3SS-XS,27.0,False
82834-3SS-XXL,19.0,False
82834-3SS-XXS,24.0,False
82834-3ST-L,27.0,False
82834-3ST-M,26.0,False
82834-3ST-S,27.0,False
82834-3ST-XL,27.0,False
82834-3ST-XS,27.0,False
82834-3ST-XXL,21.0,False
82834-3ST-XXS,11.0,False
82834-4VJ-L,25.0,False
82834-4VJ-M,25.0,False
82834-4VJ-S,27.0,False
82834-4VJ-XL,23.0,False
82834-4VJ-XS,33.0,False
82834-4VJ-XXL,23.0,False
82834-4VJ-XXS,29.0,False
82835-1KJ-L,35.0,False
82835-1KJ-M,36.0,False
82835-1KJ-S,35.0,False
82835-1KJ-XL,33.0,False
82835-1KJ-XS,40.0,False
82835-1KJ-XXL,20.0,False
82835-1PH-L,35.0,False
82835-1PH-M,35.0,False
82835-1PH-S,35.0,False
82835-1PH-XL,35.0,False
82835-1PH-XS,42.0,False
82835-1PH-XXL,27.0,False
82835-1PH-XXS,35.0,False
82835-2OY-L,35.0,False
82835-2OY-M,35.0,False
82835-2OY-S,35.0,False
82835-2OY-XL,36.0,False
82835-2OY-XS,35.0,False
82835-2OY-XXL,27.0,False
82835-2OY-XXS,33.0,False
82835-2OZ-L,35.0,False
82835-2OZ-M,35.0,False
82835-2OZ-S,36.0,False
82835-2OZ-XL,35.0,False
82835-2OZ-XS,35.0,False
82835-2OZ-XXL,26.0,False
82835-2OZ-XXS,10.0,False
82835-989-L,35.0,False
82835-989-M,35.0,False
82835-989-S,38.0,False
82835-989-XL,37.0,False
82835-989-XS,35.0,False
82835-989-XXL,19.0,False
82835-989-XXS,25.0,False
82836-3BS-L,97.0,False
82836-3BS-M,100.0,False
82836-3BS-S,110.0,False
82836-3BS-XL,31.0,False
82836-3BS-XS,57.0,False
82836-3BS-XXL,10.0,False
82836-3BT-L,100.0,False
82836-3BT-M,100.0,False
82836-3BT-S,110.0,False
82836-3BT-XL,45.0,False
82836-3BT-XS,82.0,False
82836-3BT-XXL,14.0,False
82836-3BU-L,100.0,False
82836-3BU-M,100.0,False
82836-3BU-S,110.0,False
82836-3BU-XL,45.0,False
82836-3BU-XS,82.0,False
82836-3BU-XXL,14.0,False
82836-43Q-L,96.0,False
82836-43Q-M,110.0,False
82836-43Q-S,120.0,False
82836-43Q-XL,31.0,False
82836-43Q-XS,56.0,False
82836-43Q-XXL,10.0,False
82837-3BS-L,111.0,False
82837-3BS-M,155.0,False
82837-3BS-S,160.0,False
82837-3BS-XL,29.0,False
82837-3BS-XS,48.0,False
82837-3BS-XXL,12.0,False
82837-3BT-L,150.0,False
82837-3BT-M,155.0,False
82837-3BT-S,160.0,False
82837-3BT-XL,43.0,False
82837-3BT-XS,69.0,False
82837-3BT-XXL,16.0,False
82837-3BU-L,150.0,False
82837-3BU-M,155.0,False
82837-3BU-S,160.0,False
82837-3BU-XL,43.0,False
82837-3BU-XS,69.0,False
82837-3BU-XXL,16.0,False
82837-43Q-L,138.0,False
82837-43Q-M,155.0,False
82837-43Q-S,155.0,False
82837-43Q-XL,37.0,False
82837-43Q-XS,59.0,False
82837-43Q-XXL,14.0,False
82838-2ZC-100,77.0,False
82838-2ZC-110,65.0,False
82838-2ZC-120,61.0,False
82838-2ZC-130,50.0,False
82838-2ZC-140,40.0,False
82838-2ZC-150,36.0,False
82838-2ZC-85,32.0,False
82838-2ZC-90,59.0,False
82838-5M5-120,55.0,False
82838-5M5-130,50.0,False
82838-5M5-140,45.0,False
82838-5M5-150,31.0,False
82838-5NR-110,65.0,False
82838-5NR-120,61.0,False
82838-5NR-85,44.0,False
82838-5NR-90,91.0,False
82840-3BW-50,14.0,False
82840-3BX-50,10.0,False
82840-3BX-60,67.0,False
82840-3BX-70,107.0,False
82840-3BX-75,140.0,False
82840-3BX-80,141.0,False
82840-3BX-85,150.0,False
82840-3BX-90,141.0,False
82840-3BZ-50,14.0,False
82841-39Q-70,130.0,False
82841-39Q-75,130.0,False
82841-39Q-80,110.0,False
82841-39Q-85,113.0,False
82841-39T-60,100.0,False
82841-39T-70,130.0,False
82841-39T-80,110.0,False
82841-39T-85,110.0,False
82842-38N-M,50.0,False
82842-38N-XS,27.0,False
82842-38N-XXL,18.0,False
82842-396-L,27.0,False
82842-396-M,24.0,False
82842-396-S,27.0,False
82842-396-XL,25.0,False
82842-396-XS,27.0,False
82842-396-XXL,20.0,False
82842-3NS-L,24.0,False
82842-3NS-M,24.0,False
82842-3NS-S,27.0,False
82842-3NS-XL,25.0,False
82842-3NS-XS,27.0,False
82842-3NS-XXL,22.0,False
82843-1FS-100,30.0,False
82843-1FS-110,37.0,False
82843-1FS-120,27.0,False
82843-1FS-130,24.0,False
82843-1FS-140,20.0,False
82843-1FS-150,11.0,False
82843-1FS-160,9.0,False
82843-1FS-85,11.0,False
82843-1FS-90,25.0,False
82843-1FZ-100,37.0,False
82843-1FZ-110,30.0,False
82843-1FZ-120,29.0,False
82843-1FZ-130,24.0,False
82843-1FZ-140,25.0,False
82843-1FZ-150,14.0,False
82843-1FZ-160,11.0,False
82843-1FZ-85,14.0,False
82843-1FZ-90,30.0,False
82843-32H-100,36.0,False
82843-32H-110,30.0,False
82843-32H-120,27.0,False
82843-32H-130,25.0,False
82843-32H-140,29.0,False
82843-32H-150,16.0,False
82843-32H-160,13.0,False
82843-32H-85,16.0,False
82843-32H-90,36.0,False
82843-32J-100,36.0,False
82843-32J-110,30.0,False
82843-32J-120,27.0,False
82843-32J-130,25.0,False
82843-32J-140,29.0,False
82843-32J-150,16.0,False
82843-32J-160,13.0,False
82843-32J-85,16.0,False
82843-32J-90,36.0,False
82843-32V-100,36.0,False
82843-32V-110,30.0,False
82843-32V-120,30.0,False
82843-32V-130,24.0,False
82843-32V-140,25.0,False
82843-32V-150,14.0,False
82843-32V-160,11.0,False
82843-32V-85,14.0,False
82843-32V-90,30.0,False
82846-3HC-100,95.0,False
82846-3HC-110,114.0,False
82846-3HC-120,110.0,False
82846-3HC-130,100.0,False
82846-3HC-140,85.0,False
82846-3HC-150,80.0,False
82846-3HC-160,65.0,False
82846-3HC-85,44.0,False
82846-3HC-90,93.0,False
82847-3HD-100,122.0,False
82847-3HD-110,110.0,False
82847-3HD-120,100.0,False
82847-3HD-130,90.0,False
82847-3HD-140,82.0,False
82847-3HD-150,75.0,False
82847-3HD-160,70.0,False
82847-3HD-85,43.0,False
82847-3HD-90,86.0,False
82848-3HC-50,54.0,False
82848-3HC-60,61.0,False
82848-3HC-70,105.0,False
82848-3HC-75,109.0,False
82848-3HC-80,75.0,False
82848-3HC-85,45.0,False
82848-3HC-90,21.0,False
82849-3FB-100,48.0,False
82849-3FB-110,45.0,False
82849-3FB-120,36.0,False
82849-3FB-130,36.0,False
82849-3FB-140,30.0,False
82849-3FB-150,27.0,False
82849-3FB-160,27.0,False
82849-3FB-85,48.0,False
82849-3FB-90,48.0,False
82850-3FG-L,46.0,False
82850-3FG-M,50.0,False
82850-3FG-S,50.0,False
82850-3FG-XL,41.0,False
82850-3FG-XS,55.0,False
82850-3FG-XXL,45.0,False
82851-3FG-100,117.0,False
82851-3FG-110,110.0,False
82851-3FG-120,121.0,False
82851-3FG-130,93.0,False
82851-3FG-140,100.0,False
82851-3FG-150,66.0,False
82851-3FG-160,63.0,False
82851-3FG-85,149.0,False
82851-3FG-90,122.0,False
82851-3NT-100,115.0,False
82851-3NT-110,80.0,False
82851-3NT-120,90.0,False
82851-3NT-130,90.0,False
82851-3NT-140,70.0,False
82851-3NT-150,65.0,False
82851-3NT-160,50.0,False
82851-3NT-85,75.0,False
82851-3NT-90,87.0,False
82852-3FG-90,52.0,False
82853-3HD-L,23.0,False
82853-3HD-M,20.0,False
82853-3HD-S,22.0,False
82853-3HD-XL,18.0,False
82853-3HD-XS,23.0,False
82853-3HD-XXL,13.0,False
82856-3HC-100,90.0,False
82856-3HC-110,78.0,False
82856-3HC-120,70.0,False
82856-3HC-130,60.0,False
82856-3HC-140,57.0,False
82856-3HC-150,49.0,False
82856-3HC-85,64.0,False
82856-3HC-90,94.0,False
82856-3HD-100,90.0,False
82856-3HD-110,80.0,False
82856-3HD-120,70.0,False
82856-3HD-130,55.0,False
82856-3HD-140,33.0,False
82856-3HD-150,25.0,False
82856-3HD-85,57.0,False
82856-3HD-90,100.0,False
82857-3NN-100,44.0,False
82857-3NN-110,120.0,False
82857-3NN-120,120.0,False
82857-3NN-130,100.0,False
82857-3NN-140,100.0,False
82857-3NN-150,93.0,False
82857-3NN-85,13.0,False
82857-3NN-90,21.0,False
82857-5VR-85,14.0,False
82858-3NN-L,70.0,False
82858-3NN-M,80.0,False
82858-3NN-S,57.0,False
82858-3NN-XL,59.0,False
82858-3NN-XS,30.0,False
82858-3NN-XXL,29.0,False
82859-3FD-100,24.0,False
82859-3FD-110,60.0,False
82859-3FD-120,136.0,False
82859-3FD-130,147.0,False
82859-3FD-140,113.0,False
82859-3FD-150,100.0,False
82859-3FD-85,12.0,False
82859-3FD-90,18.0,False
82860-3FG-L,82.0,False
82860-3FG-M,103.0,False
82860-3FG-S,47.0,False
82860-3FG-XL,46.0,False
82860-3FG-XS,29.0,False
82860-3FG-XXL,46.0,False
82861-3FG-100,52.0,False
82861-3FG-110,91.0,False
82861-3FG-120,48.0,False
82861-3FG-130,61.0,False
82861-3FG-140,23.0,False
82861-3FG-150,12.0,False
82861-3FG-85,61.0,False
82861-3FG-90,100.0,False
82861-3FI-100,90.0,False
82861-3FI-110,80.0,False
82861-3FI-120,70.0,False
82861-3FI-130,65.0,False
82861-3FI-140,27.0,False
82861-3FI-150,37.0,False
82861-3FI-85,61.0,False
82861-3FI-90,107.0,False
82862-2KY-100,53.0,False
82862-2KY-110,105.0,False
82862-2KY-120,120.0,False
82862-2KY-130,120.0,False
82862-2KY-140,115.0,False
82862-2KY-150,77.0,False
82862-2KY-85,22.0,False
82862-2KY-90,36.0,False
82863-3FF-100,72.0,False
82863-3FF-110,120.0,False
82863-3FF-120,120.0,False
82863-3FF-130,100.0,False
82863-3FF-140,100.0,False
82863-3FF-150,90.0,False
82863-3FF-85,29.0,False
82863-3FF-90,50.0,False
82864-3FF-100,26.0,False
82864-3FF-110,61.0,False
82864-3FF-120,100.0,False
82864-3FF-130,100.0,False
82864-3FF-140,76.0,False
82864-3FF-150,41.0,False
82864-3FF-85,12.0,False
82864-3FF-90,18.0,False
82865-3FG-100,120.0,False
82865-3FG-110,110.0,False
82865-3FG-120,114.0,False
82865-3FG-130,100.0,False
82865-3FG-140,90.0,False
82865-3FG-150,64.0,False
82865-3FG-85,57.0,False
82865-3FG-90,102.0,False
82866-3FI-100,144.0,False
82866-3FI-110,155.0,False
82866-3FI-120,142.0,False
82866-3FI-130,61.0,False
82866-3FI-140,32.0,False
82866-3FI-150,22.0,False
82866-3FI-85,73.0,False
82866-3FI-90,98.0,False
82867-3FG-100,120.0,False
82867-3FG-110,120.0,False
82867-3FG-120,120.0,False
82867-3FG-130,60.0,False
82867-3FG-140,38.0,False
82867-3FG-150,22.0,False
82867-3FG-85,78.0,False
82867-3FG-90,101.0,False
82868-3FB-L,47.0,False
82868-3FB-M,46.0,False
82868-3FB-S,47.0,False
82868-3FB-XL,47.0,False
82868-3FB-XS,52.0,False
82868-3FB-XXL,42.0,False
82869-3FB-L,57.0,False
82869-3FB-M,50.0,False
82869-3FB-S,53.0,False
82869-3FB-XL,43.0,False
82869-3FB-XS,37.0,False
82869-3FB-XXL,23.0,False
82870-3FB-100,47.0,False
82870-3FB-110,112.0,False
82870-3FB-120,96.0,False
82870-3FB-130,91.0,False
82870-3FB-140,96.0,False
82870-3FB-150,75.0,False
82870-3FB-160,70.0,False
82870-3FB-85,21.0,False
82870-3FB-90,39.0,False
82872-3HC-100,104.0,False
82872-3HC-110,90.0,False
82872-3HC-120,80.0,False
82872-3HC-130,70.0,False
82872-3HC-140,60.0,False
82872-3HC-150,44.0,False
82872-3HC-85,33.0,False
82872-3HC-90,79.0,False
82872-3HD-100,89.0,False
82872-3HD-110,90.0,False
82872-3HD-120,80.0,False
82872-3HD-130,65.0,False
82872-3HD-140,52.0,False
82872-3HD-150,39.0,False
82872-3HD-85,28.0,False
82872-3HD-90,67.0,False
82873-3FD-L,40.0,False
82873-3FD-M,40.0,False
82873-3FD-S,50.0,False
82873-3FD-XL,36.0,False
82873-3FD-XS,19.0,False
82873-3FD-XXL,34.0,False
82874-3FE-100,87.0,False
82874-3FE-110,80.0,False
82874-3FE-120,70.0,False
82874-3FE-130,68.0,False
82874-3FE-140,50.0,False
82874-3FE-150,53.0,False
82874-3FE-85,41.0,False
82874-3FE-90,66.0,False
82875-3NN-100,65.0,False
82875-3NN-110,80.0,False
82875-3NN-120,70.0,False
82875-3NN-130,75.0,False
82875-3NN-140,59.0,False
82875-3NN-150,48.0,False
82875-3NN-85,73.0,False
82875-3NN-90,80.0,False
82876-3NT-100,77.0,False
82876-3NT-110,75.0,False
82876-3NT-120,80.0,False
82876-3NT-130,66.0,False
82876-3NT-140,52.0,False
82876-3NT-150,47.0,False
82876-3NT-85,55.0,False
82876-3NT-90,55.0,False
82879-3EE-L,27.0,False
82879-3EE-M,30.0,False
82879-3EE-S,31.0,False
82879-3EE-XL,24.0,False
82879-3EE-XS,35.0,False
82879-3EE-XXL,20.0,False
82879-3KN-L,27.0,False
82879-3KN-M,30.0,False
82879-3KN-S,31.0,False
82879-3KN-XL,24.0,False
82879-3KN-XS,35.0,False
82879-3KN-XXL,22.0,False
82879-RT9-L,27.0,False
82879-RT9-M,30.0,False
82879-RT9-S,30.0,False
82879-RT9-XL,24.0,False
82879-RT9-XS,35.0,False
82879-RT9-XXL,25.0,False
82880-3EE-L,33.0,False
82880-3EE-M,40.0,False
82880-3EE-S,40.0,False
82880-3EE-XL,30.0,False
82880-3EE-XS,40.0,False
82880-3EE-XXL,32.0,False
82880-3KN-L,31.0,False
82880-3KN-M,40.0,False
82880-3KN-S,40.0,False
82880-3KN-XL,30.0,False
82880-3KN-XS,40.0,False
82880-3KN-XXL,22.0,False
82880-RT9-L,34.0,False
82880-RT9-M,40.0,False
82880-RT9-S,40.0,False
82880-RT9-XL,30.0,False
82880-RT9-XS,40.0,False
82880-RT9-XXL,25.0,False
82883-3KC-100,130.0,False
82883-3KC-110,130.0,False
82883-3KC-120,130.0,False
82883-3KC-130,130.0,False
82883-3KC-140,130.0,False
82883-3KC-150,103.0,False
82883-3KC-85,33.0,False
82883-3KC-90,87.0,False
82883-41W-100,130.0,False
82883-41W-110,130.0,False
82883-41W-120,130.0,False
82883-41W-130,130.0,False
82883-41W-140,130.0,False
82883-41W-150,123.0,False
82883-41W-85,41.0,False
82883-41W-90,105.0,False
82883-43Q-100,67.0,False
82883-43Q-110,108.0,False
82883-43Q-120,129.0,False
82883-43Q-130,128.0,False
82883-43Q-140,69.0,False
82883-43Q-150,49.0,False
82883-43Q-85,22.0,False
82883-43Q-90,41.0,False
82884-3KC-100,90.0,False
82884-3KC-110,90.0,False
82884-3KC-120,90.0,False
82884-3KC-130,90.0,False
82884-3KC-140,90.0,False
82884-3KC-150,85.0,False
82884-3KC-85,21.0,False
82884-3KC-90,70.0,False
82884-41W-100,90.0,False
82884-41W-110,90.0,False
82884-41W-120,90.0,False
82884-41W-130,90.0,False
82884-41W-140,91.0,False
82884-41W-150,90.0,False
82884-41W-85,25.0,False
82884-41W-90,82.0,False
82884-43Q-100,76.0,False
82884-43Q-110,90.0,False
82884-43Q-120,90.0,False
82884-43Q-130,90.0,False
82884-43Q-140,90.0,False
82884-43Q-150,55.0,False
82884-43Q-85,14.0,False
82884-43Q-90,45.0,False
82888-3HI-100,77.0,False
82888-3HI-110,94.0,False
82888-3HI-120,108.0,False
82888-3HI-130,73.0,False
82888-3HI-140,49.0,False
82888-3HI-150,31.0,False
82888-3HI-85,25.0,False
82888-3HI-90,52.0,False
82888-3HO-100,77.0,False
82888-3HO-110,94.0,False
82888-3HO-120,108.0,False
82888-3HO-130,68.0,False
82888-3HO-140,47.0,False
82888-3HO-150,29.0,False
82888-3HO-85,25.0,False
82888-3HO-90,52.0,False
82888-43J-100,77.0,False
82888-43J-110,94.0,False
82888-43J-120,108.0,False
82888-43J-130,73.0,False
82888-43J-140,49.0,False
82888-43J-150,31.0,False
82888-43J-85,25.0,False
82888-43J-90,52.0,False
82889-3KC-100,100.0,False
82889-3KC-110,100.0,False
82889-3KC-120,90.0,False
82889-3KC-130,90.0,False
82889-3KC-140,70.0,False
82889-3KC-150,70.0,False
82889-3KC-85,73.0,False
82889-3KC-90,100.0,False
82889-41W-100,100.0,False
82889-41W-110,100.0,False
82889-41W-120,90.0,False
82889-41W-130,90.0,False
82889-41W-140,70.0,False
82889-41W-150,70.0,False
82889-41W-85,87.0,False
82889-41W-90,110.0,False
82889-43Q-100,100.0,False
82889-43Q-110,100.0,False
82889-43Q-120,90.0,False
82889-43Q-130,90.0,False
82889-43Q-140,70.0,False
82889-43Q-150,70.0,False
82889-43Q-85,58.0,False
82889-43Q-90,110.0,False
82890-3HI-100,73.0,False
82890-3HI-110,93.0,False
82890-3HI-120,80.0,False
82890-3HI-130,75.0,False
82890-3HI-140,47.0,False
82890-3HI-150,30.0,False
82890-3HI-85,25.0,False
82890-3HI-90,54.0,False
82890-3HO-100,73.0,False
82890-3HO-110,93.0,False
82890-3HO-120,80.0,False
82890-3HO-130,75.0,False
82890-3HO-140,47.0,False
82890-3HO-150,30.0,False
82890-3HO-85,25.0,False
82890-3HO-90,54.0,False
82890-43J-100,73.0,False
82890-43J-110,93.0,False
82890-43J-120,80.0,False
82890-43J-130,75.0,False
82890-43J-140,47.0,False
82890-43J-150,30.0,False
82890-43J-85,25.0,False
82890-43J-90,54.0,False
82891-3BW-100,72.0,False
82891-3BW-110,120.0,False
82891-3BW-120,100.0,False
82891-3BW-130,100.0,False
82891-3BW-140,93.0,False
82891-3BW-150,52.0,False
82891-3BW-85,13.0,False
82891-3BW-90,43.0,False
82891-3C3-100,115.0,False
82891-3C3-110,120.0,False
82891-3C3-120,103.0,False
82891-3C3-130,100.0,False
82891-3C3-140,100.0,False
82891-3C3-150,83.0,False
82891-3C3-85,20.0,False
82891-3C3-90,67.0,False
82892-3HI-100,71.0,False
82892-3HI-110,89.0,False
82892-3HI-120,80.0,False
82892-3HI-130,72.0,False
82892-3HI-140,44.0,False
82892-3HI-150,26.0,False
82892-3HI-85,24.0,False
82892-3HI-90,53.0,False
82892-43J-100,71.0,False
82892-43J-110,91.0,False
82892-43J-120,80.0,False
82892-43J-130,73.0,False
82892-43J-140,45.0,False
82892-43J-150,29.0,False
82892-43J-85,25.0,False
82892-43J-90,53.0,False
82892-43K-100,71.0,False
82892-43K-110,91.0,False
82892-43K-120,80.0,False
82892-43K-130,73.0,False
82892-43K-140,45.0,False
82892-43K-150,29.0,False
82892-43K-85,25.0,False
82892-43K-90,53.0,False
82893-44B-100,114.0,False
82893-44B-110,160.0,False
82893-44B-120,160.0,False
82893-44B-130,140.0,False
82893-44B-140,130.0,False
82893-44B-150,76.0,False
82893-44B-85,24.0,False
82893-44B-90,63.0,False
82893-49D-100,87.0,False
82893-49D-110,148.0,False
82893-49D-120,160.0,False
82893-49D-130,140.0,False
82893-49D-140,104.0,False
82893-49D-150,60.0,False
82893-49D-85,20.0,False
82893-49D-90,51.0,False
82894-44B-100,93.0,False
82894-44B-110,120.0,False
82894-44B-120,100.0,False
82894-44B-130,100.0,False
82894-44B-140,100.0,False
82894-44B-150,67.0,False
82894-44B-85,17.0,False
82894-44B-90,55.0,False
82894-49D-100,72.0,False
82894-49D-110,120.0,False
82894-49D-120,100.0,False
82894-49D-130,100.0,False
82894-49D-140,93.0,False
82894-49D-150,52.0,False
82894-49D-85,13.0,False
82894-49D-90,43.0,False
82896-32T-100,160.0,False
82896-32T-110,150.0,False
82896-32T-120,130.0,False
82896-32T-130,110.0,False
82896-32T-140,110.0,False
82896-32T-150,100.0,False
82896-32T-85,80.0,False
82896-32T-90,156.0,False
82896-3EA-100,160.0,False
82896-3EA-110,150.0,False
82896-3EA-120,130.0,False
82896-3EA-130,110.0,False
82896-3EA-140,110.0,False
82896-3EA-150,87.0,False
82896-3EA-85,71.0,False
82896-3EA-90,164.0,False
82896-3EC-100,160.0,False
82896-3EC-110,150.0,False
82896-3EC-120,130.0,False
82896-3EC-130,110.0,False
82896-3EC-140,110.0,False
82896-3EC-150,87.0,False
82896-3EC-85,71.0,False
82896-3EC-90,164.0,False
82896-3ED-100,160.0,False
82896-3ED-110,150.0,False
82896-3ED-120,130.0,False
82896-3ED-130,110.0,False
82896-3ED-140,110.0,False
82896-3ED-150,96.0,False
82896-3ED-85,78.0,False
82896-3ED-90,160.0,False
82897-1SA-100,154.0,False
82897-1SA-140,120.0,False
82897-3BW-100,61.0,False
82897-3BW-110,105.0,False
82897-3BW-120,131.0,False
82897-3BW-130,119.0,False
82897-3BW-140,73.0,False
82897-3BW-150,43.0,False
82897-3BW-85,14.0,False
82897-3BW-90,36.0,False
82897-3C3-100,108.0,False
82897-3C3-110,160.0,False
82897-3C3-120,160.0,False
82897-3C3-130,140.0,False
82897-3C3-140,128.0,False
82897-3C3-150,74.0,False
82897-3C3-85,24.0,False
82897-3C3-90,63.0,False
82900-49I-150,90.0,False
82900-49J-100,110.0,False
82900-49J-110,110.0,False
82900-49J-120,100.0,False
82900-49J-130,100.0,False
82900-49J-140,92.0,False
82900-49J-150,90.0,False
82900-49J-85,64.0,False
82900-49J-90,120.0,False
82900-49K-100,110.0,False
82900-49K-110,110.0,False
82900-49K-120,100.0,False
82900-49K-130,100.0,False
82900-49K-140,90.0,False
82900-49K-150,90.0,False
82900-49K-85,52.0,False
82900-49K-90,110.0,False
82901-45B-100,130.0,False
82901-45B-110,130.0,False
82901-45B-120,110.0,False
82901-45B-130,110.0,False
82901-45B-140,100.0,False
82901-45B-150,90.0,False
82901-45B-85,99.0,False
82901-45B-90,150.0,False
82903-32T-50,45.0,False
82903-32T-60,166.0,False
82903-32T-70,170.0,False
82903-32T-75,160.0,False
82903-32T-80,150.0,False
82903-32T-85,140.0,False
82903-32T-90,123.0,False
82903-GK3-50,45.0,False
82903-GK3-60,164.0,False
82903-GK3-70,170.0,False
82903-GK3-75,160.0,False
82903-GK3-80,150.0,False
82903-GK3-85,140.0,False
82903-GK3-90,123.0,False
82909-4AF-50,64.0,False
82909-4AF-60,100.0,False
82909-4AF-70,100.0,False
82909-4AF-75,100.0,False
82909-4AF-80,100.0,False
82909-4AF-85,100.0,False
82909-4AF-90,100.0,False
82911-46G-100,94.0,False
82911-46G-110,90.0,False
82911-46G-120,76.0,False
82911-46G-130,70.0,False
82911-46G-140,62.0,False
82911-46G-150,56.0,False
82911-46G-85,124.0,False
82911-46G-90,104.0,False
82911-46I-100,100.0,False
82911-46I-110,98.0,False
82911-46I-120,84.0,False
82911-46I-130,75.0,False
82911-46I-140,70.0,False
82911-46I-150,45.0,False
82911-46I-85,99.0,False
82911-46I-90,124.0,False
82913-1L1-100,80.0,False
82913-1L1-110,70.0,False
82913-1L1-120,60.0,False
82913-1L1-130,60.0,False
82913-1L1-140,50.0,False
82913-1L1-150,50.0,False
82913-1L1-85,90.0,False
82913-1L1-90,90.0,False
82913-76X-100,82.0,False
82913-76X-110,71.0,False
82913-76X-120,60.0,False
82913-76X-130,60.0,False
82913-76X-140,50.0,False
82913-76X-150,50.0,False
82913-76X-85,88.0,False
82913-76X-90,80.0,False
82916-41Y-100,100.0,False
82916-41Y-110,90.0,False
82916-41Y-120,80.0,False
82916-41Y-130,70.0,False
82916-41Y-140,58.0,False
82916-41Y-150,32.0,False
82916-41Y-85,42.0,False
82916-41Y-90,112.0,False
82916-44A-100,100.0,False
82916-44A-110,90.0,False
82916-44A-120,80.0,False
82916-44A-130,70.0,False
82916-44A-140,60.0,False
82916-44A-150,55.0,False
82916-44A-85,84.0,False
82916-44A-90,114.0,False
82916-44B-100,100.0,False
82916-44B-110,90.0,False
82916-44B-120,80.0,False
82916-44B-130,70.0,False
82916-44B-140,60.0,False
82916-44B-150,55.0,False
82916-44B-85,120.0,False
82916-44B-90,110.0,False
82916-49D-100,100.0,False
82916-49D-110,90.0,False
82916-49D-120,80.0,False
82916-49D-130,70.0,False
82916-49D-140,60.0,False
82916-49D-150,55.0,False
82916-49D-85,109.0,False
82916-49D-90,110.0,False
82917-3IQ-100,104.0,False
82917-3IQ-110,90.0,False
82917-3IQ-120,80.0,False
82917-3IQ-130,70.0,False
82917-3IQ-140,60.0,False
82917-3IQ-150,38.0,False
82917-3IQ-85,60.0,False
82917-3IQ-90,110.0,False
82917-3KE-100,100.0,False
82917-3KE-110,90.0,False
82917-3KE-120,80.0,False
82917-3KE-130,78.0,False
82917-3KE-140,60.0,False
82917-3KE-150,45.0,False
82917-3KE-85,73.0,False
82917-3KE-90,110.0,False
82917-45I-100,100.0,False
82917-45I-110,98.0,False
82917-45I-120,80.0,False
82917-45I-130,70.0,False
82917-45I-140,60.0,False
82917-45I-150,50.0,False
82917-45I-85,120.0,False
82917-45I-90,110.0,False
82917-45R-100,100.0,False
82917-45R-110,90.0,False
82917-45R-120,80.0,False
82917-45R-130,70.0,False
82917-45R-140,60.0,False
82917-45R-150,45.0,False
82917-45R-85,69.0,False
82917-45R-90,110.0,False
82919-015-100,100.0,False
82919-015-110,90.0,False
82919-015-120,80.0,False
82919-015-130,60.0,False
82919-015-140,60.0,False
82919-015-150,50.0,False
82919-015-85,66.0,False
82919-015-90,110.0,False
82919-2KG-100,90.0,False
82919-2KG-110,90.0,False
82919-2KG-120,80.0,False
82919-2KG-130,70.0,False
82919-2KG-140,60.0,False
82919-2KG-150,50.0,False
82919-2KG-85,66.0,False
82919-2KG-90,100.0,False
82919-3EA-100,100.0,False
82919-3EA-110,99.0,False
82919-3EA-120,80.0,False
82919-3EA-130,70.0,False
82919-3EA-140,60.0,False
82919-3EA-150,50.0,False
82919-3EA-85,63.0,False
82919-3EA-90,110.0,False
82919-3EE-100,100.0,False
82919-3EE-110,90.0,False
82919-3EE-120,80.0,False
82919-3EE-130,70.0,False
82919-3EE-140,60.0,False
82919-3EE-150,50.0,False
82919-3EE-85,76.0,False
82919-3EE-90,110.0,False
82921-4AC-100,100.0,False
82921-4AC-110,100.0,False
82921-4AC-120,80.0,False
82921-4AC-130,70.0,False
82921-4AC-140,60.0,False
82921-4AC-150,60.0,False
82921-4AC-85,109.0,False
82921-4AC-90,120.0,False
82921-4AE-140,60.0,False
82921-4AE-150,65.0,False
82921-4AE-85,130.0,False
82921-4AF-140,60.0,False
82921-4NX-130,70.0,False
82921-4NX-140,60.0,False
82921-4NX-150,42.0,False
82921-4OX-100,100.0,False
82921-4OX-110,90.0,False
82921-4OX-120,80.0,False
82921-4OX-130,70.0,False
82921-4OX-140,60.0,False
82921-4OX-150,39.0,False
82921-4OX-85,73.0,False
82921-4OX-90,100.0,False
82921-4QC-100,100.0,False
82921-4QC-110,90.0,False
82921-4QC-120,80.0,False
82921-4QC-130,70.0,False
82921-4QC-140,60.0,False
82921-4QC-150,38.0,False
82921-4QC-85,82.0,False
82921-4QC-90,110.0,False
82923-3IP-100,73.0,False
82923-3IP-110,112.0,False
82923-3IP-120,108.0,False
82923-3IP-130,71.0,False
82923-3IP-140,44.0,False
82923-3IP-150,30.0,False
82923-3IP-85,47.0,False
82923-3IP-90,69.0,False
82923-3IQ-100,141.0,False
82923-3IQ-110,170.0,False
82923-3IQ-120,150.0,False
82923-3IQ-130,133.0,False
82923-3IQ-140,85.0,False
82923-3IQ-150,57.0,False
82923-3IQ-85,85.0,False
82923-3IQ-90,135.0,False
82923-4AJ-100,154.0,False
82923-4AJ-110,170.0,False
82923-4AJ-120,150.0,False
82923-4AJ-130,144.0,False
82923-4AJ-140,93.0,False
82923-4AJ-150,65.0,False
82923-4AJ-85,91.0,False
82923-4AJ-90,145.0,False
82932-3EL-100,50.0,False
82932-3EL-110,40.0,False
82932-3EL-120,40.0,False
82932-3EL-130,35.0,False
82932-3EL-140,35.0,False
82932-3EL-150,30.0,False
82932-3EL-85,60.0,False
82932-3EL-90,50.0,False
82932-3LL-100,50.0,False
82932-3LL-110,40.0,False
82932-3LL-120,40.0,False
82932-3LL-130,35.0,False
82932-3LL-140,35.0,False
82932-3LL-150,30.0,False
82932-3LL-85,60.0,False
82932-3LL-90,50.0,False
82937-3EL-100,60.0,False
82937-3EL-110,50.0,False
82937-3EL-120,50.0,False
82937-3EL-130,45.0,False
82937-3EL-140,40.0,False
82937-3EL-150,35.0,False
82937-3EL-85,60.0,False
82937-3EL-90,60.0,False
82937-3LL-100,60.0,False
82937-3LL-110,50.0,False
82937-3LL-120,50.0,False
82937-3LL-130,45.0,False
82937-3LL-140,40.0,False
82937-3LL-150,29.0,False
82937-3LL-85,49.0,False
82937-3LL-90,60.0,False
82939-48R-100,27.0,False
82939-48R-110,24.0,False
82939-48R-120,22.0,False
82939-48R-130,23.0,False
82939-48R-140,22.0,False
82939-48R-150,12.0,False
82939-48R-85,27.0,False
82939-48R-90,28.0,False
82942-48O-100,65.0,False
82942-48O-110,60.0,False
82942-48O-120,55.0,False
82942-48O-130,58.0,False
82942-48O-140,55.0,False
82942-48O-150,20.0,False
82942-48O-85,37.0,False
82942-48O-90,76.0,False
82945-41W-100,90.0,False
82945-41W-110,80.0,False
82945-41W-120,91.0,False
82945-41W-130,70.0,False
82945-41W-140,70.0,False
82945-41W-150,46.0,False
82945-41W-85,69.0,False
82945-41W-90,90.0,False
82945-42Y-100,90.0,False
82945-42Y-110,80.0,False
82945-42Y-120,91.0,False
82945-42Y-130,72.0,False
82945-42Y-140,70.0,False
82945-42Y-150,46.0,False
82945-42Y-85,65.0,False
82945-42Y-90,90.0,False
82945-43B-100,94.0,False
82945-43B-110,80.0,False
82945-43B-120,80.0,False
82945-43B-130,83.0,False
82945-43B-140,70.0,False
82945-43B-150,49.0,False
82945-43B-85,76.0,False
82945-43B-90,90.0,False
82946-42K-100,45.0,False
82946-42K-110,40.0,False
82946-42K-120,40.0,False
82946-42K-130,40.0,False
82946-42K-140,30.0,False
82946-42K-150,27.0,False
82946-42K-85,23.0,False
82946-42K-90,51.0,False
82946-42Y-100,45.0,False
82946-42Y-110,40.0,False
82946-42Y-120,40.0,False
82946-42Y-130,40.0,False
82946-42Y-140,30.0,False
82946-42Y-150,30.0,False
82946-42Y-85,34.0,False
82946-42Y-90,50.0,False
82946-43B-100,45.0,False
82946-43B-110,40.0,False
82946-43B-120,40.0,False
82946-43B-130,40.0,False
82946-43B-140,30.0,False
82946-43B-150,30.0,False
82946-43B-85,34.0,False
82946-43B-90,50.0,False
82948-461-100,70.0,False
82948-461-110,65.0,False
82948-461-120,65.0,False
82948-461-130,50.0,False
82948-461-140,50.0,False
82948-461-150,50.0,False
82948-461-85,57.0,False
82948-461-90,64.0,False
82948-76X-100,75.0,False
82948-76X-110,65.0,False
82948-76X-120,61.0,False
82948-76X-130,55.0,False
82948-76X-140,50.0,False
82948-76X-150,50.0,False
82948-76X-85,57.0,False
82948-76X-90,64.0,False
82948-VH3-100,63.0,False
82948-VH3-110,65.0,False
82948-VH3-120,60.0,False
82948-VH3-130,55.0,False
82948-VH3-140,43.0,False
82948-VH3-150,50.0,False
82948-VH3-85,40.0,False
82948-VH3-90,60.0,False
82949-434-100,110.0,False
82949-434-110,110.0,False
82949-434-120,100.0,False
82949-434-130,100.0,False
82949-434-140,90.0,False
82949-434-150,90.0,False
82949-434-85,120.0,False
82949-434-90,120.0,False
82950-44B-100,60.0,False
82950-44B-110,56.0,False
82950-44B-120,54.0,False
82950-44B-130,49.0,False
82950-44B-140,47.0,False
82950-44B-150,36.0,False
82950-44B-85,51.0,False
82950-44B-90,60.0,False
82951-41R-100,45.0,False
82951-41R-110,43.0,False
82951-41R-120,40.0,False
82951-41R-130,40.0,False
82951-41R-140,35.0,False
82951-41R-150,36.0,False
82951-41R-85,47.0,False
82951-41R-90,48.0,False
82951-44A-100,45.0,False
82951-44A-110,40.0,False
82951-44A-120,40.0,False
82951-44A-130,40.0,False
82951-44A-140,35.0,False
82951-44A-150,27.0,False
82951-44A-85,31.0,False
82951-44A-90,52.0,False
82951-44B-100,45.0,False
82951-44B-110,40.0,False
82951-44B-120,40.0,False
82951-44B-130,40.0,False
82951-44B-140,35.0,False
82951-44B-150,31.0,False
82951-44B-85,48.0,False
82951-44B-90,48.0,False
82952-41R-100,80.0,False
82952-41R-110,75.0,False
82952-41R-120,65.0,False
82952-41R-130,63.0,False
82952-41R-140,56.0,False
82952-41R-150,26.0,False
82952-41R-85,56.0,False
82952-41R-90,90.0,False
82952-44A-120,65.0,False
82952-44A-130,63.0,False
82952-44A-140,56.0,False
82952-44A-150,26.0,False
82952-44A-85,56.0,False
82952-44A-90,90.0,False
82952-44B-120,65.0,False
82952-44B-130,60.0,False
82952-44B-140,55.0,False
82952-44B-150,33.0,False
82952-44B-85,72.0,False
82952-44B-90,90.0,False
82953-1FQ-100,90.0,False
82953-1FQ-110,88.0,False
82953-1FQ-120,80.0,False
82953-1FQ-130,80.0,False
82953-1FQ-140,75.0,False
82953-1FQ-150,65.0,False
82953-1FQ-85,87.0,False
82953-1FQ-90,90.0,False
82953-31Y-100,90.0,False
82953-31Y-110,80.0,False
82953-31Y-120,86.0,False
82953-31Y-130,75.0,False
82953-31Y-140,75.0,False
82953-31Y-150,65.0,False
82953-31Y-85,94.0,False
82953-31Y-90,90.0,False
82953-3ED-100,90.0,False
82953-3ED-110,80.0,False
82953-3ED-120,86.0,False
82953-3ED-130,75.0,False
82953-3ED-140,75.0,False
82953-3ED-150,65.0,False
82953-3ED-85,94.0,False
82953-3ED-90,90.0,False
82953-3EE-100,90.0,False
82953-3EE-110,80.0,False
82953-3EE-120,80.0,False
82953-3EE-130,75.0,False
82953-3EE-140,75.0,False
82953-3EE-150,65.0,False
82953-3EE-85,98.0,False
82953-3EE-90,90.0,False
82954-3ED-100,40.0,False
82954-3ED-110,40.0,False
82954-3ED-120,40.0,False
82954-3ED-130,35.0,False
82954-3ED-140,35.0,False
82954-3ED-150,30.0,False
82954-3ED-85,55.0,False
82954-3ED-90,55.0,False
82954-3EE-100,40.0,False
82954-3EE-110,40.0,False
82954-3EE-120,40.0,False
82954-3EE-130,35.0,False
82954-3EE-140,35.0,False
82954-3EE-150,30.0,False
82954-3EE-85,55.0,False
82954-3EE-90,55.0,False
82956-3LN-100,90.0,False
82956-3LN-110,80.0,False
82956-3LN-120,70.0,False
82956-3LN-130,60.0,False
82956-3LN-140,50.0,False
82956-3LN-150,59.0,False
82956-3LN-85,81.0,False
82956-3LN-90,100.0,False
82956-45R-100,90.0,False
82956-45R-110,80.0,False
82956-45R-120,70.0,False
82956-45R-130,65.0,False
82956-45R-140,50.0,False
82956-45R-150,51.0,False
82956-45R-85,81.0,False
82956-45R-90,100.0,False
82956-45S-100,90.0,False
82956-45S-110,80.0,False
82956-45S-120,70.0,False
82956-45S-130,60.0,False
82956-45S-140,50.0,False
82956-45S-150,58.0,False
82956-45S-85,82.0,False
82956-45S-90,100.0,False
82956-45W-100,90.0,False
82956-45W-110,80.0,False
82956-45W-120,70.0,False
82956-45W-130,60.0,False
82956-45W-140,50.0,False
82956-45W-150,50.0,False
82956-45W-85,84.0,False
82956-45W-90,100.0,False
82961-40X-100,45.0,False
82961-40X-110,90.0,False
82961-40X-120,100.0,False
82961-40X-130,50.0,False
82961-40X-140,85.0,False
82961-40X-150,69.0,False
82961-40X-85,38.0,False
82961-40X-90,48.0,False
82961-43X-100,127.0,False
82961-43X-110,100.0,False
82961-43X-120,104.0,False
82961-43X-130,100.0,False
82961-43X-140,85.0,False
82961-43X-150,85.0,False
82961-43X-85,56.0,False
82961-43X-90,126.0,False
82961-43Y-100,100.0,False
82961-43Y-110,100.0,False
82961-43Y-120,100.0,False
82961-43Y-130,99.0,False
82961-43Y-140,85.0,False
82961-43Y-150,80.0,False
82961-43Y-85,54.0,False
82961-43Y-90,100.0,False
82967-277-100,65.0,False
82967-277-110,65.0,False
82967-277-120,60.0,False
82967-277-130,60.0,False
82967-277-140,50.0,False
82967-277-150,45.0,False
82967-277-85,72.0,False
82967-277-90,73.0,False
82967-2OY-100,65.0,False
82967-2OY-110,65.0,False
82967-2OY-120,60.0,False
82967-2OY-130,60.0,False
82967-2OY-140,55.0,False
82967-2OY-150,45.0,False
82967-2OY-85,70.0,False
82967-2OY-90,70.0,False
82967-5WH-110,66.0,False
82967-5WH-120,75.0,False
82967-5WH-140,70.0,False
82967-5WH-150,59.0,False
82967-5WH-90,70.0,False
82968-42Y-100,87.0,False
82968-42Y-110,70.0,False
82968-42Y-120,70.0,False
82968-42Y-130,62.0,False
82968-42Y-140,60.0,False
82968-42Y-150,62.0,False
82968-42Y-85,80.0,False
82968-42Y-90,80.0,False
82968-43B-100,87.0,False
82968-43B-110,70.0,False
82968-43B-120,70.0,False
82968-43B-130,62.0,False
82968-43B-140,60.0,False
82968-43B-150,62.0,False
82968-43B-85,80.0,False
82968-43B-90,80.0,False
82968-45W-100,80.0,False
82968-45W-110,70.0,False
82968-45W-120,70.0,False
82968-45W-130,60.0,False
82968-45W-140,60.0,False
82968-45W-150,60.0,False
82968-45W-85,80.0,False
82968-45W-90,80.0,False
82969-42Y-100,100.0,False
82969-42Y-110,100.0,False
82969-42Y-120,90.0,False
82969-42Y-130,90.0,False
82969-42Y-140,75.0,False
82969-42Y-150,54.0,False
82969-42Y-85,84.0,False
82969-42Y-90,100.0,False
82969-43B-100,100.0,False
82969-43B-110,100.0,False
82969-43B-120,90.0,False
82969-43B-130,90.0,False
82969-43B-140,75.0,False
82969-43B-150,54.0,False
82969-43B-85,84.0,False
82969-43B-90,100.0,False
82969-45W-100,100.0,False
82969-45W-110,100.0,False
82969-45W-120,93.0,False
82969-45W-130,90.0,False
82969-45W-140,85.0,False
82969-45W-150,61.0,False
82969-45W-85,96.0,False
82969-45W-90,100.0,False
82971-452-100,80.0,False
82971-452-110,80.0,False
82971-452-120,75.0,False
82971-452-130,81.0,False
82971-452-140,65.0,False
82971-452-150,63.0,False
82971-452-85,94.0,False
82971-452-90,85.0,False
82971-6DL-120,100.0,False
82971-6DL-150,80.0,False
82974-3EL-100,50.0,False
82974-3EL-110,52.0,False
82974-3EL-120,40.0,False
82974-3EL-130,35.0,False
82974-3EL-140,41.0,False
82974-3EL-150,30.0,False
82974-3EL-85,42.0,False
82974-3EL-90,50.0,False
82974-3EQ-100,40.0,False
82974-3EQ-110,40.0,False
82974-3EQ-120,35.0,False
82974-3EQ-130,39.0,False
82974-3EQ-140,30.0,False
82974-3EQ-150,35.0,False
82974-3EQ-85,46.0,False
82974-3EQ-90,43.0,False
82974-3LK-100,50.0,False
82974-3LK-110,56.0,False
82974-3LK-120,40.0,False
82974-3LK-130,40.0,False
82974-3LK-140,37.0,False
82974-3LK-150,30.0,False
82974-3LK-85,47.0,False
82974-3LK-90,50.0,False
82975-3LK-100,60.0,False
82975-3LK-110,55.0,False
82975-3LK-120,50.0,False
82975-3LK-130,45.0,False
82975-3LK-140,45.0,False
82975-3LK-150,40.0,False
82975-3LK-85,64.0,False
82975-3LK-90,70.0,False
82975-3LL-100,70.0,False
82975-3LL-110,55.0,False
82975-3LL-120,50.0,False
82975-3LL-130,50.0,False
82975-3LL-140,45.0,False
82975-3LL-150,40.0,False
82975-3LL-85,55.0,False
82975-3LL-90,70.0,False
82975-3LM-100,60.0,False
82975-3LM-110,55.0,False
82975-3LM-120,50.0,False
82975-3LM-130,50.0,False
82975-3LM-140,45.0,False
82975-3LM-150,40.0,False
82975-3LM-85,61.0,False
82975-3LM-90,70.0,False
82976-3LK-100,80.0,False
82976-3LK-110,80.0,False
82976-3LK-120,70.0,False
82976-3LK-130,60.0,False
82976-3LK-140,50.0,False
82976-3LK-150,50.0,False
82976-3LK-85,57.0,False
82976-3LK-90,90.0,False
82976-3LL-100,80.0,False
82976-3LL-110,80.0,False
82976-3LL-120,70.0,False
82976-3LL-130,60.0,False
82976-3LL-140,50.0,False
82976-3LL-150,53.0,False
82976-3LL-85,44.0,False
82976-3LM-100,80.0,False
82976-3LM-110,80.0,False
82976-3LM-120,70.0,False
82976-3LM-130,60.0,False
82976-3LM-140,50.0,False
82976-3LM-150,50.0,False
82976-3LM-85,52.0,False
82976-3LM-90,109.0,False
82979-3EL-L,35.0,False
82979-3EL-M,40.0,False
82979-3EL-S,40.0,False
82979-3EL-XS,50.0,False
82979-3EQ-L,35.0,False
82979-3EQ-M,40.0,False
82979-3EQ-S,40.0,False
82979-3EQ-XS,50.0,False
82979-3LK-L,35.0,False
82979-3LK-M,40.0,False
82979-3LK-S,40.0,False
82979-3LK-XS,50.0,False
82979-3LL-L,35.0,False
82979-3LL-M,40.0,False
82979-3LL-S,40.0,False
82979-3LL-XS,50.0,False
82981-3LV-50,52.0,False
82981-3LV-60,165.0,False
82981-3LV-70,150.0,False
82981-3LV-75,140.0,False
82981-3LV-80,130.0,False
82981-3LV-85,120.0,False
82981-3LV-90,85.0,False
82981-3LW-50,64.0,False
82981-3LW-60,160.0,False
82981-3LW-70,150.0,False
82981-3LW-75,140.0,False
82981-3LW-80,130.0,False
82981-3LW-85,120.0,False
82981-3LW-90,107.0,False
82981-3LY-50,41.0,False
82981-3LY-60,129.0,False
82981-3LY-70,150.0,False
82981-3LY-75,135.0,False
82981-3LY-80,130.0,False
82981-3LY-85,118.0,False
82981-3LY-90,70.0,False
82981-3MM-50,56.0,False
82981-3MM-60,160.0,False
82981-3MM-70,150.0,False
82981-3MM-75,140.0,False
82981-3MM-80,130.0,False
82981-3MM-85,113.0,False
82981-3MM-90,98.0,False
82981-3MN-50,64.0,False
82981-3MN-60,160.0,False
82981-3MN-70,150.0,False
82981-3MN-75,140.0,False
82981-3MN-80,130.0,False
82981-3MN-85,120.0,False
82981-3MN-90,104.0,False
82982-178-50,155.0,False
82982-178-60,200.0,False
82982-178-70,200.0,False
82982-178-75,190.0,False
82982-178-80,180.0,False
82982-178-85,170.0,False
82982-178-90,140.0,False
82982-2KE-50,158.0,False
82982-2KE-60,200.0,False
82982-2KE-70,200.0,False
82982-2KE-75,190.0,False
82982-2KE-80,190.0,False
82982-2KE-85,170.0,False
82982-2KE-90,159.0,False
82982-32L-50,171.0,False
82982-32L-60,200.0,False
82982-32L-70,200.0,False
82982-32L-75,190.0,False
82982-32L-80,190.0,False
82982-32L-85,170.0,False
82982-32L-90,159.0,False
82982-32M-50,173.0,False
82982-32M-60,200.0,False
82982-32M-70,200.0,False
82982-32M-75,190.0,False
82982-32M-80,187.0,False
82982-32M-85,170.0,False
82982-32M-90,159.0,False
82982-3MK-50,141.0,False
82982-3MK-60,200.0,False
82982-3MK-70,200.0,False
82982-3MK-75,190.0,False
82982-3MK-80,180.0,False
82982-3MK-85,170.0,False
82982-3MK-90,129.0,False
82984-3ML-50,120.0,False
82984-3ML-60,175.0,False
82984-3ML-70,160.0,False
82984-3ML-75,160.0,False
82984-3ML-80,140.0,False
82984-3ML-85,130.0,False
82984-3ML-90,108.0,False
82984-45R-50,118.0,False
82984-45R-60,160.0,False
82984-45R-70,160.0,False
82984-45R-75,160.0,False
82984-45R-80,140.0,False
82984-45R-85,130.0,False
82984-45R-90,112.0,False
82984-46U-50,124.0,False
82984-46U-60,160.0,False
82984-46U-70,160.0,False
82984-46U-75,160.0,False
82984-46U-80,140.0,False
82984-46U-85,130.0,False
82984-46U-90,118.0,False
82984-4SY-50,142.0,False
82984-4SY-60,160.0,False
82984-4SY-70,160.0,False
82984-4SY-75,160.0,False
82984-4SY-80,140.0,False
82984-4SY-85,130.0,False
82984-4SY-90,136.0,False
82985-29L-60,163.0,False
82985-29L-70,156.0,False
82985-29L-75,140.0,False
82985-29L-80,130.0,False
82985-2KH-50,160.0,False
82985-2KH-60,150.0,False
82985-2KH-70,140.0,False
82985-2KH-75,140.0,False
82985-2KH-80,130.0,False
82985-33V-60,160.0,False
82985-33V-70,150.0,False
82985-33V-75,140.0,False
82985-33V-80,130.0,False
82985-34H-60,160.0,False
82985-34H-70,140.0,False
82985-34H-75,140.0,False
82985-34H-80,130.0,False
82985-3MQ-50,160.0,False
82985-3MQ-60,150.0,False
82985-3MQ-70,140.0,False
82985-3MQ-75,140.0,False
82985-3MQ-80,130.0,False
82986-2KH-50,30.0,False
82986-2KH-60,117.0,False
82986-2KH-70,115.0,False
82986-2KH-75,112.0,False
82986-2KH-80,100.0,False
82986-2KH-85,89.0,False
82986-2KH-90,64.0,False
82986-33V-50,31.0,False
82986-33V-60,94.0,False
82986-33V-70,115.0,False
82986-33V-75,110.0,False
82986-33V-80,100.0,False
82986-33V-85,87.0,False
82986-33V-90,43.0,False
82986-34H-50,36.0,False
82986-34H-60,124.0,False
82986-34H-70,118.0,False
82986-34H-75,110.0,False
82986-34H-80,100.0,False
82986-34H-85,100.0,False
82986-34H-90,60.0,False
82986-47T-50,30.0,False
82986-47T-60,90.0,False
82986-47T-70,115.0,False
82986-47T-75,110.0,False
82986-47T-80,100.0,False
82986-47T-85,72.0,False
82986-47T-90,46.0,False
82987-3ML-50,63.0,False
82987-3ML-60,160.0,False
82987-3ML-70,140.0,False
82987-3ML-75,136.0,False
82987-3ML-80,120.0,False
82987-3ML-85,110.0,False
82987-3ML-90,95.0,False
82987-45R-50,54.0,False
82987-45R-60,166.0,False
82987-45R-70,140.0,False
82987-45R-75,130.0,False
82987-45R-80,120.0,False
82987-45R-85,110.0,False
82987-45R-90,100.0,False
82987-46U-50,86.0,False
82987-46U-60,160.0,False
82987-46U-70,140.0,False
82987-46U-75,130.0,False
82987-46U-80,120.0,False
82987-46U-85,110.0,False
82987-46U-90,95.0,False
82987-4SY-50,76.0,False
82987-4SY-60,160.0,False
82987-4SY-70,140.0,False
82987-4SY-75,130.0,False
82987-4SY-80,120.0,False
82987-4SY-85,110.0,False
82987-4SY-90,100.0,False
82988-3JR-60,118.0,False
82988-3JR-70,93.0,False
82988-3JR-80,80.0,False
82988-3JR-85,70.0,False
82988-3JR-90,70.0,False
82988-3JS-50,74.0,False
82988-3JS-60,120.0,False
82988-3JS-70,110.0,False
82988-3JS-75,100.0,False
82988-3JS-80,90.0,False
82988-3JS-85,90.0,False
82988-3JS-90,80.0,False
82988-3JT-70,100.0,False
82988-3JT-85,70.0,False
82988-3JT-90,70.0,False
82988-3JU-50,55.0,False
82988-3JU-60,110.0,False
82988-3JU-70,117.0,False
82988-3JU-75,90.0,False
82988-3JU-80,80.0,False
82988-3JU-85,70.0,False
82988-3JU-90,77.0,False
82994-48O-50,79.0,False
82994-48O-60,106.0,False
82994-48O-70,145.0,False
82994-48O-75,143.0,False
82994-48O-80,77.0,False
82998-41W-50,38.0,False
82998-41W-60,80.0,False
82998-41W-70,80.0,False
82998-41W-75,84.0,False
82998-41W-80,70.0,False
82998-41W-85,70.0,False
82998-41W-90,70.0,False
82998-42Y-50,38.0,False
82998-42Y-60,80.0,False
82998-42Y-70,80.0,False
82998-42Y-75,84.0,False
82998-42Y-80,70.0,False
82998-42Y-85,70.0,False
82998-42Y-90,70.0,False
82998-43B-50,52.0,False
82998-43B-60,80.0,False
82998-43B-70,80.0,False
82998-43B-75,80.0,False
82998-43B-80,70.0,False
82998-43B-85,70.0,False
82998-43B-90,70.0,False
82999-1AX-70,60.0,False
82999-1AX-75,60.0,False
82999-1AX-80,60.0,False
82999-1AX-85,60.0,False
82999-1AX-90,50.0,False
82999-32J-70,60.0,False
82999-32J-75,60.0,False
82999-32J-80,60.0,False
82999-32J-85,60.0,False
82999-32J-90,50.0,False
82999-5WH-70,80.0,False
83000-67K-50,205.0,False
83000-67K-60,220.0,False
83001-1SA-50,113.0,False
83001-1SA-60,170.0,False
83001-1SA-70,162.0,False
83001-1SA-75,150.0,False
83001-1SA-80,130.0,False
83001-1SA-85,124.0,False
83001-1SA-90,110.0,False
83007-3EQ-50,61.0,False
83007-3EQ-60,90.0,False
83007-3EQ-70,80.0,False
83007-3EQ-75,80.0,False
83007-3EQ-80,75.0,False
83007-3EQ-85,86.0,False
83007-3EQ-90,58.0,False
83007-3LK-50,89.0,False
83007-3LK-60,90.0,False
83007-3LK-70,80.0,False
83007-3LK-75,80.0,False
83007-3LK-80,80.0,False
83007-3LK-85,80.0,False
83007-3LK-90,70.0,False
83007-3LL-50,67.0,False
83007-3LL-60,90.0,False
83007-3LL-70,80.0,False
83007-3LL-75,80.0,False
83007-3LL-80,70.0,False
83007-3LL-85,80.0,False
83007-3LL-90,70.0,False
83011-42Y-50,12.0,False
83011-42Y-60,38.0,False
83011-42Y-70,60.0,False
83011-42Y-75,60.0,False
83011-42Y-80,50.0,False
83011-42Y-85,50.0,False
83011-42Y-90,50.0,False
83011-43B-50,12.0,False
83011-43B-60,32.0,False
83011-43B-70,60.0,False
83011-43B-75,60.0,False
83011-43B-80,56.0,False
83011-43B-85,50.0,False
83011-43B-90,50.0,False
83014-49O-100,100.0,False
83014-49O-110,83.0,False
83014-49O-120,70.0,False
83014-49O-130,70.0,False
83014-49O-140,50.0,False
83014-49O-150,50.0,False
83014-49O-85,100.0,False
83014-49O-90,100.0,False
83014-49Y-100,100.0,False
83014-49Y-110,80.0,False
83014-49Y-120,82.0,False
83014-49Y-130,70.0,False
83014-49Y-140,50.0,False
83014-49Y-150,50.0,False
83014-49Y-85,100.0,False
83014-49Y-90,100.0,False
83014-4AH-100,100.0,False
83014-4AH-110,80.0,False
83014-4AH-120,70.0,False
83014-4AH-130,70.0,False
83014-4AH-140,50.0,False
83014-4AH-150,50.0,False
83014-4AH-85,100.0,False
83014-4AH-90,100.0,False
83014-4AI-100,100.0,False
83014-4AI-110,80.0,False
83014-4AI-120,70.0,False
83014-4AI-130,70.0,False
83014-4AI-140,50.0,False
83014-4AI-150,50.0,False
83014-4AI-85,100.0,False
83014-4AI-90,100.0,False
83015-3EC-100,98.0,False
83015-3EC-110,100.0,False
83015-3EC-120,90.0,False
83015-3EC-130,80.0,False
83015-3EC-85,34.0,False
83015-3EC-90,76.0,False
83015-5GN-110,100.0,False
83016-4A4-50,78.0,False
83016-4A4-60,196.0,False
83016-4A4-70,200.0,False
83016-4A4-75,200.0,False
83016-4A4-80,190.0,False
83016-4A4-85,121.0,False
83016-4A4-90,71.0,False
83016-4AG-50,88.0,False
83016-4AG-60,207.0,False
83016-4AG-70,200.0,False
83016-4AG-75,200.0,False
83016-4AG-80,190.0,False
83016-4AG-85,130.0,False
83016-4AG-90,73.0,False
83016-4AH-50,92.0,False
83016-4AH-60,219.0,False
83016-4AH-70,200.0,False
83016-4AH-75,200.0,False
83016-4AH-80,190.0,False
83016-4AH-85,139.0,False
83016-4AH-90,84.0,False
83018-4AC-50,93.0,False
83018-4AC-60,174.0,False
83018-4AC-70,180.0,False
83018-4AC-75,160.0,False
83018-4AC-80,150.0,False
83018-4AC-85,140.0,False
83018-4AC-90,115.0,False
83018-4AE-50,124.0,False
83018-4AE-60,200.0,False
83018-4AE-70,181.0,False
83018-4AE-75,160.0,False
83018-4AE-80,150.0,False
83018-4AE-85,140.0,False
83018-4AE-90,110.0,False
83018-4AF-50,97.0,False
83018-4AF-60,171.0,False
83018-4AF-70,180.0,False
83018-4AF-75,160.0,False
83018-4AF-80,150.0,False
83018-4AF-85,140.0,False
83018-4AF-90,120.0,False
83019-4AL-70,150.0,False
83019-4AL-85,130.0,False
83019-4AL-90,120.0,False
83019-4AM-50,53.0,False
83019-4AM-60,143.0,False
83019-4AM-70,150.0,False
83019-4AM-75,140.0,False
83019-4AM-80,130.0,False
83019-4AM-85,130.0,False
83019-4AM-90,120.0,False
83020-178-100,120.0,False
83020-178-110,110.0,False
83020-178-120,100.0,False
83020-178-130,90.0,False
83020-178-140,80.0,False
83020-178-150,70.0,False
83020-178-85,85.0,False
83020-178-90,130.0,False
83020-461-100,120.0,False
83020-461-110,110.0,False
83020-461-120,100.0,False
83020-461-130,90.0,False
83020-461-140,80.0,False
83020-461-150,70.0,False
83020-461-85,143.0,False
83020-461-90,130.0,False
83020-76X-100,120.0,False
83020-76X-110,110.0,False
83020-76X-120,100.0,False
83020-76X-130,90.0,False
83020-76X-140,80.0,False
83020-76X-150,70.0,False
83020-76X-85,142.0,False
83020-76X-90,130.0,False
83022-4AC-100,100.0,False
83022-4AC-110,100.0,False
83022-4AC-120,90.0,False
83022-4AC-130,80.0,False
83022-4AC-140,70.0,False
83022-4AC-150,65.0,False
83022-4AC-85,120.0,False
83022-4AC-90,110.0,False
83022-4AE-100,100.0,False
83022-4AE-110,100.0,False
83022-4AE-120,90.0,False
83022-4AE-130,80.0,False
83022-4AE-140,60.0,False
83022-4AE-150,65.0,False
83022-4AE-85,120.0,False
83022-4AE-90,110.0,False
83022-4AF-100,100.0,False
83022-4AF-110,95.0,False
83022-4AF-120,90.0,False
83022-4AF-130,80.0,False
83022-4AF-140,70.0,False
83022-4AF-150,59.0,False
83022-4AF-85,71.0,False
83022-4AF-90,116.0,False
83023-4AF-100,119.0,False
83023-4AF-110,160.0,False
83023-4AF-120,160.0,False
83023-4AF-130,160.0,False
83023-4AF-140,141.0,False
83023-4AF-150,82.0,False
83023-4AF-85,27.0,False
83023-4AF-90,70.0,False
83024-49Q-100,90.0,False
83024-49Q-110,80.0,False
83024-49Q-120,70.0,False
83024-49Q-130,60.0,False
83024-49Q-140,50.0,False
83024-49Q-150,58.0,False
83024-49Q-85,84.0,False
83024-49Q-90,100.0,False
83024-49Y-100,90.0,False
83024-49Y-110,80.0,False
83024-49Y-120,70.0,False
83024-49Y-130,64.0,False
83024-49Y-140,50.0,False
83024-49Y-150,50.0,False
83024-49Y-85,84.0,False
83024-49Y-90,100.0,False
83025-3LH-100,80.0,False
83025-3LH-110,80.0,False
83025-3LH-120,80.0,False
83025-3LH-130,60.0,False
83025-3LH-140,53.0,False
83025-3LH-150,45.0,False
83025-3LH-85,90.0,False
83025-3LH-90,90.0,False
83025-3LJ-100,80.0,False
83025-3LJ-110,80.0,False
83025-3LJ-120,76.0,False
83025-3LJ-130,60.0,False
83025-3LJ-140,50.0,False
83025-3LJ-150,45.0,False
83025-3LJ-85,90.0,False
83025-3LJ-90,90.0,False
83026-4A4-100,70.0,False
83026-4A4-110,63.0,False
83026-4A4-120,60.0,False
83026-4A4-130,50.0,False
83026-4A4-140,50.0,False
83026-4A4-150,46.0,False
83026-4A4-85,67.0,False
83026-4A4-90,70.0,False
83026-4AG-100,70.0,False
83026-4AG-110,60.0,False
83026-4AG-120,60.0,False
83026-4AG-130,50.0,False
83026-4AG-140,50.0,False
83026-4AG-150,40.0,False
83026-4AG-85,59.0,False
83026-4AG-90,70.0,False
83026-4AH-100,70.0,False
83026-4AH-110,60.0,False
83026-4AH-120,60.0,False
83026-4AH-130,50.0,False
83026-4AH-140,50.0,False
83026-4AH-150,34.0,False
83026-4AH-85,48.0,False
83026-4AH-90,70.0,False
83027-1FZ-100,75.0,False
83027-1FZ-110,60.0,False
83027-1FZ-120,50.0,False
83027-1FZ-130,50.0,False
83027-1FZ-140,49.0,False
83027-1FZ-150,45.0,False
83027-1FZ-85,59.0,False
83027-1FZ-90,76.0,False
83027-32T-100,70.0,False
83027-32T-110,60.0,False
83027-32T-120,54.0,False
83027-32T-130,50.0,False
83027-32T-140,49.0,False
83027-32T-150,50.0,False
83027-32T-85,59.0,False
83027-32T-90,60.0,False
83027-3EE-100,65.0,False
83027-3EE-110,50.0,False
83027-3EE-120,50.0,False
83027-3EE-130,50.0,False
83027-3EE-140,50.0,False
83027-3EE-150,49.0,False
83027-3EE-85,53.0,False
83027-3EE-90,70.0,False
83028-1FZ-100,51.0,False
83028-1FZ-110,89.0,False
83028-1FZ-120,80.0,False
83028-1FZ-130,79.0,False
83028-1FZ-140,85.0,False
83028-1FZ-150,60.0,False
83028-1FZ-85,35.0,False
83028-1FZ-90,68.0,False
83028-32T-100,55.0,False
83028-32T-110,53.0,False
83028-32T-120,100.0,False
83028-32T-130,91.0,False
83028-32T-140,85.0,False
83028-32T-150,67.0,False
83028-32T-85,33.0,False
83028-32T-90,64.0,False
83028-3EE-100,51.0,False
83028-3EE-110,67.0,False
83028-3EE-120,78.0,False
83028-3EE-130,74.0,False
83028-3EE-140,60.0,False
83028-3EE-150,75.0,False
83028-3EE-85,30.0,False
83028-3EE-90,56.0,False
83029-4AF-100,120.0,False
83029-4AF-110,110.0,False
83029-4AF-120,100.0,False
83029-4AF-130,90.0,False
83029-4AF-140,80.0,False
83029-4AF-150,70.0,False
83029-4AF-85,74.0,False
83029-4AF-90,130.0,False
83030-1SA-L,90.0,False
83030-1SA-M,100.0,False
83030-1SA-S,106.0,False
83030-1SA-XL,75.0,False
83030-1SA-XS,106.0,False
83030-1SA-XXL,25.0,False
83031-3EL-L,121.0,False
83031-3EL-M,120.0,False
83031-3LK-L,127.0,False
83031-3LL-L,63.0,False
83031-3LL-M,93.0,False
83031-3LL-S,137.0,False
83031-3LM-L,60.0,False
83031-3LM-M,94.0,False
83033-3SF-100,63.0,False
83033-3SF-120,65.0,False
83033-3SF-130,57.0,False
83033-3SF-140,27.0,False
83033-3SF-150,44.0,False
83033-3SF-160,33.0,False
83033-3SF-75,35.0,False
83033-3SF-80,27.0,False
83033-3SF-85,52.0,False
83033-3SF-90,100.0,False
83033-3SG-100,77.0,False
83033-3SG-110,66.0,False
83033-3SG-120,66.0,False
83033-3SG-130,37.0,False
83033-3SG-140,33.0,False
83033-3SG-150,45.0,False
83033-3SG-160,34.0,False
83033-3SG-75,30.0,False
83033-3SG-80,33.0,False
83033-3SG-85,78.0,False
83033-3SG-90,70.0,False
83033-3SH-100,72.0,False
83033-3SH-110,59.0,False
83033-3SH-120,61.0,False
83033-3SH-130,66.0,False
83033-3SH-140,44.0,False
83033-3SH-150,54.0,False
83033-3SH-160,33.0,False
83033-3SH-75,37.0,False
83033-3SH-80,52.0,False
83033-3SH-85,89.0,False
83033-3SH-90,80.0,False
83034-3SF-100,90.0,False
83034-3SF-110,80.0,False
83034-3SF-120,75.0,False
83034-3SF-130,78.0,False
83034-3SF-140,68.0,False
83034-3SF-150,70.0,False
83034-3SF-160,50.0,False
83034-3SF-85,68.0,False
83034-3SF-90,89.0,False
83034-3SG-100,106.0,False
83034-3SG-110,45.0,False
83034-3SG-120,90.0,False
83034-3SG-130,70.0,False
83034-3SG-140,61.0,False
83034-3SG-150,49.0,False
83034-3SG-160,55.0,False
83034-3SG-85,53.0,False
83034-3SG-90,51.0,False
83034-3SH-100,67.0,False
83034-3SH-110,102.0,False
83034-3SH-120,88.0,False
83034-3SH-130,68.0,False
83034-3SH-140,65.0,False
83034-3SH-150,60.0,False
83034-3SH-160,62.0,False
83034-3SH-85,34.0,False
83034-3SH-90,53.0,False
83036-4KH-100,100.0,False
83036-4KH-110,90.0,False
83036-4KH-120,80.0,False
83036-4KH-130,70.0,False
83036-4KH-140,61.0,False
83036-4KH-150,55.0,False
83036-4KH-160,50.0,False
83036-4KH-85,91.0,False
83036-4KH-90,100.0,False
83036-4KJ-150,27.0,False
83036-4KJ-160,23.0,False
83036-4KO-100,48.0,False
83036-4KO-110,45.0,False
83036-4KO-120,36.0,False
83036-4KO-130,36.0,False
83036-4KO-140,31.0,False
83036-4KO-150,27.0,False
83036-4KO-160,21.0,False
83036-4KO-85,48.0,False
83036-4KO-90,48.0,False
83036-4KX-100,48.0,False
83036-4KX-110,45.0,False
83036-4KX-120,36.0,False
83036-4KX-130,40.0,False
83036-4KX-140,30.0,False
83036-4KX-150,27.0,False
83036-4KX-160,21.0,False
83036-4KX-85,48.0,False
83036-4KX-90,48.0,False
83036-4LG-110,100.0,False
83036-4LG-120,90.0,False
83036-4LG-85,43.0,False
83036-4LG-90,96.0,False
83036-4LO-110,90.0,False
83036-4LO-120,80.0,False
83036-4LO-130,75.0,False
83036-4LO-140,60.0,False
83036-4LO-150,50.0,False
83036-4LO-160,50.0,False
83036-4MK-100,113.0,False
83036-4MK-110,110.0,False
83036-4MK-120,110.0,False
83036-4MK-130,100.0,False
83036-4MK-140,85.0,False
83036-4MK-150,80.0,False
83036-4MK-160,70.0,False
83036-4MK-85,40.0,False
83036-4MK-90,94.0,False
83036-4N4-150,27.0,False
83036-4N4-160,21.0,False
83036-4OB-150,27.0,False
83036-4OB-160,21.0,False
83036-4PD-160,50.0,False
83039-43Q-L,44.0,False
83039-43Q-M,77.0,False
83039-43Q-S,73.0,False
83039-43Q-XL,28.0,False
83039-43Q-XS,38.0,False
83039-43Q-XXL,16.0,False
83055-3JQ-100,90.0,False
83055-3JQ-110,80.0,False
83055-3JQ-120,70.0,False
83055-3JQ-130,61.0,False
83055-3JQ-140,50.0,False
83055-3JQ-150,47.0,False
83055-3JQ-85,85.0,False
83055-3JQ-90,100.0,False
83055-3LZ-100,91.0,False
83055-3LZ-110,80.0,False
83055-3LZ-120,70.0,False
83055-3LZ-130,61.0,False
83055-3LZ-140,50.0,False
83055-3LZ-150,46.0,False
83055-3LZ-85,89.0,False
83055-3LZ-90,100.0,False
83055-43L-100,98.0,False
83055-43L-110,80.0,False
83055-43L-120,70.0,False
83055-43L-130,60.0,False
83055-43L-140,50.0,False
83055-43L-150,47.0,False
83055-43L-85,91.0,False
83055-43L-90,100.0,False
83056-015-100,80.0,False
83056-015-110,80.0,False
83056-015-120,70.0,False
83056-015-130,60.0,False
83056-015-140,60.0,False
83056-015-150,50.0,False
83056-015-85,61.0,False
83056-015-90,100.0,False
83056-VH3-100,80.0,False
83056-VH3-110,80.0,False
83056-VH3-120,70.0,False
83056-VH3-130,60.0,False
83056-VH3-140,60.0,False
83056-VH3-150,51.0,False
83056-VH3-85,53.0,False
83056-VH3-90,91.0,False
83058-178-100,70.0,False
83058-178-110,85.0,False
83058-178-120,80.0,False
83058-178-130,75.0,False
83058-178-140,70.0,False
83058-178-150,60.0,False
83058-178-85,28.0,False
83058-178-90,46.0,False
83058-3EC-100,90.0,False
83058-3EC-110,85.0,False
83058-3EC-120,80.0,False
83058-3EC-130,75.0,False
83058-3EC-140,70.0,False
83058-3EC-150,60.0,False
83058-3EC-85,43.0,False
83058-3EC-90,69.0,False
83058-3EE-100,90.0,False
83058-3EE-110,85.0,False
83058-3EE-120,80.0,False
83058-3EE-130,75.0,False
83058-3EE-140,70.0,False
83058-3EE-150,60.0,False
83058-3EE-85,43.0,False
83058-3EE-90,69.0,False
83059-3LG-100,80.0,False
83059-3LG-110,70.0,False
83059-3LG-120,70.0,False
83059-3LG-130,60.0,False
83059-3LG-140,60.0,False
83059-3LG-150,60.0,False
83059-3LG-85,80.0,False
83059-3LG-90,80.0,False
83059-3LU-100,80.0,False
83059-3LU-110,70.0,False
83059-3LU-120,70.0,False
83059-3LU-130,60.0,False
83059-3LU-140,60.0,False
83059-3LU-150,60.0,False
83059-3LU-85,80.0,False
83059-3LU-90,80.0,False
83059-3LV-100,80.0,False
83059-3LV-110,70.0,False
83059-3LV-120,70.0,False
83059-3LV-130,60.0,False
83059-3LV-140,60.0,False
83059-3LV-150,60.0,False
83059-3LV-85,80.0,False
83059-3LV-90,80.0,False
83059-3LW-100,80.0,False
83059-3LW-110,70.0,False
83059-3LW-120,70.0,False
83059-3LW-130,60.0,False
83059-3LW-140,60.0,False
83059-3LW-150,60.0,False
83059-3LW-85,80.0,False
83059-3LW-90,80.0,False
83059-3LX-100,80.0,False
83059-3LX-110,70.0,False
83059-3LX-120,70.0,False
83059-3LX-130,60.0,False
83059-3LX-140,60.0,False
83059-3LX-150,60.0,False
83059-3LX-85,80.0,False
83059-3LX-90,80.0,False
83059-3LY-100,80.0,False
83059-3LY-110,70.0,False
83059-3LY-120,70.0,False
83059-3LY-130,60.0,False
83059-3LY-140,60.0,False
83059-3LY-150,60.0,False
83059-3LY-85,80.0,False
83059-3LY-90,80.0,False
83059-5K5-140,60.0,False
83059-5KE-140,60.0,False
83059-5KE-150,60.0,False
83059-5KQ-100,80.0,False
83059-5KQ-110,82.0,False
83059-5KW-130,70.0,False
83059-5KW-140,60.0,False
83059-5OK-85,90.0,False
83059-5OK-90,90.0,False
83059-5P5-130,70.0,False
83059-5P5-140,60.0,False
83059-5TB-100,80.0,False
83068-2A2-100,33.0,False
83068-2A2-110,29.0,False
83068-2A2-50,10.0,False
83068-2A2-60,29.0,False
83068-2A2-70,30.0,False
83068-2A2-75,37.0,False
83068-2A2-80,38.0,False
83068-2A2-85,38.0,False
83068-2A2-90,46.0,False
83068-3AN-100,31.0,False
83068-3AN-110,29.0,False
83068-3AN-50,10.0,False
83068-3AN-60,30.0,False
83068-3AN-70,30.0,False
83068-3AN-75,39.0,False
83068-3AN-80,40.0,False
83068-3AN-85,40.0,False
83068-3AN-90,40.0,False
83068-3BL-100,32.0,False
83068-3BL-110,30.0,False
83068-3BL-50,10.0,False
83068-3BL-60,32.0,False
83068-3BL-70,34.0,False
83068-3BL-75,39.0,False
83068-3BL-80,43.0,False
83068-3BL-85,43.0,False
83068-3BL-90,43.0,False
83068-3MW-100,28.0,False
83068-3MW-110,26.0,False
83068-3MW-50,10.0,False
83068-3MW-60,24.0,False
83068-3MW-70,27.0,False
83068-3MW-75,32.0,False
83068-3MW-80,37.0,False
83068-3MW-85,40.0,False
83068-3MW-90,42.0,False
83068-3MZ-100,33.0,False
83068-3MZ-110,29.0,False
83068-3MZ-50,10.0,False
83068-3MZ-60,29.0,False
83068-3MZ-70,29.0,False
83068-3MZ-75,38.0,False
83068-3MZ-80,38.0,False
83068-3MZ-85,38.0,False
83068-3MZ-90,45.0,False
83068-SR4-100,29.0,False
83068-SR4-110,30.0,False
83068-SR4-50,10.0,False
83068-SR4-60,30.0,False
83068-SR4-70,34.0,False
83068-SR4-75,41.0,False
83068-SR4-80,42.0,False
83068-SR4-85,43.0,False
83068-SR4-90,42.0,False
83069-3AE-60,39.0,False
83069-3AE-75,92.0,False
83069-3AE-90,53.0,False
83069-3AG-50,22.0,False
83069-3AG-70,59.0,False
83069-3AG-90,47.0,False
83069-3BI-70,60.0,False
83070-3JW-L,20.0,False
83070-3JW-M,24.0,False
83070-3JW-S,24.0,False
83070-3JW-XL,20.0,False
83070-3JW-XS,24.0,False
83070-3JW-XXL,10.0,False
83072-3JV-100,36.0,False
83072-3JV-110,30.0,False
83072-3JV-120,27.0,False
83072-3JV-130,24.0,False
83072-3JV-140,21.0,False
83072-3JV-150,18.0,False
83072-3JV-160,19.0,False
83072-3JV-85,36.0,False
83072-3JV-90,36.0,False
83077-3EX-100,77.0,False
83077-3EX-110,109.0,False
83077-3EX-120,90.0,False
83077-3EX-130,85.0,False
83077-3EX-140,75.0,False
83077-3EX-150,49.0,False
83077-3EX-160,36.0,False
83077-3EX-85,28.0,False
83077-3EX-90,65.0,False
83077-3EY-100,80.0,False
83077-3EY-110,108.0,False
83077-3EY-120,90.0,False
83077-3EY-130,85.0,False
83077-3EY-140,79.0,False
83077-3EY-150,47.0,False
83077-3EY-160,35.0,False
83077-3EY-85,29.0,False
83077-3EY-90,65.0,False
83077-3EZ-100,32.0,False
83077-3EZ-110,50.0,False
83077-3EZ-120,52.0,False
83077-3EZ-130,58.0,False
83077-3EZ-140,39.0,False
83077-3EZ-150,24.0,False
83077-3EZ-160,22.0,False
83077-3EZ-85,12.0,False
83077-3EZ-90,27.0,False
83077-3F3-100,36.0,False
83077-3F3-110,49.0,False
83077-3F3-120,49.0,False
83077-3F3-130,48.0,False
83077-3F3-140,36.0,False
83077-3F3-150,19.0,False
83077-3F3-160,19.0,False
83077-3F3-85,10.0,False
83077-3F3-90,36.0,False
83077-3FA-100,31.0,False
83077-3FA-110,43.0,False
83077-3FA-120,47.0,False
83077-3FA-130,46.0,False
83077-3FA-140,33.0,False
83077-3FA-150,22.0,False
83077-3FA-160,11.0,False
83077-3FA-85,11.0,False
83077-3FA-90,23.0,False
83078-3EX-50,40.0,False
83078-3EX-60,82.0,False
83078-3EX-70,142.0,False
83078-3EX-75,145.0,False
83078-3EX-80,103.0,False
83078-3EX-85,55.0,False
83078-3EX-90,35.0,False
83078-3EY-50,39.0,False
83078-3EY-60,80.0,False
83078-3EY-70,145.0,False
83078-3EY-75,140.0,False
83078-3EY-80,95.0,False
83078-3EY-85,54.0,False
83078-3EY-90,36.0,False
83078-3EZ-50,9.0,False
83078-3EZ-60,19.0,False
83078-3EZ-70,30.0,False
83078-3EZ-75,32.0,False
83078-3EZ-80,22.0,False
83078-3EZ-85,14.0,False
83078-3EZ-90,8.0,False
83078-3FA-50,12.0,False
83078-3FA-60,23.0,False
83078-3FA-70,38.0,False
83078-3FA-75,36.0,False
83078-3FA-80,31.0,False
83078-3FA-85,20.0,False
83078-3FA-90,12.0,False
83082-3NK-100,125.0,False
83082-3NK-110,100.0,False
83082-3NK-120,91.0,False
83082-3NK-130,45.0,False
83082-3NK-140,71.0,False
83082-3NK-150,44.0,False
83082-3NK-160,34.0,False
83082-3NK-85,53.0,False
83082-3NK-90,94.0,False
83082-3NL-120,107.0,False
83082-3NL-130,74.0,False
83082-3NL-140,86.0,False
83082-3NL-150,72.0,False
83082-3NL-160,34.0,False
83082-3NL-85,47.0,False
83082-3NL-90,50.0,False
83083-3HC-L,40.0,False
83083-3HC-M,45.0,False
83083-3HC-S,45.0,False
83083-3HC-XL,33.0,False
83083-3HC-XS,12.0,False
83083-3HC-XXL,22.0,False
83083-3HD-L,40.0,False
83083-3HD-M,45.0,False
83083-3HD-S,48.0,False
83083-3HD-XL,36.0,False
83083-3HD-XS,13.0,False
83083-3HD-XXL,22.0,False
83084-3IS-100,127.0,False
83084-3IS-110,156.0,False
83084-3IS-120,135.0,False
83084-3IS-130,48.0,False
83084-3IS-140,20.0,False
83084-3IS-150,12.0,False
83084-3IS-85,28.0,False
83084-3IS-90,71.0,False
83085-3IR-100,128.0,False
83085-3IR-110,142.0,False
83085-3IR-120,92.0,False
83085-3IR-130,41.0,False
83085-3IR-140,18.0,False
83085-3IR-150,12.0,False
83085-3IR-85,42.0,False
83085-3IR-90,92.0,False
83086-3NT-100,51.0,False
83086-3NT-110,42.0,False
83086-3NT-120,77.0,False
83086-3NT-130,65.0,False
83086-3NT-140,55.0,False
83086-3NT-150,39.0,False
83086-3NT-160,48.0,False
83086-3NT-85,56.0,False
83086-3NT-90,63.0,False
83088-3FG-100,134.0,False
83088-3FG-110,102.0,False
83088-3FG-120,100.0,False
83088-3FG-130,90.0,False
83088-3FG-140,77.0,False
83088-3FG-150,29.0,False
83088-3FG-85,121.0,False
83088-3FG-90,119.0,False
83089-3EB-100,36.0,False
83089-3EB-110,33.0,False
83089-3EB-120,30.0,False
83089-3EB-130,27.0,False
83089-3EB-140,27.0,False
83089-3EB-150,21.0,False
83089-3EB-160,18.0,False
83089-3EB-85,22.0,False
83089-3EB-90,41.0,False
83089-3NS-100,36.0,False
83089-3NS-110,33.0,False
83089-3NS-120,30.0,False
83089-3NS-130,27.0,False
83089-3NS-140,27.0,False
83089-3NS-150,21.0,False
83089-3NS-160,18.0,False
83089-3NS-85,22.0,False
83089-3PB-130,60.0,False
83089-3PB-140,55.0,False
83089-3PB-150,47.0,False
83089-3PB-160,41.0,False
83089-3PC-100,52.0,False
83089-3PC-110,70.0,False
83089-3PC-120,70.0,False
83089-3PC-130,60.0,False
83089-3PC-140,55.0,False
83089-3PC-150,49.0,False
83089-3PC-160,38.0,False
83089-3PC-85,21.0,False
83089-3PC-90,38.0,False
83089-3PE-100,49.0,False
83089-3PE-110,70.0,False
83089-3PE-120,70.0,False
83089-3PE-130,60.0,False
83089-3PE-140,55.0,False
83089-3PE-150,46.0,False
83089-3PE-160,40.0,False
83089-3PE-85,20.0,False
83089-3PE-90,37.0,False
83090-3HX-130,45.0,False
83090-3HX-140,45.0,False
83090-3HX-150,40.0,False
83090-3HX-160,40.0,False
83090-3HX-75,42.0,False
83090-3HY-140,45.0,False
83090-3HY-150,40.0,False
83090-3HY-160,35.0,False
83090-3HY-75,42.0,False
83090-3HY-80,58.0,False
83090-3NS-120,50.0,False
83090-3NS-130,50.0,False
83090-3NS-140,48.0,False
83090-3NS-150,30.0,False
83090-3NS-160,30.0,False
83090-3NS-75,29.0,False
83090-3NS-80,38.0,False
83091-3HX-160,41.0,False
83091-3HX-75,47.0,False
83091-3HY-160,44.0,False
83091-3HY-75,48.0,False
83091-3HY-80,29.0,False
83091-3NS-120,80.0,False
83091-3NS-130,70.0,False
83091-3NS-140,60.0,False
83091-3NS-150,52.0,False
83091-3NS-160,36.0,False
83091-3NS-80,28.0,False
83092-3L3-100,80.0,False
83092-3L3-110,71.0,False
83092-3L3-120,60.0,False
83092-3L3-130,50.0,False
83092-3L3-140,50.0,False
83092-3L3-150,45.0,False
83092-3L3-85,80.0,False
83092-3L3-90,80.0,False
83092-3NV-100,80.0,False
83092-3NV-110,70.0,False
83092-3NV-120,60.0,False
83092-3NV-130,50.0,False
83092-3NV-140,52.0,False
83092-3NV-150,46.0,False
83092-3NV-85,80.0,False
83092-3NV-90,80.0,False
83092-3OM-100,80.0,False
83092-3OM-110,70.0,False
83092-3OM-120,60.0,False
83092-3OM-130,50.0,False
83092-3OM-140,50.0,False
83092-3OM-150,40.0,False
83092-3OM-85,80.0,False
83092-3OM-90,80.0,False
83092-47P-100,70.0,False
83092-47P-110,66.0,False
83092-47P-120,60.0,False
83092-47P-130,58.0,False
83092-47P-140,50.0,False
83092-47P-150,45.0,False
83092-47P-85,80.0,False
83092-47P-90,80.0,False
83092-47Q-100,70.0,False
83092-47Q-110,65.0,False
83092-47Q-120,60.0,False
83092-47Q-130,55.0,False
83092-47Q-140,50.0,False
83092-47Q-150,45.0,False
83092-47Q-85,80.0,False
83092-47Q-90,83.0,False
83092-47S-100,86.0,False
83092-47S-110,80.0,False
83092-47S-120,60.0,False
83092-47S-130,55.0,False
83092-47S-140,50.0,False
83092-47S-150,45.0,False
83092-47S-85,80.0,False
83092-47S-90,90.0,False
83093-3GM-100,67.0,False
83093-3GM-110,60.0,False
83093-3GM-120,60.0,False
83093-3GM-130,55.0,False
83093-3GM-140,40.0,False
83093-3GM-150,40.0,False
83093-3GM-85,38.0,False
83093-3GM-90,63.0,False
83093-3GN-100,60.0,False
83093-3GN-110,60.0,False
83093-3GN-120,60.0,False
83093-3GN-130,55.0,False
83093-3GN-140,40.0,False
83093-3GN-150,40.0,False
83093-3GN-85,42.0,False
83093-3GN-90,70.0,False
83093-3LE-100,60.0,False
83093-3LE-110,60.0,False
83093-3LE-120,60.0,False
83093-3LE-130,55.0,False
83093-3LE-140,40.0,False
83093-3LE-150,40.0,False
83093-3LE-85,40.0,False
83093-3LE-90,67.0,False
83094-3KE-50,130.0,False
83094-3KE-60,120.0,False
83094-3KE-70,120.0,False
83094-3KE-75,120.0,False
83094-3KE-80,110.0,False
83094-3KE-85,100.0,False
83094-3KE-90,90.0,False
83094-3MO-90,90.0,False
83094-41W-80,110.0,False
83094-41W-85,100.0,False
83094-41W-90,90.0,False
83094-42K-85,100.0,False
83094-42K-90,90.0,False
83095-178-50,118.0,False
83095-178-60,200.0,False
83095-178-70,190.0,False
83095-178-85,140.0,False
83095-178-90,104.0,False
83095-461-50,96.0,False
83095-461-60,200.0,False
83095-461-70,190.0,False
83095-76X-50,108.0,False
83095-76X-60,200.0,False
83095-76X-70,190.0,False
83095-76X-75,170.0,False
83095-76X-80,150.0,False
83095-76X-85,140.0,False
83095-76X-90,94.0,False
83096-178-50,53.0,False
83096-178-60,143.0,False
83096-178-70,130.0,False
83096-178-75,120.0,False
83096-178-80,110.0,False
83096-178-85,100.0,False
83096-178-90,90.0,False
83096-461-50,55.0,False
83096-461-60,140.0,False
83096-461-70,130.0,False
83096-461-75,120.0,False
83096-461-80,110.0,False
83096-461-85,100.0,False
83096-461-90,91.0,False
83096-76X-50,81.0,False
83096-76X-60,140.0,False
83096-76X-70,130.0,False
83096-76X-75,120.0,False
83096-76X-80,110.0,False
83096-76X-85,100.0,False
83096-76X-90,90.0,False
83097-32T-100,140.0,False
83097-32T-110,120.0,False
83097-32T-120,120.0,False
83097-32T-130,120.0,False
83097-32T-140,100.0,False
83097-32T-150,100.0,False
83097-32T-85,104.0,False
83097-32T-90,160.0,False
83097-3EC-100,140.0,False
83097-3EC-110,120.0,False
83097-3EC-120,120.0,False
83097-3EC-130,120.0,False
83097-3EC-140,100.0,False
83097-3EC-150,88.0,False
83097-3EC-85,100.0,False
83097-3EC-90,160.0,False
83097-3ED-100,140.0,False
83097-3ED-110,120.0,False
83097-3ED-120,120.0,False
83097-3ED-130,120.0,False
83097-3ED-140,100.0,False
83097-3ED-150,100.0,False
83097-3ED-85,71.0,False
83097-3ED-90,119.0,False
83097-5HN-85,70.0,False
83097-E66-100,140.0,False
83097-E66-110,120.0,False
83097-E66-120,120.0,False
83097-E66-130,120.0,False
83097-E66-140,100.0,False
83097-E66-150,109.0,False
83097-E66-85,114.0,False
83097-E66-90,160.0,False
83099-41W-100,80.0,False
83099-41W-110,80.0,False
83099-41W-120,70.0,False
83099-41W-130,68.0,False
83099-41W-140,50.0,False
83099-41W-150,50.0,False
83099-41W-85,100.0,False
83099-41W-90,100.0,False
83099-43B-100,80.0,False
83099-43B-110,80.0,False
83099-43B-120,70.0,False
83099-43B-130,60.0,False
83099-43B-140,50.0,False
83099-43B-150,50.0,False
83099-43B-85,100.0,False
83099-43B-90,100.0,False
83100-3IQ-100,100.0,False
83100-3IQ-110,90.0,False
83100-3IQ-120,80.0,False
83100-3IQ-130,70.0,False
83100-3IQ-140,60.0,False
83100-3IQ-150,55.0,False
83100-3IQ-85,69.0,False
83100-3IQ-90,100.0,False
83100-49V-100,100.0,False
83100-49V-110,90.0,False
83100-49V-120,80.0,False
83100-49V-130,70.0,False
83100-49V-140,60.0,False
83100-49V-150,60.0,False
83100-49V-85,96.0,False
83100-49V-90,100.0,False
83101-277-100,110.0,False
83101-277-110,110.0,False
83101-277-120,100.0,False
83101-277-130,100.0,False
83101-277-140,97.0,False
83101-277-150,90.0,False
83101-277-85,120.0,False
83101-277-90,120.0,False
83101-2OY-100,110.0,False
83101-2OY-110,110.0,False
83101-2OY-120,100.0,False
83101-2OY-130,107.0,False
83101-2OY-140,90.0,False
83101-2OY-150,79.0,False
83101-2OY-85,101.0,False
83101-2OY-90,120.0,False
83101-34H-100,110.0,False
83101-34H-110,110.0,False
83101-34H-120,100.0,False
83101-34H-130,100.0,False
83101-34H-140,86.0,False
83101-34H-150,55.0,False
83101-34H-85,70.0,False
83101-34H-90,120.0,False
83101-3FN-100,110.0,False
83101-3FN-110,110.0,False
83101-3FN-120,100.0,False
83101-3FN-130,100.0,False
83101-3FN-140,90.0,False
83101-3FN-150,78.0,False
83101-3FN-85,95.0,False
83101-3FN-90,120.0,False
83102-277-100,70.0,False
83102-277-110,73.0,False
83102-277-120,60.0,False
83102-277-130,56.0,False
83102-277-140,44.0,False
83102-277-150,40.0,False
83102-277-85,43.0,False
83102-277-90,71.0,False
83102-2OY-100,68.0,False
83102-2OY-110,70.0,False
83102-2OY-120,63.0,False
83102-2OY-130,56.0,False
83102-2OY-140,44.0,False
83102-2OY-150,42.0,False
83102-2OY-85,26.0,False
83102-2OY-90,43.0,False
83102-34H-100,58.0,False
83102-34H-110,75.0,False
83102-34H-120,60.0,False
83102-34H-130,63.0,False
83102-34H-140,46.0,False
83102-34H-150,40.0,False
83102-34H-85,22.0,False
83102-34H-90,36.0,False
83102-3FN-100,59.0,False
83102-3FN-110,76.0,False
83102-3FN-120,60.0,False
83102-3FN-130,57.0,False
83102-3FN-140,47.0,False
83102-3FN-150,40.0,False
83102-3FN-85,23.0,False
83102-3FN-90,37.0,False
83104-4AG-100,120.0,False
83104-4AG-110,110.0,False
83104-4AG-120,110.0,False
83104-4AG-130,100.0,False
83104-4AG-140,90.0,False
83104-4AG-150,95.0,False
83104-4AG-85,130.0,False
83104-4AG-90,130.0,False
83104-4AH-100,120.0,False
83104-4AH-110,110.0,False
83104-4AH-120,110.0,False
83104-4AH-130,100.0,False
83104-4AH-140,99.0,False
83104-4AH-150,57.0,False
83104-4AH-85,110.0,False
83104-4AH-90,130.0,False
83104-4AI-110,110.0,False
83104-4AI-120,110.0,False
83104-4AI-130,100.0,False
83104-4AI-140,90.0,False
83104-4AI-150,90.0,False
83104-4AI-85,130.0,False
83104-4AI-90,130.0,False
83105-277-100,131.0,False
83105-277-110,120.0,False
83105-277-120,120.0,False
83105-277-130,110.0,False
83105-277-140,100.0,False
83105-277-150,118.0,False
83105-277-85,118.0,False
83105-277-90,120.0,False
83105-2OY-100,122.0,False
83105-2OY-110,120.0,False
83105-2OY-120,120.0,False
83105-2OY-130,110.0,False
83105-2OY-140,123.0,False
83105-2OY-150,81.0,False
83105-2OY-85,77.0,False
83105-2OY-90,120.0,False
83105-34H-100,120.0,False
83105-34H-110,133.0,False
83105-34H-120,127.0,False
83105-34H-130,110.0,False
83105-34H-140,100.0,False
83105-34H-150,105.0,False
83105-34H-85,102.0,False
83105-34H-90,120.0,False
83105-3FN-100,120.0,False
83105-3FN-110,133.0,False
83105-3FN-120,125.0,False
83105-3FN-130,110.0,False
83105-3FN-140,100.0,False
83105-3FN-150,105.0,False
83105-3FN-85,103.0,False
83105-3FN-90,120.0,False
83106-32L-100,72.0,False
83106-32L-110,84.0,False
83106-32L-120,96.0,False
83106-32L-130,80.0,False
83106-32L-140,60.0,False
83106-32L-150,43.0,False
83106-32L-85,35.0,False
83106-32L-90,61.0,False
83106-3EC-100,115.0,False
83106-3EC-110,129.0,False
83106-3EC-120,158.0,False
83106-3EC-130,127.0,False
83106-3EC-140,96.0,False
83106-3EC-150,68.0,False
83106-3EC-85,55.0,False
83106-3EC-90,95.0,False
83106-3ED-100,73.0,False
83106-3ED-110,82.0,False
83106-3ED-120,99.0,False
83106-3ED-130,82.0,False
83106-3ED-140,60.0,False
83106-3ED-150,43.0,False
83106-3ED-85,36.0,False
83106-3ED-90,60.0,False
83107-015-100,160.0,False
83107-015-110,150.0,False
83107-015-120,140.0,False
83107-015-130,140.0,False
83107-015-140,130.0,False
83107-015-150,120.0,False
83107-015-85,119.0,False
83107-015-90,170.0,False
83107-3EE-100,160.0,False
83107-3EE-110,158.0,False
83107-3EE-120,140.0,False
83107-3EE-130,140.0,False
83107-3EE-140,130.0,False
83107-3EE-150,120.0,False
83107-3EE-85,136.0,False
83107-3EE-90,170.0,False
83108-3KB-100,160.0,False
83108-3KB-110,150.0,False
83108-3KB-120,140.0,False
83108-3KB-130,140.0,False
83108-3KB-140,130.0,False
83108-3KB-150,83.0,False
83108-3KB-85,83.0,False
83108-3KB-90,170.0,False
83108-3KD-100,160.0,False
83108-3KD-110,150.0,False
83108-3KD-120,140.0,False
83108-3KD-130,140.0,False
83108-3KD-140,130.0,False
83108-3KD-150,98.0,False
83108-3KD-85,96.0,False
83108-3KD-90,170.0,False
83108-41I-100,160.0,False
83108-41I-110,150.0,False
83108-41I-120,140.0,False
83108-41I-130,140.0,False
83108-41I-140,130.0,False
83108-41I-150,108.0,False
83108-41I-85,108.0,False
83108-41I-90,170.0,False
83109-2KH-50,91.0,False
83109-2KH-60,120.0,False
83109-2KH-70,100.0,False
83109-2KH-75,90.0,False
83109-2KH-80,80.0,False
83109-2KH-85,70.0,False
83109-2KH-90,70.0,False
83109-33V-50,69.0,False
83109-33V-60,110.0,False
83109-33V-70,100.0,False
83109-33V-75,90.0,False
83109-33V-80,80.0,False
83109-33V-85,70.0,False
83109-33V-90,60.0,False
83109-5DW-80,130.0,False
83109-5OU-50,17.0,False
83109-5OU-60,44.0,False
83109-5OU-70,78.0,False
83109-5OU-75,130.0,False
83109-5OU-80,117.0,False
83109-5OU-85,117.0,False
83109-5QR-50,19.0,False
83109-5QR-60,47.0,False
83109-5QR-70,86.0,False
83109-5QR-75,140.0,False
83109-5QR-80,120.0,False
83109-5QR-85,120.0,False
83109-5QR-90,90.0,False
83109-VH9-50,66.0,False
83109-VH9-60,110.0,False
83109-VH9-70,100.0,False
83109-VH9-75,90.0,False
83109-VH9-80,80.0,False
83109-VH9-85,76.0,False
83109-VH9-90,70.0,False
83110-41R-50,38.0,False
83110-41R-60,80.0,False
83110-41R-70,80.0,False
83110-41R-75,85.0,False
83110-41R-80,70.0,False
83110-41R-85,70.0,False
83110-41R-90,70.0,False
83110-44B-50,38.0,False
83110-44B-60,80.0,False
83110-44B-70,80.0,False
83110-44B-75,85.0,False
83110-44B-80,70.0,False
83110-44B-85,70.0,False
83110-44B-90,70.0,False
83111-1XW-100,70.0,False
83111-1XW-110,70.0,False
83111-1XW-120,60.0,False
83111-1XW-130,50.0,False
83111-1XW-140,45.0,False
83111-1XW-150,40.0,False
83111-1XW-85,87.0,False
83111-1XW-90,90.0,False
83111-3FR-100,90.0,False
83111-3FR-110,80.0,False
83111-3FR-120,70.0,False
83111-3FR-130,60.0,False
83111-3FR-140,54.0,False
83111-3FR-150,50.0,False
83111-3FR-85,100.0,False
83111-3FR-90,100.0,False
83111-3JL-100,90.0,False
83111-3JL-110,80.0,False
83111-3JL-120,70.0,False
83111-3JL-130,60.0,False
83111-3JL-140,50.0,False
83111-3JL-150,50.0,False
83111-3JL-85,82.0,False
83111-3JL-90,100.0,False
83111-3JP-100,90.0,False
83111-3JP-110,80.0,False
83111-3JP-120,70.0,False
83111-3JP-130,60.0,False
83111-3JP-140,50.0,False
83111-3JP-150,50.0,False
83111-3JP-85,100.0,False
83111-3JP-90,100.0,False
83111-41X-100,90.0,False
83111-41X-110,80.0,False
83111-41X-120,70.0,False
83111-41X-130,60.0,False
83111-41X-140,50.0,False
83111-41X-150,40.0,False
83111-41X-85,100.0,False
83111-41X-90,100.0,False
83112-1SD-100,120.0,False
83112-1SD-110,105.0,False
83112-1SH-100,100.0,False
83112-1SH-110,90.0,False
83112-1SJ-100,100.0,False
83112-1SJ-110,90.0,False
83112-1SJ-90,100.0,False
83113-3J3-150,50.0,False
83113-3J3-160,45.0,False
83113-3JA-100,80.0,False
83113-3JA-110,75.0,False
83113-3JA-120,70.0,False
83113-3JA-130,60.0,False
83113-3JA-140,50.0,False
83113-3JA-150,50.0,False
83113-3JA-160,45.0,False
83113-3JA-85,105.0,False
83113-3JA-90,95.0,False
83114-3IV-100,38.0,False
83114-3IV-110,30.0,False
83114-3IV-120,27.0,False
83114-3IV-90,36.0,False
83115-36B-100,36.0,False
83115-36B-110,31.0,False
83115-36B-120,27.0,False
83115-36B-130,24.0,False
83115-36B-140,21.0,False
83115-36B-150,20.0,False
83115-36B-160,18.0,False
83115-36B-85,36.0,False
83115-36B-90,36.0,False
83116-1SD-100,95.0,False
83116-1SD-110,92.0,False
83117-1SE-110,78.0,False
83117-1SE-120,67.0,False
83117-1SE-130,60.0,False
83117-1SH-100,97.0,False
83117-1SH-110,82.0,False
83117-1SJ-100,100.0,False
83117-1SJ-110,78.0,False
83118-1SC-60,140.0,False
83119-36B-50,60.0,False
83119-36B-60,60.0,False
83119-36B-70,55.0,False
83119-36B-75,57.0,False
83119-36B-80,50.0,False
83119-36B-85,50.0,False
83119-36B-90,46.0,False
83120-1SD-100,120.0,False
83120-1SD-110,117.0,False
83120-1SD-120,53.0,False
83120-1SD-130,27.0,False
83121-1SE-100,120.0,False
83121-1SE-110,100.0,False
83121-1SE-120,53.0,False
83121-1SE-130,19.0,False
83124-1SC-XS,70.0,False
83124-1SC-XXS,53.0,False
83125-1RT-160,80.0,False
83127-36B-100,35.0,False
83127-36B-110,35.0,False
83127-36B-120,30.0,False
83127-36B-130,25.0,False
83127-36B-140,25.0,False
83127-36B-150,25.0,False
83127-36B-85,27.0,False
83127-36B-90,40.0,False
83131-3IO-100,68.0,False
83131-3IO-110,30.0,False
83131-3IO-60,6.0,False
83131-3IO-70,21.0,False
83131-3IO-75,53.0,False
83131-3IO-90,100.0,False
83131-3IT-100,49.0,False
83131-3IT-110,22.0,False
83131-3IT-60,6.0,False
83131-3IT-70,16.0,False
83131-3IT-75,39.0,False
83131-3IT-90,92.0,False
83131-3IU-100,57.0,False
83131-3IU-110,25.0,False
83131-3IU-60,6.0,False
83131-3IU-70,18.0,False
83131-3IU-90,105.0,False
83131-3IV-100,68.0,False
83131-3IV-110,30.0,False
83131-3IV-60,6.0,False
83131-3IV-70,21.0,False
83131-3IV-90,100.0,False
83136-2AC-L,74.0,False
83136-2AC-M,82.0,False
83136-2AC-S,88.0,False
83136-2AC-XL,64.0,False
83136-2AC-XS,38.0,False
83136-2AC-XXL,52.0,False
83136-2AC-XXS,22.0,False
83137-2AB-100,36.0,False
83137-2AB-110,30.0,False
83137-2AB-120,27.0,False
83137-2AB-130,24.0,False
83137-2AB-140,21.0,False
83137-2AB-150,21.0,False
83137-2AB-160,18.0,False
83137-2AB-85,36.0,False
83137-2AB-90,36.0,False
83138-2LD-130,69.0,False
83138-2LD-140,29.0,False
83138-2LD-150,27.0,False
83138-2LD-160,10.0,False
83138-2LD-85,41.0,False
83139-3FU-100,70.0,False
83139-3FU-110,60.0,False
83139-3FU-120,50.0,False
83139-3FU-130,50.0,False
83139-3FU-140,45.0,False
83139-3FU-150,44.0,False
83139-3FU-160,33.0,False
83139-3FU-85,76.0,False
83139-3FU-90,80.0,False
83139-3FV-100,70.0,False
83139-3FV-110,60.0,False
83139-3FV-120,57.0,False
83139-3FV-130,50.0,False
83139-3FV-140,45.0,False
83139-3FV-150,40.0,False
83139-3FV-160,36.0,False
83139-3FV-85,82.0,False
83139-3FV-90,80.0,False
83143-2SG-100,80.0,False
83143-2SG-110,70.0,False
83143-2SG-120,60.0,False
83143-2SG-130,66.0,False
83143-2SG-140,55.0,False
83143-2SG-150,40.0,False
83143-2SG-85,100.0,False
83143-2SG-90,90.0,False
83145-2SJ-100,35.0,False
83145-2SJ-110,35.0,False
83145-2SJ-120,25.0,False
83145-2SJ-130,25.0,False
83145-2SJ-140,26.0,False
83145-2SJ-150,20.0,False
83145-2SJ-85,46.0,False
83145-2SJ-90,46.0,False
83145-3IW-100,35.0,False
83145-3IW-110,35.0,False
83145-3IW-120,30.0,False
83145-3IW-130,25.0,False
83145-3IW-140,26.0,False
83145-3IW-150,20.0,False
83145-3IW-85,40.0,False
83145-3IW-90,40.0,False
83148-1SD-100,18.0,False
83148-1SD-110,18.0,False
83149-3IO-90,21.0,False
83149-3IU-100,18.0,False
83149-3IU-110,15.0,False
83149-3IU-60,22.0,False
83149-3IU-90,21.0,False
83150-2AB-50,60.0,False
83150-2AB-60,60.0,False
83150-2AB-70,55.0,False
83150-2AB-75,55.0,False
83150-2AB-80,50.0,False
83150-2AB-85,49.0,False
83150-2AB-90,40.0,False
83150-2AC-50,60.0,False
83150-2AC-60,60.0,False
83150-2AC-70,55.0,False
83150-2AC-75,55.0,False
83150-2AC-80,50.0,False
83150-2AC-85,49.0,False
83150-2AC-90,40.0,False
83153-4KS-130,60.0,False
83153-4KS-140,50.0,False
83153-4KS-150,45.0,False
83153-4OE-100,75.0,False
83153-4OE-110,65.0,False
83153-4OE-120,60.0,False
83153-4OE-130,55.0,False
83153-4OE-140,60.0,False
83153-4OE-150,45.0,False
83153-4OE-160,40.0,False
83153-4OE-75,78.0,False
83153-4OE-80,100.0,False
83153-4OE-85,100.0,False
83153-4OE-90,85.0,False
83153-4VH-100,80.0,False
83153-4VH-110,75.0,False
83153-4VH-120,65.0,False
83153-4VH-130,55.0,False
83153-4VH-140,50.0,False
83153-4VH-150,45.0,False
83153-4VH-160,40.0,False
83153-4VH-75,98.0,False
83153-4VH-80,110.0,False
83153-4VH-85,100.0,False
83153-4VH-90,90.0,False
83154-3QE-100,59.0,False
83154-3QE-110,81.0,False
83154-3QE-120,97.0,False
83154-3QE-130,80.0,False
83154-3QE-140,70.0,False
83154-3QE-150,60.0,False
83154-3QE-160,55.0,False
83154-3QE-85,25.0,False
83154-3QE-90,53.0,False
83154-3QN-100,61.0,False
83154-3QN-110,82.0,False
83154-3QN-120,90.0,False
83154-3QN-130,80.0,False
83154-3QN-140,70.0,False
83154-3QN-150,60.0,False
83154-3QN-160,55.0,False
83154-3QN-85,25.0,False
83154-3QN-90,53.0,False
83154-3RC-110,110.0,False
83154-3RC-140,80.0,False
83154-3RC-150,70.0,False
83154-3RC-85,41.0,False
83154-3SO-100,122.0,False
83154-3SO-110,110.0,False
83154-3SO-120,90.0,False
83154-3SO-130,90.0,False
83154-3SO-140,80.0,False
83154-3SO-150,70.0,False
83154-3SO-160,65.0,False
83154-3SO-85,39.0,False
83154-3SO-90,91.0,False
83154-4QH-100,104.0,False
83154-4QH-110,100.0,False
83154-4QH-120,98.0,False
83154-4QH-160,55.0,False
83154-4QH-85,36.0,False
83154-4QH-90,82.0,False
83154-4QK-100,65.0,False
83154-4QK-110,81.0,False
83154-4QK-120,95.0,False
83154-4QK-130,80.0,False
83154-4QK-140,75.0,False
83154-4QK-150,65.0,False
83154-4QK-160,60.0,False
83154-4QK-85,25.0,False
83154-4QK-90,49.0,False
83155-3PB-L,30.0,False
83155-3PB-M,35.0,False
83155-3PB-S,35.0,False
83155-3PB-XL,28.0,False
83155-3PB-XS,28.0,False
83155-3PB-XXL,13.0,False
83155-3PB-XXS,14.0,False
83155-3PC-L,30.0,False
83155-3PC-M,35.0,False
83155-3PC-S,35.0,False
83155-3PC-XL,28.0,False
83155-3PC-XS,28.0,False
83155-3PC-XXL,13.0,False
83155-3PC-XXS,14.0,False
83155-3PE-L,30.0,False
83155-3PE-M,35.0,False
83155-3PE-S,38.0,False
83155-3PE-XL,30.0,False
83155-3PE-XS,30.0,False
83155-3PE-XXL,15.0,False
83155-3PE-XXS,14.0,False
83156-21L-XXS,14.0,False
83160-3QE-100,80.0,False
83160-3QE-110,77.0,False
83160-3QE-120,65.0,False
83160-3QE-130,55.0,False
83160-3QE-140,47.0,False
83160-3QE-150,42.0,False
83160-3QE-160,32.0,False
83160-3QE-75,24.0,False
83160-3QE-80,33.0,False
83160-3QE-85,100.0,False
83160-3QE-90,90.0,False
83160-3QN-100,80.0,False
83160-3QN-110,75.0,False
83160-3QN-120,65.0,False
83160-3QN-130,44.0,False
83160-3QN-140,30.0,False
83160-3QN-150,31.0,False
83160-3QN-160,28.0,False
83160-3QN-75,20.0,False
83160-3QN-80,29.0,False
83160-3QN-85,77.0,False
83160-3QN-90,96.0,False
83160-3RC-100,80.0,False
83160-3RC-110,65.0,False
83160-3RC-120,60.0,False
83160-3RC-130,55.0,False
83160-3RC-140,45.0,False
83160-3RC-150,45.0,False
83160-3RC-160,42.0,False
83160-3RC-75,57.0,False
83160-3RC-80,80.0,False
83160-3RC-85,95.0,False
83160-3RC-90,95.0,False
83160-3SO-100,80.0,False
83160-3SO-110,65.0,False
83160-3SO-120,62.0,False
83160-3SO-130,55.0,False
83160-3SO-140,45.0,False
83160-3SO-150,45.0,False
83160-3SO-160,42.0,False
83160-3SO-80,81.0,False
83160-3SO-85,95.0,False
83160-3SO-90,95.0,False
83160-4QH-100,80.0,False
83160-4QH-110,75.0,False
83160-4QH-120,65.0,False
83160-4QH-130,55.0,False
83160-4QH-140,50.0,False
83160-4QH-150,45.0,False
83160-4QH-160,40.0,False
83160-4QH-75,42.0,False
83160-4QH-80,59.0,False
83160-4QH-85,100.0,False
83160-4QH-90,90.0,False
83160-4QK-100,80.0,False
83160-4QK-110,70.0,False
83160-4QK-120,60.0,False
83160-4QK-130,49.0,False
83160-4QK-140,39.0,False
83160-4QK-150,33.0,False
83160-4QK-160,30.0,False
83160-4QK-75,19.0,False
83160-4QK-80,30.0,False
83160-4QK-85,81.0,False
83160-4QK-90,97.0,False
83162-4LE-110,65.0,False
83162-4LE-120,50.0,False
83162-4LE-130,50.0,False
83162-4LE-140,40.0,False
83162-4LE-150,40.0,False
83162-4LE-85,70.0,False
83162-4NT-100,65.0,False
83162-4NT-110,65.0,False
83162-4NT-120,50.0,False
83162-4NT-130,50.0,False
83162-4NT-140,40.0,False
83162-4NT-150,32.0,False
83162-4NT-85,54.0,False
83162-4NT-90,70.0,False
83162-4Q4-100,65.0,False
83162-4Q4-110,65.0,False
83162-4Q4-120,50.0,False
83162-4Q4-130,50.0,False
83162-4Q4-140,40.0,False
83162-4Q4-150,40.0,False
83162-4Q4-85,70.0,False
83162-4Q4-90,70.0,False
83164-4SB-100,70.0,False
83164-4SB-110,60.0,False
83164-4SB-120,60.0,False
83164-4SB-130,50.0,False
83164-4SB-140,50.0,False
83164-4SB-150,45.0,False
83164-4SB-85,69.0,False
83164-4SB-90,70.0,False
83165-4NF-100,48.0,False
83165-4NF-110,42.0,False
83165-4NF-120,38.0,False
83165-4NF-130,36.0,False
83165-4NF-140,29.0,False
83165-4NF-150,26.0,False
83165-4NF-85,60.0,False
83165-4NF-90,53.0,False
83165-4NL-150,27.0,False
83165-4NL-85,60.0,False
83166-4MM-100,70.0,False
83166-4MM-110,70.0,False
83166-4MM-120,60.0,False
83166-4MM-130,60.0,False
83166-4MM-140,54.0,False
83166-4MM-150,28.0,False
83166-4MM-85,47.0,False
83166-4MM-90,70.0,False
83166-4NC-120,60.0,False
83166-4NC-130,60.0,False
83166-4NC-140,44.0,False
83166-4NC-150,23.0,False
83166-4NC-85,40.0,False
83166-4NC-90,70.0,False
83166-4NV-100,70.0,False
83166-4NV-110,70.0,False
83166-4NV-120,60.0,False
83166-4NV-130,60.0,False
83166-4NV-140,38.0,False
83166-4NV-150,20.0,False
83166-4NV-85,34.0,False
83166-4NV-90,77.0,False
83169-3SF-100,70.0,False
83169-3SF-110,61.0,False
83169-3SF-120,50.0,False
83169-3SF-130,45.0,False
83169-3SF-140,46.0,False
83169-3SF-150,32.0,False
83169-3SF-85,17.0,False
83169-3SF-90,39.0,False
83169-3SG-100,76.0,False
83169-3SG-110,60.0,False
83169-3SG-120,54.0,False
83169-3SG-130,45.0,False
83169-3SG-140,40.0,False
83169-3SG-150,32.0,False
83169-3SG-85,16.0,False
83169-3SG-90,37.0,False
83169-3SH-100,61.0,False
83169-3SH-110,60.0,False
83169-3SH-120,50.0,False
83169-3SH-130,45.0,False
83169-3SH-140,40.0,False
83169-3SH-150,31.0,False
83169-3SH-85,12.0,False
83169-3SH-90,28.0,False
83170-3PL-100,90.0,False
83170-3PL-110,80.0,False
83170-3PL-120,70.0,False
83170-3PL-130,64.0,False
83170-3PL-140,50.0,False
83170-3PL-150,40.0,False
83170-3PL-85,110.0,False
83170-3PL-90,100.0,False
83170-3SS-100,90.0,False
83170-3SS-110,80.0,False
83170-3SS-120,70.0,False
83170-3SS-130,60.0,False
83170-3SS-140,50.0,False
83170-3SS-150,40.0,False
83170-3SS-85,110.0,False
83170-3SS-90,100.0,False
83170-3ST-100,90.0,False
83170-3ST-110,82.0,False
83170-3ST-120,70.0,False
83170-3ST-130,60.0,False
83170-3ST-140,50.0,False
83170-3ST-150,40.0,False
83170-3ST-85,110.0,False
83170-3ST-90,100.0,False
83171-5L5-100,67.0,False
83171-5L5-90,60.0,False
83178-2EO-100,68.0,False
83178-2EO-110,46.0,False
83178-2EO-120,45.0,False
83178-2EO-130,36.0,False
83178-2EO-140,12.0,False
83178-2EO-150,5.0,False
83178-2EO-85,17.0,False
83178-2EO-90,42.0,False
83181-3TS-85,64.0,False
83181-4MX-85,60.0,False
83181-4MX-90,60.0,False
83183-3TQ-85,32.0,False
83183-4QM-85,22.0,False
83185-4MM-100,50.0,False
83185-4MM-110,50.0,False
83185-4MM-120,40.0,False
83185-4MM-130,40.0,False
83185-4MM-140,44.0,False
83185-4MM-150,29.0,False
83185-4MM-85,18.0,False
83185-4MM-90,46.0,False
83185-4OH-130,40.0,False
83185-4OH-140,37.0,False
83185-4OH-150,26.0,False
83185-4OH-85,16.0,False
83187-3OP-100,30.0,False
83187-3OP-110,30.0,False
83187-3OP-120,34.0,False
83187-3OP-130,25.0,False
83187-3OP-140,23.0,False
83187-3OP-150,16.0,False
83187-3OP-85,10.0,False
83187-3OP-90,25.0,False
83188-4N4-150,20.0,False
83189-3OP-100,60.0,False
83189-3OP-110,60.0,False
83189-3OP-120,50.0,False
83189-3OP-130,50.0,False
83189-3OP-140,31.0,False
83189-3OP-150,23.0,False
83189-3OP-85,21.0,False
83189-3OP-90,61.0,False
83190-011-100,27.0,False
83190-011-110,27.0,False
83190-011-120,24.0,False
83190-011-130,27.0,False
83190-011-140,21.0,False
83190-011-150,18.0,False
83190-011-85,30.0,False
83190-011-90,32.0,False
83190-SR4-100,27.0,False
83190-SR4-120,24.0,False
83190-SR4-130,27.0,False
83190-SR4-140,21.0,False
83190-SR4-150,18.0,False
83190-SR4-85,30.0,False
83190-SR4-90,32.0,False
83191-27Q-100,67.0,False
83191-27Q-110,65.0,False
83191-27Q-120,65.0,False
83191-27Q-130,55.0,False
83191-27Q-140,50.0,False
83191-27Q-150,50.0,False
83192-27X-130,55.0,False
83192-27X-140,55.0,False
83192-27X-150,55.0,False
83193-WL4-150,14.0,False
83195-3KF-120,55.0,False
83195-3KF-130,50.0,False
83195-3KF-140,49.0,False
83195-3KF-150,45.0,False
83195-3KF-90,80.0,False
83195-3LP-100,70.0,False
83195-3LP-110,66.0,False
83195-3LP-120,57.0,False
83195-3LP-130,50.0,False
83195-3LP-150,45.0,False
83195-3LP-85,83.0,False
83195-3LP-90,80.0,False
83195-SR4-100,76.0,False
83195-SR4-110,60.0,False
83195-SR4-120,55.0,False
83195-SR4-130,53.0,False
83195-SR4-140,52.0,False
83195-SR4-150,47.0,False
83196-3NP-100,40.0,False
83196-3NP-110,36.0,False
83196-3NP-120,36.0,False
83196-3NP-130,30.0,False
83196-3NP-140,27.0,False
83196-3NP-150,24.0,False
83196-3NP-85,45.0,False
83196-3NP-90,45.0,False
83196-3NR-100,40.0,False
83196-3NR-110,36.0,False
83196-3NR-120,36.0,False
83196-3NR-130,30.0,False
83196-3NR-140,27.0,False
83196-3NR-150,24.0,False
83197-3NV-100,30.0,False
83197-3NV-120,25.0,False
83197-3NV-130,25.0,False
83197-3NV-140,20.0,False
83197-3NV-150,20.0,False
83197-3NV-85,40.0,False
83197-3TC-140,20.0,False
83197-CB8-130,25.0,False
83197-CB8-140,20.0,False
83197-CB8-85,40.0,False
83198-1TP-100,120.0,False
83198-1TP-110,100.0,False
83198-1TP-120,90.0,False
83198-1TP-130,80.0,False
83198-1TP-140,80.0,False
83198-1TP-150,75.0,False
83198-1TP-85,137.0,False
83198-1TP-90,120.0,False
83198-1WG-100,120.0,False
83198-1WG-110,100.0,False
83198-1WG-120,90.0,False
83198-1WG-130,80.0,False
83198-1WG-140,80.0,False
83198-1WG-150,75.0,False
83198-1WG-85,149.0,False
83198-1WG-90,120.0,False
83198-3RO-100,120.0,False
83198-3RO-110,100.0,False
83198-3RO-120,90.0,False
83198-3RO-130,80.0,False
83198-3RO-140,80.0,False
83198-3RO-150,75.0,False
83198-3RO-85,146.0,False
83198-3RO-90,120.0,False
83199-3OD-100,80.0,False
83199-3OD-110,70.0,False
83199-3OD-120,60.0,False
83199-3OD-130,55.0,False
83199-3OD-140,50.0,False
83199-3OD-150,50.0,False
83199-3OD-85,100.0,False
83199-3OD-90,90.0,False
83199-3OE-100,80.0,False
83199-3OE-110,70.0,False
83199-3OE-120,62.0,False
83199-3OE-130,55.0,False
83199-3OE-140,50.0,False
83199-3OE-150,50.0,False
83199-3OE-85,100.0,False
83199-3OE-90,90.0,False
83199-95P-100,85.0,False
83199-95P-110,70.0,False
83199-95P-120,60.0,False
83199-95P-130,55.0,False
83199-95P-140,50.0,False
83199-95P-150,50.0,False
83199-95P-85,100.0,False
83199-95P-90,90.0,False
83202-3KU-140,50.0,False
83202-3KW-100,70.0,False
83202-3KW-110,70.0,False
83202-3KW-120,65.0,False
83202-3KW-130,61.0,False
83202-3KW-140,60.0,False
83202-3KW-150,57.0,False
83202-3KW-85,80.0,False
83202-3KW-90,80.0,False
83202-3MS-120,60.0,False
83202-3MS-130,60.0,False
83202-3MS-140,50.0,False
83202-3MS-150,50.0,False
83202-3MS-90,80.0,False
83204-3MT-100,34.0,False
83204-3MT-110,28.0,False
83204-3MT-120,27.0,False
83204-3MT-130,21.0,False
83204-3MT-85,36.0,False
83204-3MT-90,33.0,False
83204-WL4-100,30.0,False
83204-WL4-110,27.0,False
83204-WL4-120,24.0,False
83204-WL4-130,21.0,False
83204-WL4-140,21.0,False
83204-WL4-150,18.0,False
83207-HI2-100,39.0,False
83210-AD5-100,39.0,False
83210-AD5-110,34.0,False
83210-AD5-120,34.0,False
83210-AD5-130,32.0,False
83210-AD5-140,25.0,False
83210-AD5-150,24.0,False
83210-AD5-85,40.0,False
83210-AD5-90,41.0,False
83212-3RX-100,65.0,False
83212-3RX-110,65.0,False
83212-3RX-120,55.0,False
83212-3RX-130,55.0,False
83212-3RX-140,50.0,False
83212-3RX-150,50.0,False
83212-3RX-90,70.0,False
83212-3UY-130,55.0,False
83212-3UY-140,50.0,False
83212-5HR-140,50.0,False
83212-5HR-150,45.0,False
83212-HI2-100,65.0,False
83212-HI2-110,65.0,False
83212-HI2-120,55.0,False
83212-HI2-130,55.0,False
83212-HI2-140,50.0,False
83212-HI2-150,50.0,False
83212-HI2-90,70.0,False
83212-RT9-100,65.0,False
83212-RT9-110,65.0,False
83212-RT9-120,55.0,False
83212-RT9-130,55.0,False
83212-RT9-140,50.0,False
83212-RT9-150,50.0,False
83213-015-100,48.0,False
83213-015-110,42.0,False
83213-015-120,41.0,False
83213-015-130,36.0,False
83213-015-140,30.0,False
83213-015-150,30.0,False
83213-015-85,52.0,False
83213-015-90,54.0,False
83213-32B-100,42.0,False
83213-32B-110,40.0,False
83213-32B-120,36.0,False
83213-32B-130,36.0,False
83213-32B-140,30.0,False
83213-32B-150,30.0,False
83213-32B-85,52.0,False
83213-32B-90,49.0,False
83213-3KP-100,48.0,False
83213-3KP-110,42.0,False
83213-3KP-120,41.0,False
83213-3KP-130,36.0,False
83213-3KP-140,30.0,False
83213-3KP-150,30.0,False
83213-3KP-85,52.0,False
83213-3KP-90,54.0,False
83225-36K-50,85.0,False
83225-36K-60,93.0,False
83225-36K-70,118.0,False
83225-36K-75,61.0,False
83225-36K-NB,63.0,False
83225-3RD-50,103.0,False
83225-3RD-60,94.0,False
83225-3RD-70,123.0,False
83225-3RD-75,58.0,False
83225-3RD-NB,61.0,False
83225-4LW-50,83.0,False
83225-4LW-60,87.0,False
83225-4LW-70,116.0,False
83225-4LW-75,54.0,False
83225-4LW-NB,55.0,False
83227-3PU-50,150.0,False
83227-3PU-60,120.0,False
83227-3PU-65,120.0,False
83227-3PU-NB,67.0,False
83227-4NE-50,154.0,False
83227-4NE-60,120.0,False
83227-4NE-65,117.0,False
83227-4NE-NB,51.0,False
83237-36K-50,54.0,False
83237-36K-60,96.0,False
83237-36K-70,100.0,False
83237-36K-75,100.0,False
83237-36K-NB,19.0,False
83237-3RD-50,57.0,False
83237-3RD-60,102.0,False
83237-3RD-70,100.0,False
83237-3RD-75,100.0,False
83237-3RD-NB,17.0,False
83237-4LW-50,49.0,False
83237-4LW-60,92.0,False
83237-4LW-70,100.0,False
83237-4LW-75,95.0,False
83237-4LW-NB,18.0,False
83242-TK4-130,60.0,False
83242-TK4-140,56.0,False
83242-TK4-150,50.0,False
83242-TK4-85,100.0,False
83242-TK4-90,90.0,False
83244-3KK-100,21.0,False
83244-3KK-110,21.0,False
83244-3KK-120,18.0,False
83244-3KK-130,17.0,False
83244-3KK-140,15.0,False
83244-3KK-150,12.0,False
83244-3KK-85,27.0,False
83244-3KK-90,24.0,False
83244-3KY-100,21.0,False
83244-3KY-110,21.0,False
83244-3KY-120,19.0,False
83244-3KY-130,15.0,False
83244-3KY-140,15.0,False
83244-3KY-150,12.0,False
83244-3KY-85,29.0,False
83244-3KY-90,24.0,False
83244-3LO-100,21.0,False
83244-3LO-110,21.0,False
83244-3LO-120,18.0,False
83244-3LO-130,17.0,False
83244-3LO-140,15.0,False
83244-3LO-150,12.0,False
83244-3LO-85,27.0,False
83244-3LO-90,24.0,False
83244-DD4-100,21.0,False
83244-DD4-110,21.0,False
83244-DD4-120,18.0,False
83244-DD4-130,15.0,False
83244-DD4-140,15.0,False
83244-DD4-150,12.0,False
83244-DD4-85,27.0,False
83244-DD4-90,24.0,False
83245-3SZ-110,32.0,False
83245-3SZ-120,28.0,False
83245-3SZ-130,25.0,False
83245-3SZ-140,25.0,False
83245-3SZ-150,21.0,False
83245-3SZ-85,42.0,False
83245-3SZ-90,38.0,False
83245-3T3-100,35.0,False
83245-3T3-110,31.0,False
83245-3T3-120,29.0,False
83245-3T3-130,26.0,False
83245-3T3-150,22.0,False
83245-3T3-85,49.0,False
83245-3T3-90,40.0,False
83247-3KK-100,30.0,False
83247-3KK-110,27.0,False
83247-3KK-120,24.0,False
83247-3KK-130,21.0,False
83247-3KK-140,18.0,False
83247-3KK-150,18.0,False
83247-3KK-85,33.0,False
83247-3KK-90,33.0,False
83247-3LO-100,30.0,False
83247-3LO-110,27.0,False
83247-3LO-120,24.0,False
83247-3LO-130,21.0,False
83247-3LO-140,19.0,False
83247-3LO-150,18.0,False
83247-3LO-85,33.0,False
83247-3LO-90,33.0,False
83247-DD4-100,30.0,False
83247-DD4-110,27.0,False
83247-DD4-120,25.0,False
83247-DD4-130,21.0,False
83247-DD4-140,18.0,False
83247-DD4-150,18.0,False
83247-DD4-85,33.0,False
83247-DD4-90,33.0,False
83248-3KK-100,33.0,False
83248-3KK-110,30.0,False
83248-3KK-120,27.0,False
83248-3KK-130,24.0,False
83248-3KK-140,21.0,False
83248-3KK-150,18.0,False
83248-3KK-85,36.0,False
83248-3KK-90,36.0,False
83248-3KY-100,33.0,False
83248-3KY-110,30.0,False
83248-3KY-130,24.0,False
83248-3KY-140,21.0,False
83248-3KY-150,18.0,False
83248-3KY-85,36.0,False
83248-3KY-90,36.0,False
83248-3LO-100,33.0,False
83248-3LO-110,30.0,False
83248-3LO-130,24.0,False
83248-3LO-140,25.0,False
83248-3LO-150,18.0,False
83248-3LO-85,40.0,False
83248-3LO-90,36.0,False
83248-5HW-85,19.0,False
83248-5HW-90,50.0,False
83248-DD4-100,33.0,False
83248-DD4-110,30.0,False
83248-DD4-120,27.0,False
83248-DD4-130,24.0,False
83248-DD4-140,24.0,False
83248-DD4-150,18.0,False
83248-DD4-85,36.0,False
83248-DD4-90,36.0,False
83249-3SZ-100,50.0,False
83249-3SZ-110,46.0,False
83249-3SZ-120,40.0,False
83249-3SZ-130,35.0,False
83249-3SZ-140,32.0,False
83249-3SZ-150,30.0,False
83249-3SZ-85,70.0,False
83249-3SZ-90,60.0,False
83249-3T3-100,53.0,False
83249-3T3-110,47.0,False
83249-3T3-120,40.0,False
83249-3T3-130,37.0,False
83249-3T3-140,32.0,False
83249-3T3-150,29.0,False
83249-3T3-85,70.0,False
83249-3T3-90,63.0,False
83250-3T3-100,60.0,False
83250-3T3-110,54.0,False
83250-3T3-120,45.0,False
83250-3T3-130,40.0,False
83250-3T3-140,35.0,False
83250-3T3-150,35.0,False
83250-3T3-85,28.0,False
83250-3T3-90,67.0,False
83250-4LM-100,60.0,False
83250-4LM-110,50.0,False
83250-4LM-120,45.0,False
83250-4LM-130,40.0,False
83250-4LM-140,35.0,False
83250-4LM-150,35.0,False
83250-4LM-85,28.0,False
83250-4LM-90,72.0,False
83250-4LU-100,55.0,False
83250-4LU-120,45.0,False
83250-4LU-130,40.0,False
83250-4LU-140,35.0,False
83250-4LU-150,35.0,False
83250-4LU-85,39.0,False
83250-4LU-90,60.0,False
83250-4MF-100,55.0,False
83250-4MF-110,50.0,False
83250-4MF-120,45.0,False
83250-4MF-130,40.0,False
83250-4MF-140,35.0,False
83250-4MF-150,35.0,False
83250-4MF-85,47.0,False
83250-4MF-90,60.0,False
83250-4OU-100,60.0,False
83250-4OU-110,50.0,False
83250-4OU-120,45.0,False
83250-4OU-130,40.0,False
83250-4OU-140,35.0,False
83250-4OU-150,35.0,False
83250-4OU-85,43.0,False
83250-4OU-90,60.0,False
83253-3OU-100,45.0,False
83253-3OU-110,46.0,False
83253-3OU-120,48.0,False
83253-3OU-130,40.0,False
83253-3OU-140,37.0,False
83253-3OU-150,36.0,False
83253-3OU-85,69.0,False
83253-3OU-90,57.0,False
83253-4P4-100,47.0,False
83253-4P4-110,47.0,False
83253-4P4-120,45.0,False
83253-4P4-130,40.0,False
83253-4P4-140,39.0,False
83253-4P4-150,37.0,False
83253-4P4-85,70.0,False
83253-4P4-90,57.0,False
83253-4PS-100,50.0,False
83253-4PS-110,54.0,False
83253-4PS-120,35.0,False
83253-4PS-130,37.0,False
83253-4PS-140,34.0,False
83253-4PS-150,25.0,False
83253-4PS-85,71.0,False
83253-4PS-90,47.0,False
83256-3PP-100,80.0,False
83256-3PP-110,74.0,False
83256-3PP-120,60.0,False
83256-3PP-130,50.0,False
83256-3PP-140,40.0,False
83256-3PP-150,35.0,False
83256-3PP-85,100.0,False
83256-3PP-90,90.0,False
83256-3TG-100,80.0,False
83256-3TG-110,70.0,False
83256-3TG-85,102.0,False
83256-3TG-90,90.0,False
83256-4KA-100,80.0,False
83256-4KA-110,70.0,False
83256-4KA-120,65.0,False
83256-4KA-130,50.0,False
83256-4KA-140,40.0,False
83256-4KA-150,35.0,False
83256-4KA-85,100.0,False
83256-4KA-90,90.0,False
83256-4KF-100,68.0,False
83256-4KF-110,65.0,False
83256-4KF-120,60.0,False
83256-4KF-130,50.0,False
83256-4KF-140,40.0,False
83256-4KF-150,35.0,False
83256-4KF-85,100.0,False
83256-4KF-90,90.0,False
83256-4KH-100,80.0,False
83256-4KH-110,70.0,False
83256-4KH-120,60.0,False
83256-4KH-130,50.0,False
83256-4KH-140,40.0,False
83256-4KH-150,35.0,False
83256-4KH-85,100.0,False
83256-4KH-90,90.0,False
83256-4KW-100,80.0,False
83256-4KW-110,70.0,False
83256-4KW-120,60.0,False
83256-4KW-130,50.0,False
83256-4KW-140,40.0,False
83256-4KW-150,38.0,False
83256-4KW-85,100.0,False
83256-4KW-90,90.0,False
83256-4MF-100,80.0,False
83256-4MF-110,70.0,False
83256-4MF-120,60.0,False
83256-4MF-130,50.0,False
83256-4MF-140,40.0,False
83256-4MF-150,64.0,False
83256-4MF-85,100.0,False
83256-4MF-90,90.0,False
83256-4QZ-100,80.0,False
83256-4QZ-120,60.0,False
83256-4QZ-130,50.0,False
83256-4QZ-85,100.0,False
83256-4QZ-90,93.0,False
83256-4RA-100,80.0,False
83256-4RA-110,71.0,False
83256-4RA-120,60.0,False
83256-4RA-130,50.0,False
83256-4RA-140,40.0,False
83256-4RA-150,36.0,False
83256-4RA-85,100.0,False
83256-4RA-90,90.0,False
83256-4S4-100,95.0,False
83256-4S4-110,80.0,False
83256-4S4-120,70.0,False
83256-4S4-130,60.0,False
83256-4S4-140,45.0,False
83256-4S4-150,40.0,False
83256-4S4-85,100.0,False
83256-4S4-90,100.0,False
83256-4SC-100,80.0,False
83256-4SC-110,70.0,False
83256-4SC-85,100.0,False
83256-4SC-90,90.0,False
83256-4VK-100,80.0,False
83256-4VK-120,65.0,False
83256-4VK-130,50.0,False
83256-4VK-140,40.0,False
83256-4VK-150,35.0,False
83256-4VK-85,100.0,False
83256-4VK-90,90.0,False
83258-2ET-140,50.0,False
83258-2ET-150,50.0,False
83258-3KW-150,50.0,False
83258-3LP-140,50.0,False
83258-SR4-140,50.0,False
83259-3PF-100,192.0,False
83259-3PF-110,170.0,False
83259-3PF-120,166.0,False
83259-3PF-130,130.0,False
83259-3PF-140,113.0,False
83259-3PF-150,145.0,False
83259-3PF-85,125.0,False
83259-3PF-90,197.0,False
83259-3PG-140,119.0,False
83259-3PG-90,200.0,False
83259-3TZ-100,201.0,False
83259-3TZ-110,200.0,False
83259-3TZ-120,186.0,False
83259-3TZ-130,147.0,False
83259-3TZ-140,126.0,False
83259-3TZ-150,90.0,False
83259-3TZ-85,121.0,False
83259-3TZ-90,125.0,False
83259-4QN-130,156.0,False
83259-4QN-150,108.0,False
83259-CM4-150,112.0,False
83259-CM4-85,69.0,False
83262-SD2-100,60.0,False
83262-SD2-110,60.0,False
83262-SD2-120,50.0,False
83262-SD2-130,45.0,False
83262-SD2-140,40.0,False
83262-SD2-150,41.0,False
83262-SD2-85,15.0,False
83262-SD2-90,80.0,False
83263-3OR-100,55.0,False
83263-3OR-110,50.0,False
83263-3OR-120,45.0,False
83263-3OR-130,40.0,False
83263-3OR-140,35.0,False
83263-3OR-150,30.0,False
83263-3OR-85,72.0,False
83263-3OR-90,65.0,False
83264-2DD-100,35.0,False
83264-2DD-110,35.0,False
83264-2DD-120,31.0,False
83264-2DD-130,30.0,False
83264-2DD-140,25.0,False
83264-2DD-150,25.0,False
83264-2DD-85,50.0,False
83264-2DD-90,40.0,False
83264-JX7-100,40.0,False
83264-JX7-110,35.0,False
83264-JX7-120,30.0,False
83264-JX7-130,30.0,False
83264-JX7-140,25.0,False
83264-JX7-150,25.0,False
83264-JX7-85,50.0,False
83264-JX7-90,40.0,False
83278-4LE-100,140.0,False
83278-4LE-110,130.0,False
83278-4LE-120,120.0,False
83278-4LE-130,110.0,False
83278-4LE-140,100.0,False
83278-4LE-150,90.0,False
83278-4LE-85,67.0,False
83278-4LE-90,144.0,False
83278-4NT-100,140.0,False
83278-4NT-110,130.0,False
83278-4NT-120,120.0,False
83278-4NT-130,110.0,False
83278-4NT-140,100.0,False
83278-4NT-150,90.0,False
83278-4NT-85,93.0,False
83278-4NT-90,150.0,False
83279-3KK-140,24.0,False
83279-3KK-150,21.0,False
83279-3KM-140,26.0,False
83279-3KM-150,20.0,False
83279-3KM-85,39.0,False
83279-3KY-100,36.0,False
83279-3KY-110,33.0,False
83279-3KY-120,31.0,False
83279-3KY-130,28.0,False
83279-3KY-140,24.0,False
83279-3KY-150,21.0,False
83279-3KY-85,41.0,False
83279-3KY-90,39.0,False
83279-3LA-150,21.0,False
83279-3LP-130,28.0,False
83279-3LP-140,24.0,False
83279-3LP-150,22.0,False
83279-3LP-85,40.0,False
83280-4NJ-100,36.0,False
83280-4NJ-110,33.0,False
83280-4NJ-120,30.0,False
83280-4NJ-130,26.0,False
83280-4NJ-140,23.0,False
83280-4NJ-150,20.0,False
83280-4NJ-85,21.0,False
83280-4NJ-90,36.0,False
83281-3MK-100,172.0,False
83281-3MK-110,167.0,False
83281-3MK-120,150.0,False
83281-3MK-130,133.0,False
83281-3MK-140,107.0,False
83281-3MK-150,103.0,False
83281-3MK-85,146.0,False
83281-3MK-90,180.0,False
83281-4NJ-100,129.0,False
83281-4NJ-110,124.0,False
83281-4NJ-120,136.0,False
83281-4NJ-130,122.0,False
83281-4NJ-140,117.0,False
83281-4NJ-150,72.0,False
83281-4NJ-85,61.0,False
83281-4NJ-90,171.0,False
83281-4OK-100,66.0,False
83281-4OK-110,102.0,False
83281-4OK-120,116.0,False
83281-4OK-130,135.0,False
83281-4OK-140,65.0,False
83281-4OK-150,86.0,False
83281-4OK-85,58.0,False
83281-4OK-90,96.0,False
83281-GK3-100,172.0,False
83281-GK3-110,174.0,False
83281-GK3-120,142.0,False
83281-GK3-130,157.0,False
83281-GK3-140,115.0,False
83281-GK3-150,96.0,False
83281-GK3-85,110.0,False
83281-GK3-90,209.0,False
83282-3KH-100,30.0,False
83282-3KH-110,27.0,False
83282-3KH-120,27.0,False
83282-3KH-130,27.0,False
83282-3KH-140,21.0,False
83282-3KH-150,21.0,False
83282-3KH-85,36.0,False
83282-3KH-90,36.0,False
83282-3KK-100,30.0,False
83282-3KK-110,27.0,False
83282-3KK-120,27.0,False
83282-3KK-130,27.0,False
83282-3KK-140,21.0,False
83282-3KK-150,18.0,False
83282-3KK-85,36.0,False
83282-3KK-90,36.0,False
83282-3KO-100,30.0,False
83282-3KO-110,27.0,False
83282-3KO-120,27.0,False
83282-3KO-130,27.0,False
83282-3KO-140,21.0,False
83282-3KO-150,18.0,False
83282-3KO-85,36.0,False
83282-3KO-90,36.0,False
83282-AN8-100,30.0,False
83282-AN8-110,27.0,False
83282-AN8-120,27.0,False
83282-AN8-130,27.0,False
83282-AN8-140,21.0,False
83282-AN8-150,18.0,False
83282-AN8-85,36.0,False
83282-AN8-90,36.0,False
83284-3KL-130,17.0,False
83284-3KL-140,16.0,False
83284-3KL-150,14.0,False
83284-3KL-85,28.0,False
83284-3LO-130,18.0,False
83284-3LO-140,18.0,False
83284-3LO-150,13.0,False
83284-76X-130,18.0,False
83284-76X-140,16.0,False
83284-76X-150,14.0,False
83287-3UA-100,40.0,False
83287-3UA-120,35.0,False
83287-3UA-130,32.0,False
83287-3UA-140,30.0,False
83287-3UA-150,25.0,False
83287-3UA-85,27.0,False
83287-3UB-100,40.0,False
83287-3UB-110,35.0,False
83287-3UB-120,35.0,False
83287-3UB-130,30.0,False
83287-3UB-140,30.0,False
83287-3UB-150,25.0,False
83287-3UB-85,25.0,False
83287-3UB-90,50.0,False
83287-4MD-100,40.0,False
83287-4MD-110,35.0,False
83287-4MD-120,35.0,False
83287-4MD-130,30.0,False
83287-4MD-140,30.0,False
83287-4MD-150,25.0,False
83287-4MD-85,30.0,False
83287-4MD-90,50.0,False
83289-3PB-100,92.0,False
83289-3PB-110,109.0,False
83289-3PB-130,125.0,False
83289-3PB-140,100.0,False
83289-3PB-150,67.0,False
83289-3PB-85,38.0,False
83289-3PB-90,84.0,False
83289-3PC-100,81.0,False
83289-3PC-110,98.0,False
83289-3PC-120,141.0,False
83289-3PC-130,113.0,False
83289-3PC-140,94.0,False
83289-3PC-150,62.0,False
83289-3PC-85,36.0,False
83289-3PC-90,78.0,False
83289-3PE-100,74.0,False
83289-3PE-110,91.0,False
83289-3PE-120,128.0,False
83289-3PE-130,101.0,False
83289-3PE-140,82.0,False
83289-3PE-150,56.0,False
83289-3PE-85,32.0,False
83289-3PE-90,70.0,False
83291-3S3-100,101.0,False
83291-3S3-110,80.0,False
83291-3S3-120,75.0,False
83291-3S3-130,70.0,False
83291-3S3-140,55.0,False
83291-3S3-150,45.0,False
83291-3S3-85,74.0,False
83291-3S3-90,95.0,False
83291-3SA-100,100.0,False
83291-3SA-110,80.0,False
83291-3SA-120,75.0,False
83291-3SA-130,77.0,False
83291-3SA-140,55.0,False
83291-3SA-150,45.0,False
83291-3SA-85,100.0,False
83291-3SA-90,100.0,False
83291-3SB-100,90.0,False
83291-3SB-110,80.0,False
83291-3SB-120,70.0,False
83291-3SB-130,65.0,False
83291-3SB-140,50.0,False
83291-3SB-150,50.0,False
83291-3SB-85,97.0,False
83291-3SB-90,100.0,False
83294-3TQ-100,100.0,False
83294-3TQ-110,90.0,False
83294-3TQ-120,80.0,False
83294-3TQ-130,70.0,False
83294-3TQ-140,60.0,False
83294-3TQ-150,50.0,False
83294-3TQ-85,45.0,False
83294-3TQ-90,106.0,False
83294-4LE-100,100.0,False
83294-4LE-110,90.0,False
83294-4LE-120,80.0,False
83294-4LE-130,70.0,False
83294-4LE-140,60.0,False
83294-4LE-150,50.0,False
83294-4LE-85,45.0,False
83294-4LE-90,106.0,False
83295-3KT-100,104.0,False
83295-3KT-110,100.0,False
83295-3KT-120,108.0,False
83295-3KT-130,100.0,False
83295-3KT-140,80.0,False
83295-3KT-150,53.0,False
83295-3KT-85,22.0,False
83295-3KT-90,52.0,False
83295-3KW-100,97.0,False
83295-3KW-110,100.0,False
83295-3KW-120,102.0,False
83295-3KW-130,100.0,False
83295-3KW-140,70.0,False
83295-3KW-150,50.0,False
83295-3KW-85,20.0,False
83295-3KW-90,48.0,False
83296-015-100,130.0,False
83296-015-110,110.0,False
83296-015-120,100.0,False
83296-015-130,90.0,False
83296-015-140,80.0,False
83296-015-150,70.0,False
83296-015-85,85.0,False
83296-015-90,150.0,False
83296-3UU-100,130.0,False
83296-3UU-110,110.0,False
83296-3UU-120,100.0,False
83296-3UU-130,80.0,False
83296-3UU-140,70.0,False
83296-3UU-150,70.0,False
83296-3UU-85,70.0,False
83296-3UU-90,126.0,False
83296-3UZ-100,130.0,False
83296-3UZ-110,110.0,False
83296-3UZ-120,100.0,False
83296-3UZ-130,80.0,False
83296-3UZ-140,70.0,False
83296-3UZ-150,70.0,False
83296-3UZ-85,88.0,False
83296-3UZ-90,157.0,False
83296-4SB-100,130.0,False
83296-4SB-110,110.0,False
83296-4SB-120,100.0,False
83296-4SB-130,90.0,False
83296-4SB-140,80.0,False
83296-4SB-150,70.0,False
83296-4SB-85,109.0,False
83296-4SB-90,150.0,False
83296-SR4-100,130.0,False
83296-SR4-110,120.0,False
83296-SR4-120,100.0,False
83296-SR4-130,90.0,False
83296-SR4-140,80.0,False
83296-SR4-150,70.0,False
83296-SR4-85,91.0,False
83296-SR4-90,150.0,False
83300-3OP-100,60.0,False
83300-3OP-110,50.0,False
83300-3OP-120,50.0,False
83300-3OP-130,55.0,False
83300-3OP-140,45.0,False
83300-3OP-150,45.0,False
83300-3OP-85,60.0,False
83300-3OP-90,60.0,False
83301-31P-130,22.0,False
83301-31P-140,28.0,False
83301-31P-150,22.0,False
83301-31P-85,30.0,False
83301-31P-90,28.0,False
83301-3LP-100,26.0,False
83301-3LP-130,22.0,False
83301-3LP-140,23.0,False
83301-3LP-150,23.0,False
83301-3LP-85,30.0,False
83301-3LP-90,28.0,False
83301-4NV-100,25.0,False
83301-4NV-110,25.0,False
83301-4NV-120,30.0,False
83301-4NV-130,29.0,False
83301-4NV-140,23.0,False
83301-4NV-150,20.0,False
83301-4NV-85,32.0,False
83301-4NV-90,30.0,False
83303-4MZ-100,68.0,False
83303-4MZ-110,78.0,False
83303-4MZ-120,68.0,False
83303-4MZ-130,53.0,False
83303-4MZ-140,26.0,False
83303-4MZ-150,15.0,False
83303-4MZ-85,24.0,False
83303-4MZ-90,45.0,False
83303-4OH-110,76.0,False
83303-4OH-120,68.0,False
83303-4OH-130,53.0,False
83303-4OH-140,26.0,False
83303-4OH-150,15.0,False
83303-4OH-85,23.0,False
83303-4OH-90,44.0,False
83304-3OP-100,35.0,False
83304-3OP-110,37.0,False
83304-3OP-120,35.0,False
83304-3OP-130,30.0,False
83304-3OP-140,30.0,False
83304-3OP-150,30.0,False
83304-3OP-85,35.0,False
83304-3OP-90,35.0,False
83307-3KM-100,55.0,False
83307-3KM-110,50.0,False
83307-3KM-120,45.0,False
83307-3KM-130,40.0,False
83307-3KM-140,35.0,False
83307-4JW-100,55.0,False
83307-4JW-110,50.0,False
83307-4JW-120,45.0,False
83307-4JW-130,40.0,False
83307-4JW-140,35.0,False
83310-4KR-100,87.0,False
83310-4KR-110,92.0,False
83310-4KR-120,91.0,False
83310-4KR-130,95.0,False
83310-4KR-140,89.0,False
83310-4KR-150,77.0,False
83310-4KR-85,35.0,False
83310-4KR-90,72.0,False
83310-4LJ-100,80.0,False
83310-4LJ-110,57.0,False
83310-4LJ-120,75.0,False
83310-4LJ-130,88.0,False
83310-4LJ-140,60.0,False
83310-4LJ-150,45.0,False
83310-4LJ-85,18.0,False
83310-4LJ-90,51.0,False
83310-4OF-100,60.0,False
83310-4OF-110,70.0,False
83310-4OF-120,112.0,False
83310-4OF-130,110.0,False
83310-4OF-140,96.0,False
83310-4OF-150,68.0,False
83310-4OF-85,40.0,False
83310-4OF-90,95.0,False
83310-4OG-100,96.0,False
83310-4OG-110,108.0,False
83310-4OG-120,119.0,False
83310-4OG-130,104.0,False
83310-4OG-140,89.0,False
83310-4OG-150,47.0,False
83310-4OG-85,37.0,False
83310-4OG-90,85.0,False
83311-4OJ-100,90.0,False
83311-4OJ-110,75.0,False
83311-4OJ-120,65.0,False
83311-4OJ-85,66.0,False
83311-4OJ-90,90.0,False
83311-4QH-100,90.0,False
83311-4QH-110,75.0,False
83311-4QH-120,65.0,False
83311-4QH-85,66.0,False
83311-4QH-90,90.0,False
83311-4QJ-100,100.0,False
83311-4QJ-110,75.0,False
83311-4QJ-120,65.0,False
83311-4QJ-85,110.0,False
83311-4QJ-90,110.0,False
83311-68A-100,94.0,False
83311-68A-110,73.0,False
83311-68A-120,59.0,False
83311-68A-85,100.0,False
83311-68A-90,110.0,False
83313-3JW-100,38.0,False
83313-3JW-110,40.0,False
83313-3JW-120,35.0,False
83313-3JW-130,35.0,False
83313-3JW-140,35.0,False
83313-3JW-150,35.0,False
83313-3JW-160,36.0,False
83313-3JW-85,23.0,False
83313-3JW-90,26.0,False
83314-3JW-100,55.0,False
83314-3JW-110,50.0,False
83314-3JW-120,50.0,False
83314-3JW-130,45.0,False
83314-3JW-140,45.0,False
83314-3JW-150,45.0,False
83314-3JW-160,40.0,False
83314-3JW-85,17.0,False
83314-3JW-90,32.0,False
83315-3PB-100,76.0,False
83315-3PB-110,75.0,False
83315-3PB-120,75.0,False
83315-3PB-130,55.0,False
83315-3PB-140,26.0,False
83315-3PB-150,13.0,False
83315-3PB-85,23.0,False
83315-3PB-90,51.0,False
83315-3PC-100,65.0,False
83315-3PC-110,75.0,False
83315-3PC-120,65.0,False
83315-3PC-130,63.0,False
83315-3PC-140,29.0,False
83315-3PC-150,15.0,False
83315-3PC-85,26.0,False
83315-3PC-90,58.0,False
83316-4NL-100,57.0,False
83316-4NL-110,50.0,False
83316-4NL-120,55.0,False
83316-4NL-130,45.0,False
83316-4NL-140,44.0,False
83316-4NL-150,20.0,False
83316-4NL-85,29.0,False
83316-4NL-90,73.0,False
83316-4QA-100,70.0,False
83316-4QA-110,60.0,False
83316-4QA-120,50.0,False
83316-4QA-130,53.0,False
83316-4QA-140,51.0,False
83316-4QA-150,24.0,False
83316-4QA-85,35.0,False
83316-4QA-90,89.0,False
83317-4NV-100,17.0,False
83317-4NV-110,14.0,False
83317-4NV-120,15.0,False
83317-4NV-130,12.0,False
83317-4NV-140,11.0,False
83317-4NV-150,11.0,False
83317-4NV-85,14.0,False
83317-4NV-90,17.0,False
83319-3OP-100,50.0,False
83319-3OP-110,50.0,False
83319-3OP-120,50.0,False
83319-3OP-130,45.0,False
83319-3OP-140,45.0,False
83319-3OP-150,48.0,False
83319-3OP-85,50.0,False
83319-3OP-90,50.0,False
83320-31P-100,31.0,False
83320-31P-110,27.0,False
83320-31P-120,24.0,False
83320-31P-130,20.0,False
83320-31P-140,20.0,False
83320-31P-150,15.0,False
83320-31P-85,35.0,False
83320-31P-90,28.0,False
83320-3LP-100,30.0,False
83320-3LP-110,27.0,False
83320-3LP-120,24.0,False
83320-3LP-130,20.0,False
83320-3LP-140,20.0,False
83320-3LP-150,16.0,False
83320-3LP-85,36.0,False
83320-3LP-90,29.0,False
83320-4NV-100,30.0,False
83320-4NV-110,28.0,False
83320-4NV-120,27.0,False
83320-4NV-130,24.0,False
83320-4NV-140,21.0,False
83320-4NV-150,11.0,False
83320-4NV-85,40.0,False
83320-4NV-90,37.0,False
83321-3TQ-100,95.0,False
83321-3TQ-110,117.0,False
83321-3TQ-120,100.0,False
83321-3TQ-130,100.0,False
83321-3TQ-140,76.0,False
83321-3TQ-150,51.0,False
83321-3TQ-85,35.0,False
83321-3TQ-90,79.0,False
83321-4NC-100,124.0,False
83321-4NC-110,120.0,False
83321-4NC-120,100.0,False
83321-4NC-130,100.0,False
83321-4NC-140,98.0,False
83321-4NC-150,64.0,False
83321-4NC-85,45.0,False
83321-4NC-90,108.0,False
83321-4QM-100,120.0,False
83321-4QM-110,120.0,False
83321-4QM-120,100.0,False
83321-4QM-130,100.0,False
83321-4QM-140,100.0,False
83321-4QM-150,76.0,False
83321-4QM-85,50.0,False
83321-4QM-90,122.0,False
83321-5BW-100,50.0,False
83321-5BW-110,52.0,False
83321-5BW-120,60.0,False
83321-5BW-130,46.0,False
83321-5BW-140,33.0,False
83321-5BW-150,24.0,False
83321-5BW-85,36.0,False
83321-5BW-90,50.0,False
83321-5FS-100,50.0,False
83321-5FS-110,49.0,False
83321-5FS-120,61.0,False
83321-5FS-130,45.0,False
83321-5FS-140,33.0,False
83321-5FS-150,24.0,False
83321-5FS-90,50.0,False
83321-76X-100,113.0,False
83321-76X-110,120.0,False
83321-76X-120,100.0,False
83321-76X-130,100.0,False
83321-76X-140,82.0,False
83321-76X-150,58.0,False
83321-76X-85,51.0,False
83321-76X-90,91.0,False
83322-AD5-85,39.0,False
83322-AD5-90,33.0,False
83323-32J-85,24.0,False
83323-32J-90,23.0,False
83323-3KV-100,24.0,False
83323-3KV-85,25.0,False
83323-3KV-90,24.0,False
83323-3UZ-85,25.0,False
83323-4MF-100,35.0,False
83323-4MF-110,33.0,False
83323-4MF-120,32.0,False
83323-4MF-130,31.0,False
83323-4MF-140,26.0,False
83323-4MF-150,20.0,False
83323-4MF-85,42.0,False
83323-4MF-90,34.0,False
83325-3NX-120,30.0,False
83325-3NX-130,27.0,False
83325-3NX-140,24.0,False
83325-3NX-150,21.0,False
83332-4KE-M,50.0,False
83332-4KE-S,50.0,False
83332-4KE-XS,60.0,False
83332-4KE-XXS,60.0,False
83339-011-50,19.0,False
83339-011-60,36.0,False
83339-011-70,36.0,False
83339-011-75,35.0,False
83339-011-80,30.0,False
83339-011-85,33.0,False
83339-011-90,25.0,False
83339-3KK-50,26.0,False
83339-3KK-60,40.0,False
83339-3KK-70,35.0,False
83339-3KK-75,35.0,False
83339-3KK-80,30.0,False
83339-3KK-85,30.0,False
83339-3KK-90,25.0,False
83339-5HC-50,16.0,False
83340-011-50,31.0,False
83340-011-60,36.0,False
83340-011-70,40.0,False
83340-011-75,40.0,False
83340-011-80,43.0,False
83340-011-85,40.0,False
83340-011-90,35.0,False
83340-015-50,46.0,False
83340-015-60,40.0,False
83340-015-70,40.0,False
83340-015-75,50.0,False
83340-015-80,40.0,False
83340-015-85,40.0,False
83340-015-90,40.0,False
83340-1GF-50,35.0,False
83340-1GF-60,43.0,False
83340-1GF-70,40.0,False
83340-1GF-75,40.0,False
83340-1GF-80,40.0,False
83340-1GF-85,40.0,False
83340-1GF-90,40.0,False
83340-3KK-50,21.0,False
83340-3KK-60,50.0,False
83340-3KK-70,40.0,False
83340-3KK-75,40.0,False
83340-3KK-80,40.0,False
83340-3KK-85,46.0,False
83340-3KK-90,42.0,False
83340-RT9-50,29.0,False
83340-RT9-60,43.0,False
83340-RT9-70,40.0,False
83340-RT9-75,46.0,False
83340-RT9-80,40.0,False
83340-RT9-85,40.0,False
83340-RT9-90,40.0,False
83342-3TD-50,40.0,False
83342-3TD-60,40.0,False
83342-3TD-70,39.0,False
83342-3TD-75,35.0,False
83342-3TD-80,30.0,False
83342-4OV-50,40.0,False
83342-4OV-60,40.0,False
83342-4OV-70,35.0,False
83342-4OV-75,30.0,False
83342-4OV-80,30.0,False
83342-4RQ-50,40.0,False
83342-4RQ-60,35.0,False
83342-4RQ-70,35.0,False
83342-4RQ-75,35.0,False
83342-4RQ-80,35.0,False
83343-5FB-50,24.0,False
83343-5FB-60,30.0,False
83343-5FB-70,30.0,False
83343-5FB-75,30.0,False
83343-5FB-80,30.0,False
83343-5QJ-50,29.0,False
83343-5QJ-60,43.0,False
83343-5QJ-70,34.0,False
83343-5QJ-75,30.0,False
83343-5QJ-80,36.0,False
83344-3OF-60,30.0,False
83344-3OF-70,27.0,False
83344-3OF-75,25.0,False
83344-3OF-80,25.0,False
83344-3OF-85,27.0,False
83344-3OF-90,25.0,False
83344-4LM-60,33.0,False
83344-4LM-70,30.0,False
83344-4LM-75,25.0,False
83344-4LM-80,25.0,False
83344-4LM-85,25.0,False
83344-4LM-90,25.0,False
83344-4MF-60,30.0,False
83344-4MF-70,25.0,False
83344-4MF-75,30.0,False
83344-4MF-80,25.0,False
83344-4MF-85,25.0,False
83344-4MF-90,20.0,False
83344-4OU-60,30.0,False
83344-4OU-70,30.0,False
83344-4OU-75,30.0,False
83344-4OU-80,30.0,False
83344-4OU-85,25.0,False
83344-4OU-90,25.0,False
83344-4OV-60,30.0,False
83344-4OV-70,30.0,False
83344-4OV-75,30.0,False
83344-4OV-80,25.0,False
83344-4OV-85,25.0,False
83344-4OV-90,25.0,False
83345-3SO-60,20.0,False
83345-3SO-70,20.0,False
83345-3SO-75,20.0,False
83345-3SO-80,20.0,False
83345-3SO-85,20.0,False
83345-3SO-90,20.0,False
83345-3UP-60,30.0,False
83345-3UP-70,30.0,False
83345-3UP-75,30.0,False
83345-3UP-80,25.0,False
83345-3UP-85,25.0,False
83345-3UP-90,25.0,False
83345-4RK-60,25.0,False
83345-4RK-70,20.0,False
83345-4RK-75,23.0,False
83345-4RK-80,20.0,False
83345-4RK-85,20.0,False
83345-4RK-90,20.0,False
83347-4LM-50,23.0,False
83347-4LM-60,40.0,False
83347-4LM-70,35.0,False
83347-4LM-75,35.0,False
83347-4LM-80,31.0,False
83347-4LM-85,30.0,False
83347-4LM-90,27.0,False
83347-4MF-50,21.0,False
83347-4MF-60,40.0,False
83347-4MF-70,36.0,False
83347-4OV-75,38.0,False
83348-2EL-75,80.0,False
83348-2EL-80,60.0,False
83348-2EL-85,60.0,False
83348-2EL-90,55.0,False
83348-3UZ-60,80.0,False
83348-3UZ-70,84.0,False
83348-3UZ-75,80.0,False
83348-3UZ-80,60.0,False
83348-3UZ-85,60.0,False
83348-3UZ-90,60.0,False
83348-5AN-60,80.0,False
83348-5AN-70,80.0,False
83348-5AN-75,80.0,False
83348-5AN-80,60.0,False
83348-5AN-85,60.0,False
83348-5AN-90,60.0,False
83349-3OP-50,11.0,False
83349-3OP-60,30.0,False
83349-3OP-70,60.0,False
83349-3OP-75,60.0,False
83349-3OP-80,55.0,False
83349-3OP-85,49.0,False
83349-3OP-90,26.0,False
83354-3OP-60,66.0,False
83354-3OP-70,80.0,False
83354-3OP-75,80.0,False
83354-3OP-80,80.0,False
83354-3OP-85,80.0,False
83354-3OP-90,80.0,False
83358-HI2-70,121.0,False
83361-4NF-60,37.0,False
83361-4NF-70,60.0,False
83361-4NF-75,55.0,False
83361-4NF-80,53.0,False
83361-4NF-85,50.0,False
83361-4NF-90,45.0,False
83361-4NL-60,31.0,False
83361-4NL-70,60.0,False
83361-4NL-75,55.0,False
83361-4NL-80,50.0,False
83361-4NL-85,50.0,False
83361-4NL-90,45.0,False
83369-3KY-50,24.0,False
83369-3KY-60,24.0,False
83369-3KY-70,24.0,False
83369-3KY-75,20.0,False
83369-3KY-80,20.0,False
83369-3KY-85,16.0,False
83369-3KY-90,16.0,False
83369-3LB-50,16.0,False
83369-3LB-60,24.0,False
83369-3LB-70,24.0,False
83369-3LB-75,20.0,False
83369-3LB-80,20.0,False
83369-3LB-85,16.0,False
83369-3LB-90,16.0,False
83369-SR4-90,16.0,False
83378-3LB-100,26.0,False
83378-3LB-110,26.0,False
83378-3LB-120,22.0,False
83378-3LB-130,22.0,False
83378-3LB-140,18.0,False
83378-3LB-150,18.0,False
83378-3LB-85,30.0,False
83378-3LB-90,30.0,False
83378-SR4-100,26.0,False
83378-SR4-110,26.0,False
83378-SR4-120,22.0,False
83378-SR4-130,22.0,False
83378-SR4-140,18.0,False
83378-SR4-150,18.0,False
83378-SR4-85,30.0,False
83378-SR4-90,30.0,False
83384-2KU-140,50.0,False
83384-2KU-150,26.0,False
83384-2KU-160,9.0,False
83389-3TQ-50,16.0,False
83389-3TQ-60,41.0,False
83389-3TQ-70,102.0,False
83389-3TQ-75,95.0,False
83389-3TQ-80,90.0,False
83389-3TQ-85,67.0,False
83389-3TQ-90,36.0,False
83389-4QM-50,16.0,False
83389-4QM-60,21.0,False
83389-4QM-70,102.0,False
83389-4QM-75,95.0,False
83389-4QM-80,90.0,False
83389-4QM-90,36.0,False
83392-3RD-50,72.0,False
83392-3RD-80,54.0,False
83392-3RD-85,51.0,False
83392-3RD-90,45.0,False
83392-3UO-50,60.0,False
83392-3UO-60,60.0,False
83392-3UO-70,60.0,False
83392-3UO-75,55.0,False
83392-3UO-80,47.0,False
83392-3UO-85,48.0,False
83392-3UO-90,45.0,False
83392-3UO-NB,60.0,False
83392-UN1-50,60.0,False
83392-UN1-60,60.0,False
83392-UN1-70,60.0,False
83392-UN1-75,55.0,False
83392-UN1-80,47.0,False
83392-UN1-85,48.0,False
83392-UN1-90,45.0,False
83392-UN1-NB,60.0,False
83394-3JV-80,50.0,False
83394-3JV-85,45.0,False
83394-3JV-90,40.0,False
83397-4KE-50,150.0,False
83397-4KE-60,150.0,False
83397-4KE-70,140.0,False
83397-4KE-75,130.0,False
83397-4KE-80,120.0,False
83397-4KE-85,120.0,False
83397-4MB-50,150.0,False
83397-4MB-60,140.0,False
83397-4MB-70,135.0,False
83397-4MB-75,130.0,False
83397-4MB-80,120.0,False
83397-4MB-85,110.0,False
83398-3SN-50,120.0,False
83398-3SN-60,125.0,False
83398-3SN-70,123.0,False
83398-3SN-75,120.0,False
83398-3SN-80,120.0,False
83398-3SN-85,105.0,False
83398-4LR-50,120.0,False
83398-4LR-60,120.0,False
83398-4LR-70,110.0,False
83398-4LR-75,110.0,False
83398-4LR-80,90.0,False
83398-4LR-85,90.0,False
83400-3SH-50,53.0,False
83400-3SH-60,79.0,False
83400-3SH-70,106.0,False
83400-3SH-75,81.0,False
83400-3SH-80,80.0,False
83400-3SH-85,45.0,False
83402-3SU-50,128.0,False
83402-3SU-60,110.0,False
83402-3SU-70,131.0,False
83402-3SU-75,120.0,False
83402-3SU-80,105.0,False
83402-3SU-85,90.0,False
83402-3SV-50,103.0,False
83402-3SV-60,140.0,False
83402-3SV-70,140.0,False
83402-3SV-75,130.0,False
83402-3SV-80,120.0,False
83402-3SV-85,83.0,False
83402-3SW-50,118.0,False
83402-3SW-60,130.0,False
83402-3SW-70,130.0,False
83402-3SW-75,130.0,False
83402-3SW-80,120.0,False
83402-3SW-85,91.0,False
83403-3PC-50,119.0,False
83403-3PC-60,110.0,False
83403-3PC-70,120.0,False
83403-3PC-75,120.0,False
83403-3PC-80,100.0,False
83403-3PC-85,65.0,False
83403-3PC-NB,47.0,False
83403-3PE-50,136.0,False
83403-3PE-60,110.0,False
83403-3PE-70,120.0,False
83403-3PE-75,110.0,False
83403-3PE-80,100.0,False
83403-3PE-85,72.0,False
83403-3PE-NB,44.0,False
83403-3PL-50,99.0,False
83403-3PL-60,122.0,False
83403-3PL-70,133.0,False
83403-3PL-75,130.0,False
83403-3PL-80,106.0,False
83403-3PL-85,50.0,False
83403-3PL-NB,39.0,False
83403-3PP-80,100.0,False
83403-3PS-85,104.0,False
83403-3PU-85,106.0,False
83403-3RE-50,130.0,False
83403-3RE-60,105.0,False
83403-3RE-70,120.0,False
83403-3RE-75,120.0,False
83403-3RE-80,110.0,False
83403-3RE-85,97.0,False
83403-3RE-NB,69.0,False
83403-4KH-50,115.0,False
83403-4KH-60,110.0,False
83403-4KH-70,120.0,False
83403-4KH-75,120.0,False
83403-4KH-80,109.0,False
83403-4KH-85,60.0,False
83403-4KH-NB,42.0,False
83403-4MT-50,130.0,False
83403-4MT-60,124.0,False
83403-4MT-70,120.0,False
83403-4MT-75,117.0,False
83403-4MT-80,104.0,False
83403-4MT-85,90.0,False
83403-4MT-NB,68.0,False
83403-4MZ-50,125.0,False
83403-4MZ-60,100.0,False
83403-4MZ-70,120.0,False
83403-4MZ-75,120.0,False
83403-4MZ-80,104.0,False
83403-4MZ-85,97.0,False
83403-4MZ-NB,63.0,False
83403-4NE-50,109.0,False
83403-4NE-60,110.0,False
83403-4NE-70,130.0,False
83403-4NE-75,120.0,False
83403-4NE-80,106.0,False
83403-4NE-85,57.0,False
83403-4NE-NB,37.0,False
83403-4NL-50,107.0,False
83403-4NL-60,110.0,False
83403-4NL-70,120.0,False
83403-4NL-75,120.0,False
83403-4NL-80,114.0,False
83403-4NL-85,58.0,False
83403-4NL-NB,42.0,False
83403-5EY-50,110.0,False
83403-5EY-60,100.0,False
83403-5EY-70,120.0,False
83403-5EY-75,120.0,False
83403-5EY-80,108.0,False
83403-5EY-85,91.0,False
83403-5EY-NB,57.0,False
83403-5MK-85,55.0,False
83403-5ML-50,70.0,False
83403-5ML-60,66.0,False
83403-5ML-70,65.0,False
83403-5ML-75,60.0,False
83403-5ML-80,60.0,False
83403-5ML-85,55.0,False
83403-5ML-NB,70.0,False
83403-5MM-80,60.0,False
83403-5MM-85,55.0,False
83403-5MN-85,55.0,False
83403-5RH-80,60.0,False
83403-5RH-85,55.0,False
83404-2ZC-85,100.0,False
83404-2ZC-NB,130.0,False
83404-3QE-50,125.0,False
83404-3QE-85,97.0,False
83404-3QE-NB,63.0,False
83404-3QN-50,132.0,False
83404-3QN-60,120.0,False
83404-3QN-70,101.0,False
83404-3QN-75,100.0,False
83404-3QN-80,100.0,False
83404-3QN-85,73.0,False
83404-3QN-NB,47.0,False
83404-3RC-50,120.0,False
83404-3RC-60,100.0,False
83404-3RC-70,107.0,False
83404-3RC-75,110.0,False
83404-3RC-80,100.0,False
83404-3RC-85,77.0,False
83404-3RC-NB,48.0,False
83404-3SO-85,95.0,False
83404-4QH-50,123.0,False
83404-4QH-60,115.0,False
83404-4QH-70,120.0,False
83404-4QH-75,110.0,False
83404-4QH-80,100.0,False
83404-4QH-85,67.0,False
83404-4QH-NB,44.0,False
83404-4QK-50,120.0,False
83404-4QK-60,120.0,False
83404-4QK-70,109.0,False
83404-4QK-75,105.0,False
83404-4QK-80,100.0,False
83404-4QK-85,77.0,False
83404-4QK-NB,50.0,False
83405-3SO-NB,47.0,False
83405-4NE-NB,66.0,False
83405-4QH-NB,48.0,False
83409-3VK-S,70.0,False
83409-3VK-XS,77.0,False
83409-3VK-XXS,76.0,False
83409-3VL-S,70.0,False
83409-3VL-XS,77.0,False
83409-3VL-XXS,76.0,False
83409-3VM-S,70.0,False
83409-3VM-XS,77.0,False
83409-3VM-XXS,76.0,False
83435-4QW-100,70.0,False
83435-4QW-110,71.0,False
83435-4QW-120,65.0,False
83435-4QW-130,62.0,False
83435-4QW-140,66.0,False
83435-4QW-150,40.0,False
83435-4QW-85,78.0,False
83435-4QW-90,75.0,False
83435-4QX-100,70.0,False
83435-4QX-110,70.0,False
83435-4QX-120,69.0,False
83435-4QX-130,65.0,False
83435-4QX-140,60.0,False
83435-4QX-150,41.0,False
83435-4QX-85,75.0,False
83435-4QX-90,77.0,False
83435-4QY-100,70.0,False
83435-4QY-110,70.0,False
83435-4QY-120,71.0,False
83435-4QY-130,71.0,False
83435-4QY-140,60.0,False
83435-4QY-150,40.0,False
83435-4QY-85,80.0,False
83435-4QY-90,70.0,False
83436-4QS-100,90.0,False
83436-4QS-110,80.0,False
83436-4QS-120,70.0,False
83436-4QS-130,60.0,False
83436-4QS-140,50.0,False
83436-4QS-150,50.0,False
83436-4QS-85,85.0,False
83436-4QS-90,100.0,False
83436-4RQ-100,90.0,False
83436-4RQ-110,80.0,False
83436-4RQ-120,70.0,False
83436-4RQ-130,60.0,False
83436-4RQ-140,59.0,False
83436-4RQ-150,50.0,False
83436-4RQ-85,100.0,False
83436-4RQ-90,100.0,False
83436-4RS-100,90.0,False
83436-4RS-110,80.0,False
83436-4RS-120,70.0,False
83436-4RS-130,60.0,False
83436-4RS-140,50.0,False
83436-4RS-150,50.0,False
83436-4RS-85,100.0,False
83436-4RS-90,100.0,False
83436-4RT-100,90.0,False
83436-4RT-110,80.0,False
83436-4RT-120,70.0,False
83436-4RT-130,60.0,False
83436-4RT-140,50.0,False
83436-4RT-150,50.0,False
83436-4RT-85,100.0,False
83436-4RT-90,100.0,False
83436-4RV-100,96.0,False
83436-4RV-110,80.0,False
83436-4RV-120,70.0,False
83436-4RV-130,60.0,False
83436-4RV-140,50.0,False
83436-4RV-150,37.0,False
83436-4RV-85,109.0,False
83436-4RV-90,100.0,False
83436-4RW-100,90.0,False
83436-4RW-110,80.0,False
83436-4RW-120,70.0,False
83436-4RW-130,60.0,False
83436-4RW-140,50.0,False
83436-4RW-150,50.0,False
83436-4RW-85,87.0,False
83436-4RW-90,100.0,False
83436-4RX-100,90.0,False
83436-4RX-110,80.0,False
83436-4RX-120,70.0,False
83436-4RX-130,60.0,False
83436-4RX-140,52.0,False
83436-4RX-150,50.0,False
83436-4RX-85,100.0,False
83436-4RX-90,100.0,False
83436-4RY-100,90.0,False
83436-4RY-110,85.0,False
83436-4RY-120,70.0,False
83436-4RY-130,60.0,False
83436-4RY-140,50.0,False
83436-4RY-150,50.0,False
83436-4RY-85,90.0,False
83436-4RY-90,100.0,False
83436-4RZ-100,90.0,False
83436-4RZ-110,80.0,False
83436-4RZ-120,73.0,False
83436-4RZ-130,60.0,False
83436-4RZ-140,50.0,False
83436-4RZ-150,50.0,False
83436-4RZ-85,100.0,False
83436-4RZ-90,100.0,False
83436-4SD-100,90.0,False
83436-4SD-110,80.0,False
83436-4SD-120,70.0,False
83436-4SD-130,61.0,False
83436-4SD-140,50.0,False
83436-4SD-150,50.0,False
83436-4SD-85,93.0,False
83436-4SD-90,100.0,False
83436-920-100,90.0,False
83436-920-110,89.0,False
83436-920-120,70.0,False
83436-920-130,60.0,False
83436-920-140,50.0,False
83436-920-150,50.0,False
83436-920-85,99.0,False
83436-920-90,100.0,False
83437-PG5-100,108.0,False
83437-PG5-110,116.0,False
83437-PG5-85,32.0,False
83437-PG5-90,109.0,False
83440-3MU-50,62.0,False
83440-3MU-60,62.0,False
83440-3MU-70,130.0,False
83440-3MU-75,124.0,False
83440-3MU-80,124.0,False
83440-3MU-85,119.0,False
83440-3MU-90,114.0,False
83441-3AC-50,57.0,False
83441-3AC-60,77.0,False
83441-3AC-70,100.0,False
83441-3AC-75,112.0,False
83441-3AC-80,119.0,False
83441-3AC-85,115.0,False
83441-3AC-90,104.0,False
83441-3BC-50,66.0,False
83441-3BC-60,87.0,False
83441-3BC-70,130.0,False
83441-3BC-75,128.0,False
83441-3BC-80,132.0,False
83441-3BC-85,120.0,False
83441-3BC-90,100.0,False
83441-3MX-50,46.0,False
83441-3MX-60,46.0,False
83441-3MX-70,103.0,False
83441-3MX-75,95.0,False
83441-3MX-80,120.0,False
83441-3MX-85,95.0,False
83441-3MX-90,105.0,False
83441-3NC-50,70.0,False
83441-3NC-60,84.0,False
83441-3NC-70,135.0,False
83441-3NC-75,146.0,False
83441-3NC-80,129.0,False
83441-3NC-85,120.0,False
83441-3NC-90,110.0,False
83441-4RM-50,53.0,False
83441-4RM-60,52.0,False
83441-4RM-70,86.0,False
83441-4RM-75,84.0,False
83441-4RM-80,91.0,False
83441-4RM-85,92.0,False
83445-2OZ-L,63.0,False
83445-2OZ-M,96.0,False
83445-2OZ-S,75.0,False
83445-2OZ-XL,31.0,False
83445-2OZ-XS,27.0,False
83445-2OZ-XXL,18.0,False
83446-2OZ-L,63.0,False
83446-2OZ-M,96.0,False
83446-2OZ-S,75.0,False
83446-2OZ-XL,31.0,False
83446-2OZ-XS,27.0,False
83446-2OZ-XXL,18.0,False
83458-4VU-50,8.0,False
83458-4VV-50,9.0,False
83460-4WB-M/L,111.0,False
83460-4WB-XL,65.0,False
83460-4WB-XS/S,62.0,False
83460-4WC-M/L,103.0,False
83460-4WC-XL,68.0,False
83460-4WC-XS/S,63.0,False
83461-4VO-10/12,85.0,False
83461-4VO-12/1Y,63.0,False
83461-4VO-1Y/3Y,76.0,False
83461-4VO-3Y/5Y,66.0,False
83461-4VO-5/7,69.0,False
83461-4VO-7/9,82.0,False
83461-4VP-10/12,86.0,False
83461-4VP-12/1Y,64.0,False
83461-4VP-1Y/3Y,76.0,False
83461-4VP-3Y/5Y,57.0,False
83461-4VP-5/7,70.0,False
83461-4VP-7/9,100.0,False
83461-4VQ-10/12,86.0,False
83461-4VQ-12/1Y,64.0,False
83461-4VQ-1Y/3Y,75.0,False
83461-4VQ-3Y/5Y,57.0,False
83461-4VQ-5/7,86.0,False
83461-4VQ-7/9,94.0,False
83461-4WB-10/12,86.0,False
83461-4WB-12/1Y,64.0,False
83461-4WB-1Y/3Y,77.0,False
83461-4WB-3Y/5Y,66.0,False
83461-4WB-5/7,82.0,False
83461-4WB-7/9,87.0,False
83461-4WC-10/12,85.0,False
83461-4WC-12/1Y,64.0,False
83461-4WC-1Y/3Y,75.0,False
83461-4WC-3Y/5Y,64.0,False
83461-4WC-5/7,75.0,False
83461-4WC-7/9,86.0,False
83462-4VO-L,45.0,False
83462-4VO-M,50.0,False
83462-4VO-S,50.0,False
83462-4VO-XL,45.0,False
83462-4VO-XS,50.0,False
83462-4VO-XXL,43.0,False
83462-4VO-XXS,30.0,False
83462-4VP-L,45.0,False
83462-4VP-M,50.0,False
83462-4VP-S,52.0,False
83462-4VP-XL,45.0,False
83462-4VP-XS,50.0,False
83462-4VP-XXL,34.0,False
83462-4VP-XXS,22.0,False
83462-4VQ-L,45.0,False
83462-4VQ-M,50.0,False
83462-4VQ-S,50.0,False
83462-4VQ-XL,45.0,False
83462-4VQ-XS,52.0,False
83462-4VQ-XXL,28.0,False
83462-4VQ-XXS,19.0,False
83464-4VP-XXS,11.0,False
83464-4VQ-XXS,9.0,False
83466-4VO-50,113.0,False
83466-4VO-60,132.0,False
83466-4VO-70,118.0,False
83466-4VO-75,110.0,False
83466-4VO-80,144.0,False
83466-4VO-85,102.0,False
83466-4VP-50,67.0,False
83466-4VP-60,81.0,False
83466-4VP-70,130.0,False
83466-4VP-75,115.0,False
83466-4VP-80,110.0,False
83466-4VP-85,54.0,False
83466-4VQ-50,83.0,False
83466-4VQ-60,99.0,False
83466-4VQ-70,137.0,False
83466-4VQ-75,134.0,False
83466-4VQ-80,57.0,False
83466-4VQ-85,57.0,False
83467-3SP-100,80.0,False
83467-3SP-110,80.0,False
83467-3SP-120,62.0,False
83467-3SP-130,60.0,False
83467-3SP-140,50.0,False
83467-3SP-150,50.0,False
83467-3SP-85,95.0,False
83467-3SP-90,90.0,False
83468-3TY-100,70.0,False
83468-3TY-110,60.0,False
83468-3TY-120,50.0,False
83468-3TY-130,50.0,False
83468-3TY-140,45.0,False
83468-3TY-150,40.0,False
83468-3TY-160,30.0,False
83468-3TY-85,90.0,False
83468-3TY-90,80.0,False
83469-1OW-100,60.0,False
83469-1OW-110,51.0,False
83469-1OW-140,40.0,False
83469-1OW-150,30.0,False
83469-1OW-85,54.0,False
83469-1OW-90,70.0,False
83469-1SY-100,60.0,False
83469-1SY-110,50.0,False
83469-1SY-120,50.0,False
83469-1SY-130,40.0,False
83469-1SY-140,40.0,False
83469-1SY-150,37.0,False
83469-1SY-85,80.0,False
83469-1SY-90,70.0,False
83470-3TX-100,60.0,False
83470-3TX-110,60.0,False
83470-3TX-120,50.0,False
83470-3TX-140,45.0,False
83470-3TX-150,40.0,False
83470-3TX-160,40.0,False
83470-3TX-85,90.0,False
83470-3TX-90,75.0,False
83471-3TX-160,36.0,False
83472-2AC-L,14.0,False
83472-2AC-M,16.0,False
83472-2AC-S,16.0,False
83472-2AC-XL,15.0,False
83472-2AC-XS,16.0,False
83472-2AC-XXL,12.0,False
83472-2AC-XXS,16.0,False
83489-4LM-110,30.0,False
83489-4LM-120,27.0,False
83489-4LM-130,24.0,False
83489-4LM-140,21.0,False
83489-4LM-150,18.0,False
83489-4LM-160,18.0,False
83489-4LM-75,35.0,False
83489-4LM-80,36.0,False
83489-4LM-85,36.0,False
83489-4LM-90,36.0,False
83489-4LU-100,36.0,False
83489-4LU-110,30.0,False
83489-4LU-120,30.0,False
83489-4LU-130,24.0,False
83489-4LU-140,21.0,False
83489-4LU-150,18.0,False
83489-4LU-160,19.0,False
83489-4LU-75,36.0,False
83489-4LU-80,36.0,False
83489-4LU-85,36.0,False
83489-4LU-90,36.0,False
83489-4OU-100,36.0,False
83489-4OU-110,30.0,False
83489-4OU-120,27.0,False
83489-4OU-130,24.0,False
83489-4OU-140,21.0,False
83489-4OU-150,18.0,False
83489-4OU-160,18.0,False
83489-4OU-75,30.0,False
83489-4OU-80,36.0,False
83489-4OU-85,36.0,False
83489-4OU-90,40.0,False
83489-4OV-100,36.0,False
83489-4OV-110,30.0,False
83489-4OV-120,27.0,False
83489-4OV-130,24.0,False
83489-4OV-140,21.0,False
83489-4OV-150,18.0,False
83489-4OV-160,18.0,False
83489-4OV-75,30.0,False
83489-4OV-80,36.0,False
83489-4OV-85,36.0,False
83489-4OV-90,40.0,False
83490-4KP-100,60.0,False
83490-4KP-110,50.0,False
83490-4KP-120,50.0,False
83490-4KP-130,45.0,False
83490-4KP-140,45.0,False
83490-4KP-150,40.0,False
83490-4KP-160,40.0,False
83490-4KP-75,43.0,False
83490-4KP-80,66.0,False
83490-4KP-85,70.0,False
83490-4KP-90,60.0,False
83490-4KV-100,36.0,False
83490-4KV-110,30.0,False
83490-4KV-120,27.0,False
83490-4KV-130,24.0,False
83490-4KV-140,21.0,False
83490-4KV-150,18.0,False
83490-4KV-160,18.0,False
83490-4KV-75,36.0,False
83490-4KV-80,36.0,False
83490-4KV-85,36.0,False
83490-4KV-90,36.0,False
83490-4LD-100,60.0,False
83490-4LD-110,60.0,False
83490-4LD-120,55.0,False
83490-4LD-130,50.0,False
83490-4LD-140,40.0,False
83490-4LD-150,40.0,False
83490-4LD-160,30.0,False
83490-4LD-75,46.0,False
83490-4LD-80,64.0,False
83490-4LD-85,80.0,False
83490-4LD-90,70.0,False
83490-4LV-100,60.0,False
83490-4LV-110,50.0,False
83490-4LV-120,54.0,False
83490-4LV-130,50.0,False
83490-4LV-140,45.0,False
83490-4LV-150,40.0,False
83490-4LV-160,40.0,False
83490-4LV-75,36.0,False
83490-4LV-80,47.0,False
83490-4LV-85,70.0,False
83490-4LV-90,67.0,False
83490-4LY-100,36.0,False
83490-4LY-110,33.0,False
83490-4LY-120,27.0,False
83490-4LY-130,25.0,False
83490-4LY-140,21.0,False
83490-4LY-150,18.0,False
83490-4LY-160,19.0,False
83490-4LY-75,37.0,False
83490-4LY-80,36.0,False
83490-4LY-85,36.0,False
83490-4LY-90,36.0,False
83491-4KR-100,30.0,False
83491-4KR-110,30.0,False
83491-4KR-120,24.0,False
83491-4KR-130,24.0,False
83491-4KR-140,20.0,False
83491-4KR-150,18.0,False
83491-4KR-160,18.0,False
83491-4KR-75,41.0,False
83491-4KR-80,40.0,False
83491-4KR-85,36.0,False
83491-4KR-90,36.0,False
83491-4KU-100,30.0,False
83491-4KU-110,30.0,False
83491-4KU-120,24.0,False
83491-4KU-130,24.0,False
83491-4KU-140,20.0,False
83491-4KU-150,18.0,False
83491-4KU-160,18.0,False
83491-4KU-75,42.0,False
83491-4KU-80,40.0,False
83491-4KU-85,36.0,False
83491-4KU-90,36.0,False
83491-4KY-100,30.0,False
83491-4KY-110,30.0,False
83491-4KY-120,24.0,False
83491-4KY-130,24.0,False
83491-4KY-140,20.0,False
83491-4KY-150,18.0,False
83491-4KY-160,18.0,False
83491-4KY-75,41.0,False
83491-4KY-80,40.0,False
83491-4KY-85,36.0,False
83491-4KY-90,36.0,False
83491-4L4-100,30.0,False
83491-4L4-110,30.0,False
83491-4L4-120,24.0,False
83491-4L4-130,24.0,False
83491-4L4-140,20.0,False
83491-4L4-150,21.0,False
83491-4L4-160,18.0,False
83491-4L4-75,35.0,False
83491-4L4-80,40.0,False
83491-4L4-85,36.0,False
83491-4L4-90,36.0,False
83491-4LJ-100,30.0,False
83491-4LJ-110,30.0,False
83491-4LJ-120,24.0,False
83491-4LJ-130,24.0,False
83491-4LJ-140,20.0,False
83491-4LJ-150,20.0,False
83491-4LJ-160,18.0,False
83491-4LJ-75,45.0,False
83491-4LJ-80,40.0,False
83491-4LJ-85,40.0,False
83491-4LJ-90,36.0,False
83491-4LP-100,60.0,False
83491-4LP-110,60.0,False
83491-4LP-120,50.0,False
83491-4LP-130,50.0,False
83491-4LP-140,40.0,False
83491-4LP-150,40.0,False
83491-4LP-160,30.0,False
83491-4LP-75,44.0,False
83491-4LP-80,68.0,False
83491-4LP-85,90.0,False
83491-4LP-90,70.0,False
83491-4LQ-100,60.0,False
83491-4LQ-110,60.0,False
83491-4LQ-120,50.0,False
83491-4LQ-130,50.0,False
83491-4LQ-140,40.0,False
83491-4LQ-150,42.0,False
83491-4LQ-160,30.0,False
83491-4LQ-75,53.0,False
83491-4LQ-80,72.0,False
83491-4LQ-85,90.0,False
83491-4LQ-90,70.0,False
83491-4M4-100,60.0,False
83491-4M4-110,60.0,False
83491-4M4-120,50.0,False
83491-4M4-130,50.0,False
83491-4M4-140,40.0,False
83491-4M4-150,40.0,False
83491-4M4-160,40.0,False
83491-4M4-75,34.0,False
83491-4M4-80,49.0,False
83491-4M4-85,90.0,False
83491-4M4-90,70.0,False
83491-4MJ-100,30.0,False
83491-4MJ-110,30.0,False
83491-4MJ-120,24.0,False
83491-4MJ-130,27.0,False
83491-4MJ-140,20.0,False
83491-4MJ-150,20.0,False
83491-4MJ-160,18.0,False
83491-4MJ-75,40.0,False
83491-4MJ-80,41.0,False
83491-4MJ-85,36.0,False
83491-4MJ-90,36.0,False
83491-4NZ-100,60.0,False
83491-4NZ-110,63.0,False
83491-4NZ-120,50.0,False
83491-4NZ-130,48.0,False
83491-4NZ-140,40.0,False
83491-4NZ-150,29.0,False
83491-4NZ-160,29.0,False
83491-4NZ-75,12.0,False
83491-4NZ-80,24.0,False
83491-4NZ-85,78.0,False
83491-4NZ-90,73.0,False
83492-4KR-140,30.0,False
83492-4KR-150,30.0,False
83492-4KR-160,28.0,False
83492-4KU-130,32.0,False
83492-4KU-140,30.0,False
83492-4KU-150,30.0,False
83492-4KU-160,28.0,False
83492-4KY-130,32.0,False
83492-4KY-140,30.0,False
83492-4KY-150,30.0,False
83492-4KY-160,28.0,False
83492-4L4-130,35.0,False
83492-4L4-140,30.0,False
83492-4L4-150,30.0,False
83492-4L4-160,28.0,False
83492-4LJ-130,33.0,False
83492-4LJ-140,30.0,False
83492-4LJ-150,32.0,False
83492-4LJ-160,28.0,False
83492-4LP-120,80.0,False
83492-4LP-130,70.0,False
83492-4LP-140,60.0,False
83492-4LP-150,60.0,False
83492-4LP-160,50.0,False
83492-4LQ-130,70.0,False
83492-4LQ-140,60.0,False
83492-4LQ-150,60.0,False
83492-4LQ-160,50.0,False
83492-4M4-130,70.0,False
83492-4M4-140,73.0,False
83492-4M4-150,60.0,False
83492-4M4-160,53.0,False
83492-4MJ-120,36.0,False
83492-4MJ-130,32.0,False
83492-4MJ-140,30.0,False
83492-4MJ-150,30.0,False
83492-4MJ-160,28.0,False
83492-4NZ-100,100.0,False
83492-4NZ-110,84.0,False
83492-4NZ-120,84.0,False
83492-4NZ-130,71.0,False
83492-4NZ-140,28.0,False
83492-4NZ-150,30.0,False
83492-4NZ-160,22.0,False
83492-4NZ-85,87.0,False
83492-4NZ-90,110.0,False
83493-21L-150,18.0,False
83493-21L-160,18.0,False
83494-VK8-130,24.0,False
83494-VK8-140,23.0,False
83494-VK8-150,19.0,False
83494-VK8-160,18.0,False
83495-4LM-100,48.0,False
83495-4LM-110,45.0,False
83495-4LM-120,36.0,False
83495-4LM-130,36.0,False
83495-4LM-140,30.0,False
83495-4LM-150,27.0,False
83495-4LM-160,21.0,False
83495-4LM-85,43.0,False
83495-4LM-90,48.0,False
83495-4LU-100,48.0,False
83495-4LU-110,45.0,False
83495-4LU-120,36.0,False
83495-4LU-130,36.0,False
83495-4LU-140,30.0,False
83495-4LU-150,27.0,False
83495-4LU-160,21.0,False
83495-4LU-85,48.0,False
83495-4LU-90,48.0,False
83495-4OU-100,48.0,False
83495-4OU-110,45.0,False
83495-4OU-120,36.0,False
83495-4OU-130,36.0,False
83495-4OU-140,30.0,False
83495-4OU-150,27.0,False
83495-4OU-160,23.0,False
83495-4OU-85,38.0,False
83495-4OU-90,48.0,False
83495-4OV-100,48.0,False
83495-4OV-110,45.0,False
83495-4OV-120,36.0,False
83495-4OV-130,36.0,False
83495-4OV-140,30.0,False
83495-4OV-150,27.0,False
83495-4OV-160,23.0,False
83495-4OV-85,38.0,False
83495-4OV-90,48.0,False
83501-3OB-100,65.0,False
83501-3OB-110,60.0,False
83501-3OB-120,50.0,False
83501-3OB-130,45.0,False
83501-3OB-140,40.0,False
83501-3OB-150,40.0,False
83501-3OB-85,57.0,False
83501-3OB-90,70.0,False
83502-3NY-100,70.0,False
83502-3NY-110,60.0,False
83502-3NY-120,66.0,False
83502-3NY-130,56.0,False
83502-3NY-140,45.0,False
83502-3NY-150,40.0,False
83502-3NY-85,84.0,False
83502-3NY-90,77.0,False
83502-3UN-130,50.0,False
83502-3UN-140,45.0,False
83502-3UN-85,66.0,False
83502-3UN-90,80.0,False
83502-4RU-100,67.0,False
83502-4RU-110,61.0,False
83502-4RU-120,50.0,False
83502-4RU-130,45.0,False
83502-4RU-140,50.0,False
83502-4RU-150,45.0,False
83502-4RU-85,70.0,False
83502-4RU-90,82.0,False
83502-4SG-100,67.0,False
83502-4SG-110,62.0,False
83502-4SG-120,60.0,False
83502-4SG-130,45.0,False
83502-4SG-140,50.0,False
83502-4SG-150,46.0,False
83502-4SG-85,96.0,False
83502-4SG-90,76.0,False
83503-3KT-100,50.0,False
83503-3KT-110,50.0,False
83503-3KT-120,45.0,False
83503-3KT-130,45.0,False
83503-3KT-140,45.0,False
83503-3KT-150,45.0,False
83503-3KT-85,53.0,False
83503-3KT-90,50.0,False
83503-3KW-100,52.0,False
83503-3KW-110,57.0,False
83503-3KW-120,45.0,False
83503-3KW-150,40.0,False
83503-3KW-85,50.0,False
83503-3KW-90,50.0,False
83505-3UH-100,70.0,False
83505-3UH-110,70.0,False
83505-3UH-120,60.0,False
83505-3UH-130,50.0,False
83505-3UH-140,50.0,False
83505-3UH-150,49.0,False
83505-3UH-85,90.0,False
83505-3UH-90,90.0,False
83505-3UJ-100,70.0,False
83505-3UJ-110,70.0,False
83505-3UJ-120,60.0,False
83505-3UJ-130,50.0,False
83505-3UJ-140,50.0,False
83505-3UJ-150,40.0,False
83505-3UJ-85,60.0,False
83505-3UJ-90,90.0,False
83505-3UM-100,70.0,False
83505-3UM-110,70.0,False
83505-3UM-120,50.0,False
83505-3UM-130,50.0,False
83505-3UM-140,47.0,False
83505-3UM-150,46.0,False
83505-3UM-85,90.0,False
83505-3UM-90,85.0,False
83506-015-100,86.0,False
83506-015-110,90.0,False
83506-015-120,80.0,False
83506-015-130,47.0,False
83506-015-140,16.0,False
83506-015-150,6.0,False
83506-015-85,21.0,False
83506-015-90,54.0,False
83506-1WO-100,100.0,False
83506-1WO-110,90.0,False
83506-1WO-120,80.0,False
83506-1WO-130,70.0,False
83506-1WO-140,28.0,False
83506-1WO-150,10.0,False
83506-1WO-85,40.0,False
83506-1WO-90,96.0,False
83506-3KM-100,100.0,False
83506-3KM-110,90.0,False
83506-3KM-120,80.0,False
83506-3KM-130,70.0,False
83506-3KM-140,39.0,False
83506-3KM-150,13.0,False
83506-3KM-85,54.0,False
83506-3KM-90,110.0,False
83506-76X-100,99.0,False
83506-76X-110,90.0,False
83506-76X-120,80.0,False
83506-76X-130,54.0,False
83506-76X-140,18.0,False
83506-76X-150,7.0,False
83506-76X-85,25.0,False
83506-76X-90,62.0,False
83507-3OX-100,109.0,False
83507-3OX-110,120.0,False
83507-3OX-120,110.0,False
83507-3OX-130,100.0,False
83507-3OX-140,90.0,False
83507-3OX-150,81.0,False
83507-3OX-85,47.0,False
83507-3OX-90,101.0,False
83507-4QP-100,130.0,False
83507-4QP-110,120.0,False
83507-4QP-120,110.0,False
83507-4QP-130,100.0,False
83507-4QP-140,90.0,False
83507-4QP-150,80.0,False
83507-4QP-85,76.0,False
83507-4QP-90,140.0,False
83507-CB8-100,132.0,False
83507-CB8-110,120.0,False
83507-CB8-120,110.0,False
83507-CB8-130,100.0,False
83507-CB8-140,90.0,False
83507-CB8-150,80.0,False
83507-CB8-85,57.0,False
83507-CB8-90,122.0,False
83508-4MM-100,35.0,False
83508-4MM-110,35.0,False
83508-4MM-120,30.0,False
83508-4MM-130,30.0,False
83508-4MM-140,30.0,False
83508-4MM-150,18.0,False
83508-4MM-85,26.0,False
83508-4MM-90,35.0,False
83508-4MT-100,37.0,False
83508-4MT-110,35.0,False
83508-4MT-120,30.0,False
83508-4MT-130,30.0,False
83508-4MT-140,29.0,False
83508-4MT-150,18.0,False
83508-4MT-85,25.0,False
83508-4MT-90,35.0,False
83509-SR4-140,23.0,False
83509-SR4-150,20.0,False
83510-4MT-100,60.0,False
83510-4MT-110,60.0,False
83510-4MT-120,50.0,False
83510-4MT-130,50.0,False
83510-4MT-140,45.0,False
83510-4MT-150,43.0,False
83510-4MT-85,28.0,False
83510-4MT-90,58.0,False
83510-4MZ-150,41.0,False
83510-4OH-150,31.0,False
83511-3OC-100,80.0,False
83511-3OC-110,70.0,False
83511-3OC-120,60.0,False
83511-3OC-130,50.0,False
83511-3OC-140,45.0,False
83511-3OC-150,40.0,False
83511-3OC-85,71.0,False
83511-3OC-90,90.0,False
83511-4RB-100,81.0,False
83511-4RB-110,70.0,False
83511-4RB-120,60.0,False
83511-4RB-130,50.0,False
83511-4RB-140,45.0,False
83511-4RB-150,40.0,False
83511-4RB-85,70.0,False
83511-4RB-90,90.0,False
83511-4RD-100,80.0,False
83511-4RD-110,70.0,False
83511-4RD-120,60.0,False
83511-4RD-130,50.0,False
83511-4RD-140,45.0,False
83511-4RD-150,40.0,False
83511-4RD-85,75.0,False
83511-4RD-90,90.0,False
83511-4RE-100,80.0,False
83511-4RE-110,70.0,False
83511-4RE-120,60.0,False
83511-4RE-130,50.0,False
83511-4RE-140,51.0,False
83511-4RE-150,40.0,False
83511-4RE-85,79.0,False
83511-4RE-90,90.0,False
83513-4MM-60,142.0,False
83513-4MM-65,125.0,False
83513-4MT-60,140.0,False
83513-4MT-65,140.0,False
83513-4MZ-50,143.0,False
83513-4MZ-60,123.0,False
83513-4MZ-65,109.0,False
83514-3UB-50,35.0,False
83514-3UB-60,45.0,False
83514-3UB-70,45.0,False
83514-3UB-75,37.0,False
83514-3UB-80,35.0,False
83514-3UB-85,32.0,False
83514-3UB-90,30.0,False
83514-4MD-50,35.0,False
83514-4MD-60,50.0,False
83514-4MD-70,45.0,False
83514-4MD-75,40.0,False
83514-4MD-80,36.0,False
83514-4MD-85,32.0,False
83514-4MD-90,35.0,False
83515-4OH-60,44.0,False
83515-4OH-70,102.0,False
83515-4OH-75,100.0,False
83515-4OH-80,92.0,False
83515-4OH-85,87.0,False
83515-4OH-90,71.0,False
83517-3SU-50,130.0,False
83517-3SU-60,121.0,False
83517-3SU-NB,71.0,False
83517-3SX-50,120.0,False
83517-3SX-60,130.0,False
83517-3SX-70,111.0,False
83517-3SX-75,110.0,False
83517-3SX-NB,48.0,False
83519-4MT-50,17.0,False
83519-4MT-60,45.0,False
83519-4MT-70,80.0,False
83519-4MT-75,80.0,False
83519-4MT-80,80.0,False
83519-4MT-85,74.0,False
83519-4MT-90,41.0,False
83519-4OH-50,17.0,False
83520-3PL-50,22.0,False
83520-3PL-60,80.0,False
83520-3PL-70,100.0,False
83520-3PL-75,90.0,False
83520-3PL-80,80.0,False
83520-3PL-85,70.0,False
83520-3PL-90,60.0,False
83520-3SS-50,20.0,False
83520-3SS-60,72.0,False
83520-3SS-70,100.0,False
83520-3SS-75,90.0,False
83520-3SS-80,80.0,False
83520-3SS-85,70.0,False
83520-3SS-90,60.0,False
83520-3ST-50,22.0,False
83520-3ST-60,78.0,False
83520-3ST-70,100.0,False
83520-3ST-75,90.0,False
83520-3ST-80,80.0,False
83520-3ST-85,70.0,False
83520-3ST-90,60.0,False
83521-3TR-50,10.0,False
83521-3TR-60,27.0,False
83521-3TR-70,64.0,False
83521-3TR-75,80.0,False
83521-3TR-80,66.0,False
83521-3TR-85,40.0,False
83521-3TR-90,21.0,False
83521-3TS-50,10.0,False
83521-3TS-60,27.0,False
83521-3TS-70,62.0,False
83521-3TS-75,80.0,False
83521-3TS-80,65.0,False
83521-3TS-85,41.0,False
83521-3TS-90,20.0,False
83522-4NL-70,27.0,False
83523-1WO-50,22.0,False
83523-1WO-60,58.0,False
83523-1WO-70,116.0,False
83523-1WO-75,200.0,False
83523-1WO-80,180.0,False
83523-1WO-85,146.0,False
83523-1WO-90,90.0,False
83523-3LA-50,16.0,False
83523-3LA-60,43.0,False
83523-3LA-70,90.0,False
83523-3LA-75,156.0,False
83523-3LA-80,173.0,False
83523-3LA-85,111.0,False
83523-3LA-90,67.0,False
83523-3MK-50,18.0,False
83523-3MK-60,48.0,False
83523-3MK-70,103.0,False
83523-3MK-75,175.0,False
83523-3MK-80,197.0,False
83523-3MK-85,127.0,False
83523-3MK-90,77.0,False
83523-4SB-50,22.0,False
83523-4SB-60,58.0,False
83523-4SB-70,116.0,False
83523-4SB-75,200.0,False
83523-4SB-80,180.0,False
83523-4SB-85,146.0,False
83523-4SB-90,90.0,False
83524-3OX-50,80.0,False
83524-3OX-60,80.0,False
83524-3OX-70,65.0,False
83524-3OX-75,65.0,False
83524-3OX-80,62.0,False
83524-3OX-85,60.0,False
83524-3OX-90,56.0,False
83524-3QW-60,75.0,False
83524-3QW-70,70.0,False
83524-3QW-75,60.0,False
83524-3QW-80,60.0,False
83524-3QW-85,55.0,False
83524-3QW-90,53.0,False
83524-4QH-50,75.0,False
83524-4QH-60,79.0,False
83524-4QH-70,75.0,False
83524-4QH-75,77.0,False
83524-4QH-80,65.0,False
83524-4QH-85,54.0,False
83524-4QH-90,50.0,False
83525-3OP-60,60.0,False
83525-3OP-70,60.0,False
83525-3OP-75,60.0,False
83525-3OP-80,60.0,False
83525-3OP-85,60.0,False
83525-3OP-90,60.0,False
83526-4SB-70,65.0,False
83526-4SB-75,60.0,False
83528-3UR-60,40.0,False
83528-3UR-70,68.0,False
83528-3UR-75,121.0,False
83528-3UR-80,110.0,False
83528-3UR-85,93.0,False
83528-3UR-90,54.0,False
83528-3US-60,41.0,False
83528-3US-70,72.0,False
83528-3US-75,110.0,False
83528-3US-80,110.0,False
83528-3US-85,96.0,False
83528-3US-90,64.0,False
83528-3UT-60,34.0,False
83528-3UT-70,70.0,False
83528-3UT-75,130.0,False
83528-3UT-80,110.0,False
83528-3UT-85,90.0,False
83528-3UT-90,60.0,False
83529-066-50,39.0,False
83529-066-60,55.0,False
83529-066-70,50.0,False
83529-066-75,50.0,False
83529-066-80,50.0,False
83529-066-85,40.0,False
83529-066-90,26.0,False
83530-3PB-60,43.0,False
83530-3PB-70,99.0,False
83530-3PB-75,115.0,False
83530-3PB-80,125.0,False
83530-3PB-85,119.0,False
83530-3PB-90,73.0,False
83530-3PC-60,34.0,False
83530-3PC-70,79.0,False
83530-3PC-75,123.0,False
83530-3PC-80,115.0,False
83530-3PC-85,99.0,False
83530-3PC-90,58.0,False
83530-3PE-60,34.0,False
83530-3PE-70,79.0,False
83530-3PE-75,123.0,False
83530-3PE-80,115.0,False
83530-3PE-85,99.0,False
83530-3PE-90,58.0,False
83531-3PB-60,94.0,False
83531-3PB-70,138.0,False
83531-3PB-75,107.0,False
83531-3PB-80,65.0,False
83531-3PB-85,35.0,False
83531-3PB-90,18.0,False
83531-3PC-60,94.0,False
83531-3PC-70,138.0,False
83531-3PC-75,107.0,False
83531-3PC-80,65.0,False
83531-3PC-85,35.0,False
83531-3PC-90,18.0,False
83531-3PE-50,65.0,False
83531-3PE-60,94.0,False
83531-3PE-70,138.0,False
83531-3PE-75,107.0,False
83531-3PE-80,65.0,False
83531-3PE-85,35.0,False
83531-3PE-90,18.0,False
83532-3TE-60,58.0,False
83532-3TE-70,90.0,False
83532-3TE-75,100.0,False
83532-3TE-80,100.0,False
83532-3TE-85,100.0,False
83532-3TE-90,90.0,False
83532-3TJ-60,51.0,False
83532-3TJ-70,105.0,False
83532-3TJ-75,90.0,False
83532-3TJ-80,90.0,False
83532-3TJ-85,80.0,False
83532-3TJ-90,86.0,False
83532-4KP-60,55.0,False
83532-4KP-70,99.0,False
83532-4KP-75,112.0,False
83532-4KP-80,100.0,False
83532-4KP-85,90.0,False
83532-4KP-90,90.0,False
83532-4KV-60,49.0,False
83532-4KV-70,100.0,False
83532-4KV-75,100.0,False
83532-4KV-80,100.0,False
83532-4KV-85,95.0,False
83532-4KV-90,85.0,False
83534-011-60,53.0,False
83534-011-70,85.0,False
83534-011-75,85.0,False
83534-011-80,80.0,False
83534-011-85,75.0,False
83534-011-90,70.0,False
83534-3UU-60,26.0,False
83534-3UU-70,68.0,False
83534-3UU-75,75.0,False
83534-3UU-80,75.0,False
83534-3UU-85,60.0,False
83534-3UU-90,65.0,False
83534-3UZ-60,40.0,False
83534-3UZ-70,80.0,False
83534-3UZ-75,79.0,False
83534-3UZ-80,75.0,False
83534-3UZ-85,70.0,False
83534-3UZ-90,60.0,False
83534-RT9-60,48.0,False
83534-RT9-70,85.0,False
83534-RT9-75,85.0,False
83534-RT9-80,80.0,False
83534-RT9-85,75.0,False
83534-RT9-90,70.0,False
83535-3UQ-60,47.0,False
83535-3UQ-70,40.0,False
83535-3UQ-75,40.0,False
83535-3UQ-80,40.0,False
83535-3UQ-85,35.0,False
83535-3UQ-90,35.0,False
83535-4KF-60,34.0,False
83535-4KF-70,40.0,False
83535-4KF-75,40.0,False
83535-4KF-80,40.0,False
83535-4KF-85,35.0,False
83535-4KF-90,35.0,False
83535-4KH-60,46.0,False
83535-4KH-70,40.0,False
83535-4KH-75,40.0,False
83535-4KH-80,40.0,False
83535-4KH-85,35.0,False
83535-4KH-90,36.0,False
83536-4OE-50,120.0,False
83536-4OE-60,110.0,False
83536-4OE-70,130.0,False
83536-4OE-75,120.0,False
83536-4OE-80,110.0,False
83536-4OE-85,100.0,False
83536-4OE-NB,109.0,False
83536-4VH-50,130.0,False
83536-4VH-60,112.0,False
83536-4VH-70,130.0,False
83536-4VH-75,130.0,False
83536-4VH-80,120.0,False
83536-4VH-85,100.0,False
83536-4VH-NB,87.0,False
83538-4KY-50,75.0,False
83538-4KY-60,62.0,False
83538-4KY-70,69.0,False
83538-4KY-75,60.0,False
83538-4KY-80,60.0,False
83538-4KY-85,60.0,False
83538-4KY-90,60.0,False
83538-4L4-50,68.0,False
83538-4L4-60,55.0,False
83538-4L4-70,62.0,False
83538-4L4-75,70.0,False
83538-4L4-80,50.0,False
83538-4L4-85,48.0,False
83538-4L4-90,41.0,False
83538-4LJ-50,68.0,False
83538-4LJ-60,55.0,False
83538-4LJ-70,62.0,False
83538-4LJ-75,70.0,False
83538-4LJ-80,50.0,False
83538-4LJ-85,48.0,False
83538-4LJ-90,41.0,False
83538-4M4-50,85.0,False
83538-4M4-60,146.0,False
83538-4M4-70,140.0,False
83538-4M4-75,135.0,False
83538-4M4-80,120.0,False
83538-4M4-85,121.0,False
83538-4M4-90,107.0,False
83539-76X-50,50.0,False
83539-76X-60,45.0,False
83539-76X-70,40.0,False
83539-76X-75,38.0,False
83539-76X-80,35.0,False
83542-4KP-50,110.0,False
83542-4KP-60,120.0,False
83542-4KP-70,110.0,False
83542-4KP-75,110.0,False
83542-4KP-80,90.0,False
83542-4KP-85,93.0,False
83542-4KV-50,60.0,False
83542-4KV-60,60.0,False
83542-4KV-70,55.0,False
83542-4KV-75,55.0,False
83542-4KV-80,54.0,False
83542-4KV-85,45.0,False
83542-4LD-50,120.0,False
83542-4LD-60,120.0,False
83542-4LD-70,110.0,False
83542-4LD-75,110.0,False
83542-4LD-80,90.0,False
83542-4LD-85,80.0,False
83542-4LV-50,120.0,False
83542-4LV-60,120.0,False
83542-4LV-70,110.0,False
83542-4LV-75,110.0,False
83542-4LV-80,90.0,False
83542-4LV-85,90.0,False
83543-3KN-100,80.0,False
83543-3KN-110,70.0,False
83543-3KN-120,60.0,False
83543-3KN-130,58.0,False
83543-3KN-140,50.0,False
83543-3KN-150,45.0,False
83543-3KN-85,47.0,False
83543-3KN-90,90.0,False
83543-3KY-100,80.0,False
83543-3KY-110,70.0,False
83543-3KY-120,60.0,False
83543-3KY-130,55.0,False
83543-3KY-140,52.0,False
83543-3KY-150,45.0,False
83543-3KY-85,60.0,False
83543-3KY-90,90.0,False
83545-3WQ-120,79.0,False
83545-3WQ-130,65.0,False
83545-3WQ-140,58.0,False
83545-3WQ-150,35.0,False
83545-3WQ-160,25.0,False
83545-3WQ-75,18.0,False
83545-3WQ-80,36.0,False
83545-3WR-100,100.0,False
83545-3WR-110,80.0,False
83545-3WR-120,78.0,False
83545-3WR-130,63.0,False
83545-3WR-140,41.0,False
83545-3WR-150,34.0,False
83545-3WR-160,20.0,False
83545-3WR-75,22.0,False
83545-3WR-80,43.0,False
83545-3WR-90,107.0,False
83545-3WS-100,80.0,False
83545-3WS-110,80.0,False
83545-3WS-120,78.0,False
83545-3WS-130,59.0,False
83545-3WS-140,55.0,False
83545-3WS-150,30.0,False
83545-3WS-160,26.0,False
83545-3WS-75,11.0,False
83545-3WS-80,20.0,False
83545-3WS-85,58.0,False
83545-3WS-90,100.0,False
83548-3WQ-100,86.0,False
83548-3WQ-110,71.0,False
83548-3WQ-120,65.0,False
83548-3WQ-130,56.0,False
83548-3WQ-140,34.0,False
83548-3WQ-150,17.0,False
83548-3WQ-85,51.0,False
83548-3WQ-90,80.0,False
83548-3WR-100,84.0,False
83548-3WR-110,77.0,False
83548-3WR-120,62.0,False
83548-3WR-130,45.0,False
83548-3WR-140,17.0,False
83548-3WR-150,10.0,False
83548-3WR-85,38.0,False
83548-3WR-90,89.0,False
83549-2XC-100,83.0,False
83549-2XC-110,80.0,False
83549-2XC-120,80.0,False
83549-2XC-130,76.0,False
83549-2XC-140,57.0,False
83549-2XC-150,41.0,False
83549-2XC-160,31.0,False
83549-2XC-90,48.0,False
83550-2XC-M,25.0,False
83550-2XC-S,27.0,False
83550-2XC-XS,27.0,False
83552-2XO-100,41.0,False
83552-2XO-110,40.0,False
83552-2XO-120,40.0,False
83552-2XO-130,35.0,False
83552-2XO-140,36.0,False
83552-2XO-150,35.0,False
83552-2XO-160,36.0,False
83552-2XO-85,14.0,False
83552-2XO-90,28.0,False
83552-3WB-100,34.0,False
83552-3WB-110,40.0,False
83552-3WB-120,42.0,False
83552-3WB-130,36.0,False
83552-3WB-140,36.0,False
83552-3WB-150,36.0,False
83552-3WB-160,37.0,False
83552-3WB-85,21.0,False
83552-3WB-90,25.0,False
83553-2XO-L,43.0,False
83553-2XO-M,50.0,False
83553-2XO-S,56.0,False
83553-2XO-XS,50.0,False
83553-2XO-XXS,21.0,False
83553-3WB-XS,50.0,False
83553-3WB-XXS,30.0,False
83555-2XO-100,51.0,False
83555-2XO-110,60.0,False
83555-2XO-120,60.0,False
83555-2XO-130,60.0,False
83555-2XO-140,60.0,False
83555-2XO-150,50.0,False
83555-2XO-160,51.0,False
83555-2XO-85,32.0,False
83555-2XO-90,36.0,False
83556-3VZ-L,22.0,False
83556-3VZ-M,25.0,False
83556-3VZ-S,26.0,False
83556-3VZ-XL,20.0,False
83556-3VZ-XS,26.0,False
83556-3VZ-XXL,20.0,False
83556-3VZ-XXS,27.0,False
83556-3W3-L,22.0,False
83556-3W3-M,24.0,False
83556-3W3-S,26.0,False
83556-3W3-XL,20.0,False
83556-3W3-XS,26.0,False
83556-3W3-XXL,20.0,False
83556-3W3-XXS,28.0,False
83557-3WA-120,65.0,False
83557-3WA-130,60.0,False
83557-3WA-140,51.0,False
83558-3VZ-50,72.0,False
83558-3VZ-75,120.0,False
83558-3VZ-80,108.0,False
83558-3VZ-85,80.0,False
83558-3VZ-NB,22.0,False
83558-3W3-50,74.0,False
83558-3W3-70,122.0,False
83558-3W3-75,120.0,False
83558-3W3-80,111.0,False
83558-3W3-85,82.0,False
83558-3W3-NB,22.0,False
83558-3WA-50,83.0,False
83558-3WA-75,120.0,False
83558-3WA-80,100.0,False
83558-3WA-85,90.0,False
83558-3WA-NB,25.0,False
83560-011-L,34.0,False
83560-011-M,36.0,False
83560-011-S,40.0,False
83560-011-XS,43.0,False
83560-011-XXS,15.0,False
83560-1AY-L,36.0,False
83560-1AY-M,37.0,False
83560-1AY-S,39.0,False
83560-1AY-XL,30.0,False
83560-1AY-XS,35.0,False
83560-1AY-XXL,26.0,False
83560-1AY-XXS,15.0,False
83561-3SN-L,25.0,False
83561-3SN-M,26.0,False
83561-3SN-S,29.0,False
83561-3SN-XL,25.0,False
83561-3SN-XS,28.0,False
83561-3SN-XXL,20.0,False
83561-3SN-XXS,18.0,False
83561-4LF-L,14.0,False
83561-4LF-M,14.0,False
83561-4LF-S,15.0,False
83561-4LF-XL,14.0,False
83561-4LF-XS,14.0,False
83561-4LF-XXL,13.0,False
83561-4LF-XXS,14.0,False
83562-3SN-L,25.0,False
83562-3SN-M,26.0,False
83562-3SN-S,26.0,False
83562-3SN-XL,23.0,False
83562-3SN-XS,27.0,False
83562-3SN-XXL,20.0,False
83562-3SN-XXS,22.0,False
83564-3WL-L,45.0,False
83564-3WL-S,53.0,False
83564-3WL-XL,45.0,False
83565-3WL-L,27.0,False
83565-3WL-M,26.0,False
83565-3WL-S,27.0,False
83565-3WL-XL,28.0,False
83565-3WL-XS,26.0,False
83565-3WL-XXL,27.0,False
83565-3WL-XXS,33.0,False
83566-3WL-100,30.0,False
83566-3WL-110,35.0,False
83566-3WL-120,41.0,False
83566-3WL-130,35.0,False
83566-3WL-140,35.0,False
83566-3WL-150,35.0,False
83566-3WL-160,38.0,False
83566-3WL-90,20.0,False
83567-3WK-100,97.0,False
83567-3WK-110,75.0,False
83567-3WK-120,70.0,False
83567-3WK-130,70.0,False
83567-3WK-140,60.0,False
83567-3WK-150,55.0,False
83567-3WK-160,50.0,False
83567-3WK-70,9.0,False
83567-3WK-75,13.0,False
83567-3WK-80,27.0,False
83567-3WK-85,91.0,False
83567-3WK-90,90.0,False
83568-3WK-50,41.0,False
83568-3WK-60,58.0,False
83568-3WK-70,104.0,False
83568-3WK-75,99.0,False
83568-3WK-80,77.0,False
83568-3WK-85,40.0,False
83568-3WK-NB,12.0,False
83569-3WL-120,68.0,False
83569-3WL-130,60.0,False
83569-3WL-140,52.0,False
83570-3WL-50,85.0,False
83570-3WL-60,121.0,False
83570-3WL-70,120.0,False
83570-3WL-75,120.0,False
83570-3WL-80,119.0,False
83570-3WL-85,80.0,False
83570-3WL-NB,26.0,False
83574-3WM-S,26.0,False
83574-3WM-XS,26.0,False
83575-59B-XL,40.0,False
83575-59B-XXL,40.0,False
83575-59B-XXS,14.0,False
83576-59B-L,50.0,False
83576-59B-M,50.0,False
83576-59B-S,50.0,False
83576-59B-XL,50.0,False
83576-59B-XS,55.0,False
83576-59B-XXL,50.0,False
83576-59B-XXS,38.0,False
83577-59B-L,26.0,False
83577-59B-M,26.0,False
83577-59B-S,26.0,False
83577-59B-XL,26.0,False
83577-59B-XS,26.0,False
83577-59B-XXL,23.0,False
83577-59B-XXS,26.0,False
83578-59B-140,40.0,False
83578-59B-150,35.0,False
83578-59B-160,35.0,False
83579-59B-100,80.0,False
83579-59B-110,80.0,False
83579-59B-120,60.0,False
83579-59B-130,61.0,False
83579-59B-140,60.0,False
83579-59B-150,60.0,False
83579-59B-160,60.0,False
83580-59B-100,104.0,False
83580-59B-110,84.0,False
83580-59B-120,81.0,False
83580-59B-150,56.0,False
83580-59B-160,53.0,False
83580-59B-70,19.0,False
83580-59B-75,42.0,False
83580-59B-80,68.0,False
83580-59B-85,114.0,False
83580-59B-90,101.0,False
83581-59B-80,130.0,False
83581-59B-85,111.0,False
83582-3WF-130,58.0,False
83582-3WF-140,42.0,False
83584-3VU-L,45.0,False
83584-3VU-M,50.0,False
83584-3VU-S,50.0,False
83584-3VU-XL,49.0,False
83584-3VU-XS,53.0,False
83584-3VU-XXL,45.0,False
83584-3VU-XXS,31.0,False
83584-3VW-L,45.0,False
83584-3VW-M,50.0,False
83584-3VW-S,55.0,False
83584-3VW-XL,45.0,False
83584-3VW-XS,35.0,False
83584-3VW-XXL,45.0,False
83584-3VW-XXS,20.0,False
83585-3VU-XL,45.0,False
83585-3VU-XXL,40.0,False
83585-3VV-S,50.0,False
83585-3VV-XS,27.0,False
83585-3VV-XXS,11.0,False
83585-3VW-M,50.0,False
83585-3VW-S,54.0,False
83585-3VW-XS,26.0,False
83585-3VW-XXS,17.0,False
83586-3VU-XL,22.0,False
83586-3VU-XXL,22.0,False
83587-3VU-100,23.0,False
83587-3VU-110,33.0,False
83587-3VU-120,40.0,False
83587-3VU-130,35.0,False
83587-3VU-140,38.0,False
83587-3VU-150,36.0,False
83587-3VU-160,36.0,False
83587-3VU-85,9.0,False
83587-3VU-90,10.0,False
83588-3VV-75,12.0,False
83588-3VV-80,21.0,False
83588-3VW-100,36.0,False
83588-3VW-110,30.0,False
83588-3VW-120,27.0,False
83588-3VW-130,24.0,False
83588-3VW-140,24.0,False
83588-3VW-150,18.0,False
83588-3VW-160,18.0,False
83588-3VW-75,10.0,False
83588-3VW-80,15.0,False
83588-3VW-85,42.0,False
83588-3VW-90,39.0,False
83588-3VX-120,28.0,False
83588-3VX-130,24.0,False
83588-3VX-140,21.0,False
83588-3VX-150,18.0,False
83588-3VX-160,20.0,False
83588-3VX-75,10.0,False
83588-3VX-80,21.0,False
83589-3VX-M,14.0,False
83589-3VX-S,14.0,False
83589-3VX-XS,14.0,False
83589-3VX-XXL,12.0,False
83589-3VX-XXS,13.0,False
83590-3VW-50,45.0,False
83590-3VW-60,67.0,False
83590-3VW-70,57.0,False
83590-3VW-75,56.0,False
83590-3VW-80,50.0,False
83590-3VW-85,48.0,False
83590-3VX-70,55.0,False
83590-3VX-80,50.0,False
83590-3VX-85,40.0,False
83591-3VU-50,57.0,False
83591-3VU-60,86.0,False
83591-3VU-70,120.0,False
83591-3VU-80,107.0,False
83591-3VU-85,60.0,False
83591-3VU-NB,18.0,False
83592-3VU-120,65.0,False
83592-3VU-130,55.0,False
83592-3VU-140,50.0,False
83593-3WG-M,50.0,False
83593-3WG-S,50.0,False
83593-3WG-XS,33.0,False
83593-3WJ-M,52.0,False
83593-3WJ-S,50.0,False
83593-3WJ-XS,28.0,False
83593-3WJ-XXS,18.0,False
83594-3WG-L,40.0,False
83594-3WG-M,54.0,False
83594-3WG-S,50.0,False
83594-3WG-XL,40.0,False
83594-3WJ-L,40.0,False
83594-3WJ-M,50.0,False
83594-3WJ-S,42.0,False
83594-3WJ-XL,40.0,False
83594-3WJ-XS,15.0,False
83594-3WJ-XXL,37.0,False
83594-3WJ-XXS,10.0,False
83596-3WG-100,39.0,False
83596-3WG-110,56.0,False
83596-3WG-120,50.0,False
83596-3WG-130,35.0,False
83596-3WG-140,35.0,False
83596-3WG-150,35.0,False
83596-3WG-160,35.0,False
83596-3WG-85,17.0,False
83596-3WG-90,39.0,False
83597-3WG-100,90.0,False
83597-3WG-110,80.0,False
83597-3WG-120,70.0,False
83597-3WG-130,70.0,False
83597-3WG-140,60.0,False
83597-3WG-150,50.0,False
83597-3WG-160,50.0,False
83597-3WG-75,13.0,False
83597-3WG-80,26.0,False
83597-3WG-85,78.0,False
83597-3WG-90,100.0,False
83598-3WG-60,102.0,False
83598-3WG-70,137.0,False
83598-3WG-75,131.0,False
83598-3WG-80,101.0,False
83598-3WG-85,86.0,False
83598-3WG-NB,21.0,False
83599-5CJ-L,30.0,False
83599-5CJ-M,30.0,False
83599-5CJ-S,30.0,False
83599-5CJ-XL,20.0,False
83599-5CJ-XS,13.0,False
83599-5CJ-XXL,15.0,False
83599-5CJ-XXS,6.0,False
83600-3WH-110,85.0,False
83600-3WH-120,73.0,False
83600-3WH-130,61.0,False
83600-3WH-140,53.0,False
83602-3WH-M,24.0,False
83602-3WH-S,26.0,False
83602-3WH-XL,22.0,False
83602-3WH-XS,26.0,False
83603-4XU-L,12.0,False
83603-4XU-M,12.0,False
83603-4XU-XL,12.0,False
83603-4XU-XS,14.0,False
83603-4XU-XXL,10.0,False
83603-4XV-L,12.0,False
83603-4XV-M,12.0,False
83603-4XV-XL,12.0,False
83603-4XV-XXL,9.0,False
83603-4XW-XXL,9.0,False
83604-3WN-110,30.0,False
83604-3WN-120,27.0,False
83604-3WN-130,24.0,False
83604-3WN-140,21.0,False
83604-3WN-150,19.0,False
83604-3WN-160,18.0,False
83604-3WN-75,16.0,False
83604-3WN-80,12.0,False
83604-3WN-85,39.0,False
83605-3WN-120,42.0,False
83605-3WN-130,35.0,False
83605-3WN-140,37.0,False
83605-3WN-150,35.0,False
83605-3WN-160,35.0,False
83606-5CJ-75,12.0,False
83606-5CJ-80,16.0,False
83608-4XU-140,21.0,False
83608-4XU-150,18.0,False
83608-4XU-160,18.0,False
83608-4XU-75,32.0,False
83608-4XU-80,36.0,False
83608-4XV-140,21.0,False
83608-4XV-150,18.0,False
83608-4XV-160,18.0,False
83608-4XV-75,26.0,False
83608-4XV-80,36.0,False
83608-4XW-150,18.0,False
83608-4XW-160,18.0,False
83608-4ZS-140,21.0,False
83608-4ZS-150,18.0,False
83608-4ZS-160,18.0,False
83611-3WO-100,80.0,False
83611-3WO-75,25.0,False
83611-3WO-90,90.0,False
83612-3WP-L,22.0,False
83612-3WP-M,24.0,False
83612-3WP-S,26.0,False
83612-3WP-XL,22.0,False
83612-3WP-XS,26.0,False
83612-3WP-XXS,19.0,False
83613-3UU-XXL,22.0,False
83613-3UZ-XXL,22.0,False
83613-3UZ-XXS,30.0,False
83613-4XA-XXL,22.0,False
83613-5BQ-L,25.0,False
83613-5BQ-M,26.0,False
83613-5BQ-S,30.0,False
83613-5BQ-XL,23.0,False
83613-5BQ-XS,28.0,False
83613-5BQ-XXL,20.0,False
83613-5BQ-XXS,20.0,False
83613-A91-L,25.0,False
83613-A91-M,30.0,False
83613-A91-S,30.0,False
83613-A91-XL,23.0,False
83613-A91-XS,30.0,False
83613-A91-XXL,14.0,False
83613-A91-XXS,16.0,False
83615-2FY-L,25.0,False
83615-2FY-M,25.0,False
83615-2FY-S,30.0,False
83615-2FY-XL,23.0,False
83615-2FY-XS,30.0,False
83615-2FY-XXL,20.0,False
83615-2FY-XXS,16.0,False
83615-4WV-L,25.0,False
83615-4WV-M,25.0,False
83615-4WV-S,30.0,False
83615-4WV-XL,23.0,False
83615-4WV-XS,30.0,False
83615-4WV-XXL,22.0,False
83615-4ZF-L,25.0,False
83615-4ZF-M,25.0,False
83615-4ZF-S,30.0,False
83615-4ZF-XL,23.0,False
83615-4ZF-XS,30.0,False
83615-4ZF-XXL,22.0,False
83615-4ZF-XXS,20.0,False
83615-53B-XL,23.0,False
83615-53B-XXL,22.0,False
83615-53I-L,25.0,False
83615-53I-M,25.0,False
83615-53I-S,30.0,False
83615-53I-XL,23.0,False
83615-53I-XS,30.0,False
83615-53I-XXL,22.0,False
83615-53I-XXS,30.0,False
83615-5BT-L,25.0,False
83615-5BT-M,25.0,False
83615-5BT-S,30.0,False
83615-5BT-XL,23.0,False
83615-5BT-XS,30.0,False
83615-5BT-XXL,22.0,False
83615-5BT-XXS,24.0,False
83617-3WO-100,75.0,False
83617-3WO-110,83.0,False
83617-3WO-120,70.0,False
83617-3WO-130,50.0,False
83617-3WO-140,55.0,False
83617-3WO-150,45.0,False
83617-3WO-85,69.0,False
83617-3WO-90,89.0,False
83617-3WP-100,76.0,False
83617-3WP-130,48.0,False
83617-3WP-140,49.0,False
83617-3WP-150,27.0,False
83618-015-XXL,21.0,False
83618-3UU-L,25.0,False
83618-3UU-M,25.0,False
83618-3UU-S,28.0,False
83618-3UU-XL,21.0,False
83618-3UU-XXL,21.0,False
83618-3UU-XXS,16.0,False
83618-3UZ-L,25.0,False
83618-3UZ-M,25.0,False
83618-3UZ-S,28.0,False
83618-3UZ-XL,21.0,False
83618-3UZ-XS,30.0,False
83618-3UZ-XXL,20.0,False
83618-3UZ-XXS,17.0,False
83620-5BU-XXL,21.0,False
83621-2CK-100,15.0,False
83621-2CK-110,26.0,False
83621-2CK-120,35.0,False
83621-2CK-130,38.0,False
83621-2CK-140,21.0,False
83621-2CK-150,20.0,False
83621-2CK-160,16.0,False
83621-2CK-75,1.0,False
83621-2CK-80,2.0,False
83621-2CK-85,3.0,False
83621-2CK-90,10.0,False
83621-2HM-100,15.0,False
83621-2HM-110,26.0,False
83621-2HM-120,35.0,False
83621-2HM-130,38.0,False
83621-2HM-140,21.0,False
83621-2HM-150,20.0,False
83621-2HM-160,16.0,False
83621-2HM-75,1.0,False
83621-2HM-80,2.0,False
83621-2HM-85,3.0,False
83621-2HM-90,10.0,False
83621-4XT-160,46.0,False
83621-4XT-75,4.0,False
83621-4YZ-120,80.0,False
83621-4YZ-130,70.0,False
83621-4YZ-140,60.0,False
83621-4YZ-150,54.0,False
83621-4YZ-160,50.0,False
83621-4YZ-85,16.0,False
83621-75Z-100,15.0,False
83621-75Z-110,26.0,False
83621-75Z-120,35.0,False
83621-75Z-130,38.0,False
83621-75Z-140,21.0,False
83621-75Z-150,20.0,False
83621-75Z-160,16.0,False
83621-75Z-75,1.0,False
83621-75Z-80,2.0,False
83621-75Z-85,3.0,False
83621-75Z-90,10.0,False
83622-1BE-50,64.0,False
83622-1BE-60,60.0,False
83622-1BE-70,60.0,False
83622-1BE-75,55.0,False
83622-1BE-80,54.0,False
83622-1BE-85,50.0,False
83622-2BV-50,136.0,False
83622-2BV-60,110.0,False
83622-2BV-70,110.0,False
83622-2BV-75,100.0,False
83622-2BV-85,90.0,False
83622-2C2-50,98.0,False
83622-2C2-60,110.0,False
83622-2C2-70,120.0,False
83622-2C2-75,109.0,False
83622-2C2-80,100.0,False
83622-2C2-85,90.0,False
83622-2CK-50,64.0,False
83622-2CK-60,65.0,False
83622-2CK-70,60.0,False
83622-2CK-75,55.0,False
83622-2CK-80,54.0,False
83622-2CK-85,50.0,False
83622-2GG-50,100.0,False
83622-2GG-60,100.0,False
83622-2GG-70,101.0,False
83622-2GG-75,108.0,False
83622-2GG-80,100.0,False
83622-2GG-85,100.0,False
83622-4WW-50,60.0,False
83622-4WW-60,60.0,False
83622-4WW-70,60.0,False
83622-4WX-50,49.0,False
83622-4WX-60,62.0,False
83622-4WX-70,60.0,False
83622-4WX-75,55.0,False
83622-4WX-85,54.0,False
83622-4XD-50,60.0,False
83622-4XJ-50,130.0,False
83622-4XJ-60,110.0,False
83622-4XJ-70,110.0,False
83622-4XJ-75,111.0,False
83622-4XJ-80,100.0,False
83622-4XJ-85,90.0,False
83622-4XS-50,83.0,False
83622-4XS-60,119.0,False
83622-4XS-70,110.0,False
83622-4XS-75,110.0,False
83622-4XS-80,100.0,False
83622-4XS-85,92.0,False
83622-4XY-50,117.0,False
83622-4XY-60,110.0,False
83622-4XY-70,110.0,False
83622-4XY-75,100.0,False
83622-4XY-80,100.0,False
83622-4XY-85,90.0,False
83622-4YA-50,100.0,False
83622-4YA-60,109.0,False
83622-4YA-70,100.0,False
83622-4YA-75,100.0,False
83622-4YA-80,100.0,False
83622-4YA-85,108.0,False
83622-5BE-60,60.0,False
83622-5BE-70,64.0,False
83622-5BE-75,55.0,False
83622-5BE-85,50.0,False
83622-5BS-50,60.0,False
83622-5BS-60,60.0,False
83622-5BS-70,60.0,False
83622-5BS-85,53.0,False
83624-1BE-50,60.0,False
83624-1BE-60,63.0,False
83624-1BE-70,54.0,False
83624-1BE-75,54.0,False
83624-1BE-NB,54.0,False
83624-4YZ-NB,103.0,False
83624-5BS-NB,60.0,False
83624-75Z-50,67.0,False
83624-75Z-60,60.0,False
83624-75Z-70,54.0,False
83624-75Z-75,54.0,False
83624-75Z-NB,65.0,False
83625-2C2-50,100.0,False
83625-2C2-60,100.0,False
83625-2C2-65,100.0,False
83625-2C2-NB,50.0,False
83625-4YZ-50,82.0,False
83625-4YZ-60,90.0,False
83625-4YZ-65,85.0,False
83625-4YZ-NB,46.0,False
83625-4ZA-50,50.0,False
83625-4ZA-60,50.0,False
83625-4ZA-65,50.0,False
83625-4ZA-NB,49.0,False
83626-022-M,14.0,False
83626-022-S,14.0,False
83626-022-XS,15.0,False
83626-022-XXS,10.0,False
83631-2XO-L,38.0,False
83631-2XO-M,40.0,False
83631-2XO-S,44.0,False
83631-2XO-XS,34.0,False
83631-2XO-XXS,24.0,False
83631-3W3-L,33.0,False
83631-3W3-M,30.0,False
83631-3W3-S,35.0,False
83631-3W3-XL,31.0,False
83631-3W3-XS,28.0,False
83631-3W3-XXL,30.0,False
83631-3W3-XXS,12.0,False
83631-3WB-M,31.0,False
83631-3WB-S,31.0,False
83631-3WB-XS,42.0,False
83631-3WB-XXS,44.0,False
83634-FX9-S,30.0,False
83634-FX9-XS,36.0,False
83635-2FY-140,50.0,False
83635-4WV-130,60.0,False
83635-4WV-140,53.0,False
83635-4XH-100,80.0,False
83635-4XH-110,76.0,False
83635-4XH-120,65.0,False
83635-4XH-130,60.0,False
83635-4XH-140,50.0,False
83635-4XH-75,76.0,False
83635-4XH-80,119.0,False
83635-4XH-85,111.0,False
83635-4XH-90,94.0,False
83635-4ZF-100,100.0,False
83635-4ZF-110,76.0,False
83635-4ZF-120,65.0,False
83635-4ZF-130,60.0,False
83635-4ZF-140,50.0,False
83635-4ZF-90,90.0,False
83635-5BQ-100,80.0,False
83635-5BQ-110,70.0,False
83635-5BQ-120,70.0,False
83635-5BQ-130,60.0,False
83635-5BQ-140,50.0,False
83635-5BQ-80,28.0,False
83635-5BQ-85,54.0,False
83635-5BQ-90,88.0,False
83637-1BE-L,15.0,False
83637-1BE-M,15.0,False
83637-1BE-S,18.0,False
83637-1BE-XL,12.0,False
83637-1BE-XS,18.0,False
83637-1BE-XXL,12.0,False
83637-1BE-XXS,18.0,False
83637-2C2-L,26.0,False
83637-2C2-M,29.0,False
83637-2C2-S,30.0,False
83637-2C2-XL,25.0,False
83637-2C2-XS,40.0,False
83637-2C2-XXL,21.0,False
83637-2C2-XXS,31.0,False
83637-2CK-M,15.0,False
83637-2CK-S,18.0,False
83637-2CK-XS,18.0,False
83637-2CK-XXS,19.0,False
83637-2HM-L,15.0,False
83637-2HM-M,15.0,False
83637-2HM-S,18.0,False
83637-2HM-XL,12.0,False
83637-2HM-XS,17.0,False
83637-2HM-XXL,13.0,False
83637-2HM-XXS,9.0,False
83637-4XD-S,18.0,False
83637-4XD-XS,19.0,False
83637-4XD-XXS,18.0,False
83637-4XJ-M,29.0,False
83637-4XJ-S,30.0,False
83637-4XJ-XS,36.0,False
83637-4XJ-XXS,37.0,False
83637-4ZC-S,30.0,False
83637-4ZC-XS,38.0,False
83637-4ZC-XXS,16.0,False
83639-4WV-100,29.0,False
83639-4WV-110,42.0,False
83639-4WV-120,40.0,False
83639-4WV-130,30.0,False
83639-4WV-140,30.0,False
83639-4WV-150,30.0,False
83639-4WV-160,33.0,False
83639-4WV-85,14.0,False
83639-4WV-90,22.0,False
83639-4XG-85,21.0,False
83639-4XJ-100,40.0,False
83639-4XJ-110,42.0,False
83639-4XJ-140,30.0,False
83639-4XJ-160,30.0,False
83639-4XJ-85,30.0,False
83639-4XJ-90,42.0,False
83640-4XG-90,80.0,False
83641-2GG-L,34.0,False
83641-2GG-M,38.0,False
83641-2GG-S,34.0,False
83641-2GG-XL,30.0,False
83641-2GG-XS,33.0,False
83641-2GG-XXL,28.0,False
83641-2GG-XXS,14.0,False
83641-5BS-L,30.0,False
83641-5BS-M,30.0,False
83641-5BS-S,35.0,False
83641-5BS-XL,25.0,False
83641-5BS-XS,35.0,False
83641-5BS-XXL,25.0,False
83641-5BS-XXS,23.0,False
83642-4XY-L,69.0,False
83642-4XY-M,80.0,False
83642-4XY-S,86.0,False
83642-4XY-XL,28.0,False
83642-4XY-XS,39.0,False
83642-4XY-XXL,9.0,False
83642-4XY-XXS,11.0,False
83643-2BV-L,20.0,False
83643-2BV-M,26.0,False
83643-2BV-S,26.0,False
83643-2BV-XL,23.0,False
83643-2BV-XS,16.0,False
83643-2BV-XXL,13.0,False
83643-2BV-XXS,7.0,False
83643-2CK-S,29.0,False
83643-2CK-XS,26.0,False
83643-2GG-M,29.0,False
83643-2GG-S,26.0,False
83643-2GG-XS,26.0,False
83643-2GG-XXS,26.0,False
83643-2HM-L,20.0,False
83643-2HM-M,22.0,False
83643-2HM-S,20.0,False
83643-2HM-XL,18.0,False
83643-2HM-XS,22.0,False
83643-2HM-XXL,10.0,False
83643-2HM-XXS,12.0,False
83643-3ZD-M,26.0,False
83643-3ZD-S,26.0,False
83643-3ZD-XS,18.0,False
83643-3ZD-XXS,8.0,False
83643-4XD-L,20.0,False
83643-4XD-M,26.0,False
83643-4XD-S,27.0,False
83643-4XD-XL,20.0,False
83643-4XD-XS,23.0,False
83643-4XD-XXS,10.0,False
83643-4XJ-L,20.0,False
83643-4XJ-M,28.0,False
83643-4XJ-S,28.0,False
83643-4XJ-XL,20.0,False
83643-4XJ-XS,29.0,False
83643-4XJ-XXL,20.0,False
83643-4ZC-L,20.0,False
83643-4ZC-M,21.0,False
83643-4ZC-S,20.0,False
83643-4ZC-XL,18.0,False
83643-4ZC-XS,22.0,False
83643-4ZC-XXS,16.0,False
83644-2FY-L,22.0,False
83644-2FY-S,27.0,False
83644-2FY-XL,21.0,False
83644-2FY-XS,26.0,False
83644-2GT-XXL,22.0,False
83644-2GU-L,25.0,False
83644-2GU-M,25.0,False
83644-2GU-S,28.0,False
83644-2GU-XL,23.0,False
83644-2GU-XS,30.0,False
83644-2GU-XXL,22.0,False
83644-4WV-L,22.0,False
83644-4WV-M,24.0,False
83644-4WV-S,26.0,False
83644-4WV-XL,21.0,False
83644-4WV-XS,26.0,False
83644-4WV-XXL,14.0,False
83644-4WV-XXS,17.0,False
83644-4XH-L,22.0,False
83644-4XH-M,24.0,False
83644-4XH-S,28.0,False
83644-4XH-XL,22.0,False
83644-4XH-XXL,20.0,False
83644-4XH-XXS,27.0,False
83644-4XT-XXL,10.0,False
83644-4ZF-L,25.0,False
83644-4ZF-M,25.0,False
83644-4ZF-S,28.0,False
83644-4ZF-XL,23.0,False
83644-4ZF-XS,26.0,False
83644-4ZF-XXL,13.0,False
83644-4ZF-XXS,17.0,False
83644-53B-L,22.0,False
83644-53B-M,25.0,False
83644-53B-S,26.0,False
83644-53B-XL,21.0,False
83644-53B-XS,26.0,False
83644-53B-XXL,14.0,False
83644-53B-XXS,17.0,False
83644-5AC-L,22.0,False
83644-5AC-M,25.0,False
83644-5AC-XL,18.0,False
83644-5AC-XS,27.0,False
83644-5AC-XXL,6.0,False
83644-5AC-XXS,9.0,False
83644-5BA-L,22.0,False
83644-5BA-M,25.0,False
83644-5BA-S,28.0,False
83644-5BA-XL,20.0,False
83644-5BA-XS,26.0,False
83644-5BA-XXL,9.0,False
83644-5BA-XXS,12.0,False
83645-2XO-50,94.0,False
83645-2XO-60,148.0,False
83645-2XO-70,150.0,False
83645-2XO-75,140.0,False
83645-2XO-80,125.0,False
83645-2XO-85,110.0,False
83645-3WB-85,120.0,False
83646-2CH-50,95.0,False
83646-2CH-60,110.0,False
83646-2CH-70,132.0,False
83646-2CH-75,110.0,False
83646-2CH-80,105.0,False
83646-2CH-85,85.0,False
83646-2CH-NB,29.0,False
83646-2FY-50,70.0,False
83646-2FY-60,95.0,False
83646-2FY-70,120.0,False
83646-2FY-75,110.0,False
83646-2FY-80,107.0,False
83646-2FY-85,56.0,False
83646-2FY-NB,19.0,False
83646-4BZ-50,110.0,False
83646-4BZ-60,110.0,False
83646-4BZ-70,120.0,False
83646-4BZ-75,110.0,False
83646-4BZ-80,100.0,False
83646-4BZ-85,100.0,False
83646-4BZ-NB,44.0,False
83646-4WV-50,74.0,False
83646-4WV-70,122.0,False
83646-4WV-75,123.0,False
83646-4WV-80,109.0,False
83646-4WV-85,65.0,False
83646-4WV-NB,20.0,False
83646-4XH-50,97.0,False
83646-4XH-60,106.0,False
83646-4XH-70,120.0,False
83646-4XH-75,120.0,False
83646-4XH-80,110.0,False
83646-4XH-85,85.0,False
83646-4XH-NB,26.0,False
83646-4ZF-85,107.0,False
83646-5BQ-50,83.0,False
83646-5BQ-60,109.0,False
83646-5BQ-70,120.0,False
83646-5BQ-75,120.0,False
83646-5BQ-80,114.0,False
83646-5BQ-85,66.0,False
83646-5BQ-NB,23.0,False
83649-3WU-75,19.0,False
83651-4BX-110,50.0,False
83654-3VT-75,14.0,False
83656-3WC-100,85.0,False
83656-3WC-110,80.0,False
83656-3WC-120,71.0,False
83656-3WC-130,60.0,False
83656-3WC-140,63.0,False
83656-3WC-150,36.0,False
83656-3WC-85,100.0,False
83656-3WC-90,92.0,False
83657-4BW-110,26.0,False
83658-3WV-100,86.0,False
83658-3WV-110,50.0,False
83659-3WC-100,52.0,False
83659-3WC-110,50.0,False
83659-3WC-120,30.0,False
83659-3WC-130,30.0,False
83659-3WC-140,30.0,False
83659-3WC-150,30.0,False
83659-3WC-85,60.0,False
83659-3WC-90,60.0,False
83661-59B-L,182.0,False
83661-59B-S,227.0,False
83661-59B-XL,118.0,False
83661-59B-XS,70.0,False
83662-57J-100,32.0,False
83662-57J-110,30.0,False
83662-57J-120,27.0,False
83662-57J-130,24.0,False
83662-57J-140,15.0,False
83662-57J-150,8.0,False
83662-57J-160,6.0,False
83662-57J-85,13.0,False
83662-57J-90,25.0,False
83662-57K-100,14.0,False
83662-57K-110,16.0,False
83662-57K-120,19.0,False
83662-57K-130,13.0,False
83662-57K-140,8.0,False
83662-57K-150,6.0,False
83662-57K-160,6.0,False
83662-57K-85,6.0,False
83662-57K-90,12.0,False
83662-58B-100,36.0,False
83662-58B-110,30.0,False
83662-58B-120,27.0,False
83662-58B-130,24.0,False
83662-58B-140,21.0,False
83662-58B-150,17.0,False
83662-58B-160,11.0,False
83662-58B-85,24.0,False
83662-58B-90,36.0,False
83662-58I-100,35.0,False
83662-58I-110,30.0,False
83662-58I-120,28.0,False
83662-58I-130,24.0,False
83662-58I-140,20.0,False
83662-58I-150,10.0,False
83662-58I-160,7.0,False
83662-58I-85,15.0,False
83662-58I-90,31.0,False
83667-2VA-50,41.0,False
83667-2VA-60,61.0,False
83667-2VA-70,55.0,False
83667-2VA-75,55.0,False
83667-2VA-80,50.0,False
83667-2VA-85,44.0,False
83672-59B-L,38.0,False
83672-59B-M,42.0,False
83672-59B-S,42.0,False
83672-59B-XL,35.0,False
83672-59B-XS,23.0,False
83672-59B-XXL,33.0,False
83672-59B-XXS,11.0,False
83673-5DT-110,90.0,False
83673-5DT-120,80.0,False
83673-5DT-130,70.0,False
83673-5DT-140,60.0,False
83673-5DT-150,50.0,False
83673-5DT-85,120.0,False
83673-5DT-90,110.0,False
83674-3XA-130,50.0,False
83674-3XA-140,45.0,False
83674-3XA-150,45.0,False
83674-3XB-130,50.0,False
83674-3XB-140,45.0,False
83674-3XB-150,45.0,False
83674-5DH-100,65.0,False
83674-5DH-110,60.0,False
83674-5DH-120,60.0,False
83674-5DH-130,50.0,False
83674-5DH-140,45.0,False
83674-5DH-150,45.0,False
83674-5DH-85,75.0,False
83674-5DH-90,75.0,False
83681-3LC-110,70.0,False
83681-3LC-120,60.0,False
83681-3LC-130,50.0,False
83681-3LC-140,45.0,False
83681-3LC-150,40.0,False
83681-3UY-100,75.0,False
83681-3UY-110,70.0,False
83681-3UY-120,60.0,False
83681-3UY-130,50.0,False
83681-3UY-140,45.0,False
83681-3UY-150,40.0,False
83681-3UY-85,74.0,False
83681-3UY-90,80.0,False
83681-3VH-100,75.0,False
83681-3VH-110,70.0,False
83681-3VH-120,60.0,False
83681-3VH-130,50.0,False
83681-3VH-140,45.0,False
83681-3VH-150,40.0,False
83681-3VH-85,85.0,False
83681-3VH-90,80.0,False
83681-4JW-140,45.0,False
83681-4JW-150,40.0,False
83685-2VA-L,20.0,False
83685-2VA-M,27.0,False
83686-015-130,35.0,False
83686-015-140,30.0,False
83686-015-150,31.0,False
83686-3KK-150,43.0,False
83689-5AN-85,50.0,False
83697-3UV-100,56.0,False
83697-3UV-110,53.0,False
83697-3UV-120,48.0,False
83697-3UV-130,40.0,False
83697-3UV-140,35.0,False
83697-3UV-150,37.0,False
83697-3UV-85,60.0,False
83697-3UV-90,56.0,False
83697-SR4-130,35.0,False
83697-SR4-140,31.0,False
83697-SR4-150,31.0,False
83697-SR4-85,50.0,False
83703-3XK-100,33.0,False
83703-3XK-110,42.0,False
83703-3XK-120,50.0,False
83703-3XK-130,41.0,False
83703-3XK-140,22.0,False
83703-5HZ-100,48.0,False
83703-5HZ-110,61.0,False
83703-5HZ-120,60.0,False
83703-5HZ-130,50.0,False
83703-5HZ-140,31.0,False
83711-3V3-100,55.0,False
83711-3V3-110,35.0,False
83711-3V3-120,41.0,False
83711-3V3-130,35.0,False
83711-3V3-140,36.0,False
83711-3VG-100,55.0,False
83711-3VG-110,35.0,False
83711-3VG-120,41.0,False
83711-3VG-130,35.0,False
83711-3VG-140,36.0,False
83714-4ZC-120,16.0,False
83714-4ZC-130,11.0,False
83714-4ZC-140,11.0,False
83714-4ZC-150,11.0,False
83716-3UZ-100,25.0,False
83716-3UZ-110,25.0,False
83716-3UZ-120,20.0,False
83716-3UZ-130,20.0,False
83716-3UZ-140,20.0,False
83716-3UZ-150,15.0,False
83716-3UZ-85,30.0,False
83716-3UZ-90,33.0,False
83717-3XL-100,80.0,False
83717-3XL-110,80.0,False
83717-3XL-120,73.0,False
83717-3XL-130,70.0,False
83717-3XL-140,70.0,False
83717-3XL-150,70.0,False
83717-3XL-85,80.0,False
83717-3XL-90,80.0,False
83717-4ZA-100,80.0,False
83717-4ZA-110,80.0,False
83717-4ZA-120,77.0,False
83717-4ZA-130,70.0,False
83717-4ZA-140,70.0,False
83717-4ZA-150,70.0,False
83717-4ZA-85,80.0,False
83717-4ZA-90,80.0,False
83717-4ZB-100,80.0,False
83717-4ZB-110,80.0,False
83717-4ZB-120,70.0,False
83717-4ZB-130,71.0,False
83717-4ZB-140,70.0,False
83717-4ZB-150,70.0,False
83718-3UV-100,45.0,False
83718-3UV-110,40.0,False
83718-3UV-120,41.0,False
83718-3UV-130,30.0,False
83718-3UV-140,25.0,False
83718-3UV-150,23.0,False
83718-3UV-85,55.0,False
83718-3UV-90,50.0,False
83718-3UY-100,45.0,False
83718-3UY-110,40.0,False
83718-3UY-120,35.0,False
83718-3UY-130,30.0,False
83718-3UY-140,30.0,False
83718-3UY-150,20.0,False
83718-3UY-85,56.0,False
83718-3UY-90,50.0,False
83718-3VA-100,45.0,False
83718-3VA-110,40.0,False
83718-3VA-120,35.0,False
83718-3VA-130,30.0,False
83718-3VA-140,40.0,False
83718-3VA-150,20.0,False
83718-3VA-85,55.0,False
83718-3VA-90,50.0,False
83718-AN8-100,50.0,False
83718-AN8-110,41.0,False
83718-AN8-120,35.0,False
83718-AN8-130,30.0,False
83718-AN8-140,25.0,False
83718-AN8-150,20.0,False
83718-AN8-85,55.0,False
83718-AN8-90,50.0,False
83719-2ET-100,50.0,False
83719-2ET-110,50.0,False
83719-2ET-120,40.0,False
83719-2ET-130,40.0,False
83719-2ET-140,40.0,False
83719-2ET-150,44.0,False
83719-2ET-85,50.0,False
83719-2ET-90,50.0,False
83719-3KF-100,51.0,False
83719-3KF-110,50.0,False
83719-3KF-120,40.0,False
83719-3KF-130,40.0,False
83719-3KF-140,40.0,False
83719-3KF-150,40.0,False
83719-3KF-85,50.0,False
83719-3KF-90,56.0,False
83719-5EN-100,52.0,False
83719-5EN-110,50.0,False
83719-5EN-120,40.0,False
83719-5EN-130,40.0,False
83719-5EN-140,40.0,False
83719-5EN-150,40.0,False
83719-5EN-85,50.0,False
83719-5EN-90,50.0,False
83720-3KF-100,60.0,False
83720-3KF-110,60.0,False
83720-3KF-120,40.0,False
83720-3KF-130,40.0,False
83720-3KF-140,40.0,False
83720-3KF-150,40.0,False
83720-3KF-85,60.0,False
83720-3KF-90,60.0,False
83720-3UZ-100,60.0,False
83720-3UZ-110,60.0,False
83720-3UZ-120,40.0,False
83720-3UZ-130,42.0,False
83720-3UZ-140,40.0,False
83720-3UZ-150,41.0,False
83720-3UZ-85,60.0,False
83720-3UZ-90,62.0,False
83720-5EN-100,60.0,False
83720-5EN-110,60.0,False
83720-5EN-120,40.0,False
83720-5EN-130,40.0,False
83720-5EN-140,40.0,False
83720-5EN-150,40.0,False
83720-5EN-85,60.0,False
83720-5EN-90,60.0,False
83721-32B-100,51.0,False
83721-32B-110,55.0,False
83721-32B-120,50.0,False
83721-32B-130,40.0,False
83721-32B-140,40.0,False
83721-32B-150,40.0,False
83721-32B-85,50.0,False
83721-32B-90,50.0,False
83721-EF4-100,50.0,False
83721-EF4-110,50.0,False
83721-EF4-120,50.0,False
83721-EF4-130,40.0,False
83721-EF4-140,40.0,False
83721-EF4-150,40.0,False
83721-EF4-85,50.0,False
83721-EF4-90,50.0,False
83721-SR4-100,51.0,False
83721-SR4-110,54.0,False
83721-SR4-120,50.0,False
83721-SR4-130,40.0,False
83721-SR4-140,40.0,False
83721-SR4-150,40.0,False
83721-SR4-85,50.0,False
83721-SR4-90,50.0,False
83723-3UZ-100,60.0,False
83723-3UZ-110,55.0,False
83723-3UZ-120,55.0,False
83723-3UZ-130,45.0,False
83723-3UZ-140,45.0,False
83723-3UZ-150,40.0,False
83723-3UZ-85,65.0,False
83723-3UZ-90,60.0,False
83723-3V3-100,60.0,False
83723-3V3-110,57.0,False
83723-3V3-120,55.0,False
83723-3V3-130,45.0,False
83723-3V3-140,45.0,False
83723-3V3-150,40.0,False
83723-3V3-85,65.0,False
83723-3V3-90,60.0,False
83723-3VF-100,60.0,False
83723-3VF-110,55.0,False
83723-3VF-120,55.0,False
83723-3VF-130,45.0,False
83723-3VF-140,45.0,False
83723-3VF-150,40.0,False
83723-3VF-90,60.0,False
83724-3ZA-150,15.0,False
83725-3YG-100,50.0,False
83725-3YG-110,60.0,False
83725-3YG-120,45.0,False
83725-3YG-130,44.0,False
83725-3YG-140,35.0,False
83725-3YG-150,30.0,False
83725-3YG-85,79.0,False
83725-3YG-90,60.0,False
83725-4YE-100,62.0,False
83725-4YE-110,54.0,False
83725-4YE-120,40.0,False
83725-4YE-130,43.0,False
83725-4YE-140,30.0,False
83725-4YE-150,30.0,False
83725-4YE-85,77.0,False
83725-4YE-90,60.0,False
83725-5BE-100,50.0,False
83725-5BE-110,55.0,False
83725-5BE-120,40.0,False
83725-5BE-130,45.0,False
83725-5BE-140,30.0,False
83725-5BE-150,30.0,False
83725-5BE-85,72.0,False
83725-5BE-90,60.0,False
83729-3YR-100,65.0,False
83729-3YR-110,60.0,False
83729-3YR-120,61.0,False
83729-3YR-130,40.0,False
83729-3YR-140,40.0,False
83729-3YR-150,40.0,False
83729-3YR-85,65.0,False
83729-3YR-90,65.0,False
83729-3YS-100,73.0,False
83729-3YS-110,70.0,False
83729-3YS-120,52.0,False
83729-3YS-130,53.0,False
83729-3YS-140,40.0,False
83729-3YS-150,43.0,False
83729-3YS-85,80.0,False
83729-3YS-90,80.0,False
83729-3YT-100,80.0,False
83729-3YT-110,70.0,False
83729-3YT-120,60.0,False
83729-3YT-130,60.0,False
83729-3YT-140,46.0,False
83729-3YT-150,40.0,False
83729-3YT-85,115.0,False
83729-3YT-90,90.0,False
83731-3LB-100,15.0,False
83731-3LB-110,15.0,False
83731-3LB-120,12.0,False
83731-3LB-130,12.0,False
83731-3LB-140,10.0,False
83731-3LB-150,10.0,False
83731-3LB-85,18.0,False
83731-3LB-90,18.0,False
83733-3KF-100,120.0,False
83733-3KF-110,110.0,False
83733-3KF-120,100.0,False
83733-3KF-130,90.0,False
83733-3KF-140,80.0,False
83733-3KF-150,75.0,False
83733-3KF-85,104.0,False
83733-3KF-90,130.0,False
83733-3KM-100,120.0,False
83733-3KM-110,110.0,False
83733-3KM-120,100.0,False
83733-3KM-130,90.0,False
83733-3KM-140,85.0,False
83733-3KM-150,75.0,False
83733-3KM-85,104.0,False
83733-3KM-90,130.0,False
83733-4JW-100,120.0,False
83733-4JW-110,110.0,False
83733-4JW-120,100.0,False
83733-4JW-130,90.0,False
83733-4JW-140,85.0,False
83733-4JW-150,75.0,False
83733-4JW-85,101.0,False
83733-4JW-90,130.0,False
83733-76X-85,130.0,False
83734-2EL-140,45.0,False
83734-2EL-150,45.0,False
83734-3UZ-130,45.0,False
83734-3UZ-140,48.0,False
83734-3UZ-150,45.0,False
83734-5AN-130,45.0,False
83734-5AN-140,45.0,False
83734-5AN-150,45.0,False
83738-015-130,61.0,False
83738-015-140,52.0,False
83738-015-150,42.0,False
83738-3UV-100,75.0,False
83738-3UV-110,81.0,False
83738-3UV-120,64.0,False
83738-3UV-130,62.0,False
83738-3UV-140,52.0,False
83738-3UV-150,39.0,False
83738-3UV-85,93.0,False
83738-3UV-90,91.0,False
83739-2EU-100,97.0,False
83739-2EU-110,72.0,False
83739-2EU-120,83.0,False
83739-2EU-130,69.0,False
83739-2EU-140,75.0,False
83739-2EU-150,52.0,False
83739-2EU-85,42.0,False
83739-2EU-90,96.0,False
83741-015-130,50.0,False
83741-015-140,36.0,False
83741-015-150,37.0,False
83748-2IF-50,153.0,False
83748-2IF-60,180.0,False
83748-2IF-70,170.0,False
83748-2IF-75,160.0,False
83748-2IF-80,150.0,False
83752-3ZM-60,36.0,False
83752-3ZM-70,34.0,False
83752-3ZM-75,25.0,False
83752-3ZM-80,25.0,False
83752-3ZM-85,22.0,False
83752-3ZM-90,20.0,False
83752-3ZO-60,37.0,False
83752-3ZO-70,30.0,False
83752-3ZO-75,25.0,False
83752-3ZO-80,24.0,False
83752-3ZO-85,22.0,False
83752-3ZO-90,20.0,False
83752-4BO-60,27.0,False
83752-4BO-70,25.0,False
83752-4BO-75,25.0,False
83752-4BO-80,20.0,False
83752-4BO-85,20.0,False
83752-4BO-90,24.0,False
83752-5AV-60,25.0,False
83752-5AV-70,25.0,False
83752-5AV-75,25.0,False
83752-5AV-80,22.0,False
83752-5AV-85,25.0,False
83752-5AV-90,20.0,False
83754-3YH-60,40.0,False
83754-3YH-70,40.0,False
83754-3YH-75,42.0,False
83754-3YH-80,33.0,False
83754-3YH-85,30.0,False
83754-3YH-90,30.0,False
83754-4BG-60,40.0,False
83754-4BG-70,40.0,False
83754-4BG-75,40.0,False
83754-4BG-80,35.0,False
83754-4BG-85,30.0,False
83754-4BG-90,30.0,False
83754-4BO-60,40.0,False
83754-4BO-70,40.0,False
83754-4BO-75,35.0,False
83754-4BO-80,35.0,False
83754-4BO-85,30.0,False
83754-4BO-90,34.0,False
83754-4XD-80,35.0,False
83754-4XD-85,30.0,False
83754-4XD-90,33.0,False
83755-3YH-60,46.0,False
83755-4BO-60,47.0,False
83755-5EX-60,32.0,False
83755-5EX-70,81.0,False
83755-5EX-75,80.0,False
83755-5EX-80,70.0,False
83755-5EX-85,65.0,False
83755-5EX-90,60.0,False
83756-3KF-60,22.0,False
83756-3KF-70,22.0,False
83756-3KF-75,22.0,False
83756-3KF-80,20.0,False
83756-3KF-85,22.0,False
83756-3KF-90,18.0,False
83756-3KO-60,22.0,False
83756-3KO-70,22.0,False
83756-3KO-75,22.0,False
83756-3KO-80,20.0,False
83756-3KO-85,22.0,False
83756-3KO-90,18.0,False
83760-2EL-50,77.0,False
83760-2EL-60,90.0,False
83760-2EL-70,90.0,False
83760-2EL-75,90.0,False
83760-2EL-80,80.0,False
83760-2EL-85,80.0,False
83760-2EL-90,80.0,False
83761-2ET-60,80.0,False
83761-2ET-70,100.0,False
83761-2ET-75,100.0,False
83761-2ET-80,100.0,False
83761-2ET-85,90.0,False
83761-2ET-90,90.0,False
83761-3UZ-60,103.0,False
83761-3UZ-70,100.0,False
83761-3UZ-75,100.0,False
83761-3UZ-80,103.0,False
83761-3UZ-85,90.0,False
83761-3UZ-90,90.0,False
83761-5EN-60,100.0,False
83761-5EN-70,100.0,False
83761-5EN-75,102.0,False
83761-5EN-80,100.0,False
83761-5EN-85,90.0,False
83761-5EN-90,97.0,False
83772-2EL-50,66.0,False
83772-2EL-60,70.0,False
83772-2EL-70,70.0,False
83772-2EL-75,70.0,False
83772-2EL-80,60.0,False
83772-2EL-85,60.0,False
83772-2EL-90,60.0,False
83772-SR4-50,63.0,False
83772-SR4-60,70.0,False
83772-SR4-70,78.0,False
83772-SR4-75,70.0,False
83772-SR4-80,65.0,False
83772-SR4-85,60.0,False
83772-SR4-90,60.0,False
83778-3UV-50,58.0,False
83778-3UV-60,80.0,False
83778-3UV-70,85.0,False
83778-3UV-75,76.0,False
83778-3UV-80,56.0,False
83778-3UV-85,55.0,False
83778-3UV-90,41.0,False
83779-5BK-100,50.0,False
83779-5BK-110,65.0,False
83779-5BK-120,88.0,False
83779-5BK-130,91.0,False
83779-5BK-140,54.0,False
83779-5BK-150,41.0,False
83779-5BK-160,35.0,False
83779-5BK-75,12.0,False
83779-5BK-80,14.0,False
83779-5BK-90,34.0,False
83779-5BM-100,52.0,False
83779-5BM-110,72.0,False
83779-5BM-120,90.0,False
83779-5BM-130,84.0,False
83779-5BM-140,59.0,False
83779-5BM-150,41.0,False
83779-5BM-160,36.0,False
83779-5BM-75,12.0,False
83779-5BM-80,17.0,False
83779-5BM-85,24.0,False
83779-5BM-90,40.0,False
83780-5BK-100,80.0,False
83780-5BK-110,75.0,False
83780-5BK-120,68.0,False
83780-5BK-130,54.0,False
83780-5BK-140,42.0,False
83780-5BK-150,38.0,False
83780-5BK-160,34.0,False
83780-5BK-75,27.0,False
83780-5BK-80,33.0,False
83780-5BK-85,84.0,False
83780-5BK-90,90.0,False
83780-5BM-110,70.0,False
83780-5BM-120,65.0,False
83780-5BM-130,60.0,False
83780-5BM-140,49.0,False
83780-5BM-150,45.0,False
83780-5BM-160,40.0,False
83780-5BM-75,26.0,False
83780-5BM-80,38.0,False
83780-5BM-90,90.0,False
83783-59J-100,80.0,False
83783-59J-110,80.0,False
83783-59J-120,70.0,False
83783-59J-130,70.0,False
83783-59J-140,70.0,False
83783-59J-150,48.0,False
83783-59J-85,68.0,False
83783-59J-90,80.0,False
83787-2EL-120,40.0,False
83787-2EL-130,40.0,False
83787-2EL-140,41.0,False
83787-2EL-150,40.0,False
83787-2EL-85,45.0,False
83787-SR4-100,45.0,False
83787-SR4-110,45.0,False
83787-SR4-120,40.0,False
83787-SR4-130,40.0,False
83787-SR4-140,40.0,False
83787-SR4-150,40.0,False
83787-SR4-85,45.0,False
83787-SR4-90,45.0,False
83789-5BB-100,55.0,False
83789-5BB-110,50.0,False
83789-5BB-120,45.0,False
83789-5BB-130,45.0,False
83789-5BB-140,40.0,False
83789-5BB-150,30.0,False
83789-5BB-85,70.0,False
83789-5BB-90,63.0,False
83789-5HY-100,55.0,False
83789-5HY-110,40.0,False
83789-5HY-120,35.0,False
83789-5HY-130,34.0,False
83789-5HY-140,30.0,False
83789-5HY-150,28.0,False
83789-5HY-85,53.0,False
83789-5HY-90,60.0,False
83793-2EU-85,34.0,False
83793-2EU-90,25.0,False
83802-2ZP-90,40.0,False
83802-40K-70,58.0,False
83802-40K-75,54.0,False
83802-40K-80,50.0,False
83802-40K-85,46.0,False
83802-40K-90,40.0,False
83808-2TZ-85,75.0,False
83812-5NY-100,60.0,False
83812-5NY-110,55.0,False
83812-5NY-120,56.0,False
83812-5NY-130,45.0,False
83812-5NY-140,25.0,False
83812-5NY-150,13.0,False
83812-5NY-85,33.0,False
83812-5NY-90,57.0,False
83812-5RJ-100,65.0,False
83812-5RJ-110,60.0,False
83812-5RJ-120,55.0,False
83812-5RJ-130,50.0,False
83812-5RJ-140,26.0,False
83812-5RJ-150,14.0,False
83812-5RJ-85,32.0,False
83812-5RJ-90,57.0,False
83815-2EU-100,30.0,False
83815-2EU-110,32.0,False
83815-2EU-120,26.0,False
83815-2EU-130,27.0,False
83815-2EU-140,22.0,False
83815-2EU-150,25.0,False
83815-2EU-85,34.0,False
83815-2EU-90,37.0,False
83815-3KO-100,30.0,False
83815-3KO-110,30.0,False
83815-3KO-120,31.0,False
83815-3KO-130,26.0,False
83815-3KO-140,22.0,False
83815-3KO-150,22.0,False
83815-3KO-85,32.0,False
83815-3KO-90,32.0,False
83815-3KV-100,30.0,False
83815-3KV-110,30.0,False
83815-3KV-120,29.0,False
83815-3KV-130,26.0,False
83815-3KV-140,22.0,False
83815-3KV-150,22.0,False
83815-3KV-85,32.0,False
83815-3KV-90,32.0,False
83816-3WG-S,35.0,False
83816-3WG-XS,27.0,False
83816-3WG-XXS,14.0,False
83818-3WK-S,35.0,False
83818-3WK-XS,40.0,False
83818-3WK-XXS,25.0,False
83826-179-130,25.0,False
83826-179-140,28.0,False
83826-179-150,20.0,False
83826-3KN-140,25.0,False
83826-3KN-150,21.0,False
83828-011-S,27.0,False
83828-011-XS,22.0,False
83828-011-XXS,6.0,False
83828-3UZ-L,20.0,False
83828-3UZ-M,23.0,False
83828-3UZ-S,25.0,False
83828-3UZ-XL,24.0,False
83828-3UZ-XS,21.0,False
83828-3UZ-XXL,23.0,False
83828-3UZ-XXS,12.0,False
83828-3VC-L,20.0,False
83828-3VC-M,23.0,False
83828-3VC-S,25.0,False
83828-3VC-XL,21.0,False
83828-3VC-XS,13.0,False
83828-3VC-XXL,12.0,False
83828-3VC-XXS,10.0,False
83832-3VZ-130,64.0,False
83832-3VZ-140,50.0,False
83832-3VZ-150,40.0,False
83839-4BC-100,80.0,False
83839-4BC-110,76.0,False
83839-4BC-120,70.0,False
83839-4BC-130,64.0,False
83839-4BC-140,60.0,False
83839-4BC-150,54.0,False
83839-4BC-85,82.0,False
83839-4BC-90,80.0,False
83839-4BD-100,82.0,False
83839-4BD-110,75.0,False
83839-4BD-120,70.0,False
83839-4BD-130,69.0,False
83839-4BD-140,60.0,False
83839-4BD-150,60.0,False
83839-4BD-85,90.0,False
83839-4BD-90,90.0,False
83839-4BE-100,70.0,False
83839-4BE-120,70.0,False
83839-4BE-140,64.0,False
83839-4BF-100,71.0,False
83839-4BF-110,72.0,False
83839-4BF-120,71.0,False
83839-4BF-130,69.0,False
83839-4BF-140,65.0,False
83839-4BF-150,60.0,False
83839-4BF-85,91.0,False
83839-4BF-90,80.0,False
83839-4BG-100,80.0,False
83839-4BG-110,76.0,False
83839-4BG-120,70.0,False
83839-4BG-130,64.0,False
83839-4BG-140,60.0,False
83839-4BG-150,54.0,False
83839-4BG-85,80.0,False
83839-4BG-90,80.0,False
83839-4BH-100,83.0,False
83839-4BH-140,60.0,False
83839-4BH-90,80.0,False
83839-4XD-100,80.0,False
83839-4XD-110,76.0,False
83839-4XD-120,70.0,False
83839-4XD-130,64.0,False
83839-4XD-140,60.0,False
83839-4XD-150,54.0,False
83839-4YJ-130,64.0,False
83839-4YJ-140,60.0,False
83839-4YK-100,80.0,False
83839-4YK-110,76.0,False
83839-4YK-120,75.0,False
83839-4YK-130,64.0,False
83839-4YK-140,60.0,False
83839-4YK-150,54.0,False
83839-4YK-85,80.0,False
83839-4YK-90,80.0,False
83839-4ZP-100,76.0,False
83839-4ZP-110,72.0,False
83839-4ZP-120,68.0,False
83839-4ZP-130,64.0,False
83839-4ZP-140,58.0,False
83839-4ZP-150,52.0,False
83839-4ZP-85,78.0,False
83839-4ZP-90,76.0,False
83839-XF8-100,80.0,False
83839-XF8-110,76.0,False
83839-XF8-120,70.0,False
83839-XF8-130,64.0,False
83839-XF8-140,60.0,False
83839-XF8-150,55.0,False
83839-XF8-85,80.0,False
83839-XF8-90,83.0,False
83840-4VT-S,560.0,False
83841-4BI-100,92.0,False
83841-4BI-110,80.0,False
83841-4BI-120,70.0,False
83841-4BI-130,60.0,False
83841-4BI-140,50.0,False
83841-4BI-150,51.0,False
83841-4YK-100,90.0,False
83841-4YK-110,80.0,False
83841-4YK-120,70.0,False
83841-4YK-130,60.0,False
83841-4YK-140,50.0,False
83841-4YK-150,45.0,False
83841-4YK-85,100.0,False
83841-4YK-90,100.0,False
83859-4AT-100,42.0,False
83859-4AT-110,34.0,False
83859-4AT-120,32.0,False
83859-4AT-130,30.0,False
83859-4AT-140,28.0,False
83859-4AT-150,26.0,False
83859-4AT-85,55.0,False
83859-4AT-90,45.0,False
83859-5EC-110,34.0,False
83859-5EC-120,32.0,False
83859-5EC-130,30.0,False
83859-5EC-140,28.0,False
83859-5EC-150,26.0,False
83860-5EM-120,40.0,False
83860-5EM-130,35.0,False
83860-5EM-140,30.0,False
83860-5EM-150,28.0,False
83862-3WQ-160,18.0,False
83862-3WR-160,26.0,False
83863-3WO-130,80.0,False
83863-3WO-140,49.0,False
83863-3WO-150,35.0,False
83863-3WO-160,27.0,False
83864-3WL-L,73.0,False
83864-3WL-M,80.0,False
83864-3WL-S,90.0,False
83864-3WL-XL,37.0,False
83864-3WL-XS,32.0,False
83864-3WL-XXL,18.0,False
83864-3WL-XXS,22.0,False
83865-3WL-XXS,29.0,False
83866-3WL-100,50.0,False
83866-3WL-110,50.0,False
83866-3WL-120,50.0,False
83866-3WL-130,45.0,False
83866-3WL-140,40.0,False
83866-3WL-150,40.0,False
83866-3WL-85,55.0,False
83866-3WL-90,81.0,False
83868-59B-L,75.0,False
83868-59B-M,80.0,False
83868-59B-S,80.0,False
83868-59B-XL,60.0,False
83868-59B-XS,51.0,False
83868-59B-XXL,29.0,False
83868-59B-XXS,35.0,False
83874-4WB-100,24.0,False
83874-4WB-110,30.0,False
83874-4WB-120,35.0,False
83874-4WB-130,30.0,False
83874-4WB-140,23.0,False
83874-4WB-85,7.0,False
83874-4WB-90,16.0,False
83874-4WC-100,22.0,False
83874-4WC-110,27.0,False
83874-4WC-120,34.0,False
83874-4WC-130,30.0,False
83874-4WC-140,19.0,False
83874-4WC-150,22.0,False
83874-4WC-85,9.0,False
83874-4WC-90,17.0,False
83876-3DO-L,30.0,False
83876-3DO-M,30.0,False
83876-3DO-S,35.0,False
83876-3DO-XL,30.0,False
83876-3DO-XS,23.0,False
83876-3DO-XXL,24.0,False
83876-3DO-XXS,14.0,False
83878-2HM-L,22.0,False
83878-2HM-M,24.0,False
83878-2HM-S,28.0,False
83878-2HM-XL,20.0,False
83878-2HM-XXL,19.0,False
83881-2XO-L/XL,600.0,False
83881-2XO-S/M,616.0,False
83882-3VZ-L,50.0,False
83882-3VZ-M,53.0,False
83882-3VZ-S,64.0,False
83882-3VZ-XL,44.0,False
83882-3VZ-XS,23.0,False
83882-3VZ-XXL,21.0,False
83883-3VW-L,25.0,False
83883-3VW-M,29.0,False
83883-3VW-S,32.0,False
83883-3VW-XL,22.0,False
83883-3VW-XXL,16.0,False
83886-4CB-XS,31.0,False
83886-4CB-XXS,12.0,False
83887-4CB-100,51.0,False
83887-4CB-120,45.0,False
83887-4CB-130,43.0,False
83887-4CB-140,41.0,False
83887-4CB-150,32.0,False
83889-572-100,30.0,False
83889-572-110,30.0,False
83889-572-120,30.0,False
83889-572-130,27.0,False
83889-572-140,14.0,False
83889-572-150,4.0,False
83889-572-85,30.0,False
83889-572-90,36.0,False
83893-4CG-85,49.0,False
83895-4CM-L,35.0,False
83895-4CM-M,40.0,False
83895-4CM-S,45.0,False
83895-4CM-XL,30.0,False
83895-4CM-XS,40.0,False
83895-4CM-XXL,35.0,False
83896-4CP-50,18.0,False
83896-4CP-60,53.0,False
83896-4CP-70,75.0,False
83896-4CP-75,70.0,False
83896-4CP-80,65.0,False
83896-4CP-85,38.0,False
83896-4CP-90,17.0,False
83896-4CQ-50,18.0,False
83896-4CQ-60,54.0,False
83896-4CQ-70,75.0,False
83896-4CQ-75,75.0,False
83896-4CQ-90,17.0,False
83897-4CO-50,44.0,False
83897-4CO-60,100.0,False
83897-4CO-75,110.0,False
83897-4CO-80,105.0,False
83897-4CO-85,96.0,False
83897-4CO-90,42.0,False
83900-4CN-60,60.0,False
83900-4CN-70,60.0,False
83903-4CI-90,45.0,False
83908-4CF-100,35.0,False
83908-4CF-120,30.0,False
83908-4CF-130,28.0,False
83909-52Q-100,36.0,False
83909-52Q-110,30.0,False
83909-52Q-120,28.0,False
83909-52Q-130,24.0,False
83909-52Q-140,21.0,False
83909-52Q-150,18.0,False
83909-52Q-75,21.0,False
83909-52Q-80,36.0,False
83909-52Q-85,36.0,False
83909-52Q-90,36.0,False
83910-52Q-50,62.0,False
83910-52Q-60,60.0,False
83910-52Q-70,55.0,False
83910-52Q-75,55.0,False
83910-52Q-85,45.0,False
83915-4CM-100,60.0,False
83915-4CM-110,60.0,False
83915-4CM-120,60.0,False
83915-4CM-130,42.0,False
83915-4CM-140,30.0,False
83915-4CM-150,40.0,False
83916-4CR-110,119.0,False
83916-4CR-85,34.0,False
83917-4CF-120,28.0,False
83917-4CF-130,24.0,False
83917-4CF-150,18.0,False
83917-4CF-160,15.0,False
83917-4CF-90,36.0,False
83917-52P-100,37.0,False
83917-52P-110,30.0,False
83917-52P-120,27.0,False
83917-52P-130,24.0,False
83917-52P-140,21.0,False
83917-52P-150,19.0,False
83917-52P-160,12.0,False
83917-52P-75,12.0,False
83917-52P-85,36.0,False
83917-52P-90,36.0,False
83919-4CF-XL,12.0,False
83919-4CF-XS,18.0,False
83919-4CF-XXL,12.0,False
83919-4CF-XXS,9.0,False
83921-4CC-100,65.0,False
83922-4CC-70,55.0,False
83922-4CC-85,45.0,False
83923-4CC-100,57.0,False
83923-4CC-75,62.0,False
83924-4CC-110,30.0,False
83924-4CC-120,27.0,False
83924-4CC-130,24.0,False
83924-4CC-140,21.0,False
83924-4CC-85,36.0,False
83924-4CC-90,36.0,False
83927-3WK-L,22.0,False
83927-3WK-M,25.0,False
83927-3WK-S,28.0,False
83927-3WK-XL,20.0,False
83927-3WK-XS,28.0,False
83927-3WK-XXL,20.0,False
83928-1SC-L,22.0,False
83928-1SC-XXL,25.0,False
83934-5EE-M,50.0,False
83934-5EE-S,50.0,False
83934-5EE-XS,27.0,False
83934-5EE-XXS,8.0,False
83934-5EG-S,42.0,False
83934-5EG-XS,19.0,False
83935-5CA-50,110.0,False
83935-5CA-60,122.0,False
83935-5CA-70,120.0,False
83935-5CA-75,110.0,False
83935-5CA-80,100.0,False
83935-5CA-85,96.0,False
83935-5CA-NB,65.0,False
83935-5CK-50,110.0,False
83935-5CK-60,110.0,False
83935-5CK-70,120.0,False
83935-5CK-75,110.0,False
83935-5CK-80,100.0,False
83935-5CK-85,69.0,False
83935-5CK-NB,45.0,False
83935-5PQ-50,109.0,False
83935-5PQ-60,110.0,False
83935-5PQ-70,120.0,False
83935-5PQ-75,110.0,False
83935-5PQ-80,100.0,False
83935-5PQ-85,59.0,False
83935-5PQ-NB,40.0,False
83936-5DC-50,31.0,False
83936-5DC-60,30.0,False
83936-5DC-70,36.0,False
83936-5DC-75,30.0,False
83936-5DC-80,22.0,False
83937-5BV-50,60.0,False
83937-5BV-60,60.0,False
83937-5BV-70,55.0,False
83937-5BV-75,55.0,False
83937-5BV-80,50.0,False
83937-5BV-85,45.0,False
83937-5CN-50,60.0,False
83937-5CN-60,60.0,False
83937-5CN-70,55.0,False
83937-5CN-75,55.0,False
83937-5CN-80,50.0,False
83937-5CN-85,45.0,False
83937-5DD-50,60.0,False
83937-5DD-60,60.0,False
83937-5DD-70,55.0,False
83937-5DD-75,55.0,False
83937-5DD-80,50.0,False
83937-5DD-85,45.0,False
83937-5PK-50,60.0,False
83937-5PK-60,60.0,False
83937-5PK-70,55.0,False
83937-5PK-75,55.0,False
83937-5PK-80,50.0,False
83938-76X-75,65.0,False
83938-76X-80,65.0,False
83941-5BW-50,12.0,False
83941-5BW-60,26.0,False
83941-5BW-70,81.0,False
83941-5BW-75,85.0,False
83943-5DS-50,25.0,False
83943-5DS-60,64.0,False
83943-5DS-70,102.0,False
83943-5DS-75,94.0,False
83943-5DS-80,57.0,False
83945-3ZM-70,40.0,False
83945-3ZM-75,35.0,False
83945-3ZM-80,35.0,False
83945-3ZO-50,50.0,False
83945-3ZO-60,45.0,False
83945-3ZO-70,40.0,False
83945-3ZO-75,35.0,False
83945-3ZO-80,37.0,False
83946-5BX-110,80.0,False
83946-5BX-130,60.0,False
83946-5BX-140,33.0,False
83946-5BX-150,21.0,False
83946-5CM-130,60.0,False
83946-5CM-140,39.0,False
83946-5CM-150,21.0,False
83946-5DD-100,90.0,False
83946-5DD-120,70.0,False
83946-5DD-130,60.0,False
83946-5DD-140,33.0,False
83946-5DD-150,16.0,False
83946-5DD-85,47.0,False
83946-5DD-90,89.0,False
83947-5CJ-100,65.0,False
83947-5CJ-110,60.0,False
83947-5CJ-130,53.0,False
83947-5CJ-140,22.0,False
83947-5CJ-150,14.0,False
83947-5CJ-90,59.0,False
83951-5DN-100,26.0,False
83951-5DN-110,19.0,False
83951-5DN-150,13.0,False
83951-5DN-85,21.0,False
83951-5DN-90,21.0,False
83952-4CI-S,21.0,False
83956-5DX-150,33.0,False
83956-EV5-150,25.0,False
83957-5CB-100,68.0,False
83957-5CB-120,60.0,False
83957-5CB-85,23.0,False
83957-5CB-90,49.0,False
83957-5CC-85,34.0,False
83959-5CM-L,16.0,False
83959-5CM-S,18.0,False
83959-5CM-XL,12.0,False
83959-5CM-XS,18.0,False
83959-5CM-XXL,12.0,False
83959-5CM-XXS,14.0,False
83960-5DA-100,50.0,False
83960-5DA-110,43.0,False
83960-5DA-120,42.0,False
83960-5DA-130,38.0,False
83960-5DA-140,32.0,False
83960-5DA-150,34.0,False
83960-5DA-85,51.0,False
83960-5DA-90,45.0,False
83962-5CW-100,98.0,False
83962-5CW-110,75.0,False
83962-5CW-120,60.0,False
83962-5CW-130,50.0,False
83962-5CW-140,48.0,False
83962-5CW-150,40.0,False
83962-5CW-85,90.0,False
83962-5CW-90,90.0,False
83962-5CX-120,61.0,False
83962-5CX-130,50.0,False
83962-5CX-140,40.0,False
83962-5CX-150,40.0,False
83964-5BV-L,15.0,False
83964-5BV-M,15.0,False
83964-5BV-S,18.0,False
83964-5BV-XL,12.0,False
83964-5BV-XS,18.0,False
83964-5BV-XXL,12.0,False
83964-5BV-XXS,17.0,False
83964-5CM-L,15.0,False
83964-5CM-M,15.0,False
83964-5CM-S,18.0,False
83964-5CM-XL,12.0,False
83964-5CM-XS,19.0,False
83964-5CM-XXL,12.0,False
83964-5CM-XXS,12.0,False
83968-5CA-L,21.0,False
83968-5CA-M,22.0,False
83968-5CA-S,23.0,False
83968-5CA-XL,15.0,False
83968-5CA-XS,22.0,False
83968-5CA-XXL,16.0,False
83968-5CA-XXS,10.0,False
83968-5CK-L,21.0,False
83968-5CK-M,22.0,False
83968-5CK-S,25.0,False
83968-5CK-XL,21.0,False
83968-5CK-XS,15.0,False
83968-5CK-XXL,14.0,False
83968-5CK-XXS,7.0,False
83968-5PQ-L,21.0,False
83968-5PQ-M,22.0,False
83968-5PQ-S,25.0,False
83968-5PQ-XL,20.0,False
83968-5PQ-XS,17.0,False
83968-5PQ-XXL,18.0,False
83968-5PQ-XXS,5.0,False
83969-5CJ-50,43.0,False
83969-5CJ-60,51.0,False
83969-5CJ-NB,12.0,False
83972-5CA-100,80.0,False
83972-5CA-110,76.0,False
83972-5CA-120,60.0,False
83972-5CA-130,55.0,False
83972-5CA-140,50.0,False
83972-5CA-75,16.0,False
83972-5CA-80,32.0,False
83972-5CA-85,57.0,False
83972-5CA-90,90.0,False
83972-5CK-100,80.0,False
83972-5CK-110,75.0,False
83972-5CK-120,63.0,False
83972-5CK-130,55.0,False
83972-5CK-140,50.0,False
83972-5CK-75,22.0,False
83972-5CK-80,30.0,False
83972-5CK-85,58.0,False
83972-5CK-90,90.0,False
83972-5PQ-100,80.0,False
83972-5PQ-110,75.0,False
83972-5PQ-120,65.0,False
83972-5PQ-130,59.0,False
83972-5PQ-140,51.0,False
83972-5PQ-80,46.0,False
83972-5PQ-85,88.0,False
83972-5PQ-90,90.0,False
83973-4XV-100,50.0,False
83973-4XV-110,40.0,False
83973-4XV-120,30.0,False
83973-4XV-130,28.0,False
83973-4XV-140,25.0,False
83973-4XV-150,25.0,False
83973-4XV-85,50.0,False
83973-4XV-90,50.0,False
83973-4ZS-100,50.0,False
83973-4ZS-110,40.0,False
83973-4ZS-120,30.0,False
83973-4ZS-130,25.0,False
83973-4ZS-140,25.0,False
83973-4ZS-150,25.0,False
83973-4ZS-85,50.0,False
83973-4ZS-90,55.0,False
83973-5B5-100,51.0,False
83973-5B5-110,40.0,False
83973-5B5-120,30.0,False
83973-5B5-130,28.0,False
83973-5B5-140,25.0,False
83973-5B5-150,25.0,False
83973-5B5-85,52.0,False
83973-5B5-90,50.0,False
83973-5FY-100,40.0,False
83973-5FY-110,40.0,False
83973-5FY-120,30.0,False
83973-5FY-130,30.0,False
83973-5FY-140,25.0,False
83973-5FY-150,26.0,False
83973-5FY-85,50.0,False
83973-5FY-90,50.0,False
83974-4AT-L,16.0,False
83974-4AT-M,18.0,False
83974-4AT-S,22.0,False
83974-4AT-XL,14.0,False
83974-4AT-XS,24.0,False
83974-4AT-XXL,14.0,False
83974-5EC-L,14.0,False
83974-5EC-M,18.0,False
83974-5EC-S,20.0,False
83974-5EC-XL,14.0,False
83974-5EC-XS,22.0,False
83974-5EC-XXL,14.0,False
83975-4XV-100,25.0,False
83975-4XV-110,25.0,False
83975-4XV-120,18.0,False
83975-4XV-130,15.0,False
83975-4XV-140,15.0,False
83975-4XV-150,15.0,False
83975-4XV-85,33.0,False
83975-4XV-90,35.0,False
83975-4ZS-120,23.0,False
83975-4ZS-130,19.0,False
83975-4ZS-140,19.0,False
83975-4ZS-150,17.0,False
83975-4ZS-85,20.0,False
83975-4ZS-90,24.0,False
83976-3XG-100,60.0,False
83976-3XG-110,60.0,False
83976-3XG-120,58.0,False
83976-3XG-130,50.0,False
83976-3XG-140,50.0,False
83976-3XG-150,50.0,False
83976-3XG-85,60.0,False
83976-3XG-90,60.0,False
83976-3XJ-150,53.0,False
83978-5BV-85,80.0,False
83978-5BX-100,60.0,False
83978-5BX-120,48.0,False
83978-5BX-130,46.0,False
83978-5BX-140,38.0,False
83978-5BX-150,39.0,False
83978-5CM-100,52.0,False
83978-5CM-120,44.0,False
83978-5CM-130,41.0,False
83978-5CM-140,37.0,False
83978-5CM-150,34.0,False
83978-5CM-85,57.0,False
83978-5CM-90,52.0,False
83978-5QG-100,67.0,False
83978-5QG-110,55.0,False
83978-5QG-120,46.0,False
83978-5QG-130,48.0,False
83978-5QG-140,42.0,False
83978-5QG-150,30.0,False
83978-5QG-85,67.0,False
83978-5QG-90,61.0,False
83979-5DS-100,80.0,False
83979-5DS-110,70.0,False
83979-5DS-120,60.0,False
83979-5DS-130,55.0,False
83979-5DS-140,40.0,False
83979-5DS-150,40.0,False
83979-5DS-85,108.0,False
83979-5DS-90,90.0,False
83979-5QH-100,80.0,False
83979-5QH-120,60.0,False
83979-5QH-140,49.0,False
83979-5QH-150,35.0,False
83979-5QH-85,109.0,False
83979-5QH-90,90.0,False
83979-5QK-100,85.0,False
83979-5QK-110,70.0,False
83979-5QK-120,70.0,False
83979-5QK-150,40.0,False
83979-5QK-85,88.0,False
83979-5QK-90,101.0,False
83980-5DC-L,14.0,False
83980-5DC-M,12.0,False
83980-5DC-S,14.0,False
83980-5DC-XL,10.0,False
83980-5DC-XS,12.0,False
83980-5DC-XXL,10.0,False
83980-5DC-XXS,14.0,False
83981-5AN-100,60.0,False
83981-5AN-130,52.0,False
83981-5AN-140,50.0,False
83981-5AN-150,50.0,False
83981-5AN-85,60.0,False
83981-5AN-90,66.0,False
83981-5AT-100,60.0,False
83981-5AT-110,60.0,False
83981-5AT-120,50.0,False
83981-5AT-130,50.0,False
83981-5AT-140,54.0,False
83981-5AT-150,50.0,False
83981-5AT-85,50.0,False
83981-5AT-90,64.0,False
83983-4XV-50,50.0,False
83983-4XV-60,45.0,False
83983-4XV-70,40.0,False
83983-4XV-75,40.0,False
83983-4XV-80,35.0,False
83983-4XV-85,30.0,False
83983-4XV-90,30.0,False
83983-4ZS-80,35.0,False
83983-4ZS-85,30.0,False
83983-4ZS-90,25.0,False
83983-5B5-75,40.0,False
83983-5B5-80,35.0,False
83983-5B5-85,30.0,False
83983-5B5-90,30.0,False
83983-5FY-50,50.0,False
83983-5FY-60,45.0,False
83983-5FY-70,40.0,False
83983-5FY-75,40.0,False
83983-5FY-80,35.0,False
83983-5FY-85,30.0,False
83983-5FY-90,25.0,False
83984-5AN-50,81.0,False
83984-5AN-60,90.0,False
83984-5AN-70,90.0,False
83984-5AN-75,80.0,False
83984-5AN-80,80.0,False
83984-5AN-85,80.0,False
83984-5AN-90,80.0,False
83986-4AT-50,56.0,False
83986-4AT-60,46.0,False
83986-4AT-70,45.0,False
83986-4AT-75,38.0,False
83986-4AT-80,36.0,False
83988-3KF-50,31.0,False
83988-3KF-60,79.0,False
83988-3KF-70,95.0,False
83988-3KF-75,90.0,False
83988-3KF-80,88.0,False
83988-3KF-85,80.0,False
83988-3KF-90,75.0,False
83989-3YO-50,28.0,False
83989-3YO-60,28.0,False
83989-3YO-70,24.0,False
83989-3YO-75,24.0,False
83989-3YO-80,20.0,False
83989-3YO-85,20.0,False
83989-3YO-90,16.0,False
83989-3ZM-50,28.0,False
83989-3ZM-60,28.0,False
83989-3ZM-70,24.0,False
83989-3ZM-75,24.0,False
83989-3ZM-80,20.0,False
83989-3ZM-85,20.0,False
83989-3ZM-90,16.0,False
83989-3ZO-50,28.0,False
83989-3ZO-60,28.0,False
83989-3ZO-70,24.0,False
83989-3ZO-75,24.0,False
83989-3ZO-80,20.0,False
83989-3ZO-85,20.0,False
83989-3ZO-90,16.0,False
83990-3YO-50,45.0,False
83990-3YO-60,40.0,False
83990-3YO-70,40.0,False
83990-3YO-75,35.0,False
83990-3YO-80,35.0,False
83990-3YO-85,30.0,False
83990-3YO-90,30.0,False
83990-3ZO-50,45.0,False
83990-3ZO-60,40.0,False
83990-3ZO-70,40.0,False
83990-3ZO-75,35.0,False
83990-3ZO-80,35.0,False
83990-3ZO-85,30.0,False
83990-3ZO-90,30.0,False
83992-5BX-50,32.0,False
83992-5BX-60,81.0,False
83992-5BX-80,80.0,False
83992-5CA-50,48.0,False
83992-5CA-70,90.0,False
83992-5CA-75,90.0,False
83992-5CA-80,85.0,False
83992-5DD-50,39.0,False
83992-5DD-60,102.0,False
83992-5DD-70,100.0,False
83992-5DD-75,90.0,False
83992-5DD-80,80.0,False
83993-015-100,150.0,False
83993-015-110,140.0,False
83993-015-120,130.0,False
83993-015-130,120.0,False
83993-015-140,110.0,False
83993-015-150,100.0,False
83993-015-85,170.0,False
83993-015-90,160.0,False
83993-3UZ-120,130.0,False
83993-3UZ-130,120.0,False
83993-3UZ-140,115.0,False
83993-3UZ-150,100.0,False
83993-3VH-100,150.0,False
83993-3VH-110,140.0,False
83993-3VH-120,141.0,False
83993-3VH-130,120.0,False
83993-3VH-140,110.0,False
83993-3VH-150,100.0,False
83993-3VH-85,159.0,False
83993-3VH-90,160.0,False
83995-5DC-100,27.0,False
83995-5DC-110,20.0,False
83995-5DC-120,20.0,False
83995-5DC-130,15.0,False
83995-5DC-140,14.0,False
83995-5DC-150,16.0,False
83995-5DC-85,38.0,False
83995-5DC-90,35.0,False
83997-5EE-50,14.0,False
83997-5EE-60,41.0,False
83997-5EE-65,78.0,False
83997-5EG-50,11.0,False
83997-5EG-60,34.0,False
83997-5EG-65,64.0,False
83998-5ED-120,45.0,False
83998-5ED-130,60.0,False
83998-5ED-140,53.0,False
83998-5EF-100,57.0,False
83998-5EF-120,34.0,False
83998-5EF-130,54.0,False
83998-5EF-140,41.0,False
83998-5EF-150,38.0,False
83998-5EF-75,19.0,False
83998-5EF-85,41.0,False
83998-5EF-90,37.0,False
83998-5EH-100,30.0,False
83998-5EH-110,42.0,False
83998-5EH-120,18.0,False
83998-5EH-130,26.0,False
83998-5EH-140,21.0,False
83998-5EH-150,17.0,False
83998-5EH-75,11.0,False
83998-5EH-80,15.0,False
83998-5EH-85,22.0,False
83998-5EH-90,20.0,False
83998-5EK-100,38.0,False
83998-5EK-110,44.0,False
83998-5EK-120,20.0,False
83998-5EK-130,37.0,False
83998-5EK-140,27.0,False
83998-5EK-150,26.0,False
83998-5EK-90,26.0,False
83999-5EE-L,33.0,False
83999-5EG-L,24.0,False
83999-5EG-M,60.0,False
83999-5EG-S,60.0,False
83999-5EG-XS,19.0,False
84002-2VA-XL,22.0,False
84002-2VA-XS,31.0,False
84002-2VA-XXL,20.0,False
84003-5EC-50,22.0,False
84003-5EC-60,70.0,False
84003-5EC-70,66.0,False
84003-5EC-75,60.0,False
84003-5EC-80,54.0,False
84003-5EC-85,50.0,False
84003-5EC-90,46.0,False
84005-5FH-100,66.0,False
84005-5FH-85,47.0,False
84005-5FH-90,55.0,False
84009-5FK-100,35.0,False
84009-5FK-75,50.0,False
84009-5FK-80,45.0,False
84009-5FK-85,40.0,False
84009-5FK-90,40.0,False
84009-5FP-75,50.0,False
84009-5FP-80,45.0,False
84009-5FP-85,40.0,False
84010-5PK-130,20.0,False
84010-5PK-140,15.0,False
84010-5PK-150,14.0,False
84012-5FV-75,51.0,False
84015-5GD-100,150.0,False
84015-5GD-85,88.0,False
84015-5GE-100,150.0,False
84015-5GE-110,140.0,False
84015-5GE-90,160.0,False
84016-5FD-100,86.0,False
84016-5FD-110,80.0,False
84016-5FD-120,76.0,False
84016-5FD-130,75.0,False
84016-5FD-140,70.0,False
84016-5FD-150,66.0,False
84016-5FD-85,72.0,False
84016-5FD-90,90.0,False
84016-5FG-100,86.0,False
84016-5FG-110,80.0,False
84016-5FG-120,76.0,False
84016-5FG-130,70.0,False
84016-5FG-140,70.0,False
84016-5FG-150,60.0,False
84016-5FG-85,68.0,False
84016-5FG-90,78.0,False
84016-5FI-100,86.0,False
84016-5FI-110,80.0,False
84016-5FI-120,76.0,False
84016-5FI-130,70.0,False
84016-5FI-140,70.0,False
84016-5FI-150,65.0,False
84016-5FI-85,73.0,False
84016-5FI-90,90.0,False
84016-5FM-100,86.0,False
84016-5FM-110,83.0,False
84016-5FM-85,98.0,False
84016-5FM-90,90.0,False
84016-5FN-100,86.0,False
84016-5FN-110,84.0,False
84016-5FN-120,76.0,False
84016-5FN-130,74.0,False
84016-5FN-140,70.0,False
84016-5FN-150,60.0,False
84016-5FN-85,90.0,False
84016-5FN-90,90.0,False
84017-5FH-XXL,22.0,False
84017-5FH-XXS,20.0,False
84018-5CG-150,18.0,False
84018-5QJ-150,18.0,False
84018-5QJ-75,23.0,False
84018-5QJ-80,34.0,False
84024-2TM-100,48.0,False
84024-2TM-110,48.0,False
84024-2TM-120,44.0,False
84024-2TM-130,44.0,False
84024-2TM-140,40.0,False
84024-2TM-150,40.0,False
84024-2TM-85,33.0,False
84024-2TM-90,56.0,False
84024-2ZJ-100,46.0,False
84024-2ZJ-110,46.0,False
84024-2ZJ-120,44.0,False
84024-2ZJ-130,40.0,False
84024-2ZJ-140,40.0,False
84024-2ZJ-150,36.0,False
84024-2ZJ-85,21.0,False
84024-2ZJ-90,51.0,False
84025-4BV-100,75.0,False
84025-4BV-110,70.0,False
84025-4BV-120,65.0,False
84025-4BV-130,55.0,False
84025-4BV-140,50.0,False
84025-4BV-150,50.0,False
84025-4YX-85,100.0,False
84025-4YZ-85,100.0,False
84036-5IH-100,79.0,False
84038-5IU-S,160.0,False
84038-5IU-XL,10.0,False
84038-5IU-XS,117.0,False
84043-5IO-100,40.0,False
84048-5IH-100,60.0,False
84049-5IO-110,35.0,False
84049-5IO-120,35.0,False
84049-5IO-130,30.0,False
84052-5IH-85,28.0,False
84052-5UH-75,12.0,False
84052-5UH-85,31.0,False
84053-5IH-85,28.0,False
84053-5IK-75,10.0,False
84053-5IK-80,18.0,False
84053-5IK-85,31.0,False
84053-5UH-80,18.0,False
84053-5UH-85,31.0,False
84055-5UH-M,20.0,False
84055-5UH-S,20.0,False
84055-5UH-XS,24.0,False
84055-5UH-XXL,9.0,False
84056-5IF-110,57.0,False
84057-5IF-100,128.0,False
84057-5IF-110,72.0,False
84057-5IF-75,39.0,False
84058-5IF-50,64.0,False
84058-5IF-60,94.0,False
84058-5IF-70,119.0,False
84058-5IF-75,132.0,False
84058-5IF-85,52.0,False
84064-5DN-85,30.0,False
84073-5IM-140,19.0,False
84073-5IM-150,11.0,False
84073-5IM-160,10.0,False
84073-5IM-85,14.0,False
84074-5IM-160,18.0,False
84074-5IM-85,27.0,False
84075-5IN-100,80.0,False
84075-5IN-110,82.0,False
84075-5IN-120,78.0,False
84075-5IN-130,63.0,False
84075-5IN-140,18.0,False
84075-5IN-150,17.0,False
84075-5IN-85,30.0,False
84075-5IN-90,97.0,False
84082-2NN-85,140.0,False
84082-2NN-90,120.0,False
84082-5K5-85,200.0,False
84082-5KC-100,130.0,False
84082-5KC-110,110.0,False
84082-5KC-120,100.0,False
84082-5KC-130,80.0,False
84082-5KC-140,80.0,False
84082-5KC-150,75.0,False
84082-5KC-85,79.0,False
84082-5KC-90,130.0,False
84082-5KQ-150,75.0,False
84082-5LD-85,140.0,False
84082-5LD-90,120.0,False
84082-5LK-150,75.0,False
84082-5LK-85,96.0,False
84082-5LK-90,130.0,False
84082-5NC-120,45.0,False
84082-5NC-130,45.0,False
84082-5NC-140,40.0,False
84082-5NC-150,35.0,False
84082-5NC-85,39.0,False
84082-5NC-90,73.0,False
84082-5UC-100,110.0,False
84082-5UC-90,120.0,False
84082-5UD-150,70.0,False
84082-5UO-100,50.0,False
84082-5UO-110,50.0,False
84082-5UO-120,45.0,False
84082-5UO-130,45.0,False
84082-5UO-140,40.0,False
84082-5UO-150,35.0,False
84082-5UO-85,39.0,False
84082-5UO-90,73.0,False
84082-5VB-100,50.0,False
84082-5VB-90,70.0,False
84085-5LX-130,90.0,False
84085-5LX-140,90.0,False
84085-5LX-150,70.0,False
84085-5LY-110,100.0,False
84085-5LY-120,100.0,False
84085-5LY-130,90.0,False
84085-5LY-140,91.0,False
84085-5LY-150,79.0,False
84085-5LY-85,140.0,False
84085-5LY-90,120.0,False
84085-5LZ-120,100.0,False
84085-5LZ-130,90.0,False
84085-5LZ-140,90.0,False
84085-5LZ-150,70.0,False
84085-5M5-130,90.0,False
84085-5M5-140,90.0,False
84085-5M5-150,70.0,False
84087-5LW-50,60.0,False
84087-5LW-60,60.0,False
84087-5LW-70,55.0,False
84087-5LW-75,55.0,False
84087-5LW-80,50.0,False
84087-5LX-50,150.0,False
84087-5LX-70,140.0,False
84087-5LX-75,130.0,False
84087-5LX-80,120.0,False
84087-5LY-50,130.0,False
84087-5LY-60,140.0,False
84087-5LY-70,140.0,False
84087-5LY-75,130.0,False
84087-5LZ-50,96.0,False
84087-5M5-50,150.0,False
84087-5M5-70,140.0,False
84087-5M5-75,130.0,False
84090-5KM-140,36.0,False
84090-5KM-150,36.0,False
84090-5KP-140,90.0,False
84090-5LT-150,27.0,False
84091-5KP-150,45.0,False
84091-5LT-130,24.0,False
84091-5LT-140,22.0,False
84091-5LT-150,18.0,False
84091-5UF-130,45.0,False
84091-5UF-140,29.0,False
84091-5UF-150,45.0,False
84095-5KB-50,110.0,False
84095-5KB-70,120.0,False
84095-5KB-80,100.0,False
84095-5UD-50,102.0,False
84095-5UD-60,160.0,False
84095-5UD-70,160.0,False
84095-5UD-75,150.0,False
84095-5UD-80,140.0,False
84096-5HV-140,29.0,False
84096-5HV-150,27.0,False
84097-26N-100,80.0,False
84097-26N-110,80.0,False
84097-26N-85,90.0,False
84097-26N-90,90.0,False
84097-5NV-100,81.0,False
84097-5NV-85,90.0,False
84097-5NV-90,90.0,False
84097-5QU-100,80.0,False
84097-5QU-110,80.0,False
84097-5QU-90,90.0,False
84103-5PS-130,40.0,False
84103-5PS-140,36.0,False
84103-5PS-150,25.0,False
84103-5PT-110,50.0,False
84103-5PT-120,45.0,False
84103-5PT-85,20.0,False
84103-5PT-90,34.0,False
84104-1GF-120,40.0,False
84104-1GF-130,36.0,False
84104-1GF-140,35.0,False
84104-1GF-150,30.0,False
84111-5TC-100,80.0,False
84111-5TC-130,70.0,False
84111-5TC-140,60.0,False
84111-5TC-150,56.0,False
84111-5TC-85,36.0,False
84111-5TC-90,74.0,False
84111-5TD-85,36.0,False
84111-5TE-85,36.0,False
84111-5TE-90,72.0,False
84111-5TF-100,80.0,False
84111-5TF-150,60.0,False
84111-5TF-85,37.0,False
84111-5TF-90,76.0,False
84113-4EA-100,90.0,False
84113-4EA-110,80.0,False
84113-4EA-120,82.0,False
84113-4EA-130,48.0,False
84113-4EA-85,78.0,False
84113-4EA-90,90.0,False
84113-5OT-100,90.0,False
84113-5OT-110,81.0,False
84113-5OT-120,81.0,False
84113-5OT-130,48.0,False
84113-5OT-85,81.0,False
84113-5OT-90,90.0,False
84114-5ES-130,60.0,False
84114-5ES-140,55.0,False
84114-5ES-150,50.0,False
84114-5R5-100,90.0,False
84114-5R5-110,84.0,False
84114-5R5-120,70.0,False
84114-5R5-130,60.0,False
84114-5R5-140,55.0,False
84114-5R5-150,50.0,False
84114-5R5-85,113.0,False
84114-5R5-90,100.0,False
84115-5GZ-100,118.0,False
84115-5GZ-110,107.0,False
84115-5GZ-140,49.0,False
84115-5GZ-150,33.0,False
84115-A38-130,64.0,False
84119-5KH-85,60.0,False
84119-5OP-130,48.0,False
84119-5OP-140,35.0,False
84119-5OP-150,17.0,False
84120-5SA-120,75.0,False
84120-5SA-130,65.0,False
84120-5SA-140,60.0,False
84120-5SA-150,50.0,False
84120-5SB-110,80.0,False
84120-5SB-120,75.0,False
84120-5SB-130,65.0,False
84120-5SB-140,60.0,False
84120-5SB-150,50.0,False
84120-5SC-110,80.0,False
84120-5SC-130,65.0,False
84120-5SC-140,60.0,False
84120-5SC-150,50.0,False
84123-5PT-130,40.0,False
84123-5PT-140,40.0,False
84123-5PT-150,30.0,False
84126-5PL-100,94.0,False
84126-5PL-110,117.0,False
84126-5PL-120,120.0,False
84126-5PL-130,110.0,False
84126-5PL-140,98.0,False
84126-5PL-150,60.0,False
84126-5PL-85,35.0,False
84126-5PL-90,68.0,False
84126-5QF-100,123.0,False
84126-5QF-110,130.0,False
84126-5QF-120,120.0,False
84126-5QF-130,110.0,False
84126-5QF-140,100.0,False
84126-5QF-150,77.0,False
84126-5QF-85,43.0,False
84126-5QF-90,93.0,False
84127-5PL-150,51.0,False
84127-5PL-85,18.0,False
84127-5PL-90,38.0,False
84127-5QF-85,28.0,False
84127-5QF-90,57.0,False
84128-5H5-85,6.0,False
84128-5HP-150,38.0,False
84129-5KB-130,90.0,False
84129-5KB-140,59.0,False
84129-5KB-150,33.0,False
84129-5PD-140,47.0,False
84129-5PD-150,25.0,False
84130-461-110,80.0,False
84130-461-120,76.0,False
84130-461-130,70.0,False
84130-461-150,48.0,False
84130-SR4-100,85.0,False
84130-SR4-110,80.0,False
84130-SR4-120,75.0,False
84130-SR4-130,70.0,False
84130-SR4-140,60.0,False
84132-5PU-100,72.0,False
84132-5PU-110,70.0,False
84132-5PU-130,60.0,False
84132-5PU-140,62.0,False
84132-5PU-85,24.0,False
84132-5PU-90,50.0,False
84132-5PV-100,70.0,False
84132-5PV-120,61.0,False
84132-5PV-130,64.0,False
84132-5PV-140,60.0,False
84132-5PV-85,36.0,False
84132-5PV-90,71.0,False
84133-5NY-100,49.0,False
84133-5NY-110,50.0,False
84135-5DR-100,65.0,False
84135-5DR-120,49.0,False
84135-5DR-130,53.0,False
84137-5DR-100,100.0,False
84137-5DR-110,90.0,False
84137-5DR-120,82.0,False
84137-5DR-130,70.0,False
84137-5DR-140,63.0,False
84137-5DR-150,32.0,False
84137-5DR-85,35.0,False
84137-5DR-90,72.0,False
84138-5RJ-100,85.0,False
84138-5RJ-110,80.0,False
84138-5RJ-120,75.0,False
84138-5RJ-140,62.0,False
84138-5RJ-150,33.0,False
84138-5RJ-85,33.0,False
84138-5RJ-90,70.0,False
84140-5MX-150,23.0,False
84140-5MX-85,21.0,False
84140-5MX-90,47.0,False
84140-5NX-150,23.0,False
84140-5NX-85,21.0,False
84140-5NX-90,47.0,False
84141-5HC-100,75.0,False
84141-5HC-110,70.0,False
84141-5HC-120,65.0,False
84141-5HC-130,60.0,False
84141-5HC-140,36.0,False
84141-5HC-150,17.0,False
84141-5HC-90,73.0,False
84141-5RC-130,60.0,False
84141-5RC-140,33.0,False
84141-5RC-150,13.0,False
84141-76X-120,65.0,False
84141-76X-130,62.0,False
84141-76X-140,53.0,False
84141-76X-150,30.0,False
84146-5MS-100,60.0,False
84146-5MS-120,70.0,False
84146-5MS-130,70.0,False
84146-5MS-140,70.0,False
84146-5MS-150,67.0,False
84154-5MB-50,11.0,False
84154-5MB-60,39.0,False
84154-5MB-75,60.0,False
84154-5MB-80,60.0,False
84154-5MB-90,50.0,False
84154-5ME-50,8.0,False
84154-5MF-50,12.0,False
84155-4DP-50,67.0,False
84155-4DP-60,124.0,False
84155-4DP-70,202.0,False
84155-4DP-75,185.0,False
84155-4DP-80,126.0,False
84155-5KB-50,95.0,False
84155-5KB-60,182.0,False
84155-5KB-70,200.0,False
84155-5KB-75,200.0,False
84155-5KB-80,178.0,False
84155-5KC-50,92.0,False
84155-5KC-60,150.0,False
84155-5KC-70,150.0,False
84155-5KC-75,150.0,False
84155-5KC-80,140.0,False
84155-5KE-50,80.0,False
84155-5KE-60,143.0,False
84155-5KE-70,150.0,False
84155-5KE-75,150.0,False
84155-5KE-80,95.0,False
84156-33L-50,61.0,False
84156-33L-60,70.0,False
84156-33L-70,80.0,False
84156-33L-75,67.0,False
84156-33L-80,75.0,False
84156-33L-85,30.0,False
84156-33L-90,21.0,False
84156-5MF-50,25.0,False
84156-5MF-60,51.0,False
84156-5MF-70,72.0,False
84156-5MF-75,71.0,False
84156-5MF-80,46.0,False
84156-5MF-85,21.0,False
84156-5MF-90,10.0,False
84156-5SM-50,61.0,False
84156-5SM-60,70.0,False
84156-5SM-70,80.0,False
84156-5SM-75,65.0,False
84156-5SM-80,75.0,False
84156-5SM-85,30.0,False
84156-5SM-90,21.0,False
84157-5MB-50,62.0,False
84157-5MB-60,164.0,False
84157-5MB-70,140.0,False
84157-5MB-75,130.0,False
84157-5MB-80,120.0,False
84157-5MF-50,64.0,False
84157-5MF-60,160.0,False
84157-5MF-70,140.0,False
84157-5MF-75,130.0,False
84157-5RK-50,83.0,False
84157-5RK-60,150.0,False
84157-5RK-70,140.0,False
84157-5RK-75,120.0,False
84157-5RK-80,120.0,False
84158-4CS-75,100.0,False
84158-4CS-80,92.0,False
84159-5KC-70,115.0,False
84159-5KC-80,83.0,False
84159-5KC-85,64.0,False
84159-5KC-90,48.0,False
84163-5HP-50,12.0,False
84169-5NR-100,36.0,False
84169-5NR-110,30.0,False
84169-5NR-120,27.0,False
84169-5NR-130,24.0,False
84169-5NR-140,21.0,False
84169-5NR-85,37.0,False
84169-5NR-90,36.0,False
84169-5UG-120,27.0,False
84169-5UG-130,24.0,False
84169-5UG-140,21.0,False
84169-5UG-85,36.0,False
84169-5UG-90,36.0,False
84169-5UL-100,36.0,False
84169-5UL-110,32.0,False
84169-5UL-120,27.0,False
84169-5UL-130,24.0,False
84169-5UL-140,21.0,False
84169-5UL-85,36.0,False
84169-5UL-90,36.0,False
84170-5NR-120,40.0,False
84170-5NR-130,35.0,False
84170-5NR-140,35.0,False
84170-5UG-100,45.0,False
84170-5UG-110,42.0,False
84170-5UG-120,40.0,False
84170-5UG-130,35.0,False
84170-5UG-140,35.0,False
84170-5UG-85,45.0,False
84170-5UG-90,45.0,False
84170-5UL-100,45.0,False
84170-5UL-110,40.0,False
84170-5UL-120,40.0,False
84170-5UL-130,35.0,False
84170-5UL-140,36.0,False
84170-5UL-85,33.0,False
84170-5UL-90,45.0,False
84171-5KD-60,110.0,False
84171-5KD-75,110.0,False
84171-5KD-80,100.0,False
84171-5KD-NB,59.0,False
84171-5MB-80,54.0,False
84171-5MF-50,110.0,False
84171-5MF-60,110.0,False
84171-5MF-70,120.0,False
84171-5MF-75,110.0,False
84171-5MF-80,100.0,False
84171-5MF-NB,98.0,False
84171-5MO-80,50.0,False
84171-5MU-50,50.0,False
84171-5MU-60,58.0,False
84171-5MU-70,48.0,False
84171-5MU-75,48.0,False
84171-5MU-80,48.0,False
84171-5MU-NB,53.0,False
84171-5NL-50,110.0,False
84171-5NL-70,120.0,False
84171-5NL-80,100.0,False
84171-5NL-NB,92.0,False
84172-5NR-75,61.0,False
84172-5NR-80,64.0,False
84172-5UL-75,60.0,False
84172-5UL-80,60.0,False
84174-5KZ-L,12.0,False
84174-5KZ-M,15.0,False
84174-5KZ-XL,14.0,False
84174-5KZ-XXL,12.0,False
84174-5UA-L,12.0,False
84174-5UA-XL,12.0,False
84174-5UA-XXL,12.0,False
84174-5UA-XXS,15.0,False
84175-4QP-L,9.0,False
84175-4QP-M,15.0,False
84175-4QP-XS,13.0,False
84175-5UL-L,9.0,False
84175-5UL-M,12.0,False
84175-5UL-S,13.0,False
84175-5UL-XL,9.0,False
84175-5UL-XS,13.0,False
84175-5UL-XXL,6.0,False
84175-5UL-XXS,11.0,False
84177-5PM-140,41.0,False
84177-5PM-150,25.0,False
84177-5RD-150,20.0,False
84178-5NJ-110,70.0,False
84178-5NJ-130,60.0,False
84178-5NJ-140,41.0,False
84178-5NJ-150,30.0,False
84178-5NJ-85,34.0,False
84178-5NJ-90,70.0,False
84178-5NK-100,80.0,False
84178-5NK-110,65.0,False
84178-5NK-120,68.0,False
84178-5NK-130,60.0,False
84178-5NK-140,55.0,False
84178-5NK-150,38.0,False
84178-5NK-85,42.0,False
84178-5NK-90,80.0,False
84178-5PJ-100,80.0,False
84178-5PJ-110,70.0,False
84178-5PJ-120,65.0,False
84178-5PJ-130,61.0,False
84178-5PJ-140,55.0,False
84178-5PJ-150,40.0,False
84178-5PJ-85,51.0,False
84178-5PJ-90,80.0,False
84179-5KA-150,22.0,False
84179-5NF-150,22.0,False
84179-5PR-100,50.0,False
84179-5PR-110,44.0,False
84179-5PR-120,42.0,False
84179-5PR-130,39.0,False
84179-5PR-140,32.0,False
84179-5PR-150,15.0,False
84179-5PR-90,60.0,False
84180-5MW-130,76.0,False
84180-5MW-140,44.0,False
84180-5MW-150,23.0,False
84180-5MW-85,23.0,False
84180-5MZ-130,86.0,False
84180-5MZ-140,49.0,False
84180-5MZ-150,27.0,False
84180-5NC-150,27.0,False
84183-5NZ-150,15.0,False
84185-5H5-150,27.0,False
84193-5RJ-110,121.0,False
84193-5RJ-120,120.0,False
84193-5RJ-130,97.0,False
84193-5RJ-140,60.0,False
84193-5RJ-85,62.0,False
84193-5RJ-90,103.0,False
84200-5YV-150,31.0,False
84201-5DW-100,170.0,False
84201-5DW-90,180.0,False
84203-5DW-100,120.0,False
84203-5DW-110,110.0,False
84203-5DW-120,100.0,False
84203-5DW-130,90.0,False
84203-5DW-140,80.0,False
84203-5DW-150,80.0,False
84204-5OV-XS,55.0,False
84208-5GZ-85,34.0,False
84210-5MO-100,66.0,False
84210-5MO-110,74.0,False
84210-5MO-120,56.0,False
84210-5MO-130,49.0,False
84210-5MO-140,23.0,False
84210-5MO-150,12.0,False
84210-5MO-90,82.0,False
84213-1GP-100,75.0,False
84213-1GP-120,68.0,False
84213-1GP-130,56.0,False
84213-1GP-150,34.0,False
84213-5RC-110,59.0,False
84213-5RC-120,62.0,False
84213-5RC-130,60.0,False
84213-5RC-140,35.0,False
84213-5RC-150,20.0,False
84217-5H5-100,66.0,False
84217-5H5-110,60.0,False
84217-5H5-120,60.0,False
84217-5H5-130,64.0,False
84217-5H5-140,60.0,False
84217-5H5-150,59.0,False
84217-5H5-85,33.0,False
84217-5H5-90,67.0,False
84217-5HR-100,70.0,False
84217-5HR-110,60.0,False
84217-5HR-120,60.0,False
84217-5HR-130,70.0,False
84217-5HR-140,54.0,False
84217-5HR-150,54.0,False
84217-5HR-85,52.0,False
84217-5HR-90,70.0,False
84217-76X-85,67.0,False
84217-DA2-150,54.0,False
84217-DA2-85,52.0,False
84217-DA2-90,70.0,False
84225-5RK-50,22.0,False
84225-5RK-60,81.0,False
84225-5RK-70,70.0,False
84225-5RK-75,65.0,False
84225-5RK-80,60.0,False
84225-5RK-85,55.0,False
84227-4DP-50,104.0,False
84227-4DP-60,155.0,False
84227-4DP-70,145.0,False
84227-4DP-75,135.0,False
84227-4DP-80,125.0,False
84227-5LR-50,112.0,False
84227-5LR-60,155.0,False
84227-5LR-70,145.0,False
84227-5LR-75,135.0,False
84227-5LR-80,125.0,False
84227-5LR-85,115.0,False
84227-5PC-60,155.0,False
84227-5PC-70,145.0,False
84227-5PC-75,135.0,False
84227-5PC-80,125.0,False
84227-5PC-85,86.0,False
84231-5NY-70,60.0,False
84231-5NY-75,60.0,False
84231-5NY-80,42.0,False
84241-5GZ-150,30.0,False
84241-5HP-150,30.0,False
84242-015-75,40.0,False
84242-015-85,40.0,False
84242-5EB-100,33.0,False
84242-5EB-75,46.0,False
84242-5EB-80,40.0,False
84242-5EB-85,40.0,False
84242-5EB-90,32.0,False
84242-5H5-100,30.0,False
84242-5H5-75,40.0,False
84242-5H5-80,40.0,False
84242-5H5-85,45.0,False
84242-5H5-90,38.0,False
84242-5HP-75,46.0,False
84242-5HP-80,40.0,False
84242-5HP-85,40.0,False
84242-5HP-90,30.0,False
84248-5FB-80,30.0,False
84248-5FB-85,30.0,False
84248-5QJ-75,35.0,False
84248-5QJ-80,33.0,False
84248-5QJ-85,30.0,False
84249-EV5-50,67.0,False
84249-EV5-60,90.0,False
84249-EV5-70,90.0,False
84249-EV5-75,90.0,False
84249-EV5-80,80.0,False
84251-5DA-50,8.0,False
84251-5DA-60,45.0,False
84251-5DA-70,94.0,False
84251-5DA-75,80.0,False
84251-5DA-80,70.0,False
84251-5DA-85,70.0,False
84251-5DA-90,65.0,False
84252-5FF-50,62.0,False
84252-5FF-60,102.0,False
84252-5FF-70,146.0,False
84252-5FF-75,121.0,False
84252-5FF-80,65.0,False
84252-5FF-NB,33.0,False
84252-5FH-50,66.0,False
84252-5FH-60,107.0,False
84252-5FH-70,187.0,False
84252-5FH-75,136.0,False
84252-5FH-80,66.0,False
84252-5FH-NB,32.0,False
84252-5FJ-50,73.0,False
84252-5FJ-60,121.0,False
84252-5FJ-80,81.0,False
84252-5FJ-NB,41.0,False
84252-5FK-50,73.0,False
84252-5FK-60,107.0,False
84252-5FK-70,168.0,False
84252-5FK-75,138.0,False
84252-5FK-80,78.0,False
84252-5FK-NB,39.0,False
84253-52P-S,15.0,False
84253-52P-XL,12.0,False
84253-52P-XS,15.0,False
84253-52P-XXL,9.0,False
84253-52P-XXS,9.0,False
84256-5SE-100,80.0,False
84256-5SE-110,85.0,False
84256-5SE-120,70.0,False
84256-5SE-130,40.0,False
84256-5SE-90,75.0,False
84260-5HC-60,44.0,False
84260-5HC-80,40.0,False
84261-5PU-50,27.0,False
84261-5PU-60,60.0,False
84261-5PU-70,80.0,False
84261-5PU-75,80.0,False
84261-5PV-50,24.0,False
84261-5PV-60,62.0,False
84261-5PV-70,80.0,False
84261-5PV-75,80.0,False
84261-5PV-80,70.0,False
84261-5PV-85,70.0,False
84261-5PV-90,64.0,False
84263-5DR-70,133.0,False
84263-5DR-75,100.0,False
84263-5DR-80,100.0,False
84268-3HY-70,110.0,False
84268-3HY-75,100.0,False
84273-5OA-50,7.0,False
84273-5XH-50,10.0,False
84273-5XH-60,49.0,False
84273-5XH-75,100.0,False
84275-5XP-50,26.0,False
84275-5XP-60,74.0,False
84275-5XP-70,100.0,False
84275-5XP-75,100.0,False
84275-5XP-80,98.0,False
84275-5XP-85,88.0,False
84275-5XP-90,80.0,False
84275-5XR-50,26.0,False
84275-5XR-60,74.0,False
84275-5XR-70,100.0,False
84275-5XR-75,100.0,False
84275-5XR-80,98.0,False
84275-5XR-85,88.0,False
84275-5XR-90,80.0,False
84277-5DW-50,57.0,False
84277-5DW-70,70.0,False
84277-5DW-75,70.0,False
84277-5DW-80,70.0,False
84277-5DW-90,58.0,False
84279-5YM-80,123.0,False
84279-5YM-85,74.0,False
84279-5YM-90,55.0,False
84280-5KS-100,60.0,False
84280-5KS-90,60.0,False
84280-5KV-100,60.0,False
84280-5KV-90,60.0,False
84280-5LB-90,60.0,False
84281-5KU-110,60.0,False
84281-5KU-85,30.0,False
84281-5KU-90,61.0,False
84281-5KV-85,47.0,False
84281-5KV-90,60.0,False
84281-6AW-85,30.0,False
84283-5PU-100,41.0,False
84283-5PU-110,49.0,False
84283-5PU-130,44.0,False
84283-5PU-140,26.0,False
84283-5PU-150,15.0,False
84283-5PU-85,15.0,False
84283-5PU-90,32.0,False
84283-5PV-100,70.0,False
84283-5PV-85,29.0,False
84283-5PV-90,60.0,False
84284-76X-75,48.0,False
84284-76X-80,40.0,False
84285-5TN-75,200.0,False
84285-5TN-85,150.0,False
84290-5SE-100,80.0,False
84290-5SE-85,80.0,False
84290-5SE-90,80.0,False
84291-5OT-50,116.0,False
84291-5OT-70,106.0,False
84291-5OT-75,102.0,False
84291-5OT-80,104.0,False
84291-5OT-85,93.0,False
84291-5OT-90,90.0,False
84292-5LY-100,90.0,False
84292-5LY-120,88.0,False
84292-5LY-85,100.0,False
84292-5LZ-140,69.0,False
84294-5TU-150,33.0,False
84296-4AQ-150,18.0,False
84296-4AQ-160,18.0,False
84296-4WW-150,18.0,False
84296-4WX-150,18.0,False
84296-4WX-160,19.0,False
84296-4XD-130,24.0,False
84296-4XD-140,21.0,False
84296-4XD-150,18.0,False
84296-4XD-160,18.0,False
84296-4XJ-120,60.0,False
84296-4XJ-130,57.0,False
84296-4XJ-140,45.0,False
84296-4XJ-160,35.0,False
84296-4YE-140,21.0,False
84296-4YE-150,18.0,False
84296-4YE-160,19.0,False
84296-4YP-140,22.0,False
84296-4YP-150,18.0,False
84296-4YP-160,18.0,False
84296-4YQ-160,45.0,False
84296-4YS-100,36.0,False
84296-4YS-110,30.0,False
84296-4YS-120,27.0,False
84296-4YS-130,24.0,False
84296-4YS-140,22.0,False
84296-4YS-150,18.0,False
84296-4YS-160,18.0,False
84296-4YS-75,36.0,False
84296-4YS-80,36.0,False
84296-4YS-85,36.0,False
84296-4YS-90,36.0,False
84296-4ZX-150,48.0,False
84296-4ZX-160,35.0,False
84296-5BE-130,24.0,False
84296-5BE-140,21.0,False
84296-5BE-150,18.0,False
84296-5BE-160,20.0,False
84297-5BS-120,28.0,False
84297-5BS-130,24.0,False
84297-5BS-140,21.0,False
84297-5BS-150,20.0,False
84297-5BS-160,18.0,False
84298-5OT-85,33.0,False
84298-5XV-85,102.0,False
84301-2MH-XXS,11.0,False
84302-4DL-110,70.0,False
84302-4DL-120,65.0,False
84302-4DL-130,60.0,False
84302-4DL-140,50.0,False
84302-4DL-150,47.0,False
84302-4DL-85,49.0,False
84302-4DL-90,80.0,False
84302-5KW-100,75.0,False
84302-5KW-140,50.0,False
84302-5KW-150,45.0,False
84302-5KW-85,42.0,False
84302-5KW-90,80.0,False
84306-5K5-50,155.0,False
84306-5LK-60,147.0,False
84307-5NR-L,18.0,False
84307-5NR-M,22.0,False
84307-5NR-S,20.0,False
84307-5NR-XL,16.0,False
84307-5NR-XS,20.0,False
84307-5NR-XXL,14.0,False
84307-5NR-XXS,14.0,False
84307-60J-M,35.0,False
84307-60J-XXL,8.0,False
84307-60J-XXS,10.0,False
84313-4CH-100,72.0,False
84313-4CH-130,70.0,False
84313-4CH-140,41.0,False
84313-4CH-150,29.0,False
84313-4CH-85,45.0,False
84313-4CH-90,90.0,False
84316-4CG-100,113.0,False
84316-4CG-140,61.0,False
84317-5NR-L,9.0,False
84317-5NR-S,12.0,False
84317-5NR-XS,12.0,False
84317-5NR-XXL,9.0,False
84317-5NR-XXS,12.0,False
84317-5UL-S,12.0,False
84317-5UL-XXS,10.0,False
84318-5M5-L,25.0,False
84318-5M5-M,25.0,False
84318-5M5-S,25.0,False
84318-5M5-XL,20.0,False
84318-5M5-XS,22.0,False
84318-5M5-XXL,13.0,False
84318-5M5-XXS,14.0,False
84320-5M5-L,22.0,False
84320-5M5-M,22.0,False
84320-5M5-S,25.0,False
84320-5M5-XL,20.0,False
84320-5M5-XS,4.0,False
84320-5M5-XXL,7.0,False
84320-5M5-XXS,3.0,False
84321-SR4-80,170.0,False
84322-5NZ-75,89.0,False
84322-5NZ-80,59.0,False
84323-5NZ-70,159.0,False
84323-5NZ-75,181.0,False
84323-5NZ-80,105.0,False
84323-5NZ-85,74.0,False
84326-5MS-100,108.0,False
84326-5MS-110,105.0,False
84326-5MS-120,124.0,False
84326-5MS-130,82.0,False
84326-5MS-150,43.0,False
84326-5MS-85,41.0,False
84326-5MS-90,80.0,False
84326-5NM-100,106.0,False
84326-5NM-110,108.0,False
84326-5NM-120,121.0,False
84326-5NM-140,57.0,False
84326-5NM-150,43.0,False
84326-5NM-90,75.0,False
84327-5YU-85,47.0,False
84327-5YU-90,35.0,False
84328-5MW-85,51.0,False
84329-5NC-150,80.0,False
84330-2WL-50,57.0,False
84330-2WL-60,110.0,False
84330-2WL-70,100.0,False
84330-2WL-75,100.0,False
84330-2WL-80,90.0,False
84330-2WL-85,78.0,False
84330-2WL-90,58.0,False
84333-5UK-50,35.0,False
84333-5UK-60,87.0,False
84333-5UK-70,100.0,False
84333-5UK-75,100.0,False
84333-5UK-80,100.0,False
84333-5UK-85,58.0,False
84334-5VO-100,35.0,False
84334-5VO-110,32.0,False
84334-5VO-150,16.0,False
84334-5VO-85,17.0,False
84334-5VO-90,27.0,False
84334-5VU-85,21.0,False
84334-5VU-90,34.0,False
84335-5VP-100,84.0,False
84335-5VP-110,84.0,False
84335-5VP-120,76.0,False
84335-5VP-140,25.0,False
84335-5VP-150,12.0,False
84335-5VP-90,58.0,False
84337-5VR-100,30.0,False
84337-5VR-85,9.0,False
84337-5VR-90,20.0,False
84342-5VW-150,17.0,False
84343-5VX-150,19.0,False
84349-5VS-160,18.0,False
84354-5NA-85,90.0,False
84354-5NA-90,80.0,False
84354-5NE-85,90.0,False
84354-5NE-90,80.0,False
84355-5PM-50,86.0,False
84355-5PM-60,141.0,False
84355-5PM-70,130.0,False
84355-5PM-75,120.0,False
84355-5PM-80,110.0,False
84355-5RD-50,85.0,False
84355-5RD-60,138.0,False
84355-5RD-70,125.0,False
84355-5RD-75,120.0,False
84355-5RD-80,110.0,False
84360-5VO-110,54.0,False
84360-5VO-120,45.0,False
84360-5VO-85,21.0,False
84360-5VO-90,34.0,False
84360-5VP-100,50.0,False
84360-5VP-110,50.0,False
84360-5VP-150,37.0,False
84360-5VP-90,62.0,False
84361-5L5-80,67.0,False
84361-5LA-80,79.0,False
84365-3HY-70,69.0,False
84365-3HY-75,123.0,False
84365-3HY-80,122.0,False
84367-5VR-120,77.0,False
84367-5VR-130,70.0,False
84367-5VR-140,72.0,False
84367-5VR-150,58.0,False
84368-3KL-100,58.0,False
84368-3KL-110,70.0,False
84368-3KL-120,60.0,False
84368-3KL-130,64.0,False
84368-3KL-85,19.0,False
84368-3KL-90,34.0,False
84369-3KL-50,14.0,False
84369-3KL-60,25.0,False
84369-3KL-70,41.0,False
84369-3KL-75,55.0,False
84369-3KL-80,49.0,False
84369-3KL-85,31.0,False
84370-3KL-50,24.0,False
84370-3KL-70,72.0,False
84370-3KL-80,42.0,False
84370-3KL-90,13.0,False
84371-5GZ-70,75.0,False
84371-5GZ-75,93.0,False
84371-5GZ-80,98.0,False
84371-5GZ-85,89.0,False
84371-5HJ-70,57.0,False
84371-5HJ-75,71.0,False
84371-5HJ-85,66.0,False
84372-5ES-50,65.0,False
84372-5ES-60,55.0,False
84372-5ES-70,63.0,False
84372-5ES-75,59.0,False
84372-5ES-80,50.0,False
84372-5ES-85,58.0,False
84372-5ES-90,50.0,False
84372-5R5-50,70.0,False
84372-5R5-60,60.0,False
84372-5R5-70,60.0,False
84372-5R5-75,50.0,False
84372-5R5-80,50.0,False
84372-5R5-85,50.0,False
84372-5R5-90,40.0,False
84373-5UR-M,36.0,False
84373-5UR-S,35.0,False
84373-5UR-XL,31.0,False
84373-5UR-XXL,15.0,False
84376-5UR-50,33.0,False
84376-5UR-60,69.0,False
84376-5UR-70,82.0,False
84376-5UR-75,97.0,False
84376-5UR-80,55.0,False
84376-5UR-85,42.0,False
84376-5UR-90,22.0,False
84378-5UR-L,36.0,False
84378-5UR-XXL,10.0,False
84383-5UR-150,19.0,False
84383-5UR-85,25.0,False
84387-5UR-50,25.0,False
84387-5UR-60,46.0,False
84387-5UR-70,55.0,False
84387-5UR-80,36.0,False
84389-5UR-S,50.0,False
84389-5UR-XS,21.0,False
84392-5UK-100,90.0,False
84392-5UK-110,90.0,False
84392-5UK-120,80.0,False
84392-5UK-130,80.0,False
84392-5UK-140,84.0,False
84392-5UK-150,41.0,False
84392-5UK-85,93.0,False
84392-5UK-90,90.0,False
84393-6BR-50,110.0,False
84393-6BR-60,110.0,False
84393-6BR-70,120.0,False
84393-6BR-75,120.0,False
84393-6BR-80,68.0,False
84393-6BR-NB,92.0,False
84393-6BS-50,110.0,False
84393-6BS-60,110.0,False
84393-6BS-70,120.0,False
84393-6BS-75,122.0,False
84393-6BS-80,68.0,False
84393-6BS-NB,94.0,False
84393-6BT-50,110.0,False
84393-6BT-60,110.0,False
84393-6BT-70,120.0,False
84393-6BT-75,122.0,False
84393-6BT-80,69.0,False
84393-6BT-NB,92.0,False
84393-6BV-50,110.0,False
84393-6BV-60,110.0,False
84393-6BV-70,120.0,False
84393-6BV-75,117.0,False
84393-6BV-80,65.0,False
84393-6BV-NB,86.0,False
84393-6BW-50,110.0,False
84393-6BW-60,110.0,False
84393-6BW-70,120.0,False
84393-6BW-75,119.0,False
84393-6BW-80,67.0,False
84393-6BW-NB,90.0,False
84394-6CD-50,99.0,False
84394-6CD-60,120.0,False
84394-6CD-70,102.0,False
84394-6CD-75,67.0,False
84394-6CD-80,51.0,False
84394-6CD-NB,44.0,False
84394-6CE-50,93.0,False
84394-6CE-60,110.0,False
84394-6CE-70,104.0,False
84394-6CE-75,70.0,False
84394-6CE-80,50.0,False
84394-6CE-NB,46.0,False
84394-6CF-50,96.0,False
84394-6CF-60,110.0,False
84394-6CF-70,103.0,False
84394-6CF-75,69.0,False
84394-6CF-80,52.0,False
84394-6CF-NB,44.0,False
84394-6CG-50,92.0,False
84394-6CG-60,110.0,False
84394-6CG-70,102.0,False
84394-6CG-75,65.0,False
84394-6CG-80,48.0,False
84394-6CG-NB,45.0,False
84394-6CH-50,94.0,False
84394-6CH-60,110.0,False
84394-6CH-70,106.0,False
84394-6CH-75,70.0,False
84394-6CH-80,51.0,False
84394-6CH-NB,47.0,False
84395-6BR-100,80.0,False
84395-6BR-110,75.0,False
84395-6BR-120,65.0,False
84395-6BR-80,97.0,False
84395-6BR-85,110.0,False
84395-6BR-90,90.0,False
84395-6BS-100,80.0,False
84395-6BS-110,75.0,False
84395-6BS-120,65.0,False
84395-6BS-80,95.0,False
84395-6BS-85,100.0,False
84395-6BS-90,90.0,False
84395-6BT-100,90.0,False
84395-6BT-110,80.0,False
84395-6BT-120,70.0,False
84395-6BT-80,97.0,False
84395-6BT-85,110.0,False
84395-6BT-90,90.0,False
84395-6BV-100,70.0,False
84395-6BV-110,65.0,False
84395-6BV-120,55.0,False
84395-6BV-80,92.0,False
84395-6BV-85,80.0,False
84395-6BV-90,80.0,False
84395-6BW-100,70.0,False
84395-6BW-110,65.0,False
84395-6BW-120,55.0,False
84395-6BW-80,92.0,False
84395-6BW-85,80.0,False
84395-6BW-90,80.0,False
84396-6CD-100,91.0,False
84396-6CD-110,80.0,False
84396-6CD-120,65.0,False
84396-6CD-80,38.0,False
84396-6CD-85,87.0,False
84396-6CD-90,91.0,False
84396-6CE-100,75.0,False
84396-6CE-110,70.0,False
84396-6CE-120,65.0,False
84396-6CE-80,40.0,False
84396-6CE-85,87.0,False
84396-6CE-90,93.0,False
84396-6CF-100,94.0,False
84396-6CF-110,75.0,False
84396-6CF-120,70.0,False
84396-6CF-80,39.0,False
84396-6CF-85,88.0,False
84396-6CF-90,94.0,False
84396-6CG-100,75.0,False
84396-6CG-110,70.0,False
84396-6CG-120,65.0,False
84396-6CG-80,42.0,False
84396-6CG-85,89.0,False
84396-6CG-90,94.0,False
84396-6CH-100,91.0,False
84396-6CH-110,75.0,False
84396-6CH-120,70.0,False
84396-6CH-80,39.0,False
84396-6CH-85,87.0,False
84396-6CH-90,94.0,False
84397-6CD-100,91.0,False
84397-6CD-110,74.0,False
84397-6CD-120,67.0,False
84397-6CD-80,77.0,False
84397-6CD-85,86.0,False
84397-6CD-90,86.0,False
84397-6CE-100,92.0,False
84397-6CE-110,72.0,False
84397-6CE-120,67.0,False
84397-6CE-80,77.0,False
84397-6CE-85,87.0,False
84397-6CE-90,86.0,False
84397-6CF-100,91.0,False
84397-6CF-110,73.0,False
84397-6CF-120,68.0,False
84397-6CF-80,81.0,False
84397-6CF-85,88.0,False
84397-6CF-90,88.0,False
84397-6CG-100,90.0,False
84397-6CG-110,65.0,False
84397-6CG-120,67.0,False
84397-6CG-80,79.0,False
84397-6CG-85,86.0,False
84397-6CG-90,87.0,False
84397-6CH-100,91.0,False
84397-6CH-110,75.0,False
84397-6CH-120,70.0,False
84397-6CH-80,78.0,False
84397-6CH-85,86.0,False
84397-6CH-90,90.0,False
84398-6BR-100,143.0,False
84398-6BR-110,128.0,False
84398-6BR-120,90.0,False
84398-6BR-80,93.0,False
84398-6BR-85,156.0,False
84398-6BR-90,152.0,False
84398-6BS-100,136.0,False
84398-6BS-110,125.0,False
84398-6BS-120,86.0,False
84398-6BS-80,86.0,False
84398-6BS-85,143.0,False
84398-6BS-90,147.0,False
84398-6BT-100,148.0,False
84398-6BT-110,130.0,False
84398-6BT-120,91.0,False
84398-6BT-80,94.0,False
84398-6BT-85,156.0,False
84398-6BT-90,155.0,False
84398-6BV-100,110.0,False
84398-6BV-110,95.0,False
84398-6BV-120,91.0,False
84398-6BV-80,86.0,False
84398-6BV-85,139.0,False
84398-6BV-90,143.0,False
84398-6BW-100,110.0,False
84398-6BW-110,95.0,False
84398-6BW-120,86.0,False
84398-6BW-80,89.0,False
84398-6BW-85,125.0,False
84398-6BW-90,120.0,False
84399-6BR-50,74.0,False
84399-6BR-60,79.0,False
84399-6BR-70,81.0,False
84399-6BR-75,80.0,False
84399-6BR-80,77.0,False
84399-6BR-85,55.0,False
84399-6BR-90,53.0,False
84399-6BU-50,74.0,False
84399-6BU-60,80.0,False
84399-6BU-70,79.0,False
84399-6BU-75,78.0,False
84399-6BU-80,78.0,False
84399-6BU-85,54.0,False
84399-6BU-90,53.0,False
84399-6BV-50,76.0,False
84399-6BV-60,80.0,False
84399-6BV-70,83.0,False
84399-6BV-75,77.0,False
84399-6BV-80,75.0,False
84399-6BV-85,56.0,False
84399-6BV-90,57.0,False
84399-6CC-50,72.0,False
84399-6CC-60,82.0,False
84399-6CC-70,80.0,False
84399-6CC-75,79.0,False
84399-6CC-80,74.0,False
84399-6CC-85,56.0,False
84399-6CC-90,53.0,False
84400-6BR-50,53.0,False
84400-6BR-60,82.0,False
84400-6BR-70,82.0,False
84400-6BR-75,81.0,False
84400-6BR-80,77.0,False
84400-6BR-85,53.0,False
84400-6BR-90,51.0,False
84400-6BU-50,54.0,False
84400-6BU-60,81.0,False
84400-6BU-70,84.0,False
84400-6BU-75,82.0,False
84400-6BU-80,73.0,False
84400-6BU-85,52.0,False
84400-6BU-90,48.0,False
84400-6BV-50,54.0,False
84400-6BV-60,82.0,False
84400-6BV-70,82.0,False
84400-6BV-75,81.0,False
84400-6BV-80,79.0,False
84400-6BV-85,52.0,False
84400-6BV-90,53.0,False
84400-6CC-50,56.0,False
84400-6CC-60,82.0,False
84400-6CC-70,83.0,False
84400-6CC-75,78.0,False
84400-6CC-80,81.0,False
84400-6CC-85,53.0,False
84400-6CC-90,54.0,False
84401-6BR-100,39.0,False
84401-6BR-110,39.0,False
84401-6BR-50,40.0,False
84401-6BR-60,45.0,False
84401-6BR-70,46.0,False
84401-6BR-75,50.0,False
84401-6BR-80,44.0,False
84401-6BR-85,46.0,False
84401-6BR-90,49.0,False
84401-6BU-100,36.0,False
84401-6BU-110,38.0,False
84401-6BU-50,40.0,False
84401-6BU-60,48.0,False
84401-6BU-70,54.0,False
84401-6BU-75,51.0,False
84401-6BU-80,54.0,False
84401-6BU-85,53.0,False
84401-6BU-90,50.0,False
84401-6BV-100,45.0,False
84401-6BV-110,40.0,False
84401-6BV-50,36.0,False
84401-6BV-60,50.0,False
84401-6BV-70,50.0,False
84401-6BV-75,54.0,False
84401-6BV-80,54.0,False
84401-6BV-85,51.0,False
84401-6BV-90,52.0,False
84401-6CC-100,41.0,False
84401-6CC-110,41.0,False
84401-6CC-50,38.0,False
84401-6CC-60,46.0,False
84401-6CC-70,54.0,False
84401-6CC-75,53.0,False
84401-6CC-80,53.0,False
84401-6CC-85,54.0,False
84401-6CC-90,50.0,False
84402-6CG-50,43.0,False
84402-6CG-60,62.0,False
84402-6CG-70,62.0,False
84402-6CG-75,63.0,False
84402-6CG-80,50.0,False
84402-6CG-85,40.0,False
84402-6CG-90,41.0,False
84402-6CI-50,43.0,False
84402-6CI-60,62.0,False
84402-6CI-70,61.0,False
84402-6CI-75,62.0,False
84402-6CI-80,54.0,False
84402-6CI-85,43.0,False
84402-6CI-90,41.0,False
84403-6BR-100,93.0,False
84403-6BR-110,93.0,False
84403-6BR-50,51.0,False
84403-6BR-60,62.0,False
84403-6BR-70,67.0,False
84403-6BR-75,88.0,False
84403-6BR-80,88.0,False
84403-6BR-85,87.0,False
84403-6BR-90,93.0,False
84403-6BS-100,93.0,False
84403-6BS-110,93.0,False
84403-6BS-50,51.0,False
84403-6BS-60,62.0,False
84403-6BS-70,67.0,False
84403-6BS-75,88.0,False
84403-6BS-80,88.0,False
84403-6BS-85,87.0,False
84403-6BS-90,93.0,False
84403-6BU-100,93.0,False
84403-6BU-110,93.0,False
84403-6BU-50,51.0,False
84403-6BU-60,62.0,False
84403-6BU-70,67.0,False
84403-6BU-75,88.0,False
84403-6BU-80,88.0,False
84403-6BU-85,87.0,False
84403-6BU-90,93.0,False
84403-6CG-100,46.0,False
84403-6CG-110,46.0,False
84403-6CG-50,25.0,False
84403-6CG-60,31.0,False
84403-6CG-70,31.0,False
84403-6CG-75,43.0,False
84403-6CG-80,44.0,False
84403-6CG-85,47.0,False
84403-6CG-90,47.0,False
84403-6CI-100,46.0,False
84403-6CI-110,46.0,False
84403-6CI-50,25.0,False
84403-6CI-60,31.0,False
84403-6CI-70,31.0,False
84403-6CI-75,43.0,False
84403-6CI-80,44.0,False
84403-6CI-85,47.0,False
84403-6CI-90,47.0,False
84404-6BR-50,41.0,False
84404-6BR-60,56.0,False
84404-6BR-70,61.0,False
84404-6BR-75,61.0,False
84404-6BR-80,66.0,False
84404-6BR-90,61.0,False
84404-6BU-50,41.0,False
84404-6BU-60,56.0,False
84404-6BU-70,61.0,False
84404-6BU-75,60.0,False
84404-6BU-80,66.0,False
84404-6BU-85,61.0,False
84404-6BU-90,61.0,False
84404-6CC-50,41.0,False
84404-6CC-60,56.0,False
84404-6CC-70,61.0,False
84404-6CC-75,61.0,False
84404-6CC-80,66.0,False
84404-6CC-85,61.0,False
84404-6CC-90,61.0,False
84405-JG8-100,36.0,False
84405-JG8-130,37.0,False
84405-JG8-150,18.0,False
84405-JG8-90,34.0,False
84406-1JG-50,41.0,False
84406-1JG-60,66.0,False
84406-1JG-70,66.0,False
84406-1JG-75,66.0,False
84406-1JG-80,66.0,False
84406-1JG-85,56.0,False
84406-1JG-90,46.0,False
84406-1JH-50,41.0,False
84406-1JH-60,66.0,False
84406-1JH-70,66.0,False
84406-1JH-75,66.0,False
84406-1JH-80,66.0,False
84406-1JH-85,56.0,False
84406-1JH-90,44.0,False
84407-1JF-50,40.0,False
84407-1JF-60,66.0,False
84407-1JF-70,66.0,False
84407-1JF-75,66.0,False
84407-1JF-80,66.0,False
84407-1JF-85,54.0,False
84407-1JF-90,46.0,False
84407-VU6-50,30.0,False
84407-VU6-60,66.0,False
84407-VU6-70,49.0,False
84407-VU6-75,66.0,False
84407-VU6-80,59.0,False
84407-VU6-85,44.0,False
84407-VU6-90,42.0,False
84408-6ES-100,96.0,False
84408-6ES-110,70.0,False
84408-6ES-50,54.0,False
84408-6ES-60,65.0,False
84408-6ES-70,70.0,False
84408-6ES-75,92.0,False
84408-6ES-80,88.0,False
84408-6ES-85,85.0,False
84408-6ES-90,90.0,False
84408-85H-100,95.0,False
84408-85H-110,70.0,False
84408-85H-50,54.0,False
84408-85H-60,65.0,False
84408-85H-70,70.0,False
84408-85H-75,89.0,False
84408-85H-80,92.0,False
84408-85H-85,92.0,False
84408-85H-90,97.0,False
84409-6BR-50,157.0,False
84409-6BR-60,150.0,False
84409-6BR-70,157.0,False
84409-6BR-75,153.0,False
84409-6BR-80,151.0,False
84409-6BS-50,153.0,False
84409-6BS-60,156.0,False
84409-6BS-70,156.0,False
84409-6BS-75,153.0,False
84409-6BS-80,151.0,False
84409-6BT-50,153.0,False
84409-6BT-60,156.0,False
84409-6BT-70,151.0,False
84409-6BT-75,157.0,False
84409-6BT-80,155.0,False
84409-6BV-50,144.0,False
84409-6BV-60,143.0,False
84409-6BV-70,150.0,False
84409-6BV-75,146.0,False
84409-6BV-80,147.0,False
84409-6BW-50,151.0,False
84409-6BW-60,154.0,False
84409-6BW-70,154.0,False
84409-6BW-75,153.0,False
84409-6BW-80,153.0,False
84410-6CD-50,97.0,False
84410-6CD-60,95.0,False
84410-6CD-70,96.0,False
84410-6CD-75,98.0,False
84410-6CD-80,101.0,False
84410-6CE-50,104.0,False
84410-6CE-60,102.0,False
84410-6CE-70,105.0,False
84410-6CE-75,104.0,False
84410-6CE-80,103.0,False
84410-6CF-50,98.0,False
84410-6CF-60,100.0,False
84410-6CF-70,95.0,False
84410-6CF-75,104.0,False
84410-6CF-80,99.0,False
84410-6CG-50,103.0,False
84410-6CG-60,97.0,False
84410-6CG-70,99.0,False
84410-6CG-75,105.0,False
84410-6CG-80,105.0,False
84410-6CH-50,104.0,False
84410-6CH-60,102.0,False
84410-6CH-70,105.0,False
84410-6CH-75,104.0,False
84410-6CH-80,104.0,False
84411-5OA-150,18.0,False
84411-5OA-85,36.0,False
84411-5OA-90,36.0,False
84411-5OB-100,38.0,False
84411-5OB-110,30.0,False
84411-5OB-120,27.0,False
84411-5OB-130,24.0,False
84411-5OB-140,21.0,False
84411-5OB-150,18.0,False
84411-5OB-85,36.0,False
84411-5OB-90,36.0,False
84413-5MW-L,37.0,False
84413-5MW-M,39.0,False
84413-5MW-XXL,12.0,False
84413-5OA-L,35.0,False
84413-5OA-M,40.0,False
84413-5OA-S,40.0,False
84413-5OA-XL,27.0,False
84413-5OA-XS,25.0,False
84413-5OA-XXL,10.0,False
84413-5OB-M,40.0,False
84413-5OB-S,40.0,False
84413-5OB-XL,27.0,False
84413-5OB-XS,25.0,False
84413-5OB-XXL,10.0,False
84413-5OB-XXS,10.0,False
84414-5NC-70,55.0,False
84414-5NC-75,55.0,False
84414-5NC-80,50.0,False
84414-5NC-85,49.0,False
84414-5UO-80,50.0,False
84414-5UO-85,45.0,False
84415-4DP-50,22.0,False
84415-4DP-60,68.0,False
84415-4DP-70,65.0,False
84415-4DP-75,75.0,False
84415-4DP-80,60.0,False
84415-4DP-85,50.0,False
84415-5KB-50,22.0,False
84415-5KB-60,71.0,False
84415-5KB-70,70.0,False
84415-5KB-75,75.0,False
84415-5KB-80,60.0,False
84415-5KB-85,50.0,False
84415-5KE-50,17.0,False
84415-5KE-60,59.0,False
84415-5KE-70,80.0,False
84415-5KE-75,70.0,False
84417-6BR-100,56.0,False
84417-6BR-110,56.0,False
84417-6BR-50,69.0,False
84417-6BR-60,97.0,False
84417-6BR-70,82.0,False
84417-6BR-75,93.0,False
84417-6BR-80,99.0,False
84417-6BR-85,70.0,False
84417-6BR-90,77.0,False
84417-6BU-100,59.0,False
84417-6BU-110,63.0,False
84417-6BU-50,68.0,False
84417-6BU-60,99.0,False
84417-6BU-70,89.0,False
84417-6BU-75,97.0,False
84417-6BU-80,96.0,False
84417-6BU-85,70.0,False
84417-6BU-90,81.0,False
84417-6SA-100,66.0,False
84417-6SA-110,56.0,False
84417-6SA-50,73.0,False
84417-6SA-60,100.0,False
84417-6SA-70,90.0,False
84417-6SA-75,88.0,False
84417-6SA-80,95.0,False
84417-6SA-85,70.0,False
84417-6SA-90,70.0,False
84418-6BR-50,106.0,False
84418-6BR-60,106.0,False
84418-6BR-70,102.0,False
84418-6BR-75,98.0,False
84418-6BR-NB,72.0,False
84418-6BU-50,107.0,False
84418-6BU-60,105.0,False
84418-6BU-70,104.0,False
84418-6BU-75,95.0,False
84418-6BU-NB,74.0,False
84418-6BV-50,110.0,False
84418-6BV-60,109.0,False
84418-6BV-70,103.0,False
84418-6BV-75,98.0,False
84418-6BV-NB,72.0,False
84418-6CC-50,109.0,False
84418-6CC-60,108.0,False
84418-6CC-70,100.0,False
84418-6CC-75,100.0,False
84418-6CC-NB,73.0,False
84420-5KW-80,51.0,False
84421-1WC-M,60.0,False
84421-1WC-S,60.0,False
84421-1WC-XS,33.0,False
84421-1WC-XXL,21.0,False
84421-1WC-XXS,21.0,False
84421-66J-M,24.0,False
84421-66J-S,24.0,False
84421-66J-XS,25.0,False
84421-66J-XXL,15.0,False
84421-66J-XXS,15.0,False
84421-68I-L,20.0,False
84421-68I-M,24.0,False
84421-68I-S,24.0,False
84421-68I-XL,21.0,False
84421-68I-XS,26.0,False
84421-68I-XXL,16.0,False
84421-68I-XXS,21.0,False
84422-61J-100,105.0,False
84422-61J-130,100.0,False
84422-61J-140,90.0,False
84422-61J-85,19.0,False
84422-61J-90,59.0,False
84422-6GS-100,105.0,False
84422-6GS-85,19.0,False
84422-6GS-90,59.0,False
84428-6AQ-140,80.0,False
84428-6AQ-150,80.0,False
84429-5KT-150,85.0,False
84433-66J-150,40.0,False
84434-66A-85,130.0,False
84434-66I-85,120.0,False
84445-5ZH-150,40.0,False
84445-5ZH-90,60.0,False
84447-6DT-130,66.0,False
84451-5HR-120,60.0,False
84451-5HR-130,50.0,False
84451-5UP-130,54.0,False
84451-5UP-140,59.0,False
84451-5UP-150,39.0,False
84460-66I-85,90.0,False
84469-5ZO-85,68.0,False
84469-5ZO-90,80.0,False
84469-6AW-100,71.0,False
84469-6AW-110,70.0,False
84469-6AW-130,60.0,False
84469-6AW-140,59.0,False
84469-6AW-150,35.0,False
84469-6AW-85,49.0,False
84469-6AW-90,66.0,False
84471-5ZO-100,80.0,False
84471-5ZO-120,78.0,False
84471-5ZO-130,70.0,False
84471-5ZO-85,53.0,False
84471-5ZO-90,80.0,False
84471-64A-140,52.0,False
84471-64A-85,37.0,False
84471-64A-90,66.0,False
84471-6AW-130,70.0,False
84471-6AW-150,38.0,False
84471-6AW-85,44.0,False
84471-6AW-90,76.0,False
84473-5HR-85,41.0,False
84473-5UT-100,94.0,False
84473-5UT-110,100.0,False
84473-5UT-85,29.0,False
84473-5UT-90,56.0,False
84473-5ZH-85,22.0,False
84473-5ZH-90,45.0,False
84478-5HO-130,100.0,False
84478-5HO-140,90.0,False
84478-5HO-150,79.0,False
84479-60J-85,121.0,False
84479-60J-90,163.0,False
84484-5WV-110,90.0,False
84484-5WV-120,70.0,False
84484-5WV-140,60.0,False
84485-6AW-120,71.0,False
84485-6AW-130,60.0,False
84485-6AW-140,50.0,False
84485-6AW-150,34.0,False
84485-6AW-85,59.0,False
84490-6DZ-100,50.0,False
84490-6DZ-110,47.0,False
84490-6DZ-120,40.0,False
84490-6DZ-130,40.0,False
84490-6DZ-90,60.0,False
84492-48B-100,70.0,False
84492-48B-110,60.0,False
84492-48B-90,70.0,False
84492-5PW-90,70.0,False
84492-5WJ-100,70.0,False
84492-5WJ-110,60.0,False
84492-5WJ-90,70.0,False
84494-6FZ-100,86.0,False
84494-6FZ-110,80.0,False
84494-6FZ-120,70.0,False
84494-6FZ-85,32.0,False
84494-6HQ-100,90.0,False
84494-6HQ-90,96.0,False
84503-6CU-140,36.0,False
84503-6CU-150,30.0,False
84505-5ZU-85,120.0,False
84505-5ZX-140,60.0,False
84505-5ZX-85,120.0,False
84505-5ZX-90,110.0,False
84505-61O-85,105.0,False
84512-5HO-130,90.0,False
84512-5HO-150,63.0,False
84512-5UT-140,80.0,False
84515-6DS-100,97.0,False
84515-6DS-120,110.0,False
84515-6DS-140,100.0,False
84515-6DS-85,16.0,False
84515-6DS-90,43.0,False
84516-6HH-85,22.0,False
84521-60J-85,16.0,False
84521-60J-90,44.0,False
84528-1SA-85,112.0,False
84544-68I-85,90.0,False
84547-5KS-60,106.0,False
84547-5KS-70,130.0,False
84547-5KS-80,110.0,False
84547-5KS-85,100.0,False
84547-5LB-80,110.0,False
84547-5LB-85,110.0,False
84551-64J-50,28.0,False
84551-64J-60,65.0,False
84551-64J-70,129.0,False
84551-64J-75,105.0,False
84551-64J-80,118.0,False
84551-64J-85,100.0,False
84551-64J-90,100.0,False
84551-65Z-70,130.0,False
84551-65Z-75,130.0,False
84551-65Z-80,120.0,False
84551-65Z-85,110.0,False
84551-65Z-90,100.0,False
84551-66I-50,42.0,False
84551-66I-60,103.0,False
84551-66I-70,120.0,False
84551-66I-75,120.0,False
84551-66I-80,120.0,False
84551-66I-85,120.0,False
84551-66I-90,120.0,False
84551-6BQ-50,28.0,False
84551-6BQ-60,67.0,False
84551-6BQ-70,100.0,False
84551-6BQ-75,113.0,False
84551-6BQ-80,100.0,False
84551-6BQ-85,100.0,False
84551-6BQ-90,100.0,False
84552-6AT-60,140.0,False
84552-6AT-80,120.0,False
84552-6AT-85,110.0,False
84552-6AT-90,110.0,False
84553-5ZO-60,150.0,False
84553-5ZO-75,130.0,False
84553-64J-60,175.0,False
84553-64J-70,175.0,False
84553-64J-75,150.0,False
84553-64J-80,130.0,False
84553-66I-50,176.0,False
84553-66I-60,165.0,False
84553-66I-70,175.0,False
84553-66I-75,165.0,False
84553-66I-80,130.0,False
84553-6BQ-50,114.0,False
84553-6BQ-70,150.0,False
84553-6BQ-75,150.0,False
84553-6BQ-80,120.0,False
84558-6FJ-50,16.0,False
84558-6FJ-60,54.0,False
84558-6FJ-70,120.0,False
84558-6FJ-75,120.0,False
84558-6FJ-80,117.0,False
84558-6FJ-85,114.0,False
84558-6GA-60,31.0,False
84558-6GA-70,91.0,False
84561-5WH-50,52.0,False
84561-5WH-70,100.0,False
84561-5WH-75,104.0,False
84561-5WH-80,107.0,False
84561-5WH-85,100.0,False
84561-5WJ-60,100.0,False
84561-5WJ-70,100.0,False
84561-5WJ-75,104.0,False
84561-5WJ-80,107.0,False
84561-5WJ-85,100.0,False
84564-5UP-70,126.0,False
84577-5KS-60,62.0,False
84577-5KS-70,98.0,False
84577-5KS-75,80.0,False
84577-5KS-80,80.0,False
84577-5KS-85,66.0,False
84577-5KV-50,32.0,False
84577-5KV-60,62.0,False
84577-5KV-70,97.0,False
84577-5KV-75,80.0,False
84577-5KV-80,80.0,False
84577-5KV-85,75.0,False
84577-5LB-60,61.0,False
84577-5LB-70,93.0,False
84577-5LB-75,80.0,False
84577-5LB-80,80.0,False
84577-5LB-85,68.0,False
84595-5KS-100,90.0,False
84595-5KS-85,100.0,False
84595-5KS-90,100.0,False
84595-5KT-85,81.0,False
84595-5KT-90,100.0,False
84595-5LB-100,85.0,False
84595-5LB-85,79.0,False
84595-5LB-90,100.0,False
84600-6DC-100,82.0,False
84600-6DC-110,70.0,False
84600-6DC-90,90.0,False
84600-6FI-150,54.0,False
84600-6G6-130,70.0,False
84600-6G6-140,57.0,False
84600-6G6-150,34.0,False
84600-6G6-85,68.0,False
84600-6HS-85,96.0,False
84600-6HS-90,90.0,False
84601-6HW-140,60.0,False
84601-6HW-85,90.0,False
84601-6HW-90,90.0,False
84604-6GD-85,130.0,False
84608-6CN-140,30.0,False
84608-6CN-150,30.0,False
84608-6CN-85,51.0,False
84616-3TX-75,28.0,False
84617-2KU-100,74.0,False
84617-2KU-110,65.0,False
84617-2KU-120,54.0,False
84617-2KU-130,54.0,False
84617-2KU-140,19.0,False
84617-2KU-150,22.0,False
84617-2KU-90,90.0,False
84617-542-140,17.0,False
84617-542-150,15.0,False
84620-5WH-130,78.0,False
84621-6HA-130,25.0,False
84621-6HA-140,29.0,False
84621-6HA-150,28.0,False
84624-5PW-110,44.0,False
84624-5PW-120,40.0,False
84628-5WH-150,84.0,False
84628-60J-100,110.0,False
84628-60J-110,110.0,False
84628-60J-130,100.0,False
84628-60J-85,72.0,False
84629-62B-150,29.0,False
84629-62B-85,30.0,False
84630-5ZO-50,96.0,False
84630-5ZO-60,164.0,False
84634-48A-70,76.0,False
84634-48A-75,70.0,False
84634-48A-80,66.0,False
84635-5ZN-50,12.0,False
84635-5ZN-60,22.0,False
84635-5ZN-70,44.0,False
84635-5ZN-75,44.0,False
84635-5ZN-80,40.0,False
84635-5ZN-85,40.0,False
84635-68K-60,22.0,False
84636-67K-50,40.0,False
84636-67K-60,101.0,False
84637-1SA-50,30.0,False
84637-1SA-85,100.0,False
84641-68J-100,90.0,False
84641-68J-110,80.0,False
84641-68J-120,70.0,False
84641-68J-85,95.0,False
84646-6BO-50,37.0,False
84646-6BO-60,89.0,False
84646-6FN-50,62.0,False
84646-6FN-60,100.0,False
84649-6DS-85,60.0,False
84649-6DS-90,57.0,False
84654-68J-60,123.0,False
84654-68J-90,65.0,False
84658-6GV-50,24.0,False
84658-6GV-60,54.0,False
84658-6GV-70,55.0,False
84658-6GV-75,55.0,False
84658-6GV-85,48.0,False
84659-1KC-S,50.0,False
84659-1KC-XL,40.0,False
84659-1KC-XS,37.0,False
84659-1KC-XXL,24.0,False
84659-1KC-XXS,24.0,False
84659-1LG-L,40.0,False
84659-1LG-M,40.0,False
84659-1LG-S,37.0,False
84659-1LG-XL,34.0,False
84659-1LG-XS,17.0,False
84659-1LG-XXL,11.0,False
84659-1LG-XXS,10.0,False
84659-CB8-L,40.0,False
84659-CB8-S,37.0,False
84659-CB8-XL,31.0,False
84659-CB8-XS,15.0,False
84659-CB8-XXL,10.0,False
84659-CB8-XXS,10.0,False
84660-CB8-85,88.0,False
84688-6IL-XXS,20.0,False
84702-6IO-XXS,21.0,False
84703-6KG-XXS,15.0,False
84704-6KF-XXS,40.0,False
84709-6JJ-L,40.0,False
84709-6JJ-M,50.0,False
84709-6JJ-S,50.0,False
84709-6JJ-XL,35.0,False
84709-6JJ-XS,50.0,False
84709-6JJ-XXL,34.0,False
84709-6JJ-XXS,31.0,False
84776-6MQ-75,31.0,False
84776-6MQ-80,49.0,False
84776-6MS-75,15.0,False
84776-6MS-80,41.0,False
84802-6PS-100,36.0,False
84802-6PS-110,34.0,False
84802-6PS-120,27.0,False
84802-6PS-130,24.0,False
84802-6PS-140,21.0,False
84802-6PS-150,18.0,False
84802-6PS-85,40.0,False
84802-6PS-90,36.0,False
84802-6UT-100,80.0,False
84802-6UT-110,70.0,False
84802-6UT-120,60.0,False
84802-6UT-130,60.0,False
84802-6UT-140,50.0,False
84802-6UT-150,45.0,False
84802-6UT-85,100.0,False
84802-6UT-90,90.0,False
84802-6UU-100,85.0,False
84802-6UU-110,75.0,False
84802-6UU-120,65.0,False
84802-6UU-130,60.0,False
84802-6UU-140,55.0,False
84802-6UU-150,50.0,False
84802-6UU-85,105.0,False
84802-6UU-90,95.0,False
84806-6ND-75,84.0,False
84806-6ND-80,105.0,False
84806-6NE-75,69.0,False
84806-6NE-80,105.0,False
84909-3KM-XS,80.0,False
84909-6KZ-XS,80.0,False
84913-6JW-100,11.0,False
84913-6JW-110,10.0,False
84913-6JW-75,100.0,False
84913-6JW-80,100.0,False
84913-6JW-85,51.0,False
84913-6JW-90,24.0,False
84914-KZ5-120,50.0,False
84914-KZ5-130,46.0,False
84914-KZ5-140,41.0,False
84914-KZ5-150,40.0,False
85046-74A-50,22.0,False
85046-74A-60,56.0,False
85046-74A-70,47.0,False
85046-74A-75,39.0,False
85046-74A-80,40.0,False
85046-74A-85,23.0,False
85046-74A-90,40.0,False
85069-6IM-XXS,24.0,False
85090-6IN-XXS,15.0,False
85739-6NW-L,9.0,False
85739-6NW-M,10.0,False
85739-6NW-S,9.0,False
85739-6NW-XL,8.0,False
85739-6NW-XS,8.0,False
85739-6NW-XXL,8.0,False
85739-6NW-XXS,10.0,False
