SKU,Velocity_Old,Velocity_New,SlotTier_Old,SlotTier_New,ProductGroupCode_Old,ProductGroupCode_New,SizeGroupCode_Old,SizeGroupCode_New,FD14_Old,FD14_New,FD14Delta,RankDelta,PutawayIndicator_Old,PutawayIndicator_New
84505-5ZU-120,AA,C,GIRMAA,GIRMC,GIR,GIR,M,M,154,13,-141,-3,0,0
84433-68I-150,AA,C,KUSLAA,KUSLC,KUS,KUS,L,L,63,0,-63,-3,0,0
84505-5ZX-120,AA,C,GIRMAA,GIRMC,GIR,GIR,M,M,48,13,-35,-3,0,0
84949-6SP-60,AA,C,BSLIAA,BSLIC,BSL,BSL,I,I,0,0,0,-3,2,2
84949-6SP-70,AA,C,BSLIAA,BSLIC,BSL,BSL,I,I,0,0,0,-3,2,2
84949-6SP-75,AA,C,BSLIAA,BSLIC,BSL,BSL,I,I,0,0,0,-3,2,2
84949-6ZD-60,AA,C,BSLIAA,BSLIC,BSL,BSL,I,I,0,0,0,-3,2,2
84949-6ZD-70,AA,C,BSLIAA,BSLIC,BSL,BSL,I,I,0,0,0,-3,2,2
84949-6ZD-75,AA,C,BSLIAA,BSLIC,BSL,BSL,I,I,0,0,0,-3,2,2
84949-6ZD-80,AA,C,BSLXAA,BSLXC,BSL,BSL,X,X,0,0,0,-3,2,2
45346-5HB-120,AA,B,GIRMAA,GIRMB,GIR,GIR,M,M,555,59,-496,-2,0,0
82897-1SA-120,A,C,GIRMA,GIRMC,GIR,GIR,M,M,283,36,-247,-2,0,0
84505-5ZU-130,A,C,GIRMA,GIRMC,GIR,GIR,M,M,154,13,-141,-2,0,1
84505-5ZX-110,A,C,GIRSA,GIRSC,GIR,GIR,S,S,48,0,-48,-2,0,0
84505-5ZX-100,A,C,GIRSA,GIRSC,GIR,GIR,S,S,48,13,-35,-2,0,0
84082-6AN-120,A,C,KUSMA,KUSMC,KUS,KUS,M,M,26,56,30,-2,0,1
82768-5YM-120,A,C,GIRMA,GIRMC,GIR,GIR,M,M,0,27,27,-2,0,1
84608-6CN-130,A,C,KUSMA,KUSMC,KUS,KUS,M,M,27,0,-27,-2,0,0
84657-5HR-130,A,C,GIRMA,GIRMC,GIR,GIR,M,M,3,27,24,-2,0,0
84082-5UC-140,AA,B,KUSLAA,KUSLB,KUS,KUS,L,L,4,22,18,-2,0,0
84505-5ZU-150,A,C,GIRLA,GIRLC,GIR,GIR,L,L,154,162,8,-2,0,0
84280-5LB-100,A,C,GIRSA,GIRSC,GIR,GIR,S,S,0,6,6,-2,0,0
84420-4DQ-50,AA,B,BSLIAA,BSLIB,BSL,BSL,I,I,0,6,6,-2,0,0
65642-5LG-90,A,C,GIRXA,GIRXC,GIR,GIR,X,X,0,0,0,-2,0,0
80039-2CH-XL,A,C,ASLLA,ASLLC,ASL,ASL,L,L,0,0,0,-2,0,0
80039-2GG-XXL,A,C,ASLLA,ASLLC,ASL,ASL,L,L,0,0,0,-2,0,0
81318-1EP-85,A,C,KUSXA,KUSXC,KUS,KUS,X,X,0,0,0,-2,0,0
81666-42A-70,A,C,BSLIA,BSLIC,BSL,BSL,I,I,0,0,0,-2,0,0
83649-3WU-85,A,C,CSLXA,CSLXC,CSL,CSL,X,X,0,0,0,-2,0,0
84091-5KH-85,A,C,KUSXA,KUSXC,KUS,KUS,X,X,0,0,0,-2,0,0
84171-5MO-85,AA,B,BSLXAA,BSLXB,BSL,BSL,X,X,0,0,0,-2,0,0
84949-6SP-50,A,C,BSLIA,BSLIC,BSL,BSL,I,I,0,0,0,-2,2,2
84949-6SP-80,A,C,BSLXA,BSLXC,BSL,BSL,X,X,0,0,0,-2,2,2
84949-6SP-85,A,C,BSLXA,BSLXC,BSL,BSL,X,X,0,0,0,-2,2,2
84949-6ZD-50,A,C,BSLIA,BSLIC,BSL,BSL,I,I,0,0,0,-2,2,2
84949-6ZD-85,A,C,BSLXA,BSLXC,BSL,BSL,X,X,0,0,0,-2,2,2
58661-4ON-L,AA,A,KUNLAA,KUNLA,KUN,KUN,L,L,252,580,328,-1,0,1
81339-3HZ-120,A,B,KUSMA,KUSMB,KUS,KUS,M,M,44,368,324,-1,0,0
82453-3EC-100,B,C,GIRSB,GIRSC,GIR,GIR,S,S,277,0,-277,-1,0,0
84090-5KM-130,AA,A,KUSMAA,KUSMA,KUS,KUS,M,M,71,329,258,-1,0,0
81339-3HZ-140,A,B,KUSLA,KUSLB,KUS,KUS,L,L,29,244,215,-1,0,0
84620-5WH-110,AA,A,GIRSAA,GIRSA,GIR,GIR,S,S,0,212,212,-1,0,0
81318-1DE-130,AA,A,KUSMAA,KUSMA,KUS,KUS,M,M,84,279,195,-1,0,0
81766-1QH-150,AA,A,KNILAA,KNILA,KNI,KNI,L,L,88,273,185,-1,0,0
47684-5LZ-120,AA,A,KUSMAA,KUSMA,KUS,KUS,M,M,181,0,-181,-1,0,0
82778-M07-100,AA,A,BOYSAA,BOYSA,BOY,BOY,S,S,29,191,162,-1,0,0
82778-M07-120,AA,A,BOYMAA,BOYMA,BOY,BOY,M,M,29,191,162,-1,0,0
82897-1SA-110,A,B,GIRSA,GIRSB,GIR,GIR,S,S,215,70,-145,-1,0,0
48080-HI2-100,A,B,BOYSA,BOYSB,BOY,BOY,S,S,88,231,143,-1,0,0
84306-65Z-50,AA,A,BSLIAA,BSLIA,BSL,BSL,I,I,14,154,140,-1,0,0
48080-HI2-150,A,B,BOYLA,BOYLB,BOY,BOY,L,L,67,195,128,-1,0,0
82778-M07-140,A,B,BOYLA,BOYLB,BOY,BOY,L,L,29,153,124,-1,0,0
43205-GK3-90,AA,A,GIRXAA,GIRXA,GIR,GIR,X,X,183,293,110,-1,0,0
81666-4SY-80,A,B,BSLXA,BSLXB,BSL,BSL,X,X,55,165,110,-1,0,0
43205-5HV-110,A,B,GIRSA,GIRSB,GIR,GIR,S,S,150,259,109,-1,0,0
68177-76X-75,A,B,BAPIA,BAPIB,BAP,BAP,I,I,75,183,108,-1,0,0
84428-1WC-150,AA,A,KUSLAA,KUSLA,KUS,KUS,L,L,66,170,104,-1,0,0
84597-5LB-50,A,B,BSLIA,BSLIB,BSL,BSL,I,I,0,97,97,-1,0,0
84597-5LB-85,A,B,BSLXA,BSLXB,BSL,BSL,X,X,0,97,97,-1,0,0
81318-1DE-150,A,B,KUSLA,KUSLB,KUS,KUS,L,L,39,134,95,-1,0,0
84620-6GV-100,AA,A,GIRSAA,GIRSA,GIR,GIR,S,S,29,121,92,-1,0,0
84620-6GV-110,AA,A,GIRSAA,GIRSA,GIR,GIR,S,S,29,121,92,-1,0,0
84620-6GV-120,AA,A,GIRMAA,GIRMA,GIR,GIR,M,M,29,121,92,-1,0,0
84620-6GV-130,AA,A,GIRMAA,GIRMA,GIR,GIR,M,M,29,121,92,-1,0,0
82551-4CK-130,B,C,CSLMB,CSLMC,CSL,CSL,M,M,71,162,91,-1,0,0
81351-SR4-130,B,C,BOYMB,BOYMC,BOY,BOY,M,M,14,104,90,-1,0,0
82453-2EL-110,A,B,GIRSA,GIRSB,GIR,GIR,S,S,88,0,-88,-1,0,0
81346-SR4-150,AA,A,KNILAA,KNILA,KNI,KNI,L,L,88,173,85,-1,0,0
84660-1LG-50,A,B,BSLIA,BSLIB,BSL,BSL,I,I,0,85,85,-1,0,0
84660-1LG-75,AA,A,BSLIAA,BSLIA,BSL,BSL,I,I,0,85,85,-1,0,0
84660-1LG-85,B,C,BSLXB,BSLXC,BSL,BSL,X,X,0,85,85,-1,0,0
43205-5HC-150,AA,A,GIRLAA,GIRLA,GIR,GIR,L,L,104,184,80,-1,0,0
81339-3IF-100,A,B,KUSSA,KUSSB,KUS,KUS,S,S,29,109,80,-1,0,0
84306-5KQ-50,A,B,BSLIA,BSLIB,BSL,BSL,I,I,0,80,80,-1,0,0
67377-3KM-130,B,C,GIRMB,GIRMC,GIR,GIR,M,M,202,126,-76,-1,0,0
84306-5KC-60,AA,A,BSLIAA,BSLIA,BSL,BSL,I,I,4,80,76,-1,0,0
84306-5KC-80,AA,A,BSLXAA,BSLXA,BSL,BSL,X,X,4,80,76,-1,0,0
84419-5MA-70,AA,A,BSLIAA,BSLIA,BSL,BSL,I,I,4,80,76,-1,0,0
82721-5ZU-110,AA,A,GIRSAA,GIRSA,GIR,GIR,S,S,0,74,74,-1,0,0
82721-5ZU-90,A,B,GIRXA,GIRXB,GIR,GIR,X,X,0,74,74,-1,0,0
84505-5ZU-140,A,B,GIRLA,GIRLB,GIR,GIR,L,L,154,80,-74,-1,0,0
84608-6CN-100,AA,A,KUSSAA,KUSSA,KUS,KUS,S,S,27,101,74,-1,0,0
84608-6CN-110,A,B,KUSSA,KUSSB,KUS,KUS,S,S,27,101,74,-1,0,0
84608-6CN-120,AA,A,KUSMAA,KUSMA,KUS,KUS,M,M,27,101,74,-1,0,0
82551-4CK-110,B,C,CSLSB,CSLSC,CSL,CSL,S,S,64,136,72,-1,0,0
84628-6GV-150,AA,A,GIRLAA,GIRLA,GIR,GIR,L,L,20,89,69,-1,0,0
81318-1CO-110,AA,A,KUSSAA,KUSSA,KUS,KUS,S,S,86,154,68,-1,0,0
43205-015-150,AA,A,GIRLAA,GIRLA,GIR,GIR,L,L,113,179,66,-1,0,0
83117-1SE-100,B,C,CSLSB,CSLSC,CSL,CSL,S,S,64,0,-64,-1,0,0
47681-5CN-100,A,B,KUSSA,KUSSB,KUS,KUS,S,S,62,0,-62,-1,0,0
47684-5LZ-140,B,C,KUSLB,KUSLC,KUS,KUS,L,L,61,0,-61,-1,0,0
81339-3IF-90,A,B,KUSXA,KUSXB,KUS,KUS,X,X,27,88,61,-1,0,0
84179-5NF-120,AA,A,GIRMAA,GIRMA,GIR,GIR,M,M,3,64,61,-1,0,0
82509-2UT-110,AA,A,COLSAA,COLSA,COL,COL,S,S,67,127,60,-1,0,0
84458-5ZN-110,AA,A,GIRSAA,GIRSA,GIR,GIR,S,S,10,70,60,-1,0,0
84458-5ZN-150,B,C,GIRLB,GIRLC,GIR,GIR,L,L,10,70,60,-1,0,0
33175-145-140,B,C,KUSLB,KUSLC,KUS,KUS,L,L,0,59,59,-1,0,0
47681-5QG-100,A,B,KUSSA,KUSSB,KUS,KUS,S,S,53,0,-53,-1,0,0
65248-2KV-M,AA,A,COLMAA,COLMA,COL,COL,M,M,53,104,51,-1,0,0
82955-48A-140,A,B,KNILA,KNILB,KNI,KNI,L,L,20,70,50,-1,0,0
81339-3IF-150,A,B,KUSLA,KUSLB,KUS,KUS,L,L,20,69,49,-1,0,0
81339-3IF-160,AA,A,KUSLAA,KUSLA,KUS,KUS,L,L,20,69,49,-1,0,0
84433-66J-140,AA,A,KUSLAA,KUSLA,KUS,KUS,L,L,37,85,48,-1,0,0
43205-GK3-85,AA,A,GIRXAA,GIRXA,GIR,GIR,X,X,81,128,47,-1,0,0
82603-5WC-100,AA,A,KNISAA,KNISA,KNI,KNI,S,S,17,64,47,-1,0,0
82603-5WC-130,AA,A,KNIMAA,KNIMA,KNI,KNI,M,M,17,64,47,-1,0,0
82603-5WC-140,AA,A,KNILAA,KNILA,KNI,KNI,L,L,17,64,47,-1,0,0
83403-5MM-50,AA,A,BSLIAA,BSLIA,BSL,BSL,I,I,14,61,47,-1,0,0
83403-5MM-75,AA,A,BSLIAA,BSLIA,BSL,BSL,I,I,14,61,47,-1,0,0
81316-1CO-110,B,C,KUSSB,KUSSC,KUS,KUS,S,S,12,57,45,-1,0,0
81316-1CO-120,B,C,KUSMB,KUSMC,KUS,KUS,M,M,12,57,45,-1,0,0
82717-6GW-70,AA,A,BAPIAA,BAPIA,BAP,BAP,I,I,0,44,44,-1,0,0
84338-5VS-150,B,C,COLLB,COLLC,COL,COL,L,L,0,44,44,-1,0,0
84535-JG8-150,A,B,KNILA,KNILB,KNI,KNI,L,L,0,44,44,-1,0,0
67522-5SB-100,AA,A,BOYSAA,BOYSA,BOY,BOY,S,S,42,0,-42,-1,0,0
67522-5SB-110,AA,A,BOYSAA,BOYSA,BOY,BOY,S,S,42,0,-42,-1,0,0
67522-5SB-150,AA,A,BOYLAA,BOYLA,BOY,BOY,L,L,42,0,-42,-1,0,0
67683-48B-130,A,B,BOYMA,BOYMB,BOY,BOY,M,M,14,56,42,-1,0,0
82008-4KO-120,A,B,KUSMA,KUSMB,KUS,KUS,M,M,19,61,42,-1,0,0
84641-60J-140,AA,A,GIRLAA,GIRLA,GIR,GIR,L,L,10,52,42,-1,0,0
82512-2KU-90,A,B,COLXA,COLXB,COL,COL,X,X,29,70,41,-1,0,0
84660-1KC-60,AA,A,BSLIAA,BSLIA,BSL,BSL,I,I,3,44,41,-1,0,0
82008-4KO-110,B,C,KUSSB,KUSSC,KUS,KUS,S,S,14,51,37,-1,0,0
84552-973-75,AA,A,BAPIAA,BAPIA,BAP,BAP,I,I,10,47,37,-1,0,0
84552-973-80,AA,A,BAPXAA,BAPXA,BAP,BAP,X,X,10,47,37,-1,0,0
84505-5ZX-150,B,C,GIRLB,GIRLC,GIR,GIR,L,L,48,13,-35,-1,0,0
50265-2C2-L,B,C,OTHLB,OTHLC,OTH,OTH,L,L,0,34,34,-1,0,0
82719-5ZU-110,AA,A,GIRSAA,GIRSA,GIR,GIR,S,S,10,44,34,-1,0,0
82719-5ZU-120,AA,A,GIRMAA,GIRMA,GIR,GIR,M,M,10,44,34,-1,0,0
82719-5ZU-130,A,B,GIRMA,GIRMB,GIR,GIR,M,M,10,44,34,-1,0,0
82719-5ZU-150,B,C,GIRLB,GIRLC,GIR,GIR,L,L,10,44,34,-1,0,0
82723-5XD-90,A,B,GIRXA,GIRXB,GIR,GIR,X,X,0,34,34,-1,0,0
84473-5UT-120,B,C,GIRMB,GIRMC,GIR,GIR,M,M,0,34,34,-1,0,0
81928-3EC-110,A,B,GIRSA,GIRSB,GIR,GIR,S,S,37,70,33,-1,0,0
82606-5NA-150,A,B,GIRLA,GIRLB,GIR,GIR,L,L,18,51,33,-1,0,0
67567-5GZ-120,A,B,BOYMA,BOYMB,BOY,BOY,M,M,3,34,31,-1,0,0
84334-5VU-120,B,C,COLMB,COLMC,COL,COL,M,M,0,31,31,-1,0,0
81316-1DA-100,AA,A,KUSSAA,KUSSA,KUS,KUS,S,S,21,51,30,-1,0,0
82008-4KO-130,A,B,KUSMA,KUSMB,KUS,KUS,M,M,14,44,30,-1,0,0
84082-6AN-130,AA,A,KUSMAA,KUSMA,KUS,KUS,M,M,26,56,30,-1,0,0
84082-6AN-85,A,B,KUSXA,KUSXB,KUS,KUS,X,X,26,56,30,-1,0,0
84551-6FN-60,A,B,BAPIA,BAPIB,BAP,BAP,I,I,10,40,30,-1,0,0
84551-6FN-70,AA,A,BAPIAA,BAPIA,BAP,BAP,I,I,10,40,30,-1,0,0
66994-XU1-M,B,C,ASLMB,ASLMC,ASL,ASL,M,M,29,0,-29,-1,0,0
82778-M07-150,B,C,BOYLB,BOYLC,BOY,BOY,L,L,29,0,-29,-1,0,0
84338-5VT-120,AA,A,COLMAA,COLMA,COL,COL,M,M,10,39,29,-1,0,0
83153-4KK-120,B,C,KUSMB,KUSMC,KUS,KUS,M,M,10,38,28,-1,0,0
83256-5SZ-130,A,B,KNIMA,KNIMB,KNI,KNI,M,M,10,38,28,-1,0,0
67515-4SO-XL,A,B,KUNLA,KUNLB,KUN,KUN,L,L,88,115,27,-1,0,0
82512-2KU-130,B,C,COLMB,COLMC,COL,COL,M,M,19,46,27,-1,0,0
82646-4JY-100,A,B,GIRSA,GIRSB,GIR,GIR,S,S,0,27,27,-1,0,0
82646-4JY-150,B,C,GIRLB,GIRLC,GIR,GIR,L,L,0,27,27,-1,0,0
82768-5YM-100,B,C,GIRSB,GIRSC,GIR,GIR,S,S,0,27,27,-1,0,0
82768-5YM-110,AA,A,GIRSAA,GIRSA,GIR,GIR,S,S,0,27,27,-1,0,0
82824-5P5-100,A,B,GIRSA,GIRSB,GIR,GIR,S,S,0,27,27,-1,0,0
82824-5P5-85,B,C,GIRXB,GIRXC,GIR,GIR,X,X,0,27,27,-1,0,0
82824-5P5-90,A,B,GIRXA,GIRXB,GIR,GIR,X,X,0,27,27,-1,0,0
83117-1SE-90,A,B,CSLXA,CSLXB,CSL,CSL,X,X,27,0,-27,-1,0,0
83404-2ZC-50,AA,A,BSLIAA,BSLIA,BSL,BSL,I,I,7,34,27,-1,0,0
83404-2ZC-75,AA,A,BSLIAA,BSLIA,BSL,BSL,I,I,7,34,27,-1,0,0
84598-6OY-130,AA,A,KNIMAA,KNIMA,KNI,KNI,M,M,0,27,27,-1,0,0
84600-6GW-140,B,C,KNILB,KNILC,KNI,KNI,L,L,0,27,27,-1,0,0
80617-6EA-75,AA,A,BAPIAA,BAPIA,BAP,BAP,I,I,14,40,26,-1,0,0
81316-1EP-120,AA,A,KUSMAA,KUSMA,KUS,KUS,M,M,10,36,26,-1,0,0
81351-HI2-140,B,C,BOYLB,BOYLC,BOY,BOY,L,L,14,40,26,-1,0,0
82775-5HO-100,A,B,BOYSA,BOYSB,BOY,BOY,S,S,4,30,26,-1,0,0
82775-5HO-150,AA,A,BOYLAA,BOYLA,BOY,BOY,L,L,4,30,26,-1,0,0
82775-5HO-90,B,C,BOYXB,BOYXC,BOY,BOY,X,X,4,30,26,-1,0,0
82788-6DB-150,B,C,BOYLB,BOYLC,BOY,BOY,L,L,4,30,26,-1,0,0
84339-5VT-140,B,C,COLLB,COLLC,COL,COL,L,L,0,26,26,-1,0,0
84339-5VT-90,A,B,COLXA,COLXB,COL,COL,X,X,0,26,26,-1,0,0
82775-GK3-140,AA,A,BOYLAA,BOYLA,BOY,BOY,L,L,103,128,25,-1,0,0
84428-6AQ-85,A,B,KUSXA,KUSXB,KUS,KUS,X,X,18,43,25,-1,0,0
81316-1CO-130,B,C,KUSMB,KUSMC,KUS,KUS,M,M,10,34,24,-1,0,0
81351-HI2-150,B,C,BOYLB,BOYLC,BOY,BOY,L,L,10,34,24,-1,0,0
82677-5HC-100,A,B,GIRSA,GIRSB,GIR,GIR,S,S,3,27,24,-1,0,0
82677-5HC-110,A,B,GIRSA,GIRSB,GIR,GIR,S,S,3,27,24,-1,0,0
82723-5XE-110,A,B,GIRSA,GIRSB,GIR,GIR,S,S,10,34,24,-1,0,0
82723-5XE-130,A,B,GIRMA,GIRMB,GIR,GIR,M,M,10,34,24,-1,0,0
82723-5XE-140,A,B,GIRLA,GIRLB,GIR,GIR,L,L,10,34,24,-1,0,0
82775-GK3-150,AA,A,BOYLAA,BOYLA,BOY,BOY,L,L,90,114,24,-1,0,0
84281-5KS-130,B,C,GIRMB,GIRMC,GIR,GIR,M,M,7,31,24,-1,0,0
84281-5KS-90,B,C,GIRXB,GIRXC,GIR,GIR,X,X,7,31,24,-1,0,0
84429-5KU-110,AA,A,KUSSAA,KUSSA,KUS,KUS,S,S,14,38,24,-1,0,0
84429-5KU-120,AA,A,KUSMAA,KUSMA,KUS,KUS,M,M,14,38,24,-1,0,0
84429-5KU-130,AA,A,KUSMAA,KUSMA,KUS,KUS,M,M,14,38,24,-1,0,0
84429-5KU-80,B,C,KUSXB,KUSXC,KUS,KUS,X,X,14,38,24,-1,0,0
84429-5KU-85,A,B,KUSXA,KUSXB,KUS,KUS,X,X,14,38,24,-1,0,0
84460-66I-130,A,B,GIRMA,GIRMB,GIR,GIR,M,M,10,34,24,-1,0,0
84503-6CR-130,B,C,KNIMB,KNIMC,KNI,KNI,M,M,24,0,-24,-1,0,0
84628-5WH-130,A,B,GIRMA,GIRMB,GIR,GIR,M,M,3,27,24,-1,0,0
84657-5HR-120,AA,A,GIRMAA,GIRMA,GIR,GIR,M,M,3,27,24,-1,0,0
82101-2UT-120,A,B,COLMA,COLMB,COL,COL,M,M,47,70,23,-1,0,0
84082-5NF-150,A,B,KUSLA,KUSLB,KUS,KUS,L,L,14,37,23,-1,0,0
84082-5NF-85,AA,A,KUSXAA,KUSXA,KUS,KUS,X,X,14,37,23,-1,0,0
84426-6GT-60,AA,A,BSLIAA,BSLIA,BSL,BSL,I,I,0,23,23,-1,0,0
84538-6GW-75,A,B,BAPIA,BAPIB,BAP,BAP,I,I,3,26,23,-1,0,0
84538-6GW-80,B,C,BAPXB,BAPXC,BAP,BAP,X,X,3,26,23,-1,0,1
82509-2UT-90,A,B,COLXA,COLXB,COL,COL,X,X,27,49,22,-1,0,0
82677-5HP-120,A,B,GIRMA,GIRMB,GIR,GIR,M,M,0,22,22,-1,0,0
82677-5HP-90,A,B,GIRXA,GIRXB,GIR,GIR,X,X,0,22,22,-1,0,0
82718-5ZU-140,A,B,GIRLA,GIRLB,GIR,GIR,L,L,0,22,22,-1,0,0
82721-5ZN-110,A,B,GIRSA,GIRSB,GIR,GIR,S,S,0,22,22,-1,0,0
82721-6GW-120,AA,A,GIRMAA,GIRMA,GIR,GIR,M,M,0,22,22,-1,0,0
82721-6GW-130,AA,A,GIRMAA,GIRMA,GIR,GIR,M,M,0,22,22,-1,0,0
82776-5KS-85,B,C,GIRXB,GIRXC,GIR,GIR,X,X,0,22,22,-1,0,0
82799-5YP-140,B,C,GIRLB,GIRLC,GIR,GIR,L,L,0,22,22,-1,0,0
82837-5OA-S,AA,A,AAPSAA,AAPSA,AAP,AAP,S,S,0,22,22,-1,0,0
82999-60J-80,B,C,BAPXB,BAPXC,BAP,BAP,X,X,0,22,22,-1,0,0
83059-5TB-110,A,B,KNISA,KNISB,KNI,KNI,S,S,0,22,22,-1,0,0
83113-3J3-100,B,C,CSLSB,CSLSC,CSL,CSL,S,S,37,59,22,-1,0,0
83507-3BE-140,A,B,GIRLA,GIRLB,GIR,GIR,L,L,0,22,22,-1,0,0
84090-5KL-130,AA,A,KUSMAA,KUSMA,KUS,KUS,M,M,0,22,22,-1,0,0
84090-5KL-150,A,B,KUSLA,KUSLB,KUS,KUS,L,L,0,22,22,-1,0,0
84090-5UF-90,AA,A,KUSXAA,KUSXA,KUS,KUS,X,X,0,22,22,-1,0,0
84201-5DW-110,B,C,GIRSB,GIRSC,GIR,GIR,S,S,0,22,22,-1,0,1
84208-5GZ-110,A,B,BOYSA,BOYSB,BOY,BOY,S,S,0,22,22,-1,0,0
84285-5TM-75,A,B,BAPIA,BAPIB,BAP,BAP,I,I,22,0,-22,-1,0,0
84285-5TM-90,A,B,BAPXA,BAPXB,BAP,BAP,X,X,22,0,-22,-1,0,0
84426-68I-60,AA,A,BSLIAA,BSLIA,BSL,BSL,I,I,4,26,22,-1,0,0
84479-60J-110,B,C,GIRSB,GIRSC,GIR,GIR,S,S,0,22,22,-1,0,1
84600-6AN-110,A,B,KNISA,KNISB,KNI,KNI,S,S,0,22,22,-1,0,0
84600-6AN-120,A,B,KNIMA,KNIMB,KNI,KNI,M,M,0,22,22,-1,0,0
82719-6GW-140,AA,A,GIRLAA,GIRLA,GIR,GIR,L,L,10,31,21,-1,0,0
84351-5VT-130,A,B,COLMA,COLMB,COL,COL,M,M,0,21,21,-1,0,0
84351-5VT-140,B,C,COLLB,COLLC,COL,COL,L,L,0,21,21,-1,0,0
84351-5VT-150,B,C,COLLB,COLLC,COL,COL,L,L,0,21,21,-1,0,0
59845-XU1-L,B,C,ASLLB,ASLLC,ASL,ASL,L,L,20,0,-20,-1,0,0
67515-4SO-M,AA,A,KUNMAA,KUNMA,KUN,KUN,M,M,50,70,20,-1,0,0
83578-59B-120,B,C,CSLMB,CSLMC,CSL,CSL,M,M,20,0,-20,-1,0,0
83578-59B-130,B,C,CSLMB,CSLMC,CSL,CSL,M,M,20,0,-20,-1,0,0
65642-5KH-110,B,C,GIRSB,GIRSC,GIR,GIR,S,S,3,22,19,-1,0,0
67379-5OR-100,AA,A,GIRSAA,GIRSA,GIR,GIR,S,S,3,22,19,-1,0,0
67379-5OR-120,A,B,GIRMA,GIRMB,GIR,GIR,M,M,3,22,19,-1,0,0
82645-4DO-110,AA,A,GIRSAA,GIRSA,GIR,GIR,S,S,19,0,-19,-1,0,0
82645-5UA-120,A,B,GIRMA,GIRMB,GIR,GIR,M,M,3,22,19,-1,0,0
83097-5HO-140,AA,A,GIRLAA,GIRLA,GIR,GIR,L,L,3,22,19,-1,0,0
83097-5HO-90,A,B,GIRXA,GIRXB,GIR,GIR,X,X,3,22,19,-1,0,0
84426-67K-60,AA,A,BSLIAA,BSLIA,BSL,BSL,I,I,4,23,19,-1,0,0
84536-JG8-120,AA,A,KNIMAA,KNIMA,KNI,KNI,M,M,3,22,19,-1,0,0
84536-JG8-150,B,C,KNILB,KNILC,KNI,KNI,L,L,3,22,19,-1,0,0
84536-JG8-90,A,B,KNIXA,KNIXB,KNI,KNI,X,X,3,22,19,-1,0,0
84600-6FI-140,B,C,KNILB,KNILC,KNI,KNI,L,L,3,22,19,-1,0,0
84600-6FI-90,A,B,KNIXA,KNIXB,KNI,KNI,X,X,3,22,19,-1,0,0
84608-61B-140,AA,A,KUSLAA,KUSLA,KUS,KUS,L,L,3,22,19,-1,0,0
84608-61B-150,B,C,KUSLB,KUSLC,KUS,KUS,L,L,3,22,19,-1,0,0
83471-3TX-120,A,B,CSLMA,CSLMB,CSL,CSL,M,M,67,49,-18,-1,0,0
84015-5GD-130,B,C,KNIMB,KNIMC,KNI,KNI,M,M,20,38,18,-1,0,0
84082-6BB-120,AA,A,KUSMAA,KUSMA,KUS,KUS,M,M,4,22,18,-1,0,0
84082-6BB-150,A,B,KUSLA,KUSLB,KUS,KUS,L,L,4,22,18,-1,0,0
59852-2CF-85,B,C,KUSXB,KUSXC,KUS,KUS,X,X,19,36,17,-1,0,0
59956-SR4-120,A,B,BOYMA,BOYMB,BOY,BOY,M,M,47,64,17,-1,0,0
60363-5NY-100,A,B,GIRSA,GIRSB,GIR,GIR,S,S,17,0,-17,-1,0,0
65248-2KV-L,B,C,COLLB,COLLC,COL,COL,L,L,19,36,17,-1,0,0
67521-5TG-130,AA,A,BOYMAA,BOYMA,BOY,BOY,M,M,17,0,-17,-1,0,0
82614-5KX-100,AA,A,GIRSAA,GIRSA,GIR,GIR,S,S,10,27,17,-1,0,0
83022-5ZZ-130,AA,A,GIRMAA,GIRMA,GIR,GIR,M,M,10,27,17,-1,0,0
83022-5ZZ-140,B,C,GIRLB,GIRLC,GIR,GIR,L,L,10,27,17,-1,0,0
83022-5ZZ-85,A,B,GIRXA,GIRXB,GIR,GIR,X,X,10,27,17,-1,0,0
83651-4BX-90,B,C,COLXB,COLXC,COL,COL,X,X,63,46,-17,-1,0,0
84512-5UT-130,A,B,GIRMA,GIRMB,GIR,GIR,M,M,10,27,17,-1,0,0
84512-5UT-90,B,C,GIRXB,GIRXC,GIR,GIR,X,X,10,27,17,-1,0,0
84558-6GA-75,A,B,BAPIA,BAPIB,BAP,BAP,I,I,17,0,-17,-1,0,0
84600-6HU-100,A,B,KNISA,KNISB,KNI,KNI,S,S,14,31,17,-1,0,0
84630-6AW-50,B,C,BAPIB,BAPIC,BAP,BAP,I,I,0,17,17,-1,0,0
84630-6AW-75,AA,A,BAPIAA,BAPIA,BAP,BAP,I,I,0,17,17,-1,0,0
84657-5UT-120,AA,A,GIRMAA,GIRMA,GIR,GIR,M,M,10,27,17,-1,0,0
84657-5UT-130,AA,A,GIRMAA,GIRMA,GIR,GIR,M,M,10,27,17,-1,0,0
81666-3IF-60,A,B,BSLIA,BSLIB,BSL,BSL,I,I,66,82,16,-1,0,0
83916-4CR-120,AA,A,CSLMAA,CSLMA,CSL,CSL,M,M,7,23,16,-1,0,0
82606-5LR-150,B,C,GIRLB,GIRLC,GIR,GIR,L,L,7,22,15,-1,0,0
83100-5LB-130,A,B,GIRMA,GIRMB,GIR,GIR,M,M,0,15,15,-1,0,0
83100-5LB-140,B,C,GIRLB,GIRLC,GIR,GIR,L,L,0,15,15,-1,0,0
83100-5LB-85,B,C,GIRXB,GIRXC,GIR,GIR,X,X,0,15,15,-1,0,0
83507-5WH-85,B,C,GIRXB,GIRXC,GIR,GIR,X,X,0,15,15,-1,0,0
84281-6AW-110,B,C,GIRSB,GIRSC,GIR,GIR,S,S,0,15,15,-1,0,0
84281-6AW-120,B,C,GIRMB,GIRMC,GIR,GIR,M,M,0,15,15,-1,0,0
84595-5KT-140,A,B,GIRLA,GIRLB,GIR,GIR,L,L,0,15,15,-1,0,0
84653-5ST-100,AA,A,KNISAA,KNISA,KNI,KNI,S,S,0,15,15,-1,0,0
60325-XU1-S,B,C,ASLSB,ASLSC,ASL,ASL,S,S,14,0,-14,-1,0,0
80276-5CN-110,B,C,GIRSB,GIRSC,GIR,GIR,S,S,14,0,-14,-1,0,0
81316-1DE-100,AA,A,KUSSAA,KUSSA,KUS,KUS,S,S,12,26,14,-1,0,0
81316-1DE-130,AA,A,KUSMAA,KUSMA,KUS,KUS,M,M,17,31,14,-1,0,0
83580-59B-130,AA,A,CSLMAA,CSLMA,CSL,CSL,M,M,14,0,-14,-1,0,0
83818-3WK-XL,B,C,CSLLB,CSLLC,CSL,CSL,L,L,14,0,-14,-1,0,0
84015-5GE-140,B,C,KNILB,KNILC,KNI,KNI,L,L,17,31,14,-1,0,0
84090-5KP-90,AA,A,KUSXAA,KUSXA,KUS,KUS,X,X,17,31,14,-1,0,0
84495-5ZG-130,A,B,KNIMA,KNIMB,KNI,KNI,M,M,17,31,14,-1,0,0
84495-5ZG-85,B,C,KNIXB,KNIXC,KNI,KNI,X,X,17,31,14,-1,0,0
84505-61O-90,B,C,GIRXB,GIRXC,GIR,GIR,X,X,27,41,14,-1,0,1
52309-001-XS,B,C,KUNXB,KUNXC,KUN,KUN,X,X,0,13,13,-1,0,0
80441-4JY-110,AA,A,KNISAA,KNISA,KNI,KNI,S,S,0,13,13,-1,0,0
80441-5GZ-100,AA,A,KNISAA,KNISA,KNI,KNI,S,S,10,23,13,-1,0,0
80441-5GZ-150,B,C,KNILB,KNILC,KNI,KNI,L,L,10,23,13,-1,0,0
81316-1EP-85,A,B,KUSXA,KUSXB,KUS,KUS,X,X,0,13,13,-1,0,0
81380-5HB-100,AA,A,KNISAA,KNISA,KNI,KNI,S,S,0,13,13,-1,0,0
81551-5HB-120,AA,A,GIRMAA,GIRMA,GIR,GIR,M,M,0,13,13,-1,0,0
81551-5HK-120,A,B,GIRMA,GIRMB,GIR,GIR,M,M,0,13,13,-1,0,0
81569-5HR-110,B,C,KNISB,KNISC,KNI,KNI,S,S,0,13,13,-1,0,0
81569-5HR-120,A,B,KNIMA,KNIMB,KNI,KNI,M,M,0,13,13,-1,0,0
81569-5HR-90,B,C,KNIXB,KNIXC,KNI,KNI,X,X,0,13,13,-1,0,0
81868-76X-100,B,C,BOYSB,BOYSC,BOY,BOY,S,S,0,13,13,-1,0,0
82603-5WG-110,AA,A,KNISAA,KNISA,KNI,KNI,S,S,0,13,13,-1,0,0
82603-5WG-90,AA,A,KNIXAA,KNIXA,KNI,KNI,X,X,0,13,13,-1,0,0
82603-6HJ-130,AA,A,KNIMAA,KNIMA,KNI,KNI,M,M,0,13,13,-1,0,0
82718-6CY-100,A,B,GIRSA,GIRSB,GIR,GIR,S,S,0,13,13,-1,0,0
82731-65Z-85,AA,A,BAPXAA,BAPXA,BAP,BAP,X,X,0,13,13,-1,0,0
82731-6HH-80,B,C,BAPXB,BAPXC,BAP,BAP,X,X,0,13,13,-1,0,0
82896-5H5-90,B,C,BOYXB,BOYXC,BOY,BOY,X,X,0,13,13,-1,0,0
83340-5HR-90,B,C,BAPXB,BAPXC,BAP,BAP,X,X,0,13,13,-1,0,0
83611-3WO-140,B,C,CSLLB,CSLLC,CSL,CSL,L,L,0,13,13,-1,0,0
84082-2NN-110,AA,A,KUSSAA,KUSSA,KUS,KUS,S,S,0,13,13,-1,0,0
84082-2NN-140,A,B,KUSLA,KUSLB,KUS,KUS,L,L,0,13,13,-1,0,0
84082-5KQ-110,AA,A,KUSSAA,KUSSA,KUS,KUS,S,S,14,27,13,-1,0,0
84082-5KQ-85,A,B,KUSXA,KUSXB,KUS,KUS,X,X,14,27,13,-1,0,0
84108-5HV-150,B,C,BOYLB,BOYLC,BOY,BOY,L,L,0,13,13,-1,0,0
84108-5HV-90,B,C,BOYXB,BOYXC,BOY,BOY,X,X,0,13,13,-1,0,0
84179-5KA-110,A,B,GIRSA,GIRSB,GIR,GIR,S,S,0,13,13,-1,0,0
84281-5KT-110,A,B,GIRSA,GIRSB,GIR,GIR,S,S,0,13,13,-1,0,0
84281-5KT-150,B,C,GIRLB,GIRLC,GIR,GIR,L,L,0,13,13,-1,0,0
84306-5LK-75,B,C,BSLIB,BSLIC,BSL,BSL,I,I,0,13,13,-1,0,0
84306-5ZU-60,AA,A,BSLIAA,BSLIA,BSL,BSL,I,I,3,16,13,-1,0,0
84478-4JY-85,B,C,GIRXB,GIRXC,GIR,GIR,X,X,0,13,13,-1,0,0
84531-5LB-75,AA,A,BAPIAA,BAPIA,BAP,BAP,I,I,0,13,13,-1,0,0
84544-1SA-90,A,B,BAPXA,BAPXB,BAP,BAP,X,X,4,17,13,-1,0,0
84547-5LB-70,B,C,BAPIB,BAPIC,BAP,BAP,I,I,3,16,13,-1,0,0
84600-6DC-120,AA,A,KNIMAA,KNIMA,KNI,KNI,M,M,0,13,13,-1,0,0
84600-6G6-120,B,C,KNIMB,KNIMC,KNI,KNI,M,M,0,13,13,-1,0,0
84606-6GR-110,AA,A,KUSSAA,KUSSA,KUS,KUS,S,S,14,27,13,-1,0,0
84606-6GR-85,B,C,KUSXB,KUSXC,KUS,KUS,X,X,14,27,13,-1,0,0
84642-6HE-90,AA,A,GIRXAA,GIRXA,GIR,GIR,X,X,0,13,13,-1,0,0
84644-5DE-100,A,B,BOYSA,BOYSB,BOY,BOY,S,S,0,13,13,-1,0,0
84644-5DE-110,A,B,BOYSA,BOYSB,BOY,BOY,S,S,0,13,13,-1,0,0
84644-5DE-140,B,C,BOYLB,BOYLC,BOY,BOY,L,L,0,13,13,-1,0,0
84644-5DE-90,A,B,BOYXA,BOYXB,BOY,BOY,X,X,0,13,13,-1,0,0
43205-GK3-100,A,B,GIRSA,GIRSB,GIR,GIR,S,S,252,240,-12,-1,0,0
67522-4DV-100,AA,A,BOYSAA,BOYSA,BOY,BOY,S,S,10,22,12,-1,0,0
67522-4DV-110,AA,A,BOYSAA,BOYSA,BOY,BOY,S,S,10,22,12,-1,0,0
81338-5UC-140,AA,A,KUSLAA,KUSLA,KUS,KUS,L,L,10,22,12,-1,0,0
81569-SR4-140,AA,A,KNILAA,KNILA,KNI,KNI,L,L,10,22,12,-1,0,0
82603-6HK-140,AA,A,KNILAA,KNILA,KNI,KNI,L,L,10,22,12,-1,0,0
82717-5XF-70,AA,A,BAPIAA,BAPIA,BAP,BAP,I,I,4,16,12,-1,0,0
82719-65Z-90,A,B,GIRXA,GIRXB,GIR,GIR,X,X,19,31,12,-1,0,0
82723-5ZU-90,A,B,GIRXA,GIRXB,GIR,GIR,X,X,10,22,12,-1,0,0
82777-5HB-90,A,B,GIRXA,GIRXB,GIR,GIR,X,X,19,31,12,-1,0,0
83059-5TA-85,A,B,KNIXA,KNIXB,KNI,KNI,X,X,14,26,12,-1,0,0
83471-3TX-130,A,B,CSLMA,CSLMB,CSL,CSL,M,M,41,29,-12,-1,0,0
83471-3TX-140,B,C,CSLLB,CSLLC,CSL,CSL,L,L,26,14,-12,-1,0,0
84306-1WC-50,AA,A,BSLIAA,BSLIA,BSL,BSL,I,I,14,26,12,-1,0,0
84492-5WH-100,AA,A,KNISAA,KNISA,KNI,KNI,S,S,10,22,12,-1,0,0
84492-5WH-150,AA,A,KNILAA,KNILA,KNI,KNI,L,L,10,22,12,-1,0,0
84503-6CU-100,A,B,KNISA,KNISB,KNI,KNI,S,S,3,15,12,-1,0,0
84503-6CU-120,A,B,KNIMA,KNIMB,KNI,KNI,M,M,3,15,12,-1,0,0
84515-6DT-110,B,C,GIRSB,GIRSC,GIR,GIR,S,S,10,22,12,-1,0,0
84515-6DT-120,B,C,GIRMB,GIRMC,GIR,GIR,M,M,10,22,12,-1,0,1
84603-5KT-140,A,B,GIRLA,GIRLB,GIR,GIR,L,L,10,22,12,-1,0,0
84603-5LB-110,AA,A,GIRSAA,GIRSA,GIR,GIR,S,S,10,22,12,-1,0,0
84606-6AK-100,AA,A,KUSSAA,KUSSA,KUS,KUS,S,S,10,22,12,-1,0,0
84606-6AK-85,A,B,KUSXA,KUSXB,KUS,KUS,X,X,10,22,12,-1,0,0
82717-6AB-50,B,C,BAPIB,BAPIC,BAP,BAP,I,I,14,25,11,-1,0,0
82775-GK3-85,A,B,BOYXA,BOYXB,BOY,BOY,X,X,29,40,11,-1,0,0
82912-2RO-140,AA,A,GIRLAA,GIRLA,GIR,GIR,L,L,229,240,11,-1,0,0
84434-66I-90,AA,A,KUSXAA,KUSXA,KUS,KUS,X,X,29,40,11,-1,0,0
84460-5ZU-150,AA,A,GIRLAA,GIRLA,GIR,GIR,L,L,30,41,11,-1,0,0
80046-4ZC-M,B,C,ASLMB,ASLMC,ASL,ASL,M,M,10,0,-10,-1,0,0
81380-5HK-120,AA,A,KNIMAA,KNIMA,KNI,KNI,M,M,3,13,10,-1,0,0
82599-5ES-140,B,C,BOYLB,BOYLC,BOY,BOY,L,L,10,0,-10,-1,0,0
82599-5ES-85,B,C,BOYXB,BOYXC,BOY,BOY,X,X,10,0,-10,-1,0,0
82599-5ES-90,B,C,BOYXB,BOYXC,BOY,BOY,X,X,10,0,-10,-1,0,0
82622-5OA-110,A,B,GIRSA,GIRSB,GIR,GIR,S,S,3,13,10,-1,0,0
82717-5XA-85,B,C,BAPXB,BAPXC,BAP,BAP,X,X,4,14,10,-1,0,1
82719-5ZU-90,A,B,GIRXA,GIRXB,GIR,GIR,X,X,10,0,-10,-1,0,0
82788-5XC-85,A,B,BOYXA,BOYXB,BOY,BOY,X,X,4,14,10,-1,0,0
84095-5KB-75,B,C,BSLIB,BSLIC,BSL,BSL,I,I,10,0,-10,-1,0,0
84106-1GF-140,A,B,BOYLA,BOYLB,BOY,BOY,L,L,10,0,-10,-1,0,0
84108-5HP-110,A,B,BOYSA,BOYSB,BOY,BOY,S,S,3,13,10,-1,0,0
84108-5HP-140,A,B,BOYLA,BOYLB,BOY,BOY,L,L,3,13,10,-1,0,0
84108-5HP-90,A,B,BOYXA,BOYXB,BOY,BOY,X,X,3,13,10,-1,0,0
84290-5SE-110,B,C,GIRSB,GIRSC,GIR,GIR,S,S,3,13,10,-1,0,0
84428-6GQ-150,AA,A,KUSLAA,KUSLA,KUS,KUS,L,L,28,38,10,-1,0,0
84451-5UP-90,B,C,GIRXB,GIRXC,GIR,GIR,X,X,3,13,10,-1,0,0
84492-5WH-90,B,C,KNIXB,KNIXC,KNI,KNI,X,X,10,0,-10,-1,0,0
84515-6DS-130,B,C,GIRMB,GIRMC,GIR,GIR,M,M,10,0,-10,-1,0,0
84601-6HW-110,A,B,KNISA,KNISB,KNI,KNI,S,S,3,13,10,-1,0,0
84601-6HW-120,AA,A,KNIMAA,KNIMA,KNI,KNI,M,M,3,13,10,-1,0,0
84623-5ZK-100,AA,A,GIRSAA,GIRSA,GIR,GIR,S,S,3,13,10,-1,0,0
84623-5ZK-85,A,B,GIRXA,GIRXB,GIR,GIR,X,X,3,13,10,-1,0,0
82615-5DR-110,A,B,GIRSA,GIRSB,GIR,GIR,S,S,17,26,9,-1,0,0
82615-5DR-120,A,B,GIRMA,GIRMB,GIR,GIR,M,M,17,26,9,-1,0,0
82718-5XD-130,A,B,GIRMA,GIRMB,GIR,GIR,M,M,14,23,9,-1,0,1
84082-5ZP-120,AA,A,KUSMAA,KUSMA,KUS,KUS,M,M,4,13,9,-1,0,0
84082-5ZP-150,A,B,KUSLA,KUSLB,KUS,KUS,L,L,4,13,9,-1,0,0
84082-6AI-110,AA,A,KUSSAA,KUSSA,KUS,KUS,S,S,4,13,9,-1,0,0
84082-6AI-130,AA,A,KUSMAA,KUSMA,KUS,KUS,M,M,4,13,9,-1,0,0
84082-6AI-140,AA,A,KUSLAA,KUSLA,KUS,KUS,L,L,4,13,9,-1,0,0
84082-6AI-150,A,B,KUSLA,KUSLB,KUS,KUS,L,L,4,13,9,-1,0,0
84531-5KT-75,AA,A,BAPIAA,BAPIA,BAP,BAP,I,I,4,13,9,-1,0,0
84531-5KT-90,AA,A,BAPXAA,BAPXA,BAP,BAP,X,X,4,13,9,-1,0,0
84538-5ZO-75,AA,A,BAPIAA,BAPIA,BAP,BAP,I,I,7,16,9,-1,0,0
84549-011-80,AA,A,BAPXAA,BAPXA,BAP,BAP,X,X,4,13,9,-1,0,0
84561-48B-75,AA,A,BAPIAA,BAPIA,BAP,BAP,I,I,14,23,9,-1,0,0
50763-011-M,A,B,KUNMA,KUNMB,KUN,KUN,M,M,98,90,-8,-1,0,0
59956-SR4-150,B,C,BOYLB,BOYLC,BOY,BOY,L,L,19,27,8,-1,0,0
66716-5GC-140,B,C,BOYLB,BOYLC,BOY,BOY,L,L,19,27,8,-1,0,0
67377-5HB-110,B,C,GIRSB,GIRSC,GIR,GIR,S,S,14,22,8,-1,0,0
80276-5BV-130,A,B,GIRMA,GIRMB,GIR,GIR,M,M,19,27,8,-1,0,0
80467-5M5-85,A,B,GIRXA,GIRXB,GIR,GIR,X,X,8,0,-8,-1,0,0
81338-5LD-140,AA,A,KUSLAA,KUSLA,KUS,KUS,L,L,14,22,8,-1,0,0
81338-5UD-100,AA,A,KUSSAA,KUSSA,KUS,KUS,S,S,14,6,-8,-1,0,0
82572-6GS-130,A,B,KUSMA,KUSMB,KUS,KUS,M,M,0,8,8,-1,0,0
82786-5WZ-100,AA,A,BOYSAA,BOYSA,BOY,BOY,S,S,0,8,8,-1,0,0
83059-5K5-110,A,B,KNISA,KNISB,KNI,KNI,S,S,14,22,8,-1,0,0
83403-5RH-50,A,B,BSLIA,BSLIB,BSL,BSL,I,I,0,8,8,-1,0,0
83403-5RH-NB,B,C,BSLIB,BSLIC,BSL,BSL,I,I,0,8,8,-1,0,0
84090-5KH-150,A,B,KUSLA,KUSLB,KUS,KUS,L,L,0,8,8,-1,0,0
84095-5KE-70,AA,A,BSLIAA,BSLIA,BSL,BSL,I,I,0,8,8,-1,0,0
84171-5MB-50,AA,A,BSLIAA,BSLIA,BSL,BSL,I,I,14,22,8,-1,0,0
84273-5XH-80,A,B,BAPXA,BAPXB,BAP,BAP,X,X,0,8,8,-1,0,0
84292-5LZ-130,B,C,KNIMB,KNIMC,KNI,KNI,M,M,8,0,-8,-1,0,0
84292-5LZ-150,B,C,KNILB,KNILC,KNI,KNI,L,L,8,0,-8,-1,0,0
84292-5LZ-85,A,B,KNIXA,KNIXB,KNI,KNI,X,X,8,0,-8,-1,0,0
84306-6AG-50,AA,A,BSLIAA,BSLIA,BSL,BSL,I,I,14,22,8,-1,0,0
84306-6AG-60,AA,A,BSLIAA,BSLIA,BSL,BSL,I,I,14,22,8,-1,0,0
84429-5KT-120,AA,A,KUSMAA,KUSMA,KUS,KUS,M,M,14,22,8,-1,0,0
84429-5KT-130,AA,A,KUSMAA,KUSMA,KUS,KUS,M,M,14,22,8,-1,0,0
84429-5KT-140,AA,A,KUSLAA,KUSLA,KUS,KUS,L,L,14,22,8,-1,0,0
84429-5KT-85,A,B,KUSXA,KUSXB,KUS,KUS,X,X,14,22,8,-1,0,0
84448-6HA-150,A,B,GIRLA,GIRLB,GIR,GIR,L,L,14,22,8,-1,0,0
84448-6HA-90,AA,A,GIRXAA,GIRXA,GIR,GIR,X,X,14,22,8,-1,0,0
84505-5ZU-110,AA,A,GIRSAA,GIRSA,GIR,GIR,S,S,154,162,8,-1,0,0
84528-1SA-100,AA,A,BOYSAA,BOYSA,BOY,BOY,S,S,14,22,8,-1,0,0
84528-1SA-110,AA,A,BOYSAA,BOYSA,BOY,BOY,S,S,14,22,8,-1,0,0
84528-1SA-120,AA,A,BOYMAA,BOYMA,BOY,BOY,M,M,14,22,8,-1,0,0
84528-1SA-140,A,B,BOYLA,BOYLB,BOY,BOY,L,L,14,22,8,-1,0,0
84547-5KT-60,A,B,BAPIA,BAPIB,BAP,BAP,I,I,3,11,8,-1,0,0
84547-5KT-80,AA,A,BAPXAA,BAPXA,BAP,BAP,X,X,3,11,8,-1,0,0
84558-6BO-75,AA,A,BAPIAA,BAPIA,BAP,BAP,I,I,0,8,8,-1,0,0
84566-6DT-50,A,B,BAPIA,BAPIB,BAP,BAP,I,I,0,8,8,-1,0,0
84566-6DT-60,A,B,BAPIA,BAPIB,BAP,BAP,I,I,0,8,8,-1,0,0
84604-6GD-100,A,B,GIRSA,GIRSB,GIR,GIR,S,S,14,22,8,-1,0,0
84604-6GD-120,AA,A,GIRMAA,GIRMA,GIR,GIR,M,M,14,22,8,-1,0,0
84604-6GD-140,B,C,GIRLB,GIRLC,GIR,GIR,L,L,14,22,8,-1,0,0
84608-6AL-100,AA,A,KUSSAA,KUSSA,KUS,KUS,S,S,14,22,8,-1,0,0
84656-6FM-XXL,A,B,ASLLA,ASLLB,ASL,ASL,L,L,0,8,8,-1,0,0
66716-5GC-130,B,C,BOYMB,BOYMC,BOY,BOY,M,M,20,27,7,-1,0,0
83651-4BX-80,B,C,COLXB,COLXC,COL,COL,X,X,7,0,-7,-1,0,0
84354-5NE-110,A,B,GIRSA,GIRSB,GIR,GIR,S,S,7,0,-7,-1,0,0
84354-5NE-120,A,B,GIRMA,GIRMB,GIR,GIR,M,M,7,0,-7,-1,0,0
84569-65Z-70,AA,A,BAPIAA,BAPIA,BAP,BAP,I,I,0,7,7,-1,0,0
84569-65Z-80,AA,A,BAPXAA,BAPXA,BAP,BAP,X,X,0,7,7,-1,0,0
65642-5P5-85,AA,A,GIRXAA,GIRXA,GIR,GIR,X,X,23,29,6,-1,0,0
67567-5HR-100,B,C,BOYSB,BOYSC,BOY,BOY,S,S,0,6,6,-1,0,0
68125-5GG-120,B,C,GIRMB,GIRMC,GIR,GIR,M,M,49,43,-6,-1,0,0
80276-5BV-85,B,C,GIRXB,GIRXC,GIR,GIR,X,X,0,6,6,-1,0,0
81316-1CH-110,A,B,KUSSA,KUSSB,KUS,KUS,S,S,7,13,6,-1,0,0
81338-2NN-150,B,C,KUSLB,KUSLC,KUS,KUS,L,L,0,6,6,-1,0,0
81338-5KB-130,B,C,KUSMB,KUSMC,KUS,KUS,M,M,0,6,6,-1,0,0
81338-5NF-140,AA,A,KUSLAA,KUSLA,KUS,KUS,L,L,19,13,-6,-1,0,0
81352-3NQ-120,A,B,GIRMA,GIRMB,GIR,GIR,M,M,0,6,6,-1,0,0
81496-5H5-130,B,C,KNIMB,KNIMC,KNI,KNI,M,M,0,6,6,-1,0,0
81551-5EB-110,B,C,GIRSB,GIRSC,GIR,GIR,S,S,0,6,6,-1,0,0
81551-5EB-90,B,C,GIRXB,GIRXC,GIR,GIR,X,X,0,6,6,-1,0,0
81868-3UY-120,A,B,BOYMA,BOYMB,BOY,BOY,M,M,0,6,6,-1,0,0
82599-4DY-100,A,B,BOYSA,BOYSB,BOY,BOY,S,S,0,6,6,-1,0,0
82599-4DY-120,A,B,BOYMA,BOYMB,BOY,BOY,M,M,0,6,6,-1,0,0
82599-4DY-150,B,C,BOYLB,BOYLC,BOY,BOY,L,L,0,6,6,-1,0,0
82599-4DY-85,B,C,BOYXB,BOYXC,BOY,BOY,X,X,0,6,6,-1,0,0
82657-5OU-80,B,C,BAPXB,BAPXC,BAP,BAP,X,X,0,6,6,-1,0,0
82677-5GZ-120,A,B,GIRMA,GIRMB,GIR,GIR,M,M,0,6,6,-1,0,0
82719-65Z-110,B,C,GIRSB,GIRSC,GIR,GIR,S,S,19,13,-6,-1,0,0
82721-5YO-100,B,C,GIRSB,GIRSC,GIR,GIR,S,S,0,6,6,-1,0,0
82721-5YO-130,A,B,GIRMA,GIRMB,GIR,GIR,M,M,0,6,6,-1,0,0
82788-5ZN-90,B,C,BOYXB,BOYXC,BOY,BOY,X,X,0,6,6,-1,0,0
82788-62I-130,B,C,BOYMB,BOYMC,BOY,BOY,M,M,0,6,6,-1,0,0
82867-5VO-100,B,C,COLSB,COLSC,COL,COL,S,S,0,6,6,-1,0,0
82867-5VO-110,B,C,COLSB,COLSC,COL,COL,S,S,0,6,6,-1,0,0
83015-5HP-150,B,C,GIRLB,GIRLC,GIR,GIR,L,L,0,6,6,-1,0,0
83059-5OK-150,A,B,KNILA,KNILB,KNI,KNI,L,L,0,6,6,-1,0,0
83092-5QM-150,A,B,BOYLA,BOYLB,BOY,BOY,L,L,0,6,6,-1,0,0
83092-5QM-85,A,B,BOYXA,BOYXB,BOY,BOY,X,X,0,6,6,-1,0,0
83613-3UU-XL,B,C,ASLLB,ASLLC,ASL,ASL,L,L,0,6,6,-1,0,0
83893-4CG-110,A,B,COLSA,COLSB,COL,COL,S,S,0,6,6,-1,0,0
83893-4CG-130,A,B,COLMA,COLMB,COL,COL,M,M,0,6,6,-1,0,0
83903-4CI-120,A,B,COLMA,COLMB,COL,COL,M,M,0,6,6,-1,0,0
83903-4CI-130,A,B,COLMA,COLMB,COL,COL,M,M,0,6,6,-1,0,0
83904-4CI-100,A,B,COLSA,COLSB,COL,COL,S,S,0,6,6,-1,0,0
84074-5IM-130,B,C,CSLMB,CSLMC,CSL,CSL,M,M,0,6,6,-1,0,0
84090-5LT-130,AA,A,KUSMAA,KUSMA,KUS,KUS,M,M,0,6,6,-1,0,0
84097-5QU-130,A,B,KNIMA,KNIMB,KNI,KNI,M,M,0,6,6,-1,0,0
84097-5QU-150,B,C,KNILB,KNILC,KNI,KNI,L,L,0,6,6,-1,0,0
84108-3UY-130,A,B,BOYMA,BOYMB,BOY,BOY,M,M,0,6,6,-1,0,0
84108-3UY-85,B,C,BOYXB,BOYXC,BOY,BOY,X,X,0,6,6,-1,0,0
84109-5GZ-120,B,C,BOYMB,BOYMC,BOY,BOY,M,M,0,6,6,-1,0,0
84109-5GZ-130,B,C,BOYMB,BOYMC,BOY,BOY,M,M,0,6,6,-1,0,0
84112-5QB-140,B,C,BOYLB,BOYLC,BOY,BOY,L,L,0,6,6,-1,0,0
84116-4CS-100,B,C,KNISB,KNISC,KNI,KNI,S,S,0,6,6,-1,0,0
84116-4CS-110,B,C,KNISB,KNISC,KNI,KNI,S,S,0,6,6,-1,0,0
84116-4CS-120,B,C,KNIMB,KNIMC,KNI,KNI,M,M,0,6,6,-1,0,0
84120-5SA-100,B,C,BOYSB,BOYSC,BOY,BOY,S,S,0,6,6,-1,0,0
84121-5SB-140,B,C,BOYLB,BOYLC,BOY,BOY,L,L,0,6,6,-1,0,0
84124-5HB-130,A,B,KNIMA,KNIMB,KNI,KNI,M,M,0,6,6,-1,0,0
84124-5HP-100,B,C,KNISB,KNISC,KNI,KNI,S,S,0,6,6,-1,0,0
84124-5HP-110,B,C,KNISB,KNISC,KNI,KNI,S,S,0,6,6,-1,0,0
84157-5OJ-50,B,C,BAPIB,BAPIC,BAP,BAP,I,I,0,6,6,-1,0,0
84280-5LB-120,B,C,GIRMB,GIRMC,GIR,GIR,M,M,0,6,6,-1,0,0
84280-5LB-140,B,C,GIRLB,GIRLC,GIR,GIR,L,L,0,6,6,-1,0,0
84281-5KU-120,B,C,GIRMB,GIRMC,GIR,GIR,M,M,0,6,6,-1,0,0
84281-5KU-130,B,C,GIRMB,GIRMC,GIR,GIR,M,M,0,6,6,-1,0,0
84281-5KV-130,A,B,GIRMA,GIRMB,GIR,GIR,M,M,0,6,6,-1,0,0
84281-5KV-140,B,C,GIRLB,GIRLC,GIR,GIR,L,L,0,6,6,-1,0,0
84281-5KV-150,B,C,GIRLB,GIRLC,GIR,GIR,L,L,0,6,6,-1,0,0
84289-5TQ-140,A,B,GIRLA,GIRLB,GIR,GIR,L,L,0,6,6,-1,0,0
84307-2ZC-L,A,B,ASLLA,ASLLB,ASL,ASL,L,L,0,6,6,-1,0,0
84307-2ZC-XS,B,C,ASLXB,ASLXC,ASL,ASL,X,X,0,6,6,-1,0,0
84360-5VP-120,B,C,CSLMB,CSLMC,CSL,CSL,M,M,0,6,6,-1,0,0
84375-5UR-100,B,C,COLSB,COLSC,COL,COL,S,S,0,6,6,-1,0,0
84375-5UR-90,B,C,COLXB,COLXC,COL,COL,X,X,0,6,6,-1,0,0
84412-5OB-60,A,B,BSLIA,BSLIB,BSL,BSL,I,I,0,6,6,-1,0,0
84420-5KW-60,AA,A,BSLIAA,BSLIA,BSL,BSL,I,I,0,6,6,-1,0,0
84420-5KW-70,AA,A,BSLIAA,BSLIA,BSL,BSL,I,I,0,6,6,-1,0,0
84433-6HD-85,AA,A,KUSXAA,KUSXA,KUS,KUS,X,X,7,13,6,-1,0,0
84451-5HR-110,A,B,GIRSA,GIRSB,GIR,GIR,S,S,0,6,6,-1,0,0
84485-6A6-140,B,C,BOYLB,BOYLC,BOY,BOY,L,L,0,6,6,-1,0,0
84494-6HQ-120,A,B,KNIMA,KNIMB,KNI,KNI,M,M,0,6,6,-1,0,0
84504-6AO-140,AA,A,GIRLAA,GIRLA,GIR,GIR,L,L,0,6,6,-1,0,0
84512-5HO-110,B,C,GIRSB,GIRSC,GIR,GIR,S,S,0,6,6,-1,0,0
84512-5HO-90,B,C,GIRXB,GIRXC,GIR,GIR,X,X,0,6,6,-1,0,0
84540-5ZH-75,AA,A,BAPIAA,BAPIA,BAP,BAP,I,I,0,6,6,-1,0,0
84558-6FI-70,A,B,BAPIA,BAPIB,BAP,BAP,I,I,0,6,6,-1,0,0
84564-5UP-80,B,C,BAPXB,BAPXC,BAP,BAP,X,X,0,6,6,-1,0,0
84564-5UP-90,B,C,BAPXB,BAPXC,BAP,BAP,X,X,0,6,6,-1,0,0
84595-5KS-140,A,B,GIRLA,GIRLB,GIR,GIR,L,L,0,6,6,-1,0,0
84600-6HS-140,A,B,KNILA,KNILB,KNI,KNI,L,L,0,6,6,-1,0,0
84617-542-85,B,C,COLXB,COLXC,COL,COL,X,X,0,6,6,-1,0,0
84623-5HO-100,A,B,GIRSA,GIRSB,GIR,GIR,S,S,0,6,6,-1,0,0
84623-5HO-140,AA,A,GIRLAA,GIRLA,GIR,GIR,L,L,0,6,6,-1,0,0
84630-5ZO-80,A,B,BAPXA,BAPXB,BAP,BAP,X,X,0,6,6,-1,0,0
84636-67K-70,A,B,BAPIA,BAPIB,BAP,BAP,I,I,7,13,6,-1,0,0
84642-6HO-130,AA,A,GIRMAA,GIRMA,GIR,GIR,M,M,0,6,6,-1,0,0
84645-6CV-130,AA,A,KNIMAA,KNIMA,KNI,KNI,M,M,0,6,6,-1,0,0
84645-6CV-90,AA,A,KNIXAA,KNIXA,KNI,KNI,X,X,0,6,6,-1,0,0
84645-6OT-90,AA,A,KNIXAA,KNIXA,KNI,KNI,X,X,0,6,6,-1,0,0
84648-6GQ-85,AA,A,BAPXAA,BAPXA,BAP,BAP,X,X,0,6,6,-1,0,0
84653-6HL-120,AA,A,KNIMAA,KNIMA,KNI,KNI,M,M,0,6,6,-1,0,0
84655-5ZN-110,A,B,BOYSA,BOYSB,BOY,BOY,S,S,0,6,6,-1,0,0
84655-61I-110,A,B,BOYSA,BOYSB,BOY,BOY,S,S,0,6,6,-1,0,0
84657-5ZH-130,A,B,GIRMA,GIRMB,GIR,GIR,M,M,0,6,6,-1,0,0
65642-5MO-85,B,C,GIRXB,GIRXC,GIR,GIR,X,X,16,21,5,-1,0,0
84528-1SA-130,B,C,BOYMB,BOYMC,BOY,BOY,M,M,14,19,5,-1,0,1
81338-5KQ-100,A,B,KUSSA,KUSSB,KUS,KUS,S,S,10,6,-4,-1,0,0
81338-5KQ-140,AA,A,KUSLAA,KUSLA,KUS,KUS,L,L,10,6,-4,-1,0,0
81452-5OT-70,B,C,BAPIB,BAPIC,BAP,BAP,I,I,4,0,-4,-1,0,0
81666-3IF-90,A,B,BSLXA,BSLXB,BSL,BSL,X,X,26,30,4,-1,0,0
82788-6AW-130,A,B,BOYMA,BOYMB,BOY,BOY,M,M,4,8,4,-1,0,0
82896-5ZE-140,A,B,BOYLA,BOYLB,BOY,BOY,L,L,4,8,4,-1,0,0
82896-5ZE-90,A,B,BOYXA,BOYXB,BOY,BOY,X,X,4,8,4,-1,0,0
84169-5UG-100,B,C,KUSSB,KUSSC,KUS,KUS,S,S,4,0,-4,-1,0,0
84172-5UL-70,A,B,BSLIA,BSLIB,BSL,BSL,I,I,4,0,-4,-1,0,0
84549-5ZA-90,A,B,BAPXA,BAPXB,BAP,BAP,X,X,4,8,4,-1,0,0
84569-5ZU-70,AA,A,BAPIAA,BAPIA,BAP,BAP,I,I,3,7,4,-1,0,0
84596-5KT-90,AA,A,BAPXAA,BAPXA,BAP,BAP,X,X,18,14,-4,-1,0,0
51218-2KQ-XL,B,C,COLLB,COLLC,COL,COL,L,L,10,13,3,-1,0,0
60363-5NF-90,A,B,GIRXA,GIRXB,GIR,GIR,X,X,19,22,3,-1,0,0
65642-5LK-90,B,C,GIRXB,GIRXC,GIR,GIR,X,X,3,0,-3,-1,0,0
67521-5KM-100,AA,A,BOYSAA,BOYSA,BOY,BOY,S,S,3,6,3,-1,0,0
81338-5VB-130,AA,A,KUSMAA,KUSMA,KUS,KUS,M,M,10,13,3,-1,0,0
81338-5VB-140,AA,A,KUSLAA,KUSLA,KUS,KUS,L,L,10,13,3,-1,0,0
81338-5VB-90,AA,A,KUSXAA,KUSXA,KUS,KUS,X,X,10,13,3,-1,0,0
81380-5HP-100,AA,A,KNISAA,KNISA,KNI,KNI,S,S,10,13,3,-1,0,0
81380-5HP-120,AA,A,KNIMAA,KNIMA,KNI,KNI,M,M,10,13,3,-1,0,0
82788-5XB-130,A,B,BOYMA,BOYMB,BOY,BOY,M,M,14,17,3,-1,0,0
82788-5XB-150,B,C,BOYLB,BOYLC,BOY,BOY,L,L,14,17,3,-1,0,1
83651-4BX-75,B,C,COLIB,COLIC,COL,COL,I,I,10,13,3,-1,0,0
84358-5VQ-90,B,C,CSLXB,CSLXC,CSL,CSL,X,X,10,13,3,-1,0,0
84484-5WX-100,A,B,BOYSA,BOYSB,BOY,BOY,S,S,3,6,3,-1,0,0
84492-5PW-100,B,C,KNISB,KNISC,KNI,KNI,S,S,10,13,3,-1,0,0
84503-6CT-90,AA,A,KNIXAA,KNIXA,KNI,KNI,X,X,3,6,3,-1,0,0
84503-6HG-110,AA,A,KNISAA,KNISA,KNI,KNI,S,S,3,6,3,-1,0,0
84503-6HG-85,A,B,KNIXA,KNIXB,KNI,KNI,X,X,3,6,3,-1,0,0
84515-6DT-130,B,C,GIRMB,GIRMC,GIR,GIR,M,M,10,13,3,-1,0,0
84605-5ZC-140,AA,A,BOYLAA,BOYLA,BOY,BOY,L,L,10,13,3,-1,0,0
84636-1QH-50,B,C,BAPIB,BAPIC,BAP,BAP,I,I,11,14,3,-1,0,0
50763-011-S,A,B,KUNSA,KUNSB,KUN,KUN,S,S,68,70,2,-1,0,0
68125-5GG-110,B,C,GIRSB,GIRSC,GIR,GIR,S,S,49,51,2,-1,0,0
81710-41I-85,AA,A,BAPXAA,BAPXA,BAP,BAP,X,X,14,16,2,-1,0,0
81710-61J-75,AA,A,BAPIAA,BAPIA,BAP,BAP,I,I,3,5,2,-1,0,0
81710-61J-90,A,B,BAPXA,BAPXB,BAP,BAP,X,X,3,5,2,-1,0,0
81710-6HA-50,B,C,BAPIB,BAPIC,BAP,BAP,I,I,3,5,2,-1,0,0
82717-5XE-70,B,C,BAPIB,BAPIC,BAP,BAP,I,I,0,2,2,-1,0,0
82788-6AN-140,AA,A,BOYLAA,BOYLA,BOY,BOY,L,L,14,16,2,-1,0,0
83000-60J-75,AA,A,BAPIAA,BAPIA,BAP,BAP,I,I,4,2,-2,-1,0,0
83000-60J-80,A,B,BAPXA,BAPXB,BAP,BAP,X,X,4,2,-2,-1,0,0
84307-1SA-L,B,C,ASLLB,ASLLC,ASL,ASL,L,L,0,2,2,-1,0,0
84307-1SA-M,A,B,ASLMA,ASLMB,ASL,ASL,M,M,0,2,2,-1,0,0
84307-60J-S,B,C,ASLSB,ASLSC,ASL,ASL,S,S,0,2,2,-1,0,0
84342-5VW-100,A,B,COLSA,COLSB,COL,COL,S,S,0,2,2,-1,0,0
84342-5VW-110,A,B,COLSA,COLSB,COL,COL,S,S,0,2,2,-1,0,0
84342-5VW-90,B,C,COLXB,COLXC,COL,COL,X,X,0,2,2,-1,0,0
84432-1WC-80,AA,A,BSLXAA,BSLXA,BSL,BSL,X,X,11,13,2,-1,0,0
84531-5XX-85,A,B,BAPXA,BAPXB,BAP,BAP,X,X,0,2,2,-1,0,0
84548-5ZP-70,AA,A,BAPIAA,BAPIA,BAP,BAP,I,I,0,2,2,-1,0,0
84548-5ZP-75,AA,A,BAPIAA,BAPIA,BAP,BAP,I,I,0,2,2,-1,0,0
84548-6AT-80,AA,A,BAPXAA,BAPXA,BAP,BAP,X,X,4,2,-2,-1,0,0
81718-68I-100,B,C,GIRSB,GIRSC,GIR,GIR,S,S,14,13,-1,-1,0,0
82719-5XD-140,B,C,GIRLB,GIRLC,GIR,GIR,L,L,14,13,-1,-1,0,1
84095-5KQ-70,AA,A,BSLIAA,BSLIA,BSL,BSL,I,I,7,6,-1,-1,0,0
84306-6DC-50,AA,A,BSLIAA,BSLIA,BSL,BSL,I,I,14,13,-1,-1,0,0
84306-6DC-60,AA,A,BSLIAA,BSLIA,BSL,BSL,I,I,14,13,-1,-1,0,0
84450-6DU-100,AA,A,GIRSAA,GIRSA,GIR,GIR,S,S,14,13,-1,-1,0,0
84460-61J-150,A,B,GIRLA,GIRLB,GIR,GIR,L,L,42,41,-1,-1,0,0
84597-5KV-70,AA,A,BSLIAA,BSLIA,BSL,BSL,I,I,7,6,-1,-1,0,0
84600-6HU-120,B,C,KNIMB,KNIMC,KNI,KNI,M,M,14,13,-1,-1,0,1
84662-1NV-140,AA,A,GIRLAA,GIRLA,GIR,GIR,L,L,35,36,1,-1,0,0
33218-2SZ-130,A,B,KUSMA,KUSMB,KUS,KUS,M,M,0,0,0,-1,0,0
37028-4LF-100,B,C,KUSSB,KUSSC,KUS,KUS,S,S,0,0,0,-1,0,0
43205-011-100,AA,A,GIRSAA,GIRSA,GIR,GIR,S,S,0,0,0,-1,0,0
45346-015-140,A,B,GIRLA,GIRLB,GIR,GIR,L,L,0,0,0,-1,0,0
48080-5HP-130,A,B,BOYMA,BOYMB,BOY,BOY,M,M,0,0,0,-1,0,0
48080-5HW-90,B,C,BOYXB,BOYXC,BOY,BOY,X,X,0,0,0,-1,0,0
48886-NN9-M,A,B,CSLMA,CSLMB,CSL,CSL,M,M,0,0,0,-1,0,0
52399-011-L,B,C,ASLLB,ASLLC,ASL,ASL,L,L,0,0,0,-1,0,0
59845-2BX-L,B,C,ASLLB,ASLLC,ASL,ASL,L,L,0,0,0,-1,0,0
59845-XU1-80,B,C,ASLXB,ASLXC,ASL,ASL,X,X,0,0,0,-1,0,0
59852-2C2-100,AA,A,KUSSAA,KUSSA,KUS,KUS,S,S,0,0,0,-1,0,0
59852-2C2-90,AA,A,KUSXAA,KUSXA,KUS,KUS,X,X,0,0,0,-1,0,0
59852-2CH-85,A,B,KUSXA,KUSXB,KUS,KUS,X,X,0,0,0,-1,0,0
59852-4XY-110,A,B,KUSSA,KUSSB,KUS,KUS,S,S,0,0,0,-1,0,0
59956-015-110,B,C,BOYSB,BOYSC,BOY,BOY,S,S,0,0,0,-1,0,0
59956-015-130,A,B,BOYMA,BOYMB,BOY,BOY,M,M,0,0,0,-1,0,0
59956-5GM-120,A,B,BOYMA,BOYMB,BOY,BOY,M,M,0,0,0,-1,0,0
59956-5GM-140,A,B,BOYLA,BOYLB,BOY,BOY,L,L,0,0,0,-1,0,0
60363-5KW-110,B,C,GIRSB,GIRSC,GIR,GIR,S,S,0,0,0,-1,0,0
65593-5EB-70,B,C,BAPIB,BAPIC,BAP,BAP,I,I,0,0,0,-1,0,0
65642-4DO-110,AA,A,GIRSAA,GIRSA,GIR,GIR,S,S,0,0,0,-1,0,0
65642-4DO-120,B,C,GIRMB,GIRMC,GIR,GIR,M,M,0,0,0,-1,0,0
65642-5K5-120,AA,A,GIRMAA,GIRMA,GIR,GIR,M,M,0,0,0,-1,0,0
65642-5K5-130,AA,A,GIRMAA,GIRMA,GIR,GIR,M,M,0,0,0,-1,0,0
65642-5K5-140,B,C,GIRLB,GIRLC,GIR,GIR,L,L,0,0,0,-1,0,0
66994-4XJ-XXL,B,C,ASLLB,ASLLC,ASL,ASL,L,L,0,0,0,-1,0,0
66994-4YZ-L,B,C,ASLLB,ASLLC,ASL,ASL,L,L,0,0,0,-1,0,0
66994-XU1-XS,B,C,ASLXB,ASLXC,ASL,ASL,X,X,0,0,0,-1,0,0
67093-NN9-S,A,B,CSLSA,CSLSB,CSL,CSL,S,S,0,0,0,-1,0,0
67377-3KT-110,B,C,GIRSB,GIRSC,GIR,GIR,S,S,0,0,0,-1,0,0
67379-5LJ-110,AA,A,GIRSAA,GIRSA,GIR,GIR,S,S,0,0,0,-1,0,0
67379-5LJ-120,AA,A,GIRMAA,GIRMA,GIR,GIR,M,M,0,0,0,-1,0,0
67379-5LJ-90,A,B,GIRXA,GIRXB,GIR,GIR,X,X,0,0,0,-1,0,0
67447-5KE-75,B,C,BAPIB,BAPIC,BAP,BAP,I,I,0,0,0,-1,0,0
67521-5TJ-110,A,B,BOYSA,BOYSB,BOY,BOY,S,S,0,0,0,-1,0,0
67521-5TJ-150,A,B,BOYLA,BOYLB,BOY,BOY,L,L,0,0,0,-1,0,0
67521-5TK-140,A,B,BOYLA,BOYLB,BOY,BOY,L,L,0,0,0,-1,0,0
67521-6GI-150,B,C,BOYLB,BOYLC,BOY,BOY,L,L,0,0,0,-1,0,0
67521-6GI-90,B,C,BOYXB,BOYXC,BOY,BOY,X,X,0,0,0,-1,0,0
67521-6HR-130,AA,A,BOYMAA,BOYMA,BOY,BOY,M,M,0,0,0,-1,0,0
80039-2BV-L,A,B,ASLLA,ASLLB,ASL,ASL,L,L,0,0,0,-1,0,0
80039-2CH-XXL,B,C,ASLLB,ASLLC,ASL,ASL,L,L,0,0,0,-1,0,0
80039-3ZD-S,B,C,ASLSB,ASLSC,ASL,ASL,S,S,0,0,0,-1,0,0
80039-4WW-XL,A,B,ASLLA,ASLLB,ASL,ASL,L,L,0,0,0,-1,0,0
80039-52K-M,AA,A,ASLMAA,ASLMA,ASL,ASL,M,M,0,0,0,-1,0,0
80046-2CK-XL,A,B,ASLLA,ASLLB,ASL,ASL,L,L,0,0,0,-1,0,0
80046-4WW-L,B,C,ASLLB,ASLLC,ASL,ASL,L,L,0,0,0,-1,0,0
80046-52K-M,B,C,ASLMB,ASLMC,ASL,ASL,M,M,0,0,0,-1,0,0
80467-5NR-100,A,B,GIRSA,GIRSB,GIR,GIR,S,S,0,0,0,-1,0,0
80467-5NR-110,B,C,GIRSB,GIRSC,GIR,GIR,S,S,0,0,0,-1,0,0
80605-5ZU-70,A,B,BAPIA,BAPIB,BAP,BAP,I,I,0,0,0,-1,0,0
81076-792-130,B,C,GIRMB,GIRMC,GIR,GIR,M,M,0,0,0,-1,0,0
81211-1OW-140,B,C,COLLB,COLLC,COL,COL,L,L,0,0,0,-1,0,0
81318-1CH-90,B,C,KUSXB,KUSXC,KUS,KUS,X,X,0,0,0,-1,0,0
81318-2NA-110,B,C,KUSSB,KUSSC,KUS,KUS,S,S,0,0,0,-1,0,0
81338-5K5-110,AA,A,KUSSAA,KUSSA,KUS,KUS,S,S,0,0,0,-1,0,0
81338-5K5-120,AA,A,KUSMAA,KUSMA,KUS,KUS,M,M,0,0,0,-1,0,0
81338-5K5-130,AA,A,KUSMAA,KUSMA,KUS,KUS,M,M,0,0,0,-1,0,0
81338-5K5-150,A,B,KUSLA,KUSLB,KUS,KUS,L,L,0,0,0,-1,0,0
81338-5K5-90,AA,A,KUSXAA,KUSXA,KUS,KUS,X,X,0,0,0,-1,0,0
81339-2MN-110,A,B,KUSSA,KUSSB,KUS,KUS,S,S,0,0,0,-1,0,0
81339-2MN-140,A,B,KUSLA,KUSLB,KUS,KUS,L,L,0,0,0,-1,0,0
81339-3LS-100,B,C,KUSSB,KUSSC,KUS,KUS,S,S,0,0,0,-1,0,0
81339-3LS-130,A,B,KUSMA,KUSMB,KUS,KUS,M,M,0,0,0,-1,0,0
81339-3LS-140,A,B,KUSLA,KUSLB,KUS,KUS,L,L,0,0,0,-1,0,0
81339-3LS-150,A,B,KUSLA,KUSLB,KUS,KUS,L,L,0,0,0,-1,0,0
81346-4JY-110,B,C,KNISB,KNISC,KNI,KNI,S,S,0,0,0,-1,0,0
81346-4JY-120,A,B,KNIMA,KNIMB,KNI,KNI,M,M,0,0,0,-1,0,0
81346-4JY-130,B,C,KNIMB,KNIMC,KNI,KNI,M,M,0,0,0,-1,0,0
81346-4JY-85,B,C,KNIXB,KNIXC,KNI,KNI,X,X,0,0,0,-1,0,0
81346-5HP-140,A,B,KNILA,KNILB,KNI,KNI,L,L,0,0,0,-1,0,0
81347-5KD-130,B,C,KNIMB,KNIMC,KNI,KNI,M,M,0,0,0,-1,0,0
81347-5KQ-100,A,B,KNISA,KNISB,KNI,KNI,S,S,0,0,0,-1,0,0
81347-5MP-110,A,B,KNISA,KNISB,KNI,KNI,S,S,0,0,0,-1,0,0
81347-5OK-90,B,C,KNIXB,KNIXC,KNI,KNI,X,X,0,0,0,-1,0,0
81452-5OB-75,B,C,BAPIB,BAPIC,BAP,BAP,I,I,0,0,0,-1,0,0
81452-5OB-80,B,C,BAPXB,BAPXC,BAP,BAP,X,X,0,0,0,-1,0,0
81461-5MZ-120,B,C,GIRMB,GIRMC,GIR,GIR,M,M,0,0,0,-1,0,0
81461-5MZ-130,B,C,GIRMB,GIRMC,GIR,GIR,M,M,0,0,0,-1,0,0
81496-5EB-100,B,C,KNISB,KNISC,KNI,KNI,S,S,0,0,0,-1,0,0
81496-5EB-120,A,B,KNIMA,KNIMB,KNI,KNI,M,M,0,0,0,-1,0,0
81551-5HR-110,A,B,GIRSA,GIRSB,GIR,GIR,S,S,0,0,0,-1,0,0
81569-5EB-110,B,C,KNISB,KNISC,KNI,KNI,S,S,0,0,0,-1,0,0
81569-5EB-140,B,C,KNILB,KNILC,KNI,KNI,L,L,0,0,0,-1,0,0
81666-41W-60,B,C,BSLIB,BSLIC,BSL,BSL,I,I,0,0,0,-1,0,0
81666-41W-80,B,C,BSLXB,BSLXC,BSL,BSL,X,X,0,0,0,-1,0,0
81666-41W-90,B,C,BSLXB,BSLXC,BSL,BSL,X,X,0,0,0,-1,0,0
81666-42A-75,B,C,BSLIB,BSLIC,BSL,BSL,I,I,0,0,0,-1,0,0
81666-42A-80,A,B,BSLXA,BSLXB,BSL,BSL,X,X,0,0,0,-1,0,0
81666-42K-60,B,C,BSLIB,BSLIC,BSL,BSL,I,I,0,0,0,-1,0,0
81666-42R-70,AA,A,BSLIAA,BSLIA,BSL,BSL,I,I,0,0,0,-1,0,0
81666-42R-75,AA,A,BSLIAA,BSLIA,BSL,BSL,I,I,0,0,0,-1,0,0
81666-42R-90,A,B,BSLXA,BSLXB,BSL,BSL,X,X,0,0,0,-1,0,0
81666-43R-50,B,C,BSLIB,BSLIC,BSL,BSL,I,I,0,0,0,-1,0,0
81666-43R-70,B,C,BSLIB,BSLIC,BSL,BSL,I,I,0,0,0,-1,0,0
81666-43R-75,A,B,BSLIA,BSLIB,BSL,BSL,I,I,0,0,0,-1,0,0
81666-43R-90,A,B,BSLXA,BSLXB,BSL,BSL,X,X,0,0,0,-1,0,0
81666-43Z-60,A,B,BSLIA,BSLIB,BSL,BSL,I,I,0,0,0,-1,0,0
81666-43Z-75,A,B,BSLIA,BSLIB,BSL,BSL,I,I,0,0,0,-1,0,0
81666-43Z-85,A,B,BSLXA,BSLXB,BSL,BSL,X,X,0,0,0,-1,0,0
81666-43Z-90,A,B,BSLXA,BSLXB,BSL,BSL,X,X,0,0,0,-1,0,0
81710-5ZU-70,A,B,BAPIA,BAPIB,BAP,BAP,I,I,0,0,0,-1,0,0
81718-68I-110,AA,A,GIRSAA,GIRSA,GIR,GIR,S,S,14,14,0,-1,0,0
81718-6GT-85,A,B,GIRXA,GIRXB,GIR,GIR,X,X,0,0,0,-1,0,0
81718-6GT-90,AA,A,GIRXAA,GIRXA,GIR,GIR,X,X,0,0,0,-1,0,0
81780-4DZ-110,A,B,BOYSA,BOYSB,BOY,BOY,S,S,0,0,0,-1,0,0
81780-4DZ-90,B,C,BOYXB,BOYXC,BOY,BOY,X,X,0,0,0,-1,0,0
81868-5DR-130,A,B,BOYMA,BOYMB,BOY,BOY,M,M,0,0,0,-1,0,0
81868-5DR-90,B,C,BOYXB,BOYXC,BOY,BOY,X,X,0,0,0,-1,0,0
82057-2VA-XS,B,C,CSLXB,CSLXC,CSL,CSL,X,X,0,0,0,-1,0,0
82057-2VA-XXL,B,C,CSLLB,CSLLC,CSL,CSL,L,L,0,0,0,-1,0,0
82203-2GG-110,B,C,KUSSB,KUSSC,KUS,KUS,S,S,0,0,0,-1,0,0
82285-3PL-OS,A,B,BAPOA,BAPOB,BAP,BAP,O,O,0,0,0,-1,0,0
82322-2VA-L,B,C,CSLLB,CSLLC,CSL,CSL,L,L,0,0,0,-1,0,0
82406-5BA-120,B,C,GIRMB,GIRMC,GIR,GIR,M,M,0,0,0,-1,0,0
82576-2PQ-OS,B,C,BSLOB,BSLOC,BSL,BSL,O,O,0,0,0,-1,0,0
82605-5RW-100,B,C,BOYSB,BOYSC,BOY,BOY,S,S,0,0,0,-1,0,0
82646-5HC-100,A,B,GIRSA,GIRSB,GIR,GIR,S,S,0,0,0,-1,0,0
82677-5HV-120,B,C,GIRMB,GIRMC,GIR,GIR,M,M,0,0,0,-1,0,0
82681-4DP-OS,B,C,BAPOB,BAPOC,BAP,BAP,O,O,0,0,0,-1,0,0
82682-5NR-75,B,C,BAPIB,BAPIC,BAP,BAP,I,I,0,0,0,-1,0,0
82717-5XD-60,B,C,BAPIB,BAPIC,BAP,BAP,I,I,0,0,0,-1,0,0
82717-5XD-90,A,B,BAPXA,BAPXB,BAP,BAP,X,X,0,0,0,-1,0,0
82718-5YO-130,A,B,GIRMA,GIRMB,GIR,GIR,M,M,0,0,0,-1,0,0
82718-5ZN-100,B,C,GIRSB,GIRSC,GIR,GIR,S,S,0,0,0,-1,0,0
82718-6GT-110,B,C,GIRSB,GIRSC,GIR,GIR,S,S,0,0,0,-1,0,0
82718-6GT-120,B,C,GIRMB,GIRMC,GIR,GIR,M,M,0,0,0,-1,0,0
82718-6GT-130,B,C,GIRMB,GIRMC,GIR,GIR,M,M,0,0,0,-1,0,0
82718-6GT-85,B,C,GIRXB,GIRXC,GIR,GIR,X,X,0,0,0,-1,0,0
82718-6GT-90,B,C,GIRXB,GIRXC,GIR,GIR,X,X,0,0,0,-1,0,0
82719-5XV-100,AA,A,GIRSAA,GIRSA,GIR,GIR,S,S,0,0,0,-1,0,0
82719-6GT-100,B,C,GIRSB,GIRSC,GIR,GIR,S,S,0,0,0,-1,0,0
82719-6GT-120,B,C,GIRMB,GIRMC,GIR,GIR,M,M,0,0,0,-1,0,0
82719-6GT-130,B,C,GIRMB,GIRMC,GIR,GIR,M,M,0,0,0,-1,0,0
82719-6GT-90,B,C,GIRXB,GIRXC,GIR,GIR,X,X,0,0,0,-1,0,0
82721-6CY-120,A,B,GIRMA,GIRMB,GIR,GIR,M,M,0,0,0,-1,0,0
82721-6GT-150,B,C,GIRLB,GIRLC,GIR,GIR,L,L,0,0,0,-1,0,0
82723-5XW-150,A,B,GIRLA,GIRLB,GIR,GIR,L,L,0,0,0,-1,0,0
82773-5NS-100,B,C,GIRSB,GIRSC,GIR,GIR,S,S,0,0,0,-1,0,0
82773-5OT-150,A,B,GIRLA,GIRLB,GIR,GIR,L,L,0,0,0,-1,0,0
82775-5H5-150,B,C,BOYLB,BOYLC,BOY,BOY,L,L,0,0,0,-1,0,0
82775-5ZE-150,AA,A,BOYLAA,BOYLA,BOY,BOY,L,L,14,14,0,-1,0,0
82775-M07-120,A,B,BOYMA,BOYMB,BOY,BOY,M,M,0,0,0,-1,0,0
82778-5SQ-100,A,B,BOYSA,BOYSB,BOY,BOY,S,S,0,0,0,-1,0,0
82778-5SQ-110,A,B,BOYSA,BOYSB,BOY,BOY,S,S,0,0,0,-1,0,0
82778-5SQ-120,A,B,BOYMA,BOYMB,BOY,BOY,M,M,0,0,0,-1,0,0
82778-5SQ-130,A,B,BOYMA,BOYMB,BOY,BOY,M,M,0,0,0,-1,0,0
82778-5SQ-140,B,C,BOYLB,BOYLC,BOY,BOY,L,L,0,0,0,-1,0,0
82778-5SQ-90,B,C,BOYXB,BOYXC,BOY,BOY,X,X,0,0,0,-1,0,0
82788-4DU-130,AA,A,BOYMAA,BOYMA,BOY,BOY,M,M,0,0,0,-1,0,0
82788-4DU-85,AA,A,BOYXAA,BOYXA,BOY,BOY,X,X,0,0,0,-1,0,0
82788-4DU-90,AA,A,BOYXAA,BOYXA,BOY,BOY,X,X,0,0,0,-1,0,0
82788-6GT-85,B,C,BOYXB,BOYXC,BOY,BOY,X,X,0,0,0,-1,0,0
82788-6GT-90,B,C,BOYXB,BOYXC,BOY,BOY,X,X,0,0,0,-1,0,0
82824-5NW-150,B,C,GIRLB,GIRLC,GIR,GIR,L,L,0,0,0,-1,0,0
82824-5NW-85,B,C,GIRXB,GIRXC,GIR,GIR,X,X,0,0,0,-1,0,0
82838-5NR-140,B,C,KNILB,KNILC,KNI,KNI,L,L,0,0,0,-1,0,0
82859-5VR-130,B,C,COLMB,COLMC,COL,COL,M,M,0,0,0,-1,0,0
82866-5VU-110,B,C,COLSB,COLSC,COL,COL,S,S,0,0,0,-1,0,0
82896-5ZK-85,B,C,BOYXB,BOYXC,BOY,BOY,X,X,0,0,0,-1,0,0
82904-1SA-70,A,B,BAPIA,BAPIB,BAP,BAP,I,I,0,0,0,-1,0,0
82904-1SA-85,B,C,BAPXB,BAPXC,BAP,BAP,X,X,0,0,0,-1,0,0
82904-1SA-90,B,C,BAPXB,BAPXC,BAP,BAP,X,X,0,0,0,-1,0,0
83000-1SA-90,AA,A,BAPXAA,BAPXA,BAP,BAP,X,X,0,0,0,-1,0,0
83000-67K-75,A,B,BAPIA,BAPIB,BAP,BAP,I,I,0,0,0,-1,0,0
83000-67K-80,B,C,BAPXB,BAPXC,BAP,BAP,X,X,0,0,0,-1,0,0
83025-6EC-100,A,B,BOYSA,BOYSB,BOY,BOY,S,S,0,0,0,-1,0,0
83025-6GZ-130,A,B,BOYMA,BOYMB,BOY,BOY,M,M,0,0,0,-1,0,0
83090-3HY-130,B,C,KUSMB,KUSMC,KUS,KUS,M,M,0,0,0,-1,0,0
83092-5QD-120,A,B,BOYMA,BOYMB,BOY,BOY,M,M,0,0,0,-1,0,0
83092-5QD-90,B,C,BOYXB,BOYXC,BOY,BOY,X,X,0,0,0,-1,0,0
83092-5QL-130,A,B,BOYMA,BOYMB,BOY,BOY,M,M,0,0,0,-1,0,0
83092-5QL-85,B,C,BOYXB,BOYXC,BOY,BOY,X,X,0,0,0,-1,0,0
83100-5KT-110,A,B,GIRSA,GIRSB,GIR,GIR,S,S,0,0,0,-1,0,0
83100-5KT-130,B,C,GIRMB,GIRMC,GIR,GIR,M,M,0,0,0,-1,0,0
83154-4QH-140,B,C,KUSLB,KUSLC,KUS,KUS,L,L,0,0,0,-1,0,0
83171-5L5-120,B,C,GIRMB,GIRMC,GIR,GIR,M,M,0,0,0,-1,0,0
83256-5T5-140,A,B,KNILA,KNILB,KNI,KNI,L,L,0,0,0,-1,0,0
83256-5T5-85,A,B,KNIXA,KNIXB,KNI,KNI,X,X,0,0,0,-1,0,0
83256-5TS-110,A,B,KNISA,KNISB,KNI,KNI,S,S,0,0,0,-1,0,0
83256-5TS-140,A,B,KNILA,KNILB,KNI,KNI,L,L,0,0,0,-1,0,0
83256-5TS-85,B,C,KNIXB,KNIXC,KNI,KNI,X,X,0,0,0,-1,0,0
83402-3PY-75,A,B,BSLIA,BSLIB,BSL,BSL,I,I,0,0,0,-1,0,0
83402-4QQ-50,B,C,BSLIB,BSLIC,BSL,BSL,I,I,0,0,0,-1,0,0
83402-4QQ-75,B,C,BSLIB,BSLIC,BSL,BSL,I,I,0,0,0,-1,0,0
83402-4QQ-80,B,C,BSLXB,BSLXC,BSL,BSL,X,X,0,0,0,-1,0,0
83402-4QQ-85,B,C,BSLXB,BSLXC,BSL,BSL,X,X,0,0,0,-1,0,0
83403-3PP-60,A,B,BSLIA,BSLIB,BSL,BSL,I,I,0,0,0,-1,0,0
83403-3PU-60,A,B,BSLIA,BSLIB,BSL,BSL,I,I,0,0,0,-1,0,0
83403-3PU-80,A,B,BSLXA,BSLXB,BSL,BSL,X,X,0,0,0,-1,0,0
83403-5MN-75,AA,A,BSLIAA,BSLIA,BSL,BSL,I,I,0,0,0,-1,0,0
83403-5MN-NB,B,C,BSLIB,BSLIC,BSL,BSL,I,I,0,0,0,-1,0,0
83425-3IU-160,A,B,CSLLA,CSLLB,CSL,CSL,L,L,0,0,0,-1,0,0
83586-3VU-XS,B,C,CSLXB,CSLXC,CSL,CSL,X,X,0,0,0,-1,0,0
83588-3VX-85,B,C,CSLXB,CSLXC,CSL,CSL,X,X,0,0,0,-1,0,0
83592-3VU-100,B,C,CSLSB,CSLSC,CSL,CSL,S,S,0,0,0,-1,0,0
83635-2FY-110,B,C,KUSSB,KUSSC,KUS,KUS,S,S,0,0,0,-1,0,0
83635-4WV-100,B,C,KUSSB,KUSSC,KUS,KUS,S,S,0,0,0,-1,0,0
83635-5BA-120,B,C,KUSMB,KUSMC,KUS,KUS,M,M,0,0,0,-1,0,0
83644-4XT-S,B,C,ASLSB,ASLSC,ASL,ASL,S,S,0,0,0,-1,0,0
83649-3WU-120,B,C,CSLMB,CSLMC,CSL,CSL,M,M,0,0,0,-1,0,0
83653-3WV-110,B,C,COLSB,COLSC,COL,COL,S,S,0,0,0,-1,0,0
83830-4BW-85,B,C,CSLXB,CSLXC,CSL,CSL,X,X,0,0,0,-1,0,0
83887-4CB-110,B,C,COLSB,COLSC,COL,COL,S,S,0,0,0,-1,0,0
83894-4CH-100,B,C,COLSB,COLSC,COL,COL,S,S,0,0,0,-1,0,0
83894-4CH-85,A,B,COLXA,COLXB,COL,COL,X,X,0,0,0,-1,0,0
83910-52Q-80,B,C,CSLXB,CSLXC,CSL,CSL,X,X,0,0,0,-1,0,0
83978-5BV-140,B,C,KNILB,KNILC,KNI,KNI,L,L,0,0,0,-1,0,0
84001-2VA-XS,B,C,CSLXB,CSLXC,CSL,CSL,X,X,0,0,0,-1,0,0
84049-5IP-100,A,B,CSLSA,CSLSB,CSL,CSL,S,S,0,0,0,-1,0,0
84051-5IO-80,A,B,CSLXA,CSLXB,CSL,CSL,X,X,0,0,0,-1,0,0
84051-5IP-85,A,B,CSLXA,CSLXB,CSL,CSL,X,X,0,0,0,-1,0,0
84053-5UH-90,B,C,CSLXB,CSLXC,CSL,CSL,X,X,0,0,0,-1,0,0
84082-5LD-100,B,C,KUSSB,KUSSC,KUS,KUS,S,S,0,0,0,-1,0,0
84082-5LD-140,AA,A,KUSLAA,KUSLA,KUS,KUS,L,L,0,0,0,-1,0,0
84082-5NC-110,B,C,KUSSB,KUSSC,KUS,KUS,S,S,0,0,0,-1,0,0
84082-6AB-100,AA,A,KUSSAA,KUSSA,KUS,KUS,S,S,0,0,0,-1,0,0
84082-6GS-150,A,B,KUSLA,KUSLB,KUS,KUS,L,L,0,0,0,-1,0,0
84085-5LZ-110,A,B,KUSSA,KUSSB,KUS,KUS,S,S,0,0,0,-1,0,0
84087-5LZ-60,A,B,BSLIA,BSLIB,BSL,BSL,I,I,0,0,0,-1,0,0
84091-5KH-110,A,B,KUSSA,KUSSB,KUS,KUS,S,S,0,0,0,-1,0,0
84091-5KH-90,B,C,KUSXB,KUSXC,KUS,KUS,X,X,0,0,0,-1,0,0
84091-5KP-130,AA,A,KUSMAA,KUSMA,KUS,KUS,M,M,0,0,0,-1,0,0
84091-5KP-140,B,C,KUSLB,KUSLC,KUS,KUS,L,L,0,0,0,-1,0,0
84091-5KP-85,B,C,KUSXB,KUSXC,KUS,KUS,X,X,0,0,0,-1,0,0
84091-5UF-90,B,C,KUSXB,KUSXC,KUS,KUS,X,X,0,0,0,-1,0,0
84095-5KB-OS,A,B,BSLOA,BSLOB,BSL,BSL,O,O,0,0,0,-1,0,0
84096-1GP-110,B,C,KNISB,KNISC,KNI,KNI,S,S,0,0,0,-1,0,0
84096-1GP-120,A,B,KNIMA,KNIMB,KNI,KNI,M,M,0,0,0,-1,0,0
84096-1GP-130,A,B,KNIMA,KNIMB,KNI,KNI,M,M,0,0,0,-1,0,0
84096-1GP-90,B,C,KNIXB,KNIXC,KNI,KNI,X,X,0,0,0,-1,0,0
84096-5HV-100,B,C,KNISB,KNISC,KNI,KNI,S,S,0,0,0,-1,0,0
84096-5SJ-100,B,C,KNISB,KNISC,KNI,KNI,S,S,0,0,0,-1,0,0
84096-5SJ-110,B,C,KNISB,KNISC,KNI,KNI,S,S,0,0,0,-1,0,0
84101-5PZ-120,B,C,BOYMB,BOYMC,BOY,BOY,M,M,0,0,0,-1,0,0
84101-5PZ-130,B,C,BOYMB,BOYMC,BOY,BOY,M,M,0,0,0,-1,0,0
84106-011-120,B,C,BOYMB,BOYMC,BOY,BOY,M,M,0,0,0,-1,0,0
84106-011-140,A,B,BOYLA,BOYLB,BOY,BOY,L,L,0,0,0,-1,0,0
84107-179-120,A,B,BOYMA,BOYMB,BOY,BOY,M,M,0,0,0,-1,0,0
84107-179-150,A,B,BOYLA,BOYLB,BOY,BOY,L,L,0,0,0,-1,0,0
84107-179-90,B,C,BOYXB,BOYXC,BOY,BOY,X,X,0,0,0,-1,0,0
84107-5EB-100,B,C,BOYSB,BOYSC,BOY,BOY,S,S,0,0,0,-1,0,0
84107-5EB-130,A,B,BOYMA,BOYMB,BOY,BOY,M,M,0,0,0,-1,0,0
84107-5EB-150,B,C,BOYLB,BOYLC,BOY,BOY,L,L,0,0,0,-1,0,0
84107-5HR-100,B,C,BOYSB,BOYSC,BOY,BOY,S,S,0,0,0,-1,0,0
84107-5HR-110,B,C,BOYSB,BOYSC,BOY,BOY,S,S,0,0,0,-1,0,0
84107-5HR-120,A,B,BOYMA,BOYMB,BOY,BOY,M,M,0,0,0,-1,0,0
84107-5HR-130,A,B,BOYMA,BOYMB,BOY,BOY,M,M,0,0,0,-1,0,0
84107-5HR-140,A,B,BOYLA,BOYLB,BOY,BOY,L,L,0,0,0,-1,0,0
84107-5HW-100,B,C,BOYSB,BOYSC,BOY,BOY,S,S,0,0,0,-1,0,0
84107-5HW-110,B,C,BOYSB,BOYSC,BOY,BOY,S,S,0,0,0,-1,0,0
84107-5HW-120,B,C,BOYMB,BOYMC,BOY,BOY,M,M,0,0,0,-1,0,0
84107-5HW-140,B,C,BOYLB,BOYLC,BOY,BOY,L,L,0,0,0,-1,0,0
84107-SR4-150,A,B,BOYLA,BOYLB,BOY,BOY,L,L,0,0,0,-1,0,0
84108-32L-120,B,C,BOYMB,BOYMC,BOY,BOY,M,M,0,0,0,-1,0,0
84110-5DW-120,A,B,BOYMA,BOYMB,BOY,BOY,M,M,0,0,0,-1,0,0
84110-5DW-150,B,C,BOYLB,BOYLC,BOY,BOY,L,L,0,0,0,-1,0,0
84110-5OU-130,A,B,BOYMA,BOYMB,BOY,BOY,M,M,0,0,0,-1,0,0
84110-5OU-85,A,B,BOYXA,BOYXB,BOY,BOY,X,X,0,0,0,-1,0,0
84110-5OU-90,A,B,BOYXA,BOYXB,BOY,BOY,X,X,0,0,0,-1,0,0
84110-CM4-100,A,B,BOYSA,BOYSB,BOY,BOY,S,S,0,0,0,-1,0,0
84110-CM4-110,A,B,BOYSA,BOYSB,BOY,BOY,S,S,0,0,0,-1,0,0
84110-CM4-120,A,B,BOYMA,BOYMB,BOY,BOY,M,M,0,0,0,-1,0,0
84110-CM4-130,A,B,BOYMA,BOYMB,BOY,BOY,M,M,0,0,0,-1,0,0
84110-CM4-140,A,B,BOYLA,BOYLB,BOY,BOY,L,L,0,0,0,-1,0,0
84110-CM4-150,A,B,BOYLA,BOYLB,BOY,BOY,L,L,0,0,0,-1,0,0
84111-5TE-120,A,B,KNIMA,KNIMB,KNI,KNI,M,M,0,0,0,-1,0,0
84111-5TE-130,A,B,KNIMA,KNIMB,KNI,KNI,M,M,0,0,0,-1,0,0
84111-5TF-110,B,C,KNISB,KNISC,KNI,KNI,S,S,0,0,0,-1,0,0
84111-5TF-120,B,C,KNIMB,KNIMC,KNI,KNI,M,M,0,0,0,-1,0,0
84112-5Q5-100,B,C,BOYSB,BOYSC,BOY,BOY,S,S,0,0,0,-1,0,0
84112-5Q5-110,B,C,BOYSB,BOYSC,BOY,BOY,S,S,0,0,0,-1,0,0
84114-5ES-110,B,C,KNISB,KNISC,KNI,KNI,S,S,0,0,0,-1,0,0
84115-5HJ-110,B,C,KNISB,KNISC,KNI,KNI,S,S,0,0,0,-1,0,0
84115-5HJ-120,B,C,KNIMB,KNIMC,KNI,KNI,M,M,0,0,0,-1,0,0
84115-5HJ-90,B,C,KNIXB,KNIXC,KNI,KNI,X,X,0,0,0,-1,0,0
84116-3UY-100,B,C,KNISB,KNISC,KNI,KNI,S,S,0,0,0,-1,0,0
84116-3UY-140,B,C,KNILB,KNILC,KNI,KNI,L,L,0,0,0,-1,0,0
84120-5SB-100,B,C,BOYSB,BOYSC,BOY,BOY,S,S,0,0,0,-1,0,0
84120-5SB-90,B,C,BOYXB,BOYXC,BOY,BOY,X,X,0,0,0,-1,0,0
84121-5SC-110,B,C,BOYSB,BOYSC,BOY,BOY,S,S,0,0,0,-1,0,0
84121-5SC-140,B,C,BOYLB,BOYLC,BOY,BOY,L,L,0,0,0,-1,0,0
84128-1GP-110,B,C,GIRSB,GIRSC,GIR,GIR,S,S,0,0,0,-1,0,0
84128-1GP-130,B,C,GIRMB,GIRMC,GIR,GIR,M,M,0,0,0,-1,0,0
84129-5K5-130,B,C,GIRMB,GIRMC,GIR,GIR,M,M,0,0,0,-1,0,0
84133-5NY-130,A,B,GIRMA,GIRMB,GIR,GIR,M,M,0,0,0,-1,0,0
84140-5MX-140,B,C,GIRLB,GIRLC,GIR,GIR,L,L,0,0,0,-1,0,0
84141-76X-100,B,C,GIRSB,GIRSC,GIR,GIR,S,S,0,0,0,-1,0,0
84141-76X-110,B,C,GIRSB,GIRSC,GIR,GIR,S,S,0,0,0,-1,0,0
84171-5MO-50,AA,A,BSLIAA,BSLIA,BSL,BSL,I,I,0,0,0,-1,0,0
84177-5PM-100,B,C,GIRSB,GIRSC,GIR,GIR,S,S,0,0,0,-1,0,0
84206-5WY-120,B,C,BOYMB,BOYMC,BOY,BOY,M,M,0,0,0,-1,0,0
84206-5WY-130,B,C,BOYMB,BOYMC,BOY,BOY,M,M,0,0,0,-1,0,0
84206-5WZ-110,A,B,BOYSA,BOYSB,BOY,BOY,S,S,0,0,0,-1,0,0
84218-5NA-130,B,C,GIRMB,GIRMC,GIR,GIR,M,M,0,0,0,-1,0,0
84228-76X-60,B,C,BAPIB,BAPIC,BAP,BAP,I,I,0,0,0,-1,0,0
84280-5KV-110,A,B,GIRSA,GIRSB,GIR,GIR,S,S,0,0,0,-1,0,0
84280-5KV-130,B,C,GIRMB,GIRMC,GIR,GIR,M,M,0,0,0,-1,0,0
84288-5SE-50,B,C,BAPIB,BAPIC,BAP,BAP,I,I,0,0,0,-1,0,0
84288-5SE-60,B,C,BAPIB,BAPIC,BAP,BAP,I,I,0,0,0,-1,0,0
84288-5SE-75,A,B,BAPIA,BAPIB,BAP,BAP,I,I,0,0,0,-1,0,0
84294-5TT-90,B,C,BOYXB,BOYXC,BOY,BOY,X,X,0,0,0,-1,0,0
84294-5TV-100,B,C,BOYSB,BOYSC,BOY,BOY,S,S,0,0,0,-1,0,0
84294-5TV-120,A,B,BOYMA,BOYMB,BOY,BOY,M,M,0,0,0,-1,0,0
84298-5XV-120,B,C,BOYMB,BOYMC,BOY,BOY,M,M,0,0,0,-1,0,0
84306-6AT-50,A,B,BSLIA,BSLIB,BSL,BSL,I,I,0,0,0,-1,0,0
84306-6AT-60,AA,A,BSLIAA,BSLIA,BSL,BSL,I,I,0,0,0,-1,0,0
84306-6AT-75,AA,A,BSLIAA,BSLIA,BSL,BSL,I,I,0,0,0,-1,0,0
84306-6AT-80,AA,A,BSLXAA,BSLXA,BSL,BSL,X,X,0,0,0,-1,0,0
84307-4QP-M,A,B,ASLMA,ASLMB,ASL,ASL,M,M,0,0,0,-1,0,0
84307-4QP-S,A,B,ASLSA,ASLSB,ASL,ASL,S,S,0,0,0,-1,0,0
84319-4CH-90,A,B,COLXA,COLXB,COL,COL,X,X,0,0,0,-1,0,0
84334-5VO-120,B,C,COLMB,COLMC,COL,COL,M,M,0,0,0,-1,0,0
84337-5VR-130,B,C,COLMB,COLMC,COL,COL,M,M,0,0,0,-1,0,0
84337-5VR-150,B,C,COLLB,COLLC,COL,COL,L,L,0,0,0,-1,0,0
84343-5VX-100,AA,A,COLSAA,COLSA,COL,COL,S,S,0,0,0,-1,0,0
84343-5VX-110,AA,A,COLSAA,COLSA,COL,COL,S,S,0,0,0,-1,0,0
84343-5VX-120,AA,A,COLMAA,COLMA,COL,COL,M,M,0,0,0,-1,0,0
84352-JG8-120,B,C,GIRMB,GIRMC,GIR,GIR,M,M,0,0,0,-1,0,0
84362-5VX-130,A,B,CSLMA,CSLMB,CSL,CSL,M,M,0,0,0,-1,0,0
84362-5VX-85,B,C,CSLXB,CSLXC,CSL,CSL,X,X,0,0,0,-1,0,0
84364-5VR-XL,B,C,COLLB,COLLC,COL,COL,L,L,0,0,0,-1,0,0
84366-5RC-75,B,C,BAPIB,BAPIC,BAP,BAP,I,I,0,0,0,-1,0,0
84385-5UR-120,B,C,CSLMB,CSLMC,CSL,CSL,M,M,0,0,0,-1,0,0
84385-5UR-130,B,C,CSLMB,CSLMC,CSL,CSL,M,M,0,0,0,-1,0,0
84385-5UR-90,B,C,CSLXB,CSLXC,CSL,CSL,X,X,0,0,0,-1,0,0
84416-5K5-90,A,B,KNIXA,KNIXB,KNI,KNI,X,X,0,0,0,-1,0,0
84416-5KB-150,B,C,KNILB,KNILC,KNI,KNI,L,L,0,0,0,-1,0,0
84416-5KE-120,A,B,KNIMA,KNIMB,KNI,KNI,M,M,0,0,0,-1,0,0
84416-5KE-140,B,C,KNILB,KNILC,KNI,KNI,L,L,0,0,0,-1,0,0
84420-5KW-OS,AA,A,BSLOAA,BSLOA,BSL,BSL,O,O,0,0,0,-1,0,0
84422-6GS-140,A,B,KUSLA,KUSLB,KUS,KUS,L,L,0,0,0,-1,0,0
84428-6AO-140,AA,A,KUSLAA,KUSLA,KUS,KUS,L,L,0,0,0,-1,0,0
84428-6AO-150,A,B,KUSLA,KUSLB,KUS,KUS,L,L,0,0,0,-1,0,0
84428-6AO-85,B,C,KUSXB,KUSXC,KUS,KUS,X,X,0,0,0,-1,0,0
84428-6AO-90,B,C,KUSXB,KUSXC,KUS,KUS,X,X,0,0,0,-1,0,0
84428-6AP-120,A,B,KUSMA,KUSMB,KUS,KUS,M,M,0,0,0,-1,0,0
84428-6AP-130,A,B,KUSMA,KUSMB,KUS,KUS,M,M,0,0,0,-1,0,0
84428-6AP-140,A,B,KUSLA,KUSLB,KUS,KUS,L,L,0,0,0,-1,0,0
84428-6GE-150,A,B,KUSLA,KUSLB,KUS,KUS,L,L,0,0,0,-1,0,0
84428-6GE-85,A,B,KUSXA,KUSXB,KUS,KUS,X,X,0,0,0,-1,0,0
84429-5KV-100,AA,A,KUSSAA,KUSSA,KUS,KUS,S,S,0,0,0,-1,0,0
84429-5KV-110,AA,A,KUSSAA,KUSSA,KUS,KUS,S,S,0,0,0,-1,0,0
84429-5KV-130,AA,A,KUSMAA,KUSMA,KUS,KUS,M,M,0,0,0,-1,0,0
84429-5KV-90,AA,A,KUSXAA,KUSXA,KUS,KUS,X,X,0,0,0,-1,0,0
84429-5LB-110,A,B,KUSSA,KUSSB,KUS,KUS,S,S,0,0,0,-1,0,0
84429-5LB-120,A,B,KUSMA,KUSMB,KUS,KUS,M,M,0,0,0,-1,0,0
84429-5LB-130,A,B,KUSMA,KUSMB,KUS,KUS,M,M,0,0,0,-1,0,0
84429-5LB-75,B,C,KUSIB,KUSIC,KUS,KUS,I,I,0,0,0,-1,0,0
84432-61J-60,AA,A,BSLIAA,BSLIA,BSL,BSL,I,I,0,0,0,-1,0,0
84455-6CT-150,AA,A,GIRLAA,GIRLA,GIR,GIR,L,L,0,0,0,-1,0,0
84458-60K-150,B,C,GIRLB,GIRLC,GIR,GIR,L,L,0,0,0,-1,0,0
84469-5ZO-100,B,C,GIRSB,GIRSC,GIR,GIR,S,S,0,0,0,-1,0,0
84469-5ZO-120,B,C,GIRMB,GIRMC,GIR,GIR,M,M,0,0,0,-1,0,0
84478-5H5-110,A,B,GIRSA,GIRSB,GIR,GIR,S,S,0,0,0,-1,0,0
84478-5H5-120,A,B,GIRMA,GIRMB,GIR,GIR,M,M,0,0,0,-1,0,0
84478-5H5-130,A,B,GIRMA,GIRMB,GIR,GIR,M,M,0,0,0,-1,0,0
84485-69I-110,AA,A,BOYSAA,BOYSA,BOY,BOY,S,S,0,0,0,-1,0,0
84495-2EC-130,B,C,KNIMB,KNIMC,KNI,KNI,M,M,0,0,0,-1,0,0
84505-5ZY-90,AA,A,GIRXAA,GIRXA,GIR,GIR,X,X,0,0,0,-1,0,0
84509-5KS-110,B,C,GIRSB,GIRSC,GIR,GIR,S,S,0,0,0,-1,0,0
84517-60J-120,A,B,GIRMA,GIRMB,GIR,GIR,M,M,0,0,0,-1,0,0
84531-5KS-60,B,C,BAPIB,BAPIC,BAP,BAP,I,I,14,14,0,-1,0,0
84538-60K-60,A,B,BAPIA,BAPIB,BAP,BAP,I,I,0,0,0,-1,0,0
84538-60K-OS,B,C,BAPOB,BAPOC,BAP,BAP,O,O,0,0,0,-1,0,0
84540-5ZH-OS,AA,A,BAPOAA,BAPOA,BAP,BAP,O,O,0,0,0,-1,0,0
84543-5HR-60,B,C,BAPIB,BAPIC,BAP,BAP,I,I,0,0,0,-1,0,0
84543-5UP-OS,B,C,BAPOB,BAPOC,BAP,BAP,O,O,0,0,0,-1,0,0
84548-65Z-70,AA,A,BAPIAA,BAPIA,BAP,BAP,I,I,0,0,0,-1,0,0
84551-66I-OS,A,B,BAPOA,BAPOB,BAP,BAP,O,O,0,0,0,-1,0,0
84553-5ZO-70,B,C,BAPIB,BAPIC,BAP,BAP,I,I,0,0,0,-1,0,0
84553-64J-50,B,C,BAPIB,BAPIC,BAP,BAP,I,I,0,0,0,-1,0,0
84558-6BO-OS,A,B,BAPOA,BAPOB,BAP,BAP,O,O,0,0,0,-1,0,0
84577-5KV-OS,AA,A,BAPOAA,BAPOA,BAP,BAP,O,O,0,0,0,-1,0,0
84577-5LB-OS,AA,A,BAPOAA,BAPOA,BAP,BAP,O,O,0,0,0,-1,0,0
84598-6OZ-90,AA,A,KNIXAA,KNIXA,KNI,KNI,X,X,0,0,0,-1,0,0
84598-6P6-130,A,B,KNIMA,KNIMB,KNI,KNI,M,M,0,0,0,-1,0,0
84607-6FM-XL,B,C,ASLLB,ASLLC,ASL,ASL,L,L,0,0,0,-1,0,0
84614-5VT-100,A,B,COLSA,COLSB,COL,COL,S,S,0,0,0,-1,0,0
84614-5VT-110,A,B,COLSA,COLSB,COL,COL,S,S,0,0,0,-1,0,0
84614-5VT-130,B,C,COLMB,COLMC,COL,COL,M,M,0,0,0,-1,0,0
84616-3TX-85,B,C,COLXB,COLXC,COL,COL,X,X,0,0,0,-1,0,0
84616-3TX-90,B,C,COLXB,COLXC,COL,COL,X,X,0,0,0,-1,0,0
84618-1VS-110,AA,A,COLSAA,COLSA,COL,COL,S,S,0,0,0,-1,0,0
84618-1VS-90,A,B,COLXA,COLXB,COL,COL,X,X,0,0,0,-1,0,0
84620-60J-110,AA,A,GIRSAA,GIRSA,GIR,GIR,S,S,0,0,0,-1,0,0
84629-69K-140,A,B,GIRLA,GIRLB,GIR,GIR,L,L,0,0,0,-1,0,0
84629-69K-85,B,C,GIRXB,GIRXC,GIR,GIR,X,X,0,0,0,-1,0,0
84632-6HA-70,B,C,BAPIB,BAPIC,BAP,BAP,I,I,0,0,0,-1,0,0
84632-6HA-80,B,C,BAPXB,BAPXC,BAP,BAP,X,X,0,0,0,-1,0,0
84633-60B-75,B,C,BAPIB,BAPIC,BAP,BAP,I,I,0,0,0,-1,0,0
84633-60B-80,B,C,BAPXB,BAPXC,BAP,BAP,X,X,0,0,0,-1,0,0
84633-69K-75,A,B,BAPIA,BAPIB,BAP,BAP,I,I,0,0,0,-1,0,0
84634-48A-50,A,B,BAPIA,BAPIB,BAP,BAP,I,I,0,0,0,-1,0,0
84637-1SA-OS,A,B,BAPOA,BAPOB,BAP,BAP,O,O,0,0,0,-1,0,0
84639-5ZF-110,B,C,BOYSB,BOYSC,BOY,BOY,S,S,0,0,0,-1,0,0
84639-SR4-120,B,C,BOYMB,BOYMC,BOY,BOY,M,M,0,0,0,-1,0,0
84645-6OU-130,A,B,KNIMA,KNIMB,KNI,KNI,M,M,0,0,0,-1,0,0
84645-6OU-90,A,B,KNIXA,KNIXB,KNI,KNI,X,X,0,0,0,-1,0,0
84645-6OW-150,B,C,KNILB,KNILC,KNI,KNI,L,L,0,0,0,-1,0,0
84646-6BO-80,AA,A,BAPXAA,BAPXA,BAP,BAP,X,X,0,0,0,-1,0,0
84646-6EA-OS,B,C,BAPOB,BAPOC,BAP,BAP,O,O,0,0,0,-1,0,0
84652-6EZ-110,AA,A,BAPSAA,BAPSA,BAP,BAP,S,S,0,0,0,-1,0,0
84654-68J-OS,AA,A,BAPOAA,BAPOA,BAP,BAP,O,O,0,0,0,-1,0,0
84655-5ZN-85,B,C,BOYXB,BOYXC,BOY,BOY,X,X,0,0,0,-1,0,0
84660-CB8-50,A,B,BSLIA,BSLIB,BSL,BSL,I,I,0,0,0,-1,0,0
84660-CB8-70,AA,A,BSLIAA,BSLIA,BSL,BSL,I,I,0,0,0,-1,0,0
84660-CB8-75,AA,A,BSLIAA,BSLIA,BSL,BSL,I,I,0,0,0,-1,0,0
84661-5NC-S,A,B,ASLSA,ASLSB,ASL,ASL,S,S,0,0,0,-1,0,0
84661-5NC-XS,B,C,ASLXB,ASLXC,ASL,ASL,X,X,0,0,0,-1,0,0
84949-6SP-NB,B,C,BSLIB,BSLIC,BSL,BSL,I,I,0,0,0,-1,2,2
84949-6ZD-NB,B,C,BSLIB,BSLIC,BSL,BSL,I,I,0,0,0,-1,2,2
83648-4BW-90,C,B,CSLXC,CSLXB,CSL,CSL,X,X,150,604,454,1,0,0
81569-011-140,B,A,KNILB,KNILA,KNI,KNI,L,L,19,184,165,1,0,0
81318-1DE-100,B,A,KUSSB,KUSSA,KUS,KUS,S,S,44,144,100,1,0,0
81495-SR4-120,A,AA,KNIMA,KNIMAA,KNI,KNI,M,M,50,138,88,1,0,0
81941-3KK-120,A,AA,KNIMA,KNIMAA,KNI,KNI,M,M,20,82,62,1,0,0
81318-1GS-120,B,A,KUSMB,KUSMA,KUS,KUS,M,M,49,108,59,1,0,0
81495-SR4-110,A,AA,KNISA,KNISAA,KNI,KNI,S,S,34,92,58,1,0,0
81318-2ND-120,B,A,KUSMB,KUSMA,KUS,KUS,M,M,43,98,55,1,0,0
81318-1GS-110,B,A,KUSSB,KUSSA,KUS,KUS,S,S,41,92,51,1,0,0
81318-1GS-130,B,A,KUSMB,KUSMA,KUS,KUS,M,M,36,84,48,1,0,0
58660-001-XL,A,AA,KUNLA,KUNLAA,KUN,KUN,L,L,0,43,43,1,0,0
81316-2MO-100,A,AA,KUSSA,KUSSAA,KUS,KUS,S,S,12,51,39,1,0,0
81318-2ND-110,C,B,KUSSC,KUSSB,KUS,KUS,S,S,24,61,37,1,0,0
81941-3KK-110,A,AA,KNISA,KNISAA,KNI,KNI,S,S,19,56,37,1,0,0
81318-1GS-100,C,B,KUSSC,KUSSB,KUS,KUS,S,S,34,70,36,1,0,0
81941-3KK-140,B,A,KNILB,KNILA,KNI,KNI,L,L,10,44,34,1,0,0
58660-001-S,A,AA,KUNSA,KUNSAA,KUN,KUN,S,S,53,84,31,1,0,0
59852-2CF-90,C,B,KUSXC,KUSXB,KUS,KUS,X,X,29,59,30,1,0,0
81318-1CP-90,C,B,KUSXC,KUSXB,KUS,KUS,X,X,7,36,29,1,0,0
82955-48A-150,B,A,KNILB,KNILA,KNI,KNI,L,L,19,46,27,1,0,0
82788-6DB-110,A,AA,BOYSA,BOYSAA,BOY,BOY,S,S,4,30,26,1,0,0
84339-5VT-85,B,A,COLXB,COLXA,COL,COL,X,X,0,26,26,1,0,0
84082-5UD-100,A,AA,KUSSA,KUSSAA,KUS,KUS,S,S,14,38,24,1,0,0
81941-3LP-110,B,A,KNISB,KNISA,KNI,KNI,S,S,0,22,22,1,0,0
81941-3LP-120,B,A,KNIMB,KNIMA,KNI,KNI,M,M,0,22,22,1,0,0
81941-3LP-130,B,A,KNIMB,KNIMA,KNI,KNI,M,M,0,22,22,1,0,0
81941-3LP-140,B,A,KNILB,KNILA,KNI,KNI,L,L,0,22,22,1,0,0
81941-3LP-150,C,B,KNILC,KNILB,KNI,KNI,L,L,0,22,22,1,0,0
81941-3LP-90,C,B,KNIXC,KNIXB,KNI,KNI,X,X,0,22,22,1,0,0
81941-SR4-90,B,A,KNIXB,KNIXA,KNI,KNI,X,X,0,22,22,1,0,0
82721-65Z-150,B,A,GIRLB,GIRLA,GIR,GIR,L,L,0,22,22,1,0,0
82723-5YO-130,A,AA,GIRMA,GIRMAA,GIR,GIR,M,M,0,22,22,1,0,0
81318-2ND-100,C,B,KUSSC,KUSSB,KUS,KUS,S,S,17,38,21,1,0,0
81941-SR4-120,A,AA,KNIMA,KNIMAA,KNI,KNI,M,M,14,34,20,1,0,0
81941-SR4-130,A,AA,KNIMA,KNIMAA,KNI,KNI,M,M,14,34,20,1,0,0
84082-5UC-150,B,A,KUSLB,KUSLA,KUS,KUS,L,L,4,22,18,1,0,0
52309-001-S,A,AA,KUNSA,KUNSAA,KUN,KUN,S,S,19,36,17,1,0,0
81569-SR4-120,A,AA,KNIMA,KNIMAA,KNI,KNI,M,M,14,31,17,1,0,0
81941-SR4-150,B,A,KNILB,KNILA,KNI,KNI,L,L,10,27,17,1,0,0
66994-XU1-XL,C,B,ASLLC,ASLLB,ASL,ASL,L,L,14,0,-14,1,0,0
81316-1DE-90,A,AA,KUSXA,KUSXAA,KUS,KUS,X,X,12,26,14,1,0,0
84090-5KP-100,A,AA,KUSSA,KUSSAA,KUS,KUS,S,S,17,31,14,1,0,0
67501-011-90,A,AA,BOYXA,BOYXAA,BOY,BOY,X,X,44,31,-13,1,0,0
81941-3KH-140,B,A,KNILB,KNILA,KNI,KNI,L,L,0,13,13,1,0,0
81941-3KH-150,C,B,KNILC,KNILB,KNI,KNI,L,L,0,13,13,1,0,0
81941-3KH-90,B,A,KNIXB,KNIXA,KNI,KNI,X,X,0,13,13,1,0,0
82603-6HB-130,A,AA,KNIMA,KNIMAA,KNI,KNI,M,M,0,13,13,1,0,0
82718-5XV-85,C,B,GIRXC,GIRXB,GIR,GIR,X,X,0,13,13,1,0,0
82896-5H5-130,B,A,BOYMB,BOYMA,BOY,BOY,M,M,0,13,13,1,0,0
84082-5KQ-90,A,AA,KUSXA,KUSXAA,KUS,KUS,X,X,14,27,13,1,0,0
81338-5UC-85,A,AA,KUSXA,KUSXAA,KUS,KUS,X,X,10,22,12,1,0,0
81569-SR4-100,A,AA,KNISA,KNISAA,KNI,KNI,S,S,10,22,12,1,0,0
81569-SR4-110,A,AA,KNISA,KNISAA,KNI,KNI,S,S,10,22,12,1,0,0
81569-SR4-90,B,A,KNIXB,KNIXA,KNI,KNI,X,X,10,22,12,1,0,0
82718-5XW-150,B,A,GIRLB,GIRLA,GIR,GIR,L,L,10,22,12,1,0,0
83376-3LB-120,B,A,KNIMB,KNIMA,KNI,KNI,M,M,17,6,-11,1,0,0
82717-5XV-90,B,A,BAPXB,BAPXA,BAP,BAP,X,X,4,14,10,1,0,0
83191-3UF-110,B,A,BOYSB,BOYSA,BOY,BOY,S,S,10,0,-10,1,0,0
81316-1DE-85,A,AA,KUSXA,KUSXAA,KUS,KUS,X,X,7,16,9,1,0,0
66716-5GC-90,C,B,BOYXC,BOYXB,BOY,BOY,X,X,14,22,8,1,0,0
67377-5HB-85,B,A,GIRXB,GIRXA,GIR,GIR,X,X,14,22,8,1,0,0
81338-5LD-150,A,AA,KUSLA,KUSLAA,KUS,KUS,L,L,14,22,8,1,0,0
81496-SR4-85,A,AA,KNIXA,KNIXAA,KNI,KNI,X,X,14,22,8,1,0,0
83376-3LB-100,B,A,KNISB,KNISA,KNI,KNI,S,S,14,6,-8,1,0,0
33175-SR4-85,B,A,KUSXB,KUSXA,KUS,KUS,X,X,19,26,7,1,0,0
67375-5LJ-130,B,A,GIRMB,GIRMA,GIR,GIR,M,M,0,6,6,1,0,0
67375-5LJ-140,C,B,GIRLC,GIRLB,GIR,GIR,L,L,0,6,6,1,0,0
67375-5OR-100,C,B,GIRSC,GIRSB,GIR,GIR,S,S,0,6,6,1,0,0
81316-1CH-100,B,A,KUSSB,KUSSA,KUS,KUS,S,S,7,13,6,1,0,0
81496-015-90,B,A,KNIXB,KNIXA,KNI,KNI,X,X,44,38,-6,1,0,0
81941-SR4-85,C,B,KNIXC,KNIXB,KNI,KNI,X,X,0,6,6,1,0,0
83191-3OL-110,B,A,BOYSB,BOYSA,BOY,BOY,S,S,0,6,6,1,0,0
83339-SR4-70,B,A,BAPIB,BAPIA,BAP,BAP,I,I,53,59,6,1,0,0
83903-4CI-150,C,B,COLLC,COLLB,COL,COL,L,L,0,6,6,1,0,0
84280-5LB-130,C,B,GIRMC,GIRMB,GIR,GIR,M,M,0,6,6,1,0,0
84328-5NC-90,C,B,GIRXC,GIRXB,GIR,GIR,X,X,0,6,6,1,0,0
84509-5KT-140,B,A,GIRLB,GIRLA,GIR,GIR,L,L,0,6,6,1,0,0
84510-6AW-140,B,A,GIRLB,GIRLA,GIR,GIR,L,L,0,6,6,1,0,0
83339-SR4-80,B,A,BAPXB,BAPXA,BAP,BAP,X,X,41,46,5,1,0,0
83517-3ST-70,A,AA,BSLIA,BSLIAA,BSL,BSL,I,I,57,61,4,1,0,0
58662-4SP-L,B,A,KUNLB,KUNLA,KUN,KUN,L,L,19,22,3,1,0,0
83504-011-100,C,B,BOYSC,BOYSB,BOY,BOY,S,S,10,13,3,1,0,0
83339-SR4-60,C,B,BAPIC,BAPIB,BAP,BAP,I,I,24,26,2,1,0,0
83339-SR4-85,B,A,BAPXB,BAPXA,BAP,BAP,X,X,34,36,2,1,0,0
83339-SR4-90,B,A,BAPXB,BAPXA,BAP,BAP,X,X,24,26,2,1,0,0
84285-5KC-85,B,A,BAPXB,BAPXA,BAP,BAP,X,X,7,6,-1,1,0,0
33175-011-100,C,B,KUSSC,KUSSB,KUS,KUS,S,S,0,0,0,1,0,0
33175-011-120,B,A,KUSMB,KUSMA,KUS,KUS,M,M,0,0,0,1,0,0
33175-1AY-130,A,AA,KUSMA,KUSMAA,KUS,KUS,M,M,0,0,0,1,0,0
33175-1AY-90,A,AA,KUSXA,KUSXAA,KUS,KUS,X,X,0,0,0,1,0,0
33175-1FL-120,B,A,KUSMB,KUSMA,KUS,KUS,M,M,0,0,0,1,0,0
37028-4ND-110,A,AA,KUSSA,KUSSAA,KUS,KUS,S,S,0,0,0,1,0,0
37028-4ND-85,A,AA,KUSXA,KUSXAA,KUS,KUS,X,X,0,0,0,1,0,0
37028-4ND-90,A,AA,KUSXA,KUSXAA,KUS,KUS,X,X,0,0,0,1,0,0
37028-6NU-150,A,AA,KUSLA,KUSLAA,KUS,KUS,L,L,0,0,0,1,0,0
37028-6NV-150,A,AA,KUSLA,KUSLAA,KUS,KUS,L,L,0,0,0,1,0,0
37028-6NW-150,A,AA,KUSLA,KUSLAA,KUS,KUS,L,L,0,0,0,1,0,0
37028-6NZ-140,A,AA,KUSLA,KUSLAA,KUS,KUS,L,L,0,0,0,1,0,0
37028-6NZ-85,A,AA,KUSXA,KUSXAA,KUS,KUS,X,X,0,0,0,1,0,0
37028-6O6-140,A,AA,KUSLA,KUSLAA,KUS,KUS,L,L,0,0,0,1,0,0
37028-6O6-85,A,AA,KUSXA,KUSXAA,KUS,KUS,X,X,0,0,0,1,0,0
37028-6OA-140,A,AA,KUSLA,KUSLAA,KUS,KUS,L,L,0,0,0,1,0,0
50754-71J-L,A,AA,KUNLA,KUNLAA,KUN,KUN,L,L,0,0,0,1,0,0
50754-7AX-L,A,AA,KUNLA,KUNLAA,KUN,KUN,L,L,0,0,0,1,0,0
50764-6ZU-S,A,AA,KUNSA,KUNSAA,KUN,KUN,S,S,0,0,0,1,0,0
50764-6ZZ-M,A,AA,KUNMA,KUNMAA,KUN,KUN,M,M,0,0,0,1,0,0
52399-76X-L,B,A,ASLLB,ASLLA,ASL,ASL,L,L,0,0,0,1,0,0
52399-76X-M,B,A,ASLMB,ASLMA,ASL,ASL,M,M,0,0,0,1,0,0
52399-76X-S,C,B,ASLSC,ASLSB,ASL,ASL,S,S,0,0,0,1,0,0
52399-76X-XL,C,B,ASLLC,ASLLB,ASL,ASL,L,L,0,0,0,1,0,0
58660-6ZY-XS,A,AA,KUNXA,KUNXAA,KUN,KUN,X,X,0,0,0,1,0,0
58661-6ZY-S,A,AA,KUNSA,KUNSAA,KUN,KUN,S,S,0,0,0,1,0,0
58663-6ZT-XS,C,B,KUNXC,KUNXB,KUN,KUN,X,X,0,0,0,1,0,0
58663-70K-XS,A,AA,KUNXA,KUNXAA,KUN,KUN,X,X,0,0,0,1,0,0
59845-2BX-XL,C,B,ASLLC,ASLLB,ASL,ASL,L,L,0,0,0,1,0,0
59852-2C2-110,A,AA,KUSSA,KUSSAA,KUS,KUS,S,S,0,0,0,1,0,0
59852-2C2-85,A,AA,KUSXA,KUSXAA,KUS,KUS,X,X,0,0,0,1,0,0
60363-5LR-140,C,B,GIRLC,GIRLB,GIR,GIR,L,L,0,0,0,1,0,0
62373-PG5-140,B,A,COLLB,COLLA,COL,COL,L,L,0,0,0,1,0,0
62373-PG5-150,A,AA,COLLA,COLLAA,COL,COL,L,L,0,0,0,1,0,0
66826-UZ1-130,A,AA,COLMA,COLMAA,COL,COL,M,M,0,0,0,1,0,0
66930-6YH-50,B,A,BAPIB,BAPIA,BAP,BAP,I,I,0,0,0,1,0,0
66930-6YH-60,A,AA,BAPIA,BAPIAA,BAP,BAP,I,I,0,0,0,1,0,0
66930-6YH-70,A,AA,BAPIA,BAPIAA,BAP,BAP,I,I,0,0,0,1,0,0
66930-6YH-75,A,AA,BAPIA,BAPIAA,BAP,BAP,I,I,0,0,0,1,0,0
66930-6YH-80,A,AA,BAPXA,BAPXAA,BAP,BAP,X,X,0,0,0,1,0,0
66930-6YH-90,A,AA,BAPXA,BAPXAA,BAP,BAP,X,X,0,0,0,1,0,0
66930-6YK-50,C,B,BAPIC,BAPIB,BAP,BAP,I,I,0,0,0,1,0,0
66930-75K-60,A,AA,BAPIA,BAPIAA,BAP,BAP,I,I,0,0,0,1,0,0
66930-75K-85,A,AA,BAPXA,BAPXAA,BAP,BAP,X,X,0,0,0,1,0,0
66934-6KS-80,B,A,BAPXB,BAPXA,BAP,BAP,X,X,0,0,0,1,0,0
66934-6KS-90,C,B,BAPXC,BAPXB,BAP,BAP,X,X,0,0,0,1,0,0
66934-76X-60,B,A,BAPIB,BAPIA,BAP,BAP,I,I,0,0,0,1,0,0
66934-76X-80,B,A,BAPXB,BAPXA,BAP,BAP,X,X,0,0,0,1,0,0
66935-6KS-75,B,A,BAPIB,BAPIA,BAP,BAP,I,I,0,0,0,1,0,0
66935-76X-75,B,A,BAPIB,BAPIA,BAP,BAP,I,I,0,0,0,1,0,0
67377-181-85,A,AA,GIRXA,GIRXAA,GIR,GIR,X,X,0,0,0,1,0,0
67501-6KR-150,A,AA,BOYLA,BOYLAA,BOY,BOY,L,L,0,0,0,1,0,0
68119-7GH-130,A,AA,GIRMA,GIRMAA,GIR,GIR,M,M,0,0,0,1,0,0
68141-3KH-60,B,A,BAPIB,BAPIA,BAP,BAP,I,I,0,0,0,1,0,0
68141-3KH-90,C,B,BAPXC,BAPXB,BAP,BAP,X,X,0,0,0,1,0,0
68141-6KS-60,B,A,BAPIB,BAPIA,BAP,BAP,I,I,0,0,0,1,0,0
68141-6KS-70,A,AA,BAPIA,BAPIAA,BAP,BAP,I,I,0,0,0,1,0,0
68141-6KS-75,A,AA,BAPIA,BAPIAA,BAP,BAP,I,I,0,0,0,1,0,0
68141-6KS-85,B,A,BAPXB,BAPXA,BAP,BAP,X,X,0,0,0,1,0,0
68141-6PH-70,A,AA,BAPIA,BAPIAA,BAP,BAP,I,I,0,0,0,1,0,0
68141-6PH-75,A,AA,BAPIA,BAPIAA,BAP,BAP,I,I,0,0,0,1,0,0
68141-6PH-85,B,A,BAPXB,BAPXA,BAP,BAP,X,X,0,0,0,1,0,0
68141-SR4-70,A,AA,BAPIA,BAPIAA,BAP,BAP,I,I,0,0,0,1,0,0
68141-SR4-75,A,AA,BAPIA,BAPIAA,BAP,BAP,I,I,0,0,0,1,0,0
68141-SR4-85,B,A,BAPXB,BAPXA,BAP,BAP,X,X,0,0,0,1,0,0
80039-2BV-M,B,A,ASLMB,ASLMA,ASL,ASL,M,M,0,0,0,1,0,0
80039-2CK-XXL,B,A,ASLLB,ASLLA,ASL,ASL,L,L,0,0,0,1,0,0
80039-2GG-XL,B,A,ASLLB,ASLLA,ASL,ASL,L,L,0,0,0,1,0,0
80617-6FN-OS,C,B,BAPOC,BAPOB,BAP,BAP,O,O,0,0,0,1,0,0
80854-6M6-110,A,AA,GIRSA,GIRSAA,GIR,GIR,S,S,0,0,0,1,0,0
80854-6M6-90,B,A,GIRXB,GIRXA,GIR,GIR,X,X,0,0,0,1,0,0
80854-6PT-150,B,A,GIRLB,GIRLA,GIR,GIR,L,L,0,0,0,1,0,0
80854-6QF-130,A,AA,GIRMA,GIRMAA,GIR,GIR,M,M,0,0,0,1,0,0
80854-6QF-85,C,B,GIRXC,GIRXB,GIR,GIR,X,X,0,0,0,1,0,0
80859-6LG-85,A,AA,GIRXA,GIRXAA,GIR,GIR,X,X,0,0,0,1,0,0
80869-6LG-60,B,A,BAPIB,BAPIA,BAP,BAP,I,I,0,0,0,1,0,0
80869-6LG-70,A,AA,BAPIA,BAPIAA,BAP,BAP,I,I,0,0,0,1,0,0
80869-6LG-80,A,AA,BAPXA,BAPXAA,BAP,BAP,X,X,0,0,0,1,0,0
80973-504-M,B,A,CSLMB,CSLMA,CSL,CSL,M,M,0,0,0,1,0,0
81024-541-100,A,AA,COLSA,COLSAA,COL,COL,S,S,0,0,0,1,0,0
81024-541-90,A,AA,COLXA,COLXAA,COL,COL,X,X,0,0,0,1,0,0
81066-542-100,A,AA,COLSA,COLSAA,COL,COL,S,S,0,0,0,1,0,0
81066-542-120,A,AA,COLMA,COLMAA,COL,COL,M,M,0,0,0,1,0,0
81066-542-85,C,B,COLXC,COLXB,COL,COL,X,X,0,0,0,1,0,0
81066-542-90,A,AA,COLXA,COLXAA,COL,COL,X,X,0,0,0,1,0,0
81316-2MD-85,C,B,KUSXC,KUSXB,KUS,KUS,X,X,0,0,0,1,0,0
81316-2NL-100,B,A,KUSSB,KUSSA,KUS,KUS,S,S,0,0,0,1,0,0
81316-2NL-120,B,A,KUSMB,KUSMA,KUS,KUS,M,M,0,0,0,1,0,0
81316-2NL-130,B,A,KUSMB,KUSMA,KUS,KUS,M,M,0,0,0,1,0,0
81316-2NL-140,B,A,KUSLB,KUSLA,KUS,KUS,L,L,0,0,0,1,0,0
81318-1EP-110,C,B,KUSSC,KUSSB,KUS,KUS,S,S,0,0,0,1,0,0
81318-2NA-130,C,B,KUSMC,KUSMB,KUS,KUS,M,M,0,0,0,1,0,0
81318-2NA-90,C,B,KUSXC,KUSXB,KUS,KUS,X,X,0,0,0,1,0,0
81338-6AN-85,A,AA,KUSXA,KUSXAA,KUS,KUS,X,X,0,0,0,1,0,0
81351-015-110,A,AA,BOYSA,BOYSAA,BOY,BOY,S,S,0,0,0,1,0,0
81351-015-150,B,A,BOYLB,BOYLA,BOY,BOY,L,L,0,0,0,1,0,0
81351-6VW-150,A,AA,BOYLA,BOYLAA,BOY,BOY,L,L,0,0,0,1,0,0
81351-A91-140,A,AA,BOYLA,BOYLAA,BOY,BOY,L,L,0,0,0,1,0,0
81351-A91-90,A,AA,BOYXA,BOYXAA,BOY,BOY,X,X,0,0,0,1,0,0
81380-6WE-150,A,AA,KNILA,KNILAA,KNI,KNI,L,L,0,0,0,1,0,0
81496-1GF-100,A,AA,KNISA,KNISAA,KNI,KNI,S,S,0,0,0,1,0,0
81496-3V3-100,A,AA,KNISA,KNISAA,KNI,KNI,S,S,0,0,0,1,0,0
81569-1GF-110,A,AA,KNISA,KNISAA,KNI,KNI,S,S,0,0,0,1,0,0
81569-1GF-120,A,AA,KNIMA,KNIMAA,KNI,KNI,M,M,0,0,0,1,0,0
81644-1SA-85,A,AA,KNIXA,KNIXAA,KNI,KNI,X,X,0,0,0,1,0,0
81718-1SA-150,A,AA,GIRLA,GIRLAA,GIR,GIR,L,L,0,0,0,1,0,0
81718-1SA-90,A,AA,GIRXA,GIRXAA,GIR,GIR,X,X,0,0,0,1,0,0
81780-4DZ-85,C,B,BOYXC,BOYXB,BOY,BOY,X,X,0,0,0,1,0,0
81884-6YH-50,C,B,BAPIC,BAPIB,BAP,BAP,I,I,0,0,0,1,0,0
81884-6YH-90,A,AA,BAPXA,BAPXAA,BAP,BAP,X,X,0,0,0,1,0,0
81884-6YL-70,A,AA,BAPIA,BAPIAA,BAP,BAP,I,I,0,0,0,1,0,0
81884-6YL-85,A,AA,BAPXA,BAPXAA,BAP,BAP,X,X,0,0,0,1,0,0
81884-6ZD-50,C,B,BAPIC,BAPIB,BAP,BAP,I,I,0,0,0,1,0,0
81884-6ZD-90,A,AA,BAPXA,BAPXAA,BAP,BAP,X,X,0,0,0,1,0,0
81941-1GF-110,A,AA,KNISA,KNISAA,KNI,KNI,S,S,0,0,0,1,0,0
81941-1GF-140,A,AA,KNILA,KNILAA,KNI,KNI,L,L,0,0,0,1,0,0
81941-31P-110,C,B,KNISC,KNISB,KNI,KNI,S,S,0,0,0,1,0,0
81941-31P-120,C,B,KNIMC,KNIMB,KNI,KNI,M,M,0,0,0,1,0,0
81941-3KH-85,C,B,KNIXC,KNIXB,KNI,KNI,X,X,0,0,0,1,0,0
82057-2VA-S,C,B,CSLSC,CSLSB,CSL,CSL,S,S,0,0,0,1,0,0
82057-2VA-XXS,C,B,CSLXC,CSLXB,CSL,CSL,X,X,0,0,0,1,0,0
82153-5ZV-L,B,A,COLLB,COLLA,COL,COL,L,L,0,0,0,1,0,0
82203-2GG-100,C,B,KUSSC,KUSSB,KUS,KUS,S,S,0,0,0,1,0,0
82261-76X-90,C,B,GIRXC,GIRXB,GIR,GIR,X,X,0,0,0,1,0,0
82301-990-50,B,A,BAPIB,BAPIA,BAP,BAP,I,I,0,0,0,1,0,0
82301-990-85,B,A,BAPXB,BAPXA,BAP,BAP,X,X,0,0,0,1,0,0
82301-990-90,B,A,BAPXB,BAPXA,BAP,BAP,X,X,0,0,0,1,0,0
82595-AD5-100,A,AA,KNISA,KNISAA,KNI,KNI,S,S,0,0,0,1,0,0
82595-AD5-110,A,AA,KNISA,KNISAA,KNI,KNI,S,S,0,0,0,1,0,0
82595-AD5-85,B,A,KNIXB,KNIXA,KNI,KNI,X,X,0,0,0,1,0,0
82662-5NE-OS,B,A,BAPOB,BAPOA,BAP,BAP,O,O,0,0,0,1,0,0
82675-6PF-150,A,AA,GIRLA,GIRLAA,GIR,GIR,L,L,0,0,0,1,0,0
82675-76X-150,A,AA,GIRLA,GIRLAA,GIR,GIR,L,L,0,0,0,1,0,0
82675-76X-90,A,AA,GIRXA,GIRXAA,GIR,GIR,X,X,0,0,0,1,0,0
82675-SR4-100,A,AA,GIRSA,GIRSAA,GIR,GIR,S,S,0,0,0,1,0,0
82723-5XW-140,B,A,GIRLB,GIRLA,GIR,GIR,L,L,0,0,0,1,0,0
82773-5OT-90,C,B,GIRXC,GIRXB,GIR,GIR,X,X,0,0,0,1,0,0
83156-21L-L,B,A,ASLLB,ASLLA,ASL,ASL,L,L,0,0,0,1,0,0
83156-21L-S,B,A,ASLSB,ASLSA,ASL,ASL,S,S,0,0,0,1,0,0
83156-21L-XL,C,B,ASLLC,ASLLB,ASL,ASL,L,L,0,0,0,1,0,0
83167-066-140,A,AA,GIRLA,GIRLAA,GIR,GIR,L,L,0,0,0,1,0,0
83189-6XY-130,A,AA,GIRMA,GIRMAA,GIR,GIR,M,M,0,0,0,1,0,0
83212-6VY-120,A,AA,BOYMA,BOYMAA,BOY,BOY,M,M,0,0,0,1,0,0
83212-GG7-110,A,AA,BOYSA,BOYSAA,BOY,BOY,S,S,0,0,0,1,0,0
83212-GG7-130,A,AA,BOYMA,BOYMAA,BOY,BOY,M,M,0,0,0,1,0,0
83212-SR4-110,A,AA,BOYSA,BOYSAA,BOY,BOY,S,S,0,0,0,1,0,0
83212-SR4-130,A,AA,BOYMA,BOYMAA,BOY,BOY,M,M,0,0,0,1,0,0
83278-6SX-150,B,A,GIRLB,GIRLA,GIR,GIR,L,L,0,0,0,1,0,0
83279-7GQ-85,B,A,GIRXB,GIRXA,GIR,GIR,X,X,0,0,0,1,0,0
83279-SR4-120,A,AA,GIRMA,GIRMAA,GIR,GIR,M,M,0,0,0,1,0,0
83279-SR4-150,B,A,GIRLB,GIRLA,GIR,GIR,L,L,0,0,0,1,0,0
83279-SR4-85,C,B,GIRXC,GIRXB,GIR,GIR,X,X,0,0,0,1,0,0
83279-SR4-90,B,A,GIRXB,GIRXA,GIR,GIR,X,X,0,0,0,1,0,0
83339-3KH-90,B,A,BAPXB,BAPXA,BAP,BAP,X,X,0,0,0,1,0,0
83339-6KS-60,B,A,BAPIB,BAPIA,BAP,BAP,I,I,0,0,0,1,0,0
83339-6KS-75,A,AA,BAPIA,BAPIAA,BAP,BAP,I,I,0,0,0,1,0,0
83339-6PH-60,C,B,BAPIC,BAPIB,BAP,BAP,I,I,0,0,0,1,0,0
83339-6PH-70,B,A,BAPIB,BAPIA,BAP,BAP,I,I,0,0,0,1,0,0
83339-6PH-80,B,A,BAPXB,BAPXA,BAP,BAP,X,X,0,0,0,1,0,0
83339-6PH-85,B,A,BAPXB,BAPXA,BAP,BAP,X,X,0,0,0,1,0,0
83339-6PH-90,B,A,BAPXB,BAPXA,BAP,BAP,X,X,0,0,0,1,0,0
83340-3KH-60,B,A,BAPIB,BAPIA,BAP,BAP,I,I,0,0,0,1,0,0
83340-3KH-75,A,AA,BAPIA,BAPIAA,BAP,BAP,I,I,0,0,0,1,0,0
83340-3KH-80,A,AA,BAPXA,BAPXAA,BAP,BAP,X,X,0,0,0,1,0,0
83340-6KS-60,B,A,BAPIB,BAPIA,BAP,BAP,I,I,0,0,0,1,0,0
83340-6KS-75,A,AA,BAPIA,BAPIAA,BAP,BAP,I,I,0,0,0,1,0,0
83340-6KS-80,A,AA,BAPXA,BAPXAA,BAP,BAP,X,X,0,0,0,1,0,0
83340-6KS-85,A,AA,BAPXA,BAPXAA,BAP,BAP,X,X,0,0,0,1,0,0
83340-6PH-60,B,A,BAPIB,BAPIA,BAP,BAP,I,I,0,0,0,1,0,0
83340-6PH-75,A,AA,BAPIA,BAPIAA,BAP,BAP,I,I,0,0,0,1,0,0
83340-6PH-80,A,AA,BAPXA,BAPXAA,BAP,BAP,X,X,0,0,0,1,0,0
83340-SR4-50,C,B,BAPIC,BAPIB,BAP,BAP,I,I,0,0,0,1,0,0
83340-SR4-60,B,A,BAPIB,BAPIA,BAP,BAP,I,I,0,0,0,1,0,0
83340-SR4-70,A,AA,BAPIA,BAPIAA,BAP,BAP,I,I,0,0,0,1,0,0
83340-SR4-80,A,AA,BAPXA,BAPXAA,BAP,BAP,X,X,0,0,0,1,0,0
83340-SR4-85,A,AA,BAPXA,BAPXAA,BAP,BAP,X,X,0,0,0,1,0,0
83344-6OQ-60,B,A,BAPIB,BAPIA,BAP,BAP,I,I,0,0,0,1,0,0
83344-6OQ-70,A,AA,BAPIA,BAPIAA,BAP,BAP,I,I,0,0,0,1,0,0
83344-6OQ-75,A,AA,BAPIA,BAPIAA,BAP,BAP,I,I,0,0,0,1,0,0
83344-6OQ-80,A,AA,BAPXA,BAPXAA,BAP,BAP,X,X,0,0,0,1,0,0
83344-6OQ-85,A,AA,BAPXA,BAPXAA,BAP,BAP,X,X,0,0,0,1,0,0
83344-6UV-60,B,A,BAPIB,BAPIA,BAP,BAP,I,I,0,0,0,1,0,0
83344-6UV-70,A,AA,BAPIA,BAPIAA,BAP,BAP,I,I,0,0,0,1,0,0
83344-6UV-80,A,AA,BAPXA,BAPXAA,BAP,BAP,X,X,0,0,0,1,0,0
83344-6UV-85,A,AA,BAPXA,BAPXAA,BAP,BAP,X,X,0,0,0,1,0,0
83344-6UV-90,A,AA,BAPXA,BAPXAA,BAP,BAP,X,X,0,0,0,1,0,0
83344-6YH-60,B,A,BAPIB,BAPIA,BAP,BAP,I,I,0,0,0,1,0,0
83344-6YH-70,A,AA,BAPIA,BAPIAA,BAP,BAP,I,I,0,0,0,1,0,0
83344-6YH-75,A,AA,BAPIA,BAPIAA,BAP,BAP,I,I,0,0,0,1,0,0
83344-6YH-80,A,AA,BAPXA,BAPXAA,BAP,BAP,X,X,0,0,0,1,0,0
83344-6YH-85,A,AA,BAPXA,BAPXAA,BAP,BAP,X,X,0,0,0,1,0,0
83344-6YH-90,A,AA,BAPXA,BAPXAA,BAP,BAP,X,X,0,0,0,1,0,0
83344-6YM-60,B,A,BAPIB,BAPIA,BAP,BAP,I,I,0,0,0,1,0,0
83344-6YM-70,A,AA,BAPIA,BAPIAA,BAP,BAP,I,I,0,0,0,1,0,0
83344-6YM-75,A,AA,BAPIA,BAPIAA,BAP,BAP,I,I,0,0,0,1,0,0
83344-6YM-80,A,AA,BAPXA,BAPXAA,BAP,BAP,X,X,0,0,0,1,0,0
83344-6YM-85,A,AA,BAPXA,BAPXAA,BAP,BAP,X,X,0,0,0,1,0,0
83344-6ZD-60,B,A,BAPIB,BAPIA,BAP,BAP,I,I,0,0,0,1,0,0
83344-6ZD-70,A,AA,BAPIA,BAPIAA,BAP,BAP,I,I,0,0,0,1,0,0
83344-6ZD-75,A,AA,BAPIA,BAPIAA,BAP,BAP,I,I,0,0,0,1,0,0
83344-6ZD-80,A,AA,BAPXA,BAPXAA,BAP,BAP,X,X,0,0,0,1,0,0
83344-6ZD-85,A,AA,BAPXA,BAPXAA,BAP,BAP,X,X,0,0,0,1,0,0
83344-6ZD-90,A,AA,BAPXA,BAPXAA,BAP,BAP,X,X,0,0,0,1,0,0
83344-72J-60,B,A,BAPIB,BAPIA,BAP,BAP,I,I,0,0,0,1,0,0
83344-72J-70,A,AA,BAPIA,BAPIAA,BAP,BAP,I,I,0,0,0,1,0,0
83344-72J-75,A,AA,BAPIA,BAPIAA,BAP,BAP,I,I,0,0,0,1,0,0
83344-72J-80,A,AA,BAPXA,BAPXAA,BAP,BAP,X,X,0,0,0,1,0,0
83344-72J-85,A,AA,BAPXA,BAPXAA,BAP,BAP,X,X,0,0,0,1,0,0
83344-72J-90,A,AA,BAPXA,BAPXAA,BAP,BAP,X,X,0,0,0,1,0,0
83369-76X-50,C,B,BAPIC,BAPIB,BAP,BAP,I,I,0,0,0,1,0,0
83369-76X-80,A,AA,BAPXA,BAPXAA,BAP,BAP,X,X,0,0,0,1,0,0
83369-SR4-50,C,B,BAPIC,BAPIB,BAP,BAP,I,I,0,0,0,1,0,0
83369-SR4-60,A,AA,BAPIA,BAPIAA,BAP,BAP,I,I,0,0,0,1,0,0
83369-SR4-80,A,AA,BAPXA,BAPXAA,BAP,BAP,X,X,0,0,0,1,0,0
83402-3ST-60,A,AA,BSLIA,BSLIAA,BSL,BSL,I,I,0,0,0,1,0,0
83403-3PM-80,A,AA,BSLXA,BSLXAA,BSL,BSL,X,X,0,0,0,1,0,0
83403-4VN-70,A,AA,BSLIA,BSLIAA,BSL,BSL,I,I,0,0,0,1,0,0
83403-4VN-75,A,AA,BSLIA,BSLIAA,BSL,BSL,I,I,0,0,0,1,0,0
83425-3IU-100,C,B,CSLSC,CSLSB,CSL,CSL,S,S,0,0,0,1,0,0
83425-3IU-110,B,A,CSLSB,CSLSA,CSL,CSL,S,S,0,0,0,1,0,0
83425-3IU-85,B,A,CSLXB,CSLXA,CSL,CSL,X,X,0,0,0,1,0,0
83426-PG5-110,A,AA,CSLSA,CSLSAA,CSL,CSL,S,S,0,0,0,1,0,0
83426-PG5-85,A,AA,CSLXA,CSLXAA,CSL,CSL,X,X,0,0,0,1,0,0
83504-3KP-100,B,A,BOYSB,BOYSA,BOY,BOY,S,S,0,0,0,1,0,0
83504-3LO-150,B,A,BOYLB,BOYLA,BOY,BOY,L,L,0,0,0,1,0,0
83509-3KK-90,C,B,GIRXC,GIRXB,GIR,GIR,X,X,0,0,0,1,0,0
83536-6MH-60,A,AA,BSLIA,BSLIAA,BSL,BSL,I,I,0,0,0,1,0,0
83536-6MH-80,A,AA,BSLXA,BSLXAA,BSL,BSL,X,X,0,0,0,1,0,0
83536-6OC-70,A,AA,BSLIA,BSLIAA,BSL,BSL,I,I,0,0,0,1,0,0
83536-6OC-75,A,AA,BSLIA,BSLIAA,BSL,BSL,I,I,0,0,0,1,0,0
83536-6OC-NB,C,B,BSLIC,BSLIB,BSL,BSL,I,I,0,0,0,1,0,0
83536-7CJ-70,A,AA,BSLIA,BSLIAA,BSL,BSL,I,I,0,0,0,1,0,0
83536-7CJ-75,A,AA,BSLIA,BSLIAA,BSL,BSL,I,I,0,0,0,1,0,0
83536-7CJ-NB,C,B,BSLIC,BSLIB,BSL,BSL,I,I,0,0,0,1,0,0
83539-7AO-50,B,A,BAPIB,BAPIA,BAP,BAP,I,I,0,0,0,1,0,0
83539-7AO-80,B,A,BAPXB,BAPXA,BAP,BAP,X,X,0,0,0,1,0,0
83561-6NV-S,C,B,ASLSC,ASLSB,ASL,ASL,S,S,0,0,0,1,0,0
83561-6NV-XL,C,B,ASLLC,ASLLB,ASL,ASL,L,L,0,0,0,1,0,0
83561-6NW-S,C,B,ASLSC,ASLSB,ASL,ASL,S,S,0,0,0,1,0,0
83561-6NW-XL,C,B,ASLLC,ASLLB,ASL,ASL,L,L,0,0,0,1,0,0
83613-3KM-S,B,A,ASLSB,ASLSA,ASL,ASL,S,S,0,0,0,1,0,0
83613-3KM-XL,B,A,ASLLB,ASLLA,ASL,ASL,L,L,0,0,0,1,0,0
83613-3KM-XS,C,B,ASLXC,ASLXB,ASL,ASL,X,X,0,0,0,1,0,0
83613-3V3-S,B,A,ASLSB,ASLSA,ASL,ASL,S,S,0,0,0,1,0,0
83613-3V3-XL,B,A,ASLLB,ASLLA,ASL,ASL,L,L,0,0,0,1,0,0
83613-3V3-XS,C,B,ASLXC,ASLXB,ASL,ASL,X,X,0,0,0,1,0,0
83644-4BT-S,C,B,ASLSC,ASLSB,ASL,ASL,S,S,0,0,0,1,0,0
83649-3WU-140,C,B,CSLLC,CSLLB,CSL,CSL,L,L,0,0,0,1,0,0
83649-3WU-160,C,B,CSLLC,CSLLB,CSL,CSL,L,L,0,0,0,1,0,0
83653-3WV-75,C,B,COLIC,COLIB,COL,COL,I,I,0,0,0,1,0,0
83748-2EL-50,B,A,BAPIB,BAPIA,BAP,BAP,I,I,0,0,0,1,0,0
83748-2EL-70,A,AA,BAPIA,BAPIAA,BAP,BAP,I,I,0,0,0,1,0,0
83748-2EL-75,A,AA,BAPIA,BAPIAA,BAP,BAP,I,I,0,0,0,1,0,0
83748-2EL-80,A,AA,BAPXA,BAPXAA,BAP,BAP,X,X,0,0,0,1,0,0
83748-SR4-50,B,A,BAPIB,BAPIA,BAP,BAP,I,I,0,0,0,1,0,0
83748-SR4-60,A,AA,BAPIA,BAPIAA,BAP,BAP,I,I,0,0,0,1,0,0
83748-SR4-80,A,AA,BAPXA,BAPXAA,BAP,BAP,X,X,0,0,0,1,0,0
83756-6PH-60,B,A,BAPIB,BAPIA,BAP,BAP,I,I,0,0,0,1,0,0
83756-6PH-70,A,AA,BAPIA,BAPIAA,BAP,BAP,I,I,0,0,0,1,0,0
83756-6PH-75,A,AA,BAPIA,BAPIAA,BAP,BAP,I,I,0,0,0,1,0,0
83756-6PH-80,A,AA,BAPXA,BAPXAA,BAP,BAP,X,X,0,0,0,1,0,0
83756-6YO-60,B,A,BAPIB,BAPIA,BAP,BAP,I,I,0,0,0,1,0,0
83756-6YO-70,A,AA,BAPIA,BAPIAA,BAP,BAP,I,I,0,0,0,1,0,0
83756-6YO-75,A,AA,BAPIA,BAPIAA,BAP,BAP,I,I,0,0,0,1,0,0
83756-6YO-80,A,AA,BAPXA,BAPXAA,BAP,BAP,X,X,0,0,0,1,0,0
83756-6YO-85,A,AA,BAPXA,BAPXAA,BAP,BAP,X,X,0,0,0,1,0,0
83854-5GT-90,B,A,BAPXB,BAPXA,BAP,BAP,X,X,0,0,0,1,0,0
83854-AN8-85,B,A,BAPXB,BAPXA,BAP,BAP,X,X,0,0,0,1,0,0
83854-AN8-90,B,A,BAPXB,BAPXA,BAP,BAP,X,X,0,0,0,1,0,0
84022-5BC-80,C,B,BAPXC,BAPXB,BAP,BAP,X,X,0,0,0,1,0,0
84022-5BC-90,C,B,BAPXC,BAPXB,BAP,BAP,X,X,0,0,0,1,0,0
84045-5IO-90,B,A,COLXB,COLXA,COL,COL,X,X,0,0,0,1,0,0
84046-5IO-100,B,A,COLSB,COLSA,COL,COL,S,S,0,0,0,1,0,0
84046-5IO-90,A,AA,COLXA,COLXAA,COL,COL,X,X,0,0,0,1,0,0
84046-5IP-100,B,A,COLSB,COLSA,COL,COL,S,S,0,0,0,1,0,0
84046-5IP-85,C,B,COLXC,COLXB,COL,COL,X,X,0,0,0,1,0,0
84049-5IO-85,B,A,CSLXB,CSLXA,CSL,CSL,X,X,0,0,0,1,0,0
84051-5IO-85,B,A,CSLXB,CSLXA,CSL,CSL,X,X,0,0,0,1,0,0
84091-5KH-100,B,A,KUSSB,KUSSA,KUS,KUS,S,S,0,0,0,1,0,0
84091-5KL-100,C,B,KUSSC,KUSSB,KUS,KUS,S,S,0,0,0,1,0,0
84115-4CS-140,C,B,KNILC,KNILB,KNI,KNI,L,L,0,0,0,1,0,0
84115-5HW-110,A,AA,KNISA,KNISAA,KNI,KNI,S,S,0,0,0,1,0,0
84115-5HW-130,A,AA,KNIMA,KNIMAA,KNI,KNI,M,M,0,0,0,1,0,0
84115-5HW-150,B,A,KNILB,KNILA,KNI,KNI,L,L,0,0,0,1,0,0
84115-5HW-90,A,AA,KNIXA,KNIXAA,KNI,KNI,X,X,0,0,0,1,0,0
84131-3KK-100,A,AA,GIRSA,GIRSAA,GIR,GIR,S,S,0,0,0,1,0,0
84131-3V3-100,A,AA,GIRSA,GIRSAA,GIR,GIR,S,S,0,0,0,1,0,0
84155-6LH-60,A,AA,BAPIA,BAPIAA,BAP,BAP,I,I,0,0,0,1,0,0
84155-6OP-50,B,A,BAPIB,BAPIA,BAP,BAP,I,I,0,0,0,1,0,0
84155-6OP-60,A,AA,BAPIA,BAPIAA,BAP,BAP,I,I,0,0,0,1,0,0
84155-6OP-80,A,AA,BAPXA,BAPXAA,BAP,BAP,X,X,0,0,0,1,0,0
84155-6UV-60,A,AA,BAPIA,BAPIAA,BAP,BAP,I,I,0,0,0,1,0,0
84155-6UV-80,A,AA,BAPXA,BAPXAA,BAP,BAP,X,X,0,0,0,1,0,0
84280-5KV-120,B,A,GIRMB,GIRMA,GIR,GIR,M,M,0,0,0,1,0,0
84280-5KV-150,C,B,GIRLC,GIRLB,GIR,GIR,L,L,0,0,0,1,0,0
84303-015-150,A,AA,GIRLA,GIRLAA,GIR,GIR,L,L,0,0,0,1,0,0
84303-SR4-85,A,AA,GIRXA,GIRXAA,GIR,GIR,X,X,0,0,0,1,0,0
84305-011-100,A,AA,GIRSA,GIRSAA,GIR,GIR,S,S,0,0,0,1,0,0
84305-015-150,A,AA,GIRLA,GIRLAA,GIR,GIR,L,L,0,0,0,1,0,0
84305-GK3-85,A,AA,GIRXA,GIRXAA,GIR,GIR,X,X,0,0,0,1,0,0
84321-SR4-70,C,B,BAPIC,BAPIB,BAP,BAP,I,I,0,0,0,1,0,0
84460-62I-140,B,A,GIRLB,GIRLA,GIR,GIR,L,L,0,0,0,1,0,0
84525-6AW-130,C,B,BOYMC,BOYMB,BOY,BOY,M,M,0,0,0,1,0,0
84537-35W-100,A,AA,BOYSA,BOYSAA,BOY,BOY,S,S,0,0,0,1,0,0
84537-35W-85,B,A,BOYXB,BOYXA,BOY,BOY,X,X,0,0,0,1,0,0
84537-JG8-130,A,AA,BOYMA,BOYMAA,BOY,BOY,M,M,0,0,0,1,0,0
84537-JG8-140,A,AA,BOYLA,BOYLAA,BOY,BOY,L,L,0,0,0,1,0,0
84538-64A-OS,B,A,BAPOB,BAPOA,BAP,BAP,O,O,0,0,0,1,0,0
84612-5VS-85,B,A,CSLXB,CSLXA,CSL,CSL,X,X,0,0,0,1,0,0
84612-5VT-90,B,A,CSLXB,CSLXA,CSL,CSL,X,X,0,0,0,1,0,0
84650-6OZ-OS,B,A,BAPOB,BAPOA,BAP,BAP,O,O,0,0,0,1,0,0
84652-6EZ-OS,C,B,BAPOC,BAPOB,BAP,BAP,O,O,0,0,0,1,0,0
84655-68K-90,C,B,BOYXC,BOYXB,BOY,BOY,X,X,0,0,0,1,0,0
84658-60J-OS,B,A,BAPOB,BAPOA,BAP,BAP,O,O,0,0,0,1,0,0
84669-6ID-100,A,AA,COLSA,COLSAA,COL,COL,S,S,0,0,0,1,0,0
84669-6ID-130,A,AA,COLMA,COLMAA,COL,COL,M,M,0,0,0,1,0,0
84669-6ID-140,B,A,COLLB,COLLA,COL,COL,L,L,0,0,0,1,0,0
84669-6IE-90,A,AA,COLXA,COLXAA,COL,COL,X,X,0,0,0,1,0,0
84678-6IB-80,C,B,COLXC,COLXB,COL,COL,X,X,0,0,0,1,0,0
84678-6IB-85,B,A,COLXB,COLXA,COL,COL,X,X,0,0,0,1,0,0
84679-6IB-120,A,AA,CSLMA,CSLMAA,CSL,CSL,M,M,0,0,0,1,0,0
84679-6IB-140,B,A,CSLLB,CSLLA,CSL,CSL,L,L,0,0,0,1,0,0
84679-6IC-100,B,A,CSLSB,CSLSA,CSL,CSL,S,S,0,0,0,1,0,0
84679-6IC-110,B,A,CSLSB,CSLSA,CSL,CSL,S,S,0,0,0,1,0,0
84679-6IC-130,B,A,CSLMB,CSLMA,CSL,CSL,M,M,0,0,0,1,0,0
84679-6IC-140,C,B,CSLLC,CSLLB,CSL,CSL,L,L,0,0,0,1,0,0
84679-6IC-150,C,B,CSLLC,CSLLB,CSL,CSL,L,L,0,0,0,1,0,0
84679-6IC-85,C,B,CSLXC,CSLXB,CSL,CSL,X,X,0,0,0,1,0,0
84679-6IC-90,B,A,CSLXB,CSLXA,CSL,CSL,X,X,0,0,0,1,0,0
84681-6IK-140,B,A,CSLLB,CSLLA,CSL,CSL,L,L,0,0,0,1,0,0
84681-6IL-120,B,A,CSLMB,CSLMA,CSL,CSL,M,M,0,0,0,1,0,0
84681-6IL-140,C,B,CSLLC,CSLLB,CSL,CSL,L,L,0,0,0,1,0,0
84682-6IK-130,B,A,CSLMB,CSLMA,CSL,CSL,M,M,0,0,0,1,0,0
84682-6IK-150,C,B,CSLLC,CSLLB,CSL,CSL,L,L,0,0,0,1,0,0
84682-6IK-85,C,B,CSLXC,CSLXB,CSL,CSL,X,X,0,0,0,1,0,0
84682-6IK-90,B,A,CSLXB,CSLXA,CSL,CSL,X,X,0,0,0,1,0,0
84684-6IL-100,B,A,COLSB,COLSA,COL,COL,S,S,0,0,0,1,0,0
84684-6IL-150,B,A,COLLB,COLLA,COL,COL,L,L,0,0,0,1,0,0
84686-6IK-100,B,A,COLSB,COLSA,COL,COL,S,S,0,0,0,1,0,0
84686-6IK-150,B,A,COLLB,COLLA,COL,COL,L,L,0,0,0,1,0,0
84688-6IL-S,B,A,COLSB,COLSA,COL,COL,S,S,0,0,0,1,0,0
84688-6IL-XL,B,A,COLLB,COLLA,COL,COL,L,L,0,0,0,1,0,0
84688-6IL-XS,C,B,COLXC,COLXB,COL,COL,X,X,0,0,0,1,0,0
84689-6IG-100,A,AA,CSLSA,CSLSAA,CSL,CSL,S,S,0,0,0,1,0,0
84689-6IG-110,A,AA,CSLSA,CSLSAA,CSL,CSL,S,S,0,0,0,1,0,0
84689-6IG-120,A,AA,CSLMA,CSLMAA,CSL,CSL,M,M,0,0,0,1,0,0
84691-6IX-100,A,AA,COLSA,COLSAA,COL,COL,S,S,0,0,0,1,0,0
84691-6IX-110,A,AA,COLSA,COLSAA,COL,COL,S,S,0,0,0,1,0,0
84691-6IX-120,A,AA,COLMA,COLMAA,COL,COL,M,M,0,0,0,1,0,0
84691-6IX-140,B,A,COLLB,COLLA,COL,COL,L,L,0,0,0,1,0,0
84691-6IX-85,B,A,COLXB,COLXA,COL,COL,X,X,0,0,0,1,0,0
84691-6IX-90,A,AA,COLXA,COLXAA,COL,COL,X,X,0,0,0,1,0,0
84691-6IY-140,B,A,COLLB,COLLA,COL,COL,L,L,0,0,0,1,0,0
84691-6IY-85,B,A,COLXB,COLXA,COL,COL,X,X,0,0,0,1,0,0
84692-6IG-120,A,AA,CSLMA,CSLMAA,CSL,CSL,M,M,0,0,0,1,0,0
84692-6IG-90,B,A,CSLXB,CSLXA,CSL,CSL,X,X,0,0,0,1,0,0
84694-6IC-130,A,AA,COLMA,COLMAA,COL,COL,M,M,0,0,0,1,0,0
84694-6IC-150,B,A,COLLB,COLLA,COL,COL,L,L,0,0,0,1,0,0
84697-6IN-50,B,A,CSLIB,CSLIA,CSL,CSL,I,I,0,0,0,1,0,0
84697-6IN-70,A,AA,CSLIA,CSLIAA,CSL,CSL,I,I,0,0,0,1,0,0
84697-6IN-75,A,AA,CSLIA,CSLIAA,CSL,CSL,I,I,0,0,0,1,0,0
84697-6IO-50,B,A,CSLIB,CSLIA,CSL,CSL,I,I,0,0,0,1,0,0
84697-6IO-70,A,AA,CSLIA,CSLIAA,CSL,CSL,I,I,0,0,0,1,0,0
84697-6IO-75,A,AA,CSLIA,CSLIAA,CSL,CSL,I,I,0,0,0,1,0,0
84698-6IN-100,A,AA,CSLSA,CSLSAA,CSL,CSL,S,S,0,0,0,1,0,0
84698-6IN-110,A,AA,CSLSA,CSLSAA,CSL,CSL,S,S,0,0,0,1,0,0
84698-6IN-130,A,AA,CSLMA,CSLMAA,CSL,CSL,M,M,0,0,0,1,0,0
84698-6IN-85,C,B,CSLXC,CSLXB,CSL,CSL,X,X,0,0,0,1,0,0
84698-6IN-90,A,AA,CSLXA,CSLXAA,CSL,CSL,X,X,0,0,0,1,0,0
84698-6IO-140,A,AA,CSLLA,CSLLAA,CSL,CSL,L,L,0,0,0,1,0,0
84698-6IO-150,A,AA,CSLLA,CSLLAA,CSL,CSL,L,L,0,0,0,1,0,0
84700-6KF-100,A,AA,COLSA,COLSAA,COL,COL,S,S,0,0,0,1,0,0
84700-6KF-130,A,AA,COLMA,COLMAA,COL,COL,M,M,0,0,0,1,0,0
84700-6KF-150,A,AA,COLLA,COLLAA,COL,COL,L,L,0,0,0,1,0,0
84700-6KF-90,A,AA,COLXA,COLXAA,COL,COL,X,X,0,0,0,1,0,0
84702-6IO-L,A,AA,CSLLA,CSLLAA,CSL,CSL,L,L,0,0,0,1,0,0
84702-6IO-M,A,AA,CSLMA,CSLMAA,CSL,CSL,M,M,0,0,0,1,0,0
84702-6IO-XXL,B,A,CSLLB,CSLLA,CSL,CSL,L,L,0,0,0,1,0,0
84705-6IF-85,C,B,COLXC,COLXB,COL,COL,X,X,0,0,0,1,0,0
84705-6IF-90,B,A,COLXB,COLXA,COL,COL,X,X,0,0,0,1,0,0
84705-6IJ-100,C,B,COLSC,COLSB,COL,COL,S,S,0,0,0,1,0,0
84705-6IJ-110,C,B,COLSC,COLSB,COL,COL,S,S,0,0,0,1,0,0
84706-6IF-100,A,AA,CSLSA,CSLSAA,CSL,CSL,S,S,0,0,0,1,0,0
84706-6IF-110,A,AA,CSLSA,CSLSAA,CSL,CSL,S,S,0,0,0,1,0,0
84706-6IF-80,C,B,CSLXC,CSLXB,CSL,CSL,X,X,0,0,0,1,0,0
84706-6IF-85,B,A,CSLXB,CSLXA,CSL,CSL,X,X,0,0,0,1,0,0
84708-6IF-85,C,B,COLXC,COLXB,COL,COL,X,X,0,0,0,1,0,0
84708-6IF-90,B,A,COLXB,COLXA,COL,COL,X,X,0,0,0,1,0,0
84710-6IF-70,C,B,COLIC,COLIB,COL,COL,I,I,0,0,0,1,0,0
84710-6IF-75,C,B,COLIC,COLIB,COL,COL,I,I,0,0,0,1,0,0
84711-6ID-120,A,AA,CSLMA,CSLMAA,CSL,CSL,M,M,0,0,0,1,0,0
84711-6ID-140,B,A,CSLLB,CSLLA,CSL,CSL,L,L,0,0,0,1,0,0
84711-6ID-150,B,A,CSLLB,CSLLA,CSL,CSL,L,L,0,0,0,1,0,0
84711-6IE-100,A,AA,CSLSA,CSLSAA,CSL,CSL,S,S,0,0,0,1,0,0
84711-6IE-110,A,AA,CSLSA,CSLSAA,CSL,CSL,S,S,0,0,0,1,0,0
84711-6IE-120,A,AA,CSLMA,CSLMAA,CSL,CSL,M,M,0,0,0,1,0,0
84711-6IE-130,A,AA,CSLMA,CSLMAA,CSL,CSL,M,M,0,0,0,1,0,0
84711-6IE-85,C,B,CSLXC,CSLXB,CSL,CSL,X,X,0,0,0,1,0,0
84711-6IE-90,A,AA,CSLXA,CSLXAA,CSL,CSL,X,X,0,0,0,1,0,0
84712-6ID-120,A,AA,CSLMA,CSLMAA,CSL,CSL,M,M,0,0,0,1,0,0
84712-6ID-85,C,B,CSLXC,CSLXB,CSL,CSL,X,X,0,0,0,1,0,0
84712-6ID-90,B,A,CSLXB,CSLXA,CSL,CSL,X,X,0,0,0,1,0,0
84712-6IE-120,A,AA,CSLMA,CSLMAA,CSL,CSL,M,M,0,0,0,1,0,0
84712-6IE-90,B,A,CSLXB,CSLXA,CSL,CSL,X,X,0,0,0,1,0,0
84713-6IP-140,B,A,CSLLB,CSLLA,CSL,CSL,L,L,0,0,0,1,0,0
84714-6IP-130,B,A,CSLMB,CSLMA,CSL,CSL,M,M,0,0,0,1,0,0
84714-6IP-150,C,B,CSLLC,CSLLB,CSL,CSL,L,L,0,0,0,1,0,0
84714-6IP-85,C,B,CSLXC,CSLXB,CSL,CSL,X,X,0,0,0,1,0,0
84714-6IP-90,B,A,CSLXB,CSLXA,CSL,CSL,X,X,0,0,0,1,0,0
84715-3IU-110,A,AA,COLSA,COLSAA,COL,COL,S,S,0,0,0,1,0,0
84715-3IU-120,A,AA,COLMA,COLMAA,COL,COL,M,M,0,0,0,1,0,0
84719-6JD-100,A,AA,COLSA,COLSAA,COL,COL,S,S,0,0,0,1,0,0
84719-6JD-130,A,AA,COLMA,COLMAA,COL,COL,M,M,0,0,0,1,0,0
84719-6JD-140,B,A,COLLB,COLLA,COL,COL,L,L,0,0,0,1,0,0
84719-6JE-150,B,A,COLLB,COLLA,COL,COL,L,L,0,0,0,1,0,0
84719-6JE-85,B,A,COLXB,COLXA,COL,COL,X,X,0,0,0,1,0,0
84719-6JF-100,A,AA,COLSA,COLSAA,COL,COL,S,S,0,0,0,1,0,0
84719-6JF-130,A,AA,COLMA,COLMAA,COL,COL,M,M,0,0,0,1,0,0
84719-6JF-140,B,A,COLLB,COLLA,COL,COL,L,L,0,0,0,1,0,0
84719-6JG-100,A,AA,COLSA,COLSAA,COL,COL,S,S,0,0,0,1,0,0
84719-6JG-130,A,AA,COLMA,COLMAA,COL,COL,M,M,0,0,0,1,0,0
84719-6JG-140,B,A,COLLB,COLLA,COL,COL,L,L,0,0,0,1,0,0
84719-6JH-100,A,AA,COLSA,COLSAA,COL,COL,S,S,0,0,0,1,0,0
84719-6JH-130,A,AA,COLMA,COLMAA,COL,COL,M,M,0,0,0,1,0,0
84720-6ID-110,A,AA,COLSA,COLSAA,COL,COL,S,S,0,0,0,1,0,0
84720-6ID-85,C,B,COLXC,COLXB,COL,COL,X,X,0,0,0,1,0,0
84720-6ID-90,B,A,COLXB,COLXA,COL,COL,X,X,0,0,0,1,0,0
84720-6IE-110,A,AA,COLSA,COLSAA,COL,COL,S,S,0,0,0,1,0,0
84720-6IE-85,C,B,COLXC,COLXB,COL,COL,X,X,0,0,0,1,0,0
84720-6IE-90,B,A,COLXB,COLXA,COL,COL,X,X,0,0,0,1,0,0
84721-6ID-100,A,AA,COLSA,COLSAA,COL,COL,S,S,0,0,0,1,0,0
84721-6ID-130,A,AA,COLMA,COLMAA,COL,COL,M,M,0,0,0,1,0,0
84721-6ID-140,B,A,COLLB,COLLA,COL,COL,L,L,0,0,0,1,0,0
84721-6ID-150,C,B,COLLC,COLLB,COL,COL,L,L,0,0,0,1,0,0
84721-6IE-110,A,AA,COLSA,COLSAA,COL,COL,S,S,0,0,0,1,0,0
84721-6IE-140,B,A,COLLB,COLLA,COL,COL,L,L,0,0,0,1,0,0
84721-6IE-150,C,B,COLLC,COLLB,COL,COL,L,L,0,0,0,1,0,0
84721-6IE-85,C,B,COLXC,COLXB,COL,COL,X,X,0,0,0,1,0,0
84721-6IE-90,B,A,COLXB,COLXA,COL,COL,X,X,0,0,0,1,0,0
84724-6IM-110,C,B,CSLSC,CSLSB,CSL,CSL,S,S,0,0,0,1,0,0
84724-6IM-120,C,B,CSLMC,CSLMB,CSL,CSL,M,M,0,0,0,1,0,0
84741-6NV-L,A,AA,ASLLA,ASLLAA,ASL,ASL,L,L,0,0,0,1,0,0
84741-6NV-M,A,AA,ASLMA,ASLMAA,ASL,ASL,M,M,0,0,0,1,0,0
84741-6NV-XS,B,A,ASLXB,ASLXA,ASL,ASL,X,X,0,0,0,1,0,0
84741-6NW-L,A,AA,ASLLA,ASLLAA,ASL,ASL,L,L,0,0,0,1,0,0
84741-6NW-M,A,AA,ASLMA,ASLMAA,ASL,ASL,M,M,0,0,0,1,0,0
84741-6NW-XS,B,A,ASLXB,ASLXA,ASL,ASL,X,X,0,0,0,1,0,0
84745-6X6-140,B,A,BOYLB,BOYLA,BOY,BOY,L,L,0,0,0,1,0,0
84747-6TR-150,A,AA,BOYLA,BOYLAA,BOY,BOY,L,L,0,0,0,1,0,0
84749-6VK-140,B,A,BOYLB,BOYLA,BOY,BOY,L,L,0,0,0,1,0,0
84749-6VL-140,B,A,BOYLB,BOYLA,BOY,BOY,L,L,0,0,0,1,0,0
84751-6NH-150,B,A,BOYLB,BOYLA,BOY,BOY,L,L,0,0,0,1,0,0
84751-6NK-150,B,A,BOYLB,BOYLA,BOY,BOY,L,L,0,0,0,1,0,0
84751-6NN-150,B,A,BOYLB,BOYLA,BOY,BOY,L,L,0,0,0,1,0,0
84753-6T6-140,B,A,BOYLB,BOYLA,BOY,BOY,L,L,0,0,0,1,0,0
84753-6T6-90,A,AA,BOYXA,BOYXAA,BOY,BOY,X,X,0,0,0,1,0,0
84755-6VM-110,B,A,BOYSB,BOYSA,BOY,BOY,S,S,0,0,0,1,0,0
84755-6VM-150,C,B,BOYLC,BOYLB,BOY,BOY,L,L,0,0,0,1,0,0
84756-3V3-120,A,AA,BOYMA,BOYMAA,BOY,BOY,M,M,0,0,0,1,0,0
84756-3V3-130,A,AA,BOYMA,BOYMAA,BOY,BOY,M,M,0,0,0,1,0,0
84756-3V3-140,A,AA,BOYLA,BOYLAA,BOY,BOY,L,L,0,0,0,1,0,0
84756-6KS-85,C,B,BOYXC,BOYXB,BOY,BOY,X,X,0,0,0,1,0,0
84756-6KS-90,B,A,BOYXB,BOYXA,BOY,BOY,X,X,0,0,0,1,0,0
84757-1GF-120,A,AA,BOYMA,BOYMAA,BOY,BOY,M,M,0,0,0,1,0,0
84759-GK3-150,B,A,BOYLB,BOYLA,BOY,BOY,L,L,0,0,0,1,0,0
84759-GK3-90,B,A,BOYXB,BOYXA,BOY,BOY,X,X,0,0,0,1,0,0
84760-6NK-150,B,A,KUSLB,KUSLA,KUS,KUS,L,L,0,0,0,1,0,0
84760-6NK-90,A,AA,KUSXA,KUSXAA,KUS,KUS,X,X,0,0,0,1,0,0
84760-6NL-90,A,AA,KUSXA,KUSXAA,KUS,KUS,X,X,0,0,0,1,0,0
84760-6NM-150,B,A,KUSLB,KUSLA,KUS,KUS,L,L,0,0,0,1,0,0
84760-6NM-90,A,AA,KUSXA,KUSXAA,KUS,KUS,X,X,0,0,0,1,0,0
84760-6NP-100,A,AA,KUSSA,KUSSAA,KUS,KUS,S,S,0,0,0,1,0,0
84760-6NP-130,A,AA,KUSMA,KUSMAA,KUS,KUS,M,M,0,0,0,1,0,0
84760-6NP-85,B,A,KUSXB,KUSXA,KUS,KUS,X,X,0,0,0,1,0,0
84760-6NP-90,A,AA,KUSXA,KUSXAA,KUS,KUS,X,X,0,0,0,1,0,0
84760-6NQ-90,A,AA,KUSXA,KUSXAA,KUS,KUS,X,X,0,0,0,1,0,0
84760-6OP-100,A,AA,KUSSA,KUSSAA,KUS,KUS,S,S,0,0,0,1,0,0
84760-6OP-130,A,AA,KUSMA,KUSMAA,KUS,KUS,M,M,0,0,0,1,0,0
84760-6OP-85,B,A,KUSXB,KUSXA,KUS,KUS,X,X,0,0,0,1,0,0
84760-6PR-90,A,AA,KUSXA,KUSXAA,KUS,KUS,X,X,0,0,0,1,0,0
84760-6RF-100,A,AA,KUSSA,KUSSAA,KUS,KUS,S,S,0,0,0,1,0,0
84760-6RF-130,A,AA,KUSMA,KUSMAA,KUS,KUS,M,M,0,0,0,1,0,0
84760-6RF-85,B,A,KUSXB,KUSXA,KUS,KUS,X,X,0,0,0,1,0,0
84760-7CK-90,A,AA,KUSXA,KUSXAA,KUS,KUS,X,X,0,0,0,1,0,0
84760-7CL-90,A,AA,KUSXA,KUSXAA,KUS,KUS,X,X,0,0,0,1,0,0
84769-6NU-100,A,AA,KUSSA,KUSSAA,KUS,KUS,S,S,0,0,0,1,0,0
84769-6NU-110,A,AA,KUSSA,KUSSAA,KUS,KUS,S,S,0,0,0,1,0,0
84769-6NU-140,B,A,KUSLB,KUSLA,KUS,KUS,L,L,0,0,0,1,0,0
84769-6NU-150,C,B,KUSLC,KUSLB,KUS,KUS,L,L,0,0,0,1,0,0
84769-6NV-100,A,AA,KUSSA,KUSSAA,KUS,KUS,S,S,0,0,0,1,0,0
84769-6NV-110,A,AA,KUSSA,KUSSAA,KUS,KUS,S,S,0,0,0,1,0,0
84769-6NV-140,B,A,KUSLB,KUSLA,KUS,KUS,L,L,0,0,0,1,0,0
84769-6NV-150,C,B,KUSLC,KUSLB,KUS,KUS,L,L,0,0,0,1,0,0
84769-6NW-110,A,AA,KUSSA,KUSSAA,KUS,KUS,S,S,0,0,0,1,0,0
84769-6NW-140,B,A,KUSLB,KUSLA,KUS,KUS,L,L,0,0,0,1,0,0
84769-6NW-150,C,B,KUSLC,KUSLB,KUS,KUS,L,L,0,0,0,1,0,0
84772-7CJ-130,A,AA,KUSMA,KUSMAA,KUS,KUS,M,M,0,0,0,1,0,0
84772-7CJ-85,B,A,KUSXB,KUSXA,KUS,KUS,X,X,0,0,0,1,0,0
84772-7CJ-90,A,AA,KUSXA,KUSXAA,KUS,KUS,X,X,0,0,0,1,0,0
84774-6VU-150,B,A,BOYLB,BOYLA,BOY,BOY,L,L,0,0,0,1,0,0
84774-6VV-150,B,A,BOYLB,BOYLA,BOY,BOY,L,L,0,0,0,1,0,0
84776-6MQ-110,A,AA,KUSSA,KUSSAA,KUS,KUS,S,S,0,0,0,1,0,0
84776-6MQ-140,B,A,KUSLB,KUSLA,KUS,KUS,L,L,0,0,0,1,0,0
84776-6MS-110,A,AA,KUSSA,KUSSAA,KUS,KUS,S,S,0,0,0,1,0,0
84776-6MS-120,A,AA,KUSMA,KUSMAA,KUS,KUS,M,M,0,0,0,1,0,0
84776-6MS-140,B,A,KUSLB,KUSLA,KUS,KUS,L,L,0,0,0,1,0,0
84777-6XM-140,A,AA,BOYLA,BOYLAA,BOY,BOY,L,L,0,0,0,1,0,0
84777-6XN-150,A,AA,BOYLA,BOYLAA,BOY,BOY,L,L,0,0,0,1,0,0
84777-6XN-85,B,A,BOYXB,BOYXA,BOY,BOY,X,X,0,0,0,1,0,0
84782-6LX-100,B,A,KUSSB,KUSSA,KUS,KUS,S,S,0,0,0,1,0,0
84782-6LX-130,B,A,KUSMB,KUSMA,KUS,KUS,M,M,0,0,0,1,0,0
84782-6LX-140,C,B,KUSLC,KUSLB,KUS,KUS,L,L,0,0,0,1,0,0
84782-7CK-100,B,A,KUSSB,KUSSA,KUS,KUS,S,S,0,0,0,1,0,0
84782-7CK-130,B,A,KUSMB,KUSMA,KUS,KUS,M,M,0,0,0,1,0,0
84782-7CK-140,C,B,KUSLC,KUSLB,KUS,KUS,L,L,0,0,0,1,0,0
84783-015-100,A,AA,BOYSA,BOYSAA,BOY,BOY,S,S,0,0,0,1,0,0
84783-560-90,A,AA,BOYXA,BOYXAA,BOY,BOY,X,X,0,0,0,1,0,0
84783-6KS-90,A,AA,BOYXA,BOYXAA,BOY,BOY,X,X,0,0,0,1,0,0
84783-6KX-100,A,AA,BOYSA,BOYSAA,BOY,BOY,S,S,0,0,0,1,0,0
84786-6LX-100,B,A,KUSSB,KUSSA,KUS,KUS,S,S,0,0,0,1,0,0
84786-6LX-130,B,A,KUSMB,KUSMA,KUS,KUS,M,M,0,0,0,1,0,0
84786-6LX-140,C,B,KUSLC,KUSLB,KUS,KUS,L,L,0,0,0,1,0,0
84786-7CK-100,B,A,KUSSB,KUSSA,KUS,KUS,S,S,0,0,0,1,0,0
84786-7CK-130,B,A,KUSMB,KUSMA,KUS,KUS,M,M,0,0,0,1,0,0
84786-7CK-140,C,B,KUSLC,KUSLB,KUS,KUS,L,L,0,0,0,1,0,0
84787-6KS-120,A,AA,BOYMA,BOYMAA,BOY,BOY,M,M,0,0,0,1,0,0
84787-6PJ-120,A,AA,BOYMA,BOYMAA,BOY,BOY,M,M,0,0,0,1,0,0
84788-441-150,A,AA,BOYLA,BOYLAA,BOY,BOY,L,L,0,0,0,1,0,0
84788-6WG-150,A,AA,BOYLA,BOYLAA,BOY,BOY,L,L,0,0,0,1,0,0
84792-181-150,A,AA,KNILA,KNILAA,KNI,KNI,L,L,0,0,0,1,0,0
84794-6LA-100,A,AA,KUSSA,KUSSAA,KUS,KUS,S,S,0,0,0,1,0,0
84794-6LA-130,A,AA,KUSMA,KUSMAA,KUS,KUS,M,M,0,0,0,1,0,0
84794-6LA-85,B,A,KUSXB,KUSXA,KUS,KUS,X,X,0,0,0,1,0,0
84794-6LA-90,A,AA,KUSXA,KUSXAA,KUS,KUS,X,X,0,0,0,1,0,0
84794-6QT-110,A,AA,KUSSA,KUSSAA,KUS,KUS,S,S,0,0,0,1,0,0
84794-6QT-120,A,AA,KUSMA,KUSMAA,KUS,KUS,M,M,0,0,0,1,0,0
84794-6QT-140,B,A,KUSLB,KUSLA,KUS,KUS,L,L,0,0,0,1,0,0
84794-7CM-100,A,AA,KUSSA,KUSSAA,KUS,KUS,S,S,0,0,0,1,0,0
84794-7CM-130,A,AA,KUSMA,KUSMAA,KUS,KUS,M,M,0,0,0,1,0,0
84794-7CM-85,B,A,KUSXB,KUSXA,KUS,KUS,X,X,0,0,0,1,0,0
84797-6QU-140,A,AA,KUSLA,KUSLAA,KUS,KUS,L,L,0,0,0,1,0,0
84797-6QU-150,B,A,KUSLB,KUSLA,KUS,KUS,L,L,0,0,0,1,0,0
84797-6QY-140,A,AA,KUSLA,KUSLAA,KUS,KUS,L,L,0,0,0,1,0,0
84798-6TF-85,B,A,KNIXB,KNIXA,KNI,KNI,X,X,0,0,0,1,0,0
84798-6WN-110,A,AA,KNISA,KNISAA,KNI,KNI,S,S,0,0,0,1,0,0
84798-6WN-130,A,AA,KNIMA,KNIMAA,KNI,KNI,M,M,0,0,0,1,0,0
84800-011-120,A,AA,KNIMA,KNIMAA,KNI,KNI,M,M,0,0,0,1,0,0
84800-011-85,C,B,KNIXC,KNIXB,KNI,KNI,X,X,0,0,0,1,0,0
84800-015-100,B,A,KNISB,KNISA,KNI,KNI,S,S,0,0,0,1,0,0
84800-015-140,B,A,KNILB,KNILA,KNI,KNI,L,L,0,0,0,1,0,0
84800-1GF-130,A,AA,KNIMA,KNIMAA,KNI,KNI,M,M,0,0,0,1,0,0
84800-2EL-100,B,A,KNISB,KNISA,KNI,KNI,S,S,0,0,0,1,0,0
84800-2EL-140,B,A,KNILB,KNILA,KNI,KNI,L,L,0,0,0,1,0,0
84800-3V3-90,B,A,KNIXB,KNIXA,KNI,KNI,X,X,0,0,0,1,0,0
84800-SR4-140,A,AA,KNILA,KNILAA,KNI,KNI,L,L,0,0,0,1,0,0
84802-6LJ-140,A,AA,KUSLA,KUSLAA,KUS,KUS,L,L,0,0,0,1,0,0
84802-6LJ-150,B,A,KUSLB,KUSLA,KUS,KUS,L,L,0,0,0,1,0,0
84802-6MD-100,A,AA,KUSSA,KUSSAA,KUS,KUS,S,S,0,0,0,1,0,0
84802-6MD-130,A,AA,KUSMA,KUSMAA,KUS,KUS,M,M,0,0,0,1,0,0
84802-6MD-85,B,A,KUSXB,KUSXA,KUS,KUS,X,X,0,0,0,1,0,0
84802-6MW-100,A,AA,KUSSA,KUSSAA,KUS,KUS,S,S,0,0,0,1,0,0
84802-6MW-130,A,AA,KUSMA,KUSMAA,KUS,KUS,M,M,0,0,0,1,0,0
84802-6MW-85,B,A,KUSXB,KUSXA,KUS,KUS,X,X,0,0,0,1,0,0
84802-6MZ-110,A,AA,KUSSA,KUSSAA,KUS,KUS,S,S,0,0,0,1,0,0
84802-6MZ-140,B,A,KUSLB,KUSLA,KUS,KUS,L,L,0,0,0,1,0,0
84802-6MZ-150,C,B,KUSLC,KUSLB,KUS,KUS,L,L,0,0,0,1,0,0
84802-6NH-90,A,AA,KUSXA,KUSXAA,KUS,KUS,X,X,0,0,0,1,0,0
84802-6NJ-100,A,AA,KUSSA,KUSSAA,KUS,KUS,S,S,0,0,0,1,0,0
84802-6NJ-130,A,AA,KUSMA,KUSMAA,KUS,KUS,M,M,0,0,0,1,0,0
84802-6NJ-150,C,B,KUSLC,KUSLB,KUS,KUS,L,L,0,0,0,1,0,0
84802-6NJ-85,B,A,KUSXB,KUSXA,KUS,KUS,X,X,0,0,0,1,0,0
84802-6NK-140,A,AA,KUSLA,KUSLAA,KUS,KUS,L,L,0,0,0,1,0,0
84802-6NK-150,B,A,KUSLB,KUSLA,KUS,KUS,L,L,0,0,0,1,0,0
84802-6NK-85,A,AA,KUSXA,KUSXAA,KUS,KUS,X,X,0,0,0,1,0,0
84802-6NL-140,A,AA,KUSLA,KUSLAA,KUS,KUS,L,L,0,0,0,1,0,0
84802-6NL-150,B,A,KUSLB,KUSLA,KUS,KUS,L,L,0,0,0,1,0,0
84802-6NM-140,A,AA,KUSLA,KUSLAA,KUS,KUS,L,L,0,0,0,1,0,0
84802-6NM-150,B,A,KUSLB,KUSLA,KUS,KUS,L,L,0,0,0,1,0,0
84802-6NN-150,B,A,KUSLB,KUSLA,KUS,KUS,L,L,0,0,0,1,0,0
84802-6NN-90,A,AA,KUSXA,KUSXAA,KUS,KUS,X,X,0,0,0,1,0,0
84802-6NP-90,A,AA,KUSXA,KUSXAA,KUS,KUS,X,X,0,0,0,1,0,0
84802-6NQ-140,A,AA,KUSLA,KUSLAA,KUS,KUS,L,L,0,0,0,1,0,0
84802-6NQ-150,B,A,KUSLB,KUSLA,KUS,KUS,L,L,0,0,0,1,0,0
84802-6NR-100,A,AA,KUSSA,KUSSAA,KUS,KUS,S,S,0,0,0,1,0,0
84802-6NR-130,A,AA,KUSMA,KUSMAA,KUS,KUS,M,M,0,0,0,1,0,0
84802-6NR-160,C,B,KUSLC,KUSLB,KUS,KUS,L,L,0,0,0,1,0,0
84802-6NR-85,B,A,KUSXB,KUSXA,KUS,KUS,X,X,0,0,0,1,0,0
84802-6NR-90,A,AA,KUSXA,KUSXAA,KUS,KUS,X,X,0,0,0,1,0,0
84802-6NS-100,A,AA,KUSSA,KUSSAA,KUS,KUS,S,S,0,0,0,1,0,0
84802-6NS-110,A,AA,KUSSA,KUSSAA,KUS,KUS,S,S,0,0,0,1,0,0
84802-6NS-130,A,AA,KUSMA,KUSMAA,KUS,KUS,M,M,0,0,0,1,0,0
84802-6NS-140,B,A,KUSLB,KUSLA,KUS,KUS,L,L,0,0,0,1,0,0
84802-6NS-150,C,B,KUSLC,KUSLB,KUS,KUS,L,L,0,0,0,1,0,0
84802-6NS-85,B,A,KUSXB,KUSXA,KUS,KUS,X,X,0,0,0,1,0,0
84802-6NT-110,A,AA,KUSSA,KUSSAA,KUS,KUS,S,S,0,0,0,1,0,0
84802-6NT-140,B,A,KUSLB,KUSLA,KUS,KUS,L,L,0,0,0,1,0,0
84802-6NT-150,C,B,KUSLC,KUSLB,KUS,KUS,L,L,0,0,0,1,0,0
84802-6OK-100,A,AA,KUSSA,KUSSAA,KUS,KUS,S,S,0,0,0,1,0,0
84802-6OK-130,A,AA,KUSMA,KUSMAA,KUS,KUS,M,M,0,0,0,1,0,0
84802-6OK-150,C,B,KUSLC,KUSLB,KUS,KUS,L,L,0,0,0,1,0,0
84802-6OK-85,B,A,KUSXB,KUSXA,KUS,KUS,X,X,0,0,0,1,0,0
84802-6OP-150,B,A,KUSLB,KUSLA,KUS,KUS,L,L,0,0,0,1,0,0
84802-6OP-90,A,AA,KUSXA,KUSXAA,KUS,KUS,X,X,0,0,0,1,0,0
84802-6PR-100,A,AA,KUSSA,KUSSAA,KUS,KUS,S,S,0,0,0,1,0,0
84802-6PR-130,A,AA,KUSMA,KUSMAA,KUS,KUS,M,M,0,0,0,1,0,0
84802-6PR-85,B,A,KUSXB,KUSXA,KUS,KUS,X,X,0,0,0,1,0,0
84802-6QC-100,A,AA,KUSSA,KUSSAA,KUS,KUS,S,S,0,0,0,1,0,0
84802-6QC-130,A,AA,KUSMA,KUSMAA,KUS,KUS,M,M,0,0,0,1,0,0
84802-6QC-85,B,A,KUSXB,KUSXA,KUS,KUS,X,X,0,0,0,1,0,0
84802-6RF-130,A,AA,KUSMA,KUSMAA,KUS,KUS,M,M,0,0,0,1,0,0
84802-6RF-85,B,A,KUSXB,KUSXA,KUS,KUS,X,X,0,0,0,1,0,0
84802-6RF-90,A,AA,KUSXA,KUSXAA,KUS,KUS,X,X,0,0,0,1,0,0
84802-6UF-150,B,A,KUSLB,KUSLA,KUS,KUS,L,L,0,0,0,1,0,0
84802-6UF-90,A,AA,KUSXA,KUSXAA,KUS,KUS,X,X,0,0,0,1,0,0
84802-6UG-100,A,AA,KUSSA,KUSSAA,KUS,KUS,S,S,0,0,0,1,0,0
84802-6UG-130,A,AA,KUSMA,KUSMAA,KUS,KUS,M,M,0,0,0,1,0,0
84802-6UG-160,C,B,KUSLC,KUSLB,KUS,KUS,L,L,0,0,0,1,0,0
84802-6UG-85,B,A,KUSXB,KUSXA,KUS,KUS,X,X,0,0,0,1,0,0
84802-6UK-140,A,AA,KUSLA,KUSLAA,KUS,KUS,L,L,0,0,0,1,0,0
84802-6UK-150,B,A,KUSLB,KUSLA,KUS,KUS,L,L,0,0,0,1,0,0
84802-6UV-150,B,A,KUSLB,KUSLA,KUS,KUS,L,L,0,0,0,1,0,0
84802-6UV-90,A,AA,KUSXA,KUSXAA,KUS,KUS,X,X,0,0,0,1,0,0
84802-72J-100,A,AA,KUSSA,KUSSAA,KUS,KUS,S,S,0,0,0,1,0,0
84802-72J-130,A,AA,KUSMA,KUSMAA,KUS,KUS,M,M,0,0,0,1,0,0
84802-72J-85,B,A,KUSXB,KUSXA,KUS,KUS,X,X,0,0,0,1,0,0
84802-7CK-140,A,AA,KUSLA,KUSLAA,KUS,KUS,L,L,0,0,0,1,0,0
84802-7CK-150,B,A,KUSLB,KUSLA,KUS,KUS,L,L,0,0,0,1,0,0
84802-7CL-140,A,AA,KUSLA,KUSLAA,KUS,KUS,L,L,0,0,0,1,0,0
84802-7CL-150,B,A,KUSLB,KUSLA,KUS,KUS,L,L,0,0,0,1,0,0
84802-7CL-85,A,AA,KUSXA,KUSXAA,KUS,KUS,X,X,0,0,0,1,0,0
84805-6RB-140,B,A,KNILB,KNILA,KNI,KNI,L,L,0,0,0,1,0,0
84806-6ND-100,A,AA,KUSSA,KUSSAA,KUS,KUS,S,S,0,0,0,1,0,0
84806-6ND-130,A,AA,KUSMA,KUSMAA,KUS,KUS,M,M,0,0,0,1,0,0
84806-6ND-85,B,A,KUSXB,KUSXA,KUS,KUS,X,X,0,0,0,1,0,0
84806-6ND-90,A,AA,KUSXA,KUSXAA,KUS,KUS,X,X,0,0,0,1,0,0
84806-6NE-100,A,AA,KUSSA,KUSSAA,KUS,KUS,S,S,0,0,0,1,0,0
84806-6NE-110,A,AA,KUSSA,KUSSAA,KUS,KUS,S,S,0,0,0,1,0,0
84806-6NE-130,A,AA,KUSMA,KUSMAA,KUS,KUS,M,M,0,0,0,1,0,0
84806-6NE-140,B,A,KUSLB,KUSLA,KUS,KUS,L,L,0,0,0,1,0,0
84806-6NE-85,B,A,KUSXB,KUSXA,KUS,KUS,X,X,0,0,0,1,0,0
84807-53B-100,A,AA,KNISA,KNISAA,KNI,KNI,S,S,0,0,0,1,0,0
84807-6RB-100,A,AA,KNISA,KNISAA,KNI,KNI,S,S,0,0,0,1,0,0
84807-6RB-110,A,AA,KNISA,KNISAA,KNI,KNI,S,S,0,0,0,1,0,0
84813-33P-L,B,A,ASLLB,ASLLA,ASL,ASL,L,L,0,0,0,1,0,0
84813-33P-M,B,A,ASLMB,ASLMA,ASL,ASL,M,M,0,0,0,1,0,0
84813-33P-S,C,B,ASLSC,ASLSB,ASL,ASL,S,S,0,0,0,1,0,0
84813-33P-XL,C,B,ASLLC,ASLLB,ASL,ASL,L,L,0,0,0,1,0,0
84813-3BD-L,B,A,ASLLB,ASLLA,ASL,ASL,L,L,0,0,0,1,0,0
84813-3BD-M,B,A,ASLMB,ASLMA,ASL,ASL,M,M,0,0,0,1,0,0
84813-3BD-S,C,B,ASLSC,ASLSB,ASL,ASL,S,S,0,0,0,1,0,0
84813-3BD-XL,C,B,ASLLC,ASLLB,ASL,ASL,L,L,0,0,0,1,0,0
84813-6MY-L,B,A,ASLLB,ASLLA,ASL,ASL,L,L,0,0,0,1,0,0
84813-6MY-M,B,A,ASLMB,ASLMA,ASL,ASL,M,M,0,0,0,1,0,0
84813-6MY-S,C,B,ASLSC,ASLSB,ASL,ASL,S,S,0,0,0,1,0,0
84813-6MY-XL,C,B,ASLLC,ASLLB,ASL,ASL,L,L,0,0,0,1,0,0
84813-6TP-L,B,A,ASLLB,ASLLA,ASL,ASL,L,L,0,0,0,1,0,0
84813-6TP-M,B,A,ASLMB,ASLMA,ASL,ASL,M,M,0,0,0,1,0,0
84813-6TP-S,C,B,ASLSC,ASLSB,ASL,ASL,S,S,0,0,0,1,0,0
84813-6TP-XL,C,B,ASLLC,ASLLB,ASL,ASL,L,L,0,0,0,1,0,0
84814-065-85,A,AA,KNIXA,KNIXAA,KNI,KNI,X,X,0,0,0,1,0,0
84815-6NU-L,A,AA,ASLLA,ASLLAA,ASL,ASL,L,L,0,0,0,1,0,0
84815-6NU-S,B,A,ASLSB,ASLSA,ASL,ASL,S,S,0,0,0,1,0,0
84815-6NU-XL,B,A,ASLLB,ASLLA,ASL,ASL,L,L,0,0,0,1,0,0
84815-6NV-L,A,AA,ASLLA,ASLLAA,ASL,ASL,L,L,0,0,0,1,0,0
84815-6NV-M,A,AA,ASLMA,ASLMAA,ASL,ASL,M,M,0,0,0,1,0,0
84816-6PT-100,A,AA,GIRSA,GIRSAA,GIR,GIR,S,S,0,0,0,1,0,0
84816-6RB-100,A,AA,GIRSA,GIRSAA,GIR,GIR,S,S,0,0,0,1,0,0
84817-2DD-110,A,AA,KNISA,KNISAA,KNI,KNI,S,S,0,0,0,1,0,0
84817-2DD-120,A,AA,KNIMA,KNIMAA,KNI,KNI,M,M,0,0,0,1,0,0
84817-2DD-85,C,B,KNIXC,KNIXB,KNI,KNI,X,X,0,0,0,1,0,0
84818-6LV-100,B,A,KNISB,KNISA,KNI,KNI,S,S,0,0,0,1,0,0
84818-6MO-100,B,A,KNISB,KNISA,KNI,KNI,S,S,0,0,0,1,0,0
84818-6PX-100,B,A,KNISB,KNISA,KNI,KNI,S,S,0,0,0,1,0,0
84820-6RE-130,B,A,KNIMB,KNIMA,KNI,KNI,M,M,0,0,0,1,0,0
84821-6PU-130,A,AA,KNIMA,KNIMAA,KNI,KNI,M,M,0,0,0,1,0,0
84821-6PU-150,B,A,KNILB,KNILA,KNI,KNI,L,L,0,0,0,1,0,0
84823-7GJ-110,B,A,KNISB,KNISA,KNI,KNI,S,S,0,0,0,1,0,0
84825-6MW-90,A,AA,KNIXA,KNIXAA,KNI,KNI,X,X,0,0,0,1,0,0
84825-6NG-85,A,AA,KNIXA,KNIXAA,KNI,KNI,X,X,0,0,0,1,0,0
84825-6TL-140,A,AA,KNILA,KNILAA,KNI,KNI,L,L,0,0,0,1,0,0
84825-6TO-120,A,AA,KNIMA,KNIMAA,KNI,KNI,M,M,0,0,0,1,0,0
84825-6TO-85,B,A,KNIXB,KNIXA,KNI,KNI,X,X,0,0,0,1,0,0
84827-6MM-150,B,A,KNILB,KNILA,KNI,KNI,L,L,0,0,0,1,0,0
84827-6MM-85,C,B,KNIXC,KNIXB,KNI,KNI,X,X,0,0,0,1,0,0
84827-6MM-90,B,A,KNIXB,KNIXA,KNI,KNI,X,X,0,0,0,1,0,0
84828-33P-130,A,AA,KUSMA,KUSMAA,KUS,KUS,M,M,0,0,0,1,0,0
84828-33P-85,B,A,KUSXB,KUSXA,KUS,KUS,X,X,0,0,0,1,0,0
84828-33P-90,A,AA,KUSXA,KUSXAA,KUS,KUS,X,X,0,0,0,1,0,0
84828-3BD-100,A,AA,KUSSA,KUSSAA,KUS,KUS,S,S,0,0,0,1,0,0
84828-3BD-110,A,AA,KUSSA,KUSSAA,KUS,KUS,S,S,0,0,0,1,0,0
84828-3BD-130,A,AA,KUSMA,KUSMAA,KUS,KUS,M,M,0,0,0,1,0,0
84828-3BD-140,B,A,KUSLB,KUSLA,KUS,KUS,L,L,0,0,0,1,0,0
84828-3BD-150,C,B,KUSLC,KUSLB,KUS,KUS,L,L,0,0,0,1,0,0
84828-3BD-85,B,A,KUSXB,KUSXA,KUS,KUS,X,X,0,0,0,1,0,0
84828-6MY-100,A,AA,KUSSA,KUSSAA,KUS,KUS,S,S,0,0,0,1,0,0
84828-6MY-110,A,AA,KUSSA,KUSSAA,KUS,KUS,S,S,0,0,0,1,0,0
84828-6MY-130,A,AA,KUSMA,KUSMAA,KUS,KUS,M,M,0,0,0,1,0,0
84828-6MY-140,B,A,KUSLB,KUSLA,KUS,KUS,L,L,0,0,0,1,0,0
84828-6MY-150,C,B,KUSLC,KUSLB,KUS,KUS,L,L,0,0,0,1,0,0
84828-6MY-85,B,A,KUSXB,KUSXA,KUS,KUS,X,X,0,0,0,1,0,0
84828-6TP-130,A,AA,KUSMA,KUSMAA,KUS,KUS,M,M,0,0,0,1,0,0
84828-6TP-85,B,A,KUSXB,KUSXA,KUS,KUS,X,X,0,0,0,1,0,0
84828-6TP-90,A,AA,KUSXA,KUSXAA,KUS,KUS,X,X,0,0,0,1,0,0
84831-76K-100,A,AA,KNISA,KNISAA,KNI,KNI,S,S,0,0,0,1,0,0
84834-76K-90,A,AA,BOYXA,BOYXAA,BOY,BOY,X,X,0,0,0,1,0,0
84836-011-110,A,AA,KNISA,KNISAA,KNI,KNI,S,S,0,0,0,1,0,0
84839-6MH-XS,C,B,ASLXC,ASLXB,ASL,ASL,X,X,0,0,0,1,0,0
84839-7CJ-XS,C,B,ASLXC,ASLXB,ASL,ASL,X,X,0,0,0,1,0,0
84840-6Q6-85,A,AA,GIRXA,GIRXAA,GIR,GIR,X,X,0,0,0,1,0,0
84840-6RF-140,A,AA,GIRLA,GIRLAA,GIR,GIR,L,L,0,0,0,1,0,0
84842-7CK-150,A,AA,GIRLA,GIRLAA,GIR,GIR,L,L,0,0,0,1,0,0
84843-6QM-140,A,AA,GIRLA,GIRLAA,GIR,GIR,L,L,0,0,0,1,0,0
84843-6RX-150,A,AA,GIRLA,GIRLAA,GIR,GIR,L,L,0,0,0,1,0,0
84843-6SX-85,B,A,GIRXB,GIRXA,GIR,GIR,X,X,0,0,0,1,0,0
84845-6SG-85,B,A,GIRXB,GIRXA,GIR,GIR,X,X,0,0,0,1,0,0
84847-6L6-130,A,AA,GIRMA,GIRMAA,GIR,GIR,M,M,0,0,0,1,0,0
84856-6SK-100,A,AA,GIRSA,GIRSAA,GIR,GIR,S,S,0,0,0,1,0,0
84856-CB8-110,A,AA,GIRSA,GIRSAA,GIR,GIR,S,S,0,0,0,1,0,0
84863-CB8-140,B,A,GIRLB,GIRLA,GIR,GIR,L,L,0,0,0,1,0,0
84869-6XY-110,A,AA,GIRSA,GIRSAA,GIR,GIR,S,S,0,0,0,1,0,0
84869-6XY-130,A,AA,GIRMA,GIRMAA,GIR,GIR,M,M,0,0,0,1,0,0
84876-015-90,A,AA,GIRXA,GIRXAA,GIR,GIR,X,X,0,0,0,1,0,0
84876-181-90,A,AA,GIRXA,GIRXAA,GIR,GIR,X,X,0,0,0,1,0,0
84876-3KH-90,A,AA,GIRXA,GIRXAA,GIR,GIR,X,X,0,0,0,1,0,0
84876-6PF-90,A,AA,GIRXA,GIRXAA,GIR,GIR,X,X,0,0,0,1,0,0
84878-28B-140,A,AA,GIRLA,GIRLAA,GIR,GIR,L,L,0,0,0,1,0,0
84880-6OG-100,A,AA,GIRSA,GIRSAA,GIR,GIR,S,S,0,0,0,1,0,0
84880-6OG-130,A,AA,GIRMA,GIRMAA,GIR,GIR,M,M,0,0,0,1,0,0
84880-6SX-150,B,A,GIRLB,GIRLA,GIR,GIR,L,L,0,0,0,1,0,0
84881-6XY-140,A,AA,GIRLA,GIRLAA,GIR,GIR,L,L,0,0,0,1,0,0
84881-6XY-90,A,AA,GIRXA,GIRXAA,GIR,GIR,X,X,0,0,0,1,0,0
84884-6LV-120,A,AA,GIRMA,GIRMAA,GIR,GIR,M,M,0,0,0,1,0,0
84884-6OG-120,A,AA,GIRMA,GIRMAA,GIR,GIR,M,M,0,0,0,1,0,0
84889-6PW-100,A,AA,GIRSA,GIRSAA,GIR,GIR,S,S,0,0,0,1,0,0
84889-6RT-90,A,AA,GIRXA,GIRXAA,GIR,GIR,X,X,0,0,0,1,0,0
84893-6QL-130,B,A,GIRMB,GIRMA,GIR,GIR,M,M,0,0,0,1,0,0
84895-6MH-150,A,AA,GIRLA,GIRLAA,GIR,GIR,L,L,0,0,0,1,0,0
84895-6NU-85,A,AA,GIRXA,GIRXAA,GIR,GIR,X,X,0,0,0,1,0,0
84897-6LU-90,C,B,GIRXC,GIRXB,GIR,GIR,X,X,0,0,0,1,0,0
84897-6OG-100,B,A,GIRSB,GIRSA,GIR,GIR,S,S,0,0,0,1,0,0
84897-6QW-90,C,B,GIRXC,GIRXB,GIR,GIR,X,X,0,0,0,1,0,0
84899-76K-90,C,B,GIRXC,GIRXB,GIR,GIR,X,X,0,0,0,1,0,0
84901-6RA-90,A,AA,GIRXA,GIRXAA,GIR,GIR,X,X,0,0,0,1,0,0
84901-6WV-90,A,AA,GIRXA,GIRXAA,GIR,GIR,X,X,0,0,0,1,0,0
84901-6WW-110,A,AA,GIRSA,GIRSAA,GIR,GIR,S,S,0,0,0,1,0,0
84901-6WW-85,B,A,GIRXB,GIRXA,GIR,GIR,X,X,0,0,0,1,0,0
84903-6OG-120,A,AA,GIRMA,GIRMAA,GIR,GIR,M,M,0,0,0,1,0,0
84903-6QW-120,A,AA,GIRMA,GIRMAA,GIR,GIR,M,M,0,0,0,1,0,0
84903-6SX-100,B,A,GIRSB,GIRSA,GIR,GIR,S,S,0,0,0,1,0,0
84910-6PX-90,A,AA,GIRXA,GIRXAA,GIR,GIR,X,X,0,0,0,1,0,0
84917-6LA-S,B,A,ASLSB,ASLSA,ASL,ASL,S,S,0,0,0,1,0,0
84917-6LA-XL,B,A,ASLLB,ASLLA,ASL,ASL,L,L,0,0,0,1,0,0
84917-6LA-XS,C,B,ASLXC,ASLXB,ASL,ASL,X,X,0,0,0,1,0,0
84918-6LA-S,B,A,ASLSB,ASLSA,ASL,ASL,S,S,0,0,0,1,0,0
84918-6LA-XL,B,A,ASLLB,ASLLA,ASL,ASL,L,L,0,0,0,1,0,0
84918-6LA-XS,C,B,ASLXC,ASLXB,ASL,ASL,X,X,0,0,0,1,0,0
84918-6QT-L,B,A,ASLLB,ASLLA,ASL,ASL,L,L,0,0,0,1,0,0
84918-6QT-M,B,A,ASLMB,ASLMA,ASL,ASL,M,M,0,0,0,1,0,0
84918-6QT-S,C,B,ASLSC,ASLSB,ASL,ASL,S,S,0,0,0,1,0,0
84918-6QT-XL,C,B,ASLLC,ASLLB,ASL,ASL,L,L,0,0,0,1,0,0
84921-SR4-140,B,A,GIRLB,GIRLA,GIR,GIR,L,L,0,0,0,1,0,0
84932-7CD-140,A,AA,GIRLA,GIRLAA,GIR,GIR,L,L,0,0,0,1,0,0
84933-6LA-100,B,A,GIRSB,GIRSA,GIR,GIR,S,S,0,0,0,1,0,0
84933-6LA-140,B,A,GIRLB,GIRLA,GIR,GIR,L,L,0,0,0,1,0,0
84933-6LA-85,C,B,GIRXC,GIRXB,GIR,GIR,X,X,0,0,0,1,0,0
84938-6NP-60,A,AA,BSLIA,BSLIAA,BSL,BSL,I,I,0,0,0,1,0,0
84938-6NP-70,A,AA,BSLIA,BSLIAA,BSL,BSL,I,I,0,0,0,1,0,0
84938-6NP-75,A,AA,BSLIA,BSLIAA,BSL,BSL,I,I,0,0,0,1,0,0
84938-6OK-50,B,A,BSLIB,BSLIA,BSL,BSL,I,I,0,0,0,1,0,0
84938-6OK-70,A,AA,BSLIA,BSLIAA,BSL,BSL,I,I,0,0,0,1,0,0
84938-6OK-75,A,AA,BSLIA,BSLIAA,BSL,BSL,I,I,0,0,0,1,0,0
84938-6OP-50,A,AA,BSLIA,BSLIAA,BSL,BSL,I,I,0,0,0,1,0,0
84938-6PR-60,A,AA,BSLIA,BSLIAA,BSL,BSL,I,I,0,0,0,1,0,0
84938-6PR-70,A,AA,BSLIA,BSLIAA,BSL,BSL,I,I,0,0,0,1,0,0
84938-6PR-75,A,AA,BSLIA,BSLIAA,BSL,BSL,I,I,0,0,0,1,0,0
84938-6UV-50,A,AA,BSLIA,BSLIAA,BSL,BSL,I,I,0,0,0,1,0,0
84938-7CL-60,A,AA,BSLIA,BSLIAA,BSL,BSL,I,I,0,0,0,1,0,0
84938-7CL-70,A,AA,BSLIA,BSLIAA,BSL,BSL,I,I,0,0,0,1,0,0
84938-7CL-75,A,AA,BSLIA,BSLIAA,BSL,BSL,I,I,0,0,0,1,0,0
84942-4QP-50,B,A,BSLIB,BSLIA,BSL,BSL,I,I,0,0,0,1,0,0
84942-4QP-60,B,A,BSLIB,BSLIA,BSL,BSL,I,I,0,0,0,1,0,0
84942-4QP-65,B,A,BSLIB,BSLIA,BSL,BSL,I,I,0,0,0,1,0,0
84942-4QP-NB,B,A,BSLIB,BSLIA,BSL,BSL,I,I,0,0,0,1,0,0
84942-5GW-NB,B,A,BSLIB,BSLIA,BSL,BSL,I,I,0,0,0,1,0,0
84944-6LH-85,A,AA,BSLXA,BSLXAA,BSL,BSL,X,X,0,0,0,1,0,0
84944-6MK-50,B,A,BSLIB,BSLIA,BSL,BSL,I,I,0,0,0,1,0,0
84944-6MK-70,A,AA,BSLIA,BSLIAA,BSL,BSL,I,I,0,0,0,1,0,0
84944-6MK-75,A,AA,BSLIA,BSLIAA,BSL,BSL,I,I,0,0,0,1,0,0
84944-6MK-85,B,A,BSLXB,BSLXA,BSL,BSL,X,X,0,0,0,1,0,0
84944-6OS-50,B,A,BSLIB,BSLIA,BSL,BSL,I,I,0,0,0,1,0,0
84944-6OS-70,A,AA,BSLIA,BSLIAA,BSL,BSL,I,I,0,0,0,1,0,0
84944-6OS-75,A,AA,BSLIA,BSLIAA,BSL,BSL,I,I,0,0,0,1,0,0
84944-6OS-85,B,A,BSLXB,BSLXA,BSL,BSL,X,X,0,0,0,1,0,0
84944-6QZ-85,B,A,BSLXB,BSLXA,BSL,BSL,X,X,0,0,0,1,0,0
84944-6SJ-50,B,A,BSLIB,BSLIA,BSL,BSL,I,I,0,0,0,1,0,0
84944-6SJ-70,A,AA,BSLIA,BSLIAA,BSL,BSL,I,I,0,0,0,1,0,0
84944-6SJ-75,A,AA,BSLIA,BSLIAA,BSL,BSL,I,I,0,0,0,1,0,0
84944-6SJ-80,A,AA,BSLXA,BSLXAA,BSL,BSL,X,X,0,0,0,1,0,0
84944-6SL-50,B,A,BSLIB,BSLIA,BSL,BSL,I,I,0,0,0,1,0,0
84944-6SL-85,B,A,BSLXB,BSLXA,BSL,BSL,X,X,0,0,0,1,0,0
84944-6UT-60,A,AA,BSLIA,BSLIAA,BSL,BSL,I,I,0,0,0,1,0,0
84944-6UT-80,A,AA,BSLXA,BSLXAA,BSL,BSL,X,X,0,0,0,1,0,0
84945-6QB-140,A,AA,BOYLA,BOYLAA,BOY,BOY,L,L,0,0,0,1,0,0
84945-6WX-130,A,AA,BOYMA,BOYMAA,BOY,BOY,M,M,0,0,0,1,0,0
84945-6WY-140,A,AA,BOYLA,BOYLAA,BOY,BOY,L,L,0,0,0,1,0,0
84947-3BD-50,A,AA,BSLIA,BSLIAA,BSL,BSL,I,I,0,0,0,1,0,0
84947-3BD-60,A,AA,BSLIA,BSLIAA,BSL,BSL,I,I,0,0,0,1,0,0
84947-3BD-80,A,AA,BSLXA,BSLXAA,BSL,BSL,X,X,0,0,0,1,0,0
84947-3BD-NB,B,A,BSLIB,BSLIA,BSL,BSL,I,I,0,0,0,1,0,0
84947-4QP-50,A,AA,BSLIA,BSLIAA,BSL,BSL,I,I,0,0,0,1,0,0
84947-4QP-80,A,AA,BSLXA,BSLXAA,BSL,BSL,X,X,0,0,0,1,0,0
84947-4QP-NB,B,A,BSLIB,BSLIA,BSL,BSL,I,I,0,0,0,1,0,0
84947-5GW-60,A,AA,BSLIA,BSLIAA,BSL,BSL,I,I,0,0,0,1,0,0
84947-5GW-70,A,AA,BSLIA,BSLIAA,BSL,BSL,I,I,0,0,0,1,0,0
84947-5GW-75,A,AA,BSLIA,BSLIAA,BSL,BSL,I,I,0,0,0,1,0,0
84947-5GW-85,B,A,BSLXB,BSLXA,BSL,BSL,X,X,0,0,0,1,0,0
84947-6WR-80,B,A,BSLXB,BSLXA,BSL,BSL,X,X,0,0,0,1,0,0
84947-6WR-NB,C,B,BSLIC,BSLIB,BSL,BSL,I,I,0,0,0,1,0,0
84949-6LA-60,A,AA,BSLIA,BSLIAA,BSL,BSL,I,I,0,0,0,1,0,0
84949-6LA-70,A,AA,BSLIA,BSLIAA,BSL,BSL,I,I,0,0,0,1,0,0
84949-6LA-75,A,AA,BSLIA,BSLIAA,BSL,BSL,I,I,0,0,0,1,0,0
84949-6LA-85,B,A,BSLXB,BSLXA,BSL,BSL,X,X,0,0,0,1,0,0
84949-6LW-50,B,A,BSLIB,BSLIA,BSL,BSL,I,I,0,0,0,1,0,0
84949-6LW-60,B,A,BSLIB,BSLIA,BSL,BSL,I,I,0,0,0,1,0,0
84949-6LW-80,B,A,BSLXB,BSLXA,BSL,BSL,X,X,0,0,0,1,0,0
84949-6LW-85,C,B,BSLXC,BSLXB,BSL,BSL,X,X,0,0,0,1,0,0
84949-6OQ-70,A,AA,BSLIA,BSLIAA,BSL,BSL,I,I,0,0,0,1,0,0
84949-6OQ-75,A,AA,BSLIA,BSLIAA,BSL,BSL,I,I,0,0,0,1,0,0
84949-6OQ-85,B,A,BSLXB,BSLXA,BSL,BSL,X,X,0,0,0,1,0,0
84949-6OQ-NB,C,B,BSLIC,BSLIB,BSL,BSL,I,I,0,0,0,1,0,0
84949-6PS-70,A,AA,BSLIA,BSLIAA,BSL,BSL,I,I,0,0,0,1,0,0
84949-6PS-85,B,A,BSLXB,BSLXA,BSL,BSL,X,X,0,0,0,1,0,0
84949-6PS-NB,C,B,BSLIC,BSLIB,BSL,BSL,I,I,0,0,0,1,0,0
84949-6QQ-60,A,AA,BSLIA,BSLIAA,BSL,BSL,I,I,0,0,0,1,0,0
84949-6QQ-75,A,AA,BSLIA,BSLIAA,BSL,BSL,I,I,0,0,0,1,0,0
84949-6QQ-85,B,A,BSLXB,BSLXA,BSL,BSL,X,X,0,0,0,1,0,0
84949-6QT-60,A,AA,BSLIA,BSLIAA,BSL,BSL,I,I,0,0,0,1,0,0
84949-6QT-80,A,AA,BSLXA,BSLXAA,BSL,BSL,X,X,0,0,0,1,0,0
84949-6R6-60,A,AA,BSLIA,BSLIAA,BSL,BSL,I,I,0,0,0,1,0,0
84949-6R6-70,A,AA,BSLIA,BSLIAA,BSL,BSL,I,I,0,0,0,1,0,0
84949-6R6-75,A,AA,BSLIA,BSLIAA,BSL,BSL,I,I,0,0,0,1,0,0
84949-6R6-85,B,A,BSLXB,BSLXA,BSL,BSL,X,X,0,0,0,1,0,0
84949-6SU-70,A,AA,BSLIA,BSLIAA,BSL,BSL,I,I,0,0,0,1,0,0
84949-6SU-75,A,AA,BSLIA,BSLIAA,BSL,BSL,I,I,0,0,0,1,0,0
84949-6SU-85,B,A,BSLXB,BSLXA,BSL,BSL,X,X,0,0,0,1,0,0
84949-6SU-NB,C,B,BSLIC,BSLIB,BSL,BSL,I,I,0,0,0,1,0,0
84949-7CM-50,A,AA,BSLIA,BSLIAA,BSL,BSL,I,I,0,0,0,1,0,0
84949-7CM-80,A,AA,BSLXA,BSLXAA,BSL,BSL,X,X,0,0,0,1,0,0
84949-7CM-NB,B,A,BSLIB,BSLIA,BSL,BSL,I,I,0,0,0,1,0,0
84950-6WP-90,B,A,KNIXB,KNIXA,KNI,KNI,X,X,0,0,0,1,0,0
84954-7BC-130,A,AA,BOYMA,BOYMAA,BOY,BOY,M,M,0,0,0,1,0,0
84954-7BD-130,A,AA,BOYMA,BOYMAA,BOY,BOY,M,M,0,0,0,1,0,0
84954-7BE-130,A,AA,BOYMA,BOYMAA,BOY,BOY,M,M,0,0,0,1,0,0
84954-7BF-90,A,AA,BOYXA,BOYXAA,BOY,BOY,X,X,0,0,0,1,0,0
84954-7C7-130,A,AA,BOYMA,BOYMAA,BOY,BOY,M,M,0,0,0,1,0,0
84959-3PM-60,A,AA,BSLIA,BSLIAA,BSL,BSL,I,I,0,0,0,1,0,0
84959-3PM-65,B,A,BSLIB,BSLIA,BSL,BSL,I,I,0,0,0,1,0,0
84959-3PM-NB,A,AA,BSLIA,BSLIAA,BSL,BSL,I,I,0,0,0,1,0,0
84961-6VB-90,A,AA,KNIXA,KNIXAA,KNI,KNI,X,X,0,0,0,1,0,0
84961-6VD-150,C,B,KNILC,KNILB,KNI,KNI,L,L,0,0,0,1,0,0
84961-6WC-90,A,AA,KNIXA,KNIXAA,KNI,KNI,X,X,0,0,0,1,0,0
84961-6WE-150,C,B,KNILC,KNILB,KNI,KNI,L,L,0,0,0,1,0,0
84970-6RB-140,B,A,GIRLB,GIRLA,GIR,GIR,L,L,0,0,0,1,0,0
84970-6TX-140,B,A,GIRLB,GIRLA,GIR,GIR,L,L,0,0,0,1,0,0
84974-6LU-L,B,A,ASLLB,ASLLA,ASL,ASL,L,L,0,0,0,1,0,0
84974-6LU-M,B,A,ASLMB,ASLMA,ASL,ASL,M,M,0,0,0,1,0,0
84974-6OE-S,C,B,ASLSC,ASLSB,ASL,ASL,S,S,0,0,0,1,0,0
84974-6OE-XL,C,B,ASLLC,ASLLB,ASL,ASL,L,L,0,0,0,1,0,0
84975-6OC-50,C,B,BAPIC,BAPIB,BAP,BAP,I,I,0,0,0,1,0,0
84975-6OC-70,A,AA,BAPIA,BAPIAA,BAP,BAP,I,I,0,0,0,1,0,0
84975-6QT-70,A,AA,BAPIA,BAPIAA,BAP,BAP,I,I,0,0,0,1,0,0
84976-3BD-50,C,B,BAPIC,BAPIB,BAP,BAP,I,I,0,0,0,1,0,0
84976-3BD-60,B,A,BAPIB,BAPIA,BAP,BAP,I,I,0,0,0,1,0,0
84976-3BD-75,A,AA,BAPIA,BAPIAA,BAP,BAP,I,I,0,0,0,1,0,0
84976-VH9-50,C,B,BAPIC,BAPIB,BAP,BAP,I,I,0,0,0,1,0,0
84976-VH9-60,B,A,BAPIB,BAPIA,BAP,BAP,I,I,0,0,0,1,0,0
84976-VH9-75,A,AA,BAPIA,BAPIAA,BAP,BAP,I,I,0,0,0,1,0,0
84977-3KH-70,A,AA,BAPIA,BAPIAA,BAP,BAP,I,I,0,0,0,1,0,0
84977-3KH-75,A,AA,BAPIA,BAPIAA,BAP,BAP,I,I,0,0,0,1,0,0
84977-SR4-70,A,AA,BAPIA,BAPIAA,BAP,BAP,I,I,0,0,0,1,0,0
84977-SR4-75,A,AA,BAPIA,BAPIAA,BAP,BAP,I,I,0,0,0,1,0,0
84978-6ND-50,B,A,BAPIB,BAPIA,BAP,BAP,I,I,0,0,0,1,0,0
84978-6ND-60,A,AA,BAPIA,BAPIAA,BAP,BAP,I,I,0,0,0,1,0,0
84978-6YF-50,C,B,BAPIC,BAPIB,BAP,BAP,I,I,0,0,0,1,0,0
84979-6LA-50,C,B,BAPIC,BAPIB,BAP,BAP,I,I,0,0,0,1,0,0
84979-6LA-70,A,AA,BAPIA,BAPIAA,BAP,BAP,I,I,0,0,0,1,0,0
84979-6LU-50,B,A,BAPIB,BAPIA,BAP,BAP,I,I,0,0,0,1,0,0
84979-6LU-60,A,AA,BAPIA,BAPIAA,BAP,BAP,I,I,0,0,0,1,0,0
84979-6PZ-50,C,B,BAPIC,BAPIB,BAP,BAP,I,I,0,0,0,1,0,0
84979-6RS-50,C,B,BAPIC,BAPIB,BAP,BAP,I,I,0,0,0,1,0,0
84979-6RS-70,A,AA,BAPIA,BAPIAA,BAP,BAP,I,I,0,0,0,1,0,0
84979-6SF-50,C,B,BAPIC,BAPIB,BAP,BAP,I,I,0,0,0,1,0,0
84979-6SF-70,A,AA,BAPIA,BAPIAA,BAP,BAP,I,I,0,0,0,1,0,0
84979-6ZD-60,A,AA,BAPIA,BAPIAA,BAP,BAP,I,I,0,0,0,1,0,0
84980-6PT-80,B,A,BAPXB,BAPXA,BAP,BAP,X,X,0,0,0,1,0,0
84980-6PT-90,C,B,BAPXC,BAPXB,BAP,BAP,X,X,0,0,0,1,0,0
84980-6PU-60,C,B,BAPIC,BAPIB,BAP,BAP,I,I,0,0,0,1,0,0
84980-6PU-70,B,A,BAPIB,BAPIA,BAP,BAP,I,I,0,0,0,1,0,0
84980-6PU-80,B,A,BAPXB,BAPXA,BAP,BAP,X,X,0,0,0,1,0,0
84980-6PU-85,C,B,BAPXC,BAPXB,BAP,BAP,X,X,0,0,0,1,0,0
84983-6LU-90,C,B,BAPXC,BAPXB,BAP,BAP,X,X,0,0,0,1,0,0
84983-6SO-90,C,B,BAPXC,BAPXB,BAP,BAP,X,X,0,0,0,1,0,0
84984-6SO-60,A,AA,BAPIA,BAPIAA,BAP,BAP,I,I,0,0,0,1,0,0
84984-6SR-50,C,B,BAPIC,BAPIB,BAP,BAP,I,I,0,0,0,1,0,0
84986-6NW-50,B,A,BAPIB,BAPIA,BAP,BAP,I,I,0,0,0,1,0,0
84990-CB8-50,C,B,BAPIC,BAPIB,BAP,BAP,I,I,0,0,0,1,0,0
84990-CB8-60,B,A,BAPIB,BAPIA,BAP,BAP,I,I,0,0,0,1,0,0
84990-CB8-75,A,AA,BAPIA,BAPIAA,BAP,BAP,I,I,0,0,0,1,0,0
84990-CB8-85,B,A,BAPXB,BAPXA,BAP,BAP,X,X,0,0,0,1,0,0
84993-6US-60,A,AA,BSLIA,BSLIAA,BSL,BSL,I,I,0,0,0,1,0,0
84993-6US-80,A,AA,BSLXA,BSLXAA,BSL,BSL,X,X,0,0,0,1,0,0
84993-6US-85,A,AA,BSLXA,BSLXAA,BSL,BSL,X,X,0,0,0,1,0,0
84995-6YA-XS,A,AA,ACCXA,ACCXAA,ACC,ACC,X,X,0,0,0,1,0,0
84995-6YA-XXS,C,B,ACCXC,ACCXB,ACC,ACC,X,X,0,0,0,1,0,0
84995-6YC-S,A,AA,ACCSA,ACCSAA,ACC,ACC,S,S,0,0,0,1,0,0
84995-6YE-XXS,A,AA,ACCXA,ACCXAA,ACC,ACC,X,X,0,0,0,1,0,0
84999-7AL-80,A,AA,BAPXA,BAPXAA,BAP,BAP,X,X,0,0,0,1,0,0
85003-7GR-80,A,AA,BAPXA,BAPXAA,BAP,BAP,X,X,0,0,0,1,0,0
85004-6RS-70,A,AA,BAPIA,BAPIAA,BAP,BAP,I,I,0,0,0,1,0,0
85004-6RS-80,A,AA,BAPXA,BAPXAA,BAP,BAP,X,X,0,0,0,1,0,0
85004-6RS-90,B,A,BAPXB,BAPXA,BAP,BAP,X,X,0,0,0,1,0,0
85004-6UU-50,C,B,BAPIC,BAPIB,BAP,BAP,I,I,0,0,0,1,0,0
85004-6UU-60,B,A,BAPIB,BAPIA,BAP,BAP,I,I,0,0,0,1,0,0
85004-6UU-70,A,AA,BAPIA,BAPIAA,BAP,BAP,I,I,0,0,0,1,0,0
85004-6UU-75,A,AA,BAPIA,BAPIAA,BAP,BAP,I,I,0,0,0,1,0,0
85004-6UU-85,B,A,BAPXB,BAPXA,BAP,BAP,X,X,0,0,0,1,0,0
85004-6UU-90,B,A,BAPXB,BAPXA,BAP,BAP,X,X,0,0,0,1,0,0
85006-6VU-80,B,A,BAPXB,BAPXA,BAP,BAP,X,X,0,0,0,1,0,0
85006-A91-80,B,A,BAPXB,BAPXA,BAP,BAP,X,X,0,0,0,1,0,0
85007-C52-60,B,A,BAPIB,BAPIA,BAP,BAP,I,I,0,0,0,1,0,0
85007-C52-85,A,AA,BAPXA,BAPXAA,BAP,BAP,X,X,0,0,0,1,0,0
85008-76X-60,C,B,BAPIC,BAPIB,BAP,BAP,I,I,0,0,0,1,0,0
85008-76X-85,B,A,BAPXB,BAPXA,BAP,BAP,X,X,0,0,0,1,0,0
85009-6RB-60,B,A,BAPIB,BAPIA,BAP,BAP,I,I,0,0,0,1,0,0
85009-6RB-80,B,A,BAPXB,BAPXA,BAP,BAP,X,X,0,0,0,1,0,0
85009-6UP-80,A,AA,BAPXA,BAPXAA,BAP,BAP,X,X,0,0,0,1,0,0
85012-79I-100,A,AA,BAPSA,BAPSAA,BAP,BAP,S,S,0,0,0,1,0,0
85012-79I-110,A,AA,BAPSA,BAPSAA,BAP,BAP,S,S,0,0,0,1,0,0
85012-79I-90,A,AA,BAPXA,BAPXAA,BAP,BAP,X,X,0,0,0,1,0,0
85012-79J-110,A,AA,BAPSA,BAPSAA,BAP,BAP,S,S,0,0,0,1,0,0
85012-79J-85,A,AA,BAPXA,BAPXAA,BAP,BAP,X,X,0,0,0,1,0,0
85012-79J-90,A,AA,BAPXA,BAPXAA,BAP,BAP,X,X,0,0,0,1,0,0
85012-79K-110,A,AA,BAPSA,BAPSAA,BAP,BAP,S,S,0,0,0,1,0,0
85012-79K-85,A,AA,BAPXA,BAPXAA,BAP,BAP,X,X,0,0,0,1,0,0
85012-79K-90,A,AA,BAPXA,BAPXAA,BAP,BAP,X,X,0,0,0,1,0,0
85012-7AB-100,B,A,BAPSB,BAPSA,BAP,BAP,S,S,0,0,0,1,0,0
85014-76K-90,A,AA,BAPXA,BAPXAA,BAP,BAP,X,X,0,0,0,1,0,0
85014-AD5-60,A,AA,BAPIA,BAPIAA,BAP,BAP,I,I,0,0,0,1,0,0
85023-6WP-70,B,A,BAPIB,BAPIA,BAP,BAP,I,I,0,0,0,1,0,0
85023-6WP-85,B,A,BAPXB,BAPXA,BAP,BAP,X,X,0,0,0,1,0,0
85024-6PJ-60,C,B,BAPIC,BAPIB,BAP,BAP,I,I,0,0,0,1,0,0
85024-6PJ-70,B,A,BAPIB,BAPIA,BAP,BAP,I,I,0,0,0,1,0,0
85024-6PJ-85,B,A,BAPXB,BAPXA,BAP,BAP,X,X,0,0,0,1,0,0
85024-C52-60,C,B,BAPIC,BAPIB,BAP,BAP,I,I,0,0,0,1,0,0
85024-C52-70,B,A,BAPIB,BAPIA,BAP,BAP,I,I,0,0,0,1,0,0
85024-C52-85,B,A,BAPXB,BAPXA,BAP,BAP,X,X,0,0,0,1,0,0
85025-6OS-60,C,B,BAPIC,BAPIB,BAP,BAP,I,I,0,0,0,1,0,0
85025-6OS-90,B,A,BAPXB,BAPXA,BAP,BAP,X,X,0,0,0,1,0,0
85028-6MD-50,B,A,BAPIB,BAPIA,BAP,BAP,I,I,0,0,0,1,0,0
85028-6MD-70,A,AA,BAPIA,BAPIAA,BAP,BAP,I,I,0,0,0,1,0,0
85028-6MD-80,A,AA,BAPXA,BAPXAA,BAP,BAP,X,X,0,0,0,1,0,0
85029-015-70,A,AA,BAPIA,BAPIAA,BAP,BAP,I,I,0,0,0,1,0,0
85029-015-75,A,AA,BAPIA,BAPIAA,BAP,BAP,I,I,0,0,0,1,0,0
85029-015-80,A,AA,BAPXA,BAPXAA,BAP,BAP,X,X,0,0,0,1,0,0
85029-015-85,A,AA,BAPXA,BAPXAA,BAP,BAP,X,X,0,0,0,1,0,0
85029-181-60,B,A,BAPIB,BAPIA,BAP,BAP,I,I,0,0,0,1,0,0
85029-181-70,A,AA,BAPIA,BAPIAA,BAP,BAP,I,I,0,0,0,1,0,0
85029-181-75,A,AA,BAPIA,BAPIAA,BAP,BAP,I,I,0,0,0,1,0,0
85029-181-80,A,AA,BAPXA,BAPXAA,BAP,BAP,X,X,0,0,0,1,0,0
85029-181-85,A,AA,BAPXA,BAPXAA,BAP,BAP,X,X,0,0,0,1,0,0
85029-2EL-50,C,B,BAPIC,BAPIB,BAP,BAP,I,I,0,0,0,1,0,0
85029-3KH-50,C,B,BAPIC,BAPIB,BAP,BAP,I,I,0,0,0,1,0,0
85029-3KH-60,B,A,BAPIB,BAPIA,BAP,BAP,I,I,0,0,0,1,0,0
85029-3KH-75,A,AA,BAPIA,BAPIAA,BAP,BAP,I,I,0,0,0,1,0,0
85029-3KH-80,A,AA,BAPXA,BAPXAA,BAP,BAP,X,X,0,0,0,1,0,0
85029-6PF-50,C,B,BAPIC,BAPIB,BAP,BAP,I,I,0,0,0,1,0,0
85030-73K-100,B,A,GIRSB,GIRSA,GIR,GIR,S,S,0,0,0,1,0,0
85033-2EL-50,B,A,BAPIB,BAPIA,BAP,BAP,I,I,0,0,0,1,0,0
85033-2EL-60,B,A,BAPIB,BAPIA,BAP,BAP,I,I,0,0,0,1,0,0
85033-2EL-80,B,A,BAPXB,BAPXA,BAP,BAP,X,X,0,0,0,1,0,0
85033-2EL-85,C,B,BAPXC,BAPXB,BAP,BAP,X,X,0,0,0,1,0,0
85035-6UW-60,C,B,BAPIC,BAPIB,BAP,BAP,I,I,0,0,0,1,0,0
85035-6UW-90,C,B,BAPXC,BAPXB,BAP,BAP,X,X,0,0,0,1,0,0
85037-73I-70,B,A,BAPIB,BAPIA,BAP,BAP,I,I,0,0,0,1,0,0
85037-73I-80,B,A,BAPXB,BAPXA,BAP,BAP,X,X,0,0,0,1,0,0
85042-74J-80,B,A,BAPXB,BAPXA,BAP,BAP,X,X,0,0,0,1,0,0
85042-74J-85,B,A,BAPXB,BAPXA,BAP,BAP,X,X,0,0,0,1,0,0
85042-74K-85,B,A,BAPXB,BAPXA,BAP,BAP,X,X,0,0,0,1,0,0
85042-74K-90,B,A,BAPXB,BAPXA,BAP,BAP,X,X,0,0,0,1,0,0
85044-6UV-60,B,A,BAPIB,BAPIA,BAP,BAP,I,I,0,0,0,1,0,0
85044-6UV-75,A,AA,BAPIA,BAPIAA,BAP,BAP,I,I,0,0,0,1,0,0
85044-6UV-80,A,AA,BAPXA,BAPXAA,BAP,BAP,X,X,0,0,0,1,0,0
85044-6YK-90,B,A,BAPXB,BAPXA,BAP,BAP,X,X,0,0,0,1,0,0
85044-6YM-75,A,AA,BAPIA,BAPIAA,BAP,BAP,I,I,0,0,0,1,0,0
85044-6YM-90,B,A,BAPXB,BAPXA,BAP,BAP,X,X,0,0,0,1,0,0
85045-73K-50,C,B,BAPIC,BAPIB,BAP,BAP,I,I,0,0,0,1,0,0
85045-73K-60,B,A,BAPIB,BAPIA,BAP,BAP,I,I,0,0,0,1,0,0
85045-73K-75,A,AA,BAPIA,BAPIAA,BAP,BAP,I,I,0,0,0,1,0,0
85047-6VZ-60,C,B,BAPIC,BAPIB,BAP,BAP,I,I,0,0,0,1,0,0
85047-6VZ-70,B,A,BAPIB,BAPIA,BAP,BAP,I,I,0,0,0,1,0,0
85047-6VZ-80,B,A,BAPXB,BAPXA,BAP,BAP,X,X,0,0,0,1,0,0
85047-6VZ-85,B,A,BAPXB,BAPXA,BAP,BAP,X,X,0,0,0,1,0,0
85047-6WB-60,C,B,BAPIC,BAPIB,BAP,BAP,I,I,0,0,0,1,0,0
85048-6KR-75,B,A,BAPIB,BAPIA,BAP,BAP,I,I,0,0,0,1,0,0
85048-6KR-80,B,A,BAPXB,BAPXA,BAP,BAP,X,X,0,0,0,1,0,0
85048-6PD-75,B,A,BAPIB,BAPIA,BAP,BAP,I,I,0,0,0,1,0,0
85048-6PD-80,B,A,BAPXB,BAPXA,BAP,BAP,X,X,0,0,0,1,0,0
85054-7AF-50,C,B,BAPIC,BAPIB,BAP,BAP,I,I,0,0,0,1,0,0
85054-7AF-75,A,AA,BAPIA,BAPIAA,BAP,BAP,I,I,0,0,0,1,0,0
85054-7AF-90,B,A,BAPXB,BAPXA,BAP,BAP,X,X,0,0,0,1,0,0
85057-7AC-60,B,A,BAPIB,BAPIA,BAP,BAP,I,I,0,0,0,1,0,0
85057-7AC-70,A,AA,BAPIA,BAPIAA,BAP,BAP,I,I,0,0,0,1,0,0
85057-7AC-80,A,AA,BAPXA,BAPXAA,BAP,BAP,X,X,0,0,0,1,0,0
85057-7AC-85,A,AA,BAPXA,BAPXAA,BAP,BAP,X,X,0,0,0,1,0,0
85057-7AE-60,B,A,BAPIB,BAPIA,BAP,BAP,I,I,0,0,0,1,0,0
85057-7AE-70,A,AA,BAPIA,BAPIAA,BAP,BAP,I,I,0,0,0,1,0,0
85057-7AE-75,A,AA,BAPIA,BAPIAA,BAP,BAP,I,I,0,0,0,1,0,0
85058-76J-100,B,A,BAPSB,BAPSA,BAP,BAP,S,S,0,0,0,1,0,0
85058-76J-110,B,A,BAPSB,BAPSA,BAP,BAP,S,S,0,0,0,1,0,0
85060-6OQ-60,A,AA,BAPIA,BAPIAA,BAP,BAP,I,I,0,0,0,1,0,0
85060-6OQ-80,A,AA,BAPXA,BAPXAA,BAP,BAP,X,X,0,0,0,1,0,0
85060-6QM-50,C,B,BAPIC,BAPIB,BAP,BAP,I,I,0,0,0,1,0,0
85060-6QM-80,A,AA,BAPXA,BAPXAA,BAP,BAP,X,X,0,0,0,1,0,0
85060-6YF-50,B,A,BAPIB,BAPIA,BAP,BAP,I,I,0,0,0,1,0,0
85060-6YF-60,A,AA,BAPIA,BAPIAA,BAP,BAP,I,I,0,0,0,1,0,0
85060-6YF-90,B,A,BAPXB,BAPXA,BAP,BAP,X,X,0,0,0,1,0,0
85060-6YK-50,C,B,BAPIC,BAPIB,BAP,BAP,I,I,0,0,0,1,0,0
85060-6YK-80,A,AA,BAPXA,BAPXAA,BAP,BAP,X,X,0,0,0,1,0,0
85060-6YM-50,C,B,BAPIC,BAPIB,BAP,BAP,I,I,0,0,0,1,0,0
85060-6YM-70,A,AA,BAPIA,BAPIAA,BAP,BAP,I,I,0,0,0,1,0,0
85060-6YM-75,A,AA,BAPIA,BAPIAA,BAP,BAP,I,I,0,0,0,1,0,0
85060-6YM-85,B,A,BAPXB,BAPXA,BAP,BAP,X,X,0,0,0,1,0,0
85060-6YM-90,C,B,BAPXC,BAPXB,BAP,BAP,X,X,0,0,0,1,0,0
85061-76X-150,B,A,KNILB,KNILA,KNI,KNI,L,L,0,0,0,1,0,0
85061-SR4-150,B,A,KNILB,KNILA,KNI,KNI,L,L,0,0,0,1,0,0
85063-3OR-110,A,AA,KNISA,KNISAA,KNI,KNI,S,S,0,0,0,1,0,0
85066-6IK-140,B,A,COLLB,COLLA,COL,COL,L,L,0,0,0,1,0,0
85066-6IK-85,B,A,COLXB,COLXA,COL,COL,X,X,0,0,0,1,0,0
85069-6IM-M,C,B,COLMC,COLMB,COL,COL,M,M,0,0,0,1,0,0
85070-6ND-75,A,AA,BAPIA,BAPIAA,BAP,BAP,I,I,0,0,0,1,0,0
85070-6ND-80,A,AA,BAPXA,BAPXAA,BAP,BAP,X,X,0,0,0,1,0,0
85070-6NE-75,A,AA,BAPIA,BAPIAA,BAP,BAP,I,I,0,0,0,1,0,0
85070-6NE-80,A,AA,BAPXA,BAPXAA,BAP,BAP,X,X,0,0,0,1,0,0
85070-6NE-85,A,AA,BAPXA,BAPXAA,BAP,BAP,X,X,0,0,0,1,0,0
85072-7BI-140,A,AA,BOYLA,BOYLAA,BOY,BOY,L,L,0,0,0,1,0,0
85072-7BK-90,A,AA,BOYXA,BOYXAA,BOY,BOY,X,X,0,0,0,1,0,0
85072-7BL-140,A,AA,BOYLA,BOYLAA,BOY,BOY,L,L,0,0,0,1,0,0
85081-6IB-130,B,A,COLMB,COLMA,COL,COL,M,M,0,0,0,1,0,0
85081-6IB-150,C,B,COLLC,COLLB,COL,COL,L,L,0,0,0,1,0,0
85081-6IC-130,B,A,COLMB,COLMA,COL,COL,M,M,0,0,0,1,0,0
85081-6IC-150,C,B,COLLC,COLLB,COL,COL,L,L,0,0,0,1,0,0
85082-6ID-110,A,AA,COLSA,COLSAA,COL,COL,S,S,0,0,0,1,0,0
85082-6ID-120,A,AA,COLMA,COLMAA,COL,COL,M,M,0,0,0,1,0,0
85082-6ID-90,B,A,COLXB,COLXA,COL,COL,X,X,0,0,0,1,0,0
85082-6IE-130,B,A,COLMB,COLMA,COL,COL,M,M,0,0,0,1,0,0
85083-6IG-100,B,A,COLSB,COLSA,COL,COL,S,S,0,0,0,1,0,0
85083-6IG-130,B,A,COLMB,COLMA,COL,COL,M,M,0,0,0,1,0,0
85083-6IG-150,B,A,COLLB,COLLA,COL,COL,L,L,0,0,0,1,0,0
85083-6IG-90,B,A,COLXB,COLXA,COL,COL,X,X,0,0,0,1,0,0
85084-6IG-100,A,AA,COLSA,COLSAA,COL,COL,S,S,0,0,0,1,0,0
85084-6IG-110,A,AA,COLSA,COLSAA,COL,COL,S,S,0,0,0,1,0,0
85084-6IG-130,A,AA,COLMA,COLMAA,COL,COL,M,M,0,0,0,1,0,0
85084-6IG-90,A,AA,COLXA,COLXAA,COL,COL,X,X,0,0,0,1,0,0
85085-6JJ-75,B,A,COLIB,COLIA,COL,COL,I,I,0,0,0,1,0,0
85085-6JK-75,C,B,COLIC,COLIB,COL,COL,I,I,0,0,0,1,0,0
85085-6JK-80,B,A,COLXB,COLXA,COL,COL,X,X,0,0,0,1,0,0
85085-6JK-85,B,A,COLXB,COLXA,COL,COL,X,X,0,0,0,1,0,0
85090-6IN-M,A,AA,CSLMA,CSLMAA,CSL,CSL,M,M,0,0,0,1,0,0
85090-6IN-XS,C,B,CSLXC,CSLXB,CSL,CSL,X,X,0,0,0,1,0,0
85091-6US-110,A,AA,KUSSA,KUSSAA,KUS,KUS,S,S,0,0,0,1,0,0
85091-6US-120,A,AA,KUSMA,KUSMAA,KUS,KUS,M,M,0,0,0,1,0,0
85091-6US-140,B,A,KUSLB,KUSLA,KUS,KUS,L,L,0,0,0,1,0,0
85094-33P-50,B,A,BSLIB,BSLIA,BSL,BSL,I,I,0,0,0,1,0,0
85094-33P-80,B,A,BSLXB,BSLXA,BSL,BSL,X,X,0,0,0,1,0,0
85094-6TP-50,B,A,BSLIB,BSLIA,BSL,BSL,I,I,0,0,0,1,0,0
85094-6TP-70,A,AA,BSLIA,BSLIAA,BSL,BSL,I,I,0,0,0,1,0,0
85095-6KE-85,A,AA,COLXA,COLXAA,COL,COL,X,X,0,0,0,1,0,0
85097-6YF-110,A,AA,GIRSA,GIRSAA,GIR,GIR,S,S,0,0,0,1,0,0
85098-015-150,A,AA,GIRLA,GIRLAA,GIR,GIR,L,L,0,0,0,1,0,0
85098-015-85,B,A,GIRXB,GIRXA,GIR,GIR,X,X,0,0,0,1,0,0
85099-6YF-130,A,AA,GIRMA,GIRMAA,GIR,GIR,M,M,0,0,0,1,0,0
85103-6RU-140,C,B,GIRLC,GIRLB,GIR,GIR,L,L,0,0,0,1,0,0
85105-015-140,A,AA,GIRLA,GIRLAA,GIR,GIR,L,L,0,0,0,1,0,0
85106-011-120,A,AA,BOYMA,BOYMAA,BOY,BOY,M,M,0,0,0,1,0,0
85106-011-90,B,A,BOYXB,BOYXA,BOY,BOY,X,X,0,0,0,1,0,0
85109-6UC-60,B,A,BAPIB,BAPIA,BAP,BAP,I,I,0,0,0,1,0,0
85109-6UC-85,B,A,BAPXB,BAPXA,BAP,BAP,X,X,0,0,0,1,0,0
85109-7GI-60,B,A,BAPIB,BAPIA,BAP,BAP,I,I,0,0,0,1,0,0
85109-7GI-80,B,A,BAPXB,BAPXA,BAP,BAP,X,X,0,0,0,1,0,0
85109-7GI-85,B,A,BAPXB,BAPXA,BAP,BAP,X,X,0,0,0,1,0,0
85109-7GJ-60,B,A,BAPIB,BAPIA,BAP,BAP,I,I,0,0,0,1,0,0
85109-7GJ-80,B,A,BAPXB,BAPXA,BAP,BAP,X,X,0,0,0,1,0,0
85109-7GJ-85,B,A,BAPXB,BAPXA,BAP,BAP,X,X,0,0,0,1,0,0
85110-6OB-70,A,AA,BAPIA,BAPIAA,BAP,BAP,I,I,0,0,0,1,0,0
85110-6OB-75,A,AA,BAPIA,BAPIAA,BAP,BAP,I,I,0,0,0,1,0,0
85110-CM4-70,A,AA,BAPIA,BAPIAA,BAP,BAP,I,I,0,0,0,1,0,0
85110-CM4-75,A,AA,BAPIA,BAPIAA,BAP,BAP,I,I,0,0,0,1,0,0
85111-6TP-150,A,AA,KNILA,KNILAA,KNI,KNI,L,L,0,0,0,1,0,0
85113-6KX-60,C,B,BAPIC,BAPIB,BAP,BAP,I,I,0,0,0,1,0,0
85113-6KX-75,A,AA,BAPIA,BAPIAA,BAP,BAP,I,I,0,0,0,1,0,0
85113-6KX-90,B,A,BAPXB,BAPXA,BAP,BAP,X,X,0,0,0,1,0,0
85113-C52-60,C,B,BAPIC,BAPIB,BAP,BAP,I,I,0,0,0,1,0,0
85113-C52-75,A,AA,BAPIA,BAPIAA,BAP,BAP,I,I,0,0,0,1,0,0
85113-C52-80,A,AA,BAPXA,BAPXAA,BAP,BAP,X,X,0,0,0,1,0,0
85113-C52-90,B,A,BAPXB,BAPXA,BAP,BAP,X,X,0,0,0,1,0,0
85114-76K-140,B,A,KNILB,KNILA,KNI,KNI,L,L,0,0,0,1,0,0
85116-6LA-60,C,B,BAPIC,BAPIB,BAP,BAP,I,I,0,0,0,1,0,0
85116-6LA-90,C,B,BAPXC,BAPXB,BAP,BAP,X,X,0,0,0,1,0,0
85117-6MU-75,A,AA,BAPIA,BAPIAA,BAP,BAP,I,I,0,0,0,1,0,0
85117-6MU-80,A,AA,BAPXA,BAPXAA,BAP,BAP,X,X,0,0,0,1,0,0
85117-6OS-75,A,AA,BAPIA,BAPIAA,BAP,BAP,I,I,0,0,0,1,0,0
85117-6OS-80,A,AA,BAPXA,BAPXAA,BAP,BAP,X,X,0,0,0,1,0,0
85753-6MD-85,C,B,GIRXC,GIRXB,GIR,GIR,X,X,0,0,0,1,0,0
81318-1EP-100,C,A,KUSSC,KUSSA,KUS,KUS,S,S,0,0,0,2,0,0
83437-PG5-140,C,A,CSLLC,CSLLA,CSL,CSL,L,L,0,0,0,2,0,0
52312-001-XL,C,AA,KUNLC,KUNLAA,KUN,KUN,L,L,0,0,0,3,0,0
