date,pdl_active_events,pdl_offer_cc_count,pdl_style_count,pdl_total_avail_inv,pdl_scopes,coupon_active_rows,coupon_max_discount_percent,coupon_scopes
2023-01-03,0,0,0,0.0,,1,20.0,Clearance|Baby|Sitewide
2023-01-04,0,0,0,0.0,,1,20.0,Clearance|Baby|Sitewide
2023-01-05,0,0,0,0.0,,1,20.0,Clearance|Baby|Sitewide
2023-01-06,0,0,0,0.0,,1,20.0,Clearance|Baby|Sitewide
2023-01-07,0,0,0,0.0,,1,20.0,Clearance|Baby|Sitewide
2023-01-08,0,0,0,0.0,,1,20.0,Clearance|Baby|Sitewide
2023-01-09,0,0,0,0.0,,1,20.0,Clearance|Baby|Sitewide
2023-01-10,0,0,0,0.0,,1,20.0,Clearance|Baby|Sitewide
2023-01-11,0,0,0,0.0,,1,20.0,Clearance|Baby|Sitewide
2023-01-12,0,0,0,0.0,,1,20.0,Clearance|Baby|Sitewide
2023-01-13,0,0,0,0.0,,1,20.0,Clearance|Baby|Sitewide
2023-01-14,0,0,0,0.0,,1,20.0,Clearance|Baby|Sitewide
2023-01-15,0,0,0,0.0,,1,20.0,Clearance|Baby|Sitewide
2023-01-16,0,0,0,0.0,,1,20.0,Clearance|Baby|Sitewide
2023-01-17,0,0,0,0.0,,1,20.0,Clearance|Baby|Sitewide
2023-01-18,0,0,0,0.0,,1,20.0,Clearance|Baby|Sitewide
2023-01-19,0,0,0,0.0,,1,20.0,Clearance|Baby|Sitewide
2023-01-20,0,0,0,0.0,,1,20.0,Clearance|Baby|Sitewide
2023-01-21,0,0,0,0.0,,1,20.0,Clearance|Baby|Sitewide
2023-01-22,0,0,0,0.0,,1,20.0,Clearance|Baby|Sitewide
2023-01-23,0,0,0,0.0,,1,20.0,Clearance|Baby|Sitewide
2023-01-24,0,0,0,0.0,,1,20.0,Clearance|Baby|Sitewide
2023-01-25,0,0,0,0.0,,1,20.0,Clearance|Baby|Sitewide
2023-01-26,0,0,0,0.0,,1,20.0,Clearance|Baby|Sitewide
2023-01-27,0,0,0,0.0,,1,20.0,Clearance|Baby|Sitewide
2023-01-28,0,0,0,0.0,,1,20.0,Clearance|Baby|Sitewide
2023-01-29,0,0,0,0.0,,1,20.0,Clearance|Baby|Sitewide
2023-01-30,0,0,0,0.0,,1,20.0,Clearance|Baby|Sitewide
2023-01-31,0,0,0,0.0,,1,20.0,Clearance|Baby|Sitewide
2023-02-01,0,0,0,0.0,,1,20.0,Clearance|Baby|Sitewide
2023-02-02,0,0,0,0.0,,1,20.0,Clearance|Baby|Sitewide
2023-02-03,0,0,0,0.0,,1,20.0,Clearance|Baby|Sitewide
2023-02-04,0,0,0,0.0,,1,20.0,Clearance|Baby|Sitewide
2023-02-05,0,0,0,0.0,,1,20.0,Clearance|Baby|Sitewide
2023-02-06,0,0,0,0.0,,1,20.0,Clearance|Baby|Sitewide
2023-02-07,0,0,0,0.0,,1,20.0,Clearance|Baby|Sitewide
2023-02-08,0,0,0,0.0,,1,20.0,Clearance|Baby|Sitewide
2023-02-09,0,0,0,0.0,,1,20.0,Clearance|Baby|Sitewide
2023-02-10,0,0,0,0.0,,1,20.0,Clearance|Baby|Sitewide
2023-02-11,0,0,0,0.0,,1,20.0,Clearance|Baby|Sitewide
2023-02-12,0,0,0,0.0,,1,20.0,Clearance|Baby|Sitewide
2023-02-13,0,0,0,0.0,,1,20.0,Clearance|Baby|Sitewide
2023-02-14,0,0,0,0.0,,1,20.0,Clearance|Baby|Sitewide
2023-02-15,0,0,0,0.0,,1,20.0,Clearance|Baby|Sitewide
2023-02-16,0,0,0,0.0,,1,20.0,Clearance|Baby|Sitewide
2023-02-17,0,0,0,0.0,,1,20.0,Clearance|Baby|Sitewide
2023-02-18,0,0,0,0.0,,1,20.0,Clearance|Baby|Sitewide
2023-02-19,0,0,0,0.0,,1,20.0,Clearance|Baby|Sitewide
2023-02-20,0,0,0,0.0,,1,20.0,Clearance|Baby|Sitewide
2023-02-21,0,0,0,0.0,,1,20.0,Clearance|Baby|Sitewide
2023-02-22,0,0,0,0.0,,1,20.0,Clearance|Baby|Sitewide
2023-02-23,0,0,0,0.0,,1,20.0,Clearance|Baby|Sitewide
2023-02-24,0,0,0,0.0,,1,20.0,Clearance|Baby|Sitewide
2023-02-25,0,0,0,0.0,,1,20.0,Clearance|Baby|Sitewide
2023-02-26,0,0,0,0.0,,1,20.0,Clearance|Baby|Sitewide
2023-02-27,0,0,0,0.0,,1,20.0,Clearance|Baby|Sitewide
2023-02-28,0,0,0,0.0,,1,20.0,Clearance|Baby|Sitewide
2023-03-01,0,0,0,0.0,,1,20.0,Clearance|Baby|Sitewide
2023-03-02,0,0,0,0.0,,1,20.0,Clearance|Baby|Sitewide
2023-03-03,0,0,0,0.0,,1,20.0,Clearance|Baby|Sitewide
2023-03-04,0,0,0,0.0,,1,20.0,Clearance|Baby|Sitewide
2023-03-05,0,0,0,0.0,,1,20.0,Clearance|Baby|Sitewide
2023-03-06,0,0,0,0.0,,1,20.0,Clearance|Baby|Sitewide
2023-03-07,0,0,0,0.0,,1,20.0,Clearance|Baby|Sitewide
2023-03-08,0,0,0,0.0,,1,20.0,Clearance|Baby|Sitewide
2023-03-09,0,0,0,0.0,,1,20.0,Clearance|Baby|Sitewide
2023-03-10,0,0,0,0.0,,1,20.0,Clearance|Baby|Sitewide
2023-03-11,0,0,0,0.0,,1,20.0,Clearance|Baby|Sitewide
2023-03-12,0,0,0,0.0,,1,20.0,Clearance|Baby|Sitewide
2023-03-13,0,0,0,0.0,,1,20.0,Clearance|Baby|Sitewide
2023-03-14,0,0,0,0.0,,1,20.0,Clearance|Baby|Sitewide
2023-03-15,0,0,0,0.0,,1,20.0,Clearance|Baby|Sitewide
2023-03-16,0,0,0,0.0,,1,20.0,Clearance|Baby|Sitewide
2023-03-17,0,0,0,0.0,,1,20.0,Clearance|Baby|Sitewide
2023-03-18,0,0,0,0.0,,1,20.0,Clearance|Baby|Sitewide
2023-03-19,0,0,0,0.0,,1,20.0,Clearance|Baby|Sitewide
2023-03-20,0,0,0,0.0,,1,20.0,Clearance|Baby|Sitewide
2023-03-21,0,0,0,0.0,,1,20.0,Clearance|Baby|Sitewide
2023-03-22,0,0,0,0.0,,1,20.0,Clearance|Baby|Sitewide
2023-03-23,0,0,0,0.0,,1,20.0,Clearance|Baby|Sitewide
2023-03-24,0,0,0,0.0,,1,20.0,Clearance|Baby|Sitewide
2023-03-25,0,0,0,0.0,,1,20.0,Clearance|Baby|Sitewide
2023-03-26,0,0,0,0.0,,1,20.0,Clearance|Baby|Sitewide
2023-03-27,0,0,0,0.0,,1,20.0,Clearance|Baby|Sitewide
2023-03-28,0,0,0,0.0,,1,20.0,Clearance|Baby|Sitewide
2023-03-29,0,0,0,0.0,,1,20.0,Clearance|Baby|Sitewide
2023-03-30,0,0,0,0.0,,1,20.0,Clearance|Baby|Sitewide
2023-03-31,0,0,0,0.0,,1,20.0,Clearance|Baby|Sitewide
2023-04-01,0,0,0,0.0,,1,20.0,Clearance|Baby|Sitewide
2023-04-02,0,0,0,0.0,,1,20.0,Clearance|Baby|Sitewide
2023-04-03,0,0,0,0.0,,1,20.0,Clearance|Baby|Sitewide
2023-04-04,0,0,0,0.0,,1,20.0,Clearance|Baby|Sitewide
2023-04-05,0,0,0,0.0,,1,20.0,Clearance|Baby|Sitewide
2023-04-06,0,0,0,0.0,,1,20.0,Clearance|Baby|Sitewide
2023-04-07,0,0,0,0.0,,1,20.0,Clearance|Baby|Sitewide
2023-04-08,0,0,0,0.0,,1,20.0,Clearance|Baby|Sitewide
2023-04-09,0,0,0,0.0,,1,20.0,Clearance|Baby|Sitewide
2023-04-10,0,0,0,0.0,,1,20.0,Clearance|Baby|Sitewide
2023-04-11,0,0,0,0.0,,1,20.0,Clearance|Baby|Sitewide
2023-04-12,0,0,0,0.0,,1,20.0,Clearance|Baby|Sitewide
2023-04-13,0,0,0,0.0,,1,20.0,Clearance|Baby|Sitewide
2023-04-14,0,0,0,0.0,,1,20.0,Clearance|Baby|Sitewide
2023-04-15,0,0,0,0.0,,1,20.0,Clearance|Baby|Sitewide
2023-04-16,0,0,0,0.0,,1,20.0,Clearance|Baby|Sitewide
2023-04-17,0,0,0,0.0,,1,20.0,Clearance|Baby|Sitewide
2023-04-18,0,0,0,0.0,,1,20.0,Clearance|Baby|Sitewide
2023-04-19,0,0,0,0.0,,1,20.0,Clearance|Baby|Sitewide
2023-04-20,0,0,0,0.0,,1,20.0,Clearance|Baby|Sitewide
2023-04-21,0,0,0,0.0,,1,20.0,Clearance|Baby|Sitewide
2023-04-22,0,0,0,0.0,,1,20.0,Clearance|Baby|Sitewide
2023-04-23,0,0,0,0.0,,1,20.0,Clearance|Baby|Sitewide
2023-04-24,0,0,0,0.0,,1,20.0,Clearance|Baby|Sitewide
2023-04-25,0,0,0,0.0,,1,20.0,Clearance|Baby|Sitewide
2023-04-26,0,0,0,0.0,,1,20.0,Clearance|Baby|Sitewide
2023-04-27,0,0,0,0.0,,1,20.0,Clearance|Baby|Sitewide
2023-04-28,0,0,0,0.0,,1,20.0,Clearance|Baby|Sitewide
2023-04-29,0,0,0,0.0,,1,20.0,Clearance|Baby|Sitewide
2023-04-30,0,0,0,0.0,,1,20.0,Clearance|Baby|Sitewide
2023-05-01,0,0,0,0.0,,1,20.0,Clearance|Baby|Sitewide
2023-05-02,0,0,0,0.0,,1,20.0,Clearance|Baby|Sitewide
2023-05-03,0,0,0,0.0,,1,20.0,Clearance|Baby|Sitewide
2023-05-04,0,0,0,0.0,,1,20.0,Clearance|Baby|Sitewide
2023-05-05,0,0,0,0.0,,1,20.0,Clearance|Baby|Sitewide
2023-05-06,0,0,0,0.0,,1,20.0,Clearance|Baby|Sitewide
2023-05-07,0,0,0,0.0,,1,20.0,Clearance|Baby|Sitewide
2023-05-08,0,0,0,0.0,,1,20.0,Clearance|Baby|Sitewide
2023-05-09,0,0,0,0.0,,1,20.0,Clearance|Baby|Sitewide
2023-05-10,0,0,0,0.0,,1,20.0,Clearance|Baby|Sitewide
2023-05-11,0,0,0,0.0,,1,20.0,Clearance|Baby|Sitewide
2023-05-12,0,0,0,0.0,,1,20.0,Clearance|Baby|Sitewide
2023-05-13,0,0,0,0.0,,1,20.0,Clearance|Baby|Sitewide
2023-05-14,0,0,0,0.0,,1,20.0,Clearance|Baby|Sitewide
2023-05-15,0,0,0,0.0,,1,20.0,Clearance|Baby|Sitewide
2023-05-16,0,0,0,0.0,,1,20.0,Clearance|Baby|Sitewide
2023-05-17,0,0,0,0.0,,1,20.0,Clearance|Baby|Sitewide
2023-05-18,0,0,0,0.0,,1,20.0,Clearance|Baby|Sitewide
2023-05-19,0,0,0,0.0,,1,20.0,Clearance|Baby|Sitewide
2023-05-20,0,0,0,0.0,,1,20.0,Clearance|Baby|Sitewide
2023-05-21,0,0,0,0.0,,1,20.0,Clearance|Baby|Sitewide
2023-05-22,0,0,0,0.0,,1,20.0,Clearance|Baby|Sitewide
2023-05-23,0,0,0,0.0,,1,20.0,Clearance|Baby|Sitewide
2023-05-24,0,0,0,0.0,,1,20.0,Clearance|Baby|Sitewide
2023-05-25,0,0,0,0.0,,1,20.0,Clearance|Baby|Sitewide
2023-05-26,0,0,0,0.0,,1,20.0,Clearance|Baby|Sitewide
2023-05-27,0,0,0,0.0,,1,20.0,Clearance|Baby|Sitewide
2023-05-28,0,0,0,0.0,,1,20.0,Clearance|Baby|Sitewide
2023-05-29,0,0,0,0.0,,1,20.0,Clearance|Baby|Sitewide
2023-05-30,0,0,0,0.0,,1,20.0,Clearance|Baby|Sitewide
2023-05-31,0,0,0,0.0,,1,20.0,Clearance|Baby|Sitewide
2023-06-01,0,0,0,0.0,,1,20.0,Clearance|Baby|Sitewide
2023-06-02,0,0,0,0.0,,1,20.0,Clearance|Baby|Sitewide
2023-06-03,0,0,0,0.0,,1,20.0,Clearance|Baby|Sitewide
2023-06-04,0,0,0,0.0,,1,20.0,Clearance|Baby|Sitewide
2023-06-05,0,0,0,0.0,,1,20.0,Clearance|Baby|Sitewide
2023-06-06,0,0,0,0.0,,1,20.0,Clearance|Baby|Sitewide
2023-06-07,0,0,0,0.0,,1,20.0,Clearance|Baby|Sitewide
2023-06-08,0,0,0,0.0,,1,20.0,Clearance|Baby|Sitewide
2023-06-09,0,0,0,0.0,,1,20.0,Clearance|Baby|Sitewide
2023-06-10,0,0,0,0.0,,1,20.0,Clearance|Baby|Sitewide
2023-06-11,0,0,0,0.0,,1,20.0,Clearance|Baby|Sitewide
2023-06-12,0,0,0,0.0,,1,20.0,Clearance|Baby|Sitewide
2023-06-13,0,0,0,0.0,,1,20.0,Clearance|Baby|Sitewide
2023-06-14,0,0,0,0.0,,1,20.0,Clearance|Baby|Sitewide
2023-06-15,0,0,0,0.0,,1,20.0,Clearance|Baby|Sitewide
2023-06-16,0,0,0,0.0,,1,20.0,Clearance|Baby|Sitewide
2023-06-17,0,0,0,0.0,,1,20.0,Clearance|Baby|Sitewide
2023-06-18,0,0,0,0.0,,1,20.0,Clearance|Baby|Sitewide
2023-06-19,0,0,0,0.0,,1,20.0,Clearance|Baby|Sitewide
2023-06-20,0,0,0,0.0,,1,20.0,Clearance|Baby|Sitewide
2023-06-21,0,0,0,0.0,,1,20.0,Clearance|Baby|Sitewide
2023-06-22,0,0,0,0.0,,1,20.0,Clearance|Baby|Sitewide
2023-06-23,0,0,0,0.0,,1,20.0,Clearance|Baby|Sitewide
2023-06-24,0,0,0,0.0,,1,20.0,Clearance|Baby|Sitewide
2023-06-25,0,0,0,0.0,,1,20.0,Clearance|Baby|Sitewide
2023-06-26,0,0,0,0.0,,1,20.0,Clearance|Baby|Sitewide
2023-06-27,0,0,0,0.0,,1,20.0,Clearance|Baby|Sitewide
2023-06-28,0,0,0,0.0,,1,20.0,Clearance|Baby|Sitewide
2023-06-29,0,0,0,0.0,,1,20.0,Clearance|Baby|Sitewide
2023-06-30,0,0,0,0.0,,1,20.0,Clearance|Baby|Sitewide
2023-07-01,0,0,0,0.0,,1,20.0,Clearance|Baby|Sitewide
2023-07-02,0,0,0,0.0,,1,20.0,Clearance|Baby|Sitewide
2023-07-03,0,0,0,0.0,,1,20.0,Clearance|Baby|Sitewide
2023-07-04,0,0,0,0.0,,1,20.0,Clearance|Baby|Sitewide
2023-07-05,0,0,0,0.0,,1,20.0,Clearance|Baby|Sitewide
2023-07-06,0,0,0,0.0,,1,20.0,Clearance|Baby|Sitewide
2023-07-07,0,0,0,0.0,,1,20.0,Clearance|Baby|Sitewide
2023-07-08,0,0,0,0.0,,1,20.0,Clearance|Baby|Sitewide
2023-07-09,0,0,0,0.0,,1,20.0,Clearance|Baby|Sitewide
2023-07-10,0,0,0,0.0,,1,20.0,Clearance|Baby|Sitewide
2023-07-11,0,0,0,0.0,,1,20.0,Clearance|Baby|Sitewide
2023-07-12,0,0,0,0.0,,1,20.0,Clearance|Baby|Sitewide
2023-07-13,0,0,0,0.0,,1,20.0,Clearance|Baby|Sitewide
2023-07-14,0,0,0,0.0,,1,20.0,Clearance|Baby|Sitewide
2023-07-15,0,0,0,0.0,,1,20.0,Clearance|Baby|Sitewide
2023-07-16,0,0,0,0.0,,1,20.0,Clearance|Baby|Sitewide
2023-07-17,0,0,0,0.0,,1,20.0,Clearance|Baby|Sitewide
2023-07-18,0,0,0,0.0,,1,20.0,Clearance|Baby|Sitewide
2023-07-19,0,0,0,0.0,,1,20.0,Clearance|Baby|Sitewide
2023-07-20,0,0,0,0.0,,1,20.0,Clearance|Baby|Sitewide
2023-07-21,0,0,0,0.0,,1,20.0,Clearance|Baby|Sitewide
2023-07-22,0,0,0,0.0,,1,20.0,Clearance|Baby|Sitewide
2023-07-23,0,0,0,0.0,,1,20.0,Clearance|Baby|Sitewide
2023-07-24,0,0,0,0.0,,1,20.0,Clearance|Baby|Sitewide
2023-07-25,0,0,0,0.0,,1,20.0,Clearance|Baby|Sitewide
2023-07-26,0,0,0,0.0,,1,20.0,Clearance|Baby|Sitewide
2023-07-27,0,0,0,0.0,,1,20.0,Clearance|Baby|Sitewide
2023-07-28,0,0,0,0.0,,1,20.0,Clearance|Baby|Sitewide
2023-07-29,0,0,0,0.0,,1,20.0,Clearance|Baby|Sitewide
2023-07-30,0,0,0,0.0,,1,20.0,Clearance|Baby|Sitewide
2023-07-31,0,0,0,0.0,,1,20.0,Clearance|Baby|Sitewide
2023-08-01,0,0,0,0.0,,1,20.0,Clearance|Baby|Sitewide
2023-08-02,0,0,0,0.0,,1,20.0,Clearance|Baby|Sitewide
2023-08-03,0,0,0,0.0,,1,20.0,Clearance|Baby|Sitewide
2023-08-04,0,0,0,0.0,,1,20.0,Clearance|Baby|Sitewide
2023-08-05,0,0,0,0.0,,1,20.0,Clearance|Baby|Sitewide
2023-08-06,0,0,0,0.0,,1,20.0,Clearance|Baby|Sitewide
2023-08-07,0,0,0,0.0,,1,20.0,Clearance|Baby|Sitewide
2023-08-08,0,0,0,0.0,,1,20.0,Clearance|Baby|Sitewide
2023-08-09,0,0,0,0.0,,1,20.0,Clearance|Baby|Sitewide
2023-08-10,0,0,0,0.0,,1,20.0,Clearance|Baby|Sitewide
2023-08-11,0,0,0,0.0,,1,20.0,Clearance|Baby|Sitewide
2023-08-12,0,0,0,0.0,,1,20.0,Clearance|Baby|Sitewide
2023-08-13,0,0,0,0.0,,1,20.0,Clearance|Baby|Sitewide
2023-08-14,0,0,0,0.0,,1,20.0,Clearance|Baby|Sitewide
2023-08-15,0,0,0,0.0,,1,20.0,Clearance|Baby|Sitewide
2023-08-16,0,0,0,0.0,,1,20.0,Clearance|Baby|Sitewide
2023-08-17,0,0,0,0.0,,1,20.0,Clearance|Baby|Sitewide
2023-08-18,0,0,0,0.0,,1,20.0,Clearance|Baby|Sitewide
2023-08-19,0,0,0,0.0,,1,20.0,Clearance|Baby|Sitewide
2023-08-20,0,0,0,0.0,,1,20.0,Clearance|Baby|Sitewide
2023-08-21,0,0,0,0.0,,1,20.0,Clearance|Baby|Sitewide
2023-08-22,0,0,0,0.0,,1,20.0,Clearance|Baby|Sitewide
2023-08-23,0,0,0,0.0,,1,20.0,Clearance|Baby|Sitewide
2023-08-24,0,0,0,0.0,,1,20.0,Clearance|Baby|Sitewide
2023-08-25,0,0,0,0.0,,1,20.0,Clearance|Baby|Sitewide
2023-08-26,0,0,0,0.0,,1,20.0,Clearance|Baby|Sitewide
2023-08-27,0,0,0,0.0,,1,20.0,Clearance|Baby|Sitewide
2023-08-28,0,0,0,0.0,,1,20.0,Clearance|Baby|Sitewide
2023-08-29,0,0,0,0.0,,1,20.0,Clearance|Baby|Sitewide
2023-08-30,0,0,0,0.0,,1,20.0,Clearance|Baby|Sitewide
2023-08-31,0,0,0,0.0,,1,20.0,Clearance|Baby|Sitewide
2023-09-01,0,0,0,0.0,,1,20.0,Clearance|Baby|Sitewide
2023-09-02,0,0,0,0.0,,1,20.0,Clearance|Baby|Sitewide
2023-09-03,0,0,0,0.0,,1,20.0,Clearance|Baby|Sitewide
2023-09-04,0,0,0,0.0,,1,20.0,Clearance|Baby|Sitewide
2023-09-05,0,0,0,0.0,,1,20.0,Clearance|Baby|Sitewide
2023-09-06,0,0,0,0.0,,1,20.0,Clearance|Baby|Sitewide
2023-09-07,0,0,0,0.0,,1,20.0,Clearance|Baby|Sitewide
2023-09-08,0,0,0,0.0,,1,20.0,Clearance|Baby|Sitewide
2023-09-09,0,0,0,0.0,,1,20.0,Clearance|Baby|Sitewide
2023-09-10,0,0,0,0.0,,1,20.0,Clearance|Baby|Sitewide
2023-09-11,0,0,0,0.0,,1,20.0,Clearance|Baby|Sitewide
2023-09-12,0,0,0,0.0,,1,20.0,Clearance|Baby|Sitewide
2023-09-13,0,0,0,0.0,,1,20.0,Clearance|Baby|Sitewide
2023-09-14,0,0,0,0.0,,1,20.0,Clearance|Baby|Sitewide
2023-09-15,0,0,0,0.0,,1,20.0,Clearance|Baby|Sitewide
2023-09-16,0,0,0,0.0,,1,20.0,Clearance|Baby|Sitewide
2023-09-17,0,0,0,0.0,,1,20.0,Clearance|Baby|Sitewide
2023-09-18,0,0,0,0.0,,1,20.0,Clearance|Baby|Sitewide
2023-09-19,0,0,0,0.0,,1,20.0,Clearance|Baby|Sitewide
2023-09-20,0,0,0,0.0,,1,20.0,Clearance|Baby|Sitewide
2023-09-21,0,0,0,0.0,,1,20.0,Clearance|Baby|Sitewide
2023-09-22,0,0,0,0.0,,1,20.0,Clearance|Baby|Sitewide
2023-09-23,0,0,0,0.0,,1,20.0,Clearance|Baby|Sitewide
2023-09-24,0,0,0,0.0,,1,20.0,Clearance|Baby|Sitewide
2023-09-25,0,0,0,0.0,,1,20.0,Clearance|Baby|Sitewide
2023-09-26,0,0,0,0.0,,1,20.0,Clearance|Baby|Sitewide
2023-09-27,0,0,0,0.0,,1,20.0,Clearance|Baby|Sitewide
2023-09-28,0,0,0,0.0,,1,20.0,Clearance|Baby|Sitewide
2023-09-29,0,0,0,0.0,,1,20.0,Clearance|Baby|Sitewide
2023-09-30,0,0,0,0.0,,1,20.0,Clearance|Baby|Sitewide
2023-10-01,0,0,0,0.0,,1,20.0,Clearance|Baby|Sitewide
2023-10-02,0,0,0,0.0,,1,20.0,Clearance|Baby|Sitewide
2023-10-03,0,0,0,0.0,,1,20.0,Clearance|Baby|Sitewide
2023-10-04,0,0,0,0.0,,1,20.0,Clearance|Baby|Sitewide
2023-10-05,0,0,0,0.0,,1,20.0,Clearance|Baby|Sitewide
2023-10-06,0,0,0,0.0,,1,20.0,Clearance|Baby|Sitewide
2023-10-07,0,0,0,0.0,,1,20.0,Clearance|Baby|Sitewide
2023-10-08,0,0,0,0.0,,1,20.0,Clearance|Baby|Sitewide
2023-10-09,0,0,0,0.0,,1,20.0,Clearance|Baby|Sitewide
2023-10-10,0,0,0,0.0,,1,20.0,Clearance|Baby|Sitewide
2023-10-11,0,0,0,0.0,,1,20.0,Clearance|Baby|Sitewide
2023-10-12,0,0,0,0.0,,1,20.0,Clearance|Baby|Sitewide
2023-10-13,0,0,0,0.0,,1,20.0,Clearance|Baby|Sitewide
2023-10-14,0,0,0,0.0,,1,20.0,Clearance|Baby|Sitewide
2023-10-15,0,0,0,0.0,,1,20.0,Clearance|Baby|Sitewide
2023-10-16,0,0,0,0.0,,1,20.0,Clearance|Baby|Sitewide
2023-10-17,0,0,0,0.0,,1,20.0,Clearance|Baby|Sitewide
2023-10-18,0,0,0,0.0,,1,20.0,Clearance|Baby|Sitewide
2023-10-19,0,0,0,0.0,,1,20.0,Clearance|Baby|Sitewide
2023-10-20,0,0,0,0.0,,1,20.0,Clearance|Baby|Sitewide
2023-10-21,0,0,0,0.0,,1,20.0,Clearance|Baby|Sitewide
2023-10-22,0,0,0,0.0,,1,20.0,Clearance|Baby|Sitewide
2023-10-23,0,0,0,0.0,,1,20.0,Clearance|Baby|Sitewide
2023-10-24,0,0,0,0.0,,1,20.0,Clearance|Baby|Sitewide
2023-10-25,0,0,0,0.0,,1,20.0,Clearance|Baby|Sitewide
2023-10-26,0,0,0,0.0,,1,20.0,Clearance|Baby|Sitewide
2023-10-27,0,0,0,0.0,,1,20.0,Clearance|Baby|Sitewide
2023-10-28,0,0,0,0.0,,1,20.0,Clearance|Baby|Sitewide
2023-10-29,0,0,0,0.0,,1,20.0,Clearance|Baby|Sitewide
2023-10-30,0,0,0,0.0,,1,20.0,Clearance|Baby|Sitewide
2023-10-31,0,0,0,0.0,,1,20.0,Clearance|Baby|Sitewide
2023-11-01,0,0,0,0.0,,1,20.0,Clearance|Baby|Sitewide
2023-11-02,0,0,0,0.0,,1,20.0,Clearance|Baby|Sitewide
2023-11-03,0,0,0,0.0,,1,20.0,Clearance|Baby|Sitewide
2023-11-04,0,0,0,0.0,,1,20.0,Clearance|Baby|Sitewide
2023-11-05,0,0,0,0.0,,1,20.0,Clearance|Baby|Sitewide
2023-11-06,0,0,0,0.0,,1,20.0,Clearance|Baby|Sitewide
2023-11-07,0,0,0,0.0,,1,20.0,Clearance|Baby|Sitewide
2023-11-08,0,0,0,0.0,,1,20.0,Clearance|Baby|Sitewide
2023-11-09,0,0,0,0.0,,1,20.0,Clearance|Baby|Sitewide
2023-11-10,0,0,0,0.0,,1,20.0,Clearance|Baby|Sitewide
2023-11-11,0,0,0,0.0,,1,20.0,Clearance|Baby|Sitewide
2023-11-12,0,0,0,0.0,,1,20.0,Clearance|Baby|Sitewide
2023-11-13,0,0,0,0.0,,1,20.0,Clearance|Baby|Sitewide
2023-11-14,0,0,0,0.0,,1,20.0,Clearance|Baby|Sitewide
2023-11-15,0,0,0,0.0,,1,20.0,Clearance|Baby|Sitewide
2023-11-16,0,0,0,0.0,,1,20.0,Clearance|Baby|Sitewide
2023-11-17,0,0,0,0.0,,1,20.0,Clearance|Baby|Sitewide
2023-11-18,0,0,0,0.0,,1,20.0,Clearance|Baby|Sitewide
2023-11-19,0,0,0,0.0,,1,20.0,Clearance|Baby|Sitewide
2023-11-20,0,0,0,0.0,,1,20.0,Clearance|Baby|Sitewide
2023-11-21,0,0,0,0.0,,1,20.0,Clearance|Baby|Sitewide
2023-11-22,0,0,0,0.0,,1,20.0,Clearance|Baby|Sitewide
2023-11-23,0,0,0,0.0,,1,20.0,Clearance|Baby|Sitewide
2023-11-24,0,0,0,0.0,,1,20.0,Clearance|Baby|Sitewide
2023-11-25,0,0,0,0.0,,1,20.0,Clearance|Baby|Sitewide
2023-11-26,0,0,0,0.0,,1,20.0,Clearance|Baby|Sitewide
2023-11-27,0,0,0,0.0,,1,20.0,Clearance|Baby|Sitewide
2023-11-28,0,0,0,0.0,,1,20.0,Clearance|Baby|Sitewide
2023-11-29,0,0,0,0.0,,1,20.0,Clearance|Baby|Sitewide
2023-11-30,0,0,0,0.0,,1,20.0,Clearance|Baby|Sitewide
2023-12-01,0,0,0,0.0,,1,20.0,Clearance|Baby|Sitewide
2023-12-02,0,0,0,0.0,,1,20.0,Clearance|Baby|Sitewide
2023-12-03,0,0,0,0.0,,1,20.0,Clearance|Baby|Sitewide
2023-12-04,0,0,0,0.0,,1,20.0,Clearance|Baby|Sitewide
2023-12-05,0,0,0,0.0,,1,20.0,Clearance|Baby|Sitewide
2023-12-06,0,0,0,0.0,,1,20.0,Clearance|Baby|Sitewide
2023-12-07,0,0,0,0.0,,1,20.0,Clearance|Baby|Sitewide
2023-12-08,1,1549,613,1890090.0,New Arrivals|Sitewide,1,20.0,Clearance|Baby|Sitewide
2023-12-09,1,1549,613,1890090.0,New Arrivals|Sitewide,1,20.0,Clearance|Baby|Sitewide
2023-12-10,1,1549,613,1890090.0,New Arrivals|Sitewide,1,20.0,Clearance|Baby|Sitewide
2023-12-11,1,1549,613,1890090.0,New Arrivals|Sitewide,1,20.0,Clearance|Baby|Sitewide
2023-12-12,0,0,0,0.0,,1,20.0,Clearance|Baby|Sitewide
2023-12-13,0,0,0,0.0,,1,20.0,Clearance|Baby|Sitewide
2023-12-14,0,0,0,0.0,,1,20.0,Clearance|Baby|Sitewide
2023-12-15,0,0,0,0.0,,1,20.0,Clearance|Baby|Sitewide
2023-12-16,0,0,0,0.0,,1,20.0,Clearance|Baby|Sitewide
2023-12-17,0,0,0,0.0,,1,20.0,Clearance|Baby|Sitewide
2023-12-18,0,0,0,0.0,,1,20.0,Clearance|Baby|Sitewide
2023-12-19,0,0,0,0.0,,1,20.0,Clearance|Baby|Sitewide
2023-12-20,1,1622,621,1621969.0,Holiday,1,20.0,Clearance|Baby|Sitewide
2023-12-21,1,1622,621,1621969.0,Holiday,1,20.0,Clearance|Baby|Sitewide
2023-12-22,1,1622,621,1621969.0,Holiday,1,20.0,Clearance|Baby|Sitewide
2023-12-23,1,1622,621,1621969.0,Holiday,1,20.0,Clearance|Baby|Sitewide
2023-12-24,1,1622,621,1621969.0,Holiday,1,20.0,Clearance|Baby|Sitewide
2023-12-25,1,1622,621,1621969.0,Holiday,1,20.0,Clearance|Baby|Sitewide
2023-12-26,1,2194,839,791151.0,Clearance,1,20.0,Clearance|Baby|Sitewide
2023-12-27,0,0,0,0.0,,1,20.0,Clearance|Baby|Sitewide
2023-12-28,0,0,0,0.0,,1,20.0,Clearance|Baby|Sitewide
2023-12-29,0,0,0,0.0,,1,20.0,Clearance|Baby|Sitewide
2023-12-30,0,0,0,0.0,,1,20.0,Clearance|Baby|Sitewide
2023-12-31,0,0,0,0.0,,1,20.0,Clearance|Baby|Sitewide
2024-01-01,0,0,0,0.0,,7,25.0,Clearance|Baby|Sitewide|Clearance|Dresses
2024-01-02,0,0,0,0.0,,7,25.0,Clearance|Baby|Sitewide|Clearance|Dresses
2024-01-03,0,0,0,0.0,,7,25.0,Clearance|Baby|Sitewide|Clearance|Dresses
2024-01-04,0,0,0,0.0,,7,25.0,Clearance|Baby|Sitewide|Clearance|Dresses
2024-01-05,0,0,0,0.0,,7,25.0,Clearance|Baby|Sitewide|Clearance|Dresses
2024-01-06,0,0,0,0.0,,7,25.0,Clearance|Baby|Sitewide|Clearance|Dresses
2024-01-07,0,0,0,0.0,,7,25.0,Clearance|Baby|Sitewide|Clearance|Dresses
2024-01-08,0,0,0,0.0,,7,25.0,Clearance|Baby|Sitewide|Clearance|Dresses
2024-01-09,0,0,0,0.0,,7,25.0,Clearance|Baby|Sitewide|Clearance|Dresses
2024-01-10,0,0,0,0.0,,7,25.0,Clearance|Baby|Sitewide|Clearance|Dresses
2024-01-11,0,0,0,0.0,,7,25.0,Clearance|Baby|Sitewide|Clearance|Dresses
2024-01-12,0,0,0,0.0,,8,25.0,Clearance|Baby|Sitewide|Clearance|Dresses|Clearance|Baby
2024-01-13,0,0,0,0.0,,8,25.0,Clearance|Baby|Sitewide|Clearance|Dresses|Clearance|Baby
2024-01-14,0,0,0,0.0,,8,25.0,Clearance|Baby|Sitewide|Clearance|Dresses|Clearance|Baby
2024-01-15,0,0,0,0.0,,8,25.0,Clearance|Baby|Sitewide|Clearance|Dresses|Clearance|Baby
2024-01-16,0,0,0,0.0,,8,25.0,Clearance|Baby|Sitewide|Clearance|Dresses|Sleep/PJs|Clearance|Baby
2024-01-17,0,0,0,0.0,,8,25.0,Clearance|Baby|Sitewide|Clearance|Dresses|Sleep/PJs|Clearance|Baby
2024-01-18,0,0,0,0.0,,8,25.0,Clearance|Baby|Sitewide|Clearance|Dresses|Sleep/PJs|Clearance|Baby
2024-01-19,0,0,0,0.0,,9,25.0,Clearance|Baby|Sitewide|Clearance|Dresses|Sleep/PJs|Clearance|Baby|Clearance|Sitewide
2024-01-20,0,0,0,0.0,,9,25.0,Clearance|Baby|Sitewide|Clearance|Dresses|Sleep/PJs|Clearance|Baby|Clearance|Sitewide
2024-01-21,0,0,0,0.0,,9,25.0,Clearance|Baby|Sitewide|Clearance|Dresses|Sleep/PJs|Clearance|Baby|Clearance|Sitewide
2024-01-22,0,0,0,0.0,,9,25.0,Clearance|Baby|Sitewide|Clearance|Dresses|Sleep/PJs|Clearance|Baby|Clearance|Sitewide
2024-01-23,0,0,0,0.0,,9,25.0,Clearance|Baby|Sitewide|Clearance|Dresses|Clearance|Sitewide
2024-01-24,0,0,0,0.0,,9,25.0,Clearance|Baby|Sitewide|Clearance|Dresses|Clearance|Sitewide
2024-01-25,0,0,0,0.0,,9,25.0,Clearance|Baby|Sitewide|Clearance|Dresses|Clearance|Sitewide
2024-01-26,0,0,0,0.0,,9,25.0,Clearance|Baby|Sitewide|Clearance|Dresses|Clearance|Sitewide
2024-01-27,0,0,0,0.0,,9,25.0,Clearance|Baby|Sitewide|Clearance|Dresses|Clearance|Sitewide
2024-01-28,0,0,0,0.0,,10,25.0,Clearance|Baby|Sitewide|Clearance|Dresses|Clearance|Sitewide
2024-01-29,0,0,0,0.0,,10,25.0,Clearance|Baby|Sitewide|Clearance|Dresses|Clearance|Sitewide
2024-01-30,0,0,0,0.0,,10,25.0,Clearance|Baby|Sitewide|Clearance|Dresses|Clearance|Sitewide
2024-01-31,0,0,0,0.0,,10,25.0,Clearance|Baby|Sitewide|Clearance|Dresses|Clearance|Sitewide
2024-02-01,0,0,0,0.0,,13,25.0,Clearance|Baby|Sitewide|Clearance|Dresses|Clearance|Sitewide
2024-02-02,0,0,0,0.0,,13,25.0,Clearance|Baby|Sitewide|Clearance|Dresses|Clearance|Sitewide
2024-02-03,0,0,0,0.0,,13,25.0,Clearance|Baby|Sitewide|Clearance|Dresses|Clearance|Sitewide
2024-02-04,0,0,0,0.0,,12,25.0,Clearance|Baby|Sitewide|Clearance|Dresses|Clearance|Sitewide
2024-02-05,0,0,0,0.0,,12,25.0,Clearance|Baby|Sitewide|Clearance|Dresses|Clearance|Sitewide
2024-02-06,0,0,0,0.0,,13,25.0,Clearance|Baby|Sitewide|Clearance|Dresses|Clearance|Sitewide
2024-02-07,0,0,0,0.0,,13,25.0,Clearance|Baby|Sitewide|Clearance|Dresses|Clearance|Sitewide
2024-02-08,0,0,0,0.0,,13,25.0,Clearance|Baby|Sitewide|Clearance|Dresses|Clearance|Sitewide
2024-02-09,0,0,0,0.0,,13,25.0,Clearance|Baby|Sitewide|Clearance|Dresses|Clearance|Sitewide
2024-02-10,0,0,0,0.0,,13,25.0,Clearance|Baby|Sitewide|Clearance|Dresses|Clearance|Sitewide
2024-02-11,0,0,0,0.0,,13,25.0,Clearance|Baby|Sitewide|Clearance|Dresses|Clearance|Sitewide
2024-02-12,0,0,0,0.0,,14,25.0,Clearance|Baby|Sitewide|Clearance|Dresses|Clearance|Sitewide
2024-02-13,0,0,0,0.0,,14,25.0,Clearance|Baby|Sitewide|Clearance|Dresses|Clearance|Sitewide
2024-02-14,0,0,0,0.0,,14,25.0,Clearance|Baby|Sitewide|Clearance|Dresses|Clearance|Sitewide
2024-02-15,0,0,0,0.0,,14,25.0,Clearance|Baby|Sitewide|Clearance|Dresses|Clearance|Sitewide
2024-02-16,0,0,0,0.0,,13,25.0,Clearance|Baby|Sitewide|Clearance|Dresses|Clearance|Sitewide|Clearance|Baby
2024-02-17,0,0,0,0.0,,13,25.0,Clearance|Baby|Sitewide|Clearance|Dresses|Clearance|Sitewide|Clearance|Baby
2024-02-18,0,0,0,0.0,,13,25.0,Clearance|Baby|Sitewide|Clearance|Dresses|Clearance|Sitewide|Clearance|Baby
2024-02-19,0,0,0,0.0,,13,25.0,Clearance|Baby|Sitewide|Clearance|Dresses|Clearance|Sitewide|Clearance|Baby
2024-02-20,0,0,0,0.0,,12,25.0,Clearance|Baby|Sitewide|Clearance|Dresses|Clearance|Sitewide
2024-02-21,0,0,0,0.0,,13,25.0,Clearance|Baby|Sitewide|Clearance|Dresses|Clearance|Sitewide
2024-02-22,0,0,0,0.0,,14,25.0,Clearance|Baby|Sitewide|Clearance|Dresses|Clearance|Sitewide
2024-02-23,0,0,0,0.0,,14,25.0,Clearance|Baby|Sitewide|Clearance|Dresses|Clearance|Sitewide
2024-02-24,0,0,0,0.0,,14,25.0,Clearance|Baby|Sitewide|Clearance|Dresses|Clearance|Sitewide
2024-02-25,0,0,0,0.0,,14,25.0,Clearance|Baby|Sitewide|Clearance|Dresses|Clearance|Sitewide
2024-02-26,0,0,0,0.0,,14,25.0,Clearance|Baby|Sitewide|Clearance|Dresses|Clearance|Sitewide
2024-02-27,0,0,0,0.0,,12,25.0,Clearance|Baby|Sitewide|Clearance|Dresses|Clearance|Sitewide
2024-02-28,0,0,0,0.0,,12,25.0,Clearance|Baby|Sitewide|Clearance|Dresses|Clearance|Sitewide
2024-02-29,0,0,0,0.0,,12,25.0,Clearance|Baby|Sitewide|Clearance|Dresses|Clearance|Sitewide
2024-03-01,0,0,0,0.0,,12,25.0,Clearance|Baby|Sitewide|Clearance|Dresses|Clearance|Sitewide
2024-03-02,0,0,0,0.0,,12,25.0,Clearance|Baby|Sitewide|Clearance|Dresses|Clearance|Sitewide
2024-03-03,0,0,0,0.0,,12,25.0,Clearance|Baby|Sitewide|Clearance|Dresses|Clearance|Sitewide
2024-03-04,0,0,0,0.0,,14,25.0,Clearance|Baby|Sitewide|Clearance|Dresses|Clearance|Sitewide
2024-03-05,0,0,0,0.0,,15,25.0,Clearance|Baby|Sitewide|Clearance|Dresses|Clearance|Sitewide
2024-03-06,0,0,0,0.0,,16,25.0,Clearance|Baby|Sitewide|Clearance|Dresses|Clearance|Sitewide
2024-03-07,0,0,0,0.0,,17,25.0,Clearance|Baby|Sitewide|Clearance|Dresses|Clearance|Sitewide
2024-03-08,0,0,0,0.0,,17,25.0,Clearance|Baby|Sitewide|Clearance|Dresses|Clearance|Sitewide
2024-03-09,0,0,0,0.0,,17,25.0,Clearance|Baby|Sitewide|Clearance|Dresses|Clearance|Sitewide
2024-03-10,0,0,0,0.0,,17,25.0,Clearance|Baby|Sitewide|Clearance|Dresses|Clearance|Sitewide
2024-03-11,0,0,0,0.0,,17,25.0,Clearance|Baby|Sitewide|Clearance|Dresses|Clearance|Sitewide
2024-03-12,0,0,0,0.0,,16,25.0,Clearance|Baby|Sitewide|Clearance|Dresses|Clearance|Sitewide
2024-03-13,0,0,0,0.0,,16,25.0,Clearance|Baby|Sitewide|Clearance|Dresses|Clearance|Sitewide
2024-03-14,0,0,0,0.0,,16,25.0,Clearance|Baby|Sitewide|Clearance|Dresses|Clearance|Sitewide
2024-03-15,0,0,0,0.0,,16,25.0,Clearance|Baby|Sitewide|Clearance|Dresses|Clearance|Sitewide
2024-03-16,0,0,0,0.0,,16,25.0,Clearance|Baby|Sitewide|Clearance|Dresses|Clearance|Sitewide
2024-03-17,0,0,0,0.0,,16,25.0,Clearance|Baby|Sitewide|Clearance|Dresses|Clearance|Sitewide
2024-03-18,0,0,0,0.0,,17,30.0,Clearance|Baby|Sitewide|Clearance|Dresses|Clearance|Sitewide
2024-03-19,0,0,0,0.0,,17,30.0,Clearance|Baby|Sitewide|Clearance|Dresses|Clearance|Sitewide
2024-03-20,0,0,0,0.0,,17,30.0,Clearance|Baby|Sitewide|Clearance|Dresses|Clearance|Sitewide
2024-03-21,0,0,0,0.0,,17,30.0,Clearance|Baby|Sitewide|Clearance|Dresses|Clearance|Sitewide
2024-03-22,0,0,0,0.0,,64,30.0,Clearance|Baby|Sitewide|Clearance|Dresses|Clearance|Sitewide|Clearance|Baby
2024-03-23,0,0,0,0.0,,64,30.0,Clearance|Baby|Sitewide|Clearance|Dresses|Clearance|Sitewide|Clearance|Baby
2024-03-24,0,0,0,0.0,,64,30.0,Clearance|Baby|Sitewide|Clearance|Dresses|Clearance|Sitewide|Clearance|Baby
2024-03-25,0,0,0,0.0,,64,30.0,Clearance|Baby|Sitewide|Clearance|Dresses|Clearance|Sitewide|Clearance|Baby
2024-03-26,0,0,0,0.0,,64,30.0,Clearance|Baby|Sitewide|Clearance|Dresses|Clearance|Sitewide|Clearance|Baby
2024-03-27,0,0,0,0.0,,64,30.0,Clearance|Baby|Sitewide|Clearance|Dresses|Clearance|Sitewide|Clearance|Baby
2024-03-28,0,0,0,0.0,,65,30.0,Clearance|Baby|Sitewide|Clearance|Dresses|Clearance|Sitewide|Clearance|Baby|Dresses|Clearance
2024-03-29,0,0,0,0.0,,67,30.0,Clearance|Baby|Sitewide|Clearance|Dresses|Clearance|Sitewide|Clearance|Baby|Dresses|Clearance
2024-03-30,0,0,0,0.0,,68,30.0,Clearance|Baby|Sitewide|Clearance|Dresses|Clearance|Sitewide|Clearance|Baby|Dresses|Clearance
2024-03-31,0,0,0,0.0,,68,30.0,Clearance|Baby|Sitewide|Clearance|Dresses|Clearance|Sitewide|Clearance|Baby|Dresses|Clearance
2024-04-01,0,0,0,0.0,,67,30.0,Clearance|Baby|Sitewide|Clearance|Dresses|Clearance|Sitewide|Clearance|Baby|Dresses|Clearance
2024-04-02,0,0,0,0.0,,66,30.0,Clearance|Baby|Sitewide|Clearance|Dresses|Clearance|Sitewide|Clearance|Baby
2024-04-03,0,0,0,0.0,,66,30.0,Clearance|Baby|Sitewide|Clearance|Dresses|Clearance|Sitewide|Clearance|Baby
2024-04-04,0,0,0,0.0,,67,30.0,Clearance|Baby|Sitewide|Clearance|Dresses|Clearance|Sitewide|Clearance|Baby
2024-04-05,0,0,0,0.0,,79,30.0,Clearance|Baby|Sitewide|Clearance|Dresses|Clearance|Sitewide|Clearance|Baby
2024-04-06,0,0,0,0.0,,79,30.0,Clearance|Baby|Sitewide|Clearance|Dresses|Clearance|Sitewide|Clearance|Baby
2024-04-07,0,0,0,0.0,,76,30.0,Clearance|Baby|Sitewide|Clearance|Dresses|Clearance|Sitewide|Clearance|Baby
2024-04-08,0,0,0,0.0,,75,30.0,Clearance|Baby|Sitewide|Clearance|Dresses|Clearance|Sitewide|Clearance|Baby
2024-04-09,0,0,0,0.0,,75,30.0,Clearance|Baby|Sitewide|Clearance|Dresses|Clearance|Sitewide|Clearance|Baby
2024-04-10,0,0,0,0.0,,84,30.0,Clearance|Baby|Sitewide|Clearance|Dresses|Clearance|Sitewide|Clearance|Baby
2024-04-11,0,0,0,0.0,,85,30.0,Clearance|Baby|Sitewide|Clearance|Dresses|Clearance|Sitewide|Clearance|Baby
2024-04-12,0,0,0,0.0,,86,30.0,Clearance|Baby|Sitewide|Clearance|Dresses|Clearance|Sitewide|Clearance|Baby
2024-04-13,0,0,0,0.0,,85,30.0,Clearance|Baby|Sitewide|Clearance|Dresses|Clearance|Sitewide|Clearance|Baby
2024-04-14,0,0,0,0.0,,85,30.0,Clearance|Baby|Sitewide|Clearance|Dresses|Clearance|Sitewide|Clearance|Baby
2024-04-15,0,0,0,0.0,,85,30.0,Clearance|Baby|Sitewide|Clearance|Dresses|Clearance|Sitewide|Clearance|Baby
2024-04-16,0,0,0,0.0,,85,30.0,Clearance|Baby|Sitewide|Clearance|Dresses|Clearance|Sitewide|Clearance|Baby
2024-04-17,0,0,0,0.0,,88,30.0,Clearance|Baby|Sitewide|Clearance|Dresses|Clearance|Sitewide|Clearance|Baby
2024-04-18,0,0,0,0.0,,90,30.0,Clearance|Baby|Sitewide|Clearance|Dresses|Clearance|Sitewide|Clearance|Baby
2024-04-19,0,0,0,0.0,,89,25.0,Clearance|Baby|Sitewide|Clearance|Dresses|Clearance|Sitewide|Clearance|Baby
2024-04-20,0,0,0,0.0,,90,25.0,Clearance|Baby|Sitewide|Clearance|Dresses|Clearance|Sitewide|Clearance|Baby|New Arrivals
2024-04-21,0,0,0,0.0,,91,25.0,Clearance|Baby|Sitewide|Clearance|Dresses|Clearance|Sitewide|Clearance|Baby|New Arrivals
2024-04-22,0,0,0,0.0,,91,25.0,Clearance|Baby|Sitewide|Clearance|Dresses|Clearance|Sitewide|Clearance|Baby|New Arrivals
2024-04-23,0,0,0,0.0,,93,25.0,Clearance|Baby|Sitewide|Clearance|Dresses|Clearance|Sitewide|Clearance|Baby|New Arrivals
2024-04-24,0,0,0,0.0,,92,25.0,Clearance|Baby|Sitewide|Clearance|Dresses|Clearance|Sitewide|Clearance|Baby|New Arrivals
2024-04-25,0,0,0,0.0,,91,25.0,Clearance|Baby|Sitewide|Clearance|Dresses|Clearance|Sitewide|Clearance|Baby
2024-04-26,0,0,0,0.0,,90,25.0,Clearance|Baby|Sitewide|Clearance|Dresses|Clearance|Sitewide|Clearance|Baby
2024-04-27,0,0,0,0.0,,90,25.0,Clearance|Baby|Sitewide|Clearance|Dresses|Clearance|Sitewide|Clearance|Baby
2024-04-28,0,0,0,0.0,,102,25.0,Clearance|Baby|Sitewide|Clearance|Dresses|Clearance|Sitewide|Clearance|Baby
2024-04-29,0,0,0,0.0,,102,25.0,Clearance|Baby|Sitewide|Clearance|Dresses|Clearance|Sitewide|Clearance|Baby
2024-04-30,0,0,0,0.0,,103,25.0,Clearance|Baby|Sitewide|Clearance|Dresses|Clearance|Sitewide|Clearance|Baby|Sleep/PJs|Clearance|Sitewide
2024-05-01,0,0,0,0.0,,101,25.0,Clearance|Baby|Sitewide|Clearance|Dresses|Clearance|Sitewide|Clearance|Baby|Sleep/PJs|Clearance|Sitewide
2024-05-02,0,0,0,0.0,,100,25.0,Clearance|Baby|Sitewide|Clearance|Dresses|Clearance|Sitewide|Clearance|Baby|Sleep/PJs|Clearance|Sitewide
2024-05-03,0,0,0,0.0,,100,25.0,Clearance|Baby|Sitewide|Clearance|Dresses|Clearance|Sitewide|Clearance|Baby|Sleep/PJs|Clearance|Sitewide
2024-05-04,0,0,0,0.0,,99,25.0,Clearance|Baby|Sitewide|Clearance|Dresses|Clearance|Sitewide|Clearance|Baby
2024-05-05,0,0,0,0.0,,98,25.0,Clearance|Baby|Sitewide|Clearance|Dresses|Clearance|Sitewide|Clearance|Baby
2024-05-06,0,0,0,0.0,,98,25.0,Clearance|Baby|Sitewide|Clearance|Dresses|Clearance|Sitewide|Clearance|Baby
2024-05-07,0,0,0,0.0,,99,25.0,Clearance|Baby|Sitewide|Clearance|Dresses|Clearance|Sitewide|Clearance|Baby
2024-05-08,0,0,0,0.0,,100,25.0,Clearance|Baby|Sitewide|Clearance|Dresses|Clearance|Sitewide|Clearance|Baby
2024-05-09,0,0,0,0.0,,101,25.0,Clearance|Baby|Sitewide|Clearance|Dresses|Clearance|Sitewide|Clearance|Baby
2024-05-10,0,0,0,0.0,,101,25.0,Clearance|Baby|Sitewide|Clearance|Dresses|Clearance|Sitewide|Clearance|Baby
2024-05-11,0,0,0,0.0,,102,25.0,Clearance|Baby|Sitewide|Clearance|Dresses|Clearance|Sitewide|Clearance|Baby
2024-05-12,0,0,0,0.0,,102,25.0,Clearance|Baby|Sitewide|Clearance|Dresses|Clearance|Sitewide|Clearance|Baby
2024-05-13,0,0,0,0.0,,103,25.0,Clearance|Baby|Sitewide|Clearance|Dresses|Clearance|Sitewide|Clearance|Baby
2024-05-14,0,0,0,0.0,,103,25.0,Clearance|Baby|Sitewide|Clearance|Dresses|Clearance|Sitewide|Clearance|Baby
2024-05-15,0,0,0,0.0,,104,25.0,Clearance|Baby|Sitewide|Clearance|Dresses|Clearance|Sitewide|Clearance|Baby
2024-05-16,0,0,0,0.0,,104,25.0,Clearance|Baby|Sitewide|Clearance|Dresses|Clearance|Sitewide|Clearance|Baby
2024-05-17,0,0,0,0.0,,105,25.0,Clearance|Baby|Sitewide|Clearance|Dresses|Clearance|Sitewide|Clearance|Baby
2024-05-18,0,0,0,0.0,,105,25.0,Clearance|Baby|Sitewide|Clearance|Dresses|Clearance|Sitewide|Clearance|Baby
2024-05-19,0,0,0,0.0,,101,25.0,Clearance|Baby|Sitewide|Clearance|Dresses|Clearance|Sitewide|Clearance|Baby
2024-05-20,0,0,0,0.0,,101,25.0,Clearance|Baby|Sitewide|Clearance|Dresses|Clearance|Sitewide|Clearance|Baby
2024-05-21,0,0,0,0.0,,100,25.0,Clearance|Baby|Sitewide|Clearance|Dresses|Clearance|Sitewide|Clearance|Baby
2024-05-22,0,0,0,0.0,,100,25.0,Clearance|Baby|Sitewide|Clearance|Dresses|Clearance|Sitewide|Clearance|Baby
2024-05-23,0,0,0,0.0,,100,25.0,Clearance|Baby|Sitewide|Clearance|Dresses|Clearance|Sitewide|Clearance|Baby
2024-05-24,0,0,0,0.0,,102,25.0,Clearance|Baby|Sitewide|Clearance|Dresses|Clearance|Sitewide|Clearance|Baby
2024-05-25,0,0,0,0.0,,102,25.0,Clearance|Baby|Sitewide|Clearance|Dresses|Clearance|Sitewide|Clearance|Baby
2024-05-26,0,0,0,0.0,,102,25.0,Clearance|Baby|Sitewide|Clearance|Dresses|Clearance|Sitewide|Clearance|Baby
2024-05-27,0,0,0,0.0,,103,25.0,Clearance|Baby|Sitewide|Clearance|Dresses|Clearance|Sitewide|Clearance|Baby
2024-05-28,0,0,0,0.0,,102,25.0,Clearance|Baby|Sitewide|Clearance|Dresses|Clearance|Sitewide|Clearance|Baby
2024-05-29,0,0,0,0.0,,102,25.0,Clearance|Baby|Sitewide|Clearance|Dresses|Clearance|Sitewide|Clearance|Baby
2024-05-30,0,0,0,0.0,,102,25.0,Clearance|Baby|Sitewide|Clearance|Dresses|Clearance|Sitewide|Clearance|Baby
2024-05-31,0,0,0,0.0,,102,25.0,Clearance|Baby|Sitewide|Clearance|Dresses|Clearance|Sitewide|Clearance|Baby
2024-06-01,0,0,0,0.0,,101,25.0,Clearance|Baby|Sitewide|Clearance|Dresses|Clearance|Sitewide|Clearance|Baby
2024-06-02,0,0,0,0.0,,101,25.0,Clearance|Baby|Sitewide|Clearance|Dresses|Clearance|Sitewide|Clearance|Baby
2024-06-03,0,0,0,0.0,,101,25.0,Clearance|Baby|Sitewide|Clearance|Dresses|Clearance|Sitewide|Clearance|Baby
2024-06-04,0,0,0,0.0,,101,25.0,Clearance|Baby|Sitewide|Clearance|Dresses|Clearance|Sitewide|Clearance|Baby
2024-06-05,0,0,0,0.0,,101,25.0,Clearance|Baby|Sitewide|Clearance|Dresses|Clearance|Sitewide|Clearance|Baby
2024-06-06,0,0,0,0.0,,101,25.0,Clearance|Baby|Sitewide|Clearance|Dresses|Clearance|Sitewide|Clearance|Baby
2024-06-07,0,0,0,0.0,,101,25.0,Clearance|Baby|Sitewide|Clearance|Dresses|Clearance|Sitewide|Clearance|Baby
2024-06-08,0,0,0,0.0,,102,25.0,Clearance|Baby|Sitewide|Clearance|Dresses|Clearance|Sitewide|Clearance|Baby
2024-06-09,0,0,0,0.0,,102,25.0,Clearance|Baby|Sitewide|Clearance|Dresses|Clearance|Sitewide|Clearance|Baby
2024-06-10,0,0,0,0.0,,102,25.0,Clearance|Baby|Sitewide|Clearance|Dresses|Clearance|Sitewide|Clearance|Baby
2024-06-11,0,0,0,0.0,,100,25.0,Clearance|Baby|Sitewide|Clearance|Dresses|Clearance|Sitewide|Clearance|Baby
2024-06-12,0,0,0,0.0,,100,25.0,Clearance|Baby|Sitewide|Clearance|Dresses|Clearance|Sitewide|Clearance|Baby
2024-06-13,0,0,0,0.0,,100,25.0,Clearance|Baby|Sitewide|Clearance|Dresses|Clearance|Sitewide|Clearance|Baby
2024-06-14,0,0,0,0.0,,100,25.0,Clearance|Baby|Sitewide|Clearance|Dresses|Clearance|Sitewide|Clearance|Baby
2024-06-15,0,0,0,0.0,,102,25.0,Clearance|Baby|Sitewide|Clearance|Dresses|Clearance|Sitewide|Clearance|Baby
2024-06-16,0,0,0,0.0,,102,25.0,Clearance|Baby|Sitewide|Clearance|Dresses|Clearance|Sitewide|Clearance|Baby
2024-06-17,0,0,0,0.0,,100,25.0,Clearance|Baby|Sitewide|Clearance|Dresses|Clearance|Sitewide|Clearance|Baby
2024-06-18,0,0,0,0.0,,101,25.0,Clearance|Baby|Sitewide|Clearance|Dresses|Clearance|Sitewide|Clearance|Baby
2024-06-19,0,0,0,0.0,,101,25.0,Clearance|Baby|Sitewide|Clearance|Dresses|Clearance|Sitewide|Clearance|Baby
2024-06-20,0,0,0,0.0,,102,25.0,Clearance|Baby|Sitewide|Clearance|Dresses|Clearance|Sitewide|Clearance|Baby
2024-06-21,0,0,0,0.0,,102,25.0,Clearance|Baby|Sitewide|Clearance|Dresses|Clearance|Sitewide|Clearance|Baby
2024-06-22,0,0,0,0.0,,102,25.0,Clearance|Baby|Sitewide|Clearance|Dresses|Clearance|Sitewide|Clearance|Baby
2024-06-23,0,0,0,0.0,,102,25.0,Clearance|Baby|Sitewide|Clearance|Dresses|Clearance|Sitewide|Clearance|Baby
2024-06-24,0,0,0,0.0,,102,25.0,Clearance|Baby|Sitewide|Clearance|Dresses|Clearance|Sitewide|Clearance|Baby
2024-06-25,0,0,0,0.0,,102,25.0,Clearance|Baby|Sitewide|Clearance|Dresses|Clearance|Sitewide|Clearance|Baby
2024-06-26,0,0,0,0.0,,101,25.0,Clearance|Baby|Sitewide|Clearance|Dresses|Clearance|Sitewide|Clearance|Baby
2024-06-27,0,0,0,0.0,,101,25.0,Clearance|Baby|Sitewide|Clearance|Dresses|Clearance|Sitewide|Clearance|Baby
2024-06-28,0,0,0,0.0,,101,25.0,Clearance|Baby|Sitewide|Clearance|Dresses|Clearance|Sitewide|Clearance|Baby
2024-06-29,0,0,0,0.0,,101,25.0,Clearance|Baby|Sitewide|Clearance|Dresses|Clearance|Sitewide|Clearance|Baby
2024-06-30,0,0,0,0.0,,101,25.0,Clearance|Baby|Sitewide|Clearance|Dresses|Clearance|Sitewide|Clearance|Baby
2024-07-01,0,0,0,0.0,,103,25.0,Clearance|Baby|Sitewide|Clearance|Dresses|Clearance|Sitewide|Clearance|Baby
2024-07-02,0,0,0,0.0,,103,25.0,Clearance|Baby|Sitewide|Clearance|Dresses|Clearance|Sitewide|Clearance|Baby
2024-07-03,0,0,0,0.0,,103,25.0,Clearance|Baby|Sitewide|Clearance|Dresses|Clearance|Sitewide|Clearance|Baby
2024-07-04,0,0,0,0.0,,103,25.0,Clearance|Baby|Sitewide|Clearance|Dresses|Clearance|Sitewide|Clearance|Baby
2024-07-05,0,0,0,0.0,,103,25.0,Clearance|Baby|Sitewide|Clearance|Dresses|Clearance|Sitewide|Clearance|Baby
2024-07-06,0,0,0,0.0,,103,25.0,Clearance|Baby|Sitewide|Clearance|Dresses|Clearance|Sitewide|Clearance|Baby
2024-07-07,0,0,0,0.0,,103,25.0,Clearance|Baby|Sitewide|Clearance|Dresses|Clearance|Sitewide|Clearance|Baby
2024-07-08,0,0,0,0.0,,102,25.0,Clearance|Baby|Sitewide|Clearance|Dresses|Clearance|Sitewide|Clearance|Baby
2024-07-09,0,0,0,0.0,,103,25.0,Clearance|Baby|Sitewide|Clearance|Dresses|Clearance|Sitewide|Clearance|Baby
2024-07-10,0,0,0,0.0,,102,25.0,Clearance|Baby|Sitewide|Clearance|Dresses|Clearance|Sitewide|Clearance|Baby
2024-07-11,0,0,0,0.0,,102,25.0,Clearance|Baby|Sitewide|Clearance|Dresses|Clearance|Sitewide|Clearance|Baby
2024-07-12,0,0,0,0.0,,106,25.0,Clearance|Baby|Sitewide|Clearance|Dresses|Clearance|Sitewide|Clearance|Baby|Sleep/PJs|Baby
2024-07-13,0,0,0,0.0,,106,25.0,Clearance|Baby|Sitewide|Clearance|Dresses|Clearance|Sitewide|Clearance|Baby|Sleep/PJs|Baby
2024-07-14,0,0,0,0.0,,106,25.0,Clearance|Baby|Sitewide|Clearance|Dresses|Clearance|Sitewide|Clearance|Baby|Sleep/PJs|Baby
2024-07-15,0,0,0,0.0,,106,25.0,Clearance|Baby|Sitewide|Clearance|Dresses|Clearance|Sitewide|Clearance|Baby|Sleep/PJs|Baby
2024-07-16,0,0,0,0.0,,106,25.0,Clearance|Baby|Sitewide|Clearance|Dresses|Clearance|Sitewide|Clearance|Baby|Sleep/PJs|Baby
2024-07-17,0,0,0,0.0,,107,25.0,Clearance|Baby|Sitewide|Clearance|Dresses|Clearance|Sitewide|Clearance|Baby|Sleep/PJs|Baby
2024-07-18,0,0,0,0.0,,106,25.0,Clearance|Baby|Sitewide|Clearance|Dresses|Clearance|Sitewide|Clearance|Baby|Sleep/PJs|Baby
2024-07-19,0,0,0,0.0,,105,25.0,Clearance|Baby|Sitewide|Clearance|Dresses|Clearance|Sitewide|Clearance|Baby
2024-07-20,0,0,0,0.0,,106,25.0,Clearance|Baby|Sitewide|Clearance|Dresses|Clearance|Sitewide|Clearance|Baby
2024-07-21,0,0,0,0.0,,106,25.0,Clearance|Baby|Sitewide|Clearance|Dresses|Clearance|Sitewide|Clearance|Baby
2024-07-22,0,0,0,0.0,,105,25.0,Clearance|Baby|Sitewide|Clearance|Dresses|Clearance|Sitewide|Clearance|Baby
2024-07-23,0,0,0,0.0,,106,25.0,Clearance|Baby|Sitewide|Clearance|Dresses|Clearance|Sitewide|Clearance|Baby
2024-07-24,0,0,0,0.0,,106,25.0,Clearance|Baby|Sitewide|Clearance|Dresses|Clearance|Sitewide|Clearance|Baby
2024-07-25,0,0,0,0.0,,106,25.0,Clearance|Baby|Sitewide|Clearance|Dresses|Clearance|Sitewide|Clearance|Baby
2024-07-26,0,0,0,0.0,,106,25.0,Clearance|Baby|Sitewide|Clearance|Dresses|Clearance|Sitewide|Clearance|Baby
2024-07-27,0,0,0,0.0,,107,25.0,Clearance|Baby|Sitewide|Clearance|Dresses|Clearance|Sitewide|Clearance|Baby
2024-07-28,0,0,0,0.0,,107,25.0,Clearance|Baby|Sitewide|Clearance|Dresses|Clearance|Sitewide|Clearance|Baby
2024-07-29,0,0,0,0.0,,107,25.0,Clearance|Baby|Sitewide|Clearance|Dresses|Clearance|Sitewide|Clearance|Baby
2024-07-30,1,553,141,728030.0,Sleep/PJs,106,25.0,Clearance|Baby|Sitewide|Clearance|Dresses|Clearance|Sitewide|Clearance|Baby
2024-07-31,1,553,141,728030.0,Sleep/PJs,106,25.0,Clearance|Baby|Sitewide|Clearance|Dresses|Clearance|Sitewide|Clearance|Baby
2024-08-01,1,553,141,728030.0,Sleep/PJs,106,25.0,Clearance|Baby|Sitewide|Clearance|Dresses|Clearance|Sitewide|Clearance|Baby
2024-08-02,1,553,141,728030.0,Sleep/PJs,106,25.0,Clearance|Baby|Sitewide|Clearance|Dresses|Clearance|Sitewide|Clearance|Baby
2024-08-03,1,553,141,728030.0,Sleep/PJs,106,25.0,Clearance|Baby|Sitewide|Clearance|Dresses|Clearance|Sitewide|Clearance|Baby
2024-08-04,1,553,141,728030.0,Sleep/PJs,118,25.0,Clearance|Baby|Sitewide|Clearance|Dresses|Clearance|Sitewide|Clearance|Baby
2024-08-05,1,553,141,728030.0,Sleep/PJs,118,25.0,Clearance|Baby|Sitewide|Clearance|Dresses|Clearance|Sitewide|Clearance|Baby
2024-08-06,0,0,0,0.0,,118,25.0,Clearance|Baby|Sitewide|Clearance|Dresses|Clearance|Sitewide|Clearance|Baby
2024-08-07,0,0,0,0.0,,118,25.0,Clearance|Baby|Sitewide|Clearance|Dresses|Clearance|Sitewide|Clearance|Baby
2024-08-08,0,0,0,0.0,,118,25.0,Clearance|Baby|Sitewide|Clearance|Dresses|Clearance|Sitewide|Clearance|Baby
2024-08-09,0,0,0,0.0,,118,25.0,Clearance|Baby|Sitewide|Clearance|Dresses|Clearance|Sitewide|Clearance|Baby
2024-08-10,0,0,0,0.0,,120,25.0,Clearance|Baby|Sitewide|Clearance|Dresses|Clearance|Sitewide|Clearance|Baby
2024-08-11,0,0,0,0.0,,120,25.0,Clearance|Baby|Sitewide|Clearance|Dresses|Clearance|Sitewide|Clearance|Baby
2024-08-12,0,0,0,0.0,,119,25.0,Clearance|Baby|Sitewide|Clearance|Dresses|Clearance|Sitewide|Clearance|Baby
2024-08-13,0,0,0,0.0,,121,25.0,Clearance|Baby|Sitewide|Clearance|Dresses|Clearance|Sitewide|Clearance|Baby
2024-08-14,0,0,0,0.0,,121,25.0,Clearance|Baby|Sitewide|Clearance|Dresses|Clearance|Sitewide|Clearance|Baby
2024-08-15,0,0,0,0.0,,121,25.0,Clearance|Baby|Sitewide|Clearance|Dresses|Clearance|Sitewide|Clearance|Baby
2024-08-16,0,0,0,0.0,,122,25.0,Clearance|Baby|Sitewide|Clearance|Dresses|Clearance|Sitewide|Clearance|Baby
2024-08-17,0,0,0,0.0,,122,25.0,Clearance|Baby|Sitewide|Clearance|Dresses|Clearance|Sitewide|Clearance|Baby
2024-08-18,0,0,0,0.0,,122,25.0,Clearance|Baby|Sitewide|Clearance|Dresses|Clearance|Sitewide|Clearance|Baby
2024-08-19,0,0,0,0.0,,121,25.0,Clearance|Baby|Sitewide|Clearance|Dresses|Clearance|Sitewide|Clearance|Baby
2024-08-20,0,0,0,0.0,,123,30.0,Clearance|Baby|Sitewide|Clearance|Dresses|Clearance|Sitewide|Clearance|Baby
2024-08-21,0,0,0,0.0,,123,30.0,Clearance|Baby|Sitewide|Clearance|Dresses|Clearance|Sitewide|Clearance|Baby
2024-08-22,0,0,0,0.0,,122,30.0,Clearance|Baby|Sitewide|Clearance|Dresses|Clearance|Sitewide|Clearance|Baby
2024-08-23,0,0,0,0.0,,121,25.0,Clearance|Baby|Sitewide|Clearance|Dresses|Clearance|Sitewide|Clearance|Baby
2024-08-24,0,0,0,0.0,,120,25.0,Clearance|Baby|Sitewide|Clearance|Dresses|Clearance|Sitewide|Clearance|Baby
2024-08-25,0,0,0,0.0,,108,25.0,Clearance|Baby|Sitewide|Clearance|Dresses|Clearance|Sitewide|Clearance|Baby
2024-08-26,0,0,0,0.0,,109,25.0,Clearance|Baby|Sitewide|Clearance|Dresses|Clearance|Sitewide|Clearance|Baby
2024-08-27,0,0,0,0.0,,110,25.0,Clearance|Baby|Sitewide|Clearance|Dresses|Clearance|Sitewide|Clearance|Baby
2024-08-28,0,0,0,0.0,,110,25.0,Clearance|Baby|Sitewide|Clearance|Dresses|Clearance|Sitewide|Clearance|Baby
2024-08-29,0,0,0,0.0,,109,25.0,Clearance|Baby|Sitewide|Clearance|Dresses|Clearance|Sitewide|Clearance|Baby
2024-08-30,0,0,0,0.0,,109,25.0,Clearance|Baby|Sitewide|Clearance|Dresses|Clearance|Sitewide|Clearance|Baby
2024-08-31,0,0,0,0.0,,109,25.0,Clearance|Baby|Sitewide|Clearance|Dresses|Clearance|Sitewide|Clearance|Baby
2024-09-01,0,0,0,0.0,,112,25.0,Clearance|Baby|Sitewide|Clearance|Dresses|Clearance|Sitewide|Clearance|Baby
2024-09-02,0,0,0,0.0,,112,25.0,Clearance|Baby|Sitewide|Clearance|Dresses|Clearance|Sitewide|Clearance|Baby
2024-09-03,0,0,0,0.0,,112,25.0,Clearance|Baby|Sitewide|Clearance|Dresses|Clearance|Sitewide|Clearance|Baby
2024-09-04,0,0,0,0.0,,112,25.0,Clearance|Baby|Sitewide|Clearance|Dresses|Clearance|Sitewide|Clearance|Baby
2024-09-05,0,0,0,0.0,,112,25.0,Clearance|Baby|Sitewide|Clearance|Dresses|Clearance|Sitewide|Clearance|Baby
2024-09-06,0,0,0,0.0,,112,25.0,Clearance|Baby|Sitewide|Clearance|Dresses|Clearance|Sitewide|Clearance|Baby
2024-09-07,0,0,0,0.0,,112,25.0,Clearance|Baby|Sitewide|Clearance|Dresses|Clearance|Sitewide|Clearance|Baby
2024-09-08,0,0,0,0.0,,112,25.0,Clearance|Baby|Sitewide|Clearance|Dresses|Clearance|Sitewide|Clearance|Baby
2024-09-09,0,0,0,0.0,,112,25.0,Clearance|Baby|Sitewide|Clearance|Dresses|Clearance|Sitewide|Clearance|Baby
2024-09-10,0,0,0,0.0,,112,25.0,Clearance|Baby|Sitewide|Clearance|Dresses|Clearance|Sitewide|Clearance|Baby
2024-09-11,2,267,114,516483.0,Dresses|Halloween,110,25.0,Clearance|Baby|Sitewide|Clearance|Dresses|Clearance|Sitewide|Clearance|Baby
2024-09-12,2,267,114,516483.0,Dresses|Halloween,110,25.0,Clearance|Baby|Sitewide|Clearance|Dresses|Clearance|Sitewide|Clearance|Baby
2024-09-13,3,389,157,708683.0,Dresses|Halloween|Dresses|Sleep/PJs|Halloween,110,25.0,Clearance|Baby|Sitewide|Clearance|Dresses|Clearance|Sitewide|Clearance|Baby
2024-09-14,3,389,157,708683.0,Dresses|Halloween|Dresses|Sleep/PJs|Halloween,111,25.0,Clearance|Baby|Sitewide|Clearance|Dresses|Clearance|Sitewide|Clearance|Baby
2024-09-15,3,389,157,708683.0,Dresses|Halloween|Dresses|Sleep/PJs|Halloween,111,25.0,Clearance|Baby|Sitewide|Clearance|Dresses|Clearance|Sitewide|Clearance|Baby
2024-09-16,3,389,157,708683.0,Dresses|Halloween|Dresses|Sleep/PJs|Halloween,110,25.0,Clearance|Baby|Sitewide|Clearance|Dresses|Clearance|Sitewide|Clearance|Baby
2024-09-17,2,267,114,516483.0,Dresses|Halloween,110,25.0,Clearance|Baby|Sitewide|Clearance|Dresses|Clearance|Sitewide|Clearance|Baby
2024-09-18,2,1658,677,2567608.0,Clearance,110,25.0,Clearance|Baby|Sitewide|Clearance|Dresses|Clearance|Sitewide|Clearance|Baby
2024-09-19,1,1270,516,2411060.0,Clearance,110,25.0,Clearance|Baby|Sitewide|Clearance|Dresses|Clearance|Sitewide|Clearance|Baby
2024-09-20,1,1270,516,2411060.0,Clearance,111,25.0,Clearance|Baby|Sitewide|Clearance|Dresses|Clearance|Sitewide|Clearance|Baby
2024-09-21,1,1270,516,2411060.0,Clearance,111,25.0,Clearance|Baby|Sitewide|Clearance|Dresses|Clearance|Sitewide|Clearance|Baby
2024-09-22,1,1270,516,2411060.0,Clearance,111,25.0,Clearance|Baby|Sitewide|Clearance|Dresses|Clearance|Sitewide|Clearance|Baby
2024-09-23,4,2351,837,4297386.0,Dresses|Sleep/PJs|Clearance,111,25.0,Clearance|Baby|Sitewide|Clearance|Dresses|Clearance|Sitewide|Clearance|Baby
2024-09-24,4,2351,837,4297386.0,Dresses|Sleep/PJs|Clearance,111,25.0,Clearance|Baby|Sitewide|Clearance|Dresses|Clearance|Sitewide|Clearance|Baby
2024-09-25,4,2351,837,4297386.0,Dresses|Sleep/PJs|Clearance,111,25.0,Clearance|Baby|Sitewide|Clearance|Dresses|Clearance|Sitewide|Clearance|Baby
2024-09-26,4,2351,837,4297386.0,Dresses|Sleep/PJs|Clearance,111,25.0,Clearance|Baby|Sitewide|Clearance|Dresses|Clearance|Sitewide|Clearance|Baby
2024-09-27,4,2351,837,4297386.0,Dresses|Sleep/PJs|Clearance,111,25.0,Clearance|Baby|Sitewide|Clearance|Dresses|Clearance|Sitewide|Clearance|Baby
2024-09-28,4,2351,837,4297386.0,Dresses|Sleep/PJs|Clearance,110,25.0,Clearance|Baby|Sitewide|Clearance|Dresses|Clearance|Sitewide|Clearance|Baby
2024-09-29,4,2351,837,4297386.0,Dresses|Sleep/PJs|Clearance,110,25.0,Clearance|Baby|Sitewide|Clearance|Dresses|Clearance|Sitewide|Clearance|Baby
2024-09-30,4,2351,837,4297386.0,Dresses|Sleep/PJs|Clearance,110,25.0,Clearance|Baby|Sitewide|Clearance|Dresses|Clearance|Sitewide|Clearance|Baby
2024-10-01,0,0,0,0.0,,114,25.0,Clearance|Baby|Sitewide|Clearance|Dresses|Clearance|Sitewide|Clearance|Baby|Clearance|Halloween
2024-10-02,0,0,0,0.0,,114,25.0,Clearance|Baby|Sitewide|Clearance|Dresses|Clearance|Sitewide|Clearance|Baby|Clearance|Halloween
2024-10-03,0,0,0,0.0,,113,25.0,Clearance|Baby|Sitewide|Clearance|Dresses|Clearance|Sitewide|Clearance|Baby
2024-10-04,0,0,0,0.0,,113,25.0,Clearance|Baby|Sitewide|Clearance|Dresses|Clearance|Sitewide|Clearance|Baby
2024-10-05,0,0,0,0.0,,113,25.0,Clearance|Baby|Sitewide|Clearance|Dresses|Clearance|Sitewide|Clearance|Baby
2024-10-06,0,0,0,0.0,,108,25.0,Clearance|Baby|Sitewide|Clearance|Dresses|Clearance|Sitewide|Clearance|Baby
2024-10-07,0,0,0,0.0,,110,25.0,Clearance|Baby|Sitewide|Clearance|Dresses|Clearance|Sitewide|Clearance|Baby
2024-10-08,0,0,0,0.0,,110,25.0,Clearance|Baby|Sitewide|Clearance|Dresses|Clearance|Sitewide|Clearance|Baby
2024-10-09,0,0,0,0.0,,110,25.0,Clearance|Baby|Sitewide|Clearance|Dresses|Clearance|Sitewide|Clearance|Baby
2024-10-10,0,0,0,0.0,,110,25.0,Clearance|Baby|Sitewide|Clearance|Dresses|Clearance|Sitewide|Clearance|Baby
2024-10-11,0,0,0,0.0,,111,25.0,Clearance|Baby|Sitewide|Clearance|Dresses|Clearance|Sitewide|Clearance|Baby
2024-10-12,0,0,0,0.0,,111,25.0,Clearance|Baby|Sitewide|Clearance|Dresses|Clearance|Sitewide|Clearance|Baby
2024-10-13,0,0,0,0.0,,111,25.0,Clearance|Baby|Sitewide|Clearance|Dresses|Clearance|Sitewide|Clearance|Baby
2024-10-14,0,0,0,0.0,,112,25.0,Clearance|Baby|Sitewide|Clearance|Dresses|Clearance|Sitewide|Clearance|Baby
2024-10-15,0,0,0,0.0,,115,25.0,Clearance|Baby|Sitewide|Clearance|Dresses|Clearance|Sitewide|Clearance|Baby
2024-10-16,0,0,0,0.0,,115,25.0,Clearance|Baby|Sitewide|Clearance|Dresses|Clearance|Sitewide|Clearance|Baby
2024-10-17,0,0,0,0.0,,116,25.0,Clearance|Baby|Sitewide|Clearance|Dresses|Clearance|Sitewide|Clearance|Baby
2024-10-18,0,0,0,0.0,,116,25.0,Clearance|Baby|Sitewide|Clearance|Dresses|Clearance|Sitewide|Clearance|Baby
2024-10-19,0,0,0,0.0,,116,25.0,Clearance|Baby|Sitewide|Clearance|Dresses|Clearance|Sitewide|Clearance|Baby
2024-10-20,0,0,0,0.0,,115,25.0,Clearance|Baby|Sitewide|Clearance|Dresses|Clearance|Sitewide|Clearance|Baby
2024-10-21,0,0,0,0.0,,116,25.0,Clearance|Baby|Sitewide|Clearance|Dresses|Clearance|Sitewide|Clearance|Baby
2024-10-22,3,1103,447,2428707.0,Dresses|Sleep/PJs|Holiday|Dresses|Sleep/PJs|Clearance|Holiday,117,25.0,Clearance|Baby|Sitewide|Clearance|Dresses|Clearance|Sitewide|Clearance|Baby
2024-10-23,2,961,374,2375964.0,Dresses|Sleep/PJs|Holiday,117,25.0,Clearance|Baby|Sitewide|Clearance|Dresses|Clearance|Sitewide|Clearance|Baby
2024-10-24,2,961,374,2375964.0,Dresses|Sleep/PJs|Holiday,118,25.0,Clearance|Baby|Sitewide|Clearance|Dresses|Clearance|Sitewide|Clearance|Baby
2024-10-25,2,961,374,2375964.0,Dresses|Sleep/PJs|Holiday,118,25.0,Clearance|Baby|Sitewide|Clearance|Dresses|Clearance|Sitewide|Clearance|Baby
2024-10-26,2,961,374,2375964.0,Dresses|Sleep/PJs|Holiday,118,25.0,Clearance|Baby|Sitewide|Clearance|Dresses|Clearance|Sitewide|Clearance|Baby
2024-10-27,2,961,374,2375964.0,Dresses|Sleep/PJs|Holiday,118,25.0,Clearance|Baby|Sitewide|Clearance|Dresses|Clearance|Sitewide|Clearance|Baby
2024-10-28,2,961,374,2375964.0,Dresses|Sleep/PJs|Holiday,119,30.0,Clearance|Baby|Sitewide|Clearance|Dresses|Clearance|Sitewide|Clearance|Baby
2024-10-29,2,288,134,395699.0,Dresses,119,30.0,Clearance|Baby|Sitewide|Clearance|Dresses|Clearance|Sitewide|Clearance|Baby|Sleep/PJs|Clearance|New Arrivals|Holiday
2024-10-30,2,288,134,395699.0,Dresses,119,30.0,Clearance|Baby|Sitewide|Clearance|Dresses|Clearance|Sitewide|Clearance|Baby|Sleep/PJs|Clearance|New Arrivals|Holiday
2024-10-31,2,288,134,395699.0,Dresses,117,30.0,Clearance|Baby|Sitewide|Clearance|Dresses|Clearance|Sitewide|Clearance|Baby|Sleep/PJs|Clearance|New Arrivals|Holiday
2024-11-01,2,288,134,395699.0,Dresses,117,30.0,Clearance|Baby|Sitewide|Clearance|Dresses|Clearance|Sitewide|Clearance|Baby|Sleep/PJs|Clearance|New Arrivals|Holiday
2024-11-02,1,1580,598,3553269.0,Sitewide,120,30.0,Clearance|Baby|Sitewide|Clearance|Dresses|Clearance|Sitewide|Clearance|Baby|Sleep/PJs|Clearance|New Arrivals|Holiday
2024-11-03,1,1580,598,3553269.0,Sitewide,133,30.0,Clearance|Baby|Sitewide|Clearance|Dresses|Clearance|Sitewide|Clearance|Baby|Sleep/PJs|Clearance|New Arrivals|Holiday
2024-11-04,2,1112,420,2736971.0,Sleep/PJs|Sitewide|Dresses|Sleep/PJs|Holiday|Sitewide,133,30.0,Clearance|Baby|Sitewide|Clearance|Dresses|Clearance|Sitewide|Clearance|Baby|Sleep/PJs|Clearance|New Arrivals|Holiday
2024-11-05,2,1112,420,2736971.0,Sleep/PJs|Sitewide|Dresses|Sleep/PJs|Holiday|Sitewide,133,30.0,Clearance|Baby|Sitewide|Clearance|Dresses|Clearance|Sitewide|Clearance|Baby|Sleep/PJs|Clearance|New Arrivals|Holiday
2024-11-06,2,1112,420,2736971.0,Sleep/PJs|Sitewide|Dresses|Sleep/PJs|Holiday|Sitewide,133,30.0,Clearance|Baby|Sitewide|Clearance|Dresses|Clearance|Sitewide|Clearance|Baby|Sleep/PJs|Clearance|New Arrivals|Holiday
2024-11-07,2,1112,420,2736971.0,Sleep/PJs|Sitewide|Dresses|Sleep/PJs|Holiday|Sitewide,133,30.0,Clearance|Baby|Sitewide|Clearance|Dresses|Clearance|Sitewide|Clearance|Baby|Sleep/PJs|Clearance|New Arrivals|Holiday
2024-11-08,2,1112,420,2736971.0,Sleep/PJs|Sitewide|Dresses|Sleep/PJs|Holiday|Sitewide,131,30.0,Clearance|Baby|Sitewide|Clearance|Dresses|Clearance|Sitewide|Clearance|Baby|Clearance|New Arrivals
2024-11-09,2,1112,420,2736971.0,Sleep/PJs|Sitewide|Dresses|Sleep/PJs|Holiday|Sitewide,131,30.0,Clearance|Baby|Sitewide|Clearance|Dresses|Clearance|Sitewide|Clearance|Baby|Clearance|New Arrivals
2024-11-10,2,1112,420,2736971.0,Sleep/PJs|Sitewide|Dresses|Sleep/PJs|Holiday|Sitewide,131,30.0,Clearance|Baby|Sitewide|Clearance|Dresses|Clearance|Sitewide|Clearance|Baby|Clearance|New Arrivals
2024-11-11,2,1112,420,2736971.0,Sleep/PJs|Sitewide|Dresses|Sleep/PJs|Holiday|Sitewide,129,30.0,Clearance|Baby|Sitewide|Clearance|Dresses|Clearance|Sitewide|Clearance|Baby|Clearance|New Arrivals
2024-11-12,3,1167,460,2892981.0,Dresses|Dresses|Sleep/PJs,130,30.0,Clearance|Baby|Sitewide|Clearance|Dresses|Clearance|Sitewide|Clearance|Baby|Clearance|New Arrivals
2024-11-13,3,1167,460,2892981.0,Dresses|Dresses|Sleep/PJs,129,30.0,Clearance|Baby|Sitewide|Clearance|Dresses|Clearance|Sitewide|Clearance|Baby|Clearance|New Arrivals
2024-11-14,3,1167,460,2892981.0,Dresses|Dresses|Sleep/PJs,130,30.0,Clearance|Baby|Sitewide|Clearance|Dresses|Clearance|Sitewide|Clearance|Baby|Clearance|New Arrivals
2024-11-15,3,1167,460,2892981.0,Dresses|Dresses|Sleep/PJs,130,30.0,Clearance|Baby|Sitewide|Clearance|Dresses|Clearance|Sitewide|Clearance|Baby|Clearance|New Arrivals
2024-11-16,1,1590,602,3864663.0,Holiday|Sitewide,130,30.0,Clearance|Baby|Sitewide|Clearance|Dresses|Clearance|Sitewide|Clearance|Baby|Clearance|New Arrivals
2024-11-17,1,1590,602,3864663.0,Holiday|Sitewide,130,30.0,Clearance|Baby|Sitewide|Clearance|Dresses|Clearance|Sitewide|Clearance|Baby|Clearance|New Arrivals
2024-11-18,1,1590,602,3864663.0,Holiday|Sitewide,130,30.0,Clearance|Baby|Sitewide|Clearance|Dresses|Clearance|Sitewide|Clearance|Baby|Clearance|New Arrivals
2024-11-19,2,2222,834,6195985.0,Sleep/PJs|Holiday|Sitewide,128,30.0,Clearance|Baby|Sitewide|Clearance|Dresses|Clearance|Sitewide|Clearance|Baby
2024-11-20,2,2222,834,6195985.0,Sleep/PJs|Holiday|Sitewide,127,30.0,Clearance|Baby|Sitewide|Clearance|Dresses|Clearance|Sitewide|Clearance|Baby
2024-11-21,2,2222,834,6195985.0,Sleep/PJs|Holiday|Sitewide,127,30.0,Clearance|Baby|Sitewide|Clearance|Dresses|Clearance|Sitewide|Clearance|Baby
2024-11-22,2,2222,834,6195985.0,Sleep/PJs|Holiday|Sitewide,127,30.0,Clearance|Baby|Sitewide|Clearance|Dresses|Clearance|Sitewide|Clearance|Baby
2024-11-23,2,2222,834,6195985.0,Sleep/PJs|Holiday|Sitewide,127,30.0,Clearance|Baby|Sitewide|Clearance|Dresses|Clearance|Sitewide|Clearance|Baby
2024-11-24,2,2222,834,6195985.0,Sleep/PJs|Holiday|Sitewide,114,30.0,Clearance|Baby|Sitewide|Clearance|Dresses|Clearance|Sitewide|Clearance|Baby
2024-11-25,1,1590,602,3864663.0,Holiday|Sitewide,115,30.0,Clearance|Baby|Sitewide|Clearance|Dresses|Clearance|Sitewide|Clearance|Baby|Clearance|New Arrivals
2024-11-26,1,1590,602,3864663.0,Holiday|Sitewide,114,25.0,Clearance|Baby|Sitewide|Clearance|Dresses|Clearance|Sitewide|Clearance|Baby|Clearance|New Arrivals
2024-11-27,1,1590,602,3864663.0,Holiday|Sitewide,114,25.0,Clearance|Baby|Sitewide|Clearance|Dresses|Clearance|Sitewide|Clearance|Baby|Clearance|New Arrivals
2024-11-28,1,1590,602,3864663.0,Holiday|Sitewide,114,25.0,Clearance|Baby|Sitewide|Clearance|Dresses|Clearance|Sitewide|Clearance|Baby|Clearance|New Arrivals
2024-11-29,1,1590,602,3864663.0,Holiday|Sitewide,114,25.0,Clearance|Baby|Sitewide|Clearance|Dresses|Clearance|Sitewide|Clearance|Baby|Clearance|New Arrivals
2024-11-30,1,1590,602,3864663.0,Holiday|Sitewide,114,25.0,Clearance|Baby|Sitewide|Clearance|Dresses|Clearance|Sitewide|Clearance|Baby|Clearance|New Arrivals
2024-12-01,1,1590,602,3864663.0,Holiday|Sitewide,112,25.0,Clearance|Baby|Sitewide|Clearance|Dresses|Clearance|Sitewide|Clearance|Baby|Clearance|New Arrivals
2024-12-02,1,1590,602,3864663.0,Holiday|Sitewide,113,25.0,Clearance|Baby|Sitewide|Clearance|Dresses|Clearance|Sitewide|Clearance|Baby|Clearance|New Arrivals
2024-12-03,1,1590,602,3864663.0,Holiday|Sitewide,113,25.0,Clearance|Baby|Sitewide|Clearance|Dresses|Clearance|Sitewide|Clearance|Baby|Clearance|New Arrivals
2024-12-04,2,1694,644,3420216.0,Dresses|Sleep/PJs,113,25.0,Clearance|Baby|Sitewide|Clearance|Dresses|Clearance|Sitewide|Clearance|Baby|Clearance|New Arrivals|Clearance|Holiday
2024-12-05,2,1694,644,3420216.0,Dresses|Sleep/PJs,113,25.0,Clearance|Baby|Sitewide|Clearance|Dresses|Clearance|Sitewide|Clearance|Baby|Clearance|New Arrivals|Clearance|Holiday
2024-12-06,2,1694,644,3420216.0,Dresses|Sleep/PJs,115,25.0,Clearance|Baby|Sitewide|Clearance|Dresses|Clearance|Sitewide|Clearance|Baby|Clearance|New Arrivals|Clearance|Holiday
2024-12-07,2,1694,644,3420216.0,Dresses|Sleep/PJs,115,25.0,Clearance|Baby|Sitewide|Clearance|Dresses|Clearance|Sitewide|Clearance|Baby|Clearance|New Arrivals|Clearance|Holiday
2024-12-08,2,1694,644,3420216.0,Dresses|Sleep/PJs,115,25.0,Clearance|Baby|Sitewide|Clearance|Dresses|Clearance|Sitewide|Clearance|Baby|Clearance|New Arrivals|Clearance|Holiday
2024-12-09,2,1694,644,3420216.0,Dresses|Sleep/PJs,115,25.0,Clearance|Baby|Sitewide|Clearance|Dresses|Clearance|Sitewide|Clearance|Baby|Clearance|New Arrivals|Clearance|Holiday
2024-12-10,2,1694,644,3420216.0,Dresses|Sleep/PJs,115,25.0,Clearance|Baby|Sitewide|Clearance|Dresses|Clearance|Sitewide|Clearance|Baby|Clearance|New Arrivals|Clearance|Holiday
2024-12-11,2,1694,644,3420216.0,Dresses|Sleep/PJs,113,25.0,Clearance|Baby|Sitewide|Clearance|Dresses|Clearance|Sitewide|Clearance|Baby|Clearance|New Arrivals|Clearance|Holiday
2024-12-12,3,1454,578,2126507.0,Sitewide|Sleep/PJs|Holiday|Sitewide,111,25.0,Clearance|Baby|Sitewide|Clearance|Dresses|Clearance|Sitewide|Clearance|Baby|Clearance|Holiday
2024-12-13,3,1454,578,2126507.0,Sitewide|Sleep/PJs|Holiday|Sitewide,111,25.0,Clearance|Baby|Sitewide|Clearance|Dresses|Clearance|Sitewide|Clearance|Baby|Clearance|Holiday
2024-12-14,3,1454,578,2126507.0,Sitewide|Sleep/PJs|Holiday|Sitewide,111,25.0,Clearance|Baby|Sitewide|Clearance|Dresses|Clearance|Sitewide|Clearance|Baby|Clearance|Holiday
2024-12-15,3,1454,578,2126507.0,Sitewide|Sleep/PJs|Holiday|Sitewide,111,25.0,Clearance|Baby|Sitewide|Clearance|Dresses|Clearance|Sitewide|Clearance|Baby|Clearance|Holiday
2024-12-16,2,1079,445,1237623.0,Holiday|Sleep/PJs|Holiday,111,25.0,Clearance|Baby|Sitewide|Clearance|Dresses|Clearance|Sitewide|Clearance|Baby|Clearance|Holiday
2024-12-17,2,1079,445,1237623.0,Holiday|Sleep/PJs|Holiday,111,25.0,Clearance|Baby|Sitewide|Clearance|Dresses|Clearance|Sitewide|Clearance|Baby|Clearance|Holiday
2024-12-18,2,1079,445,1237623.0,Holiday|Sleep/PJs|Holiday,111,25.0,Clearance|Baby|Sitewide|Clearance|Dresses|Clearance|Sitewide|Clearance|Baby|Clearance|Holiday
2024-12-19,2,1079,445,1237623.0,Holiday|Sleep/PJs|Holiday,111,25.0,Clearance|Baby|Sitewide|Clearance|Dresses|Clearance|Sitewide|Clearance|Baby|Clearance|Holiday
2024-12-20,2,1079,445,1237623.0,Holiday|Sleep/PJs|Holiday,111,25.0,Clearance|Baby|Sitewide|Clearance|Dresses|Clearance|Sitewide|Clearance|Baby|Clearance|Holiday
2024-12-21,2,1079,445,1237623.0,Holiday|Sleep/PJs|Holiday,111,25.0,Clearance|Baby|Sitewide|Clearance|Dresses|Clearance|Sitewide|Clearance|Baby|Clearance|Holiday
2024-12-22,2,1079,445,1237623.0,Holiday|Sleep/PJs|Holiday,111,25.0,Clearance|Baby|Sitewide|Clearance|Dresses|Clearance|Sitewide|Clearance|Baby|Clearance|Holiday
2024-12-23,2,1079,445,1237623.0,Holiday|Sleep/PJs|Holiday,111,25.0,Clearance|Baby|Sitewide|Clearance|Dresses|Clearance|Sitewide|Clearance|Baby|Clearance|Holiday
2024-12-24,2,1079,445,1237623.0,Holiday|Sleep/PJs|Holiday,111,25.0,Clearance|Baby|Sitewide|Clearance|Dresses|Clearance|Sitewide|Clearance|Baby|Clearance|Holiday
2024-12-25,2,1079,445,1237623.0,Holiday|Sleep/PJs|Holiday,111,25.0,Clearance|Baby|Sitewide|Clearance|Dresses|Clearance|Sitewide|Clearance|Baby|Clearance|Holiday
2024-12-26,1,1180,530,886859.0,Clearance,108,25.0,Clearance|Baby|Sitewide|Clearance|Dresses|Clearance|Sitewide|Clearance|Baby
2024-12-27,0,0,0,0.0,,108,25.0,Clearance|Baby|Sitewide|Clearance|Dresses|Clearance|Sitewide|Clearance|Baby
2024-12-28,0,0,0,0.0,,108,25.0,Clearance|Baby|Sitewide|Clearance|Dresses|Clearance|Sitewide|Clearance|Baby
2024-12-29,0,0,0,0.0,,108,25.0,Clearance|Baby|Sitewide|Clearance|Dresses|Clearance|Sitewide|Clearance|Baby
2024-12-30,0,0,0,0.0,,108,25.0,Clearance|Baby|Sitewide|Clearance|Dresses|Clearance|Sitewide|Clearance|Baby
2024-12-31,0,0,0,0.0,,108,25.0,Clearance|Baby|Sitewide|Clearance|Dresses|Clearance|Sitewide|Clearance|Baby
2025-01-01,0,0,0,0.0,,101,25.0,Clearance|Baby|Sitewide|Clearance|Clearance|Sitewide|Clearance|Baby
2025-01-02,1,1438,618,1081139.0,Clearance,113,25.0,Clearance|Baby|Sitewide|Clearance|Clearance|Sitewide|Clearance|Baby|Dresses
2025-01-03,0,0,0,0.0,,113,25.0,Clearance|Baby|Sitewide|Clearance|Clearance|Sitewide|Clearance|Baby|Dresses
2025-01-04,1,48,32,174222.0,Sleep/PJs|Clearance,113,25.0,Clearance|Baby|Sitewide|Clearance|Clearance|Sitewide|Clearance|Baby|Dresses
2025-01-05,1,48,32,174222.0,Sleep/PJs|Clearance,113,25.0,Clearance|Baby|Sitewide|Clearance|Clearance|Sitewide|Clearance|Baby|Dresses
2025-01-06,1,730,360,511642.0,Clearance,113,25.0,Clearance|Baby|Sitewide|Clearance|Clearance|Sitewide|Clearance|Baby|Dresses
2025-01-07,0,0,0,0.0,,38,25.0,Clearance|Baby|Sitewide|Clearance|Sitewide|Clearance|Dresses
2025-01-08,0,0,0,0.0,,38,25.0,Clearance|Baby|Sitewide|Clearance|Sitewide|Clearance|Dresses
2025-01-09,0,0,0,0.0,,38,25.0,Clearance|Baby|Sitewide|Clearance|Sitewide|Clearance|Dresses
2025-01-10,0,0,0,0.0,,38,25.0,Clearance|Baby|Sitewide|Clearance|Sitewide|Clearance|Dresses
2025-01-11,0,0,0,0.0,,38,25.0,Clearance|Baby|Sitewide|Clearance|Sitewide|Clearance|Dresses
2025-01-12,0,0,0,0.0,,38,25.0,Clearance|Baby|Sitewide|Clearance|Sitewide|Clearance|Dresses
2025-01-13,0,0,0,0.0,,38,25.0,Clearance|Baby|Sitewide|Clearance|Sitewide|Clearance|Dresses
2025-01-14,0,0,0,0.0,,38,25.0,Clearance|Baby|Sitewide|Clearance|Sitewide|Clearance|Dresses
2025-01-15,0,0,0,0.0,,38,25.0,Clearance|Baby|Sitewide|Clearance|Sitewide|Clearance|Dresses
2025-01-16,0,0,0,0.0,,38,25.0,Clearance|Baby|Sitewide|Clearance|Sitewide|Clearance|Dresses
2025-01-17,0,0,0,0.0,,38,25.0,Clearance|Baby|Sitewide|Clearance|Sitewide|Clearance|Dresses
2025-01-18,0,0,0,0.0,,39,25.0,Clearance|Baby|Sitewide|Clearance|Sitewide|Clearance|Dresses
2025-01-19,0,0,0,0.0,,39,25.0,Clearance|Baby|Sitewide|Clearance|Sitewide|Clearance|Dresses
2025-01-20,0,0,0,0.0,,39,25.0,Clearance|Baby|Sitewide|Clearance|Sitewide|Clearance|Dresses
2025-01-21,2,271,127,331353.0,Valentine|Dresses|Valentine,39,25.0,Clearance|Baby|Sitewide|Clearance|Sitewide|Clearance|Dresses
2025-01-22,2,271,127,331353.0,Valentine|Dresses|Valentine,39,25.0,Clearance|Baby|Sitewide|Clearance|Sitewide|Clearance|Dresses
2025-01-23,2,271,127,331353.0,Valentine|Dresses|Valentine,39,25.0,Clearance|Baby|Sitewide|Clearance|Sitewide|Clearance|Dresses
2025-01-24,2,271,127,331353.0,Valentine|Dresses|Valentine,39,25.0,Clearance|Baby|Sitewide|Clearance|Sitewide|Clearance|Dresses
2025-01-25,2,271,127,331353.0,Valentine|Dresses|Valentine,39,25.0,Clearance|Baby|Sitewide|Clearance|Sitewide|Clearance|Dresses
2025-01-26,2,271,127,331353.0,Valentine|Dresses|Valentine,36,25.0,Clearance|Baby|Sitewide|Clearance|Sitewide|Clearance|Dresses
2025-01-27,2,271,127,331353.0,Valentine|Dresses|Valentine,36,25.0,Clearance|Baby|Sitewide|Clearance|Sitewide|Clearance|Dresses
2025-01-28,2,873,275,1344228.0,Kids|Sleep/PJs|Kids,36,30.0,Clearance|Baby|Sitewide|Clearance|Sitewide|Clearance|Dresses|Sleep/PJs|Clearance
2025-01-29,2,873,275,1344228.0,Kids|Sleep/PJs|Kids,36,30.0,Clearance|Baby|Sitewide|Clearance|Sitewide|Clearance|Dresses|Sleep/PJs|Clearance
2025-01-30,2,873,275,1344228.0,Kids|Sleep/PJs|Kids,36,30.0,Clearance|Baby|Sitewide|Clearance|Sitewide|Clearance|Dresses|Sleep/PJs|Clearance
2025-01-31,2,873,275,1344228.0,Kids|Sleep/PJs|Kids,35,30.0,Clearance|Baby|Sitewide|Clearance|Sitewide|Clearance|Dresses|Sleep/PJs|Clearance
2025-02-01,2,873,275,1344228.0,Kids|Sleep/PJs|Kids,34,30.0,Clearance|Baby|Sitewide|Clearance|Sitewide|Clearance|Dresses|Sleep/PJs|Clearance
2025-02-02,2,873,275,1344228.0,Kids|Sleep/PJs|Kids,36,30.0,Clearance|Baby|Sitewide|Clearance|Sitewide|Clearance|Dresses|Sleep/PJs|Clearance
2025-02-03,2,873,275,1344228.0,Kids|Sleep/PJs|Kids,40,30.0,Clearance|Baby|Sitewide|Clearance|Sitewide|Clearance|Dresses|Sleep/PJs|Clearance
2025-02-04,0,0,0,0.0,,39,25.0,Clearance|Baby|Sitewide|Clearance|Sitewide|Clearance|Dresses
2025-02-05,0,0,0,0.0,,39,25.0,Clearance|Baby|Sitewide|Clearance|Sitewide|Clearance|Dresses
2025-02-06,0,0,0,0.0,,39,25.0,Clearance|Baby|Sitewide|Clearance|Sitewide|Clearance|Dresses
2025-02-07,0,0,0,0.0,,39,25.0,Clearance|Baby|Sitewide|Clearance|Sitewide|Clearance|Dresses
2025-02-08,0,0,0,0.0,,39,25.0,Clearance|Baby|Sitewide|Clearance|Sitewide|Clearance|Dresses
2025-02-09,0,0,0,0.0,,39,25.0,Clearance|Baby|Sitewide|Clearance|Sitewide|Clearance|Dresses
2025-02-10,1,244,66,440274.0,Sleep/PJs,39,25.0,Clearance|Baby|Sitewide|Clearance|Sitewide|Clearance|Dresses
2025-02-11,1,244,66,440274.0,Sleep/PJs,39,25.0,Clearance|Baby|Sitewide|Clearance|Sitewide|Clearance|Dresses
2025-02-12,1,244,66,440274.0,Sleep/PJs,39,25.0,Clearance|Baby|Sitewide|Clearance|Sitewide|Clearance|Dresses
2025-02-13,1,244,66,440274.0,Sleep/PJs,39,25.0,Clearance|Baby|Sitewide|Clearance|Sitewide|Clearance|Dresses
2025-02-14,0,0,0,0.0,,42,25.0,Clearance|Baby|Sitewide|Clearance|Sitewide|Clearance|Dresses
2025-02-15,0,0,0,0.0,,42,25.0,Clearance|Baby|Sitewide|Clearance|Sitewide|Clearance|Dresses
2025-02-16,0,0,0,0.0,,42,25.0,Clearance|Baby|Sitewide|Clearance|Sitewide|Clearance|Dresses
2025-02-17,0,0,0,0.0,,42,25.0,Clearance|Baby|Sitewide|Clearance|Sitewide|Clearance|Dresses
2025-02-18,0,0,0,0.0,,42,25.0,Clearance|Baby|Sitewide|Clearance|Sitewide|Clearance|Dresses
2025-02-19,3,1073,338,1757076.0,Sleep/PJs|Swim|Baby|Sleep/PJs|Kids,42,25.0,Clearance|Baby|Sitewide|Clearance|Sitewide|Clearance|Dresses
2025-02-20,3,1073,338,1757076.0,Sleep/PJs|Swim|Baby|Sleep/PJs|Kids,43,25.0,Clearance|Baby|Sitewide|Clearance|Sitewide|Clearance|Dresses|Clearance|Baby
2025-02-21,3,1073,338,1757076.0,Sleep/PJs|Swim|Baby|Sleep/PJs|Kids,43,25.0,Clearance|Baby|Sitewide|Clearance|Sitewide|Clearance|Dresses|Clearance|Baby
2025-02-22,3,1073,338,1757076.0,Sleep/PJs|Swim|Baby|Sleep/PJs|Kids,43,25.0,Clearance|Baby|Sitewide|Clearance|Sitewide|Clearance|Dresses|Clearance|Baby
2025-02-23,3,1073,338,1757076.0,Sleep/PJs|Swim|Baby|Sleep/PJs|Kids,30,25.0,Clearance|Baby|Sitewide|Clearance|Sitewide|Clearance|Dresses|Clearance|Baby
2025-02-24,3,1073,338,1757076.0,Sleep/PJs|Swim|Baby|Sleep/PJs|Kids,30,25.0,Clearance|Baby|Sitewide|Clearance|Sitewide|Clearance|Dresses|Clearance|Baby
2025-02-25,4,389,135,578701.0,Dresses|Sleep/PJs|Baby|Dresses|Swim|Baby|Dresses|Swim,29,25.0,Clearance|Baby|Sitewide|Clearance|Sitewide|Clearance|Dresses|Clearance|Baby
2025-02-26,4,389,135,578701.0,Dresses|Sleep/PJs|Baby|Dresses|Swim|Baby|Dresses|Swim,29,25.0,Clearance|Baby|Sitewide|Clearance|Sitewide|Clearance|Dresses|Clearance|Baby
2025-02-27,4,389,135,578701.0,Dresses|Sleep/PJs|Baby|Dresses|Swim|Baby|Dresses|Swim,29,25.0,Clearance|Baby|Sitewide|Clearance|Sitewide|Clearance|Dresses|Clearance|Baby
2025-02-28,4,389,135,578701.0,Dresses|Sleep/PJs|Baby|Dresses|Swim|Baby|Dresses|Swim,29,25.0,Clearance|Baby|Sitewide|Clearance|Sitewide|Clearance|Dresses|Clearance|Baby
2025-03-01,4,389,135,578701.0,Dresses|Sleep/PJs|Baby|Dresses|Swim|Baby|Dresses|Swim,30,25.0,Clearance|Baby|Sitewide|Clearance|Sitewide|Clearance|Dresses|Clearance|Baby|Clearance|New Arrivals
2025-03-02,4,389,135,578701.0,Dresses|Sleep/PJs|Baby|Dresses|Swim|Baby|Dresses|Swim,30,25.0,Clearance|Baby|Sitewide|Clearance|Sitewide|Clearance|Dresses|Clearance|Baby|Clearance|New Arrivals
2025-03-03,4,389,135,578701.0,Dresses|Sleep/PJs|Baby|Dresses|Swim|Baby|Dresses|Swim,29,25.0,Clearance|Baby|Sitewide|Clearance|Sitewide|Clearance|Dresses|Clearance|Baby
2025-03-04,4,1318,461,1458385.0,Easter|Baby|Swim|Baby|Easter|Swim|Easter,29,25.0,Clearance|Baby|Sitewide|Clearance|Sitewide|Clearance|Dresses|Clearance|Baby
2025-03-05,4,1318,461,1458385.0,Easter|Baby|Swim|Baby|Easter|Swim|Easter,29,25.0,Clearance|Baby|Sitewide|Clearance|Sitewide|Clearance|Dresses|Clearance|Baby
2025-03-06,4,1318,461,1458385.0,Easter|Baby|Swim|Baby|Easter|Swim|Easter,29,25.0,Clearance|Baby|Sitewide|Clearance|Sitewide|Clearance|Dresses|Clearance|Baby
2025-03-07,4,1318,461,1458385.0,Easter|Baby|Swim|Baby|Easter|Swim|Easter,29,25.0,Clearance|Baby|Sitewide|Clearance|Sitewide|Clearance|Dresses|Clearance|Baby
2025-03-08,4,1318,461,1458385.0,Easter|Baby|Swim|Baby|Easter|Swim|Easter,29,25.0,Clearance|Baby|Sitewide|Clearance|Sitewide|Clearance|Dresses|Clearance|Baby
2025-03-09,4,1318,461,1458385.0,Easter|Baby|Swim|Baby|Easter|Swim|Easter,30,25.0,Clearance|Baby|Sitewide|Clearance|Sitewide|Clearance|Dresses|Clearance|Baby
2025-03-10,4,1318,461,1458385.0,Easter|Baby|Swim|Baby|Easter|Swim|Easter,30,25.0,Clearance|Baby|Sitewide|Clearance|Sitewide|Clearance|Dresses|Clearance|Baby
2025-03-11,4,454,109,888215.0,Sleep/PJs|Easter|Baby|Kids|Sleep/PJs|Swim|Baby|Kids,31,25.0,Clearance|Baby|Sitewide|Clearance|Sitewide|Clearance|Dresses|Clearance|Baby
2025-03-12,4,454,109,888215.0,Sleep/PJs|Easter|Baby|Kids|Sleep/PJs|Swim|Baby|Kids,31,25.0,Clearance|Baby|Sitewide|Clearance|Sitewide|Clearance|Dresses|Clearance|Baby
2025-03-13,4,454,109,888215.0,Sleep/PJs|Easter|Baby|Kids|Sleep/PJs|Swim|Baby|Kids,31,25.0,Clearance|Baby|Sitewide|Clearance|Sitewide|Clearance|Dresses|Clearance|Baby
2025-03-14,4,454,109,888215.0,Sleep/PJs|Easter|Baby|Kids|Sleep/PJs|Swim|Baby|Kids,30,25.0,Clearance|Baby|Sitewide|Clearance|Sitewide|Clearance|Dresses|Clearance|Baby
2025-03-15,4,454,109,888215.0,Sleep/PJs|Easter|Baby|Kids|Sleep/PJs|Swim|Baby|Kids,30,25.0,Clearance|Baby|Sitewide|Clearance|Sitewide|Clearance|Dresses|Clearance|Baby
2025-03-16,4,454,109,888215.0,Sleep/PJs|Easter|Baby|Kids|Sleep/PJs|Swim|Baby|Kids,30,25.0,Clearance|Baby|Sitewide|Clearance|Sitewide|Clearance|Dresses|Clearance|Baby
2025-03-17,4,454,109,888215.0,Sleep/PJs|Easter|Baby|Kids|Sleep/PJs|Swim|Baby|Kids,30,25.0,Clearance|Baby|Sitewide|Clearance|Sitewide|Clearance|Dresses|Clearance|Baby
2025-03-18,4,395,154,427735.0,Dresses|Sleep/PJs|Easter|Baby|Dresses|Sleep/PJs|Swim|Baby|Dresses|Sleep/PJs,31,25.0,Clearance|Baby|Sitewide|Clearance|Sitewide|Clearance|Dresses|Clearance|Baby
2025-03-19,4,395,154,427735.0,Dresses|Sleep/PJs|Easter|Baby|Dresses|Sleep/PJs|Swim|Baby|Dresses|Sleep/PJs,31,25.0,Clearance|Baby|Sitewide|Clearance|Sitewide|Clearance|Dresses|Clearance|Baby
2025-03-20,4,395,154,427735.0,Dresses|Sleep/PJs|Easter|Baby|Dresses|Sleep/PJs|Swim|Baby|Dresses|Sleep/PJs,31,25.0,Clearance|Baby|Sitewide|Clearance|Sitewide|Clearance|Dresses|Clearance|Baby
2025-03-21,2,44,18,44334.0,Easter|Baby|Swim|Baby,31,25.0,Clearance|Baby|Sitewide|Clearance|Sitewide|Clearance|Dresses|Clearance|Baby
2025-03-22,2,44,18,44334.0,Easter|Baby|Swim|Baby,31,25.0,Clearance|Baby|Sitewide|Clearance|Sitewide|Clearance|Dresses|Clearance|Baby
2025-03-23,2,44,18,44334.0,Easter|Baby|Swim|Baby,31,25.0,Clearance|Baby|Sitewide|Clearance|Sitewide|Clearance|Dresses|Clearance|Baby
2025-03-24,2,44,18,44334.0,Easter|Baby|Swim|Baby,31,25.0,Clearance|Baby|Sitewide|Clearance|Sitewide|Clearance|Dresses|Clearance|Baby
2025-03-25,6,2254,781,2655175.0,Swim|Clearance|Easter|Clearance|Easter|Baby|Swim|Clearance|Easter|Baby|Clearance|Easter,31,25.0,Clearance|Baby|Sitewide|Clearance|Sitewide|Clearance|Dresses|Clearance|Baby
2025-03-26,6,2254,781,2655175.0,Swim|Clearance|Easter|Clearance|Easter|Baby|Swim|Clearance|Easter|Baby|Clearance|Easter,31,25.0,Clearance|Baby|Sitewide|Clearance|Sitewide|Clearance|Dresses|Clearance|Baby
2025-03-27,6,2254,781,2655175.0,Swim|Clearance|Easter|Clearance|Easter|Baby|Swim|Clearance|Easter|Baby|Clearance|Easter,31,25.0,Clearance|Baby|Sitewide|Clearance|Sitewide|Clearance|Dresses|Clearance|Baby
2025-03-28,6,2254,781,2655175.0,Swim|Clearance|Easter|Clearance|Easter|Baby|Swim|Clearance|Easter|Baby|Clearance|Easter,31,25.0,Clearance|Baby|Sitewide|Clearance|Sitewide|Clearance|Dresses|Clearance|Baby
2025-03-29,6,2254,781,2655175.0,Swim|Clearance|Easter|Clearance|Easter|Baby|Swim|Clearance|Easter|Baby|Clearance|Easter,31,25.0,Clearance|Baby|Sitewide|Clearance|Sitewide|Clearance|Dresses|Clearance|Baby
2025-03-30,6,2254,781,2655175.0,Swim|Clearance|Easter|Clearance|Easter|Baby|Swim|Clearance|Easter|Baby|Clearance|Easter,31,25.0,Clearance|Baby|Sitewide|Clearance|Sitewide|Clearance|Dresses|Clearance|Baby
2025-03-31,6,2254,781,2655175.0,Swim|Clearance|Easter|Clearance|Easter|Baby|Swim|Clearance|Easter|Baby|Clearance|Easter,31,25.0,Clearance|Baby|Sitewide|Clearance|Sitewide|Clearance|Dresses|Clearance|Baby
2025-04-01,6,2847,969,3648443.0,Dresses|Sleep/PJs|Clearance|Dresses|Clearance|Easter|Baby|Dresses|Sleep/PJs|Clearance|Baby|Dresses|Clearance,31,25.0,Clearance|Baby|Sitewide|Clearance|Sitewide|Clearance|Dresses|Clearance|Baby
2025-04-02,5,2779,928,3622166.0,Dresses|Sleep/PJs|Clearance|Dresses|Clearance|Easter|Baby|Dresses|Sleep/PJs|Clearance|Baby,31,25.0,Clearance|Baby|Sitewide|Clearance|Sitewide|Clearance|Dresses|Clearance|Baby
2025-04-03,5,2779,928,3622166.0,Dresses|Sleep/PJs|Clearance|Dresses|Clearance|Easter|Baby|Dresses|Sleep/PJs|Clearance|Baby,31,25.0,Clearance|Baby|Sitewide|Clearance|Sitewide|Clearance|Dresses|Clearance|Baby
2025-04-04,5,2779,928,3622166.0,Dresses|Sleep/PJs|Clearance|Dresses|Clearance|Easter|Baby|Dresses|Sleep/PJs|Clearance|Baby,32,25.0,Clearance|Baby|Sitewide|Clearance|Sitewide|Clearance|Dresses|Clearance|Baby
2025-04-05,5,2779,928,3622166.0,Dresses|Sleep/PJs|Clearance|Dresses|Clearance|Easter|Baby|Dresses|Sleep/PJs|Clearance|Baby,32,25.0,Clearance|Baby|Sitewide|Clearance|Sitewide|Clearance|Dresses|Clearance|Baby
2025-04-06,5,2779,928,3622166.0,Dresses|Sleep/PJs|Clearance|Dresses|Clearance|Easter|Baby|Dresses|Sleep/PJs|Clearance|Baby,32,25.0,Clearance|Baby|Sitewide|Clearance|Sitewide|Clearance|Dresses|Clearance|Baby
2025-04-07,5,2779,928,3622166.0,Dresses|Sleep/PJs|Clearance|Dresses|Clearance|Easter|Baby|Dresses|Sleep/PJs|Clearance|Baby,31,25.0,Clearance|Baby|Sitewide|Clearance|Sitewide|Clearance|Dresses|Clearance|Baby
2025-04-08,1,67,46,51270.0,Easter,31,25.0,Clearance|Baby|Sitewide|Clearance|Sitewide|Clearance|Dresses|Clearance|Baby
2025-04-09,1,67,46,51270.0,Easter,31,25.0,Clearance|Baby|Sitewide|Clearance|Sitewide|Clearance|Dresses|Clearance|Baby
2025-04-10,1,67,46,51270.0,Easter,31,25.0,Clearance|Baby|Sitewide|Clearance|Sitewide|Clearance|Dresses|Clearance|Baby
2025-04-11,2,544,220,193131.0,Easter|New Arrivals|Easter,32,25.0,Clearance|Baby|Sitewide|Clearance|Sitewide|Clearance|Dresses|Clearance|Baby|Dresses|Sleep/PJs|Swim|Clearance|New Arrivals
2025-04-12,2,544,220,193131.0,Easter|New Arrivals|Easter,32,25.0,Clearance|Baby|Sitewide|Clearance|Sitewide|Clearance|Dresses|Clearance|Baby|Dresses|Sleep/PJs|Swim|Clearance|New Arrivals
2025-04-13,2,544,220,193131.0,Easter|New Arrivals|Easter,32,25.0,Clearance|Baby|Sitewide|Clearance|Sitewide|Clearance|Dresses|Clearance|Baby|Dresses|Sleep/PJs|Swim|Clearance|New Arrivals
2025-04-14,1,67,46,51270.0,Easter,32,25.0,Clearance|Baby|Sitewide|Clearance|Sitewide|Clearance|Dresses|Clearance|Baby|Dresses|Sleep/PJs|Swim|Clearance|New Arrivals
2025-04-15,2,1664,519,2909137.0,Sleep/PJs,33,25.0,Clearance|Baby|Sitewide|Clearance|Sitewide|Clearance|Dresses|Clearance|Baby|Dresses|Sleep/PJs|Swim|Clearance|New Arrivals
2025-04-16,2,1664,519,2909137.0,Sleep/PJs,32,25.0,Clearance|Baby|Sitewide|Clearance|Sitewide|Clearance|Dresses|Clearance|Baby|Dresses|Sleep/PJs|Swim|Clearance|New Arrivals
2025-04-17,2,1664,519,2909137.0,Sleep/PJs,32,25.0,Clearance|Baby|Sitewide|Clearance|Sitewide|Clearance|Dresses|Clearance|Baby|Dresses|Sleep/PJs|Swim|Clearance|New Arrivals
2025-04-18,2,1664,519,2909137.0,Sleep/PJs,32,25.0,Clearance|Baby|Sitewide|Clearance|Sitewide|Clearance|Dresses|Clearance|Baby|Dresses|Sleep/PJs|Swim|Clearance|New Arrivals
2025-04-19,2,1664,519,2909137.0,Sleep/PJs,32,25.0,Clearance|Baby|Sitewide|Clearance|Sitewide|Clearance|Dresses|Clearance|Baby|Dresses|Sleep/PJs|Swim|Clearance|New Arrivals
2025-04-20,2,1664,519,2909137.0,Sleep/PJs,32,25.0,Clearance|Baby|Sitewide|Clearance|Sitewide|Clearance|Dresses|Clearance|Baby|Dresses|Sleep/PJs|Swim|Clearance|New Arrivals
2025-04-21,0,0,0,0.0,,31,25.0,Clearance|Baby|Sitewide|Clearance|Sitewide|Clearance|Dresses|Dresses|Sleep/PJs|Swim|Clearance|New Arrivals
2025-04-22,0,0,0,0.0,,31,25.0,Clearance|Baby|Sitewide|Clearance|Sitewide|Clearance|Dresses|Dresses|Sleep/PJs|Swim|Clearance|New Arrivals
2025-04-23,1,1775,582,2951527.0,Sitewide,31,25.0,Clearance|Baby|Sitewide|Clearance|Sitewide|Clearance|Dresses|Dresses|Sleep/PJs|Swim|Clearance|New Arrivals
2025-04-24,1,1775,582,2951527.0,Sitewide,31,25.0,Clearance|Baby|Sitewide|Clearance|Sitewide|Clearance|Dresses|Dresses|Sleep/PJs|Swim|Clearance|New Arrivals
2025-04-25,1,1775,582,2951527.0,Sitewide,31,25.0,Clearance|Baby|Sitewide|Clearance|Sitewide|Clearance|Dresses|Dresses|Sleep/PJs|Swim|Clearance|New Arrivals
2025-04-26,1,1775,582,2951527.0,Sitewide,31,25.0,Clearance|Baby|Sitewide|Clearance|Sitewide|Clearance|Dresses|Dresses|Sleep/PJs|Swim|Clearance|New Arrivals
2025-04-27,1,1775,582,2951527.0,Sitewide,31,25.0,Clearance|Baby|Sitewide|Clearance|Sitewide|Clearance|Dresses|Dresses|Sleep/PJs|Swim|Clearance|New Arrivals
2025-04-28,1,1775,582,2951527.0,Sitewide,31,25.0,Clearance|Baby|Sitewide|Clearance|Sitewide|Clearance|Dresses|Dresses|Sleep/PJs|Swim|Clearance|New Arrivals
2025-04-29,1,1775,582,2951527.0,Sitewide,31,25.0,Clearance|Baby|Sitewide|Clearance|Sitewide|Clearance|Dresses|Dresses|Sleep/PJs|Swim|Clearance|New Arrivals
2025-04-30,1,1775,582,2951527.0,Sitewide,32,25.0,Clearance|Baby|Sitewide|Clearance|Sitewide|Clearance|Dresses|Dresses|Sleep/PJs|Swim|Clearance|New Arrivals
2025-05-01,1,1775,582,2951527.0,Sitewide,32,25.0,Clearance|Baby|Sitewide|Clearance|Sitewide|Clearance|Dresses|Dresses|Sleep/PJs|Swim|Clearance|New Arrivals
2025-05-02,1,1775,582,2951527.0,Sitewide,32,25.0,Clearance|Baby|Sitewide|Clearance|Sitewide|Clearance|Dresses|Dresses|Sleep/PJs|Swim|Clearance|New Arrivals
2025-05-03,1,1775,582,2951527.0,Sitewide,32,25.0,Clearance|Baby|Sitewide|Clearance|Sitewide|Clearance|Dresses|Dresses|Sleep/PJs|Swim|Clearance|New Arrivals
2025-05-04,1,1775,582,2951527.0,Sitewide,43,25.0,Clearance|Baby|Sitewide|Clearance|Sitewide|Clearance|Dresses|Dresses|Sleep/PJs|Swim|Clearance|New Arrivals
2025-05-05,1,1775,582,2951527.0,Sitewide,44,25.0,Clearance|Baby|Sitewide|Clearance|Sitewide|Clearance|Dresses|Dresses|Sleep/PJs|Swim|Clearance|New Arrivals
2025-05-06,1,1775,582,2951527.0,Sitewide,45,25.0,Clearance|Baby|Sitewide|Clearance|Sitewide|Clearance|Dresses|Dresses|Sleep/PJs|Swim|Clearance|New Arrivals
2025-05-07,3,2666,862,4539651.0,Dresses|Sleep/PJs,47,25.0,Clearance|Baby|Sitewide|Clearance|Sitewide|Clearance|Dresses|Dresses|Sleep/PJs|Swim|Clearance|New Arrivals
2025-05-08,3,2666,862,4539651.0,Dresses|Sleep/PJs,47,25.0,Clearance|Baby|Sitewide|Clearance|Sitewide|Clearance|Dresses|Dresses|Sleep/PJs|Swim|Clearance|New Arrivals
2025-05-09,3,2666,862,4539651.0,Dresses|Sleep/PJs,47,25.0,Clearance|Baby|Sitewide|Clearance|Sitewide|Clearance|Dresses|Dresses|Sleep/PJs|Swim|Clearance|New Arrivals
2025-05-10,3,2666,862,4539651.0,Dresses|Sleep/PJs,47,25.0,Clearance|Baby|Sitewide|Clearance|Sitewide|Clearance|Dresses|Dresses|Sleep/PJs|Swim|Clearance|New Arrivals
2025-05-11,3,2666,862,4539651.0,Dresses|Sleep/PJs,47,25.0,Clearance|Baby|Sitewide|Clearance|Sitewide|Clearance|Dresses|Dresses|Sleep/PJs|Swim|Clearance|New Arrivals
2025-05-12,3,2666,862,4539651.0,Dresses|Sleep/PJs,47,25.0,Clearance|Baby|Sitewide|Clearance|Sitewide|Clearance|Dresses|Dresses|Sleep/PJs|Swim|Clearance|New Arrivals
2025-05-13,3,2307,725,3791938.0,Swim|Baby,48,25.0,Clearance|Baby|Sitewide|Clearance|Sitewide|Clearance|Dresses|Dresses|Sleep/PJs|Swim|Clearance|New Arrivals
2025-05-14,3,2307,725,3791938.0,Swim|Baby,48,25.0,Clearance|Baby|Sitewide|Clearance|Sitewide|Clearance|Dresses|Dresses|Sleep/PJs|Swim|Clearance|New Arrivals
2025-05-15,3,2307,725,3791938.0,Swim|Baby,48,25.0,Clearance|Baby|Sitewide|Clearance|Sitewide|Clearance|Dresses|Dresses|Sleep/PJs|Swim|Clearance|New Arrivals
2025-05-16,3,2307,725,3791938.0,Swim|Baby,48,25.0,Clearance|Baby|Sitewide|Clearance|Sitewide|Clearance|Dresses|Dresses|Sleep/PJs|Swim|Clearance|New Arrivals
2025-05-17,2,2185,815,2744946.0,Clearance,47,25.0,Clearance|Baby|Sitewide|Clearance|Sitewide|Clearance|Dresses|Dresses|Sleep/PJs|Swim|Clearance|New Arrivals
2025-05-18,2,2185,815,2744946.0,Clearance,47,25.0,Clearance|Baby|Sitewide|Clearance|Sitewide|Clearance|Dresses|Dresses|Sleep/PJs|Swim|Clearance|New Arrivals
2025-05-19,2,2185,815,2744946.0,Clearance,47,25.0,Clearance|Baby|Sitewide|Clearance|Sitewide|Clearance|Dresses|Dresses|Sleep/PJs|Swim|Clearance|New Arrivals
2025-05-20,2,2185,815,2744946.0,Clearance,48,25.0,Clearance|Baby|Sitewide|Clearance|Sitewide|Clearance|Dresses|Dresses|Sleep/PJs|Swim|Clearance|New Arrivals
2025-05-21,2,2185,815,2744946.0,Clearance,48,25.0,Clearance|Baby|Sitewide|Clearance|Sitewide|Clearance|Dresses|Dresses|Sleep/PJs|Swim|Clearance|New Arrivals
2025-05-22,2,2185,815,2744946.0,Clearance,48,25.0,Clearance|Baby|Sitewide|Clearance|Sitewide|Clearance|Dresses|Dresses|Sleep/PJs|Swim|Clearance|New Arrivals
2025-05-23,2,2185,815,2744946.0,Clearance,49,25.0,Clearance|Baby|Sitewide|Clearance|Sitewide|Clearance|Dresses|Dresses|Sleep/PJs|Swim|Clearance|New Arrivals
2025-05-24,2,2185,815,2744946.0,Clearance,49,25.0,Clearance|Baby|Sitewide|Clearance|Sitewide|Clearance|Dresses|Dresses|Sleep/PJs|Swim|Clearance|New Arrivals
2025-05-25,2,2185,815,2744946.0,Clearance,37,25.0,Clearance|Baby|Sitewide|Clearance|Sitewide|Clearance|Dresses|Sleep/PJs|Swim|Clearance|New Arrivals|Dresses
2025-05-26,2,2185,815,2744946.0,Clearance,35,25.0,Clearance|Baby|Sitewide|Clearance|Sitewide|Clearance|Dresses|Sleep/PJs|Swim|Clearance|New Arrivals|Dresses
2025-05-27,3,2093,684,3041228.0,Dresses|Kids|Dresses|New Arrivals|Kids,36,25.0,Clearance|Baby|Sitewide|Clearance|Sitewide|Clearance|Dresses|Sleep/PJs|Swim|Clearance|New Arrivals|Dresses
2025-05-28,3,2093,684,3041228.0,Dresses|Kids|Dresses|New Arrivals|Kids,36,25.0,Clearance|Baby|Sitewide|Clearance|Sitewide|Clearance|Dresses|Sleep/PJs|Swim|Clearance|New Arrivals|Dresses
2025-05-29,3,2093,684,3041228.0,Dresses|Kids|Dresses|New Arrivals|Kids,36,25.0,Clearance|Baby|Sitewide|Clearance|Sitewide|Clearance|Dresses|Sleep/PJs|Swim|Clearance|New Arrivals|Dresses
2025-05-30,3,2093,684,3041228.0,Dresses|Kids|Dresses|New Arrivals|Kids,36,25.0,Clearance|Baby|Sitewide|Clearance|Sitewide|Clearance|Dresses|Sleep/PJs|Swim|Clearance|New Arrivals|Dresses
2025-05-31,3,2093,684,3041228.0,Dresses|Kids|Dresses|New Arrivals|Kids,36,25.0,Clearance|Baby|Sitewide|Clearance|Sitewide|Clearance|Dresses|Sleep/PJs|Swim|Clearance|New Arrivals|Dresses
2025-06-01,3,2093,684,3041228.0,Dresses|Kids|Dresses|New Arrivals|Kids,36,25.0,Clearance|Baby|Sitewide|Clearance|Sitewide|Clearance|Dresses|Sleep/PJs|Swim|Clearance|New Arrivals|Dresses
2025-06-02,3,2093,684,3041228.0,Dresses|Kids|Dresses|New Arrivals|Kids,34,25.0,Clearance|Sitewide|Clearance|Clearance|Baby|Sitewide|Dresses|Sleep/PJs|Swim|Clearance|New Arrivals|Dresses
2025-06-03,4,2860,1007,4042101.0,Dresses|Sleep/PJs|Dresses|Sleep/PJs|Clearance,34,25.0,Clearance|Sitewide|Clearance|Clearance|Baby|Sitewide|Dresses|Sleep/PJs|Swim|Clearance|New Arrivals|Dresses
2025-06-04,4,2860,1007,4042101.0,Dresses|Sleep/PJs|Dresses|Sleep/PJs|Clearance,34,25.0,Clearance|Sitewide|Clearance|Clearance|Baby|Sitewide|Dresses|Sleep/PJs|Swim|Clearance|New Arrivals|Dresses
2025-06-05,4,2860,1007,4042101.0,Dresses|Sleep/PJs|Dresses|Sleep/PJs|Clearance,34,25.0,Clearance|Sitewide|Clearance|Clearance|Baby|Sitewide|Dresses|Sleep/PJs|Swim|Clearance|New Arrivals|Dresses
2025-06-06,4,2860,1007,4042101.0,Dresses|Sleep/PJs|Dresses|Sleep/PJs|Clearance,34,25.0,Clearance|Sitewide|Clearance|Clearance|Baby|Sitewide|Dresses|Sleep/PJs|Swim|Clearance|New Arrivals|Dresses
2025-06-07,4,2860,1007,4042101.0,Dresses|Sleep/PJs|Dresses|Sleep/PJs|Clearance,34,25.0,Clearance|Sitewide|Clearance|Clearance|Baby|Sitewide|Dresses|Sleep/PJs|Swim|Clearance|New Arrivals|Dresses
2025-06-08,4,2860,1007,4042101.0,Dresses|Sleep/PJs|Dresses|Sleep/PJs|Clearance,34,25.0,Clearance|Sitewide|Clearance|Clearance|Baby|Sitewide|Dresses|Sleep/PJs|Swim|Clearance|New Arrivals|Dresses
2025-06-09,4,2860,1007,4042101.0,Dresses|Sleep/PJs|Dresses|Sleep/PJs|Clearance,34,25.0,Clearance|Sitewide|Clearance|Clearance|Baby|Sitewide|Dresses|Sleep/PJs|Swim|Clearance|New Arrivals|Dresses
2025-06-10,2,1955,622,2794423.0,Swim,33,25.0,Clearance|Sitewide|Clearance|Clearance|Baby|Sitewide|Dresses|Sleep/PJs|Swim|Clearance|New Arrivals|Dresses
2025-06-11,2,1955,622,2794423.0,Swim,33,25.0,Clearance|Sitewide|Clearance|Clearance|Baby|Sitewide|Dresses|Sleep/PJs|Swim|Clearance|New Arrivals|Dresses
2025-06-12,2,1955,622,2794423.0,Swim,33,25.0,Clearance|Sitewide|Clearance|Clearance|Baby|Sitewide|Dresses|Sleep/PJs|Swim|Clearance|New Arrivals|Dresses
2025-06-13,2,1955,622,2794423.0,Swim,33,25.0,Clearance|Sitewide|Clearance|Clearance|Baby|Sitewide|Dresses|Sleep/PJs|Swim|Clearance|New Arrivals|Dresses
2025-06-14,2,1955,622,2794423.0,Swim,33,25.0,Clearance|Sitewide|Clearance|Clearance|Baby|Sitewide|Dresses|Sleep/PJs|Swim|Clearance|New Arrivals|Dresses
2025-06-15,2,1955,622,2794423.0,Swim,33,25.0,Clearance|Sitewide|Clearance|Clearance|Baby|Sitewide|Dresses|Sleep/PJs|Swim|Clearance|New Arrivals|Dresses
2025-06-16,2,1955,622,2794423.0,Swim,33,25.0,Clearance|Sitewide|Clearance|Clearance|Baby|Sitewide|Dresses|Sleep/PJs|Swim|Clearance|New Arrivals|Dresses
2025-06-17,3,2624,841,3735345.0,Dresses|Sleep/PJs,35,25.0,Clearance|Sitewide|Clearance|Clearance|Baby|Sitewide|Dresses|Sleep/PJs|Swim|Clearance|New Arrivals|Dresses
2025-06-18,3,2624,841,3735345.0,Dresses|Sleep/PJs,35,25.0,Clearance|Sitewide|Clearance|Clearance|Baby|Sitewide|Dresses|Sleep/PJs|Swim|Clearance|New Arrivals|Dresses
2025-06-19,3,2624,841,3735345.0,Dresses|Sleep/PJs,35,25.0,Clearance|Sitewide|Clearance|Clearance|Baby|Sitewide|Dresses|Sleep/PJs|Swim|Clearance|New Arrivals|Dresses
2025-06-20,3,2624,841,3735345.0,Dresses|Sleep/PJs,35,25.0,Clearance|Sitewide|Clearance|Clearance|Baby|Sitewide|Dresses|Sleep/PJs|Swim|Clearance|New Arrivals|Dresses
2025-06-21,8,5943,2177,7899123.0,Dresses|Sleep/PJs|Clearance,32,25.0,Clearance|Sitewide|Clearance|Baby|Sitewide|Dresses|Sleep/PJs|Swim|Clearance|New Arrivals|Clearance|Dresses
2025-06-22,4,2561,1052,3746689.0,Clearance,32,25.0,Clearance|Sitewide|Clearance|Baby|Sitewide|Dresses|Sleep/PJs|Swim|Clearance|New Arrivals|Clearance|Dresses
2025-06-23,4,2561,1052,3746689.0,Clearance,32,25.0,Clearance|Sitewide|Clearance|Baby|Sitewide|Dresses|Sleep/PJs|Swim|Clearance|New Arrivals|Clearance|Dresses
2025-06-24,4,2561,1052,3746689.0,Clearance,32,25.0,Clearance|Sitewide|Clearance|Baby|Sitewide|Dresses|Sleep/PJs|Swim|Clearance|New Arrivals|Clearance|Dresses
2025-06-25,4,2561,1052,3746689.0,Clearance,33,25.0,Clearance|Sitewide|Clearance|Baby|Sitewide|Dresses|Sleep/PJs|Swim|Clearance|New Arrivals|Clearance|Dresses|Dresses|Clearance
2025-06-26,4,2561,1052,3746689.0,Clearance,33,25.0,Clearance|Sitewide|Clearance|Baby|Sitewide|Dresses|Sleep/PJs|Swim|Clearance|New Arrivals|Clearance|Dresses|Dresses|Clearance
2025-06-27,4,2561,1052,3746689.0,Clearance,32,25.0,Clearance|Sitewide|Clearance|Baby|Sitewide|Dresses|Sleep/PJs|Swim|Clearance|New Arrivals|Clearance|Dresses
2025-06-28,4,2561,1052,3746689.0,Clearance,32,25.0,Clearance|Sitewide|Clearance|Baby|Sitewide|Dresses|Sleep/PJs|Swim|Clearance|New Arrivals|Clearance|Dresses
2025-06-29,2,1147,406,1853764.0,Clearance,32,25.0,Clearance|Sitewide|Clearance|Baby|Sitewide|Dresses|Sleep/PJs|Swim|Clearance|New Arrivals|Clearance|Dresses
2025-06-30,1,1040,363,1787998.0,Clearance,32,25.0,Clearance|Sitewide|Clearance|Baby|Sitewide|Dresses|Sleep/PJs|Swim|Clearance|New Arrivals|Clearance|Dresses
2025-07-01,1,27,16,44587.0,Clearance,29,25.0,Clearance|Sitewide|Clearance|Baby|Sitewide|Dresses|Sleep/PJs|Swim|Clearance|New Arrivals|Clearance|Dresses
2025-07-02,1,27,16,44587.0,Clearance,29,25.0,Clearance|Sitewide|Clearance|Baby|Sitewide|Dresses|Sleep/PJs|Swim|Clearance|New Arrivals|Clearance|Dresses
2025-07-03,0,0,0,0.0,,29,25.0,Clearance|Sitewide|Clearance|Baby|Sitewide|Dresses|Sleep/PJs|Swim|Clearance|New Arrivals|Clearance|Dresses
2025-07-04,1,866,320,475989.0,Clearance,29,25.0,Clearance|Sitewide|Clearance|Baby|Sitewide|Dresses|Sleep/PJs|Swim|Clearance|New Arrivals|Clearance|Dresses
2025-07-05,0,0,0,0.0,,29,25.0,Clearance|Sitewide|Clearance|Baby|Sitewide|Dresses|Sleep/PJs|Swim|Clearance|New Arrivals|Clearance|Dresses
2025-07-06,0,0,0,0.0,,29,25.0,Clearance|Sitewide|Clearance|Baby|Sitewide|Dresses|Sleep/PJs|Swim|Clearance|New Arrivals|Clearance|Dresses
2025-07-07,0,0,0,0.0,,29,25.0,Clearance|Sitewide|Clearance|Baby|Sitewide|Dresses|Sleep/PJs|Swim|Clearance|New Arrivals|Clearance|Dresses
2025-07-08,0,0,0,0.0,,30,25.0,Clearance|Sitewide|Clearance|Baby|Sitewide|Dresses|Sleep/PJs|Swim|Clearance|New Arrivals|Clearance|Dresses|Dresses|Clearance
2025-07-09,3,1024,373,1859579.0,Sleep/PJs|Baby|Kids,30,25.0,Clearance|Sitewide|Clearance|Baby|Sitewide|Dresses|Sleep/PJs|Swim|Clearance|New Arrivals|Clearance|Dresses|Dresses|Clearance
2025-07-10,3,1024,373,1859579.0,Sleep/PJs|Baby|Kids,30,25.0,Clearance|Sitewide|Clearance|Baby|Sitewide|Dresses|Sleep/PJs|Swim|Clearance|New Arrivals|Clearance|Dresses|Dresses|Clearance
2025-07-11,3,1001,371,1812144.0,Sleep/PJs|Baby|Kids,30,25.0,Clearance|Sitewide|Clearance|Baby|Sitewide|Dresses|Sleep/PJs|Swim|Clearance|New Arrivals|Clearance|Dresses|Dresses|Clearance
2025-07-12,3,1001,371,1812144.0,Sleep/PJs|Baby|Kids,29,25.0,Clearance|Sitewide|Clearance|Baby|Sitewide|Dresses|Sleep/PJs|Swim|Clearance|New Arrivals|Clearance|Dresses
2025-07-13,2,994,368,1798058.0,Sleep/PJs|Baby|Kids,29,25.0,Clearance|Sitewide|Clearance|Baby|Sitewide|Dresses|Sleep/PJs|Swim|Clearance|New Arrivals|Clearance|Dresses
2025-07-14,2,994,368,1798058.0,Sleep/PJs|Baby|Kids,29,25.0,Clearance|Sitewide|Clearance|Baby|Sitewide|Dresses|Sleep/PJs|Swim|Clearance|New Arrivals|Clearance|Dresses
2025-07-15,5,2673,932,2815220.0,Kids|Clearance|Kids|Dresses|Kids|Swim|Kids,31,25.0,Clearance|Sitewide|Clearance|Baby|Sitewide|Dresses|Sleep/PJs|Swim|Clearance|New Arrivals|Clearance|Dresses
2025-07-16,5,2673,932,2815220.0,Kids|Clearance|Kids|Dresses|Kids|Swim|Kids,31,25.0,Clearance|Sitewide|Clearance|Baby|Sitewide|Dresses|Sleep/PJs|Swim|Clearance|New Arrivals|Clearance|Dresses
2025-07-17,5,2673,932,2815220.0,Kids|Clearance|Kids|Dresses|Kids|Swim|Kids,31,25.0,Clearance|Sitewide|Clearance|Baby|Sitewide|Dresses|Sleep/PJs|Swim|Clearance|New Arrivals|Clearance|Dresses
2025-07-18,5,2673,932,2815220.0,Kids|Clearance|Kids|Dresses|Kids|Swim|Kids,31,25.0,Clearance|Sitewide|Clearance|Baby|Sitewide|Dresses|Sleep/PJs|Swim|Clearance|New Arrivals|Clearance|Dresses
2025-07-19,5,2673,932,2815220.0,Kids|Clearance|Kids|Dresses|Kids|Swim|Kids,31,25.0,Clearance|Sitewide|Clearance|Baby|Sitewide|Dresses|Sleep/PJs|Swim|Clearance|New Arrivals|Clearance|Dresses
2025-07-20,5,2673,932,2815220.0,Kids|Clearance|Kids|Dresses|Kids|Swim|Kids,31,25.0,Clearance|Sitewide|Clearance|Baby|Sitewide|Dresses|Sleep/PJs|Swim|Clearance|New Arrivals|Clearance|Dresses
2025-07-21,5,2673,932,2815220.0,Kids|Clearance|Kids|Dresses|Kids|Swim|Kids,31,25.0,Clearance|Sitewide|Clearance|Baby|Sitewide|Dresses|Sleep/PJs|Swim|Clearance|New Arrivals|Clearance|Dresses
2025-07-22,4,3334,1108,3711774.0,Sleep/PJs|Swim|Sleep/PJs|Swim|Clearance,31,25.0,Clearance|Sitewide|Clearance|Baby|Sitewide|Dresses|Sleep/PJs|Swim|Clearance|New Arrivals|Clearance|Dresses
2025-07-23,4,3334,1108,3711774.0,Sleep/PJs|Swim|Sleep/PJs|Swim|Clearance,31,25.0,Clearance|Sitewide|Clearance|Baby|Sitewide|Dresses|Sleep/PJs|Swim|Clearance|New Arrivals|Clearance|Dresses
2025-07-24,4,3334,1108,3711774.0,Sleep/PJs|Swim|Sleep/PJs|Swim|Clearance,31,25.0,Clearance|Sitewide|Clearance|Baby|Sitewide|Dresses|Sleep/PJs|Swim|Clearance|New Arrivals|Clearance|Dresses
2025-07-25,4,3334,1108,3711774.0,Sleep/PJs|Swim|Sleep/PJs|Swim|Clearance,31,25.0,Clearance|Sitewide|Clearance|Baby|Sitewide|Dresses|Sleep/PJs|Swim|Clearance|New Arrivals|Clearance|Dresses
2025-07-26,4,3334,1108,3711774.0,Sleep/PJs|Swim|Sleep/PJs|Swim|Clearance,31,25.0,Clearance|Sitewide|Clearance|Baby|Sitewide|Dresses|Sleep/PJs|Swim|Clearance|New Arrivals|Clearance|Dresses
2025-07-27,4,3334,1108,3711774.0,Sleep/PJs|Swim|Sleep/PJs|Swim|Clearance,31,25.0,Clearance|Sitewide|Clearance|Baby|Sitewide|Dresses|Sleep/PJs|Swim|Clearance|New Arrivals|Clearance|Dresses
2025-07-28,4,3334,1108,3711774.0,Sleep/PJs|Swim|Sleep/PJs|Swim|Clearance,31,25.0,Clearance|Sitewide|Clearance|Baby|Sitewide|Dresses|Sleep/PJs|Swim|Clearance|New Arrivals|Clearance|Dresses
2025-07-29,3,2014,654,2647693.0,Sleep/PJs|Dresses|Sleep/PJs,31,25.0,Clearance|Sitewide|Clearance|Baby|Sitewide|Dresses|Sleep/PJs|Swim|Clearance|New Arrivals|Clearance|Dresses
2025-07-30,3,2014,654,2647693.0,Sleep/PJs|Dresses|Sleep/PJs,31,25.0,Clearance|Sitewide|Clearance|Baby|Sitewide|Dresses|Sleep/PJs|Swim|Clearance|New Arrivals|Clearance|Dresses
2025-07-31,3,2014,654,2647693.0,Sleep/PJs|Dresses|Sleep/PJs,34,25.0,Clearance|Sitewide|Clearance|Baby|Sitewide|Dresses|Sleep/PJs|Swim|Clearance|New Arrivals|Clearance|Dresses
2025-08-01,3,2014,654,2647693.0,Sleep/PJs|Dresses|Sleep/PJs,34,25.0,Clearance|Sitewide|Clearance|Baby|Sitewide|Dresses|Sleep/PJs|Swim|Clearance|New Arrivals|Clearance|Dresses
2025-08-02,3,2014,654,2647693.0,Sleep/PJs|Dresses|Sleep/PJs,34,25.0,Clearance|Sitewide|Clearance|Baby|Sitewide|Dresses|Sleep/PJs|Swim|Clearance|New Arrivals|Clearance|Dresses
2025-08-03,3,2014,654,2647693.0,Sleep/PJs|Dresses|Sleep/PJs,46,25.0,Clearance|Sitewide|Clearance|Baby|Sitewide|Dresses|Sleep/PJs|Swim|Clearance|New Arrivals|Clearance|Dresses
2025-08-04,3,2014,654,2647693.0,Sleep/PJs|Dresses|Sleep/PJs,46,25.0,Clearance|Sitewide|Clearance|Baby|Sitewide|Dresses|Sleep/PJs|Swim|Clearance|New Arrivals|Clearance|Dresses
2025-08-05,1,1673,555,2609619.0,Kids,47,25.0,Clearance|Sitewide|Clearance|Baby|Sitewide|Dresses|Sleep/PJs|Swim|Clearance|New Arrivals|Clearance|Dresses
2025-08-06,1,1673,555,2609619.0,Kids,47,25.0,Clearance|Sitewide|Clearance|Baby|Sitewide|Dresses|Sleep/PJs|Swim|Clearance|New Arrivals|Clearance|Dresses
2025-08-07,1,1673,555,2609619.0,Kids,47,25.0,Clearance|Sitewide|Clearance|Baby|Sitewide|Dresses|Sleep/PJs|Swim|Clearance|New Arrivals|Clearance|Dresses
2025-08-08,1,1673,555,2609619.0,Kids,47,25.0,Clearance|Sitewide|Clearance|Baby|Sitewide|Dresses|Sleep/PJs|Swim|Clearance|New Arrivals|Clearance|Dresses
2025-08-09,1,1673,555,2609619.0,Kids,47,25.0,Clearance|Sitewide|Clearance|Baby|Sitewide|Dresses|Sleep/PJs|Swim|Clearance|New Arrivals|Clearance|Dresses
2025-08-10,1,1673,555,2609619.0,Kids,47,25.0,Clearance|Sitewide|Clearance|Baby|Sitewide|Dresses|Sleep/PJs|Swim|Clearance|New Arrivals|Clearance|Dresses
2025-08-11,1,1673,555,2609619.0,Kids,49,25.0,Clearance|Sitewide|Clearance|Baby|Sitewide|Dresses|Sleep/PJs|Swim|Clearance|New Arrivals|Clearance|Dresses|Dresses|Clearance
2025-08-12,3,1965,681,1885038.0,Sleep/PJs|Halloween|Dresses|Sleep/PJs|Halloween,50,25.0,Clearance|Sitewide|Clearance|Baby|Sitewide|Dresses|Sleep/PJs|Swim|Clearance|New Arrivals|Clearance|Dresses|Dresses|Clearance
2025-08-13,3,1965,681,1885038.0,Sleep/PJs|Halloween|Dresses|Sleep/PJs|Halloween,50,25.0,Clearance|Sitewide|Clearance|Baby|Sitewide|Dresses|Sleep/PJs|Swim|Clearance|New Arrivals|Clearance|Dresses|Dresses|Clearance
2025-08-14,3,1965,681,1885038.0,Sleep/PJs|Halloween|Dresses|Sleep/PJs|Halloween,51,30.0,Clearance|Sitewide|Clearance|Baby|Sitewide|Dresses|Sleep/PJs|Swim|Clearance|New Arrivals|Clearance|Dresses|Dresses|Clearance
2025-08-15,3,1965,681,1885038.0,Sleep/PJs|Halloween|Dresses|Sleep/PJs|Halloween,51,30.0,Clearance|Sitewide|Clearance|Baby|Sitewide|Dresses|Sleep/PJs|Swim|Clearance|New Arrivals|Clearance|Dresses|Dresses|Clearance
2025-08-16,3,1965,681,1885038.0,Sleep/PJs|Halloween|Dresses|Sleep/PJs|Halloween,51,30.0,Clearance|Sitewide|Clearance|Baby|Sitewide|Dresses|Sleep/PJs|Swim|Clearance|New Arrivals|Clearance|Dresses|Dresses|Clearance
2025-08-17,3,1965,681,1885038.0,Sleep/PJs|Halloween|Dresses|Sleep/PJs|Halloween,51,30.0,Clearance|Sitewide|Clearance|Baby|Sitewide|Dresses|Sleep/PJs|Swim|Clearance|New Arrivals|Clearance|Dresses|Dresses|Clearance
2025-08-18,1,347,71,717547.0,Sleep/PJs,51,30.0,Clearance|Sitewide|Clearance|Baby|Sitewide|Dresses|Sleep/PJs|Swim|Clearance|New Arrivals|Clearance|Dresses|Dresses|Clearance
2025-08-19,1,347,71,717547.0,Sleep/PJs,51,30.0,Clearance|Sitewide|Clearance|Baby|Sitewide|Dresses|Sleep/PJs|Swim|Clearance|New Arrivals|Clearance|Dresses|Dresses|Clearance
2025-08-20,1,347,71,717547.0,Sleep/PJs,51,30.0,Clearance|Sitewide|Clearance|Baby|Sitewide|Dresses|Sleep/PJs|Swim|Clearance|New Arrivals|Clearance|Dresses|Dresses|Clearance
2025-08-21,0,0,0,0.0,,50,30.0,Clearance|Sitewide|Clearance|Baby|Sitewide|Dresses|Sleep/PJs|Swim|Clearance|New Arrivals|Clearance|Dresses|Dresses|Clearance
2025-08-22,0,0,0,0.0,,50,30.0,Clearance|Sitewide|Clearance|Baby|Sitewide|Dresses|Sleep/PJs|Swim|Clearance|New Arrivals|Clearance|Dresses|Dresses|Clearance
2025-08-23,0,0,0,0.0,,50,30.0,Clearance|Sitewide|Clearance|Baby|Sitewide|Dresses|Sleep/PJs|Swim|Clearance|New Arrivals|Clearance|Dresses|Dresses|Clearance
2025-08-24,1,1500,506,2940247.0,,37,30.0,Clearance|Sitewide|Clearance|Baby|Sitewide|Dresses|Sleep/PJs|Swim|Clearance|New Arrivals|Clearance|Dresses|Dresses|Clearance
2025-08-25,2,1649,582,3013695.0,Clearance,37,30.0,Clearance|Sitewide|Clearance|Baby|Sitewide|Dresses|Sleep/PJs|Swim|Clearance|New Arrivals|Clearance|Dresses|Dresses|Clearance
2025-08-26,1,1500,506,2940247.0,,37,30.0,Clearance|Sitewide|Clearance|Baby|Sitewide|Dresses|Sleep/PJs|Swim|Clearance|New Arrivals|Clearance|Dresses|Dresses|Clearance
2025-08-27,1,1500,506,2940247.0,,37,30.0,Clearance|Sitewide|Clearance|Baby|Sitewide|Dresses|Sleep/PJs|Swim|Clearance|New Arrivals|Clearance|Dresses|Dresses|Clearance
2025-08-28,1,1500,506,2940247.0,,37,30.0,Clearance|Sitewide|Clearance|Baby|Sitewide|Dresses|Sleep/PJs|Swim|Clearance|New Arrivals|Clearance|Dresses|Dresses|Clearance
2025-08-29,1,1500,506,2940247.0,,37,30.0,Clearance|Sitewide|Clearance|Baby|Sitewide|Dresses|Sleep/PJs|Swim|Clearance|New Arrivals|Clearance|Dresses|Dresses|Clearance
2025-08-30,1,1500,506,2940247.0,,37,30.0,Clearance|Sitewide|Clearance|Baby|Sitewide|Dresses|Sleep/PJs|Swim|Clearance|New Arrivals|Clearance|Dresses|Dresses|Clearance
2025-08-31,1,1500,506,2940247.0,,37,30.0,Clearance|Sitewide|Clearance|Baby|Sitewide|Dresses|Sleep/PJs|Swim|Clearance|New Arrivals|Clearance|Dresses|Dresses|Clearance
2025-09-01,1,1500,506,2940247.0,,37,30.0,Clearance|Sitewide|Clearance|Baby|Sitewide|Dresses|Sleep/PJs|Swim|Clearance|New Arrivals|Clearance|Dresses|Dresses|Clearance
2025-09-02,1,1500,506,2940247.0,,37,30.0,Clearance|Sitewide|Clearance|Baby|Sitewide|Dresses|Sleep/PJs|Swim|Clearance|New Arrivals|Clearance|Dresses|Dresses|Clearance
2025-09-03,2,956,266,1640642.0,Sleep/PJs|Baby|Sleep/PJs,38,30.0,Clearance|Sitewide|Clearance|Baby|Sitewide|Dresses|Sleep/PJs|Swim|Clearance|New Arrivals|Clearance|Dresses|Dresses|Clearance
2025-09-04,0,0,0,0.0,,38,30.0,Clearance|Sitewide|Clearance|Baby|Sitewide|Dresses|Sleep/PJs|Swim|Clearance|New Arrivals|Clearance|Dresses|Dresses|Clearance
2025-09-05,0,0,0,0.0,,40,30.0,Clearance|Sitewide|Clearance|Baby|Sitewide|Dresses|Sleep/PJs|Swim|Clearance|New Arrivals|Clearance|Dresses|Dresses|Clearance|Dresses|Clearance|Sitewide
2025-09-06,1,13,13,34167.0,Sleep/PJs|Holiday,40,30.0,Clearance|Sitewide|Clearance|Baby|Sitewide|Dresses|Sleep/PJs|Swim|Clearance|New Arrivals|Clearance|Dresses|Dresses|Clearance|Dresses|Clearance|Sitewide
2025-09-07,1,13,13,34167.0,Sleep/PJs|Holiday,40,30.0,Clearance|Sitewide|Clearance|Baby|Sitewide|Dresses|Sleep/PJs|Swim|Clearance|New Arrivals|Clearance|Dresses|Dresses|Clearance|Dresses|Clearance|Sitewide
2025-09-08,1,13,13,34167.0,Sleep/PJs|Holiday,40,30.0,Clearance|Sitewide|Clearance|Baby|Sitewide|Dresses|Sleep/PJs|Swim|Clearance|New Arrivals|Clearance|Dresses|Dresses|Clearance|Dresses|Clearance|Sitewide
2025-09-09,2,256,110,597787.0,Dresses|Halloween|Halloween,42,30.0,Clearance|Sitewide|Clearance|Baby|Sitewide|Dresses|Sleep/PJs|Swim|Clearance|New Arrivals|Clearance|Dresses|Dresses|Clearance|Dresses|Clearance|Sitewide
2025-09-10,0,0,0,0.0,,42,30.0,Clearance|Sitewide|Clearance|Baby|Sitewide|Dresses|Sleep/PJs|Swim|Clearance|New Arrivals|Clearance|Dresses|Dresses|Clearance|Dresses|Clearance|Sitewide
2025-09-11,0,0,0,0.0,,42,30.0,Clearance|Sitewide|Clearance|Baby|Sitewide|Dresses|Sleep/PJs|Swim|Clearance|New Arrivals|Clearance|Dresses|Dresses|Clearance|Dresses|Clearance|Sitewide
2025-09-12,0,0,0,0.0,,40,30.0,Clearance|Sitewide|Clearance|Baby|Sitewide|Dresses|Sleep/PJs|Swim|Clearance|New Arrivals|Clearance|Dresses|Dresses|Clearance|Dresses|Clearance|Sitewide
2025-09-13,0,0,0,0.0,,40,30.0,Clearance|Sitewide|Clearance|Baby|Sitewide|Dresses|Sleep/PJs|Swim|Clearance|New Arrivals|Clearance|Dresses|Dresses|Clearance|Dresses|Clearance|Sitewide
2025-09-14,0,0,0,0.0,,40,30.0,Clearance|Sitewide|Clearance|Baby|Sitewide|Dresses|Sleep/PJs|Swim|Clearance|New Arrivals|Clearance|Dresses|Dresses|Clearance|Dresses|Clearance|Sitewide
2025-09-15,0,0,0,0.0,,40,30.0,Clearance|Sitewide|Clearance|Baby|Sitewide|Dresses|Sleep/PJs|Swim|Clearance|New Arrivals|Clearance|Dresses|Dresses|Clearance|Dresses|Clearance|Sitewide
2025-09-16,0,0,0,0.0,,40,30.0,Clearance|Sitewide|Clearance|Baby|Sitewide|Dresses|Sleep/PJs|Swim|Clearance|New Arrivals|Clearance|Dresses|Dresses|Clearance|Dresses|Clearance|Sitewide
2025-09-17,0,0,0,0.0,,40,30.0,Clearance|Sitewide|Clearance|Baby|Sitewide|Dresses|Sleep/PJs|Swim|Clearance|New Arrivals|Clearance|Dresses|Dresses|Clearance|Dresses|Clearance|Sitewide
2025-09-18,1,69,30,100958.0,Clearance,39,25.0,Clearance|Sitewide|Clearance|Baby|Sitewide|Dresses|Sleep/PJs|Swim|Clearance|New Arrivals|Clearance|Dresses|Dresses|Clearance|Sitewide|Dresses|Clearance
2025-09-19,0,0,0,0.0,,39,25.0,Clearance|Sitewide|Clearance|Baby|Sitewide|Dresses|Sleep/PJs|Swim|Clearance|New Arrivals|Clearance|Dresses|Dresses|Clearance|Sitewide|Dresses|Clearance
2025-09-20,0,0,0,0.0,,39,25.0,Clearance|Sitewide|Clearance|Baby|Sitewide|Dresses|Sleep/PJs|Swim|Clearance|New Arrivals|Clearance|Dresses|Dresses|Clearance|Sitewide|Dresses|Clearance
2025-09-21,0,0,0,0.0,,39,25.0,Clearance|Sitewide|Clearance|Baby|Sitewide|Dresses|Sleep/PJs|Swim|Clearance|New Arrivals|Clearance|Dresses|Dresses|Clearance|Sitewide|Dresses|Clearance
2025-09-22,0,0,0,0.0,,39,25.0,Clearance|Sitewide|Clearance|Baby|Sitewide|Dresses|Sleep/PJs|Swim|Clearance|New Arrivals|Clearance|Dresses|Dresses|Clearance|Sitewide|Dresses|Clearance
2025-09-23,0,0,0,0.0,,39,25.0,Clearance|Sitewide|Clearance|Baby|Sitewide|Dresses|Sleep/PJs|Swim|Clearance|New Arrivals|Clearance|Dresses|Dresses|Clearance|Sitewide|Dresses|Clearance
2025-09-24,2,570,140,1195747.0,Sleep/PJs|Halloween|Sleep/PJs,40,25.0,Clearance|Sitewide|Clearance|Baby|Sitewide|Dresses|Sleep/PJs|Swim|Clearance|New Arrivals|Clearance|Dresses|Dresses|Clearance|Sitewide|Dresses|Clearance
2025-09-25,2,570,140,1195747.0,Sleep/PJs|Halloween|Sleep/PJs,40,25.0,Clearance|Sitewide|Clearance|Baby|Sitewide|Dresses|Sleep/PJs|Swim|Clearance|New Arrivals|Clearance|Dresses|Dresses|Clearance|Sitewide|Dresses|Clearance
2025-09-26,2,570,140,1195747.0,Sleep/PJs|Halloween|Sleep/PJs,40,25.0,Clearance|Sitewide|Clearance|Baby|Sitewide|Dresses|Sleep/PJs|Swim|Clearance|New Arrivals|Clearance|Dresses|Dresses|Clearance|Sitewide|Dresses|Clearance
2025-09-27,2,570,140,1195747.0,Sleep/PJs|Halloween|Sleep/PJs,40,25.0,Clearance|Sitewide|Clearance|Baby|Sitewide|Dresses|Sleep/PJs|Swim|Clearance|New Arrivals|Clearance|Dresses|Dresses|Clearance|Sitewide|Dresses|Clearance
2025-09-28,2,570,140,1195747.0,Sleep/PJs|Halloween|Sleep/PJs,40,25.0,Clearance|Sitewide|Clearance|Baby|Sitewide|Dresses|Sleep/PJs|Swim|Clearance|New Arrivals|Clearance|Dresses|Dresses|Clearance|Sitewide|Dresses|Clearance
2025-09-29,2,570,140,1195747.0,Sleep/PJs|Halloween|Sleep/PJs,40,25.0,Clearance|Sitewide|Clearance|Baby|Sitewide|Dresses|Sleep/PJs|Swim|Clearance|New Arrivals|Clearance|Dresses|Dresses|Clearance|Sitewide|Dresses|Clearance
2025-09-30,2,570,140,1195747.0,Sleep/PJs|Halloween|Sleep/PJs,40,25.0,Clearance|Sitewide|Clearance|Baby|Sitewide|Dresses|Sleep/PJs|Swim|Clearance|New Arrivals|Clearance|Dresses|Dresses|Clearance|Sitewide|Dresses|Clearance
2025-10-01,3,1148,362,1693453.0,Dresses|Halloween|Dresses|Sleep/PJs|Halloween,38,25.0,Clearance|Sitewide|Clearance|Baby|Sitewide|Dresses|Sleep/PJs|Swim|Clearance|New Arrivals|Clearance|Dresses|Dresses|Clearance|Sitewide|Dresses|Clearance|Dresses|Clearance|Halloween
2025-10-02,3,1148,362,1693453.0,Dresses|Halloween|Dresses|Sleep/PJs|Halloween,37,25.0,Clearance|Sitewide|Clearance|Baby|Sitewide|Dresses|Sleep/PJs|Swim|Clearance|New Arrivals|Clearance|Dresses|Dresses|Clearance|Sitewide|Dresses|Clearance
2025-10-03,3,1148,362,1693453.0,Dresses|Halloween|Dresses|Sleep/PJs|Halloween,37,25.0,Clearance|Sitewide|Clearance|Baby|Sitewide|Dresses|Sleep/PJs|Swim|Clearance|New Arrivals|Clearance|Dresses|Dresses|Clearance|Sitewide|Dresses|Clearance
2025-10-04,3,1148,362,1693453.0,Dresses|Halloween|Dresses|Sleep/PJs|Halloween,35,25.0,Clearance|Sitewide|Clearance|Baby|Sitewide|Dresses|Sleep/PJs|Swim|Clearance|New Arrivals|Clearance|Dresses|Dresses|Clearance|Sitewide|Dresses|Clearance
2025-10-05,3,1148,362,1693453.0,Dresses|Halloween|Dresses|Sleep/PJs|Halloween,37,25.0,Clearance|Sitewide|Clearance|Baby|Sitewide|Dresses|Sleep/PJs|Swim|Clearance|New Arrivals|Clearance|Dresses|Dresses|Clearance|Sitewide|Dresses|Clearance|Dresses|Clearance|Holiday
2025-10-06,3,1148,362,1693453.0,Dresses|Halloween|Dresses|Sleep/PJs|Halloween,36,25.0,Clearance|Sitewide|Clearance|Baby|Sitewide|Dresses|Sleep/PJs|Swim|Clearance|New Arrivals|Clearance|Dresses|Dresses|Clearance|Dresses|Clearance|Holiday
2025-10-07,0,0,0,0.0,,36,25.0,Clearance|Sitewide|Clearance|Baby|Sitewide|Dresses|Sleep/PJs|Swim|Clearance|New Arrivals|Clearance|Dresses|Dresses|Clearance|Dresses|Clearance|Holiday
2025-10-08,0,0,0,0.0,,36,25.0,Clearance|Sitewide|Clearance|Baby|Sitewide|Dresses|Sleep/PJs|Swim|Clearance|New Arrivals|Clearance|Dresses|Dresses|Clearance|Dresses|Clearance|Holiday
2025-10-09,7,165,82,104424.0,Clearance|Sitewide|Clearance|Holiday|Sleep/PJs|Clearance|Holiday|Sitewide|Valentine|Sleep/PJs|Clearance|Sitewide|Valentine|Clearance|Sitewide|Sleep/PJs|Clearance|Holiday|Clearance|New Arrivals|Holiday,36,25.0,Clearance|Sitewide|Clearance|Baby|Sitewide|Dresses|Sleep/PJs|Swim|Clearance|New Arrivals|Clearance|Dresses|Dresses|Clearance|Dresses|Clearance|Holiday
2025-10-10,0,0,0,0.0,,36,25.0,Clearance|Sitewide|Clearance|Baby|Sitewide|Dresses|Sleep/PJs|Swim|Clearance|New Arrivals|Clearance|Dresses|Dresses|Clearance|Dresses|Clearance|Holiday
2025-10-11,0,0,0,0.0,,36,25.0,Clearance|Sitewide|Clearance|Baby|Sitewide|Dresses|Sleep/PJs|Swim|Clearance|New Arrivals|Clearance|Dresses|Dresses|Clearance|Dresses|Clearance|Holiday
2025-10-12,0,0,0,0.0,,36,25.0,Clearance|Sitewide|Clearance|Baby|Sitewide|Dresses|Sleep/PJs|Swim|Clearance|New Arrivals|Clearance|Dresses|Dresses|Clearance|Dresses|Clearance|Holiday
2025-10-13,1,83,55,101710.0,Halloween|Sitewide,36,25.0,Clearance|Sitewide|Clearance|Baby|Sitewide|Dresses|Sleep/PJs|Swim|Clearance|New Arrivals|Clearance|Dresses|Dresses|Clearance|Dresses|Clearance|Holiday
2025-10-14,1,50,33,86146.0,Holiday|Sitewide,36,25.0,Clearance|Sitewide|Clearance|Baby|Sitewide|Dresses|Sleep/PJs|Swim|Clearance|New Arrivals|Clearance|Dresses|Dresses|Clearance|Dresses|Clearance|Holiday
2025-10-15,1,50,37,132198.0,Holiday|Sitewide,36,25.0,Clearance|Sitewide|Clearance|Baby|Sitewide|Dresses|Sleep/PJs|Swim|Clearance|New Arrivals|Clearance|Dresses|Dresses|Clearance|Dresses|Clearance|Holiday
2025-10-16,0,0,0,0.0,,36,25.0,Clearance|Sitewide|Clearance|Baby|Sitewide|Dresses|Sleep/PJs|Swim|Clearance|New Arrivals|Clearance|Dresses|Dresses|Clearance|Dresses|Clearance|Holiday
2025-10-17,0,0,0,0.0,,36,25.0,Clearance|Sitewide|Clearance|Baby|Sitewide|Dresses|Sleep/PJs|Swim|Clearance|New Arrivals|Clearance|Dresses|Dresses|Clearance|Dresses|Clearance|Holiday
2025-10-18,0,0,0,0.0,,36,25.0,Clearance|Sitewide|Clearance|Baby|Sitewide|Dresses|Sleep/PJs|Swim|Clearance|New Arrivals|Clearance|Dresses|Dresses|Clearance|Dresses|Clearance|Holiday
2025-10-19,0,0,0,0.0,,36,25.0,Clearance|Sitewide|Clearance|Baby|Sitewide|Dresses|Sleep/PJs|Swim|Clearance|New Arrivals|Clearance|Dresses|Dresses|Clearance|Dresses|Clearance|Holiday
2025-10-20,0,0,0,0.0,,36,25.0,Clearance|Sitewide|Clearance|Baby|Sitewide|Dresses|Sleep/PJs|Swim|Clearance|New Arrivals|Clearance|Dresses|Dresses|Clearance|Dresses|Clearance|Holiday
2025-10-21,0,0,0,0.0,,37,25.0,Clearance|Sitewide|Clearance|Baby|Sitewide|Dresses|Sleep/PJs|Swim|Clearance|New Arrivals|Clearance|Dresses|Dresses|Clearance|Dresses|Clearance|Holiday
2025-10-22,2,943,356,1215979.0,Dresses|Holiday|Baby|Dresses|Clearance|Holiday,38,25.0,Clearance|Sitewide|Clearance|Baby|Sitewide|Dresses|Sleep/PJs|Swim|Clearance|New Arrivals|Clearance|Dresses|Dresses|Clearance|Dresses|Clearance|Holiday
2025-10-23,1,810,278,1128751.0,Dresses|Holiday|Baby,38,25.0,Clearance|Sitewide|Clearance|Baby|Sitewide|Dresses|Sleep/PJs|Swim|Clearance|New Arrivals|Clearance|Dresses|Dresses|Clearance|Dresses|Clearance|Holiday
2025-10-24,1,810,278,1128751.0,Dresses|Holiday|Baby,38,25.0,Clearance|Sitewide|Clearance|Baby|Sitewide|Dresses|Sleep/PJs|Swim|Clearance|New Arrivals|Clearance|Dresses|Dresses|Clearance|Dresses|Clearance|Holiday
2025-10-25,0,0,0,0.0,,40,25.0,Clearance|Sitewide|Clearance|Baby|Sitewide|Dresses|Sleep/PJs|Swim|Clearance|New Arrivals|Clearance|Dresses|Dresses|Clearance|Dresses|Clearance|Holiday
2025-10-26,0,0,0,0.0,,40,25.0,Clearance|Sitewide|Clearance|Baby|Sitewide|Dresses|Sleep/PJs|Swim|Clearance|New Arrivals|Clearance|Dresses|Dresses|Clearance|Dresses|Clearance|Holiday
2025-10-27,0,0,0,0.0,,38,25.0,Clearance|Sitewide|Clearance|Baby|Sitewide|Dresses|Sleep/PJs|Swim|Clearance|New Arrivals|Clearance|Dresses|Dresses|Clearance|Dresses|Clearance|Holiday
2025-10-28,0,0,0,0.0,,38,25.0,Clearance|Sitewide|Clearance|Baby|Sitewide|Dresses|Sleep/PJs|Swim|Clearance|New Arrivals|Clearance|Dresses|Dresses|Clearance|Dresses|Clearance|Holiday
2025-10-29,0,0,0,0.0,,38,25.0,Clearance|Sitewide|Clearance|Baby|Sitewide|Dresses|Sleep/PJs|Swim|Clearance|New Arrivals|Clearance|Dresses|Dresses|Clearance|Dresses|Clearance|Holiday
2025-10-30,0,0,0,0.0,,38,25.0,Clearance|Sitewide|Clearance|Baby|Sitewide|Dresses|Sleep/PJs|Swim|Clearance|New Arrivals|Clearance|Dresses|Dresses|Clearance|Dresses|Clearance|Holiday
2025-10-31,0,0,0,0.0,,37,25.0,Clearance|Sitewide|Clearance|Baby|Sitewide|Dresses|Sleep/PJs|Swim|Clearance|New Arrivals|Clearance|Dresses|Dresses|Clearance|Dresses|Clearance|Holiday
2025-11-01,0,0,0,0.0,,37,25.0,Clearance|Sitewide|Clearance|Baby|Sitewide|Dresses|Sleep/PJs|Swim|Clearance|New Arrivals|Clearance|Dresses|Dresses|Clearance|Dresses|Clearance|Holiday
2025-11-02,0,0,0,0.0,,49,25.0,Clearance|Sitewide|Clearance|Baby|Sitewide|Dresses|Sleep/PJs|Swim|Clearance|New Arrivals|Clearance|Dresses|Dresses|Clearance|Dresses|Clearance|Holiday
2025-11-03,0,0,0,0.0,,49,25.0,Clearance|Sitewide|Clearance|Baby|Sitewide|Dresses|Sleep/PJs|Swim|Clearance|New Arrivals|Clearance|Dresses|Dresses|Clearance|Dresses|Clearance|Holiday
2025-11-04,0,0,0,0.0,,49,25.0,Clearance|Sitewide|Clearance|Baby|Sitewide|Dresses|Sleep/PJs|Swim|Clearance|New Arrivals|Clearance|Dresses|Dresses|Clearance|Dresses|Clearance|Holiday
2025-11-05,0,0,0,0.0,,49,25.0,Clearance|Sitewide|Clearance|Baby|Sitewide|Dresses|Sleep/PJs|Swim|Clearance|New Arrivals|Clearance|Dresses|Dresses|Clearance|Dresses|Clearance|Holiday
2025-11-06,0,0,0,0.0,,49,25.0,Clearance|Sitewide|Clearance|Baby|Sitewide|Dresses|Sleep/PJs|Swim|Clearance|New Arrivals|Clearance|Dresses|Dresses|Clearance|Dresses|Clearance|Holiday
2025-11-07,0,0,0,0.0,,49,25.0,Clearance|Sitewide|Clearance|Baby|Sitewide|Dresses|Sleep/PJs|Swim|Clearance|New Arrivals|Clearance|Dresses|Dresses|Clearance|Dresses|Clearance|Holiday
2025-11-08,0,0,0,0.0,,50,25.0,Clearance|Sitewide|Clearance|Baby|Sitewide|Dresses|Sleep/PJs|Swim|Clearance|New Arrivals|Clearance|Dresses|Dresses|Clearance|Dresses|Clearance|Holiday
2025-11-09,0,0,0,0.0,,50,25.0,Clearance|Sitewide|Clearance|Baby|Sitewide|Dresses|Sleep/PJs|Swim|Clearance|New Arrivals|Clearance|Dresses|Dresses|Clearance|Dresses|Clearance|Holiday
2025-11-10,0,0,0,0.0,,51,25.0,Clearance|Sitewide|Clearance|Baby|Sitewide|Dresses|Sleep/PJs|Swim|Clearance|New Arrivals|Clearance|Dresses|Dresses|Clearance|Dresses|Clearance|Holiday
2025-11-11,0,0,0,0.0,,51,25.0,Clearance|Sitewide|Clearance|Baby|Sitewide|Dresses|Sleep/PJs|Swim|Clearance|New Arrivals|Clearance|Dresses|Dresses|Clearance|Dresses|Clearance|Holiday
2025-11-12,0,0,0,0.0,,50,25.0,Clearance|Sitewide|Clearance|Baby|Sitewide|Dresses|Sleep/PJs|Swim|Clearance|New Arrivals|Clearance|Dresses|Dresses|Clearance|Dresses|Clearance|Holiday
2025-11-13,0,0,0,0.0,,50,25.0,Clearance|Sitewide|Clearance|Baby|Sitewide|Dresses|Sleep/PJs|Swim|Clearance|New Arrivals|Clearance|Dresses|Dresses|Clearance|Dresses|Clearance|Holiday
2025-11-14,0,0,0,0.0,,50,25.0,Clearance|Sitewide|Clearance|Baby|Sitewide|Dresses|Sleep/PJs|Swim|Clearance|New Arrivals|Clearance|Dresses|Dresses|Clearance|Dresses|Clearance|Holiday
2025-11-15,0,0,0,0.0,,50,25.0,Clearance|Sitewide|Clearance|Baby|Sitewide|Dresses|Sleep/PJs|Swim|Clearance|New Arrivals|Clearance|Dresses|Dresses|Clearance|Dresses|Clearance|Holiday
2025-11-16,0,0,0,0.0,,50,25.0,Clearance|Sitewide|Clearance|Baby|Sitewide|Dresses|Sleep/PJs|Swim|Clearance|New Arrivals|Clearance|Dresses|Dresses|Clearance|Dresses|Clearance|Holiday
2025-11-17,0,0,0,0.0,,50,25.0,Clearance|Sitewide|Clearance|Baby|Sitewide|Dresses|Sleep/PJs|Swim|Clearance|New Arrivals|Clearance|Dresses|Dresses|Clearance|Dresses|Clearance|Holiday
2025-11-18,0,0,0,0.0,,50,25.0,Clearance|Sitewide|Clearance|Baby|Sitewide|Dresses|Sleep/PJs|Swim|Clearance|New Arrivals|Clearance|Dresses|Dresses|Clearance|Dresses|Clearance|Holiday
2025-11-19,0,0,0,0.0,,50,25.0,Clearance|Sitewide|Clearance|Baby|Sitewide|Dresses|Sleep/PJs|Swim|Clearance|New Arrivals|Clearance|Dresses|Dresses|Clearance|Dresses|Clearance|Holiday
2025-11-20,0,0,0,0.0,,50,25.0,Clearance|Sitewide|Clearance|Baby|Sitewide|Dresses|Sleep/PJs|Swim|Clearance|New Arrivals|Clearance|Dresses|Dresses|Clearance|Dresses|Clearance|Holiday
2025-11-21,0,0,0,0.0,,51,25.0,Clearance|Sitewide|Clearance|Baby|Sitewide|Dresses|Sleep/PJs|Swim|Clearance|New Arrivals|Clearance|Dresses|Dresses|Clearance|Dresses|Clearance|Holiday
2025-11-22,0,0,0,0.0,,51,25.0,Clearance|Sitewide|Clearance|Baby|Sitewide|Dresses|Sleep/PJs|Swim|Clearance|New Arrivals|Clearance|Dresses|Dresses|Clearance|Dresses|Clearance|Holiday
2025-11-23,0,0,0,0.0,,37,25.0,Clearance|Sitewide|Clearance|Baby|Sitewide|Dresses|Sleep/PJs|Swim|Clearance|New Arrivals|Clearance|Dresses|Clearance|Holiday|Dresses|Clearance|Dresses
2025-11-24,0,0,0,0.0,,36,25.0,Clearance|Sitewide|Clearance|Baby|Sitewide|Dresses|Sleep/PJs|Swim|Clearance|New Arrivals|Clearance|Dresses|Clearance|Holiday|Dresses|Clearance|Dresses
2025-11-25,0,0,0,0.0,,36,25.0,Clearance|Sitewide|Clearance|Baby|Sitewide|Dresses|Sleep/PJs|Swim|Clearance|New Arrivals|Clearance|Dresses|Clearance|Holiday|Dresses|Clearance|Dresses
2025-11-26,0,0,0,0.0,,36,25.0,Clearance|Sitewide|Clearance|Baby|Sitewide|Dresses|Sleep/PJs|Swim|Clearance|New Arrivals|Clearance|Dresses|Clearance|Holiday|Dresses|Clearance|Dresses
2025-11-27,0,0,0,0.0,,36,25.0,Clearance|Sitewide|Clearance|Baby|Sitewide|Dresses|Sleep/PJs|Swim|Clearance|New Arrivals|Clearance|Dresses|Clearance|Holiday|Dresses|Clearance|Dresses
2025-11-28,0,0,0,0.0,,36,25.0,Clearance|Sitewide|Clearance|Baby|Sitewide|Dresses|Sleep/PJs|Swim|Clearance|New Arrivals|Clearance|Dresses|Clearance|Holiday|Dresses|Clearance|Dresses
2025-11-29,0,0,0,0.0,,36,25.0,Clearance|Sitewide|Clearance|Baby|Sitewide|Dresses|Sleep/PJs|Swim|Clearance|New Arrivals|Clearance|Dresses|Clearance|Holiday|Dresses|Clearance|Dresses
2025-11-30,0,0,0,0.0,,36,25.0,Clearance|Sitewide|Clearance|Baby|Sitewide|Dresses|Sleep/PJs|Swim|Clearance|New Arrivals|Clearance|Dresses|Clearance|Holiday|Dresses|Clearance|Dresses
2025-12-01,2,286,78,719677.0,Sleep/PJs|Holiday|Sitewide,37,25.0,Clearance|Sitewide|Clearance|Baby|Sitewide|Dresses|Sleep/PJs|Swim|Clearance|New Arrivals|Clearance|Dresses|Clearance|Holiday|Dresses|Clearance|Dresses
2025-12-02,2,286,78,719677.0,Sleep/PJs|Holiday|Sitewide,36,25.0,Clearance|Sitewide|Dresses|Sleep/PJs|Swim|Clearance|New Arrivals|Clearance|Dresses|Clearance|Holiday|Dresses|Clearance|Dresses
2025-12-03,3,871,288,1673240.0,Valentine|Sleep/PJs|Clearance|Sitewide|Sleep/PJs|New Arrivals|Holiday|Clearance|New Arrivals|Holiday,36,25.0,Clearance|Sitewide|Dresses|Sleep/PJs|Swim|Clearance|New Arrivals|Clearance|Dresses|Clearance|Holiday|Dresses|Clearance|Dresses
2025-12-04,1,760,233,1581873.0,Sleep/PJs|New Arrivals|Holiday,36,25.0,Clearance|Sitewide|Dresses|Sleep/PJs|Swim|Clearance|New Arrivals|Clearance|Dresses|Clearance|Holiday|Dresses|Clearance|Dresses
2025-12-05,1,760,233,1581873.0,Sleep/PJs|New Arrivals|Holiday,36,25.0,Clearance|Sitewide|Dresses|Sleep/PJs|Swim|Clearance|New Arrivals|Clearance|Dresses|Clearance|Holiday|Dresses|Clearance|Dresses
2025-12-06,1,760,233,1581873.0,Sleep/PJs|New Arrivals|Holiday,36,25.0,Clearance|Sitewide|Dresses|Sleep/PJs|Swim|Clearance|New Arrivals|Clearance|Dresses|Clearance|Holiday|Dresses|Clearance|Dresses
2025-12-07,1,760,233,1581873.0,Sleep/PJs|New Arrivals|Holiday,36,25.0,Clearance|Sitewide|Dresses|Sleep/PJs|Swim|Clearance|New Arrivals|Clearance|Dresses|Clearance|Holiday|Dresses|Clearance|Dresses
2025-12-08,1,760,233,1581873.0,Sleep/PJs|New Arrivals|Holiday,37,50.0,Clearance|Sitewide|Dresses|Sleep/PJs|Swim|Clearance|New Arrivals|Clearance|Dresses|Clearance|Holiday|Dresses|Clearance|Dresses|Dresses|Sleep/PJs
2025-12-09,1,760,233,1581873.0,Sleep/PJs|New Arrivals|Holiday,36,50.0,Clearance|Sitewide|Dresses|Sleep/PJs|Swim|Clearance|New Arrivals|Clearance|Dresses|Clearance|Holiday|Dresses|Clearance|Dresses|Dresses|Sleep/PJs
2025-12-10,2,1257,420,2175887.0,Valentine|Sleep/PJs|Sitewide|Valentine|Dresses|Sleep/PJs|Holiday|Sitewide,38,50.0,Clearance|Sitewide|Dresses|Sleep/PJs|Swim|Clearance|New Arrivals|Clearance|Dresses|Clearance|Holiday|Dresses|Clearance|Dresses|Dresses|Sleep/PJs
2025-12-11,2,1257,420,2175887.0,Valentine|Sleep/PJs|Sitewide|Valentine|Dresses|Sleep/PJs|Holiday|Sitewide,38,50.0,Clearance|Sitewide|Dresses|Sleep/PJs|Swim|Clearance|New Arrivals|Clearance|Dresses|Clearance|Holiday|Dresses|Clearance|Dresses|Dresses|Sleep/PJs
2025-12-12,2,1257,420,2175887.0,Valentine|Sleep/PJs|Sitewide|Valentine|Dresses|Sleep/PJs|Holiday|Sitewide,38,50.0,Clearance|Sitewide|Dresses|Sleep/PJs|Swim|Clearance|New Arrivals|Clearance|Dresses|Clearance|Holiday|Dresses|Clearance|Dresses|Dresses|Sleep/PJs
2025-12-13,2,104,33,174392.0,Valentine|Sitewide|Sleep/PJs|Holiday,38,50.0,Clearance|Sitewide|Dresses|Sleep/PJs|Swim|Clearance|New Arrivals|Clearance|Dresses|Clearance|Holiday|Dresses|Clearance|Dresses|Dresses|Sleep/PJs
2025-12-14,2,104,33,174392.0,Valentine|Sitewide|Sleep/PJs|Holiday,38,50.0,Clearance|Sitewide|Dresses|Sleep/PJs|Swim|Clearance|New Arrivals|Clearance|Dresses|Clearance|Holiday|Dresses|Clearance|Dresses|Dresses|Sleep/PJs
2025-12-15,2,104,33,174392.0,Valentine|Sitewide|Sleep/PJs|Holiday,38,50.0,Clearance|Sitewide|Dresses|Sleep/PJs|Swim|Clearance|New Arrivals|Clearance|Dresses|Clearance|Holiday|Dresses|Clearance|Dresses|Dresses|Sleep/PJs
2025-12-16,2,104,33,174392.0,Valentine|Sitewide|Sleep/PJs|Holiday,37,25.0,Clearance|Sitewide|Dresses|Sleep/PJs|Swim|Clearance|New Arrivals|Clearance|Dresses|Clearance|Holiday|Dresses|Clearance|Dresses
2025-12-17,2,533,291,254476.0,Sleep/PJs|Holiday|Sleep/PJs|Clearance|Holiday,38,25.0,Clearance|Sitewide|Dresses|Sleep/PJs|Swim|Clearance|New Arrivals|Clearance|Dresses|Clearance|Holiday|Dresses|Clearance|Dresses
2025-12-18,2,533,291,254476.0,Sleep/PJs|Holiday|Sleep/PJs|Clearance|Holiday,37,25.0,Clearance|Sitewide|Dresses|Sleep/PJs|Swim|Clearance|New Arrivals|Clearance|Dresses|Clearance|Holiday|Dresses|Clearance|Dresses
2025-12-19,2,533,291,254476.0,Sleep/PJs|Holiday|Sleep/PJs|Clearance|Holiday,37,25.0,Clearance|Sitewide|Dresses|Sleep/PJs|Swim|Clearance|New Arrivals|Clearance|Dresses|Clearance|Holiday|Dresses|Clearance|Dresses
2025-12-20,0,0,0,0.0,,37,25.0,Clearance|Sitewide|Dresses|Sleep/PJs|Swim|Clearance|New Arrivals|Clearance|Dresses|Clearance|Holiday|Dresses|Clearance|Dresses
2025-12-21,0,0,0,0.0,,36,25.0,Clearance|Sitewide|Dresses|Sleep/PJs|Swim|Clearance|New Arrivals|Clearance|Dresses|Clearance|Holiday|Dresses
2025-12-22,0,0,0,0.0,,36,25.0,Clearance|Sitewide|Dresses|Sleep/PJs|Swim|Clearance|New Arrivals|Clearance|Dresses|Clearance|Holiday|Dresses
2025-12-23,0,0,0,0.0,,36,25.0,Clearance|Sitewide|Dresses|Sleep/PJs|Swim|Clearance|New Arrivals|Clearance|Dresses|Clearance|Holiday|Dresses
2025-12-24,0,0,0,0.0,,36,25.0,Clearance|Sitewide|Dresses|Sleep/PJs|Swim|Clearance|New Arrivals|Clearance|Dresses|Clearance|Holiday|Dresses
2025-12-25,0,0,0,0.0,,34,25.0,Clearance|Sitewide|Dresses|Sleep/PJs|Swim|Clearance|New Arrivals|Clearance|Dresses
2025-12-26,2,864,353,576894.0,Clearance,31,25.0,Clearance|Sitewide|Dresses|Sleep/PJs|Swim|Clearance|New Arrivals|Clearance|Dresses
2025-12-27,1,56,22,110363.0,Clearance,31,25.0,Clearance|Sitewide|Dresses|Sleep/PJs|Swim|Clearance|New Arrivals|Clearance|Dresses
2025-12-28,0,0,0,0.0,,31,25.0,Clearance|Sitewide|Dresses|Sleep/PJs|Swim|Clearance|New Arrivals|Clearance|Dresses
2025-12-29,0,0,0,0.0,,31,25.0,Clearance|Sitewide|Dresses|Sleep/PJs|Swim|Clearance|New Arrivals|Clearance|Dresses
2025-12-30,1,211,107,197366.0,Clearance,31,25.0,Clearance|Sitewide|Dresses|Sleep/PJs|Swim|Clearance|New Arrivals|Clearance|Dresses
2025-12-31,0,0,0,0.0,,31,25.0,Clearance|Sitewide|Dresses|Sleep/PJs|Swim|Clearance|New Arrivals|Clearance|Dresses
2026-01-01,0,0,0,0.0,,27,25.0,Clearance|Sitewide|Dresses|Sleep/PJs|Swim|Clearance|New Arrivals|Clearance|Dresses
2026-01-02,2,1011,438,1543897.0,Clearance,27,25.0,Clearance|Sitewide|Dresses|Sleep/PJs|Swim|Clearance|New Arrivals|Clearance|Dresses
2026-01-03,1,923,392,1467606.0,Clearance,27,25.0,Clearance|Sitewide|Dresses|Sleep/PJs|Swim|Clearance|New Arrivals|Clearance|Dresses
2026-01-04,1,923,392,1467606.0,Clearance,27,25.0,Clearance|Sitewide|Dresses|Sleep/PJs|Swim|Clearance|New Arrivals|Clearance|Dresses
2026-01-05,2,1081,456,1560441.0,Clearance,27,25.0,Clearance|Sitewide|Dresses|Sleep/PJs|Swim|Clearance|New Arrivals|Clearance|Dresses
2026-01-06,2,1313,548,1617249.0,Clearance|Clearance|New Arrivals,27,25.0,Clearance|Sitewide|Dresses|Sleep/PJs|Swim|Clearance|New Arrivals|Clearance|Dresses
2026-01-07,1,928,396,1470181.0,Clearance,27,25.0,Clearance|Sitewide|Dresses|Sleep/PJs|Swim|Clearance|New Arrivals|Clearance|Dresses
2026-01-08,1,928,396,1470181.0,Clearance,27,25.0,Clearance|Sitewide|Dresses|Sleep/PJs|Swim|Clearance|New Arrivals|Clearance|Dresses
2026-01-09,1,928,396,1470181.0,Clearance,27,25.0,Clearance|Sitewide|Dresses|Sleep/PJs|Swim|Clearance|New Arrivals|Clearance|Dresses
2026-01-10,1,928,396,1470181.0,Clearance,27,25.0,Clearance|Sitewide|Dresses|Sleep/PJs|Swim|Clearance|New Arrivals|Clearance|Dresses
2026-01-11,1,928,396,1470181.0,Clearance,27,25.0,Clearance|Sitewide|Dresses|Sleep/PJs|Swim|Clearance|New Arrivals|Clearance|Dresses
2026-01-12,1,83,48,80542.0,Valentine,27,25.0,Clearance|Sitewide|Dresses|Sleep/PJs|Swim|Clearance|New Arrivals|Clearance|Dresses
2026-01-13,1,83,48,80542.0,Valentine,27,25.0,Clearance|Sitewide|Dresses|Sleep/PJs|Swim|Clearance|New Arrivals|Clearance|Dresses
2026-01-14,1,83,48,80542.0,Valentine,27,25.0,Clearance|Sitewide|Dresses|Sleep/PJs|Swim|Clearance|New Arrivals|Clearance|Dresses
2026-01-15,1,83,48,80542.0,Valentine,27,25.0,Clearance|Sitewide|Dresses|Sleep/PJs|Swim|Clearance|New Arrivals|Clearance|Dresses
2026-01-16,1,83,48,80542.0,Valentine,27,25.0,Clearance|Sitewide|Dresses|Sleep/PJs|Swim|Clearance|New Arrivals|Clearance|Dresses
2026-01-17,1,83,48,80542.0,Valentine,27,25.0,Clearance|Sitewide|Dresses|Sleep/PJs|Swim|Clearance|New Arrivals|Clearance|Dresses
2026-01-18,1,83,48,80542.0,Valentine,27,25.0,Clearance|Sitewide|Dresses|Sleep/PJs|Swim|Clearance|New Arrivals|Clearance|Dresses
2026-01-19,1,83,48,80542.0,Valentine,27,25.0,Clearance|Sitewide|Dresses|Sleep/PJs|Swim|Clearance|New Arrivals|Clearance|Dresses
2026-01-20,2,284,130,261573.0,Valentine|Dresses|Valentine,27,25.0,Clearance|Sitewide|Dresses|Sleep/PJs|Swim|Clearance|New Arrivals|Clearance|Dresses
2026-01-21,2,284,130,261573.0,Valentine|Dresses|Valentine,27,25.0,Clearance|Sitewide|Dresses|Sleep/PJs|Swim|Clearance|New Arrivals|Clearance|Dresses
2026-01-22,2,284,130,261573.0,Valentine|Dresses|Valentine,27,25.0,Clearance|Sitewide|Dresses|Sleep/PJs|Swim|Clearance|New Arrivals|Clearance|Dresses
2026-01-23,2,284,130,261573.0,Valentine|Dresses|Valentine,27,25.0,Clearance|Sitewide|Dresses|Sleep/PJs|Swim|Clearance|New Arrivals|Clearance|Dresses
2026-01-24,2,284,130,261573.0,Valentine|Dresses|Valentine,27,25.0,Clearance|Sitewide|Dresses|Sleep/PJs|Swim|Clearance|New Arrivals|Clearance|Dresses
2026-01-25,2,284,130,261573.0,Valentine|Dresses|Valentine,27,25.0,Clearance|Sitewide|Dresses|Sleep/PJs|Swim|Clearance|New Arrivals|Clearance|Dresses
2026-01-26,2,284,130,261573.0,Valentine|Dresses|Valentine,27,25.0,Clearance|Sitewide|Dresses|Sleep/PJs|Swim|Clearance|New Arrivals|Clearance|Dresses
2026-01-27,2,469,163,698331.0,Dresses|New Arrivals|New Arrivals,27,25.0,Clearance|Sitewide|Dresses|Sleep/PJs|Swim|Clearance|New Arrivals|Clearance|Dresses
2026-01-28,2,469,163,698331.0,Dresses|New Arrivals|New Arrivals,27,25.0,Clearance|Sitewide|Dresses|Sleep/PJs|Swim|Clearance|New Arrivals|Clearance|Dresses
2026-01-29,2,469,163,698331.0,Dresses|New Arrivals|New Arrivals,27,25.0,Clearance|Sitewide|Dresses|Sleep/PJs|Swim|Clearance|New Arrivals|Clearance|Dresses
2026-01-30,2,469,163,698331.0,Dresses|New Arrivals|New Arrivals,27,25.0,Clearance|Sitewide|Dresses|Sleep/PJs|Swim|Clearance|New Arrivals|Clearance|Dresses
2026-01-31,2,469,163,698331.0,Dresses|New Arrivals|New Arrivals,27,25.0,Clearance|Sitewide|Dresses|Sleep/PJs|Swim|Clearance|New Arrivals|Clearance|Dresses
2026-02-01,2,469,163,698331.0,Dresses|New Arrivals|New Arrivals,39,25.0,Clearance|Sitewide|Dresses|Sleep/PJs|Swim|Clearance|New Arrivals|Clearance|Dresses
2026-02-02,2,455,162,490604.0,Sleep/PJs|Baby|New Arrivals|Baby,39,25.0,Clearance|Sitewide|Dresses|Sleep/PJs|Swim|Clearance|New Arrivals|Clearance|Dresses
2026-02-03,2,455,162,490604.0,Sleep/PJs|Baby|New Arrivals|Baby,41,25.0,Clearance|Sitewide|Dresses|Sleep/PJs|Swim|Clearance|New Arrivals|Clearance|Dresses|Valentine|Sleep/PJs
2026-02-04,4,1005,360,1161748.0,Sleep/PJs|Baby|New Arrivals|Baby|Baby|Sitewide|Baby,41,25.0,Clearance|Sitewide|Dresses|Sleep/PJs|Swim|Clearance|New Arrivals|Clearance|Dresses|Valentine|Sleep/PJs
2026-02-05,4,1005,360,1161748.0,Sleep/PJs|Baby|New Arrivals|Baby|Baby|Sitewide|Baby,41,25.0,Clearance|Sitewide|Dresses|Sleep/PJs|Swim|Clearance|New Arrivals|Clearance|Dresses|Valentine|Sleep/PJs
2026-02-06,4,1005,360,1161748.0,Sleep/PJs|Baby|New Arrivals|Baby|Baby|Sitewide|Baby,41,25.0,Clearance|Sitewide|Dresses|Sleep/PJs|Swim|Clearance|New Arrivals|Clearance|Dresses|Valentine|Sleep/PJs
2026-02-07,4,1005,360,1161748.0,Sleep/PJs|Baby|New Arrivals|Baby|Baby|Sitewide|Baby,41,25.0,Clearance|Sitewide|Dresses|Sleep/PJs|Swim|Clearance|New Arrivals|Clearance|Dresses|Valentine|Sleep/PJs
2026-02-08,4,1005,360,1161748.0,Sleep/PJs|Baby|New Arrivals|Baby|Baby|Sitewide|Baby,41,25.0,Clearance|Sitewide|Dresses|Sleep/PJs|Swim|Clearance|New Arrivals|Clearance|Dresses|Valentine|Sleep/PJs
2026-02-09,2,455,162,490604.0,Sleep/PJs|Baby|New Arrivals|Baby,41,25.0,Clearance|Sitewide|Dresses|Sleep/PJs|Swim|Clearance|New Arrivals|Clearance|Dresses|Valentine|Sleep/PJs
2026-02-10,2,455,162,490604.0,Sleep/PJs|Baby|New Arrivals|Baby,41,25.0,Clearance|Sitewide|Dresses|Sleep/PJs|Swim|Clearance|New Arrivals|Clearance|Dresses|Valentine|Sleep/PJs
2026-02-11,2,455,162,490604.0,Sleep/PJs|Baby|New Arrivals|Baby,40,25.0,Clearance|Sitewide|Dresses|Sleep/PJs|Swim|Clearance|New Arrivals|Clearance|Dresses
2026-02-12,2,314,96,563412.0,Sleep/PJs|Baby|Sitewide|New Arrivals|Sitewide,40,25.0,Clearance|Sitewide|Dresses|Sleep/PJs|Swim|Clearance|New Arrivals|Clearance|Dresses
2026-02-13,2,314,96,563412.0,Sleep/PJs|Baby|Sitewide|New Arrivals|Sitewide,40,25.0,Clearance|Sitewide|Dresses|Sleep/PJs|Swim|Clearance|New Arrivals|Clearance|Dresses
2026-02-14,2,314,96,563412.0,Sleep/PJs|Baby|Sitewide|New Arrivals|Sitewide,40,25.0,Clearance|Sitewide|Dresses|Sleep/PJs|Swim|Clearance|New Arrivals|Clearance|Dresses
2026-02-15,2,314,96,563412.0,Sleep/PJs|Baby|Sitewide|New Arrivals|Sitewide,40,25.0,Clearance|Sitewide|Dresses|Sleep/PJs|Swim|Clearance|New Arrivals|Clearance|Dresses
2026-02-16,2,314,96,563412.0,Sleep/PJs|Baby|Sitewide|New Arrivals|Sitewide,40,25.0,Clearance|Sitewide|Dresses|Sleep/PJs|Swim|Clearance|New Arrivals|Clearance|Dresses
2026-02-17,3,645,230,991279.0,Sleep/PJs|Easter|Sleep/PJs|Easter|Baby,41,25.0,Clearance|Sitewide|Dresses|Sleep/PJs|Swim|Clearance|New Arrivals|Clearance|Dresses
2026-02-18,3,645,230,991279.0,Sleep/PJs|Easter|Sleep/PJs|Easter|Baby,41,25.0,Clearance|Sitewide|Dresses|Sleep/PJs|Swim|Clearance|New Arrivals|Clearance|Dresses
2026-02-19,3,645,230,991279.0,Sleep/PJs|Easter|Sleep/PJs|Easter|Baby,41,25.0,Dresses|Sleep/PJs|Swim|Clearance|New Arrivals|Clearance|Clearance|Sitewide|Dresses|Clearance|Holiday
2026-02-20,3,645,230,991279.0,Sleep/PJs|Easter|Sleep/PJs|Easter|Baby,41,25.0,Dresses|Sleep/PJs|Swim|Clearance|New Arrivals|Clearance|Clearance|Sitewide|Dresses|Clearance|Holiday
2026-02-21,3,645,230,991279.0,Sleep/PJs|Easter|Sleep/PJs|Easter|Baby,41,25.0,Dresses|Sleep/PJs|Swim|Clearance|New Arrivals|Clearance|Clearance|Sitewide|Dresses|Clearance|Holiday
2026-02-22,3,645,230,991279.0,Sleep/PJs|Easter|Sleep/PJs|Easter|Baby,29,25.0,Dresses|Sleep/PJs|Swim|Clearance|New Arrivals|Clearance|Clearance|Sitewide|Clearance|Holiday
2026-02-23,2,77,38,75227.0,Sleep/PJs|Easter|Sleep/PJs|Easter|Baby,29,25.0,Dresses|Sleep/PJs|Swim|Clearance|New Arrivals|Clearance|Clearance|Sitewide|Clearance|Holiday
2026-02-24,0,0,0,0.0,,28,25.0,Dresses|Sleep/PJs|Swim|Clearance|New Arrivals|Clearance|Clearance|Sitewide|Clearance|Holiday
2026-02-25,0,0,0,0.0,,26,25.0,Dresses|Sleep/PJs|Swim|Clearance|New Arrivals|Clearance|Clearance|Sitewide
2026-02-26,0,0,0,0.0,,26,25.0,Dresses|Sleep/PJs|Swim|Clearance|New Arrivals|Clearance|Clearance|Sitewide
2026-02-27,0,0,0,0.0,,26,25.0,Dresses|Sleep/PJs|Swim|Clearance|New Arrivals|Clearance|Clearance|Sitewide
2026-02-28,0,0,0,0.0,,26,25.0,Dresses|Sleep/PJs|Swim|Clearance|New Arrivals|Clearance|Clearance|Sitewide
2026-03-01,0,0,0,0.0,,26,25.0,Dresses|Sleep/PJs|Swim|Clearance|New Arrivals|Clearance|Clearance|Sitewide
2026-03-02,0,0,0,0.0,,26,25.0,Dresses|Sleep/PJs|Swim|Clearance|New Arrivals|Clearance|Clearance|Sitewide
2026-03-03,0,0,0,0.0,,26,25.0,Dresses|Sleep/PJs|Swim|Clearance|New Arrivals|Clearance|Clearance|Sitewide
2026-03-04,0,0,0,0.0,,26,25.0,Dresses|Sleep/PJs|Swim|Clearance|New Arrivals|Clearance|Clearance|Sitewide
2026-03-05,0,0,0,0.0,,26,25.0,Dresses|Sleep/PJs|Swim|Clearance|New Arrivals|Clearance|Clearance|Sitewide
2026-03-06,0,0,0,0.0,,28,25.0,Dresses|Sleep/PJs|Swim|Clearance|New Arrivals|Clearance|Clearance|Sitewide
2026-03-07,0,0,0,0.0,,28,25.0,Dresses|Sleep/PJs|Swim|Clearance|New Arrivals|Clearance|Clearance|Sitewide
2026-03-08,0,0,0,0.0,,28,25.0,Dresses|Sleep/PJs|Swim|Clearance|New Arrivals|Clearance|Clearance|Sitewide
2026-03-09,0,0,0,0.0,,28,25.0,Dresses|Sleep/PJs|Swim|Clearance|New Arrivals|Clearance|Clearance|Sitewide
2026-03-10,6,1634,732,1429175.0,Sleep/PJs|Clearance|Baby|Kids|Sleep/PJs|Baby|Kids|Sleep/PJs|Swim|Baby|Kids|Dresses|Swim|Swim|Clearance|Sitewide|Swim|Easter,28,25.0,Dresses|Sleep/PJs|Swim|Clearance|New Arrivals|Clearance|Clearance|Sitewide
2026-03-11,6,1634,732,1429175.0,Sleep/PJs|Clearance|Baby|Kids|Sleep/PJs|Baby|Kids|Sleep/PJs|Swim|Baby|Kids|Dresses|Swim|Swim|Clearance|Sitewide|Swim|Easter,28,25.0,Dresses|Sleep/PJs|Swim|Clearance|New Arrivals|Clearance|Clearance|Sitewide
2026-03-12,6,1634,732,1429175.0,Sleep/PJs|Clearance|Baby|Kids|Sleep/PJs|Baby|Kids|Sleep/PJs|Swim|Baby|Kids|Dresses|Swim|Swim|Clearance|Sitewide|Swim|Easter,28,25.0,Dresses|Sleep/PJs|Swim|Clearance|New Arrivals|Clearance|Clearance|Sitewide
2026-03-13,6,1634,732,1429175.0,Sleep/PJs|Clearance|Baby|Kids|Sleep/PJs|Baby|Kids|Sleep/PJs|Swim|Baby|Kids|Dresses|Swim|Swim|Clearance|Sitewide|Swim|Easter,28,25.0,Dresses|Sleep/PJs|Swim|Clearance|New Arrivals|Clearance|Clearance|Sitewide
2026-03-14,6,1387,679,897974.0,Sleep/PJs|Swim|Baby|Kids|Dresses|Swim|Swim|Clearance|Sitewide|Swim|Easter|Dresses|Dresses|Clearance,28,25.0,Dresses|Sleep/PJs|Swim|Clearance|New Arrivals|Clearance|Clearance|Sitewide
2026-03-15,6,1387,679,897974.0,Sleep/PJs|Swim|Baby|Kids|Dresses|Swim|Swim|Clearance|Sitewide|Swim|Easter|Dresses|Dresses|Clearance,28,25.0,Dresses|Sleep/PJs|Swim|Clearance|New Arrivals|Clearance|Clearance|Sitewide
2026-03-16,2,1016,548,537006.0,Dresses|Dresses|Clearance,28,25.0,Dresses|Sleep/PJs|Swim|Clearance|New Arrivals|Clearance|Clearance|Sitewide
2026-03-17,2,1016,548,537006.0,Dresses|Dresses|Clearance,28,25.0,Dresses|Sleep/PJs|Swim|Clearance|New Arrivals|Clearance|Clearance|Sitewide
2026-03-18,4,2338,1070,2508813.0,Clearance|Sitewide,28,25.0,Dresses|Sleep/PJs|Swim|Clearance|New Arrivals|Clearance|Clearance|Sitewide
2026-03-19,3,2153,949,2448346.0,Clearance|Sitewide,28,25.0,Dresses|Sleep/PJs|Swim|Clearance|New Arrivals|Clearance|Clearance|Sitewide
2026-03-20,3,2153,949,2448346.0,Clearance|Sitewide,28,25.0,Dresses|Sleep/PJs|Swim|Clearance|New Arrivals|Clearance|Clearance|Sitewide
2026-03-21,3,2153,949,2448346.0,Clearance|Sitewide,28,25.0,Dresses|Sleep/PJs|Swim|Clearance|New Arrivals|Clearance|Clearance|Sitewide
2026-03-22,3,2153,949,2448346.0,Clearance|Sitewide,28,25.0,Dresses|Sleep/PJs|Swim|Clearance|New Arrivals|Clearance|Clearance|Sitewide
2026-03-23,3,2153,949,2448346.0,Clearance|Sitewide,29,25.0,Dresses|Sleep/PJs|Swim|Clearance|New Arrivals|Clearance|Clearance|Sitewide
2026-03-24,2,871,495,307515.0,Clearance|Easter|Easter,29,25.0,Dresses|Sleep/PJs|Swim|Clearance|New Arrivals|Clearance|Clearance|Sitewide
2026-03-25,2,871,495,307515.0,Clearance|Easter|Easter,29,25.0,Dresses|Sleep/PJs|Swim|Clearance|New Arrivals|Clearance|Clearance|Sitewide
2026-03-26,2,871,495,307515.0,Clearance|Easter|Easter,29,25.0,Dresses|Sleep/PJs|Swim|Clearance|New Arrivals|Clearance|Clearance|Sitewide
2026-03-27,2,871,495,307515.0,Clearance|Easter|Easter,29,25.0,Dresses|Sleep/PJs|Swim|Clearance|New Arrivals|Clearance|Clearance|Sitewide
2026-03-28,2,871,495,307515.0,Clearance|Easter|Easter,29,25.0,Dresses|Sleep/PJs|Swim|Clearance|New Arrivals|Clearance|Clearance|Sitewide
2026-03-29,2,871,495,307515.0,Clearance|Easter|Easter,29,25.0,Dresses|Sleep/PJs|Swim|Clearance|New Arrivals|Clearance|Clearance|Sitewide
2026-03-30,2,871,495,307515.0,Clearance|Easter|Easter,28,25.0,Dresses|Sleep/PJs|Swim|Clearance|New Arrivals|Clearance|Clearance|Sitewide
2026-03-31,3,1576,738,1354503.0,Dresses|Clearance|Dresses|Dresses|Sleep/PJs,28,25.0,Dresses|Sleep/PJs|Swim|Clearance|New Arrivals|Clearance|Clearance|Sitewide
2026-04-01,3,1576,738,1354503.0,Dresses|Clearance|Dresses|Dresses|Sleep/PJs,28,25.0,Dresses|Sleep/PJs|Swim|Clearance|New Arrivals|Clearance|Clearance|Sitewide
2026-04-02,3,1576,738,1354503.0,Dresses|Clearance|Dresses|Dresses|Sleep/PJs,28,25.0,Dresses|Sleep/PJs|Swim|Clearance|New Arrivals|Clearance|Clearance|Sitewide
2026-04-03,3,1576,738,1354503.0,Dresses|Clearance|Dresses|Dresses|Sleep/PJs,28,25.0,Dresses|Sleep/PJs|Swim|Clearance|New Arrivals|Clearance|Clearance|Sitewide
2026-04-04,3,1576,738,1354503.0,Dresses|Clearance|Dresses|Dresses|Sleep/PJs,28,25.0,Dresses|Sleep/PJs|Swim|Clearance|New Arrivals|Clearance|Clearance|Sitewide
2026-04-05,3,1576,738,1354503.0,Dresses|Clearance|Dresses|Dresses|Sleep/PJs,28,25.0,Dresses|Sleep/PJs|Swim|Clearance|New Arrivals|Clearance|Clearance|Sitewide
2026-04-06,3,1576,738,1354503.0,Dresses|Clearance|Dresses|Dresses|Sleep/PJs,28,25.0,Dresses|Sleep/PJs|Swim|Clearance|New Arrivals|Clearance|Clearance|Sitewide
2026-04-07,6,3024,1421,2562489.0,Sleep/PJs|Clearance|New Arrivals|Sleep/PJs|New Arrivals|Swim|Clearance|Swim|New Arrivals|Swim,28,25.0,Dresses|Sleep/PJs|Swim|Clearance|New Arrivals|Clearance|Clearance|Sitewide
2026-04-08,6,3024,1421,2562489.0,Sleep/PJs|Clearance|New Arrivals|Sleep/PJs|New Arrivals|Swim|Clearance|Swim|New Arrivals|Swim,28,25.0,Dresses|Sleep/PJs|Swim|Clearance|New Arrivals|Clearance|Clearance|Sitewide
2026-04-09,6,3024,1421,2562489.0,Sleep/PJs|Clearance|New Arrivals|Sleep/PJs|New Arrivals|Swim|Clearance|Swim|New Arrivals|Swim,28,25.0,Dresses|Sleep/PJs|Swim|Clearance|New Arrivals|Clearance|Clearance|Sitewide
2026-04-10,6,3024,1421,2562489.0,Sleep/PJs|Clearance|New Arrivals|Sleep/PJs|New Arrivals|Swim|Clearance|Swim|New Arrivals|Swim,28,25.0,Dresses|Sleep/PJs|Swim|Clearance|New Arrivals|Clearance|Clearance|Sitewide
2026-04-11,6,3024,1421,2562489.0,Sleep/PJs|Clearance|New Arrivals|Sleep/PJs|New Arrivals|Swim|Clearance|Swim|New Arrivals|Swim,28,25.0,Dresses|Sleep/PJs|Swim|Clearance|New Arrivals|Clearance|Clearance|Sitewide
2026-04-12,6,3024,1421,2562489.0,Sleep/PJs|Clearance|New Arrivals|Sleep/PJs|New Arrivals|Swim|Clearance|Swim|New Arrivals|Swim,28,25.0,Dresses|Sleep/PJs|Swim|Clearance|New Arrivals|Clearance|Clearance|Sitewide
2026-04-13,6,3024,1421,2562489.0,Sleep/PJs|Clearance|New Arrivals|Sleep/PJs|New Arrivals|Swim|Clearance|Swim|New Arrivals|Swim,28,25.0,Dresses|Sleep/PJs|Swim|Clearance|New Arrivals|Clearance|Clearance|Sitewide
2026-04-14,0,0,0,0.0,,28,25.0,Clearance|Clearance|Sitewide
2026-04-15,0,0,0,0.0,,28,25.0,Clearance|Clearance|Sitewide
2026-04-16,0,0,0,0.0,,28,25.0,Clearance|Clearance|Sitewide
2026-04-17,0,0,0,0.0,,28,25.0,Clearance|Clearance|Sitewide
2026-04-18,0,0,0,0.0,,29,40.0,Clearance|Clearance|Sitewide|Dresses|Clearance
2026-04-19,0,0,0,0.0,,29,40.0,Clearance|Clearance|Sitewide|Dresses|Clearance
2026-04-20,0,0,0,0.0,,28,25.0,Clearance|Clearance|Sitewide
2026-04-21,3,796,483,387570.0,Clearance|Sitewide|Sitewide,27,25.0,Clearance|Clearance|Sitewide
2026-04-22,3,796,483,387570.0,Clearance|Sitewide|Sitewide,27,25.0,Clearance|Clearance|Sitewide
2026-04-23,3,796,483,387570.0,Clearance|Sitewide|Sitewide,27,25.0,Clearance|Clearance|Sitewide
2026-04-24,3,796,483,387570.0,Clearance|Sitewide|Sitewide,27,25.0,Clearance|Clearance|Sitewide
2026-04-25,3,796,483,387570.0,Clearance|Sitewide|Sitewide,27,25.0,Clearance|Clearance|Sitewide
2026-04-26,3,796,483,387570.0,Clearance|Sitewide|Sitewide,27,25.0,Clearance|Clearance|Sitewide
2026-04-27,3,796,483,387570.0,Clearance|Sitewide|Sitewide,27,25.0,Clearance|Clearance|Sitewide
2026-04-28,3,796,483,387570.0,Clearance|Sitewide|Sitewide,27,25.0,Clearance|Clearance|Sitewide
2026-04-29,3,796,483,387570.0,Clearance|Sitewide|Sitewide,27,25.0,Clearance|Clearance|Sitewide
2026-04-30,3,796,483,387570.0,Clearance|Sitewide|Sitewide,27,25.0,Clearance|Clearance|Sitewide
2026-05-01,3,796,483,387570.0,Clearance|Sitewide|Sitewide,27,25.0,Clearance|Clearance|Sitewide
2026-05-02,3,796,483,387570.0,Clearance|Sitewide|Sitewide,27,25.0,Clearance|Clearance|Sitewide
2026-05-03,3,796,483,387570.0,Clearance|Sitewide|Sitewide,27,25.0,Clearance|Clearance|Sitewide
2026-05-04,3,796,483,387570.0,Clearance|Sitewide|Sitewide,28,25.0,Clearance|Clearance|Sitewide
2026-05-05,3,1570,706,1464503.0,Sleep/PJs|Swim|Clearance|Sleep/PJs|Swim,26,25.0,Clearance|Clearance|Sitewide
2026-05-06,3,1570,706,1464503.0,Sleep/PJs|Swim|Clearance|Sleep/PJs|Swim,26,25.0,Clearance|Clearance|Sitewide
2026-05-07,3,1570,706,1464503.0,Sleep/PJs|Swim|Clearance|Sleep/PJs|Swim,26,25.0,Clearance|Clearance|Sitewide
2026-05-08,3,1570,706,1464503.0,Sleep/PJs|Swim|Clearance|Sleep/PJs|Swim,26,25.0,Clearance|Clearance|Sitewide
2026-05-09,3,1274,634,882759.0,Dresses|Swim|Clearance|Dresses|Swim,26,25.0,Clearance|Clearance|Sitewide
2026-05-10,3,1274,634,882759.0,Dresses|Swim|Clearance|Dresses|Swim,26,25.0,Clearance|Clearance|Sitewide
2026-05-11,3,1274,634,882759.0,Dresses|Swim|Clearance|Dresses|Swim,26,25.0,Clearance|Clearance|Sitewide
2026-05-12,3,1274,634,882759.0,Dresses|Swim|Clearance|Dresses|Swim,26,25.0,Clearance|Clearance|Sitewide
2026-05-13,3,1274,634,882759.0,Dresses|Swim|Clearance|Dresses|Swim,26,25.0,Clearance|Clearance|Sitewide
2026-05-14,4,1172,671,311617.0,Clearance|Sitewide|Dresses|Sitewide|Sitewide,25,25.0,Clearance|Clearance|Sitewide
2026-05-15,4,1172,671,311617.0,Clearance|Sitewide|Dresses|Sitewide|Sitewide,25,25.0,Clearance|Clearance|Sitewide
2026-05-16,4,1172,671,311617.0,Clearance|Sitewide|Dresses|Sitewide|Sitewide,23,25.0,Clearance|Clearance|Sitewide
2026-05-17,4,1172,671,311617.0,Clearance|Sitewide|Dresses|Sitewide|Sitewide,23,25.0,Clearance|Clearance|Sitewide
2026-05-18,4,1172,671,311617.0,Clearance|Sitewide|Dresses|Sitewide|Sitewide,23,25.0,Clearance|Clearance|Sitewide
2026-05-19,4,1172,671,311617.0,Clearance|Sitewide|Dresses|Sitewide|Sitewide,23,25.0,Clearance|Clearance|Sitewide
2026-05-20,4,1172,671,311617.0,Clearance|Sitewide|Dresses|Sitewide|Sitewide,23,25.0,Clearance|Clearance|Sitewide
2026-05-21,4,1172,671,311617.0,Clearance|Sitewide|Dresses|Sitewide|Sitewide,23,25.0,Clearance|Clearance|Sitewide
2026-05-22,4,1172,671,311617.0,Clearance|Sitewide|Dresses|Sitewide|Sitewide,23,25.0,Clearance|Clearance|Sitewide
2026-05-23,4,1172,671,311617.0,Clearance|Sitewide|Dresses|Sitewide|Sitewide,23,25.0,Clearance|Clearance|Sitewide
2026-05-24,4,1172,671,311617.0,Clearance|Sitewide|Dresses|Sitewide|Sitewide,11,20.0,Clearance|Clearance|Sitewide
2026-05-25,4,1172,671,311617.0,Clearance|Sitewide|Dresses|Sitewide|Sitewide,11,20.0,Clearance|Clearance|Sitewide
2026-05-26,8,2531,1324,1696011.0,Dresses|Clearance|Dresses|Dresses|New Arrivals|Sleep/PJs|Clearance|Sleep/PJs|New Arrivals|Sleep/PJs,12,20.0,Clearance|Clearance|Sitewide
2026-05-27,8,2531,1324,1696011.0,Dresses|Clearance|Dresses|Dresses|New Arrivals|Sleep/PJs|Clearance|Sleep/PJs|New Arrivals|Sleep/PJs,12,20.0,Clearance|Clearance|Sitewide
2026-05-28,8,2531,1324,1696011.0,Dresses|Clearance|Dresses|Dresses|New Arrivals|Sleep/PJs|Clearance|Sleep/PJs|New Arrivals|Sleep/PJs,12,20.0,Clearance|Clearance|Sitewide
2026-05-29,8,2531,1324,1696011.0,Dresses|Clearance|Dresses|Dresses|New Arrivals|Sleep/PJs|Clearance|Sleep/PJs|New Arrivals|Sleep/PJs,12,20.0,Clearance|Clearance|Sitewide
2026-05-30,8,2531,1324,1696011.0,Dresses|Clearance|Dresses|Dresses|New Arrivals|Sleep/PJs|Clearance|Sleep/PJs|New Arrivals|Sleep/PJs,12,20.0,Clearance|Clearance|Sitewide
2026-05-31,8,2531,1324,1696011.0,Dresses|Clearance|Dresses|Dresses|New Arrivals|Sleep/PJs|Clearance|Sleep/PJs|New Arrivals|Sleep/PJs,12,20.0,Clearance|Clearance|Sitewide
2026-06-01,8,2531,1324,1696011.0,Dresses|Clearance|Dresses|Dresses|New Arrivals|Sleep/PJs|Clearance|Sleep/PJs|New Arrivals|Sleep/PJs,12,20.0,Clearance|Clearance|Sitewide
2026-06-02,0,0,0,0.0,,12,20.0,Clearance|Clearance|Sitewide
2026-06-03,0,0,0,0.0,,12,20.0,Clearance|Clearance|Sitewide
2026-06-04,0,0,0,0.0,,12,20.0,Clearance|Clearance|Sitewide
2026-06-05,0,0,0,0.0,,12,20.0,Clearance|Clearance|Sitewide
2026-06-06,0,0,0,0.0,,12,20.0,Clearance|Clearance|Sitewide
2026-06-07,0,0,0,0.0,,12,20.0,Clearance|Clearance|Sitewide
2026-06-08,0,0,0,0.0,,12,20.0,Clearance|Clearance|Sitewide
2026-06-09,3,1052,555,421860.0,Dresses|Swim|Clearance|Dresses|Swim|Dresses|Sleep/PJs|Swim,12,20.0,Clearance|Clearance|Sitewide
2026-06-10,3,1052,555,421860.0,Dresses|Swim|Clearance|Dresses|Swim|Dresses|Sleep/PJs|Swim,12,20.0,Clearance|Clearance|Sitewide
2026-06-11,3,1052,555,421860.0,Dresses|Swim|Clearance|Dresses|Swim|Dresses|Sleep/PJs|Swim,12,20.0,Clearance|Clearance|Sitewide
2026-06-12,3,1052,555,421860.0,Dresses|Swim|Clearance|Dresses|Swim|Dresses|Sleep/PJs|Swim,12,20.0,Clearance|Clearance|Sitewide
2026-06-13,3,1027,559,476296.0,Dresses|Swim|Clearance|Dresses|Swim,11,20.0,Clearance|Clearance|Sitewide
2026-06-14,3,1027,559,476296.0,Dresses|Swim|Clearance|Dresses|Swim,11,20.0,Clearance|Clearance|Sitewide
2026-06-15,3,1027,559,476296.0,Dresses|Swim|Clearance|Dresses|Swim,11,20.0,Clearance|Clearance|Sitewide
2026-06-16,3,1027,559,476296.0,Dresses|Swim|Clearance|Dresses|Swim,11,20.0,Clearance|Clearance|Sitewide
2026-06-17,3,1027,559,476296.0,Dresses|Swim|Clearance|Dresses|Swim,11,20.0,Clearance|Clearance|Sitewide
2026-06-18,5,12202,5367,2186530.0,Clearance,11,20.0,Clearance|Clearance|Sitewide
2026-06-19,4,11433,5048,1761424.0,Clearance,11,20.0,Clearance|Clearance|Sitewide
2026-06-20,4,11433,5048,1761424.0,Clearance,11,20.0,Clearance|Clearance|Sitewide
2026-06-21,4,11433,5048,1761424.0,Clearance,11,20.0,Clearance|Clearance|Sitewide
2026-06-22,4,11433,5048,1761424.0,Clearance,11,20.0,Clearance|Clearance|Sitewide
2026-06-23,4,11433,5048,1761424.0,Clearance,12,20.0,Clearance|Clearance|Sitewide|Dresses|Clearance
2026-06-24,4,11433,5048,1761424.0,Clearance,12,20.0,Clearance|Clearance|Sitewide|Dresses|Clearance
2026-06-25,2,849,371,1366450.0,Clearance,12,20.0,Clearance|Clearance|Sitewide|Dresses|Clearance
2026-06-26,1,735,311,1267323.0,Clearance,12,20.0,Clearance|Clearance|Sitewide|Dresses|Clearance
2026-06-27,1,753,315,1289152.0,Clearance,11,20.0,Clearance|Clearance|Sitewide
2026-06-28,1,753,315,1289152.0,Clearance,11,20.0,Clearance|Clearance|Sitewide
2026-06-29,1,753,315,1289152.0,Clearance,11,20.0,Clearance|Clearance|Sitewide
2026-06-30,1,753,315,1289152.0,Clearance,11,20.0,Clearance|Clearance|Sitewide
2026-07-01,2,879,381,1495244.0,Clearance,11,20.0,Clearance|Clearance|Sitewide
2026-07-02,1,753,315,1289152.0,Clearance,11,20.0,Clearance|Clearance|Sitewide
2026-07-03,1,753,315,1289152.0,Clearance,11,20.0,Clearance|Clearance|Sitewide
2026-07-04,1,753,315,1289152.0,Clearance,11,20.0,Clearance|Clearance|Sitewide
2026-07-05,1,753,315,1289152.0,Clearance,11,20.0,Clearance|Clearance|Sitewide
2026-07-06,1,753,315,1289152.0,Clearance,11,20.0,Clearance|Clearance|Sitewide
2026-07-07,4,1316,663,1163798.0,Sleep/PJs|Clearance|Sleep/PJs|Holiday|Sleep/PJs,11,20.0,Clearance|Clearance|Sitewide
2026-07-08,4,1316,663,1163798.0,Sleep/PJs|Clearance|Sleep/PJs|Holiday|Sleep/PJs,11,20.0,Clearance|Clearance|Sitewide
2026-07-09,4,1316,663,1163798.0,Sleep/PJs|Clearance|Sleep/PJs|Holiday|Sleep/PJs,11,20.0,Clearance|Clearance|Sitewide
2026-07-10,4,1316,663,1163798.0,Sleep/PJs|Clearance|Sleep/PJs|Holiday|Sleep/PJs,11,20.0,Clearance|Clearance|Sitewide
2026-07-11,5,1367,683,1218022.0,Sleep/PJs|Clearance|Sleep/PJs|Holiday|Sleep/PJs|Sleep/PJs|Swim,11,20.0,Clearance|Clearance|Sitewide
2026-07-12,5,1367,683,1218022.0,Sleep/PJs|Clearance|Sleep/PJs|Holiday|Sleep/PJs|Sleep/PJs|Swim,11,20.0,Clearance|Clearance|Sitewide
2026-07-13,5,1367,683,1218022.0,Sleep/PJs|Clearance|Sleep/PJs|Holiday|Sleep/PJs|Sleep/PJs|Swim,11,20.0,Clearance|Clearance|Sitewide
2026-07-14,4,10448,4391,274874.0,Dresses|Sleep/PJs|Dresses|Dresses|Baby,11,20.0,Clearance|Clearance|Sitewide
2026-07-15,4,10448,4391,274874.0,Dresses|Sleep/PJs|Dresses|Dresses|Baby,11,20.0,Clearance|Clearance|Sitewide
2026-07-16,4,10448,4391,274874.0,Dresses|Sleep/PJs|Dresses|Dresses|Baby,10,20.0,Clearance|Clearance|Sitewide
2026-07-17,4,10448,4391,274874.0,Dresses|Sleep/PJs|Dresses|Dresses|Baby,10,20.0,Clearance|Clearance|Sitewide
2026-07-18,4,10448,4391,274874.0,Dresses|Sleep/PJs|Dresses|Dresses|Baby,10,20.0,Clearance|Clearance|Sitewide
2026-07-19,4,10448,4391,274874.0,Dresses|Sleep/PJs|Dresses|Dresses|Baby,10,20.0,Clearance|Clearance|Sitewide
2026-07-20,4,10448,4391,274874.0,Dresses|Sleep/PJs|Dresses|Dresses|Baby,10,20.0,Clearance|Clearance|Sitewide
2026-07-21,7,11187,4695,2320741.0,Sleep/PJs|Clearance,10,20.0,Clearance|Clearance|Sitewide
2026-07-22,0,0,0,0.0,,10,20.0,Clearance|Clearance|Sitewide
2026-07-23,0,0,0,0.0,,10,20.0,Clearance|Clearance|Sitewide
2026-07-24,0,0,0,0.0,,10,20.0,Clearance|Clearance|Sitewide
2026-07-25,0,0,0,0.0,,10,20.0,Clearance|Clearance|Sitewide
2026-07-26,0,0,0,0.0,,10,20.0,Clearance|Clearance|Sitewide
2026-07-27,0,0,0,0.0,,10,20.0,Clearance|Clearance|Sitewide
2026-07-28,0,0,0,0.0,,10,20.0,Clearance|Clearance|Sitewide
2026-07-29,0,0,0,0.0,,10,20.0,Clearance|Clearance|Sitewide
2026-07-30,0,0,0,0.0,,10,20.0,Clearance|Clearance|Sitewide
2026-07-31,0,0,0,0.0,,10,20.0,Clearance|Clearance|Sitewide
2026-08-01,0,0,0,0.0,,9,20.0,Clearance|Sitewide|Clearance
2026-08-02,0,0,0,0.0,,21,25.0,Clearance|Sitewide|Clearance
2026-08-03,0,0,0,0.0,,21,25.0,Clearance|Sitewide|Clearance
2026-08-04,0,0,0,0.0,,21,25.0,Clearance|Sitewide|Clearance
2026-08-05,0,0,0,0.0,,21,25.0,Clearance|Sitewide|Clearance
2026-08-06,0,0,0,0.0,,21,25.0,Clearance|Sitewide|Clearance
2026-08-07,0,0,0,0.0,,21,25.0,Clearance|Sitewide|Clearance
2026-08-08,0,0,0,0.0,,21,25.0,Clearance|Sitewide|Clearance
2026-08-09,0,0,0,0.0,,21,25.0,Clearance|Sitewide|Clearance
2026-08-10,0,0,0,0.0,,21,25.0,Clearance|Sitewide|Clearance
2026-08-11,0,0,0,0.0,,21,25.0,Clearance|Sitewide|Clearance
2026-08-12,0,0,0,0.0,,21,25.0,Clearance|Sitewide|Clearance
2026-08-13,0,0,0,0.0,,21,25.0,Clearance|Sitewide|Clearance
2026-08-14,0,0,0,0.0,,21,25.0,Clearance|Sitewide|Clearance
2026-08-15,0,0,0,0.0,,21,25.0,Clearance|Sitewide|Clearance
2026-08-16,0,0,0,0.0,,21,25.0,Clearance|Sitewide|Clearance
2026-08-17,0,0,0,0.0,,21,25.0,Clearance|Sitewide|Clearance
2026-08-18,0,0,0,0.0,,22,25.0,Clearance|Sitewide|Clearance
2026-08-19,0,0,0,0.0,,22,25.0,Clearance|Sitewide|Clearance
2026-08-20,0,0,0,0.0,,22,25.0,Clearance|Sitewide|Clearance
2026-08-21,0,0,0,0.0,,22,25.0,Clearance|Sitewide|Clearance
2026-08-22,0,0,0,0.0,,22,25.0,Clearance|Sitewide|Clearance
2026-08-23,0,0,0,0.0,,22,25.0,Clearance|Sitewide|Clearance
2026-08-24,0,0,0,0.0,,22,25.0,Clearance|Sitewide|Clearance
2026-08-25,0,0,0,0.0,,22,25.0,Clearance|Sitewide|Clearance
2026-08-26,0,0,0,0.0,,21,25.0,Clearance|Sitewide|Clearance
2026-08-27,0,0,0,0.0,,21,25.0,Clearance|Sitewide|Clearance
2026-08-28,0,0,0,0.0,,21,25.0,Clearance|Sitewide|Clearance
2026-08-29,0,0,0,0.0,,21,25.0,Clearance|Sitewide|Clearance
2026-08-30,0,0,0,0.0,,21,25.0,Clearance|Sitewide|Clearance
2026-08-31,0,0,0,0.0,,21,25.0,Clearance|Sitewide|Clearance
2026-09-01,0,0,0,0.0,,21,25.0,Clearance|Sitewide|Clearance
2026-09-02,0,0,0,0.0,,21,25.0,Clearance|Sitewide|Clearance
2026-09-03,0,0,0,0.0,,21,25.0,Clearance|Sitewide|Clearance
2026-09-04,0,0,0,0.0,,21,25.0,Clearance|Sitewide|Clearance
2026-09-05,0,0,0,0.0,,21,25.0,Clearance|Sitewide|Clearance
2026-09-06,0,0,0,0.0,,21,25.0,Clearance|Sitewide|Clearance
2026-09-07,0,0,0,0.0,,21,25.0,Clearance|Sitewide|Clearance
2026-09-08,0,0,0,0.0,,21,25.0,Clearance|Sitewide|Clearance
2026-09-09,0,0,0,0.0,,21,25.0,Clearance|Sitewide|Clearance
2026-09-10,0,0,0,0.0,,21,25.0,Clearance|Sitewide|Clearance
2026-09-11,0,0,0,0.0,,21,25.0,Clearance|Sitewide|Clearance
2026-09-12,0,0,0,0.0,,21,25.0,Clearance|Sitewide|Clearance
2026-09-13,0,0,0,0.0,,21,25.0,Clearance|Sitewide|Clearance
2026-09-14,0,0,0,0.0,,21,25.0,Clearance|Sitewide|Clearance
2026-09-15,0,0,0,0.0,,21,25.0,Clearance|Sitewide|Clearance
2026-09-16,0,0,0,0.0,,21,25.0,Clearance|Sitewide|Clearance
2026-09-17,0,0,0,0.0,,21,25.0,Clearance|Sitewide|Clearance
2026-09-18,0,0,0,0.0,,21,25.0,Clearance|Sitewide|Clearance
2026-09-19,0,0,0,0.0,,21,25.0,Clearance|Sitewide|Clearance
2026-09-20,0,0,0,0.0,,21,25.0,Clearance|Sitewide|Clearance
2026-09-21,0,0,0,0.0,,21,25.0,Clearance|Sitewide|Clearance
2026-09-22,0,0,0,0.0,,21,25.0,Clearance|Sitewide|Clearance
2026-09-23,0,0,0,0.0,,21,25.0,Clearance|Sitewide|Clearance
2026-09-24,0,0,0,0.0,,21,25.0,Clearance|Sitewide|Clearance
2026-09-25,0,0,0,0.0,,20,25.0,Clearance|Sitewide
2026-09-26,0,0,0,0.0,,20,25.0,Clearance|Sitewide
2026-09-27,0,0,0,0.0,,20,25.0,Clearance|Sitewide
2026-09-28,0,0,0,0.0,,20,25.0,Clearance|Sitewide
2026-09-29,0,0,0,0.0,,20,25.0,Clearance|Sitewide
2026-09-30,0,0,0,0.0,,20,25.0,Clearance|Sitewide
2026-10-01,0,0,0,0.0,,20,25.0,Clearance|Sitewide
2026-10-02,0,0,0,0.0,,20,25.0,Clearance|Sitewide
2026-10-03,0,0,0,0.0,,20,25.0,Clearance|Sitewide
2026-10-04,0,0,0,0.0,,20,25.0,Clearance|Sitewide
2026-10-05,0,0,0,0.0,,20,25.0,Clearance|Sitewide
2026-10-06,0,0,0,0.0,,20,25.0,Clearance|Sitewide
2026-10-07,0,0,0,0.0,,20,25.0,Clearance|Sitewide
2026-10-08,0,0,0,0.0,,20,25.0,Clearance|Sitewide
2026-10-09,0,0,0,0.0,,20,25.0,Clearance|Sitewide
2026-10-10,0,0,0,0.0,,20,25.0,Clearance|Sitewide
2026-10-11,0,0,0,0.0,,20,25.0,Clearance|Sitewide
2026-10-12,0,0,0,0.0,,20,25.0,Clearance|Sitewide
2026-10-13,0,0,0,0.0,,20,25.0,Clearance|Sitewide
2026-10-14,0,0,0,0.0,,20,25.0,Clearance|Sitewide
2026-10-15,0,0,0,0.0,,20,25.0,Clearance|Sitewide
2026-10-16,0,0,0,0.0,,20,25.0,Clearance|Sitewide
2026-10-17,0,0,0,0.0,,20,25.0,Clearance|Sitewide
2026-10-18,0,0,0,0.0,,20,25.0,Clearance|Sitewide
2026-10-19,0,0,0,0.0,,20,25.0,Clearance|Sitewide
2026-10-20,0,0,0,0.0,,20,25.0,Clearance|Sitewide
2026-10-21,0,0,0,0.0,,20,25.0,Clearance|Sitewide
2026-10-22,0,0,0,0.0,,20,25.0,Clearance|Sitewide
2026-10-23,0,0,0,0.0,,20,25.0,Clearance|Sitewide
2026-10-24,0,0,0,0.0,,20,25.0,Clearance|Sitewide
2026-10-25,0,0,0,0.0,,20,25.0,Clearance|Sitewide
2026-10-26,0,0,0,0.0,,20,25.0,Clearance|Sitewide
2026-10-27,0,0,0,0.0,,20,25.0,Clearance|Sitewide
2026-10-28,0,0,0,0.0,,20,25.0,Clearance|Sitewide
2026-10-29,0,0,0,0.0,,20,25.0,Clearance|Sitewide
2026-10-30,0,0,0,0.0,,20,25.0,Clearance|Sitewide
2026-10-31,0,0,0,0.0,,20,25.0,Clearance|Sitewide
2026-11-01,0,0,0,0.0,,20,25.0,Clearance|Sitewide
2026-11-02,0,0,0,0.0,,20,25.0,Clearance|Sitewide
2026-11-03,0,0,0,0.0,,20,25.0,Clearance|Sitewide
2026-11-04,0,0,0,0.0,,20,25.0,Clearance|Sitewide
2026-11-05,0,0,0,0.0,,20,25.0,Clearance|Sitewide
2026-11-06,0,0,0,0.0,,20,25.0,Clearance|Sitewide
2026-11-07,0,0,0,0.0,,20,25.0,Clearance|Sitewide
2026-11-08,0,0,0,0.0,,20,25.0,Clearance|Sitewide
2026-11-09,0,0,0,0.0,,20,25.0,Clearance|Sitewide
2026-11-10,0,0,0,0.0,,20,25.0,Clearance|Sitewide
2026-11-11,0,0,0,0.0,,20,25.0,Clearance|Sitewide
2026-11-12,0,0,0,0.0,,20,25.0,Clearance|Sitewide
2026-11-13,0,0,0,0.0,,20,25.0,Clearance|Sitewide
2026-11-14,0,0,0,0.0,,20,25.0,Clearance|Sitewide
2026-11-15,0,0,0,0.0,,20,25.0,Clearance|Sitewide
2026-11-16,0,0,0,0.0,,20,25.0,Clearance|Sitewide
2026-11-17,0,0,0,0.0,,20,25.0,Clearance|Sitewide
2026-11-18,0,0,0,0.0,,20,25.0,Clearance|Sitewide
2026-11-19,0,0,0,0.0,,20,25.0,Clearance|Sitewide
2026-11-20,0,0,0,0.0,,20,25.0,Clearance|Sitewide
2026-11-21,0,0,0,0.0,,20,25.0,Clearance|Sitewide
2026-11-22,0,0,0,0.0,,8,20.0,Clearance|Sitewide
2026-11-23,0,0,0,0.0,,8,20.0,Clearance|Sitewide
2026-11-24,0,0,0,0.0,,8,20.0,Clearance|Sitewide
2026-11-25,0,0,0,0.0,,8,20.0,Clearance|Sitewide
2026-11-26,0,0,0,0.0,,8,20.0,Clearance|Sitewide
2026-11-27,0,0,0,0.0,,8,20.0,Clearance|Sitewide
2026-11-28,0,0,0,0.0,,8,20.0,Clearance|Sitewide
2026-11-29,0,0,0,0.0,,8,20.0,Clearance|Sitewide
2026-11-30,0,0,0,0.0,,8,20.0,Clearance|Sitewide
2026-12-01,0,0,0,0.0,,8,20.0,Clearance|Sitewide
2026-12-02,0,0,0,0.0,,8,20.0,Clearance|Sitewide
2026-12-03,0,0,0,0.0,,6,20.0,Clearance|Sitewide
2026-12-04,0,0,0,0.0,,6,20.0,Clearance|Sitewide
2026-12-05,0,0,0,0.0,,6,20.0,Clearance|Sitewide
2026-12-06,0,0,0,0.0,,6,20.0,Clearance|Sitewide
2026-12-07,0,0,0,0.0,,6,20.0,Clearance|Sitewide
2026-12-08,0,0,0,0.0,,6,20.0,Clearance|Sitewide
2026-12-09,0,0,0,0.0,,6,20.0,Clearance|Sitewide
2026-12-10,0,0,0,0.0,,6,20.0,Clearance|Sitewide
2026-12-11,0,0,0,0.0,,6,20.0,Clearance|Sitewide
2026-12-12,0,0,0,0.0,,6,20.0,Clearance|Sitewide
2026-12-13,0,0,0,0.0,,6,20.0,Clearance|Sitewide
2026-12-14,0,0,0,0.0,,6,20.0,Clearance|Sitewide
2026-12-15,0,0,0,0.0,,6,20.0,Clearance|Sitewide
2026-12-16,0,0,0,0.0,,6,20.0,Clearance|Sitewide
2026-12-17,0,0,0,0.0,,6,20.0,Clearance|Sitewide
2026-12-18,0,0,0,0.0,,6,20.0,Clearance|Sitewide
2026-12-19,0,0,0,0.0,,6,20.0,Clearance|Sitewide
2026-12-20,0,0,0,0.0,,6,20.0,Clearance|Sitewide
2026-12-21,0,0,0,0.0,,6,20.0,Clearance|Sitewide
2026-12-22,0,0,0,0.0,,6,20.0,Clearance|Sitewide
2026-12-23,0,0,0,0.0,,6,20.0,Clearance|Sitewide
2026-12-24,0,0,0,0.0,,6,20.0,Clearance|Sitewide
2026-12-25,0,0,0,0.0,,6,20.0,Clearance|Sitewide
2026-12-26,0,0,0,0.0,,6,20.0,Clearance|Sitewide
2026-12-27,0,0,0,0.0,,6,20.0,Clearance|Sitewide
2026-12-28,0,0,0,0.0,,6,20.0,Clearance|Sitewide
2026-12-29,0,0,0,0.0,,6,20.0,Clearance|Sitewide
2026-12-30,0,0,0,0.0,,6,20.0,Clearance|Sitewide
2026-12-31,0,0,0,0.0,,6,20.0,Clearance|Sitewide
2027-01-01,0,0,0,0.0,,2,10.0,
2027-01-02,0,0,0,0.0,,2,10.0,
2027-01-03,0,0,0,0.0,,2,10.0,
2027-01-04,0,0,0,0.0,,2,10.0,
2027-01-05,0,0,0,0.0,,2,10.0,
2027-01-06,0,0,0,0.0,,2,10.0,
2027-01-07,0,0,0,0.0,,2,10.0,
2027-01-08,0,0,0,0.0,,2,10.0,
2027-01-09,0,0,0,0.0,,2,10.0,
2027-01-10,0,0,0,0.0,,2,10.0,
2027-01-11,0,0,0,0.0,,2,10.0,
2027-01-12,0,0,0,0.0,,2,10.0,
2027-01-13,0,0,0,0.0,,2,10.0,
2027-01-14,0,0,0,0.0,,2,10.0,
2027-01-15,0,0,0,0.0,,2,10.0,
2027-01-16,0,0,0,0.0,,2,10.0,
2027-01-17,0,0,0,0.0,,2,10.0,
2027-01-18,0,0,0,0.0,,2,10.0,
2027-01-19,0,0,0,0.0,,2,10.0,
2027-01-20,0,0,0,0.0,,2,10.0,
2027-01-21,0,0,0,0.0,,2,10.0,
2027-01-22,0,0,0,0.0,,2,10.0,
2027-01-23,0,0,0,0.0,,2,10.0,
2027-01-24,0,0,0,0.0,,2,10.0,
2027-01-25,0,0,0,0.0,,2,10.0,
2027-01-26,0,0,0,0.0,,2,10.0,
2027-01-27,0,0,0,0.0,,2,10.0,
2027-01-28,0,0,0,0.0,,2,10.0,
2027-01-29,0,0,0,0.0,,2,10.0,
2027-01-30,0,0,0,0.0,,2,10.0,
2027-01-31,0,0,0,0.0,,1,10.0,
