date,coupon_active_rows,coupon_max_discount_percent,coupon_scopes
2023-01-03,1,20.0,Clearance|Baby|Sitewide
2023-01-04,1,20.0,Clearance|Baby|Sitewide
2023-01-05,1,20.0,Clearance|Baby|Sitewide
2023-01-06,1,20.0,Clearance|Baby|Sitewide
2023-01-07,1,20.0,Clearance|Baby|Sitewide
2023-01-08,1,20.0,Clearance|Baby|Sitewide
2023-01-09,1,20.0,Clearance|Baby|Sitewide
2023-01-10,1,20.0,Clearance|Baby|Sitewide
2023-01-11,1,20.0,Clearance|Baby|Sitewide
2023-01-12,1,20.0,Clearance|Baby|Sitewide
2023-01-13,1,20.0,Clearance|Baby|Sitewide
2023-01-14,1,20.0,Clearance|Baby|Sitewide
2023-01-15,1,20.0,Clearance|Baby|Sitewide
2023-01-16,1,20.0,Clearance|Baby|Sitewide
2023-01-17,1,20.0,Clearance|Baby|Sitewide
2023-01-18,1,20.0,Clearance|Baby|Sitewide
2023-01-19,1,20.0,Clearance|Baby|Sitewide
2023-01-20,1,20.0,Clearance|Baby|Sitewide
2023-01-21,1,20.0,Clearance|Baby|Sitewide
2023-01-22,1,20.0,Clearance|Baby|Sitewide
2023-01-23,1,20.0,Clearance|Baby|Sitewide
2023-01-24,1,20.0,Clearance|Baby|Sitewide
2023-01-25,1,20.0,Clearance|Baby|Sitewide
2023-01-26,1,20.0,Clearance|Baby|Sitewide
2023-01-27,1,20.0,Clearance|Baby|Sitewide
2023-01-28,1,20.0,Clearance|Baby|Sitewide
2023-01-29,1,20.0,Clearance|Baby|Sitewide
2023-01-30,1,20.0,Clearance|Baby|Sitewide
2023-01-31,1,20.0,Clearance|Baby|Sitewide
2023-02-01,1,20.0,Clearance|Baby|Sitewide
2023-02-02,1,20.0,Clearance|Baby|Sitewide
2023-02-03,1,20.0,Clearance|Baby|Sitewide
2023-02-04,1,20.0,Clearance|Baby|Sitewide
2023-02-05,1,20.0,Clearance|Baby|Sitewide
2023-02-06,1,20.0,Clearance|Baby|Sitewide
2023-02-07,1,20.0,Clearance|Baby|Sitewide
2023-02-08,1,20.0,Clearance|Baby|Sitewide
2023-02-09,1,20.0,Clearance|Baby|Sitewide
2023-02-10,1,20.0,Clearance|Baby|Sitewide
2023-02-11,1,20.0,Clearance|Baby|Sitewide
2023-02-12,1,20.0,Clearance|Baby|Sitewide
2023-02-13,1,20.0,Clearance|Baby|Sitewide
2023-02-14,1,20.0,Clearance|Baby|Sitewide
2023-02-15,1,20.0,Clearance|Baby|Sitewide
2023-02-16,1,20.0,Clearance|Baby|Sitewide
2023-02-17,1,20.0,Clearance|Baby|Sitewide
2023-02-18,1,20.0,Clearance|Baby|Sitewide
2023-02-19,1,20.0,Clearance|Baby|Sitewide
2023-02-20,1,20.0,Clearance|Baby|Sitewide
2023-02-21,1,20.0,Clearance|Baby|Sitewide
2023-02-22,1,20.0,Clearance|Baby|Sitewide
2023-02-23,1,20.0,Clearance|Baby|Sitewide
2023-02-24,1,20.0,Clearance|Baby|Sitewide
2023-02-25,1,20.0,Clearance|Baby|Sitewide
2023-02-26,1,20.0,Clearance|Baby|Sitewide
2023-02-27,1,20.0,Clearance|Baby|Sitewide
2023-02-28,1,20.0,Clearance|Baby|Sitewide
2023-03-01,1,20.0,Clearance|Baby|Sitewide
2023-03-02,1,20.0,Clearance|Baby|Sitewide
2023-03-03,1,20.0,Clearance|Baby|Sitewide
2023-03-04,1,20.0,Clearance|Baby|Sitewide
2023-03-05,1,20.0,Clearance|Baby|Sitewide
2023-03-06,1,20.0,Clearance|Baby|Sitewide
2023-03-07,1,20.0,Clearance|Baby|Sitewide
2023-03-08,1,20.0,Clearance|Baby|Sitewide
2023-03-09,1,20.0,Clearance|Baby|Sitewide
2023-03-10,1,20.0,Clearance|Baby|Sitewide
2023-03-11,1,20.0,Clearance|Baby|Sitewide
2023-03-12,1,20.0,Clearance|Baby|Sitewide
2023-03-13,1,20.0,Clearance|Baby|Sitewide
2023-03-14,1,20.0,Clearance|Baby|Sitewide
2023-03-15,1,20.0,Clearance|Baby|Sitewide
2023-03-16,1,20.0,Clearance|Baby|Sitewide
2023-03-17,1,20.0,Clearance|Baby|Sitewide
2023-03-18,1,20.0,Clearance|Baby|Sitewide
2023-03-19,1,20.0,Clearance|Baby|Sitewide
2023-03-20,1,20.0,Clearance|Baby|Sitewide
2023-03-21,1,20.0,Clearance|Baby|Sitewide
2023-03-22,1,20.0,Clearance|Baby|Sitewide
2023-03-23,1,20.0,Clearance|Baby|Sitewide
2023-03-24,1,20.0,Clearance|Baby|Sitewide
2023-03-25,1,20.0,Clearance|Baby|Sitewide
2023-03-26,1,20.0,Clearance|Baby|Sitewide
2023-03-27,1,20.0,Clearance|Baby|Sitewide
2023-03-28,1,20.0,Clearance|Baby|Sitewide
2023-03-29,1,20.0,Clearance|Baby|Sitewide
2023-03-30,1,20.0,Clearance|Baby|Sitewide
2023-03-31,1,20.0,Clearance|Baby|Sitewide
2023-04-01,1,20.0,Clearance|Baby|Sitewide
2023-04-02,1,20.0,Clearance|Baby|Sitewide
2023-04-03,1,20.0,Clearance|Baby|Sitewide
2023-04-04,1,20.0,Clearance|Baby|Sitewide
2023-04-05,1,20.0,Clearance|Baby|Sitewide
2023-04-06,1,20.0,Clearance|Baby|Sitewide
2023-04-07,1,20.0,Clearance|Baby|Sitewide
2023-04-08,1,20.0,Clearance|Baby|Sitewide
2023-04-09,1,20.0,Clearance|Baby|Sitewide
2023-04-10,1,20.0,Clearance|Baby|Sitewide
2023-04-11,1,20.0,Clearance|Baby|Sitewide
2023-04-12,1,20.0,Clearance|Baby|Sitewide
2023-04-13,1,20.0,Clearance|Baby|Sitewide
2023-04-14,1,20.0,Clearance|Baby|Sitewide
2023-04-15,1,20.0,Clearance|Baby|Sitewide
2023-04-16,1,20.0,Clearance|Baby|Sitewide
2023-04-17,1,20.0,Clearance|Baby|Sitewide
2023-04-18,1,20.0,Clearance|Baby|Sitewide
2023-04-19,1,20.0,Clearance|Baby|Sitewide
2023-04-20,1,20.0,Clearance|Baby|Sitewide
2023-04-21,1,20.0,Clearance|Baby|Sitewide
2023-04-22,1,20.0,Clearance|Baby|Sitewide
2023-04-23,1,20.0,Clearance|Baby|Sitewide
2023-04-24,1,20.0,Clearance|Baby|Sitewide
2023-04-25,1,20.0,Clearance|Baby|Sitewide
2023-04-26,1,20.0,Clearance|Baby|Sitewide
2023-04-27,1,20.0,Clearance|Baby|Sitewide
2023-04-28,1,20.0,Clearance|Baby|Sitewide
2023-04-29,1,20.0,Clearance|Baby|Sitewide
2023-04-30,1,20.0,Clearance|Baby|Sitewide
2023-05-01,1,20.0,Clearance|Baby|Sitewide
2023-05-02,1,20.0,Clearance|Baby|Sitewide
2023-05-03,1,20.0,Clearance|Baby|Sitewide
2023-05-04,1,20.0,Clearance|Baby|Sitewide
2023-05-05,1,20.0,Clearance|Baby|Sitewide
2023-05-06,1,20.0,Clearance|Baby|Sitewide
2023-05-07,1,20.0,Clearance|Baby|Sitewide
2023-05-08,1,20.0,Clearance|Baby|Sitewide
2023-05-09,1,20.0,Clearance|Baby|Sitewide
2023-05-10,1,20.0,Clearance|Baby|Sitewide
2023-05-11,1,20.0,Clearance|Baby|Sitewide
2023-05-12,1,20.0,Clearance|Baby|Sitewide
2023-05-13,1,20.0,Clearance|Baby|Sitewide
2023-05-14,1,20.0,Clearance|Baby|Sitewide
2023-05-15,1,20.0,Clearance|Baby|Sitewide
2023-05-16,1,20.0,Clearance|Baby|Sitewide
2023-05-17,1,20.0,Clearance|Baby|Sitewide
2023-05-18,1,20.0,Clearance|Baby|Sitewide
2023-05-19,1,20.0,Clearance|Baby|Sitewide
2023-05-20,1,20.0,Clearance|Baby|Sitewide
2023-05-21,1,20.0,Clearance|Baby|Sitewide
2023-05-22,1,20.0,Clearance|Baby|Sitewide
2023-05-23,1,20.0,Clearance|Baby|Sitewide
2023-05-24,1,20.0,Clearance|Baby|Sitewide
2023-05-25,1,20.0,Clearance|Baby|Sitewide
2023-05-26,1,20.0,Clearance|Baby|Sitewide
2023-05-27,1,20.0,Clearance|Baby|Sitewide
2023-05-28,1,20.0,Clearance|Baby|Sitewide
2023-05-29,1,20.0,Clearance|Baby|Sitewide
2023-05-30,1,20.0,Clearance|Baby|Sitewide
2023-05-31,1,20.0,Clearance|Baby|Sitewide
2023-06-01,1,20.0,Clearance|Baby|Sitewide
2023-06-02,1,20.0,Clearance|Baby|Sitewide
2023-06-03,1,20.0,Clearance|Baby|Sitewide
2023-06-04,1,20.0,Clearance|Baby|Sitewide
2023-06-05,1,20.0,Clearance|Baby|Sitewide
2023-06-06,1,20.0,Clearance|Baby|Sitewide
2023-06-07,1,20.0,Clearance|Baby|Sitewide
2023-06-08,1,20.0,Clearance|Baby|Sitewide
2023-06-09,1,20.0,Clearance|Baby|Sitewide
2023-06-10,1,20.0,Clearance|Baby|Sitewide
2023-06-11,1,20.0,Clearance|Baby|Sitewide
2023-06-12,1,20.0,Clearance|Baby|Sitewide
2023-06-13,1,20.0,Clearance|Baby|Sitewide
2023-06-14,1,20.0,Clearance|Baby|Sitewide
2023-06-15,1,20.0,Clearance|Baby|Sitewide
2023-06-16,1,20.0,Clearance|Baby|Sitewide
2023-06-17,1,20.0,Clearance|Baby|Sitewide
2023-06-18,1,20.0,Clearance|Baby|Sitewide
2023-06-19,1,20.0,Clearance|Baby|Sitewide
2023-06-20,1,20.0,Clearance|Baby|Sitewide
2023-06-21,1,20.0,Clearance|Baby|Sitewide
2023-06-22,1,20.0,Clearance|Baby|Sitewide
2023-06-23,1,20.0,Clearance|Baby|Sitewide
2023-06-24,1,20.0,Clearance|Baby|Sitewide
2023-06-25,1,20.0,Clearance|Baby|Sitewide
2023-06-26,1,20.0,Clearance|Baby|Sitewide
2023-06-27,1,20.0,Clearance|Baby|Sitewide
2023-06-28,1,20.0,Clearance|Baby|Sitewide
2023-06-29,1,20.0,Clearance|Baby|Sitewide
2023-06-30,1,20.0,Clearance|Baby|Sitewide
2023-07-01,1,20.0,Clearance|Baby|Sitewide
2023-07-02,1,20.0,Clearance|Baby|Sitewide
2023-07-03,1,20.0,Clearance|Baby|Sitewide
2023-07-04,1,20.0,Clearance|Baby|Sitewide
2023-07-05,1,20.0,Clearance|Baby|Sitewide
2023-07-06,1,20.0,Clearance|Baby|Sitewide
2023-07-07,1,20.0,Clearance|Baby|Sitewide
2023-07-08,1,20.0,Clearance|Baby|Sitewide
2023-07-09,1,20.0,Clearance|Baby|Sitewide
2023-07-10,1,20.0,Clearance|Baby|Sitewide
2023-07-11,1,20.0,Clearance|Baby|Sitewide
2023-07-12,1,20.0,Clearance|Baby|Sitewide
2023-07-13,1,20.0,Clearance|Baby|Sitewide
2023-07-14,1,20.0,Clearance|Baby|Sitewide
2023-07-15,1,20.0,Clearance|Baby|Sitewide
2023-07-16,1,20.0,Clearance|Baby|Sitewide
2023-07-17,1,20.0,Clearance|Baby|Sitewide
2023-07-18,1,20.0,Clearance|Baby|Sitewide
2023-07-19,1,20.0,Clearance|Baby|Sitewide
2023-07-20,1,20.0,Clearance|Baby|Sitewide
2023-07-21,1,20.0,Clearance|Baby|Sitewide
2023-07-22,1,20.0,Clearance|Baby|Sitewide
2023-07-23,1,20.0,Clearance|Baby|Sitewide
2023-07-24,1,20.0,Clearance|Baby|Sitewide
2023-07-25,1,20.0,Clearance|Baby|Sitewide
2023-07-26,1,20.0,Clearance|Baby|Sitewide
2023-07-27,1,20.0,Clearance|Baby|Sitewide
2023-07-28,1,20.0,Clearance|Baby|Sitewide
2023-07-29,1,20.0,Clearance|Baby|Sitewide
2023-07-30,1,20.0,Clearance|Baby|Sitewide
2023-07-31,1,20.0,Clearance|Baby|Sitewide
2023-08-01,1,20.0,Clearance|Baby|Sitewide
2023-08-02,1,20.0,Clearance|Baby|Sitewide
2023-08-03,1,20.0,Clearance|Baby|Sitewide
2023-08-04,1,20.0,Clearance|Baby|Sitewide
2023-08-05,1,20.0,Clearance|Baby|Sitewide
2023-08-06,1,20.0,Clearance|Baby|Sitewide
2023-08-07,1,20.0,Clearance|Baby|Sitewide
2023-08-08,1,20.0,Clearance|Baby|Sitewide
2023-08-09,1,20.0,Clearance|Baby|Sitewide
2023-08-10,1,20.0,Clearance|Baby|Sitewide
2023-08-11,1,20.0,Clearance|Baby|Sitewide
2023-08-12,1,20.0,Clearance|Baby|Sitewide
2023-08-13,1,20.0,Clearance|Baby|Sitewide
2023-08-14,1,20.0,Clearance|Baby|Sitewide
2023-08-15,1,20.0,Clearance|Baby|Sitewide
2023-08-16,1,20.0,Clearance|Baby|Sitewide
2023-08-17,1,20.0,Clearance|Baby|Sitewide
2023-08-18,1,20.0,Clearance|Baby|Sitewide
2023-08-19,1,20.0,Clearance|Baby|Sitewide
2023-08-20,1,20.0,Clearance|Baby|Sitewide
2023-08-21,1,20.0,Clearance|Baby|Sitewide
2023-08-22,1,20.0,Clearance|Baby|Sitewide
2023-08-23,1,20.0,Clearance|Baby|Sitewide
2023-08-24,1,20.0,Clearance|Baby|Sitewide
2023-08-25,1,20.0,Clearance|Baby|Sitewide
2023-08-26,1,20.0,Clearance|Baby|Sitewide
2023-08-27,1,20.0,Clearance|Baby|Sitewide
2023-08-28,1,20.0,Clearance|Baby|Sitewide
2023-08-29,1,20.0,Clearance|Baby|Sitewide
2023-08-30,1,20.0,Clearance|Baby|Sitewide
2023-08-31,1,20.0,Clearance|Baby|Sitewide
2023-09-01,1,20.0,Clearance|Baby|Sitewide
2023-09-02,1,20.0,Clearance|Baby|Sitewide
2023-09-03,1,20.0,Clearance|Baby|Sitewide
2023-09-04,1,20.0,Clearance|Baby|Sitewide
2023-09-05,1,20.0,Clearance|Baby|Sitewide
2023-09-06,1,20.0,Clearance|Baby|Sitewide
2023-09-07,1,20.0,Clearance|Baby|Sitewide
2023-09-08,1,20.0,Clearance|Baby|Sitewide
2023-09-09,1,20.0,Clearance|Baby|Sitewide
2023-09-10,1,20.0,Clearance|Baby|Sitewide
2023-09-11,1,20.0,Clearance|Baby|Sitewide
2023-09-12,1,20.0,Clearance|Baby|Sitewide
2023-09-13,1,20.0,Clearance|Baby|Sitewide
2023-09-14,1,20.0,Clearance|Baby|Sitewide
2023-09-15,1,20.0,Clearance|Baby|Sitewide
2023-09-16,1,20.0,Clearance|Baby|Sitewide
2023-09-17,1,20.0,Clearance|Baby|Sitewide
2023-09-18,1,20.0,Clearance|Baby|Sitewide
2023-09-19,1,20.0,Clearance|Baby|Sitewide
2023-09-20,1,20.0,Clearance|Baby|Sitewide
2023-09-21,1,20.0,Clearance|Baby|Sitewide
2023-09-22,1,20.0,Clearance|Baby|Sitewide
2023-09-23,1,20.0,Clearance|Baby|Sitewide
2023-09-24,1,20.0,Clearance|Baby|Sitewide
2023-09-25,1,20.0,Clearance|Baby|Sitewide
2023-09-26,1,20.0,Clearance|Baby|Sitewide
2023-09-27,1,20.0,Clearance|Baby|Sitewide
2023-09-28,1,20.0,Clearance|Baby|Sitewide
2023-09-29,1,20.0,Clearance|Baby|Sitewide
2023-09-30,1,20.0,Clearance|Baby|Sitewide
2023-10-01,1,20.0,Clearance|Baby|Sitewide
2023-10-02,1,20.0,Clearance|Baby|Sitewide
2023-10-03,1,20.0,Clearance|Baby|Sitewide
2023-10-04,1,20.0,Clearance|Baby|Sitewide
2023-10-05,1,20.0,Clearance|Baby|Sitewide
2023-10-06,1,20.0,Clearance|Baby|Sitewide
2023-10-07,1,20.0,Clearance|Baby|Sitewide
2023-10-08,1,20.0,Clearance|Baby|Sitewide
2023-10-09,1,20.0,Clearance|Baby|Sitewide
2023-10-10,1,20.0,Clearance|Baby|Sitewide
2023-10-11,1,20.0,Clearance|Baby|Sitewide
2023-10-12,1,20.0,Clearance|Baby|Sitewide
2023-10-13,1,20.0,Clearance|Baby|Sitewide
2023-10-14,1,20.0,Clearance|Baby|Sitewide
2023-10-15,1,20.0,Clearance|Baby|Sitewide
2023-10-16,1,20.0,Clearance|Baby|Sitewide
2023-10-17,1,20.0,Clearance|Baby|Sitewide
2023-10-18,1,20.0,Clearance|Baby|Sitewide
2023-10-19,1,20.0,Clearance|Baby|Sitewide
2023-10-20,1,20.0,Clearance|Baby|Sitewide
2023-10-21,1,20.0,Clearance|Baby|Sitewide
2023-10-22,1,20.0,Clearance|Baby|Sitewide
2023-10-23,1,20.0,Clearance|Baby|Sitewide
2023-10-24,1,20.0,Clearance|Baby|Sitewide
2023-10-25,1,20.0,Clearance|Baby|Sitewide
2023-10-26,1,20.0,Clearance|Baby|Sitewide
2023-10-27,1,20.0,Clearance|Baby|Sitewide
2023-10-28,1,20.0,Clearance|Baby|Sitewide
2023-10-29,1,20.0,Clearance|Baby|Sitewide
2023-10-30,1,20.0,Clearance|Baby|Sitewide
2023-10-31,1,20.0,Clearance|Baby|Sitewide
2023-11-01,1,20.0,Clearance|Baby|Sitewide
2023-11-02,1,20.0,Clearance|Baby|Sitewide
2023-11-03,1,20.0,Clearance|Baby|Sitewide
2023-11-04,1,20.0,Clearance|Baby|Sitewide
2023-11-05,1,20.0,Clearance|Baby|Sitewide
2023-11-06,1,20.0,Clearance|Baby|Sitewide
2023-11-07,1,20.0,Clearance|Baby|Sitewide
2023-11-08,1,20.0,Clearance|Baby|Sitewide
2023-11-09,1,20.0,Clearance|Baby|Sitewide
2023-11-10,1,20.0,Clearance|Baby|Sitewide
2023-11-11,1,20.0,Clearance|Baby|Sitewide
2023-11-12,1,20.0,Clearance|Baby|Sitewide
2023-11-13,1,20.0,Clearance|Baby|Sitewide
2023-11-14,1,20.0,Clearance|Baby|Sitewide
2023-11-15,1,20.0,Clearance|Baby|Sitewide
2023-11-16,1,20.0,Clearance|Baby|Sitewide
2023-11-17,1,20.0,Clearance|Baby|Sitewide
2023-11-18,1,20.0,Clearance|Baby|Sitewide
2023-11-19,1,20.0,Clearance|Baby|Sitewide
2023-11-20,1,20.0,Clearance|Baby|Sitewide
2023-11-21,1,20.0,Clearance|Baby|Sitewide
2023-11-22,1,20.0,Clearance|Baby|Sitewide
2023-11-23,1,20.0,Clearance|Baby|Sitewide
2023-11-24,1,20.0,Clearance|Baby|Sitewide
2023-11-25,1,20.0,Clearance|Baby|Sitewide
2023-11-26,1,20.0,Clearance|Baby|Sitewide
2023-11-27,1,20.0,Clearance|Baby|Sitewide
2023-11-28,1,20.0,Clearance|Baby|Sitewide
2023-11-29,1,20.0,Clearance|Baby|Sitewide
2023-11-30,1,20.0,Clearance|Baby|Sitewide
2023-12-01,1,20.0,Clearance|Baby|Sitewide
2023-12-02,1,20.0,Clearance|Baby|Sitewide
2023-12-03,1,20.0,Clearance|Baby|Sitewide
2023-12-04,1,20.0,Clearance|Baby|Sitewide
2023-12-05,1,20.0,Clearance|Baby|Sitewide
2023-12-06,1,20.0,Clearance|Baby|Sitewide
2023-12-07,1,20.0,Clearance|Baby|Sitewide
2023-12-08,1,20.0,Clearance|Baby|Sitewide
2023-12-09,1,20.0,Clearance|Baby|Sitewide
2023-12-10,1,20.0,Clearance|Baby|Sitewide
2023-12-11,1,20.0,Clearance|Baby|Sitewide
2023-12-12,1,20.0,Clearance|Baby|Sitewide
2023-12-13,1,20.0,Clearance|Baby|Sitewide
2023-12-14,1,20.0,Clearance|Baby|Sitewide
2023-12-15,1,20.0,Clearance|Baby|Sitewide
2023-12-16,1,20.0,Clearance|Baby|Sitewide
2023-12-17,1,20.0,Clearance|Baby|Sitewide
2023-12-18,1,20.0,Clearance|Baby|Sitewide
2023-12-19,1,20.0,Clearance|Baby|Sitewide
2023-12-20,1,20.0,Clearance|Baby|Sitewide
2023-12-21,1,20.0,Clearance|Baby|Sitewide
2023-12-22,1,20.0,Clearance|Baby|Sitewide
2023-12-23,1,20.0,Clearance|Baby|Sitewide
2023-12-24,1,20.0,Clearance|Baby|Sitewide
2023-12-25,1,20.0,Clearance|Baby|Sitewide
2023-12-26,1,20.0,Clearance|Baby|Sitewide
2023-12-27,1,20.0,Clearance|Baby|Sitewide
2023-12-28,1,20.0,Clearance|Baby|Sitewide
2023-12-29,1,20.0,Clearance|Baby|Sitewide
2023-12-30,1,20.0,Clearance|Baby|Sitewide
2023-12-31,1,20.0,Clearance|Baby|Sitewide
2024-01-01,7,25.0,Clearance|Baby|Sitewide|Clearance|Dresses
2024-01-02,7,25.0,Clearance|Baby|Sitewide|Clearance|Dresses
2024-01-03,7,25.0,Clearance|Baby|Sitewide|Clearance|Dresses
2024-01-04,7,25.0,Clearance|Baby|Sitewide|Clearance|Dresses
2024-01-05,7,25.0,Clearance|Baby|Sitewide|Clearance|Dresses
2024-01-06,7,25.0,Clearance|Baby|Sitewide|Clearance|Dresses
2024-01-07,7,25.0,Clearance|Baby|Sitewide|Clearance|Dresses
2024-01-08,7,25.0,Clearance|Baby|Sitewide|Clearance|Dresses
2024-01-09,7,25.0,Clearance|Baby|Sitewide|Clearance|Dresses
2024-01-10,7,25.0,Clearance|Baby|Sitewide|Clearance|Dresses
2024-01-11,7,25.0,Clearance|Baby|Sitewide|Clearance|Dresses
2024-01-12,8,25.0,Clearance|Baby|Sitewide|Clearance|Dresses|Clearance|Baby
2024-01-13,8,25.0,Clearance|Baby|Sitewide|Clearance|Dresses|Clearance|Baby
2024-01-14,8,25.0,Clearance|Baby|Sitewide|Clearance|Dresses|Clearance|Baby
2024-01-15,8,25.0,Clearance|Baby|Sitewide|Clearance|Dresses|Clearance|Baby
2024-01-16,8,25.0,Clearance|Baby|Sitewide|Clearance|Dresses|Sleep/PJs|Clearance|Baby
2024-01-17,8,25.0,Clearance|Baby|Sitewide|Clearance|Dresses|Sleep/PJs|Clearance|Baby
2024-01-18,8,25.0,Clearance|Baby|Sitewide|Clearance|Dresses|Sleep/PJs|Clearance|Baby
2024-01-19,9,25.0,Clearance|Baby|Sitewide|Clearance|Dresses|Sleep/PJs|Clearance|Baby|Clearance|Sitewide
2024-01-20,9,25.0,Clearance|Baby|Sitewide|Clearance|Dresses|Sleep/PJs|Clearance|Baby|Clearance|Sitewide
2024-01-21,9,25.0,Clearance|Baby|Sitewide|Clearance|Dresses|Sleep/PJs|Clearance|Baby|Clearance|Sitewide
2024-01-22,9,25.0,Clearance|Baby|Sitewide|Clearance|Dresses|Sleep/PJs|Clearance|Baby|Clearance|Sitewide
2024-01-23,9,25.0,Clearance|Baby|Sitewide|Clearance|Dresses|Clearance|Sitewide
2024-01-24,9,25.0,Clearance|Baby|Sitewide|Clearance|Dresses|Clearance|Sitewide
2024-01-25,9,25.0,Clearance|Baby|Sitewide|Clearance|Dresses|Clearance|Sitewide
2024-01-26,9,25.0,Clearance|Baby|Sitewide|Clearance|Dresses|Clearance|Sitewide
2024-01-27,9,25.0,Clearance|Baby|Sitewide|Clearance|Dresses|Clearance|Sitewide
2024-01-28,10,25.0,Clearance|Baby|Sitewide|Clearance|Dresses|Clearance|Sitewide
2024-01-29,10,25.0,Clearance|Baby|Sitewide|Clearance|Dresses|Clearance|Sitewide
2024-01-30,10,25.0,Clearance|Baby|Sitewide|Clearance|Dresses|Clearance|Sitewide
2024-01-31,10,25.0,Clearance|Baby|Sitewide|Clearance|Dresses|Clearance|Sitewide
2024-02-01,13,25.0,Clearance|Baby|Sitewide|Clearance|Dresses|Clearance|Sitewide
2024-02-02,13,25.0,Clearance|Baby|Sitewide|Clearance|Dresses|Clearance|Sitewide
2024-02-03,13,25.0,Clearance|Baby|Sitewide|Clearance|Dresses|Clearance|Sitewide
2024-02-04,12,25.0,Clearance|Baby|Sitewide|Clearance|Dresses|Clearance|Sitewide
2024-02-05,12,25.0,Clearance|Baby|Sitewide|Clearance|Dresses|Clearance|Sitewide
2024-02-06,13,25.0,Clearance|Baby|Sitewide|Clearance|Dresses|Clearance|Sitewide
2024-02-07,13,25.0,Clearance|Baby|Sitewide|Clearance|Dresses|Clearance|Sitewide
2024-02-08,13,25.0,Clearance|Baby|Sitewide|Clearance|Dresses|Clearance|Sitewide
2024-02-09,13,25.0,Clearance|Baby|Sitewide|Clearance|Dresses|Clearance|Sitewide
2024-02-10,13,25.0,Clearance|Baby|Sitewide|Clearance|Dresses|Clearance|Sitewide
2024-02-11,13,25.0,Clearance|Baby|Sitewide|Clearance|Dresses|Clearance|Sitewide
2024-02-12,14,25.0,Clearance|Baby|Sitewide|Clearance|Dresses|Clearance|Sitewide
2024-02-13,14,25.0,Clearance|Baby|Sitewide|Clearance|Dresses|Clearance|Sitewide
2024-02-14,14,25.0,Clearance|Baby|Sitewide|Clearance|Dresses|Clearance|Sitewide
2024-02-15,14,25.0,Clearance|Baby|Sitewide|Clearance|Dresses|Clearance|Sitewide
2024-02-16,13,25.0,Clearance|Baby|Sitewide|Clearance|Dresses|Clearance|Sitewide|Clearance|Baby
2024-02-17,13,25.0,Clearance|Baby|Sitewide|Clearance|Dresses|Clearance|Sitewide|Clearance|Baby
2024-02-18,13,25.0,Clearance|Baby|Sitewide|Clearance|Dresses|Clearance|Sitewide|Clearance|Baby
2024-02-19,13,25.0,Clearance|Baby|Sitewide|Clearance|Dresses|Clearance|Sitewide|Clearance|Baby
2024-02-20,12,25.0,Clearance|Baby|Sitewide|Clearance|Dresses|Clearance|Sitewide
2024-02-21,13,25.0,Clearance|Baby|Sitewide|Clearance|Dresses|Clearance|Sitewide
2024-02-22,14,25.0,Clearance|Baby|Sitewide|Clearance|Dresses|Clearance|Sitewide
2024-02-23,14,25.0,Clearance|Baby|Sitewide|Clearance|Dresses|Clearance|Sitewide
2024-02-24,14,25.0,Clearance|Baby|Sitewide|Clearance|Dresses|Clearance|Sitewide
2024-02-25,14,25.0,Clearance|Baby|Sitewide|Clearance|Dresses|Clearance|Sitewide
2024-02-26,14,25.0,Clearance|Baby|Sitewide|Clearance|Dresses|Clearance|Sitewide
2024-02-27,12,25.0,Clearance|Baby|Sitewide|Clearance|Dresses|Clearance|Sitewide
2024-02-28,12,25.0,Clearance|Baby|Sitewide|Clearance|Dresses|Clearance|Sitewide
2024-02-29,12,25.0,Clearance|Baby|Sitewide|Clearance|Dresses|Clearance|Sitewide
2024-03-01,12,25.0,Clearance|Baby|Sitewide|Clearance|Dresses|Clearance|Sitewide
2024-03-02,12,25.0,Clearance|Baby|Sitewide|Clearance|Dresses|Clearance|Sitewide
2024-03-03,12,25.0,Clearance|Baby|Sitewide|Clearance|Dresses|Clearance|Sitewide
2024-03-04,14,25.0,Clearance|Baby|Sitewide|Clearance|Dresses|Clearance|Sitewide
2024-03-05,15,25.0,Clearance|Baby|Sitewide|Clearance|Dresses|Clearance|Sitewide
2024-03-06,16,25.0,Clearance|Baby|Sitewide|Clearance|Dresses|Clearance|Sitewide
2024-03-07,17,25.0,Clearance|Baby|Sitewide|Clearance|Dresses|Clearance|Sitewide
2024-03-08,17,25.0,Clearance|Baby|Sitewide|Clearance|Dresses|Clearance|Sitewide
2024-03-09,17,25.0,Clearance|Baby|Sitewide|Clearance|Dresses|Clearance|Sitewide
2024-03-10,17,25.0,Clearance|Baby|Sitewide|Clearance|Dresses|Clearance|Sitewide
2024-03-11,17,25.0,Clearance|Baby|Sitewide|Clearance|Dresses|Clearance|Sitewide
2024-03-12,16,25.0,Clearance|Baby|Sitewide|Clearance|Dresses|Clearance|Sitewide
2024-03-13,16,25.0,Clearance|Baby|Sitewide|Clearance|Dresses|Clearance|Sitewide
2024-03-14,16,25.0,Clearance|Baby|Sitewide|Clearance|Dresses|Clearance|Sitewide
2024-03-15,16,25.0,Clearance|Baby|Sitewide|Clearance|Dresses|Clearance|Sitewide
2024-03-16,16,25.0,Clearance|Baby|Sitewide|Clearance|Dresses|Clearance|Sitewide
2024-03-17,16,25.0,Clearance|Baby|Sitewide|Clearance|Dresses|Clearance|Sitewide
2024-03-18,17,30.0,Clearance|Baby|Sitewide|Clearance|Dresses|Clearance|Sitewide
2024-03-19,17,30.0,Clearance|Baby|Sitewide|Clearance|Dresses|Clearance|Sitewide
2024-03-20,17,30.0,Clearance|Baby|Sitewide|Clearance|Dresses|Clearance|Sitewide
2024-03-21,17,30.0,Clearance|Baby|Sitewide|Clearance|Dresses|Clearance|Sitewide
2024-03-22,64,30.0,Clearance|Baby|Sitewide|Clearance|Dresses|Clearance|Sitewide|Clearance|Baby
2024-03-23,64,30.0,Clearance|Baby|Sitewide|Clearance|Dresses|Clearance|Sitewide|Clearance|Baby
2024-03-24,64,30.0,Clearance|Baby|Sitewide|Clearance|Dresses|Clearance|Sitewide|Clearance|Baby
2024-03-25,64,30.0,Clearance|Baby|Sitewide|Clearance|Dresses|Clearance|Sitewide|Clearance|Baby
2024-03-26,64,30.0,Clearance|Baby|Sitewide|Clearance|Dresses|Clearance|Sitewide|Clearance|Baby
2024-03-27,64,30.0,Clearance|Baby|Sitewide|Clearance|Dresses|Clearance|Sitewide|Clearance|Baby
2024-03-28,65,30.0,Clearance|Baby|Sitewide|Clearance|Dresses|Clearance|Sitewide|Clearance|Baby|Dresses|Clearance
2024-03-29,67,30.0,Clearance|Baby|Sitewide|Clearance|Dresses|Clearance|Sitewide|Clearance|Baby|Dresses|Clearance
2024-03-30,68,30.0,Clearance|Baby|Sitewide|Clearance|Dresses|Clearance|Sitewide|Clearance|Baby|Dresses|Clearance
2024-03-31,68,30.0,Clearance|Baby|Sitewide|Clearance|Dresses|Clearance|Sitewide|Clearance|Baby|Dresses|Clearance
2024-04-01,67,30.0,Clearance|Baby|Sitewide|Clearance|Dresses|Clearance|Sitewide|Clearance|Baby|Dresses|Clearance
2024-04-02,66,30.0,Clearance|Baby|Sitewide|Clearance|Dresses|Clearance|Sitewide|Clearance|Baby
2024-04-03,66,30.0,Clearance|Baby|Sitewide|Clearance|Dresses|Clearance|Sitewide|Clearance|Baby
2024-04-04,67,30.0,Clearance|Baby|Sitewide|Clearance|Dresses|Clearance|Sitewide|Clearance|Baby
2024-04-05,79,30.0,Clearance|Baby|Sitewide|Clearance|Dresses|Clearance|Sitewide|Clearance|Baby
2024-04-06,79,30.0,Clearance|Baby|Sitewide|Clearance|Dresses|Clearance|Sitewide|Clearance|Baby
2024-04-07,76,30.0,Clearance|Baby|Sitewide|Clearance|Dresses|Clearance|Sitewide|Clearance|Baby
2024-04-08,75,30.0,Clearance|Baby|Sitewide|Clearance|Dresses|Clearance|Sitewide|Clearance|Baby
2024-04-09,75,30.0,Clearance|Baby|Sitewide|Clearance|Dresses|Clearance|Sitewide|Clearance|Baby
2024-04-10,84,30.0,Clearance|Baby|Sitewide|Clearance|Dresses|Clearance|Sitewide|Clearance|Baby
2024-04-11,85,30.0,Clearance|Baby|Sitewide|Clearance|Dresses|Clearance|Sitewide|Clearance|Baby
2024-04-12,86,30.0,Clearance|Baby|Sitewide|Clearance|Dresses|Clearance|Sitewide|Clearance|Baby
2024-04-13,85,30.0,Clearance|Baby|Sitewide|Clearance|Dresses|Clearance|Sitewide|Clearance|Baby
2024-04-14,85,30.0,Clearance|Baby|Sitewide|Clearance|Dresses|Clearance|Sitewide|Clearance|Baby
2024-04-15,85,30.0,Clearance|Baby|Sitewide|Clearance|Dresses|Clearance|Sitewide|Clearance|Baby
2024-04-16,85,30.0,Clearance|Baby|Sitewide|Clearance|Dresses|Clearance|Sitewide|Clearance|Baby
2024-04-17,88,30.0,Clearance|Baby|Sitewide|Clearance|Dresses|Clearance|Sitewide|Clearance|Baby
2024-04-18,90,30.0,Clearance|Baby|Sitewide|Clearance|Dresses|Clearance|Sitewide|Clearance|Baby
2024-04-19,89,25.0,Clearance|Baby|Sitewide|Clearance|Dresses|Clearance|Sitewide|Clearance|Baby
2024-04-20,90,25.0,Clearance|Baby|Sitewide|Clearance|Dresses|Clearance|Sitewide|Clearance|Baby|New Arrivals
2024-04-21,91,25.0,Clearance|Baby|Sitewide|Clearance|Dresses|Clearance|Sitewide|Clearance|Baby|New Arrivals
2024-04-22,91,25.0,Clearance|Baby|Sitewide|Clearance|Dresses|Clearance|Sitewide|Clearance|Baby|New Arrivals
2024-04-23,93,25.0,Clearance|Baby|Sitewide|Clearance|Dresses|Clearance|Sitewide|Clearance|Baby|New Arrivals
2024-04-24,92,25.0,Clearance|Baby|Sitewide|Clearance|Dresses|Clearance|Sitewide|Clearance|Baby|New Arrivals
2024-04-25,91,25.0,Clearance|Baby|Sitewide|Clearance|Dresses|Clearance|Sitewide|Clearance|Baby
2024-04-26,90,25.0,Clearance|Baby|Sitewide|Clearance|Dresses|Clearance|Sitewide|Clearance|Baby
2024-04-27,90,25.0,Clearance|Baby|Sitewide|Clearance|Dresses|Clearance|Sitewide|Clearance|Baby
2024-04-28,102,25.0,Clearance|Baby|Sitewide|Clearance|Dresses|Clearance|Sitewide|Clearance|Baby
2024-04-29,102,25.0,Clearance|Baby|Sitewide|Clearance|Dresses|Clearance|Sitewide|Clearance|Baby
2024-04-30,103,25.0,Clearance|Baby|Sitewide|Clearance|Dresses|Clearance|Sitewide|Clearance|Baby|Sleep/PJs|Clearance|Sitewide
2024-05-01,101,25.0,Clearance|Baby|Sitewide|Clearance|Dresses|Clearance|Sitewide|Clearance|Baby|Sleep/PJs|Clearance|Sitewide
2024-05-02,100,25.0,Clearance|Baby|Sitewide|Clearance|Dresses|Clearance|Sitewide|Clearance|Baby|Sleep/PJs|Clearance|Sitewide
2024-05-03,100,25.0,Clearance|Baby|Sitewide|Clearance|Dresses|Clearance|Sitewide|Clearance|Baby|Sleep/PJs|Clearance|Sitewide
2024-05-04,99,25.0,Clearance|Baby|Sitewide|Clearance|Dresses|Clearance|Sitewide|Clearance|Baby
2024-05-05,98,25.0,Clearance|Baby|Sitewide|Clearance|Dresses|Clearance|Sitewide|Clearance|Baby
2024-05-06,98,25.0,Clearance|Baby|Sitewide|Clearance|Dresses|Clearance|Sitewide|Clearance|Baby
2024-05-07,99,25.0,Clearance|Baby|Sitewide|Clearance|Dresses|Clearance|Sitewide|Clearance|Baby
2024-05-08,100,25.0,Clearance|Baby|Sitewide|Clearance|Dresses|Clearance|Sitewide|Clearance|Baby
2024-05-09,101,25.0,Clearance|Baby|Sitewide|Clearance|Dresses|Clearance|Sitewide|Clearance|Baby
2024-05-10,101,25.0,Clearance|Baby|Sitewide|Clearance|Dresses|Clearance|Sitewide|Clearance|Baby
2024-05-11,102,25.0,Clearance|Baby|Sitewide|Clearance|Dresses|Clearance|Sitewide|Clearance|Baby
2024-05-12,102,25.0,Clearance|Baby|Sitewide|Clearance|Dresses|Clearance|Sitewide|Clearance|Baby
2024-05-13,103,25.0,Clearance|Baby|Sitewide|Clearance|Dresses|Clearance|Sitewide|Clearance|Baby
2024-05-14,103,25.0,Clearance|Baby|Sitewide|Clearance|Dresses|Clearance|Sitewide|Clearance|Baby
2024-05-15,104,25.0,Clearance|Baby|Sitewide|Clearance|Dresses|Clearance|Sitewide|Clearance|Baby
2024-05-16,104,25.0,Clearance|Baby|Sitewide|Clearance|Dresses|Clearance|Sitewide|Clearance|Baby
2024-05-17,105,25.0,Clearance|Baby|Sitewide|Clearance|Dresses|Clearance|Sitewide|Clearance|Baby
2024-05-18,105,25.0,Clearance|Baby|Sitewide|Clearance|Dresses|Clearance|Sitewide|Clearance|Baby
2024-05-19,101,25.0,Clearance|Baby|Sitewide|Clearance|Dresses|Clearance|Sitewide|Clearance|Baby
2024-05-20,101,25.0,Clearance|Baby|Sitewide|Clearance|Dresses|Clearance|Sitewide|Clearance|Baby
2024-05-21,100,25.0,Clearance|Baby|Sitewide|Clearance|Dresses|Clearance|Sitewide|Clearance|Baby
2024-05-22,100,25.0,Clearance|Baby|Sitewide|Clearance|Dresses|Clearance|Sitewide|Clearance|Baby
2024-05-23,100,25.0,Clearance|Baby|Sitewide|Clearance|Dresses|Clearance|Sitewide|Clearance|Baby
2024-05-24,102,25.0,Clearance|Baby|Sitewide|Clearance|Dresses|Clearance|Sitewide|Clearance|Baby
2024-05-25,102,25.0,Clearance|Baby|Sitewide|Clearance|Dresses|Clearance|Sitewide|Clearance|Baby
2024-05-26,102,25.0,Clearance|Baby|Sitewide|Clearance|Dresses|Clearance|Sitewide|Clearance|Baby
2024-05-27,103,25.0,Clearance|Baby|Sitewide|Clearance|Dresses|Clearance|Sitewide|Clearance|Baby
2024-05-28,102,25.0,Clearance|Baby|Sitewide|Clearance|Dresses|Clearance|Sitewide|Clearance|Baby
2024-05-29,102,25.0,Clearance|Baby|Sitewide|Clearance|Dresses|Clearance|Sitewide|Clearance|Baby
2024-05-30,102,25.0,Clearance|Baby|Sitewide|Clearance|Dresses|Clearance|Sitewide|Clearance|Baby
2024-05-31,102,25.0,Clearance|Baby|Sitewide|Clearance|Dresses|Clearance|Sitewide|Clearance|Baby
2024-06-01,101,25.0,Clearance|Baby|Sitewide|Clearance|Dresses|Clearance|Sitewide|Clearance|Baby
2024-06-02,101,25.0,Clearance|Baby|Sitewide|Clearance|Dresses|Clearance|Sitewide|Clearance|Baby
2024-06-03,101,25.0,Clearance|Baby|Sitewide|Clearance|Dresses|Clearance|Sitewide|Clearance|Baby
2024-06-04,101,25.0,Clearance|Baby|Sitewide|Clearance|Dresses|Clearance|Sitewide|Clearance|Baby
2024-06-05,101,25.0,Clearance|Baby|Sitewide|Clearance|Dresses|Clearance|Sitewide|Clearance|Baby
2024-06-06,101,25.0,Clearance|Baby|Sitewide|Clearance|Dresses|Clearance|Sitewide|Clearance|Baby
2024-06-07,101,25.0,Clearance|Baby|Sitewide|Clearance|Dresses|Clearance|Sitewide|Clearance|Baby
2024-06-08,102,25.0,Clearance|Baby|Sitewide|Clearance|Dresses|Clearance|Sitewide|Clearance|Baby
2024-06-09,102,25.0,Clearance|Baby|Sitewide|Clearance|Dresses|Clearance|Sitewide|Clearance|Baby
2024-06-10,102,25.0,Clearance|Baby|Sitewide|Clearance|Dresses|Clearance|Sitewide|Clearance|Baby
2024-06-11,100,25.0,Clearance|Baby|Sitewide|Clearance|Dresses|Clearance|Sitewide|Clearance|Baby
2024-06-12,100,25.0,Clearance|Baby|Sitewide|Clearance|Dresses|Clearance|Sitewide|Clearance|Baby
2024-06-13,100,25.0,Clearance|Baby|Sitewide|Clearance|Dresses|Clearance|Sitewide|Clearance|Baby
2024-06-14,100,25.0,Clearance|Baby|Sitewide|Clearance|Dresses|Clearance|Sitewide|Clearance|Baby
2024-06-15,102,25.0,Clearance|Baby|Sitewide|Clearance|Dresses|Clearance|Sitewide|Clearance|Baby
2024-06-16,102,25.0,Clearance|Baby|Sitewide|Clearance|Dresses|Clearance|Sitewide|Clearance|Baby
2024-06-17,100,25.0,Clearance|Baby|Sitewide|Clearance|Dresses|Clearance|Sitewide|Clearance|Baby
2024-06-18,101,25.0,Clearance|Baby|Sitewide|Clearance|Dresses|Clearance|Sitewide|Clearance|Baby
2024-06-19,101,25.0,Clearance|Baby|Sitewide|Clearance|Dresses|Clearance|Sitewide|Clearance|Baby
2024-06-20,102,25.0,Clearance|Baby|Sitewide|Clearance|Dresses|Clearance|Sitewide|Clearance|Baby
2024-06-21,102,25.0,Clearance|Baby|Sitewide|Clearance|Dresses|Clearance|Sitewide|Clearance|Baby
2024-06-22,102,25.0,Clearance|Baby|Sitewide|Clearance|Dresses|Clearance|Sitewide|Clearance|Baby
2024-06-23,102,25.0,Clearance|Baby|Sitewide|Clearance|Dresses|Clearance|Sitewide|Clearance|Baby
2024-06-24,102,25.0,Clearance|Baby|Sitewide|Clearance|Dresses|Clearance|Sitewide|Clearance|Baby
2024-06-25,102,25.0,Clearance|Baby|Sitewide|Clearance|Dresses|Clearance|Sitewide|Clearance|Baby
2024-06-26,101,25.0,Clearance|Baby|Sitewide|Clearance|Dresses|Clearance|Sitewide|Clearance|Baby
2024-06-27,101,25.0,Clearance|Baby|Sitewide|Clearance|Dresses|Clearance|Sitewide|Clearance|Baby
2024-06-28,101,25.0,Clearance|Baby|Sitewide|Clearance|Dresses|Clearance|Sitewide|Clearance|Baby
2024-06-29,101,25.0,Clearance|Baby|Sitewide|Clearance|Dresses|Clearance|Sitewide|Clearance|Baby
2024-06-30,101,25.0,Clearance|Baby|Sitewide|Clearance|Dresses|Clearance|Sitewide|Clearance|Baby
2024-07-01,103,25.0,Clearance|Baby|Sitewide|Clearance|Dresses|Clearance|Sitewide|Clearance|Baby
2024-07-02,103,25.0,Clearance|Baby|Sitewide|Clearance|Dresses|Clearance|Sitewide|Clearance|Baby
2024-07-03,103,25.0,Clearance|Baby|Sitewide|Clearance|Dresses|Clearance|Sitewide|Clearance|Baby
2024-07-04,103,25.0,Clearance|Baby|Sitewide|Clearance|Dresses|Clearance|Sitewide|Clearance|Baby
2024-07-05,103,25.0,Clearance|Baby|Sitewide|Clearance|Dresses|Clearance|Sitewide|Clearance|Baby
2024-07-06,103,25.0,Clearance|Baby|Sitewide|Clearance|Dresses|Clearance|Sitewide|Clearance|Baby
2024-07-07,103,25.0,Clearance|Baby|Sitewide|Clearance|Dresses|Clearance|Sitewide|Clearance|Baby
2024-07-08,102,25.0,Clearance|Baby|Sitewide|Clearance|Dresses|Clearance|Sitewide|Clearance|Baby
2024-07-09,103,25.0,Clearance|Baby|Sitewide|Clearance|Dresses|Clearance|Sitewide|Clearance|Baby
2024-07-10,102,25.0,Clearance|Baby|Sitewide|Clearance|Dresses|Clearance|Sitewide|Clearance|Baby
2024-07-11,102,25.0,Clearance|Baby|Sitewide|Clearance|Dresses|Clearance|Sitewide|Clearance|Baby
2024-07-12,106,25.0,Clearance|Baby|Sitewide|Clearance|Dresses|Clearance|Sitewide|Clearance|Baby|Sleep/PJs|Baby
2024-07-13,106,25.0,Clearance|Baby|Sitewide|Clearance|Dresses|Clearance|Sitewide|Clearance|Baby|Sleep/PJs|Baby
2024-07-14,106,25.0,Clearance|Baby|Sitewide|Clearance|Dresses|Clearance|Sitewide|Clearance|Baby|Sleep/PJs|Baby
2024-07-15,106,25.0,Clearance|Baby|Sitewide|Clearance|Dresses|Clearance|Sitewide|Clearance|Baby|Sleep/PJs|Baby
2024-07-16,106,25.0,Clearance|Baby|Sitewide|Clearance|Dresses|Clearance|Sitewide|Clearance|Baby|Sleep/PJs|Baby
2024-07-17,107,25.0,Clearance|Baby|Sitewide|Clearance|Dresses|Clearance|Sitewide|Clearance|Baby|Sleep/PJs|Baby
2024-07-18,106,25.0,Clearance|Baby|Sitewide|Clearance|Dresses|Clearance|Sitewide|Clearance|Baby|Sleep/PJs|Baby
2024-07-19,105,25.0,Clearance|Baby|Sitewide|Clearance|Dresses|Clearance|Sitewide|Clearance|Baby
2024-07-20,106,25.0,Clearance|Baby|Sitewide|Clearance|Dresses|Clearance|Sitewide|Clearance|Baby
2024-07-21,106,25.0,Clearance|Baby|Sitewide|Clearance|Dresses|Clearance|Sitewide|Clearance|Baby
2024-07-22,105,25.0,Clearance|Baby|Sitewide|Clearance|Dresses|Clearance|Sitewide|Clearance|Baby
2024-07-23,106,25.0,Clearance|Baby|Sitewide|Clearance|Dresses|Clearance|Sitewide|Clearance|Baby
2024-07-24,106,25.0,Clearance|Baby|Sitewide|Clearance|Dresses|Clearance|Sitewide|Clearance|Baby
2024-07-25,106,25.0,Clearance|Baby|Sitewide|Clearance|Dresses|Clearance|Sitewide|Clearance|Baby
2024-07-26,106,25.0,Clearance|Baby|Sitewide|Clearance|Dresses|Clearance|Sitewide|Clearance|Baby
2024-07-27,107,25.0,Clearance|Baby|Sitewide|Clearance|Dresses|Clearance|Sitewide|Clearance|Baby
2024-07-28,107,25.0,Clearance|Baby|Sitewide|Clearance|Dresses|Clearance|Sitewide|Clearance|Baby
2024-07-29,107,25.0,Clearance|Baby|Sitewide|Clearance|Dresses|Clearance|Sitewide|Clearance|Baby
2024-07-30,106,25.0,Clearance|Baby|Sitewide|Clearance|Dresses|Clearance|Sitewide|Clearance|Baby
2024-07-31,106,25.0,Clearance|Baby|Sitewide|Clearance|Dresses|Clearance|Sitewide|Clearance|Baby
2024-08-01,106,25.0,Clearance|Baby|Sitewide|Clearance|Dresses|Clearance|Sitewide|Clearance|Baby
2024-08-02,106,25.0,Clearance|Baby|Sitewide|Clearance|Dresses|Clearance|Sitewide|Clearance|Baby
2024-08-03,106,25.0,Clearance|Baby|Sitewide|Clearance|Dresses|Clearance|Sitewide|Clearance|Baby
2024-08-04,118,25.0,Clearance|Baby|Sitewide|Clearance|Dresses|Clearance|Sitewide|Clearance|Baby
2024-08-05,118,25.0,Clearance|Baby|Sitewide|Clearance|Dresses|Clearance|Sitewide|Clearance|Baby
2024-08-06,118,25.0,Clearance|Baby|Sitewide|Clearance|Dresses|Clearance|Sitewide|Clearance|Baby
2024-08-07,118,25.0,Clearance|Baby|Sitewide|Clearance|Dresses|Clearance|Sitewide|Clearance|Baby
2024-08-08,118,25.0,Clearance|Baby|Sitewide|Clearance|Dresses|Clearance|Sitewide|Clearance|Baby
2024-08-09,118,25.0,Clearance|Baby|Sitewide|Clearance|Dresses|Clearance|Sitewide|Clearance|Baby
2024-08-10,120,25.0,Clearance|Baby|Sitewide|Clearance|Dresses|Clearance|Sitewide|Clearance|Baby
2024-08-11,120,25.0,Clearance|Baby|Sitewide|Clearance|Dresses|Clearance|Sitewide|Clearance|Baby
2024-08-12,119,25.0,Clearance|Baby|Sitewide|Clearance|Dresses|Clearance|Sitewide|Clearance|Baby
2024-08-13,121,25.0,Clearance|Baby|Sitewide|Clearance|Dresses|Clearance|Sitewide|Clearance|Baby
2024-08-14,121,25.0,Clearance|Baby|Sitewide|Clearance|Dresses|Clearance|Sitewide|Clearance|Baby
2024-08-15,121,25.0,Clearance|Baby|Sitewide|Clearance|Dresses|Clearance|Sitewide|Clearance|Baby
2024-08-16,122,25.0,Clearance|Baby|Sitewide|Clearance|Dresses|Clearance|Sitewide|Clearance|Baby
2024-08-17,122,25.0,Clearance|Baby|Sitewide|Clearance|Dresses|Clearance|Sitewide|Clearance|Baby
2024-08-18,122,25.0,Clearance|Baby|Sitewide|Clearance|Dresses|Clearance|Sitewide|Clearance|Baby
2024-08-19,121,25.0,Clearance|Baby|Sitewide|Clearance|Dresses|Clearance|Sitewide|Clearance|Baby
2024-08-20,123,30.0,Clearance|Baby|Sitewide|Clearance|Dresses|Clearance|Sitewide|Clearance|Baby
2024-08-21,123,30.0,Clearance|Baby|Sitewide|Clearance|Dresses|Clearance|Sitewide|Clearance|Baby
2024-08-22,122,30.0,Clearance|Baby|Sitewide|Clearance|Dresses|Clearance|Sitewide|Clearance|Baby
2024-08-23,121,25.0,Clearance|Baby|Sitewide|Clearance|Dresses|Clearance|Sitewide|Clearance|Baby
2024-08-24,120,25.0,Clearance|Baby|Sitewide|Clearance|Dresses|Clearance|Sitewide|Clearance|Baby
2024-08-25,108,25.0,Clearance|Baby|Sitewide|Clearance|Dresses|Clearance|Sitewide|Clearance|Baby
2024-08-26,109,25.0,Clearance|Baby|Sitewide|Clearance|Dresses|Clearance|Sitewide|Clearance|Baby
2024-08-27,110,25.0,Clearance|Baby|Sitewide|Clearance|Dresses|Clearance|Sitewide|Clearance|Baby
2024-08-28,110,25.0,Clearance|Baby|Sitewide|Clearance|Dresses|Clearance|Sitewide|Clearance|Baby
2024-08-29,109,25.0,Clearance|Baby|Sitewide|Clearance|Dresses|Clearance|Sitewide|Clearance|Baby
2024-08-30,109,25.0,Clearance|Baby|Sitewide|Clearance|Dresses|Clearance|Sitewide|Clearance|Baby
2024-08-31,109,25.0,Clearance|Baby|Sitewide|Clearance|Dresses|Clearance|Sitewide|Clearance|Baby
2024-09-01,112,25.0,Clearance|Baby|Sitewide|Clearance|Dresses|Clearance|Sitewide|Clearance|Baby
2024-09-02,112,25.0,Clearance|Baby|Sitewide|Clearance|Dresses|Clearance|Sitewide|Clearance|Baby
2024-09-03,112,25.0,Clearance|Baby|Sitewide|Clearance|Dresses|Clearance|Sitewide|Clearance|Baby
2024-09-04,112,25.0,Clearance|Baby|Sitewide|Clearance|Dresses|Clearance|Sitewide|Clearance|Baby
2024-09-05,112,25.0,Clearance|Baby|Sitewide|Clearance|Dresses|Clearance|Sitewide|Clearance|Baby
2024-09-06,112,25.0,Clearance|Baby|Sitewide|Clearance|Dresses|Clearance|Sitewide|Clearance|Baby
2024-09-07,112,25.0,Clearance|Baby|Sitewide|Clearance|Dresses|Clearance|Sitewide|Clearance|Baby
2024-09-08,112,25.0,Clearance|Baby|Sitewide|Clearance|Dresses|Clearance|Sitewide|Clearance|Baby
2024-09-09,112,25.0,Clearance|Baby|Sitewide|Clearance|Dresses|Clearance|Sitewide|Clearance|Baby
2024-09-10,112,25.0,Clearance|Baby|Sitewide|Clearance|Dresses|Clearance|Sitewide|Clearance|Baby
2024-09-11,110,25.0,Clearance|Baby|Sitewide|Clearance|Dresses|Clearance|Sitewide|Clearance|Baby
2024-09-12,110,25.0,Clearance|Baby|Sitewide|Clearance|Dresses|Clearance|Sitewide|Clearance|Baby
2024-09-13,110,25.0,Clearance|Baby|Sitewide|Clearance|Dresses|Clearance|Sitewide|Clearance|Baby
2024-09-14,111,25.0,Clearance|Baby|Sitewide|Clearance|Dresses|Clearance|Sitewide|Clearance|Baby
2024-09-15,111,25.0,Clearance|Baby|Sitewide|Clearance|Dresses|Clearance|Sitewide|Clearance|Baby
2024-09-16,110,25.0,Clearance|Baby|Sitewide|Clearance|Dresses|Clearance|Sitewide|Clearance|Baby
2024-09-17,110,25.0,Clearance|Baby|Sitewide|Clearance|Dresses|Clearance|Sitewide|Clearance|Baby
2024-09-18,110,25.0,Clearance|Baby|Sitewide|Clearance|Dresses|Clearance|Sitewide|Clearance|Baby
2024-09-19,110,25.0,Clearance|Baby|Sitewide|Clearance|Dresses|Clearance|Sitewide|Clearance|Baby
2024-09-20,111,25.0,Clearance|Baby|Sitewide|Clearance|Dresses|Clearance|Sitewide|Clearance|Baby
2024-09-21,111,25.0,Clearance|Baby|Sitewide|Clearance|Dresses|Clearance|Sitewide|Clearance|Baby
2024-09-22,111,25.0,Clearance|Baby|Sitewide|Clearance|Dresses|Clearance|Sitewide|Clearance|Baby
2024-09-23,111,25.0,Clearance|Baby|Sitewide|Clearance|Dresses|Clearance|Sitewide|Clearance|Baby
2024-09-24,111,25.0,Clearance|Baby|Sitewide|Clearance|Dresses|Clearance|Sitewide|Clearance|Baby
2024-09-25,111,25.0,Clearance|Baby|Sitewide|Clearance|Dresses|Clearance|Sitewide|Clearance|Baby
2024-09-26,111,25.0,Clearance|Baby|Sitewide|Clearance|Dresses|Clearance|Sitewide|Clearance|Baby
2024-09-27,111,25.0,Clearance|Baby|Sitewide|Clearance|Dresses|Clearance|Sitewide|Clearance|Baby
2024-09-28,110,25.0,Clearance|Baby|Sitewide|Clearance|Dresses|Clearance|Sitewide|Clearance|Baby
2024-09-29,110,25.0,Clearance|Baby|Sitewide|Clearance|Dresses|Clearance|Sitewide|Clearance|Baby
2024-09-30,110,25.0,Clearance|Baby|Sitewide|Clearance|Dresses|Clearance|Sitewide|Clearance|Baby
2024-10-01,114,25.0,Clearance|Baby|Sitewide|Clearance|Dresses|Clearance|Sitewide|Clearance|Baby|Clearance|Halloween
2024-10-02,114,25.0,Clearance|Baby|Sitewide|Clearance|Dresses|Clearance|Sitewide|Clearance|Baby|Clearance|Halloween
2024-10-03,113,25.0,Clearance|Baby|Sitewide|Clearance|Dresses|Clearance|Sitewide|Clearance|Baby
2024-10-04,113,25.0,Clearance|Baby|Sitewide|Clearance|Dresses|Clearance|Sitewide|Clearance|Baby
2024-10-05,113,25.0,Clearance|Baby|Sitewide|Clearance|Dresses|Clearance|Sitewide|Clearance|Baby
2024-10-06,108,25.0,Clearance|Baby|Sitewide|Clearance|Dresses|Clearance|Sitewide|Clearance|Baby
2024-10-07,110,25.0,Clearance|Baby|Sitewide|Clearance|Dresses|Clearance|Sitewide|Clearance|Baby
2024-10-08,110,25.0,Clearance|Baby|Sitewide|Clearance|Dresses|Clearance|Sitewide|Clearance|Baby
2024-10-09,110,25.0,Clearance|Baby|Sitewide|Clearance|Dresses|Clearance|Sitewide|Clearance|Baby
2024-10-10,110,25.0,Clearance|Baby|Sitewide|Clearance|Dresses|Clearance|Sitewide|Clearance|Baby
2024-10-11,111,25.0,Clearance|Baby|Sitewide|Clearance|Dresses|Clearance|Sitewide|Clearance|Baby
2024-10-12,111,25.0,Clearance|Baby|Sitewide|Clearance|Dresses|Clearance|Sitewide|Clearance|Baby
2024-10-13,111,25.0,Clearance|Baby|Sitewide|Clearance|Dresses|Clearance|Sitewide|Clearance|Baby
2024-10-14,112,25.0,Clearance|Baby|Sitewide|Clearance|Dresses|Clearance|Sitewide|Clearance|Baby
2024-10-15,115,25.0,Clearance|Baby|Sitewide|Clearance|Dresses|Clearance|Sitewide|Clearance|Baby
2024-10-16,115,25.0,Clearance|Baby|Sitewide|Clearance|Dresses|Clearance|Sitewide|Clearance|Baby
2024-10-17,116,25.0,Clearance|Baby|Sitewide|Clearance|Dresses|Clearance|Sitewide|Clearance|Baby
2024-10-18,116,25.0,Clearance|Baby|Sitewide|Clearance|Dresses|Clearance|Sitewide|Clearance|Baby
2024-10-19,116,25.0,Clearance|Baby|Sitewide|Clearance|Dresses|Clearance|Sitewide|Clearance|Baby
2024-10-20,115,25.0,Clearance|Baby|Sitewide|Clearance|Dresses|Clearance|Sitewide|Clearance|Baby
2024-10-21,116,25.0,Clearance|Baby|Sitewide|Clearance|Dresses|Clearance|Sitewide|Clearance|Baby
2024-10-22,117,25.0,Clearance|Baby|Sitewide|Clearance|Dresses|Clearance|Sitewide|Clearance|Baby
2024-10-23,117,25.0,Clearance|Baby|Sitewide|Clearance|Dresses|Clearance|Sitewide|Clearance|Baby
2024-10-24,118,25.0,Clearance|Baby|Sitewide|Clearance|Dresses|Clearance|Sitewide|Clearance|Baby
2024-10-25,118,25.0,Clearance|Baby|Sitewide|Clearance|Dresses|Clearance|Sitewide|Clearance|Baby
2024-10-26,118,25.0,Clearance|Baby|Sitewide|Clearance|Dresses|Clearance|Sitewide|Clearance|Baby
2024-10-27,118,25.0,Clearance|Baby|Sitewide|Clearance|Dresses|Clearance|Sitewide|Clearance|Baby
2024-10-28,119,30.0,Clearance|Baby|Sitewide|Clearance|Dresses|Clearance|Sitewide|Clearance|Baby
2024-10-29,119,30.0,Clearance|Baby|Sitewide|Clearance|Dresses|Clearance|Sitewide|Clearance|Baby|Sleep/PJs|Clearance|New Arrivals|Holiday
2024-10-30,119,30.0,Clearance|Baby|Sitewide|Clearance|Dresses|Clearance|Sitewide|Clearance|Baby|Sleep/PJs|Clearance|New Arrivals|Holiday
2024-10-31,117,30.0,Clearance|Baby|Sitewide|Clearance|Dresses|Clearance|Sitewide|Clearance|Baby|Sleep/PJs|Clearance|New Arrivals|Holiday
2024-11-01,117,30.0,Clearance|Baby|Sitewide|Clearance|Dresses|Clearance|Sitewide|Clearance|Baby|Sleep/PJs|Clearance|New Arrivals|Holiday
2024-11-02,120,30.0,Clearance|Baby|Sitewide|Clearance|Dresses|Clearance|Sitewide|Clearance|Baby|Sleep/PJs|Clearance|New Arrivals|Holiday
2024-11-03,133,30.0,Clearance|Baby|Sitewide|Clearance|Dresses|Clearance|Sitewide|Clearance|Baby|Sleep/PJs|Clearance|New Arrivals|Holiday
2024-11-04,133,30.0,Clearance|Baby|Sitewide|Clearance|Dresses|Clearance|Sitewide|Clearance|Baby|Sleep/PJs|Clearance|New Arrivals|Holiday
2024-11-05,133,30.0,Clearance|Baby|Sitewide|Clearance|Dresses|Clearance|Sitewide|Clearance|Baby|Sleep/PJs|Clearance|New Arrivals|Holiday
2024-11-06,133,30.0,Clearance|Baby|Sitewide|Clearance|Dresses|Clearance|Sitewide|Clearance|Baby|Sleep/PJs|Clearance|New Arrivals|Holiday
2024-11-07,133,30.0,Clearance|Baby|Sitewide|Clearance|Dresses|Clearance|Sitewide|Clearance|Baby|Sleep/PJs|Clearance|New Arrivals|Holiday
2024-11-08,131,30.0,Clearance|Baby|Sitewide|Clearance|Dresses|Clearance|Sitewide|Clearance|Baby|Clearance|New Arrivals
2024-11-09,131,30.0,Clearance|Baby|Sitewide|Clearance|Dresses|Clearance|Sitewide|Clearance|Baby|Clearance|New Arrivals
2024-11-10,131,30.0,Clearance|Baby|Sitewide|Clearance|Dresses|Clearance|Sitewide|Clearance|Baby|Clearance|New Arrivals
2024-11-11,129,30.0,Clearance|Baby|Sitewide|Clearance|Dresses|Clearance|Sitewide|Clearance|Baby|Clearance|New Arrivals
2024-11-12,130,30.0,Clearance|Baby|Sitewide|Clearance|Dresses|Clearance|Sitewide|Clearance|Baby|Clearance|New Arrivals
2024-11-13,129,30.0,Clearance|Baby|Sitewide|Clearance|Dresses|Clearance|Sitewide|Clearance|Baby|Clearance|New Arrivals
2024-11-14,130,30.0,Clearance|Baby|Sitewide|Clearance|Dresses|Clearance|Sitewide|Clearance|Baby|Clearance|New Arrivals
2024-11-15,130,30.0,Clearance|Baby|Sitewide|Clearance|Dresses|Clearance|Sitewide|Clearance|Baby|Clearance|New Arrivals
2024-11-16,130,30.0,Clearance|Baby|Sitewide|Clearance|Dresses|Clearance|Sitewide|Clearance|Baby|Clearance|New Arrivals
2024-11-17,130,30.0,Clearance|Baby|Sitewide|Clearance|Dresses|Clearance|Sitewide|Clearance|Baby|Clearance|New Arrivals
2024-11-18,130,30.0,Clearance|Baby|Sitewide|Clearance|Dresses|Clearance|Sitewide|Clearance|Baby|Clearance|New Arrivals
2024-11-19,128,30.0,Clearance|Baby|Sitewide|Clearance|Dresses|Clearance|Sitewide|Clearance|Baby
2024-11-20,127,30.0,Clearance|Baby|Sitewide|Clearance|Dresses|Clearance|Sitewide|Clearance|Baby
2024-11-21,127,30.0,Clearance|Baby|Sitewide|Clearance|Dresses|Clearance|Sitewide|Clearance|Baby
2024-11-22,127,30.0,Clearance|Baby|Sitewide|Clearance|Dresses|Clearance|Sitewide|Clearance|Baby
2024-11-23,127,30.0,Clearance|Baby|Sitewide|Clearance|Dresses|Clearance|Sitewide|Clearance|Baby
2024-11-24,114,30.0,Clearance|Baby|Sitewide|Clearance|Dresses|Clearance|Sitewide|Clearance|Baby
2024-11-25,115,30.0,Clearance|Baby|Sitewide|Clearance|Dresses|Clearance|Sitewide|Clearance|Baby|Clearance|New Arrivals
2024-11-26,114,25.0,Clearance|Baby|Sitewide|Clearance|Dresses|Clearance|Sitewide|Clearance|Baby|Clearance|New Arrivals
2024-11-27,114,25.0,Clearance|Baby|Sitewide|Clearance|Dresses|Clearance|Sitewide|Clearance|Baby|Clearance|New Arrivals
2024-11-28,114,25.0,Clearance|Baby|Sitewide|Clearance|Dresses|Clearance|Sitewide|Clearance|Baby|Clearance|New Arrivals
2024-11-29,114,25.0,Clearance|Baby|Sitewide|Clearance|Dresses|Clearance|Sitewide|Clearance|Baby|Clearance|New Arrivals
2024-11-30,114,25.0,Clearance|Baby|Sitewide|Clearance|Dresses|Clearance|Sitewide|Clearance|Baby|Clearance|New Arrivals
2024-12-01,112,25.0,Clearance|Baby|Sitewide|Clearance|Dresses|Clearance|Sitewide|Clearance|Baby|Clearance|New Arrivals
2024-12-02,113,25.0,Clearance|Baby|Sitewide|Clearance|Dresses|Clearance|Sitewide|Clearance|Baby|Clearance|New Arrivals
2024-12-03,113,25.0,Clearance|Baby|Sitewide|Clearance|Dresses|Clearance|Sitewide|Clearance|Baby|Clearance|New Arrivals
2024-12-04,113,25.0,Clearance|Baby|Sitewide|Clearance|Dresses|Clearance|Sitewide|Clearance|Baby|Clearance|New Arrivals|Clearance|Holiday
2024-12-05,113,25.0,Clearance|Baby|Sitewide|Clearance|Dresses|Clearance|Sitewide|Clearance|Baby|Clearance|New Arrivals|Clearance|Holiday
2024-12-06,115,25.0,Clearance|Baby|Sitewide|Clearance|Dresses|Clearance|Sitewide|Clearance|Baby|Clearance|New Arrivals|Clearance|Holiday
2024-12-07,115,25.0,Clearance|Baby|Sitewide|Clearance|Dresses|Clearance|Sitewide|Clearance|Baby|Clearance|New Arrivals|Clearance|Holiday
2024-12-08,115,25.0,Clearance|Baby|Sitewide|Clearance|Dresses|Clearance|Sitewide|Clearance|Baby|Clearance|New Arrivals|Clearance|Holiday
2024-12-09,115,25.0,Clearance|Baby|Sitewide|Clearance|Dresses|Clearance|Sitewide|Clearance|Baby|Clearance|New Arrivals|Clearance|Holiday
2024-12-10,115,25.0,Clearance|Baby|Sitewide|Clearance|Dresses|Clearance|Sitewide|Clearance|Baby|Clearance|New Arrivals|Clearance|Holiday
2024-12-11,113,25.0,Clearance|Baby|Sitewide|Clearance|Dresses|Clearance|Sitewide|Clearance|Baby|Clearance|New Arrivals|Clearance|Holiday
2024-12-12,111,25.0,Clearance|Baby|Sitewide|Clearance|Dresses|Clearance|Sitewide|Clearance|Baby|Clearance|Holiday
2024-12-13,111,25.0,Clearance|Baby|Sitewide|Clearance|Dresses|Clearance|Sitewide|Clearance|Baby|Clearance|Holiday
2024-12-14,111,25.0,Clearance|Baby|Sitewide|Clearance|Dresses|Clearance|Sitewide|Clearance|Baby|Clearance|Holiday
2024-12-15,111,25.0,Clearance|Baby|Sitewide|Clearance|Dresses|Clearance|Sitewide|Clearance|Baby|Clearance|Holiday
2024-12-16,111,25.0,Clearance|Baby|Sitewide|Clearance|Dresses|Clearance|Sitewide|Clearance|Baby|Clearance|Holiday
2024-12-17,111,25.0,Clearance|Baby|Sitewide|Clearance|Dresses|Clearance|Sitewide|Clearance|Baby|Clearance|Holiday
2024-12-18,111,25.0,Clearance|Baby|Sitewide|Clearance|Dresses|Clearance|Sitewide|Clearance|Baby|Clearance|Holiday
2024-12-19,111,25.0,Clearance|Baby|Sitewide|Clearance|Dresses|Clearance|Sitewide|Clearance|Baby|Clearance|Holiday
2024-12-20,111,25.0,Clearance|Baby|Sitewide|Clearance|Dresses|Clearance|Sitewide|Clearance|Baby|Clearance|Holiday
2024-12-21,111,25.0,Clearance|Baby|Sitewide|Clearance|Dresses|Clearance|Sitewide|Clearance|Baby|Clearance|Holiday
2024-12-22,111,25.0,Clearance|Baby|Sitewide|Clearance|Dresses|Clearance|Sitewide|Clearance|Baby|Clearance|Holiday
2024-12-23,111,25.0,Clearance|Baby|Sitewide|Clearance|Dresses|Clearance|Sitewide|Clearance|Baby|Clearance|Holiday
2024-12-24,111,25.0,Clearance|Baby|Sitewide|Clearance|Dresses|Clearance|Sitewide|Clearance|Baby|Clearance|Holiday
2024-12-25,111,25.0,Clearance|Baby|Sitewide|Clearance|Dresses|Clearance|Sitewide|Clearance|Baby|Clearance|Holiday
2024-12-26,108,25.0,Clearance|Baby|Sitewide|Clearance|Dresses|Clearance|Sitewide|Clearance|Baby
2024-12-27,108,25.0,Clearance|Baby|Sitewide|Clearance|Dresses|Clearance|Sitewide|Clearance|Baby
2024-12-28,108,25.0,Clearance|Baby|Sitewide|Clearance|Dresses|Clearance|Sitewide|Clearance|Baby
2024-12-29,108,25.0,Clearance|Baby|Sitewide|Clearance|Dresses|Clearance|Sitewide|Clearance|Baby
2024-12-30,108,25.0,Clearance|Baby|Sitewide|Clearance|Dresses|Clearance|Sitewide|Clearance|Baby
2024-12-31,108,25.0,Clearance|Baby|Sitewide|Clearance|Dresses|Clearance|Sitewide|Clearance|Baby
2025-01-01,101,25.0,Clearance|Baby|Sitewide|Clearance|Clearance|Sitewide|Clearance|Baby
2025-01-02,113,25.0,Clearance|Baby|Sitewide|Clearance|Clearance|Sitewide|Clearance|Baby|Dresses
2025-01-03,113,25.0,Clearance|Baby|Sitewide|Clearance|Clearance|Sitewide|Clearance|Baby|Dresses
2025-01-04,113,25.0,Clearance|Baby|Sitewide|Clearance|Clearance|Sitewide|Clearance|Baby|Dresses
2025-01-05,113,25.0,Clearance|Baby|Sitewide|Clearance|Clearance|Sitewide|Clearance|Baby|Dresses
2025-01-06,113,25.0,Clearance|Baby|Sitewide|Clearance|Clearance|Sitewide|Clearance|Baby|Dresses
2025-01-07,38,25.0,Clearance|Baby|Sitewide|Clearance|Sitewide|Clearance|Dresses
2025-01-08,38,25.0,Clearance|Baby|Sitewide|Clearance|Sitewide|Clearance|Dresses
2025-01-09,38,25.0,Clearance|Baby|Sitewide|Clearance|Sitewide|Clearance|Dresses
2025-01-10,38,25.0,Clearance|Baby|Sitewide|Clearance|Sitewide|Clearance|Dresses
2025-01-11,38,25.0,Clearance|Baby|Sitewide|Clearance|Sitewide|Clearance|Dresses
2025-01-12,38,25.0,Clearance|Baby|Sitewide|Clearance|Sitewide|Clearance|Dresses
2025-01-13,38,25.0,Clearance|Baby|Sitewide|Clearance|Sitewide|Clearance|Dresses
2025-01-14,38,25.0,Clearance|Baby|Sitewide|Clearance|Sitewide|Clearance|Dresses
2025-01-15,38,25.0,Clearance|Baby|Sitewide|Clearance|Sitewide|Clearance|Dresses
2025-01-16,38,25.0,Clearance|Baby|Sitewide|Clearance|Sitewide|Clearance|Dresses
2025-01-17,38,25.0,Clearance|Baby|Sitewide|Clearance|Sitewide|Clearance|Dresses
2025-01-18,39,25.0,Clearance|Baby|Sitewide|Clearance|Sitewide|Clearance|Dresses
2025-01-19,39,25.0,Clearance|Baby|Sitewide|Clearance|Sitewide|Clearance|Dresses
2025-01-20,39,25.0,Clearance|Baby|Sitewide|Clearance|Sitewide|Clearance|Dresses
2025-01-21,39,25.0,Clearance|Baby|Sitewide|Clearance|Sitewide|Clearance|Dresses
2025-01-22,39,25.0,Clearance|Baby|Sitewide|Clearance|Sitewide|Clearance|Dresses
2025-01-23,39,25.0,Clearance|Baby|Sitewide|Clearance|Sitewide|Clearance|Dresses
2025-01-24,39,25.0,Clearance|Baby|Sitewide|Clearance|Sitewide|Clearance|Dresses
2025-01-25,39,25.0,Clearance|Baby|Sitewide|Clearance|Sitewide|Clearance|Dresses
2025-01-26,36,25.0,Clearance|Baby|Sitewide|Clearance|Sitewide|Clearance|Dresses
2025-01-27,36,25.0,Clearance|Baby|Sitewide|Clearance|Sitewide|Clearance|Dresses
2025-01-28,36,30.0,Clearance|Baby|Sitewide|Clearance|Sitewide|Clearance|Dresses|Sleep/PJs|Clearance
2025-01-29,36,30.0,Clearance|Baby|Sitewide|Clearance|Sitewide|Clearance|Dresses|Sleep/PJs|Clearance
2025-01-30,36,30.0,Clearance|Baby|Sitewide|Clearance|Sitewide|Clearance|Dresses|Sleep/PJs|Clearance
2025-01-31,35,30.0,Clearance|Baby|Sitewide|Clearance|Sitewide|Clearance|Dresses|Sleep/PJs|Clearance
2025-02-01,34,30.0,Clearance|Baby|Sitewide|Clearance|Sitewide|Clearance|Dresses|Sleep/PJs|Clearance
2025-02-02,36,30.0,Clearance|Baby|Sitewide|Clearance|Sitewide|Clearance|Dresses|Sleep/PJs|Clearance
2025-02-03,40,30.0,Clearance|Baby|Sitewide|Clearance|Sitewide|Clearance|Dresses|Sleep/PJs|Clearance
2025-02-04,39,25.0,Clearance|Baby|Sitewide|Clearance|Sitewide|Clearance|Dresses
2025-02-05,39,25.0,Clearance|Baby|Sitewide|Clearance|Sitewide|Clearance|Dresses
2025-02-06,39,25.0,Clearance|Baby|Sitewide|Clearance|Sitewide|Clearance|Dresses
2025-02-07,39,25.0,Clearance|Baby|Sitewide|Clearance|Sitewide|Clearance|Dresses
2025-02-08,39,25.0,Clearance|Baby|Sitewide|Clearance|Sitewide|Clearance|Dresses
2025-02-09,39,25.0,Clearance|Baby|Sitewide|Clearance|Sitewide|Clearance|Dresses
2025-02-10,39,25.0,Clearance|Baby|Sitewide|Clearance|Sitewide|Clearance|Dresses
2025-02-11,39,25.0,Clearance|Baby|Sitewide|Clearance|Sitewide|Clearance|Dresses
2025-02-12,39,25.0,Clearance|Baby|Sitewide|Clearance|Sitewide|Clearance|Dresses
2025-02-13,39,25.0,Clearance|Baby|Sitewide|Clearance|Sitewide|Clearance|Dresses
2025-02-14,42,25.0,Clearance|Baby|Sitewide|Clearance|Sitewide|Clearance|Dresses
2025-02-15,42,25.0,Clearance|Baby|Sitewide|Clearance|Sitewide|Clearance|Dresses
2025-02-16,42,25.0,Clearance|Baby|Sitewide|Clearance|Sitewide|Clearance|Dresses
2025-02-17,42,25.0,Clearance|Baby|Sitewide|Clearance|Sitewide|Clearance|Dresses
2025-02-18,42,25.0,Clearance|Baby|Sitewide|Clearance|Sitewide|Clearance|Dresses
2025-02-19,42,25.0,Clearance|Baby|Sitewide|Clearance|Sitewide|Clearance|Dresses
2025-02-20,43,25.0,Clearance|Baby|Sitewide|Clearance|Sitewide|Clearance|Dresses|Clearance|Baby
2025-02-21,43,25.0,Clearance|Baby|Sitewide|Clearance|Sitewide|Clearance|Dresses|Clearance|Baby
2025-02-22,43,25.0,Clearance|Baby|Sitewide|Clearance|Sitewide|Clearance|Dresses|Clearance|Baby
2025-02-23,30,25.0,Clearance|Baby|Sitewide|Clearance|Sitewide|Clearance|Dresses|Clearance|Baby
2025-02-24,30,25.0,Clearance|Baby|Sitewide|Clearance|Sitewide|Clearance|Dresses|Clearance|Baby
2025-02-25,29,25.0,Clearance|Baby|Sitewide|Clearance|Sitewide|Clearance|Dresses|Clearance|Baby
2025-02-26,29,25.0,Clearance|Baby|Sitewide|Clearance|Sitewide|Clearance|Dresses|Clearance|Baby
2025-02-27,29,25.0,Clearance|Baby|Sitewide|Clearance|Sitewide|Clearance|Dresses|Clearance|Baby
2025-02-28,29,25.0,Clearance|Baby|Sitewide|Clearance|Sitewide|Clearance|Dresses|Clearance|Baby
2025-03-01,30,25.0,Clearance|Baby|Sitewide|Clearance|Sitewide|Clearance|Dresses|Clearance|Baby|Clearance|New Arrivals
2025-03-02,30,25.0,Clearance|Baby|Sitewide|Clearance|Sitewide|Clearance|Dresses|Clearance|Baby|Clearance|New Arrivals
2025-03-03,29,25.0,Clearance|Baby|Sitewide|Clearance|Sitewide|Clearance|Dresses|Clearance|Baby
2025-03-04,29,25.0,Clearance|Baby|Sitewide|Clearance|Sitewide|Clearance|Dresses|Clearance|Baby
2025-03-05,29,25.0,Clearance|Baby|Sitewide|Clearance|Sitewide|Clearance|Dresses|Clearance|Baby
2025-03-06,29,25.0,Clearance|Baby|Sitewide|Clearance|Sitewide|Clearance|Dresses|Clearance|Baby
2025-03-07,29,25.0,Clearance|Baby|Sitewide|Clearance|Sitewide|Clearance|Dresses|Clearance|Baby
2025-03-08,29,25.0,Clearance|Baby|Sitewide|Clearance|Sitewide|Clearance|Dresses|Clearance|Baby
2025-03-09,30,25.0,Clearance|Baby|Sitewide|Clearance|Sitewide|Clearance|Dresses|Clearance|Baby
2025-03-10,30,25.0,Clearance|Baby|Sitewide|Clearance|Sitewide|Clearance|Dresses|Clearance|Baby
2025-03-11,31,25.0,Clearance|Baby|Sitewide|Clearance|Sitewide|Clearance|Dresses|Clearance|Baby
2025-03-12,31,25.0,Clearance|Baby|Sitewide|Clearance|Sitewide|Clearance|Dresses|Clearance|Baby
2025-03-13,31,25.0,Clearance|Baby|Sitewide|Clearance|Sitewide|Clearance|Dresses|Clearance|Baby
2025-03-14,30,25.0,Clearance|Baby|Sitewide|Clearance|Sitewide|Clearance|Dresses|Clearance|Baby
2025-03-15,30,25.0,Clearance|Baby|Sitewide|Clearance|Sitewide|Clearance|Dresses|Clearance|Baby
2025-03-16,30,25.0,Clearance|Baby|Sitewide|Clearance|Sitewide|Clearance|Dresses|Clearance|Baby
2025-03-17,30,25.0,Clearance|Baby|Sitewide|Clearance|Sitewide|Clearance|Dresses|Clearance|Baby
2025-03-18,31,25.0,Clearance|Baby|Sitewide|Clearance|Sitewide|Clearance|Dresses|Clearance|Baby
2025-03-19,31,25.0,Clearance|Baby|Sitewide|Clearance|Sitewide|Clearance|Dresses|Clearance|Baby
2025-03-20,31,25.0,Clearance|Baby|Sitewide|Clearance|Sitewide|Clearance|Dresses|Clearance|Baby
2025-03-21,31,25.0,Clearance|Baby|Sitewide|Clearance|Sitewide|Clearance|Dresses|Clearance|Baby
2025-03-22,31,25.0,Clearance|Baby|Sitewide|Clearance|Sitewide|Clearance|Dresses|Clearance|Baby
2025-03-23,31,25.0,Clearance|Baby|Sitewide|Clearance|Sitewide|Clearance|Dresses|Clearance|Baby
2025-03-24,31,25.0,Clearance|Baby|Sitewide|Clearance|Sitewide|Clearance|Dresses|Clearance|Baby
2025-03-25,31,25.0,Clearance|Baby|Sitewide|Clearance|Sitewide|Clearance|Dresses|Clearance|Baby
2025-03-26,31,25.0,Clearance|Baby|Sitewide|Clearance|Sitewide|Clearance|Dresses|Clearance|Baby
2025-03-27,31,25.0,Clearance|Baby|Sitewide|Clearance|Sitewide|Clearance|Dresses|Clearance|Baby
2025-03-28,31,25.0,Clearance|Baby|Sitewide|Clearance|Sitewide|Clearance|Dresses|Clearance|Baby
2025-03-29,31,25.0,Clearance|Baby|Sitewide|Clearance|Sitewide|Clearance|Dresses|Clearance|Baby
2025-03-30,31,25.0,Clearance|Baby|Sitewide|Clearance|Sitewide|Clearance|Dresses|Clearance|Baby
2025-03-31,31,25.0,Clearance|Baby|Sitewide|Clearance|Sitewide|Clearance|Dresses|Clearance|Baby
2025-04-01,31,25.0,Clearance|Baby|Sitewide|Clearance|Sitewide|Clearance|Dresses|Clearance|Baby
2025-04-02,31,25.0,Clearance|Baby|Sitewide|Clearance|Sitewide|Clearance|Dresses|Clearance|Baby
2025-04-03,31,25.0,Clearance|Baby|Sitewide|Clearance|Sitewide|Clearance|Dresses|Clearance|Baby
2025-04-04,32,25.0,Clearance|Baby|Sitewide|Clearance|Sitewide|Clearance|Dresses|Clearance|Baby
2025-04-05,32,25.0,Clearance|Baby|Sitewide|Clearance|Sitewide|Clearance|Dresses|Clearance|Baby
2025-04-06,32,25.0,Clearance|Baby|Sitewide|Clearance|Sitewide|Clearance|Dresses|Clearance|Baby
2025-04-07,31,25.0,Clearance|Baby|Sitewide|Clearance|Sitewide|Clearance|Dresses|Clearance|Baby
2025-04-08,31,25.0,Clearance|Baby|Sitewide|Clearance|Sitewide|Clearance|Dresses|Clearance|Baby
2025-04-09,31,25.0,Clearance|Baby|Sitewide|Clearance|Sitewide|Clearance|Dresses|Clearance|Baby
2025-04-10,31,25.0,Clearance|Baby|Sitewide|Clearance|Sitewide|Clearance|Dresses|Clearance|Baby
2025-04-11,32,25.0,Clearance|Baby|Sitewide|Clearance|Sitewide|Clearance|Dresses|Clearance|Baby|Dresses|Sleep/PJs|Swim|Clearance|New Arrivals
2025-04-12,32,25.0,Clearance|Baby|Sitewide|Clearance|Sitewide|Clearance|Dresses|Clearance|Baby|Dresses|Sleep/PJs|Swim|Clearance|New Arrivals
2025-04-13,32,25.0,Clearance|Baby|Sitewide|Clearance|Sitewide|Clearance|Dresses|Clearance|Baby|Dresses|Sleep/PJs|Swim|Clearance|New Arrivals
2025-04-14,32,25.0,Clearance|Baby|Sitewide|Clearance|Sitewide|Clearance|Dresses|Clearance|Baby|Dresses|Sleep/PJs|Swim|Clearance|New Arrivals
2025-04-15,33,25.0,Clearance|Baby|Sitewide|Clearance|Sitewide|Clearance|Dresses|Clearance|Baby|Dresses|Sleep/PJs|Swim|Clearance|New Arrivals
2025-04-16,32,25.0,Clearance|Baby|Sitewide|Clearance|Sitewide|Clearance|Dresses|Clearance|Baby|Dresses|Sleep/PJs|Swim|Clearance|New Arrivals
2025-04-17,32,25.0,Clearance|Baby|Sitewide|Clearance|Sitewide|Clearance|Dresses|Clearance|Baby|Dresses|Sleep/PJs|Swim|Clearance|New Arrivals
2025-04-18,32,25.0,Clearance|Baby|Sitewide|Clearance|Sitewide|Clearance|Dresses|Clearance|Baby|Dresses|Sleep/PJs|Swim|Clearance|New Arrivals
2025-04-19,32,25.0,Clearance|Baby|Sitewide|Clearance|Sitewide|Clearance|Dresses|Clearance|Baby|Dresses|Sleep/PJs|Swim|Clearance|New Arrivals
2025-04-20,32,25.0,Clearance|Baby|Sitewide|Clearance|Sitewide|Clearance|Dresses|Clearance|Baby|Dresses|Sleep/PJs|Swim|Clearance|New Arrivals
2025-04-21,31,25.0,Clearance|Baby|Sitewide|Clearance|Sitewide|Clearance|Dresses|Dresses|Sleep/PJs|Swim|Clearance|New Arrivals
2025-04-22,31,25.0,Clearance|Baby|Sitewide|Clearance|Sitewide|Clearance|Dresses|Dresses|Sleep/PJs|Swim|Clearance|New Arrivals
2025-04-23,31,25.0,Clearance|Baby|Sitewide|Clearance|Sitewide|Clearance|Dresses|Dresses|Sleep/PJs|Swim|Clearance|New Arrivals
2025-04-24,31,25.0,Clearance|Baby|Sitewide|Clearance|Sitewide|Clearance|Dresses|Dresses|Sleep/PJs|Swim|Clearance|New Arrivals
2025-04-25,31,25.0,Clearance|Baby|Sitewide|Clearance|Sitewide|Clearance|Dresses|Dresses|Sleep/PJs|Swim|Clearance|New Arrivals
2025-04-26,31,25.0,Clearance|Baby|Sitewide|Clearance|Sitewide|Clearance|Dresses|Dresses|Sleep/PJs|Swim|Clearance|New Arrivals
2025-04-27,31,25.0,Clearance|Baby|Sitewide|Clearance|Sitewide|Clearance|Dresses|Dresses|Sleep/PJs|Swim|Clearance|New Arrivals
2025-04-28,31,25.0,Clearance|Baby|Sitewide|Clearance|Sitewide|Clearance|Dresses|Dresses|Sleep/PJs|Swim|Clearance|New Arrivals
2025-04-29,31,25.0,Clearance|Baby|Sitewide|Clearance|Sitewide|Clearance|Dresses|Dresses|Sleep/PJs|Swim|Clearance|New Arrivals
2025-04-30,32,25.0,Clearance|Baby|Sitewide|Clearance|Sitewide|Clearance|Dresses|Dresses|Sleep/PJs|Swim|Clearance|New Arrivals
2025-05-01,32,25.0,Clearance|Baby|Sitewide|Clearance|Sitewide|Clearance|Dresses|Dresses|Sleep/PJs|Swim|Clearance|New Arrivals
2025-05-02,32,25.0,Clearance|Baby|Sitewide|Clearance|Sitewide|Clearance|Dresses|Dresses|Sleep/PJs|Swim|Clearance|New Arrivals
2025-05-03,32,25.0,Clearance|Baby|Sitewide|Clearance|Sitewide|Clearance|Dresses|Dresses|Sleep/PJs|Swim|Clearance|New Arrivals
2025-05-04,43,25.0,Clearance|Baby|Sitewide|Clearance|Sitewide|Clearance|Dresses|Dresses|Sleep/PJs|Swim|Clearance|New Arrivals
2025-05-05,44,25.0,Clearance|Baby|Sitewide|Clearance|Sitewide|Clearance|Dresses|Dresses|Sleep/PJs|Swim|Clearance|New Arrivals
2025-05-06,45,25.0,Clearance|Baby|Sitewide|Clearance|Sitewide|Clearance|Dresses|Dresses|Sleep/PJs|Swim|Clearance|New Arrivals
2025-05-07,47,25.0,Clearance|Baby|Sitewide|Clearance|Sitewide|Clearance|Dresses|Dresses|Sleep/PJs|Swim|Clearance|New Arrivals
2025-05-08,47,25.0,Clearance|Baby|Sitewide|Clearance|Sitewide|Clearance|Dresses|Dresses|Sleep/PJs|Swim|Clearance|New Arrivals
2025-05-09,47,25.0,Clearance|Baby|Sitewide|Clearance|Sitewide|Clearance|Dresses|Dresses|Sleep/PJs|Swim|Clearance|New Arrivals
2025-05-10,47,25.0,Clearance|Baby|Sitewide|Clearance|Sitewide|Clearance|Dresses|Dresses|Sleep/PJs|Swim|Clearance|New Arrivals
2025-05-11,47,25.0,Clearance|Baby|Sitewide|Clearance|Sitewide|Clearance|Dresses|Dresses|Sleep/PJs|Swim|Clearance|New Arrivals
2025-05-12,47,25.0,Clearance|Baby|Sitewide|Clearance|Sitewide|Clearance|Dresses|Dresses|Sleep/PJs|Swim|Clearance|New Arrivals
2025-05-13,48,25.0,Clearance|Baby|Sitewide|Clearance|Sitewide|Clearance|Dresses|Dresses|Sleep/PJs|Swim|Clearance|New Arrivals
2025-05-14,48,25.0,Clearance|Baby|Sitewide|Clearance|Sitewide|Clearance|Dresses|Dresses|Sleep/PJs|Swim|Clearance|New Arrivals
2025-05-15,48,25.0,Clearance|Baby|Sitewide|Clearance|Sitewide|Clearance|Dresses|Dresses|Sleep/PJs|Swim|Clearance|New Arrivals
2025-05-16,48,25.0,Clearance|Baby|Sitewide|Clearance|Sitewide|Clearance|Dresses|Dresses|Sleep/PJs|Swim|Clearance|New Arrivals
2025-05-17,47,25.0,Clearance|Baby|Sitewide|Clearance|Sitewide|Clearance|Dresses|Dresses|Sleep/PJs|Swim|Clearance|New Arrivals
2025-05-18,47,25.0,Clearance|Baby|Sitewide|Clearance|Sitewide|Clearance|Dresses|Dresses|Sleep/PJs|Swim|Clearance|New Arrivals
2025-05-19,47,25.0,Clearance|Baby|Sitewide|Clearance|Sitewide|Clearance|Dresses|Dresses|Sleep/PJs|Swim|Clearance|New Arrivals
2025-05-20,48,25.0,Clearance|Baby|Sitewide|Clearance|Sitewide|Clearance|Dresses|Dresses|Sleep/PJs|Swim|Clearance|New Arrivals
2025-05-21,48,25.0,Clearance|Baby|Sitewide|Clearance|Sitewide|Clearance|Dresses|Dresses|Sleep/PJs|Swim|Clearance|New Arrivals
2025-05-22,48,25.0,Clearance|Baby|Sitewide|Clearance|Sitewide|Clearance|Dresses|Dresses|Sleep/PJs|Swim|Clearance|New Arrivals
2025-05-23,49,25.0,Clearance|Baby|Sitewide|Clearance|Sitewide|Clearance|Dresses|Dresses|Sleep/PJs|Swim|Clearance|New Arrivals
2025-05-24,49,25.0,Clearance|Baby|Sitewide|Clearance|Sitewide|Clearance|Dresses|Dresses|Sleep/PJs|Swim|Clearance|New Arrivals
2025-05-25,37,25.0,Clearance|Baby|Sitewide|Clearance|Sitewide|Clearance|Dresses|Sleep/PJs|Swim|Clearance|New Arrivals|Dresses
2025-05-26,35,25.0,Clearance|Baby|Sitewide|Clearance|Sitewide|Clearance|Dresses|Sleep/PJs|Swim|Clearance|New Arrivals|Dresses
2025-05-27,36,25.0,Clearance|Baby|Sitewide|Clearance|Sitewide|Clearance|Dresses|Sleep/PJs|Swim|Clearance|New Arrivals|Dresses
2025-05-28,36,25.0,Clearance|Baby|Sitewide|Clearance|Sitewide|Clearance|Dresses|Sleep/PJs|Swim|Clearance|New Arrivals|Dresses
2025-05-29,36,25.0,Clearance|Baby|Sitewide|Clearance|Sitewide|Clearance|Dresses|Sleep/PJs|Swim|Clearance|New Arrivals|Dresses
2025-05-30,36,25.0,Clearance|Baby|Sitewide|Clearance|Sitewide|Clearance|Dresses|Sleep/PJs|Swim|Clearance|New Arrivals|Dresses
2025-05-31,36,25.0,Clearance|Baby|Sitewide|Clearance|Sitewide|Clearance|Dresses|Sleep/PJs|Swim|Clearance|New Arrivals|Dresses
2025-06-01,36,25.0,Clearance|Baby|Sitewide|Clearance|Sitewide|Clearance|Dresses|Sleep/PJs|Swim|Clearance|New Arrivals|Dresses
2025-06-02,34,25.0,Clearance|Sitewide|Clearance|Clearance|Baby|Sitewide|Dresses|Sleep/PJs|Swim|Clearance|New Arrivals|Dresses
2025-06-03,34,25.0,Clearance|Sitewide|Clearance|Clearance|Baby|Sitewide|Dresses|Sleep/PJs|Swim|Clearance|New Arrivals|Dresses
2025-06-04,34,25.0,Clearance|Sitewide|Clearance|Clearance|Baby|Sitewide|Dresses|Sleep/PJs|Swim|Clearance|New Arrivals|Dresses
2025-06-05,34,25.0,Clearance|Sitewide|Clearance|Clearance|Baby|Sitewide|Dresses|Sleep/PJs|Swim|Clearance|New Arrivals|Dresses
2025-06-06,34,25.0,Clearance|Sitewide|Clearance|Clearance|Baby|Sitewide|Dresses|Sleep/PJs|Swim|Clearance|New Arrivals|Dresses
2025-06-07,34,25.0,Clearance|Sitewide|Clearance|Clearance|Baby|Sitewide|Dresses|Sleep/PJs|Swim|Clearance|New Arrivals|Dresses
2025-06-08,34,25.0,Clearance|Sitewide|Clearance|Clearance|Baby|Sitewide|Dresses|Sleep/PJs|Swim|Clearance|New Arrivals|Dresses
2025-06-09,34,25.0,Clearance|Sitewide|Clearance|Clearance|Baby|Sitewide|Dresses|Sleep/PJs|Swim|Clearance|New Arrivals|Dresses
2025-06-10,33,25.0,Clearance|Sitewide|Clearance|Clearance|Baby|Sitewide|Dresses|Sleep/PJs|Swim|Clearance|New Arrivals|Dresses
2025-06-11,33,25.0,Clearance|Sitewide|Clearance|Clearance|Baby|Sitewide|Dresses|Sleep/PJs|Swim|Clearance|New Arrivals|Dresses
2025-06-12,33,25.0,Clearance|Sitewide|Clearance|Clearance|Baby|Sitewide|Dresses|Sleep/PJs|Swim|Clearance|New Arrivals|Dresses
2025-06-13,33,25.0,Clearance|Sitewide|Clearance|Clearance|Baby|Sitewide|Dresses|Sleep/PJs|Swim|Clearance|New Arrivals|Dresses
2025-06-14,33,25.0,Clearance|Sitewide|Clearance|Clearance|Baby|Sitewide|Dresses|Sleep/PJs|Swim|Clearance|New Arrivals|Dresses
2025-06-15,33,25.0,Clearance|Sitewide|Clearance|Clearance|Baby|Sitewide|Dresses|Sleep/PJs|Swim|Clearance|New Arrivals|Dresses
2025-06-16,33,25.0,Clearance|Sitewide|Clearance|Clearance|Baby|Sitewide|Dresses|Sleep/PJs|Swim|Clearance|New Arrivals|Dresses
2025-06-17,35,25.0,Clearance|Sitewide|Clearance|Clearance|Baby|Sitewide|Dresses|Sleep/PJs|Swim|Clearance|New Arrivals|Dresses
2025-06-18,35,25.0,Clearance|Sitewide|Clearance|Clearance|Baby|Sitewide|Dresses|Sleep/PJs|Swim|Clearance|New Arrivals|Dresses
2025-06-19,35,25.0,Clearance|Sitewide|Clearance|Clearance|Baby|Sitewide|Dresses|Sleep/PJs|Swim|Clearance|New Arrivals|Dresses
2025-06-20,35,25.0,Clearance|Sitewide|Clearance|Clearance|Baby|Sitewide|Dresses|Sleep/PJs|Swim|Clearance|New Arrivals|Dresses
2025-06-21,32,25.0,Clearance|Sitewide|Clearance|Baby|Sitewide|Dresses|Sleep/PJs|Swim|Clearance|New Arrivals|Clearance|Dresses
2025-06-22,32,25.0,Clearance|Sitewide|Clearance|Baby|Sitewide|Dresses|Sleep/PJs|Swim|Clearance|New Arrivals|Clearance|Dresses
2025-06-23,32,25.0,Clearance|Sitewide|Clearance|Baby|Sitewide|Dresses|Sleep/PJs|Swim|Clearance|New Arrivals|Clearance|Dresses
2025-06-24,32,25.0,Clearance|Sitewide|Clearance|Baby|Sitewide|Dresses|Sleep/PJs|Swim|Clearance|New Arrivals|Clearance|Dresses
2025-06-25,33,25.0,Clearance|Sitewide|Clearance|Baby|Sitewide|Dresses|Sleep/PJs|Swim|Clearance|New Arrivals|Clearance|Dresses|Dresses|Clearance
2025-06-26,33,25.0,Clearance|Sitewide|Clearance|Baby|Sitewide|Dresses|Sleep/PJs|Swim|Clearance|New Arrivals|Clearance|Dresses|Dresses|Clearance
2025-06-27,32,25.0,Clearance|Sitewide|Clearance|Baby|Sitewide|Dresses|Sleep/PJs|Swim|Clearance|New Arrivals|Clearance|Dresses
2025-06-28,32,25.0,Clearance|Sitewide|Clearance|Baby|Sitewide|Dresses|Sleep/PJs|Swim|Clearance|New Arrivals|Clearance|Dresses
2025-06-29,32,25.0,Clearance|Sitewide|Clearance|Baby|Sitewide|Dresses|Sleep/PJs|Swim|Clearance|New Arrivals|Clearance|Dresses
2025-06-30,32,25.0,Clearance|Sitewide|Clearance|Baby|Sitewide|Dresses|Sleep/PJs|Swim|Clearance|New Arrivals|Clearance|Dresses
2025-07-01,29,25.0,Clearance|Sitewide|Clearance|Baby|Sitewide|Dresses|Sleep/PJs|Swim|Clearance|New Arrivals|Clearance|Dresses
2025-07-02,29,25.0,Clearance|Sitewide|Clearance|Baby|Sitewide|Dresses|Sleep/PJs|Swim|Clearance|New Arrivals|Clearance|Dresses
2025-07-03,29,25.0,Clearance|Sitewide|Clearance|Baby|Sitewide|Dresses|Sleep/PJs|Swim|Clearance|New Arrivals|Clearance|Dresses
2025-07-04,29,25.0,Clearance|Sitewide|Clearance|Baby|Sitewide|Dresses|Sleep/PJs|Swim|Clearance|New Arrivals|Clearance|Dresses
2025-07-05,29,25.0,Clearance|Sitewide|Clearance|Baby|Sitewide|Dresses|Sleep/PJs|Swim|Clearance|New Arrivals|Clearance|Dresses
2025-07-06,29,25.0,Clearance|Sitewide|Clearance|Baby|Sitewide|Dresses|Sleep/PJs|Swim|Clearance|New Arrivals|Clearance|Dresses
2025-07-07,29,25.0,Clearance|Sitewide|Clearance|Baby|Sitewide|Dresses|Sleep/PJs|Swim|Clearance|New Arrivals|Clearance|Dresses
2025-07-08,30,25.0,Clearance|Sitewide|Clearance|Baby|Sitewide|Dresses|Sleep/PJs|Swim|Clearance|New Arrivals|Clearance|Dresses|Dresses|Clearance
2025-07-09,30,25.0,Clearance|Sitewide|Clearance|Baby|Sitewide|Dresses|Sleep/PJs|Swim|Clearance|New Arrivals|Clearance|Dresses|Dresses|Clearance
2025-07-10,30,25.0,Clearance|Sitewide|Clearance|Baby|Sitewide|Dresses|Sleep/PJs|Swim|Clearance|New Arrivals|Clearance|Dresses|Dresses|Clearance
2025-07-11,30,25.0,Clearance|Sitewide|Clearance|Baby|Sitewide|Dresses|Sleep/PJs|Swim|Clearance|New Arrivals|Clearance|Dresses|Dresses|Clearance
2025-07-12,29,25.0,Clearance|Sitewide|Clearance|Baby|Sitewide|Dresses|Sleep/PJs|Swim|Clearance|New Arrivals|Clearance|Dresses
2025-07-13,29,25.0,Clearance|Sitewide|Clearance|Baby|Sitewide|Dresses|Sleep/PJs|Swim|Clearance|New Arrivals|Clearance|Dresses
2025-07-14,29,25.0,Clearance|Sitewide|Clearance|Baby|Sitewide|Dresses|Sleep/PJs|Swim|Clearance|New Arrivals|Clearance|Dresses
2025-07-15,31,25.0,Clearance|Sitewide|Clearance|Baby|Sitewide|Dresses|Sleep/PJs|Swim|Clearance|New Arrivals|Clearance|Dresses
2025-07-16,31,25.0,Clearance|Sitewide|Clearance|Baby|Sitewide|Dresses|Sleep/PJs|Swim|Clearance|New Arrivals|Clearance|Dresses
2025-07-17,31,25.0,Clearance|Sitewide|Clearance|Baby|Sitewide|Dresses|Sleep/PJs|Swim|Clearance|New Arrivals|Clearance|Dresses
2025-07-18,31,25.0,Clearance|Sitewide|Clearance|Baby|Sitewide|Dresses|Sleep/PJs|Swim|Clearance|New Arrivals|Clearance|Dresses
2025-07-19,31,25.0,Clearance|Sitewide|Clearance|Baby|Sitewide|Dresses|Sleep/PJs|Swim|Clearance|New Arrivals|Clearance|Dresses
2025-07-20,31,25.0,Clearance|Sitewide|Clearance|Baby|Sitewide|Dresses|Sleep/PJs|Swim|Clearance|New Arrivals|Clearance|Dresses
2025-07-21,31,25.0,Clearance|Sitewide|Clearance|Baby|Sitewide|Dresses|Sleep/PJs|Swim|Clearance|New Arrivals|Clearance|Dresses
2025-07-22,31,25.0,Clearance|Sitewide|Clearance|Baby|Sitewide|Dresses|Sleep/PJs|Swim|Clearance|New Arrivals|Clearance|Dresses
2025-07-23,31,25.0,Clearance|Sitewide|Clearance|Baby|Sitewide|Dresses|Sleep/PJs|Swim|Clearance|New Arrivals|Clearance|Dresses
2025-07-24,31,25.0,Clearance|Sitewide|Clearance|Baby|Sitewide|Dresses|Sleep/PJs|Swim|Clearance|New Arrivals|Clearance|Dresses
2025-07-25,31,25.0,Clearance|Sitewide|Clearance|Baby|Sitewide|Dresses|Sleep/PJs|Swim|Clearance|New Arrivals|Clearance|Dresses
2025-07-26,31,25.0,Clearance|Sitewide|Clearance|Baby|Sitewide|Dresses|Sleep/PJs|Swim|Clearance|New Arrivals|Clearance|Dresses
2025-07-27,31,25.0,Clearance|Sitewide|Clearance|Baby|Sitewide|Dresses|Sleep/PJs|Swim|Clearance|New Arrivals|Clearance|Dresses
2025-07-28,31,25.0,Clearance|Sitewide|Clearance|Baby|Sitewide|Dresses|Sleep/PJs|Swim|Clearance|New Arrivals|Clearance|Dresses
2025-07-29,31,25.0,Clearance|Sitewide|Clearance|Baby|Sitewide|Dresses|Sleep/PJs|Swim|Clearance|New Arrivals|Clearance|Dresses
2025-07-30,31,25.0,Clearance|Sitewide|Clearance|Baby|Sitewide|Dresses|Sleep/PJs|Swim|Clearance|New Arrivals|Clearance|Dresses
2025-07-31,34,25.0,Clearance|Sitewide|Clearance|Baby|Sitewide|Dresses|Sleep/PJs|Swim|Clearance|New Arrivals|Clearance|Dresses
2025-08-01,34,25.0,Clearance|Sitewide|Clearance|Baby|Sitewide|Dresses|Sleep/PJs|Swim|Clearance|New Arrivals|Clearance|Dresses
2025-08-02,34,25.0,Clearance|Sitewide|Clearance|Baby|Sitewide|Dresses|Sleep/PJs|Swim|Clearance|New Arrivals|Clearance|Dresses
2025-08-03,46,25.0,Clearance|Sitewide|Clearance|Baby|Sitewide|Dresses|Sleep/PJs|Swim|Clearance|New Arrivals|Clearance|Dresses
2025-08-04,46,25.0,Clearance|Sitewide|Clearance|Baby|Sitewide|Dresses|Sleep/PJs|Swim|Clearance|New Arrivals|Clearance|Dresses
2025-08-05,47,25.0,Clearance|Sitewide|Clearance|Baby|Sitewide|Dresses|Sleep/PJs|Swim|Clearance|New Arrivals|Clearance|Dresses
2025-08-06,47,25.0,Clearance|Sitewide|Clearance|Baby|Sitewide|Dresses|Sleep/PJs|Swim|Clearance|New Arrivals|Clearance|Dresses
2025-08-07,47,25.0,Clearance|Sitewide|Clearance|Baby|Sitewide|Dresses|Sleep/PJs|Swim|Clearance|New Arrivals|Clearance|Dresses
2025-08-08,47,25.0,Clearance|Sitewide|Clearance|Baby|Sitewide|Dresses|Sleep/PJs|Swim|Clearance|New Arrivals|Clearance|Dresses
2025-08-09,47,25.0,Clearance|Sitewide|Clearance|Baby|Sitewide|Dresses|Sleep/PJs|Swim|Clearance|New Arrivals|Clearance|Dresses
2025-08-10,47,25.0,Clearance|Sitewide|Clearance|Baby|Sitewide|Dresses|Sleep/PJs|Swim|Clearance|New Arrivals|Clearance|Dresses
2025-08-11,49,25.0,Clearance|Sitewide|Clearance|Baby|Sitewide|Dresses|Sleep/PJs|Swim|Clearance|New Arrivals|Clearance|Dresses|Dresses|Clearance
2025-08-12,50,25.0,Clearance|Sitewide|Clearance|Baby|Sitewide|Dresses|Sleep/PJs|Swim|Clearance|New Arrivals|Clearance|Dresses|Dresses|Clearance
2025-08-13,50,25.0,Clearance|Sitewide|Clearance|Baby|Sitewide|Dresses|Sleep/PJs|Swim|Clearance|New Arrivals|Clearance|Dresses|Dresses|Clearance
2025-08-14,51,30.0,Clearance|Sitewide|Clearance|Baby|Sitewide|Dresses|Sleep/PJs|Swim|Clearance|New Arrivals|Clearance|Dresses|Dresses|Clearance
2025-08-15,51,30.0,Clearance|Sitewide|Clearance|Baby|Sitewide|Dresses|Sleep/PJs|Swim|Clearance|New Arrivals|Clearance|Dresses|Dresses|Clearance
2025-08-16,51,30.0,Clearance|Sitewide|Clearance|Baby|Sitewide|Dresses|Sleep/PJs|Swim|Clearance|New Arrivals|Clearance|Dresses|Dresses|Clearance
2025-08-17,51,30.0,Clearance|Sitewide|Clearance|Baby|Sitewide|Dresses|Sleep/PJs|Swim|Clearance|New Arrivals|Clearance|Dresses|Dresses|Clearance
2025-08-18,51,30.0,Clearance|Sitewide|Clearance|Baby|Sitewide|Dresses|Sleep/PJs|Swim|Clearance|New Arrivals|Clearance|Dresses|Dresses|Clearance
2025-08-19,51,30.0,Clearance|Sitewide|Clearance|Baby|Sitewide|Dresses|Sleep/PJs|Swim|Clearance|New Arrivals|Clearance|Dresses|Dresses|Clearance
2025-08-20,51,30.0,Clearance|Sitewide|Clearance|Baby|Sitewide|Dresses|Sleep/PJs|Swim|Clearance|New Arrivals|Clearance|Dresses|Dresses|Clearance
2025-08-21,50,30.0,Clearance|Sitewide|Clearance|Baby|Sitewide|Dresses|Sleep/PJs|Swim|Clearance|New Arrivals|Clearance|Dresses|Dresses|Clearance
2025-08-22,50,30.0,Clearance|Sitewide|Clearance|Baby|Sitewide|Dresses|Sleep/PJs|Swim|Clearance|New Arrivals|Clearance|Dresses|Dresses|Clearance
2025-08-23,50,30.0,Clearance|Sitewide|Clearance|Baby|Sitewide|Dresses|Sleep/PJs|Swim|Clearance|New Arrivals|Clearance|Dresses|Dresses|Clearance
2025-08-24,37,30.0,Clearance|Sitewide|Clearance|Baby|Sitewide|Dresses|Sleep/PJs|Swim|Clearance|New Arrivals|Clearance|Dresses|Dresses|Clearance
2025-08-25,37,30.0,Clearance|Sitewide|Clearance|Baby|Sitewide|Dresses|Sleep/PJs|Swim|Clearance|New Arrivals|Clearance|Dresses|Dresses|Clearance
2025-08-26,37,30.0,Clearance|Sitewide|Clearance|Baby|Sitewide|Dresses|Sleep/PJs|Swim|Clearance|New Arrivals|Clearance|Dresses|Dresses|Clearance
2025-08-27,37,30.0,Clearance|Sitewide|Clearance|Baby|Sitewide|Dresses|Sleep/PJs|Swim|Clearance|New Arrivals|Clearance|Dresses|Dresses|Clearance
2025-08-28,37,30.0,Clearance|Sitewide|Clearance|Baby|Sitewide|Dresses|Sleep/PJs|Swim|Clearance|New Arrivals|Clearance|Dresses|Dresses|Clearance
2025-08-29,37,30.0,Clearance|Sitewide|Clearance|Baby|Sitewide|Dresses|Sleep/PJs|Swim|Clearance|New Arrivals|Clearance|Dresses|Dresses|Clearance
2025-08-30,37,30.0,Clearance|Sitewide|Clearance|Baby|Sitewide|Dresses|Sleep/PJs|Swim|Clearance|New Arrivals|Clearance|Dresses|Dresses|Clearance
2025-08-31,37,30.0,Clearance|Sitewide|Clearance|Baby|Sitewide|Dresses|Sleep/PJs|Swim|Clearance|New Arrivals|Clearance|Dresses|Dresses|Clearance
2025-09-01,37,30.0,Clearance|Sitewide|Clearance|Baby|Sitewide|Dresses|Sleep/PJs|Swim|Clearance|New Arrivals|Clearance|Dresses|Dresses|Clearance
2025-09-02,37,30.0,Clearance|Sitewide|Clearance|Baby|Sitewide|Dresses|Sleep/PJs|Swim|Clearance|New Arrivals|Clearance|Dresses|Dresses|Clearance
2025-09-03,38,30.0,Clearance|Sitewide|Clearance|Baby|Sitewide|Dresses|Sleep/PJs|Swim|Clearance|New Arrivals|Clearance|Dresses|Dresses|Clearance
2025-09-04,38,30.0,Clearance|Sitewide|Clearance|Baby|Sitewide|Dresses|Sleep/PJs|Swim|Clearance|New Arrivals|Clearance|Dresses|Dresses|Clearance
2025-09-05,40,30.0,Clearance|Sitewide|Clearance|Baby|Sitewide|Dresses|Sleep/PJs|Swim|Clearance|New Arrivals|Clearance|Dresses|Dresses|Clearance|Dresses|Clearance|Sitewide
2025-09-06,40,30.0,Clearance|Sitewide|Clearance|Baby|Sitewide|Dresses|Sleep/PJs|Swim|Clearance|New Arrivals|Clearance|Dresses|Dresses|Clearance|Dresses|Clearance|Sitewide
2025-09-07,40,30.0,Clearance|Sitewide|Clearance|Baby|Sitewide|Dresses|Sleep/PJs|Swim|Clearance|New Arrivals|Clearance|Dresses|Dresses|Clearance|Dresses|Clearance|Sitewide
2025-09-08,40,30.0,Clearance|Sitewide|Clearance|Baby|Sitewide|Dresses|Sleep/PJs|Swim|Clearance|New Arrivals|Clearance|Dresses|Dresses|Clearance|Dresses|Clearance|Sitewide
2025-09-09,42,30.0,Clearance|Sitewide|Clearance|Baby|Sitewide|Dresses|Sleep/PJs|Swim|Clearance|New Arrivals|Clearance|Dresses|Dresses|Clearance|Dresses|Clearance|Sitewide
2025-09-10,42,30.0,Clearance|Sitewide|Clearance|Baby|Sitewide|Dresses|Sleep/PJs|Swim|Clearance|New Arrivals|Clearance|Dresses|Dresses|Clearance|Dresses|Clearance|Sitewide
2025-09-11,42,30.0,Clearance|Sitewide|Clearance|Baby|Sitewide|Dresses|Sleep/PJs|Swim|Clearance|New Arrivals|Clearance|Dresses|Dresses|Clearance|Dresses|Clearance|Sitewide
2025-09-12,40,30.0,Clearance|Sitewide|Clearance|Baby|Sitewide|Dresses|Sleep/PJs|Swim|Clearance|New Arrivals|Clearance|Dresses|Dresses|Clearance|Dresses|Clearance|Sitewide
2025-09-13,40,30.0,Clearance|Sitewide|Clearance|Baby|Sitewide|Dresses|Sleep/PJs|Swim|Clearance|New Arrivals|Clearance|Dresses|Dresses|Clearance|Dresses|Clearance|Sitewide
2025-09-14,40,30.0,Clearance|Sitewide|Clearance|Baby|Sitewide|Dresses|Sleep/PJs|Swim|Clearance|New Arrivals|Clearance|Dresses|Dresses|Clearance|Dresses|Clearance|Sitewide
2025-09-15,40,30.0,Clearance|Sitewide|Clearance|Baby|Sitewide|Dresses|Sleep/PJs|Swim|Clearance|New Arrivals|Clearance|Dresses|Dresses|Clearance|Dresses|Clearance|Sitewide
2025-09-16,40,30.0,Clearance|Sitewide|Clearance|Baby|Sitewide|Dresses|Sleep/PJs|Swim|Clearance|New Arrivals|Clearance|Dresses|Dresses|Clearance|Dresses|Clearance|Sitewide
2025-09-17,40,30.0,Clearance|Sitewide|Clearance|Baby|Sitewide|Dresses|Sleep/PJs|Swim|Clearance|New Arrivals|Clearance|Dresses|Dresses|Clearance|Dresses|Clearance|Sitewide
2025-09-18,39,25.0,Clearance|Sitewide|Clearance|Baby|Sitewide|Dresses|Sleep/PJs|Swim|Clearance|New Arrivals|Clearance|Dresses|Dresses|Clearance|Sitewide|Dresses|Clearance
2025-09-19,39,25.0,Clearance|Sitewide|Clearance|Baby|Sitewide|Dresses|Sleep/PJs|Swim|Clearance|New Arrivals|Clearance|Dresses|Dresses|Clearance|Sitewide|Dresses|Clearance
2025-09-20,39,25.0,Clearance|Sitewide|Clearance|Baby|Sitewide|Dresses|Sleep/PJs|Swim|Clearance|New Arrivals|Clearance|Dresses|Dresses|Clearance|Sitewide|Dresses|Clearance
2025-09-21,39,25.0,Clearance|Sitewide|Clearance|Baby|Sitewide|Dresses|Sleep/PJs|Swim|Clearance|New Arrivals|Clearance|Dresses|Dresses|Clearance|Sitewide|Dresses|Clearance
2025-09-22,39,25.0,Clearance|Sitewide|Clearance|Baby|Sitewide|Dresses|Sleep/PJs|Swim|Clearance|New Arrivals|Clearance|Dresses|Dresses|Clearance|Sitewide|Dresses|Clearance
2025-09-23,39,25.0,Clearance|Sitewide|Clearance|Baby|Sitewide|Dresses|Sleep/PJs|Swim|Clearance|New Arrivals|Clearance|Dresses|Dresses|Clearance|Sitewide|Dresses|Clearance
2025-09-24,40,25.0,Clearance|Sitewide|Clearance|Baby|Sitewide|Dresses|Sleep/PJs|Swim|Clearance|New Arrivals|Clearance|Dresses|Dresses|Clearance|Sitewide|Dresses|Clearance
2025-09-25,40,25.0,Clearance|Sitewide|Clearance|Baby|Sitewide|Dresses|Sleep/PJs|Swim|Clearance|New Arrivals|Clearance|Dresses|Dresses|Clearance|Sitewide|Dresses|Clearance
2025-09-26,40,25.0,Clearance|Sitewide|Clearance|Baby|Sitewide|Dresses|Sleep/PJs|Swim|Clearance|New Arrivals|Clearance|Dresses|Dresses|Clearance|Sitewide|Dresses|Clearance
2025-09-27,40,25.0,Clearance|Sitewide|Clearance|Baby|Sitewide|Dresses|Sleep/PJs|Swim|Clearance|New Arrivals|Clearance|Dresses|Dresses|Clearance|Sitewide|Dresses|Clearance
2025-09-28,40,25.0,Clearance|Sitewide|Clearance|Baby|Sitewide|Dresses|Sleep/PJs|Swim|Clearance|New Arrivals|Clearance|Dresses|Dresses|Clearance|Sitewide|Dresses|Clearance
2025-09-29,40,25.0,Clearance|Sitewide|Clearance|Baby|Sitewide|Dresses|Sleep/PJs|Swim|Clearance|New Arrivals|Clearance|Dresses|Dresses|Clearance|Sitewide|Dresses|Clearance
2025-09-30,40,25.0,Clearance|Sitewide|Clearance|Baby|Sitewide|Dresses|Sleep/PJs|Swim|Clearance|New Arrivals|Clearance|Dresses|Dresses|Clearance|Sitewide|Dresses|Clearance
2025-10-01,38,25.0,Clearance|Sitewide|Clearance|Baby|Sitewide|Dresses|Sleep/PJs|Swim|Clearance|New Arrivals|Clearance|Dresses|Dresses|Clearance|Sitewide|Dresses|Clearance|Dresses|Clearance|Halloween
2025-10-02,37,25.0,Clearance|Sitewide|Clearance|Baby|Sitewide|Dresses|Sleep/PJs|Swim|Clearance|New Arrivals|Clearance|Dresses|Dresses|Clearance|Sitewide|Dresses|Clearance
2025-10-03,37,25.0,Clearance|Sitewide|Clearance|Baby|Sitewide|Dresses|Sleep/PJs|Swim|Clearance|New Arrivals|Clearance|Dresses|Dresses|Clearance|Sitewide|Dresses|Clearance
2025-10-04,35,25.0,Clearance|Sitewide|Clearance|Baby|Sitewide|Dresses|Sleep/PJs|Swim|Clearance|New Arrivals|Clearance|Dresses|Dresses|Clearance|Sitewide|Dresses|Clearance
2025-10-05,37,25.0,Clearance|Sitewide|Clearance|Baby|Sitewide|Dresses|Sleep/PJs|Swim|Clearance|New Arrivals|Clearance|Dresses|Dresses|Clearance|Sitewide|Dresses|Clearance|Dresses|Clearance|Holiday
2025-10-06,36,25.0,Clearance|Sitewide|Clearance|Baby|Sitewide|Dresses|Sleep/PJs|Swim|Clearance|New Arrivals|Clearance|Dresses|Dresses|Clearance|Dresses|Clearance|Holiday
2025-10-07,36,25.0,Clearance|Sitewide|Clearance|Baby|Sitewide|Dresses|Sleep/PJs|Swim|Clearance|New Arrivals|Clearance|Dresses|Dresses|Clearance|Dresses|Clearance|Holiday
2025-10-08,36,25.0,Clearance|Sitewide|Clearance|Baby|Sitewide|Dresses|Sleep/PJs|Swim|Clearance|New Arrivals|Clearance|Dresses|Dresses|Clearance|Dresses|Clearance|Holiday
2025-10-09,36,25.0,Clearance|Sitewide|Clearance|Baby|Sitewide|Dresses|Sleep/PJs|Swim|Clearance|New Arrivals|Clearance|Dresses|Dresses|Clearance|Dresses|Clearance|Holiday
2025-10-10,36,25.0,Clearance|Sitewide|Clearance|Baby|Sitewide|Dresses|Sleep/PJs|Swim|Clearance|New Arrivals|Clearance|Dresses|Dresses|Clearance|Dresses|Clearance|Holiday
2025-10-11,36,25.0,Clearance|Sitewide|Clearance|Baby|Sitewide|Dresses|Sleep/PJs|Swim|Clearance|New Arrivals|Clearance|Dresses|Dresses|Clearance|Dresses|Clearance|Holiday
2025-10-12,36,25.0,Clearance|Sitewide|Clearance|Baby|Sitewide|Dresses|Sleep/PJs|Swim|Clearance|New Arrivals|Clearance|Dresses|Dresses|Clearance|Dresses|Clearance|Holiday
2025-10-13,36,25.0,Clearance|Sitewide|Clearance|Baby|Sitewide|Dresses|Sleep/PJs|Swim|Clearance|New Arrivals|Clearance|Dresses|Dresses|Clearance|Dresses|Clearance|Holiday
2025-10-14,36,25.0,Clearance|Sitewide|Clearance|Baby|Sitewide|Dresses|Sleep/PJs|Swim|Clearance|New Arrivals|Clearance|Dresses|Dresses|Clearance|Dresses|Clearance|Holiday
2025-10-15,36,25.0,Clearance|Sitewide|Clearance|Baby|Sitewide|Dresses|Sleep/PJs|Swim|Clearance|New Arrivals|Clearance|Dresses|Dresses|Clearance|Dresses|Clearance|Holiday
2025-10-16,36,25.0,Clearance|Sitewide|Clearance|Baby|Sitewide|Dresses|Sleep/PJs|Swim|Clearance|New Arrivals|Clearance|Dresses|Dresses|Clearance|Dresses|Clearance|Holiday
2025-10-17,36,25.0,Clearance|Sitewide|Clearance|Baby|Sitewide|Dresses|Sleep/PJs|Swim|Clearance|New Arrivals|Clearance|Dresses|Dresses|Clearance|Dresses|Clearance|Holiday
2025-10-18,36,25.0,Clearance|Sitewide|Clearance|Baby|Sitewide|Dresses|Sleep/PJs|Swim|Clearance|New Arrivals|Clearance|Dresses|Dresses|Clearance|Dresses|Clearance|Holiday
2025-10-19,36,25.0,Clearance|Sitewide|Clearance|Baby|Sitewide|Dresses|Sleep/PJs|Swim|Clearance|New Arrivals|Clearance|Dresses|Dresses|Clearance|Dresses|Clearance|Holiday
2025-10-20,36,25.0,Clearance|Sitewide|Clearance|Baby|Sitewide|Dresses|Sleep/PJs|Swim|Clearance|New Arrivals|Clearance|Dresses|Dresses|Clearance|Dresses|Clearance|Holiday
2025-10-21,37,25.0,Clearance|Sitewide|Clearance|Baby|Sitewide|Dresses|Sleep/PJs|Swim|Clearance|New Arrivals|Clearance|Dresses|Dresses|Clearance|Dresses|Clearance|Holiday
2025-10-22,38,25.0,Clearance|Sitewide|Clearance|Baby|Sitewide|Dresses|Sleep/PJs|Swim|Clearance|New Arrivals|Clearance|Dresses|Dresses|Clearance|Dresses|Clearance|Holiday
2025-10-23,38,25.0,Clearance|Sitewide|Clearance|Baby|Sitewide|Dresses|Sleep/PJs|Swim|Clearance|New Arrivals|Clearance|Dresses|Dresses|Clearance|Dresses|Clearance|Holiday
2025-10-24,38,25.0,Clearance|Sitewide|Clearance|Baby|Sitewide|Dresses|Sleep/PJs|Swim|Clearance|New Arrivals|Clearance|Dresses|Dresses|Clearance|Dresses|Clearance|Holiday
2025-10-25,40,25.0,Clearance|Sitewide|Clearance|Baby|Sitewide|Dresses|Sleep/PJs|Swim|Clearance|New Arrivals|Clearance|Dresses|Dresses|Clearance|Dresses|Clearance|Holiday
2025-10-26,40,25.0,Clearance|Sitewide|Clearance|Baby|Sitewide|Dresses|Sleep/PJs|Swim|Clearance|New Arrivals|Clearance|Dresses|Dresses|Clearance|Dresses|Clearance|Holiday
2025-10-27,38,25.0,Clearance|Sitewide|Clearance|Baby|Sitewide|Dresses|Sleep/PJs|Swim|Clearance|New Arrivals|Clearance|Dresses|Dresses|Clearance|Dresses|Clearance|Holiday
2025-10-28,38,25.0,Clearance|Sitewide|Clearance|Baby|Sitewide|Dresses|Sleep/PJs|Swim|Clearance|New Arrivals|Clearance|Dresses|Dresses|Clearance|Dresses|Clearance|Holiday
2025-10-29,38,25.0,Clearance|Sitewide|Clearance|Baby|Sitewide|Dresses|Sleep/PJs|Swim|Clearance|New Arrivals|Clearance|Dresses|Dresses|Clearance|Dresses|Clearance|Holiday
2025-10-30,38,25.0,Clearance|Sitewide|Clearance|Baby|Sitewide|Dresses|Sleep/PJs|Swim|Clearance|New Arrivals|Clearance|Dresses|Dresses|Clearance|Dresses|Clearance|Holiday
2025-10-31,37,25.0,Clearance|Sitewide|Clearance|Baby|Sitewide|Dresses|Sleep/PJs|Swim|Clearance|New Arrivals|Clearance|Dresses|Dresses|Clearance|Dresses|Clearance|Holiday
2025-11-01,37,25.0,Clearance|Sitewide|Clearance|Baby|Sitewide|Dresses|Sleep/PJs|Swim|Clearance|New Arrivals|Clearance|Dresses|Dresses|Clearance|Dresses|Clearance|Holiday
2025-11-02,49,25.0,Clearance|Sitewide|Clearance|Baby|Sitewide|Dresses|Sleep/PJs|Swim|Clearance|New Arrivals|Clearance|Dresses|Dresses|Clearance|Dresses|Clearance|Holiday
2025-11-03,49,25.0,Clearance|Sitewide|Clearance|Baby|Sitewide|Dresses|Sleep/PJs|Swim|Clearance|New Arrivals|Clearance|Dresses|Dresses|Clearance|Dresses|Clearance|Holiday
2025-11-04,49,25.0,Clearance|Sitewide|Clearance|Baby|Sitewide|Dresses|Sleep/PJs|Swim|Clearance|New Arrivals|Clearance|Dresses|Dresses|Clearance|Dresses|Clearance|Holiday
2025-11-05,49,25.0,Clearance|Sitewide|Clearance|Baby|Sitewide|Dresses|Sleep/PJs|Swim|Clearance|New Arrivals|Clearance|Dresses|Dresses|Clearance|Dresses|Clearance|Holiday
2025-11-06,49,25.0,Clearance|Sitewide|Clearance|Baby|Sitewide|Dresses|Sleep/PJs|Swim|Clearance|New Arrivals|Clearance|Dresses|Dresses|Clearance|Dresses|Clearance|Holiday
2025-11-07,49,25.0,Clearance|Sitewide|Clearance|Baby|Sitewide|Dresses|Sleep/PJs|Swim|Clearance|New Arrivals|Clearance|Dresses|Dresses|Clearance|Dresses|Clearance|Holiday
2025-11-08,50,25.0,Clearance|Sitewide|Clearance|Baby|Sitewide|Dresses|Sleep/PJs|Swim|Clearance|New Arrivals|Clearance|Dresses|Dresses|Clearance|Dresses|Clearance|Holiday
2025-11-09,50,25.0,Clearance|Sitewide|Clearance|Baby|Sitewide|Dresses|Sleep/PJs|Swim|Clearance|New Arrivals|Clearance|Dresses|Dresses|Clearance|Dresses|Clearance|Holiday
2025-11-10,51,25.0,Clearance|Sitewide|Clearance|Baby|Sitewide|Dresses|Sleep/PJs|Swim|Clearance|New Arrivals|Clearance|Dresses|Dresses|Clearance|Dresses|Clearance|Holiday
2025-11-11,51,25.0,Clearance|Sitewide|Clearance|Baby|Sitewide|Dresses|Sleep/PJs|Swim|Clearance|New Arrivals|Clearance|Dresses|Dresses|Clearance|Dresses|Clearance|Holiday
2025-11-12,50,25.0,Clearance|Sitewide|Clearance|Baby|Sitewide|Dresses|Sleep/PJs|Swim|Clearance|New Arrivals|Clearance|Dresses|Dresses|Clearance|Dresses|Clearance|Holiday
2025-11-13,50,25.0,Clearance|Sitewide|Clearance|Baby|Sitewide|Dresses|Sleep/PJs|Swim|Clearance|New Arrivals|Clearance|Dresses|Dresses|Clearance|Dresses|Clearance|Holiday
2025-11-14,50,25.0,Clearance|Sitewide|Clearance|Baby|Sitewide|Dresses|Sleep/PJs|Swim|Clearance|New Arrivals|Clearance|Dresses|Dresses|Clearance|Dresses|Clearance|Holiday
2025-11-15,50,25.0,Clearance|Sitewide|Clearance|Baby|Sitewide|Dresses|Sleep/PJs|Swim|Clearance|New Arrivals|Clearance|Dresses|Dresses|Clearance|Dresses|Clearance|Holiday
2025-11-16,50,25.0,Clearance|Sitewide|Clearance|Baby|Sitewide|Dresses|Sleep/PJs|Swim|Clearance|New Arrivals|Clearance|Dresses|Dresses|Clearance|Dresses|Clearance|Holiday
2025-11-17,50,25.0,Clearance|Sitewide|Clearance|Baby|Sitewide|Dresses|Sleep/PJs|Swim|Clearance|New Arrivals|Clearance|Dresses|Dresses|Clearance|Dresses|Clearance|Holiday
2025-11-18,50,25.0,Clearance|Sitewide|Clearance|Baby|Sitewide|Dresses|Sleep/PJs|Swim|Clearance|New Arrivals|Clearance|Dresses|Dresses|Clearance|Dresses|Clearance|Holiday
2025-11-19,50,25.0,Clearance|Sitewide|Clearance|Baby|Sitewide|Dresses|Sleep/PJs|Swim|Clearance|New Arrivals|Clearance|Dresses|Dresses|Clearance|Dresses|Clearance|Holiday
2025-11-20,50,25.0,Clearance|Sitewide|Clearance|Baby|Sitewide|Dresses|Sleep/PJs|Swim|Clearance|New Arrivals|Clearance|Dresses|Dresses|Clearance|Dresses|Clearance|Holiday
2025-11-21,51,25.0,Clearance|Sitewide|Clearance|Baby|Sitewide|Dresses|Sleep/PJs|Swim|Clearance|New Arrivals|Clearance|Dresses|Dresses|Clearance|Dresses|Clearance|Holiday
2025-11-22,51,25.0,Clearance|Sitewide|Clearance|Baby|Sitewide|Dresses|Sleep/PJs|Swim|Clearance|New Arrivals|Clearance|Dresses|Dresses|Clearance|Dresses|Clearance|Holiday
2025-11-23,37,25.0,Clearance|Sitewide|Clearance|Baby|Sitewide|Dresses|Sleep/PJs|Swim|Clearance|New Arrivals|Clearance|Dresses|Clearance|Holiday|Dresses|Clearance|Dresses
2025-11-24,36,25.0,Clearance|Sitewide|Clearance|Baby|Sitewide|Dresses|Sleep/PJs|Swim|Clearance|New Arrivals|Clearance|Dresses|Clearance|Holiday|Dresses|Clearance|Dresses
2025-11-25,36,25.0,Clearance|Sitewide|Clearance|Baby|Sitewide|Dresses|Sleep/PJs|Swim|Clearance|New Arrivals|Clearance|Dresses|Clearance|Holiday|Dresses|Clearance|Dresses
2025-11-26,36,25.0,Clearance|Sitewide|Clearance|Baby|Sitewide|Dresses|Sleep/PJs|Swim|Clearance|New Arrivals|Clearance|Dresses|Clearance|Holiday|Dresses|Clearance|Dresses
2025-11-27,36,25.0,Clearance|Sitewide|Clearance|Baby|Sitewide|Dresses|Sleep/PJs|Swim|Clearance|New Arrivals|Clearance|Dresses|Clearance|Holiday|Dresses|Clearance|Dresses
2025-11-28,36,25.0,Clearance|Sitewide|Clearance|Baby|Sitewide|Dresses|Sleep/PJs|Swim|Clearance|New Arrivals|Clearance|Dresses|Clearance|Holiday|Dresses|Clearance|Dresses
2025-11-29,36,25.0,Clearance|Sitewide|Clearance|Baby|Sitewide|Dresses|Sleep/PJs|Swim|Clearance|New Arrivals|Clearance|Dresses|Clearance|Holiday|Dresses|Clearance|Dresses
2025-11-30,36,25.0,Clearance|Sitewide|Clearance|Baby|Sitewide|Dresses|Sleep/PJs|Swim|Clearance|New Arrivals|Clearance|Dresses|Clearance|Holiday|Dresses|Clearance|Dresses
2025-12-01,37,25.0,Clearance|Sitewide|Clearance|Baby|Sitewide|Dresses|Sleep/PJs|Swim|Clearance|New Arrivals|Clearance|Dresses|Clearance|Holiday|Dresses|Clearance|Dresses
2025-12-02,36,25.0,Clearance|Sitewide|Dresses|Sleep/PJs|Swim|Clearance|New Arrivals|Clearance|Dresses|Clearance|Holiday|Dresses|Clearance|Dresses
2025-12-03,36,25.0,Clearance|Sitewide|Dresses|Sleep/PJs|Swim|Clearance|New Arrivals|Clearance|Dresses|Clearance|Holiday|Dresses|Clearance|Dresses
2025-12-04,36,25.0,Clearance|Sitewide|Dresses|Sleep/PJs|Swim|Clearance|New Arrivals|Clearance|Dresses|Clearance|Holiday|Dresses|Clearance|Dresses
2025-12-05,36,25.0,Clearance|Sitewide|Dresses|Sleep/PJs|Swim|Clearance|New Arrivals|Clearance|Dresses|Clearance|Holiday|Dresses|Clearance|Dresses
2025-12-06,36,25.0,Clearance|Sitewide|Dresses|Sleep/PJs|Swim|Clearance|New Arrivals|Clearance|Dresses|Clearance|Holiday|Dresses|Clearance|Dresses
2025-12-07,36,25.0,Clearance|Sitewide|Dresses|Sleep/PJs|Swim|Clearance|New Arrivals|Clearance|Dresses|Clearance|Holiday|Dresses|Clearance|Dresses
2025-12-08,37,50.0,Clearance|Sitewide|Dresses|Sleep/PJs|Swim|Clearance|New Arrivals|Clearance|Dresses|Clearance|Holiday|Dresses|Clearance|Dresses|Dresses|Sleep/PJs
2025-12-09,36,50.0,Clearance|Sitewide|Dresses|Sleep/PJs|Swim|Clearance|New Arrivals|Clearance|Dresses|Clearance|Holiday|Dresses|Clearance|Dresses|Dresses|Sleep/PJs
2025-12-10,38,50.0,Clearance|Sitewide|Dresses|Sleep/PJs|Swim|Clearance|New Arrivals|Clearance|Dresses|Clearance|Holiday|Dresses|Clearance|Dresses|Dresses|Sleep/PJs
2025-12-11,38,50.0,Clearance|Sitewide|Dresses|Sleep/PJs|Swim|Clearance|New Arrivals|Clearance|Dresses|Clearance|Holiday|Dresses|Clearance|Dresses|Dresses|Sleep/PJs
2025-12-12,38,50.0,Clearance|Sitewide|Dresses|Sleep/PJs|Swim|Clearance|New Arrivals|Clearance|Dresses|Clearance|Holiday|Dresses|Clearance|Dresses|Dresses|Sleep/PJs
2025-12-13,38,50.0,Clearance|Sitewide|Dresses|Sleep/PJs|Swim|Clearance|New Arrivals|Clearance|Dresses|Clearance|Holiday|Dresses|Clearance|Dresses|Dresses|Sleep/PJs
2025-12-14,38,50.0,Clearance|Sitewide|Dresses|Sleep/PJs|Swim|Clearance|New Arrivals|Clearance|Dresses|Clearance|Holiday|Dresses|Clearance|Dresses|Dresses|Sleep/PJs
2025-12-15,38,50.0,Clearance|Sitewide|Dresses|Sleep/PJs|Swim|Clearance|New Arrivals|Clearance|Dresses|Clearance|Holiday|Dresses|Clearance|Dresses|Dresses|Sleep/PJs
2025-12-16,37,25.0,Clearance|Sitewide|Dresses|Sleep/PJs|Swim|Clearance|New Arrivals|Clearance|Dresses|Clearance|Holiday|Dresses|Clearance|Dresses
2025-12-17,38,25.0,Clearance|Sitewide|Dresses|Sleep/PJs|Swim|Clearance|New Arrivals|Clearance|Dresses|Clearance|Holiday|Dresses|Clearance|Dresses
2025-12-18,37,25.0,Clearance|Sitewide|Dresses|Sleep/PJs|Swim|Clearance|New Arrivals|Clearance|Dresses|Clearance|Holiday|Dresses|Clearance|Dresses
2025-12-19,37,25.0,Clearance|Sitewide|Dresses|Sleep/PJs|Swim|Clearance|New Arrivals|Clearance|Dresses|Clearance|Holiday|Dresses|Clearance|Dresses
2025-12-20,37,25.0,Clearance|Sitewide|Dresses|Sleep/PJs|Swim|Clearance|New Arrivals|Clearance|Dresses|Clearance|Holiday|Dresses|Clearance|Dresses
2025-12-21,36,25.0,Clearance|Sitewide|Dresses|Sleep/PJs|Swim|Clearance|New Arrivals|Clearance|Dresses|Clearance|Holiday|Dresses
2025-12-22,36,25.0,Clearance|Sitewide|Dresses|Sleep/PJs|Swim|Clearance|New Arrivals|Clearance|Dresses|Clearance|Holiday|Dresses
2025-12-23,36,25.0,Clearance|Sitewide|Dresses|Sleep/PJs|Swim|Clearance|New Arrivals|Clearance|Dresses|Clearance|Holiday|Dresses
2025-12-24,36,25.0,Clearance|Sitewide|Dresses|Sleep/PJs|Swim|Clearance|New Arrivals|Clearance|Dresses|Clearance|Holiday|Dresses
2025-12-25,34,25.0,Clearance|Sitewide|Dresses|Sleep/PJs|Swim|Clearance|New Arrivals|Clearance|Dresses
2025-12-26,31,25.0,Clearance|Sitewide|Dresses|Sleep/PJs|Swim|Clearance|New Arrivals|Clearance|Dresses
2025-12-27,31,25.0,Clearance|Sitewide|Dresses|Sleep/PJs|Swim|Clearance|New Arrivals|Clearance|Dresses
2025-12-28,31,25.0,Clearance|Sitewide|Dresses|Sleep/PJs|Swim|Clearance|New Arrivals|Clearance|Dresses
2025-12-29,31,25.0,Clearance|Sitewide|Dresses|Sleep/PJs|Swim|Clearance|New Arrivals|Clearance|Dresses
2025-12-30,31,25.0,Clearance|Sitewide|Dresses|Sleep/PJs|Swim|Clearance|New Arrivals|Clearance|Dresses
2025-12-31,31,25.0,Clearance|Sitewide|Dresses|Sleep/PJs|Swim|Clearance|New Arrivals|Clearance|Dresses
2026-01-01,27,25.0,Clearance|Sitewide|Dresses|Sleep/PJs|Swim|Clearance|New Arrivals|Clearance|Dresses
2026-01-02,27,25.0,Clearance|Sitewide|Dresses|Sleep/PJs|Swim|Clearance|New Arrivals|Clearance|Dresses
2026-01-03,27,25.0,Clearance|Sitewide|Dresses|Sleep/PJs|Swim|Clearance|New Arrivals|Clearance|Dresses
2026-01-04,27,25.0,Clearance|Sitewide|Dresses|Sleep/PJs|Swim|Clearance|New Arrivals|Clearance|Dresses
2026-01-05,27,25.0,Clearance|Sitewide|Dresses|Sleep/PJs|Swim|Clearance|New Arrivals|Clearance|Dresses
2026-01-06,27,25.0,Clearance|Sitewide|Dresses|Sleep/PJs|Swim|Clearance|New Arrivals|Clearance|Dresses
2026-01-07,27,25.0,Clearance|Sitewide|Dresses|Sleep/PJs|Swim|Clearance|New Arrivals|Clearance|Dresses
2026-01-08,27,25.0,Clearance|Sitewide|Dresses|Sleep/PJs|Swim|Clearance|New Arrivals|Clearance|Dresses
2026-01-09,27,25.0,Clearance|Sitewide|Dresses|Sleep/PJs|Swim|Clearance|New Arrivals|Clearance|Dresses
2026-01-10,27,25.0,Clearance|Sitewide|Dresses|Sleep/PJs|Swim|Clearance|New Arrivals|Clearance|Dresses
2026-01-11,27,25.0,Clearance|Sitewide|Dresses|Sleep/PJs|Swim|Clearance|New Arrivals|Clearance|Dresses
2026-01-12,27,25.0,Clearance|Sitewide|Dresses|Sleep/PJs|Swim|Clearance|New Arrivals|Clearance|Dresses
2026-01-13,27,25.0,Clearance|Sitewide|Dresses|Sleep/PJs|Swim|Clearance|New Arrivals|Clearance|Dresses
2026-01-14,27,25.0,Clearance|Sitewide|Dresses|Sleep/PJs|Swim|Clearance|New Arrivals|Clearance|Dresses
2026-01-15,27,25.0,Clearance|Sitewide|Dresses|Sleep/PJs|Swim|Clearance|New Arrivals|Clearance|Dresses
2026-01-16,27,25.0,Clearance|Sitewide|Dresses|Sleep/PJs|Swim|Clearance|New Arrivals|Clearance|Dresses
2026-01-17,27,25.0,Clearance|Sitewide|Dresses|Sleep/PJs|Swim|Clearance|New Arrivals|Clearance|Dresses
2026-01-18,27,25.0,Clearance|Sitewide|Dresses|Sleep/PJs|Swim|Clearance|New Arrivals|Clearance|Dresses
2026-01-19,27,25.0,Clearance|Sitewide|Dresses|Sleep/PJs|Swim|Clearance|New Arrivals|Clearance|Dresses
2026-01-20,27,25.0,Clearance|Sitewide|Dresses|Sleep/PJs|Swim|Clearance|New Arrivals|Clearance|Dresses
2026-01-21,27,25.0,Clearance|Sitewide|Dresses|Sleep/PJs|Swim|Clearance|New Arrivals|Clearance|Dresses
2026-01-22,27,25.0,Clearance|Sitewide|Dresses|Sleep/PJs|Swim|Clearance|New Arrivals|Clearance|Dresses
2026-01-23,27,25.0,Clearance|Sitewide|Dresses|Sleep/PJs|Swim|Clearance|New Arrivals|Clearance|Dresses
2026-01-24,27,25.0,Clearance|Sitewide|Dresses|Sleep/PJs|Swim|Clearance|New Arrivals|Clearance|Dresses
2026-01-25,27,25.0,Clearance|Sitewide|Dresses|Sleep/PJs|Swim|Clearance|New Arrivals|Clearance|Dresses
2026-01-26,27,25.0,Clearance|Sitewide|Dresses|Sleep/PJs|Swim|Clearance|New Arrivals|Clearance|Dresses
2026-01-27,27,25.0,Clearance|Sitewide|Dresses|Sleep/PJs|Swim|Clearance|New Arrivals|Clearance|Dresses
2026-01-28,27,25.0,Clearance|Sitewide|Dresses|Sleep/PJs|Swim|Clearance|New Arrivals|Clearance|Dresses
2026-01-29,27,25.0,Clearance|Sitewide|Dresses|Sleep/PJs|Swim|Clearance|New Arrivals|Clearance|Dresses
2026-01-30,27,25.0,Clearance|Sitewide|Dresses|Sleep/PJs|Swim|Clearance|New Arrivals|Clearance|Dresses
2026-01-31,27,25.0,Clearance|Sitewide|Dresses|Sleep/PJs|Swim|Clearance|New Arrivals|Clearance|Dresses
2026-02-01,39,25.0,Clearance|Sitewide|Dresses|Sleep/PJs|Swim|Clearance|New Arrivals|Clearance|Dresses
2026-02-02,39,25.0,Clearance|Sitewide|Dresses|Sleep/PJs|Swim|Clearance|New Arrivals|Clearance|Dresses
2026-02-03,41,25.0,Clearance|Sitewide|Dresses|Sleep/PJs|Swim|Clearance|New Arrivals|Clearance|Dresses|Valentine|Sleep/PJs
2026-02-04,41,25.0,Clearance|Sitewide|Dresses|Sleep/PJs|Swim|Clearance|New Arrivals|Clearance|Dresses|Valentine|Sleep/PJs
2026-02-05,41,25.0,Clearance|Sitewide|Dresses|Sleep/PJs|Swim|Clearance|New Arrivals|Clearance|Dresses|Valentine|Sleep/PJs
2026-02-06,41,25.0,Clearance|Sitewide|Dresses|Sleep/PJs|Swim|Clearance|New Arrivals|Clearance|Dresses|Valentine|Sleep/PJs
2026-02-07,41,25.0,Clearance|Sitewide|Dresses|Sleep/PJs|Swim|Clearance|New Arrivals|Clearance|Dresses|Valentine|Sleep/PJs
2026-02-08,41,25.0,Clearance|Sitewide|Dresses|Sleep/PJs|Swim|Clearance|New Arrivals|Clearance|Dresses|Valentine|Sleep/PJs
2026-02-09,41,25.0,Clearance|Sitewide|Dresses|Sleep/PJs|Swim|Clearance|New Arrivals|Clearance|Dresses|Valentine|Sleep/PJs
2026-02-10,41,25.0,Clearance|Sitewide|Dresses|Sleep/PJs|Swim|Clearance|New Arrivals|Clearance|Dresses|Valentine|Sleep/PJs
2026-02-11,40,25.0,Clearance|Sitewide|Dresses|Sleep/PJs|Swim|Clearance|New Arrivals|Clearance|Dresses
2026-02-12,40,25.0,Clearance|Sitewide|Dresses|Sleep/PJs|Swim|Clearance|New Arrivals|Clearance|Dresses
2026-02-13,40,25.0,Clearance|Sitewide|Dresses|Sleep/PJs|Swim|Clearance|New Arrivals|Clearance|Dresses
2026-02-14,40,25.0,Clearance|Sitewide|Dresses|Sleep/PJs|Swim|Clearance|New Arrivals|Clearance|Dresses
2026-02-15,40,25.0,Clearance|Sitewide|Dresses|Sleep/PJs|Swim|Clearance|New Arrivals|Clearance|Dresses
2026-02-16,40,25.0,Clearance|Sitewide|Dresses|Sleep/PJs|Swim|Clearance|New Arrivals|Clearance|Dresses
2026-02-17,41,25.0,Clearance|Sitewide|Dresses|Sleep/PJs|Swim|Clearance|New Arrivals|Clearance|Dresses
2026-02-18,41,25.0,Clearance|Sitewide|Dresses|Sleep/PJs|Swim|Clearance|New Arrivals|Clearance|Dresses
2026-02-19,41,25.0,Dresses|Sleep/PJs|Swim|Clearance|New Arrivals|Clearance|Clearance|Sitewide|Dresses|Clearance|Holiday
2026-02-20,41,25.0,Dresses|Sleep/PJs|Swim|Clearance|New Arrivals|Clearance|Clearance|Sitewide|Dresses|Clearance|Holiday
2026-02-21,41,25.0,Dresses|Sleep/PJs|Swim|Clearance|New Arrivals|Clearance|Clearance|Sitewide|Dresses|Clearance|Holiday
2026-02-22,29,25.0,Dresses|Sleep/PJs|Swim|Clearance|New Arrivals|Clearance|Clearance|Sitewide|Clearance|Holiday
2026-02-23,29,25.0,Dresses|Sleep/PJs|Swim|Clearance|New Arrivals|Clearance|Clearance|Sitewide|Clearance|Holiday
2026-02-24,28,25.0,Dresses|Sleep/PJs|Swim|Clearance|New Arrivals|Clearance|Clearance|Sitewide|Clearance|Holiday
2026-02-25,26,25.0,Dresses|Sleep/PJs|Swim|Clearance|New Arrivals|Clearance|Clearance|Sitewide
2026-02-26,26,25.0,Dresses|Sleep/PJs|Swim|Clearance|New Arrivals|Clearance|Clearance|Sitewide
2026-02-27,26,25.0,Dresses|Sleep/PJs|Swim|Clearance|New Arrivals|Clearance|Clearance|Sitewide
2026-02-28,26,25.0,Dresses|Sleep/PJs|Swim|Clearance|New Arrivals|Clearance|Clearance|Sitewide
2026-03-01,26,25.0,Dresses|Sleep/PJs|Swim|Clearance|New Arrivals|Clearance|Clearance|Sitewide
2026-03-02,26,25.0,Dresses|Sleep/PJs|Swim|Clearance|New Arrivals|Clearance|Clearance|Sitewide
2026-03-03,26,25.0,Dresses|Sleep/PJs|Swim|Clearance|New Arrivals|Clearance|Clearance|Sitewide
2026-03-04,26,25.0,Dresses|Sleep/PJs|Swim|Clearance|New Arrivals|Clearance|Clearance|Sitewide
2026-03-05,26,25.0,Dresses|Sleep/PJs|Swim|Clearance|New Arrivals|Clearance|Clearance|Sitewide
2026-03-06,28,25.0,Dresses|Sleep/PJs|Swim|Clearance|New Arrivals|Clearance|Clearance|Sitewide
2026-03-07,28,25.0,Dresses|Sleep/PJs|Swim|Clearance|New Arrivals|Clearance|Clearance|Sitewide
2026-03-08,28,25.0,Dresses|Sleep/PJs|Swim|Clearance|New Arrivals|Clearance|Clearance|Sitewide
2026-03-09,28,25.0,Dresses|Sleep/PJs|Swim|Clearance|New Arrivals|Clearance|Clearance|Sitewide
2026-03-10,28,25.0,Dresses|Sleep/PJs|Swim|Clearance|New Arrivals|Clearance|Clearance|Sitewide
2026-03-11,28,25.0,Dresses|Sleep/PJs|Swim|Clearance|New Arrivals|Clearance|Clearance|Sitewide
2026-03-12,28,25.0,Dresses|Sleep/PJs|Swim|Clearance|New Arrivals|Clearance|Clearance|Sitewide
2026-03-13,28,25.0,Dresses|Sleep/PJs|Swim|Clearance|New Arrivals|Clearance|Clearance|Sitewide
2026-03-14,28,25.0,Dresses|Sleep/PJs|Swim|Clearance|New Arrivals|Clearance|Clearance|Sitewide
2026-03-15,28,25.0,Dresses|Sleep/PJs|Swim|Clearance|New Arrivals|Clearance|Clearance|Sitewide
2026-03-16,28,25.0,Dresses|Sleep/PJs|Swim|Clearance|New Arrivals|Clearance|Clearance|Sitewide
2026-03-17,28,25.0,Dresses|Sleep/PJs|Swim|Clearance|New Arrivals|Clearance|Clearance|Sitewide
2026-03-18,28,25.0,Dresses|Sleep/PJs|Swim|Clearance|New Arrivals|Clearance|Clearance|Sitewide
2026-03-19,28,25.0,Dresses|Sleep/PJs|Swim|Clearance|New Arrivals|Clearance|Clearance|Sitewide
2026-03-20,28,25.0,Dresses|Sleep/PJs|Swim|Clearance|New Arrivals|Clearance|Clearance|Sitewide
2026-03-21,28,25.0,Dresses|Sleep/PJs|Swim|Clearance|New Arrivals|Clearance|Clearance|Sitewide
2026-03-22,28,25.0,Dresses|Sleep/PJs|Swim|Clearance|New Arrivals|Clearance|Clearance|Sitewide
2026-03-23,29,25.0,Dresses|Sleep/PJs|Swim|Clearance|New Arrivals|Clearance|Clearance|Sitewide
2026-03-24,29,25.0,Dresses|Sleep/PJs|Swim|Clearance|New Arrivals|Clearance|Clearance|Sitewide
2026-03-25,29,25.0,Dresses|Sleep/PJs|Swim|Clearance|New Arrivals|Clearance|Clearance|Sitewide
2026-03-26,29,25.0,Dresses|Sleep/PJs|Swim|Clearance|New Arrivals|Clearance|Clearance|Sitewide
2026-03-27,29,25.0,Dresses|Sleep/PJs|Swim|Clearance|New Arrivals|Clearance|Clearance|Sitewide
2026-03-28,29,25.0,Dresses|Sleep/PJs|Swim|Clearance|New Arrivals|Clearance|Clearance|Sitewide
2026-03-29,29,25.0,Dresses|Sleep/PJs|Swim|Clearance|New Arrivals|Clearance|Clearance|Sitewide
2026-03-30,28,25.0,Dresses|Sleep/PJs|Swim|Clearance|New Arrivals|Clearance|Clearance|Sitewide
2026-03-31,28,25.0,Dresses|Sleep/PJs|Swim|Clearance|New Arrivals|Clearance|Clearance|Sitewide
2026-04-01,28,25.0,Dresses|Sleep/PJs|Swim|Clearance|New Arrivals|Clearance|Clearance|Sitewide
2026-04-02,28,25.0,Dresses|Sleep/PJs|Swim|Clearance|New Arrivals|Clearance|Clearance|Sitewide
2026-04-03,28,25.0,Dresses|Sleep/PJs|Swim|Clearance|New Arrivals|Clearance|Clearance|Sitewide
2026-04-04,28,25.0,Dresses|Sleep/PJs|Swim|Clearance|New Arrivals|Clearance|Clearance|Sitewide
2026-04-05,28,25.0,Dresses|Sleep/PJs|Swim|Clearance|New Arrivals|Clearance|Clearance|Sitewide
2026-04-06,28,25.0,Dresses|Sleep/PJs|Swim|Clearance|New Arrivals|Clearance|Clearance|Sitewide
2026-04-07,28,25.0,Dresses|Sleep/PJs|Swim|Clearance|New Arrivals|Clearance|Clearance|Sitewide
2026-04-08,28,25.0,Dresses|Sleep/PJs|Swim|Clearance|New Arrivals|Clearance|Clearance|Sitewide
2026-04-09,28,25.0,Dresses|Sleep/PJs|Swim|Clearance|New Arrivals|Clearance|Clearance|Sitewide
2026-04-10,28,25.0,Dresses|Sleep/PJs|Swim|Clearance|New Arrivals|Clearance|Clearance|Sitewide
2026-04-11,28,25.0,Dresses|Sleep/PJs|Swim|Clearance|New Arrivals|Clearance|Clearance|Sitewide
2026-04-12,28,25.0,Dresses|Sleep/PJs|Swim|Clearance|New Arrivals|Clearance|Clearance|Sitewide
2026-04-13,28,25.0,Dresses|Sleep/PJs|Swim|Clearance|New Arrivals|Clearance|Clearance|Sitewide
2026-04-14,28,25.0,Clearance|Clearance|Sitewide
2026-04-15,28,25.0,Clearance|Clearance|Sitewide
2026-04-16,28,25.0,Clearance|Clearance|Sitewide
2026-04-17,28,25.0,Clearance|Clearance|Sitewide
2026-04-18,29,40.0,Clearance|Clearance|Sitewide|Dresses|Clearance
2026-04-19,29,40.0,Clearance|Clearance|Sitewide|Dresses|Clearance
2026-04-20,28,25.0,Clearance|Clearance|Sitewide
2026-04-21,27,25.0,Clearance|Clearance|Sitewide
2026-04-22,27,25.0,Clearance|Clearance|Sitewide
2026-04-23,27,25.0,Clearance|Clearance|Sitewide
2026-04-24,27,25.0,Clearance|Clearance|Sitewide
2026-04-25,27,25.0,Clearance|Clearance|Sitewide
2026-04-26,27,25.0,Clearance|Clearance|Sitewide
2026-04-27,27,25.0,Clearance|Clearance|Sitewide
2026-04-28,27,25.0,Clearance|Clearance|Sitewide
2026-04-29,27,25.0,Clearance|Clearance|Sitewide
2026-04-30,27,25.0,Clearance|Clearance|Sitewide
2026-05-01,27,25.0,Clearance|Clearance|Sitewide
2026-05-02,27,25.0,Clearance|Clearance|Sitewide
2026-05-03,27,25.0,Clearance|Clearance|Sitewide
2026-05-04,28,25.0,Clearance|Clearance|Sitewide
2026-05-05,26,25.0,Clearance|Clearance|Sitewide
2026-05-06,26,25.0,Clearance|Clearance|Sitewide
2026-05-07,26,25.0,Clearance|Clearance|Sitewide
2026-05-08,26,25.0,Clearance|Clearance|Sitewide
2026-05-09,26,25.0,Clearance|Clearance|Sitewide
2026-05-10,26,25.0,Clearance|Clearance|Sitewide
2026-05-11,26,25.0,Clearance|Clearance|Sitewide
2026-05-12,26,25.0,Clearance|Clearance|Sitewide
2026-05-13,26,25.0,Clearance|Clearance|Sitewide
2026-05-14,25,25.0,Clearance|Clearance|Sitewide
2026-05-15,25,25.0,Clearance|Clearance|Sitewide
2026-05-16,23,25.0,Clearance|Clearance|Sitewide
2026-05-17,23,25.0,Clearance|Clearance|Sitewide
2026-05-18,23,25.0,Clearance|Clearance|Sitewide
2026-05-19,23,25.0,Clearance|Clearance|Sitewide
2026-05-20,23,25.0,Clearance|Clearance|Sitewide
2026-05-21,23,25.0,Clearance|Clearance|Sitewide
2026-05-22,23,25.0,Clearance|Clearance|Sitewide
2026-05-23,23,25.0,Clearance|Clearance|Sitewide
2026-05-24,11,20.0,Clearance|Clearance|Sitewide
2026-05-25,11,20.0,Clearance|Clearance|Sitewide
2026-05-26,12,20.0,Clearance|Clearance|Sitewide
2026-05-27,12,20.0,Clearance|Clearance|Sitewide
2026-05-28,12,20.0,Clearance|Clearance|Sitewide
2026-05-29,12,20.0,Clearance|Clearance|Sitewide
2026-05-30,12,20.0,Clearance|Clearance|Sitewide
2026-05-31,12,20.0,Clearance|Clearance|Sitewide
2026-06-01,12,20.0,Clearance|Clearance|Sitewide
2026-06-02,12,20.0,Clearance|Clearance|Sitewide
2026-06-03,12,20.0,Clearance|Clearance|Sitewide
2026-06-04,12,20.0,Clearance|Clearance|Sitewide
2026-06-05,12,20.0,Clearance|Clearance|Sitewide
2026-06-06,12,20.0,Clearance|Clearance|Sitewide
2026-06-07,12,20.0,Clearance|Clearance|Sitewide
2026-06-08,12,20.0,Clearance|Clearance|Sitewide
2026-06-09,12,20.0,Clearance|Clearance|Sitewide
2026-06-10,12,20.0,Clearance|Clearance|Sitewide
2026-06-11,12,20.0,Clearance|Clearance|Sitewide
2026-06-12,12,20.0,Clearance|Clearance|Sitewide
2026-06-13,11,20.0,Clearance|Clearance|Sitewide
2026-06-14,11,20.0,Clearance|Clearance|Sitewide
2026-06-15,11,20.0,Clearance|Clearance|Sitewide
2026-06-16,11,20.0,Clearance|Clearance|Sitewide
2026-06-17,11,20.0,Clearance|Clearance|Sitewide
2026-06-18,11,20.0,Clearance|Clearance|Sitewide
2026-06-19,11,20.0,Clearance|Clearance|Sitewide
2026-06-20,11,20.0,Clearance|Clearance|Sitewide
2026-06-21,11,20.0,Clearance|Clearance|Sitewide
2026-06-22,11,20.0,Clearance|Clearance|Sitewide
2026-06-23,12,20.0,Clearance|Clearance|Sitewide|Dresses|Clearance
2026-06-24,12,20.0,Clearance|Clearance|Sitewide|Dresses|Clearance
2026-06-25,12,20.0,Clearance|Clearance|Sitewide|Dresses|Clearance
2026-06-26,12,20.0,Clearance|Clearance|Sitewide|Dresses|Clearance
2026-06-27,11,20.0,Clearance|Clearance|Sitewide
2026-06-28,11,20.0,Clearance|Clearance|Sitewide
2026-06-29,11,20.0,Clearance|Clearance|Sitewide
2026-06-30,11,20.0,Clearance|Clearance|Sitewide
2026-07-01,11,20.0,Clearance|Clearance|Sitewide
2026-07-02,11,20.0,Clearance|Clearance|Sitewide
2026-07-03,11,20.0,Clearance|Clearance|Sitewide
2026-07-04,11,20.0,Clearance|Clearance|Sitewide
2026-07-05,11,20.0,Clearance|Clearance|Sitewide
2026-07-06,11,20.0,Clearance|Clearance|Sitewide
2026-07-07,12,20.0,Clearance|Clearance|Sitewide
2026-07-08,12,20.0,Clearance|Clearance|Sitewide
2026-07-09,12,20.0,Clearance|Clearance|Sitewide
2026-07-10,12,20.0,Clearance|Clearance|Sitewide
2026-07-11,12,20.0,Clearance|Clearance|Sitewide
2026-07-12,12,20.0,Clearance|Clearance|Sitewide
2026-07-13,12,20.0,Clearance|Clearance|Sitewide
2026-07-14,12,20.0,Clearance|Clearance|Sitewide
2026-07-15,12,20.0,Clearance|Clearance|Sitewide
2026-07-16,11,20.0,Clearance|Clearance|Sitewide
2026-07-17,11,20.0,Clearance|Clearance|Sitewide
2026-07-18,11,20.0,Clearance|Clearance|Sitewide
2026-07-19,11,20.0,Clearance|Clearance|Sitewide
2026-07-20,11,20.0,Clearance|Clearance|Sitewide
2026-07-21,11,20.0,Clearance|Clearance|Sitewide
2026-07-22,11,20.0,Clearance|Clearance|Sitewide
2026-07-23,11,20.0,Clearance|Clearance|Sitewide
2026-07-24,11,20.0,Clearance|Clearance|Sitewide
2026-07-25,10,20.0,Clearance|Clearance|Sitewide
2026-07-26,10,20.0,Clearance|Clearance|Sitewide
2026-07-27,10,20.0,Clearance|Clearance|Sitewide
2026-07-28,10,20.0,Clearance|Clearance|Sitewide
2026-07-29,10,20.0,Clearance|Clearance|Sitewide
2026-07-30,10,20.0,Clearance|Clearance|Sitewide
2026-07-31,10,20.0,Clearance|Clearance|Sitewide
2026-08-01,10,50.0,Clearance|Sitewide|Clearance
2026-08-02,22,50.0,Clearance|Sitewide|Clearance
2026-08-03,21,25.0,Clearance|Sitewide|Clearance
2026-08-04,21,25.0,Clearance|Sitewide|Clearance
2026-08-05,21,25.0,Clearance|Sitewide|Clearance
2026-08-06,21,25.0,Clearance|Sitewide|Clearance
2026-08-07,21,25.0,Clearance|Sitewide|Clearance
2026-08-08,21,25.0,Clearance|Sitewide|Clearance
2026-08-09,21,25.0,Clearance|Sitewide|Clearance
2026-08-10,21,25.0,Clearance|Sitewide|Clearance
2026-08-11,21,25.0,Clearance|Sitewide|Clearance
2026-08-12,21,25.0,Clearance|Sitewide|Clearance
2026-08-13,21,25.0,Clearance|Sitewide|Clearance
2026-08-14,21,25.0,Clearance|Sitewide|Clearance
2026-08-15,22,25.0,Clearance|Sitewide|Clearance
2026-08-16,22,25.0,Clearance|Sitewide|Clearance
2026-08-17,22,25.0,Clearance|Sitewide|Clearance
2026-08-18,23,25.0,Clearance|Sitewide|Clearance
2026-08-19,23,25.0,Clearance|Sitewide|Clearance
2026-08-20,23,25.0,Clearance|Sitewide|Clearance
2026-08-21,23,25.0,Clearance|Sitewide|Clearance
2026-08-22,23,25.0,Clearance|Sitewide|Clearance
2026-08-23,23,25.0,Clearance|Sitewide|Clearance
2026-08-24,23,25.0,Clearance|Sitewide|Clearance
2026-08-25,23,25.0,Clearance|Sitewide|Clearance
2026-08-26,21,25.0,Clearance|Sitewide|Clearance
2026-08-27,21,25.0,Clearance|Sitewide|Clearance
2026-08-28,21,25.0,Clearance|Sitewide|Clearance
2026-08-29,21,25.0,Clearance|Sitewide|Clearance
2026-08-30,21,25.0,Clearance|Sitewide|Clearance
2026-08-31,21,25.0,Clearance|Sitewide|Clearance
2026-09-01,21,25.0,Clearance|Sitewide|Clearance
2026-09-02,21,25.0,Clearance|Sitewide|Clearance
2026-09-03,21,25.0,Clearance|Sitewide|Clearance
2026-09-04,21,25.0,Clearance|Sitewide|Clearance
2026-09-05,21,25.0,Clearance|Sitewide|Clearance
2026-09-06,21,25.0,Clearance|Sitewide|Clearance
2026-09-07,21,25.0,Clearance|Sitewide|Clearance
2026-09-08,21,25.0,Clearance|Sitewide|Clearance
2026-09-09,21,25.0,Clearance|Sitewide|Clearance
2026-09-10,21,25.0,Clearance|Sitewide|Clearance
2026-09-11,21,25.0,Clearance|Sitewide|Clearance
2026-09-12,21,25.0,Clearance|Sitewide|Clearance
2026-09-13,21,25.0,Clearance|Sitewide|Clearance
2026-09-14,21,25.0,Clearance|Sitewide|Clearance
2026-09-15,21,25.0,Clearance|Sitewide|Clearance
2026-09-16,21,25.0,Clearance|Sitewide|Clearance
2026-09-17,21,25.0,Clearance|Sitewide|Clearance
2026-09-18,21,25.0,Clearance|Sitewide|Clearance
2026-09-19,21,25.0,Clearance|Sitewide|Clearance
2026-09-20,21,25.0,Clearance|Sitewide|Clearance
2026-09-21,21,25.0,Clearance|Sitewide|Clearance
2026-09-22,21,25.0,Clearance|Sitewide|Clearance
2026-09-23,21,25.0,Clearance|Sitewide|Clearance
2026-09-24,21,25.0,Clearance|Sitewide|Clearance
2026-09-25,20,25.0,Clearance|Sitewide
2026-09-26,20,25.0,Clearance|Sitewide
2026-09-27,20,25.0,Clearance|Sitewide
2026-09-28,20,25.0,Clearance|Sitewide
2026-09-29,20,25.0,Clearance|Sitewide
2026-09-30,20,25.0,Clearance|Sitewide
2026-10-01,20,25.0,Clearance|Sitewide
2026-10-02,20,25.0,Clearance|Sitewide
2026-10-03,20,25.0,Clearance|Sitewide
2026-10-04,20,25.0,Clearance|Sitewide
2026-10-05,20,25.0,Clearance|Sitewide
2026-10-06,20,25.0,Clearance|Sitewide
2026-10-07,20,25.0,Clearance|Sitewide
2026-10-08,20,25.0,Clearance|Sitewide
2026-10-09,20,25.0,Clearance|Sitewide
2026-10-10,20,25.0,Clearance|Sitewide
2026-10-11,20,25.0,Clearance|Sitewide
2026-10-12,20,25.0,Clearance|Sitewide
2026-10-13,20,25.0,Clearance|Sitewide
2026-10-14,20,25.0,Clearance|Sitewide
2026-10-15,20,25.0,Clearance|Sitewide
2026-10-16,20,25.0,Clearance|Sitewide
2026-10-17,20,25.0,Clearance|Sitewide
2026-10-18,20,25.0,Clearance|Sitewide
2026-10-19,20,25.0,Clearance|Sitewide
2026-10-20,20,25.0,Clearance|Sitewide
2026-10-21,20,25.0,Clearance|Sitewide
2026-10-22,20,25.0,Clearance|Sitewide
2026-10-23,20,25.0,Clearance|Sitewide
2026-10-24,20,25.0,Clearance|Sitewide
2026-10-25,20,25.0,Clearance|Sitewide
2026-10-26,20,25.0,Clearance|Sitewide
2026-10-27,20,25.0,Clearance|Sitewide
2026-10-28,20,25.0,Clearance|Sitewide
2026-10-29,20,25.0,Clearance|Sitewide
2026-10-30,20,25.0,Clearance|Sitewide
2026-10-31,20,25.0,Clearance|Sitewide
2026-11-01,20,25.0,Clearance|Sitewide
2026-11-02,20,25.0,Clearance|Sitewide
2026-11-03,20,25.0,Clearance|Sitewide
2026-11-04,20,25.0,Clearance|Sitewide
2026-11-05,20,25.0,Clearance|Sitewide
2026-11-06,20,25.0,Clearance|Sitewide
2026-11-07,20,25.0,Clearance|Sitewide
2026-11-08,20,25.0,Clearance|Sitewide
2026-11-09,20,25.0,Clearance|Sitewide
2026-11-10,20,25.0,Clearance|Sitewide
2026-11-11,20,25.0,Clearance|Sitewide
2026-11-12,20,25.0,Clearance|Sitewide
2026-11-13,20,25.0,Clearance|Sitewide
2026-11-14,20,25.0,Clearance|Sitewide
2026-11-15,20,25.0,Clearance|Sitewide
2026-11-16,20,25.0,Clearance|Sitewide
2026-11-17,20,25.0,Clearance|Sitewide
2026-11-18,20,25.0,Clearance|Sitewide
2026-11-19,20,25.0,Clearance|Sitewide
2026-11-20,20,25.0,Clearance|Sitewide
2026-11-21,20,25.0,Clearance|Sitewide
2026-11-22,8,20.0,Clearance|Sitewide
2026-11-23,8,20.0,Clearance|Sitewide
2026-11-24,8,20.0,Clearance|Sitewide
2026-11-25,8,20.0,Clearance|Sitewide
2026-11-26,8,20.0,Clearance|Sitewide
2026-11-27,8,20.0,Clearance|Sitewide
2026-11-28,8,20.0,Clearance|Sitewide
2026-11-29,8,20.0,Clearance|Sitewide
2026-11-30,8,20.0,Clearance|Sitewide
2026-12-01,8,20.0,Clearance|Sitewide
2026-12-02,8,20.0,Clearance|Sitewide
2026-12-03,6,20.0,Clearance|Sitewide
2026-12-04,6,20.0,Clearance|Sitewide
2026-12-05,6,20.0,Clearance|Sitewide
2026-12-06,6,20.0,Clearance|Sitewide
2026-12-07,6,20.0,Clearance|Sitewide
2026-12-08,6,20.0,Clearance|Sitewide
2026-12-09,6,20.0,Clearance|Sitewide
2026-12-10,6,20.0,Clearance|Sitewide
2026-12-11,6,20.0,Clearance|Sitewide
2026-12-12,6,20.0,Clearance|Sitewide
2026-12-13,6,20.0,Clearance|Sitewide
2026-12-14,6,20.0,Clearance|Sitewide
2026-12-15,6,20.0,Clearance|Sitewide
2026-12-16,6,20.0,Clearance|Sitewide
2026-12-17,6,20.0,Clearance|Sitewide
2026-12-18,6,20.0,Clearance|Sitewide
2026-12-19,6,20.0,Clearance|Sitewide
2026-12-20,6,20.0,Clearance|Sitewide
2026-12-21,6,20.0,Clearance|Sitewide
2026-12-22,6,20.0,Clearance|Sitewide
2026-12-23,6,20.0,Clearance|Sitewide
2026-12-24,6,20.0,Clearance|Sitewide
2026-12-25,6,20.0,Clearance|Sitewide
2026-12-26,6,20.0,Clearance|Sitewide
2026-12-27,6,20.0,Clearance|Sitewide
2026-12-28,6,20.0,Clearance|Sitewide
2026-12-29,6,20.0,Clearance|Sitewide
2026-12-30,6,20.0,Clearance|Sitewide
2026-12-31,6,20.0,Clearance|Sitewide
2027-01-01,2,10.0,
2027-01-02,2,10.0,
2027-01-03,2,10.0,
2027-01-04,2,10.0,
2027-01-05,2,10.0,
2027-01-06,2,10.0,
2027-01-07,2,10.0,
2027-01-08,2,10.0,
2027-01-09,2,10.0,
2027-01-10,2,10.0,
2027-01-11,2,10.0,
2027-01-12,2,10.0,
2027-01-13,2,10.0,
2027-01-14,2,10.0,
2027-01-15,2,10.0,
2027-01-16,2,10.0,
2027-01-17,2,10.0,
2027-01-18,2,10.0,
2027-01-19,2,10.0,
2027-01-20,2,10.0,
2027-01-21,2,10.0,
2027-01-22,2,10.0,
2027-01-23,2,10.0,
2027-01-24,2,10.0,
2027-01-25,2,10.0,
2027-01-26,2,10.0,
2027-01-27,2,10.0,
2027-01-28,2,10.0,
2027-01-29,2,10.0,
2027-01-30,2,10.0,
2027-01-31,1,10.0,
