date,source,file_id,source_file,sheet_name,event_name,promo_scope,offer_cc_count,style_count,total_avail_inv
2023-12-08,pdl,93c153fb19b1,"12.8.23 50% off Sitewide (exlcuding New Arrivals, Bundles, + Bluey) PDL.xlsx",All Promo Discounts,"12.8.23 50% off Sitewide (exlcuding New Arrivals, Bundles, + Bluey) PDL",New Arrivals|Sitewide,1549,613,1890090.0
2023-12-09,pdl,93c153fb19b1,"12.8.23 50% off Sitewide (exlcuding New Arrivals, Bundles, + Bluey) PDL.xlsx",All Promo Discounts,"12.8.23 50% off Sitewide (exlcuding New Arrivals, Bundles, + Bluey) PDL",New Arrivals|Sitewide,1549,613,1890090.0
2023-12-10,pdl,93c153fb19b1,"12.8.23 50% off Sitewide (exlcuding New Arrivals, Bundles, + Bluey) PDL.xlsx",All Promo Discounts,"12.8.23 50% off Sitewide (exlcuding New Arrivals, Bundles, + Bluey) PDL",New Arrivals|Sitewide,1549,613,1890090.0
2023-12-11,pdl,93c153fb19b1,"12.8.23 50% off Sitewide (exlcuding New Arrivals, Bundles, + Bluey) PDL.xlsx",All Promo Discounts,"12.8.23 50% off Sitewide (exlcuding New Arrivals, Bundles, + Bluey) PDL",New Arrivals|Sitewide,1549,613,1890090.0
2023-12-20,pdl,d83d280294a8,12.20.23 Up to 50% off Holiday  PDL.xlsx,All Promo Discounts,12.20.23 Up to 50% off Holiday,Holiday,1622,621,1621969.0
2023-12-21,pdl,d83d280294a8,12.20.23 Up to 50% off Holiday  PDL.xlsx,All Promo Discounts,12.20.23 Up to 50% off Holiday,Holiday,1622,621,1621969.0
2023-12-22,pdl,d83d280294a8,12.20.23 Up to 50% off Holiday  PDL.xlsx,All Promo Discounts,12.20.23 Up to 50% off Holiday,Holiday,1622,621,1621969.0
2023-12-23,pdl,d83d280294a8,12.20.23 Up to 50% off Holiday  PDL.xlsx,All Promo Discounts,12.20.23 Up to 50% off Holiday,Holiday,1622,621,1621969.0
2023-12-24,pdl,d83d280294a8,12.20.23 Up to 50% off Holiday  PDL.xlsx,All Promo Discounts,12.20.23 Up to 50% off Holiday,Holiday,1622,621,1621969.0
2023-12-25,pdl,d83d280294a8,12.20.23 Up to 50% off Holiday  PDL.xlsx,All Promo Discounts,12.20.23 Up to 50% off Holiday,Holiday,1622,621,1621969.0
2023-12-26,pdl,c60394dfe5d9,12.26.23 Hanna Sale Up to 60% off PDL.xlsx,All Markdowns,12.26.23 Hanna Sale Markdowns,Clearance,2194,839,791151.0
2024-07-30,pdl,4f272317f643,7.30.24 All Sleep on Sale starting from $25 + Mix & Match PDL.xlsx,Mix & Match,7.30.24 Mix & Match Get it in Time for Picture Day,Sleep/PJs,553,141,728030.0
2024-07-31,pdl,4f272317f643,7.30.24 All Sleep on Sale starting from $25 + Mix & Match PDL.xlsx,Mix & Match,7.30.24 Mix & Match Get it in Time for Picture Day,Sleep/PJs,553,141,728030.0
2024-08-01,pdl,4f272317f643,7.30.24 All Sleep on Sale starting from $25 + Mix & Match PDL.xlsx,Mix & Match,7.30.24 Mix & Match Get it in Time for Picture Day,Sleep/PJs,553,141,728030.0
2024-08-02,pdl,4f272317f643,7.30.24 All Sleep on Sale starting from $25 + Mix & Match PDL.xlsx,Mix & Match,7.30.24 Mix & Match Get it in Time for Picture Day,Sleep/PJs,553,141,728030.0
2024-08-03,pdl,4f272317f643,7.30.24 All Sleep on Sale starting from $25 + Mix & Match PDL.xlsx,Mix & Match,7.30.24 Mix & Match Get it in Time for Picture Day,Sleep/PJs,553,141,728030.0
2024-08-04,pdl,4f272317f643,7.30.24 All Sleep on Sale starting from $25 + Mix & Match PDL.xlsx,Mix & Match,7.30.24 Mix & Match Get it in Time for Picture Day,Sleep/PJs,553,141,728030.0
2024-08-05,pdl,4f272317f643,7.30.24 All Sleep on Sale starting from $25 + Mix & Match PDL.xlsx,Mix & Match,7.30.24 Mix & Match Get it in Time for Picture Day,Sleep/PJs,553,141,728030.0
2024-09-11,pdl,a4ee9757b895,9.11.24 Halloween from $25 + Dresses & Leggings up to 40% off PDL.xlsx,Dress & Legging Promo Discounts,9.11.24 Halloween from $25 + Dresses & Leggings up to 40% off PDL,Dresses|Halloween,163,57,340213.0
2024-09-11,pdl,a4ee9757b895,9.11.24 Halloween from $25 + Dresses & Leggings up to 40% off PDL.xlsx,Halloween Promo Discounts,9.11.24 Halloween from $25 + Dresses & Leggings up to 40% off PDL,Dresses|Halloween,104,57,176270.0
2024-09-12,pdl,a4ee9757b895,9.11.24 Halloween from $25 + Dresses & Leggings up to 40% off PDL.xlsx,Dress & Legging Promo Discounts,9.11.24 Halloween from $25 + Dresses & Leggings up to 40% off PDL,Dresses|Halloween,163,57,340213.0
2024-09-12,pdl,a4ee9757b895,9.11.24 Halloween from $25 + Dresses & Leggings up to 40% off PDL.xlsx,Halloween Promo Discounts,9.11.24 Halloween from $25 + Dresses & Leggings up to 40% off PDL,Dresses|Halloween,104,57,176270.0
2024-09-13,pdl,a4ee9757b895,9.11.24 Halloween from $25 + Dresses & Leggings up to 40% off PDL.xlsx,Dress & Legging Promo Discounts,9.11.24 Halloween from $25 + Dresses & Leggings up to 40% off PDL,Dresses|Halloween,163,57,340213.0
2024-09-13,pdl,a4ee9757b895,9.11.24 Halloween from $25 + Dresses & Leggings up to 40% off PDL.xlsx,Halloween Promo Discounts,9.11.24 Halloween from $25 + Dresses & Leggings up to 40% off PDL,Dresses|Halloween,104,57,176270.0
2024-09-13,pdl,a4ee9757b895,9.11.24 Halloween from $25 + Dresses & Leggings up to 40% off PDL.xlsx,Stripe Promo Discounts,9.13.24 40% off all Stripe PJs PDL,Dresses|Sleep/PJs|Halloween,122,43,192200.0
2024-09-14,pdl,a4ee9757b895,9.11.24 Halloween from $25 + Dresses & Leggings up to 40% off PDL.xlsx,Dress & Legging Promo Discounts,9.11.24 Halloween from $25 + Dresses & Leggings up to 40% off PDL,Dresses|Halloween,163,57,340213.0
2024-09-14,pdl,a4ee9757b895,9.11.24 Halloween from $25 + Dresses & Leggings up to 40% off PDL.xlsx,Halloween Promo Discounts,9.11.24 Halloween from $25 + Dresses & Leggings up to 40% off PDL,Dresses|Halloween,104,57,176270.0
2024-09-14,pdl,a4ee9757b895,9.11.24 Halloween from $25 + Dresses & Leggings up to 40% off PDL.xlsx,Stripe Promo Discounts,9.13.24 40% off all Stripe PJs PDL,Dresses|Sleep/PJs|Halloween,122,43,192200.0
2024-09-15,pdl,a4ee9757b895,9.11.24 Halloween from $25 + Dresses & Leggings up to 40% off PDL.xlsx,Dress & Legging Promo Discounts,9.11.24 Halloween from $25 + Dresses & Leggings up to 40% off PDL,Dresses|Halloween,163,57,340213.0
2024-09-15,pdl,a4ee9757b895,9.11.24 Halloween from $25 + Dresses & Leggings up to 40% off PDL.xlsx,Halloween Promo Discounts,9.11.24 Halloween from $25 + Dresses & Leggings up to 40% off PDL,Dresses|Halloween,104,57,176270.0
2024-09-15,pdl,a4ee9757b895,9.11.24 Halloween from $25 + Dresses & Leggings up to 40% off PDL.xlsx,Stripe Promo Discounts,9.13.24 40% off all Stripe PJs PDL,Dresses|Sleep/PJs|Halloween,122,43,192200.0
2024-09-16,pdl,a4ee9757b895,9.11.24 Halloween from $25 + Dresses & Leggings up to 40% off PDL.xlsx,Dress & Legging Promo Discounts,9.11.24 Halloween from $25 + Dresses & Leggings up to 40% off PDL,Dresses|Halloween,163,57,340213.0
2024-09-16,pdl,a4ee9757b895,9.11.24 Halloween from $25 + Dresses & Leggings up to 40% off PDL.xlsx,Halloween Promo Discounts,9.11.24 Halloween from $25 + Dresses & Leggings up to 40% off PDL,Dresses|Halloween,104,57,176270.0
2024-09-16,pdl,a4ee9757b895,9.11.24 Halloween from $25 + Dresses & Leggings up to 40% off PDL.xlsx,Stripe Promo Discounts,9.13.24 40% off all Stripe PJs PDL,Dresses|Sleep/PJs|Halloween,122,43,192200.0
2024-09-17,pdl,a4ee9757b895,9.11.24 Halloween from $25 + Dresses & Leggings up to 40% off PDL.xlsx,Dress & Legging Promo Discounts,9.11.24 Halloween from $25 + Dresses & Leggings up to 40% off PDL,Dresses|Halloween,163,57,340213.0
2024-09-17,pdl,a4ee9757b895,9.11.24 Halloween from $25 + Dresses & Leggings up to 40% off PDL.xlsx,Halloween Promo Discounts,9.11.24 Halloween from $25 + Dresses & Leggings up to 40% off PDL,Dresses|Halloween,104,57,176270.0
2024-09-18,pdl,2119fa886571,9.18.24 Big Fall Sale Up to 50% off + New Markdowns PDL.xlsx,All Promo Discounts,9.18.24 Big Fall Sale up to 50% off + New Markdowns,Clearance,1270,516,2411060.0
2024-09-18,pdl,2119fa886571,9.18.24 Big Fall Sale Up to 50% off + New Markdowns PDL.xlsx,Markdowns,9.18.24 Big Fall Sale up to 50% off + New Markdowns,Clearance,388,161,156548.0
2024-09-19,pdl,2119fa886571,9.18.24 Big Fall Sale Up to 50% off + New Markdowns PDL.xlsx,All Promo Discounts,9.18.24 Big Fall Sale up to 50% off + New Markdowns,Clearance,1270,516,2411060.0
2024-09-20,pdl,2119fa886571,9.18.24 Big Fall Sale Up to 50% off + New Markdowns PDL.xlsx,All Promo Discounts,9.18.24 Big Fall Sale up to 50% off + New Markdowns,Clearance,1270,516,2411060.0
2024-09-21,pdl,2119fa886571,9.18.24 Big Fall Sale Up to 50% off + New Markdowns PDL.xlsx,All Promo Discounts,9.18.24 Big Fall Sale up to 50% off + New Markdowns,Clearance,1270,516,2411060.0
2024-09-22,pdl,2119fa886571,9.18.24 Big Fall Sale Up to 50% off + New Markdowns PDL.xlsx,All Promo Discounts,9.18.24 Big Fall Sale up to 50% off + New Markdowns,Clearance,1270,516,2411060.0
2024-09-23,pdl,d490ffa57efd,9.23.24 Sleep up to 30 + New Markdowns PDL.xlsx,All Promo Discounts,Sleep up to 30% off + Dresses Up to 40% off + New Markdowns PDL,Dresses|Sleep/PJs|Clearance,1494,528,2693745.0
2024-09-23,pdl,d490ffa57efd,9.23.24 Sleep up to 30 + New Markdowns PDL.xlsx,Dresses,Sleep up to 30% off + Dresses Up to 40% off + New Markdowns PDL,Dresses|Sleep/PJs|Clearance,69,31,80496.0
2024-09-23,pdl,d490ffa57efd,9.23.24 Sleep up to 30 + New Markdowns PDL.xlsx,New Markdowns,Sleep up to 30% off + Dresses Up to 40% off + New Markdowns PDL,Dresses|Sleep/PJs|Clearance,104,49,44877.0
2024-09-23,pdl,d490ffa57efd,9.23.24 Sleep up to 30 + New Markdowns PDL.xlsx,Sleep Discounts,Sleep up to 30% off + Dresses Up to 40% off + New Markdowns PDL,Dresses|Sleep/PJs|Clearance,684,229,1478268.0
2024-09-24,pdl,d490ffa57efd,9.23.24 Sleep up to 30 + New Markdowns PDL.xlsx,All Promo Discounts,Sleep up to 30% off + Dresses Up to 40% off + New Markdowns PDL,Dresses|Sleep/PJs|Clearance,1494,528,2693745.0
2024-09-24,pdl,d490ffa57efd,9.23.24 Sleep up to 30 + New Markdowns PDL.xlsx,Dresses,Sleep up to 30% off + Dresses Up to 40% off + New Markdowns PDL,Dresses|Sleep/PJs|Clearance,69,31,80496.0
2024-09-24,pdl,d490ffa57efd,9.23.24 Sleep up to 30 + New Markdowns PDL.xlsx,New Markdowns,Sleep up to 30% off + Dresses Up to 40% off + New Markdowns PDL,Dresses|Sleep/PJs|Clearance,104,49,44877.0
2024-09-24,pdl,d490ffa57efd,9.23.24 Sleep up to 30 + New Markdowns PDL.xlsx,Sleep Discounts,Sleep up to 30% off + Dresses Up to 40% off + New Markdowns PDL,Dresses|Sleep/PJs|Clearance,684,229,1478268.0
2024-09-25,pdl,d490ffa57efd,9.23.24 Sleep up to 30 + New Markdowns PDL.xlsx,All Promo Discounts,Sleep up to 30% off + Dresses Up to 40% off + New Markdowns PDL,Dresses|Sleep/PJs|Clearance,1494,528,2693745.0
2024-09-25,pdl,d490ffa57efd,9.23.24 Sleep up to 30 + New Markdowns PDL.xlsx,Dresses,Sleep up to 30% off + Dresses Up to 40% off + New Markdowns PDL,Dresses|Sleep/PJs|Clearance,69,31,80496.0
2024-09-25,pdl,d490ffa57efd,9.23.24 Sleep up to 30 + New Markdowns PDL.xlsx,New Markdowns,Sleep up to 30% off + Dresses Up to 40% off + New Markdowns PDL,Dresses|Sleep/PJs|Clearance,104,49,44877.0
2024-09-25,pdl,d490ffa57efd,9.23.24 Sleep up to 30 + New Markdowns PDL.xlsx,Sleep Discounts,Sleep up to 30% off + Dresses Up to 40% off + New Markdowns PDL,Dresses|Sleep/PJs|Clearance,684,229,1478268.0
2024-09-26,pdl,d490ffa57efd,9.23.24 Sleep up to 30 + New Markdowns PDL.xlsx,All Promo Discounts,Sleep up to 30% off + Dresses Up to 40% off + New Markdowns PDL,Dresses|Sleep/PJs|Clearance,1494,528,2693745.0
2024-09-26,pdl,d490ffa57efd,9.23.24 Sleep up to 30 + New Markdowns PDL.xlsx,Dresses,Sleep up to 30% off + Dresses Up to 40% off + New Markdowns PDL,Dresses|Sleep/PJs|Clearance,69,31,80496.0
2024-09-26,pdl,d490ffa57efd,9.23.24 Sleep up to 30 + New Markdowns PDL.xlsx,New Markdowns,Sleep up to 30% off + Dresses Up to 40% off + New Markdowns PDL,Dresses|Sleep/PJs|Clearance,104,49,44877.0
2024-09-26,pdl,d490ffa57efd,9.23.24 Sleep up to 30 + New Markdowns PDL.xlsx,Sleep Discounts,Sleep up to 30% off + Dresses Up to 40% off + New Markdowns PDL,Dresses|Sleep/PJs|Clearance,684,229,1478268.0
2024-09-27,pdl,d490ffa57efd,9.23.24 Sleep up to 30 + New Markdowns PDL.xlsx,All Promo Discounts,Sleep up to 30% off + Dresses Up to 40% off + New Markdowns PDL,Dresses|Sleep/PJs|Clearance,1494,528,2693745.0
2024-09-27,pdl,d490ffa57efd,9.23.24 Sleep up to 30 + New Markdowns PDL.xlsx,Dresses,Sleep up to 30% off + Dresses Up to 40% off + New Markdowns PDL,Dresses|Sleep/PJs|Clearance,69,31,80496.0
2024-09-27,pdl,d490ffa57efd,9.23.24 Sleep up to 30 + New Markdowns PDL.xlsx,New Markdowns,Sleep up to 30% off + Dresses Up to 40% off + New Markdowns PDL,Dresses|Sleep/PJs|Clearance,104,49,44877.0
2024-09-27,pdl,d490ffa57efd,9.23.24 Sleep up to 30 + New Markdowns PDL.xlsx,Sleep Discounts,Sleep up to 30% off + Dresses Up to 40% off + New Markdowns PDL,Dresses|Sleep/PJs|Clearance,684,229,1478268.0
2024-09-28,pdl,d490ffa57efd,9.23.24 Sleep up to 30 + New Markdowns PDL.xlsx,All Promo Discounts,Sleep up to 30% off + Dresses Up to 40% off + New Markdowns PDL,Dresses|Sleep/PJs|Clearance,1494,528,2693745.0
2024-09-28,pdl,d490ffa57efd,9.23.24 Sleep up to 30 + New Markdowns PDL.xlsx,Dresses,Sleep up to 30% off + Dresses Up to 40% off + New Markdowns PDL,Dresses|Sleep/PJs|Clearance,69,31,80496.0
2024-09-28,pdl,d490ffa57efd,9.23.24 Sleep up to 30 + New Markdowns PDL.xlsx,New Markdowns,Sleep up to 30% off + Dresses Up to 40% off + New Markdowns PDL,Dresses|Sleep/PJs|Clearance,104,49,44877.0
2024-09-28,pdl,d490ffa57efd,9.23.24 Sleep up to 30 + New Markdowns PDL.xlsx,Sleep Discounts,Sleep up to 30% off + Dresses Up to 40% off + New Markdowns PDL,Dresses|Sleep/PJs|Clearance,684,229,1478268.0
2024-09-29,pdl,d490ffa57efd,9.23.24 Sleep up to 30 + New Markdowns PDL.xlsx,All Promo Discounts,Sleep up to 30% off + Dresses Up to 40% off + New Markdowns PDL,Dresses|Sleep/PJs|Clearance,1494,528,2693745.0
2024-09-29,pdl,d490ffa57efd,9.23.24 Sleep up to 30 + New Markdowns PDL.xlsx,Dresses,Sleep up to 30% off + Dresses Up to 40% off + New Markdowns PDL,Dresses|Sleep/PJs|Clearance,69,31,80496.0
2024-09-29,pdl,d490ffa57efd,9.23.24 Sleep up to 30 + New Markdowns PDL.xlsx,New Markdowns,Sleep up to 30% off + Dresses Up to 40% off + New Markdowns PDL,Dresses|Sleep/PJs|Clearance,104,49,44877.0
2024-09-29,pdl,d490ffa57efd,9.23.24 Sleep up to 30 + New Markdowns PDL.xlsx,Sleep Discounts,Sleep up to 30% off + Dresses Up to 40% off + New Markdowns PDL,Dresses|Sleep/PJs|Clearance,684,229,1478268.0
2024-09-30,pdl,d490ffa57efd,9.23.24 Sleep up to 30 + New Markdowns PDL.xlsx,All Promo Discounts,Sleep up to 30% off + Dresses Up to 40% off + New Markdowns PDL,Dresses|Sleep/PJs|Clearance,1494,528,2693745.0
2024-09-30,pdl,d490ffa57efd,9.23.24 Sleep up to 30 + New Markdowns PDL.xlsx,Dresses,Sleep up to 30% off + Dresses Up to 40% off + New Markdowns PDL,Dresses|Sleep/PJs|Clearance,69,31,80496.0
2024-09-30,pdl,d490ffa57efd,9.23.24 Sleep up to 30 + New Markdowns PDL.xlsx,New Markdowns,Sleep up to 30% off + Dresses Up to 40% off + New Markdowns PDL,Dresses|Sleep/PJs|Clearance,104,49,44877.0
2024-09-30,pdl,d490ffa57efd,9.23.24 Sleep up to 30 + New Markdowns PDL.xlsx,Sleep Discounts,Sleep up to 30% off + Dresses Up to 40% off + New Markdowns PDL,Dresses|Sleep/PJs|Clearance,684,229,1478268.0
2024-10-22,pdl,436286bc001f,10.22.24 Sleep from $25 + Holiday Dress Up up to 40% off PDL.xlsx,Holiday Dress Up,Holiday Dress Up up to 40% off,Dresses|Sleep/PJs|Holiday,318,142,458168.0
2024-10-22,pdl,436286bc001f,10.22.24 Sleep from $25 + Holiday Dress Up up to 40% off PDL.xlsx,New Markdowns,New Markdowns,Dresses|Sleep/PJs|Clearance|Holiday,142,73,52743.0
2024-10-22,pdl,436286bc001f,10.22.24 Sleep from $25 + Holiday Dress Up up to 40% off PDL.xlsx,Sleep from $25,Sleep from $25,Dresses|Sleep/PJs|Holiday,643,232,1917796.0
2024-10-23,pdl,436286bc001f,10.22.24 Sleep from $25 + Holiday Dress Up up to 40% off PDL.xlsx,Holiday Dress Up,Holiday Dress Up up to 40% off,Dresses|Sleep/PJs|Holiday,318,142,458168.0
2024-10-23,pdl,436286bc001f,10.22.24 Sleep from $25 + Holiday Dress Up up to 40% off PDL.xlsx,Sleep from $25,Sleep from $25,Dresses|Sleep/PJs|Holiday,643,232,1917796.0
2024-10-24,pdl,436286bc001f,10.22.24 Sleep from $25 + Holiday Dress Up up to 40% off PDL.xlsx,Holiday Dress Up,Holiday Dress Up up to 40% off,Dresses|Sleep/PJs|Holiday,318,142,458168.0
2024-10-24,pdl,436286bc001f,10.22.24 Sleep from $25 + Holiday Dress Up up to 40% off PDL.xlsx,Sleep from $25,Sleep from $25,Dresses|Sleep/PJs|Holiday,643,232,1917796.0
2024-10-25,pdl,436286bc001f,10.22.24 Sleep from $25 + Holiday Dress Up up to 40% off PDL.xlsx,Holiday Dress Up,Holiday Dress Up up to 40% off,Dresses|Sleep/PJs|Holiday,318,142,458168.0
2024-10-25,pdl,436286bc001f,10.22.24 Sleep from $25 + Holiday Dress Up up to 40% off PDL.xlsx,Sleep from $25,Sleep from $25,Dresses|Sleep/PJs|Holiday,643,232,1917796.0
2024-10-26,pdl,436286bc001f,10.22.24 Sleep from $25 + Holiday Dress Up up to 40% off PDL.xlsx,Holiday Dress Up,Holiday Dress Up up to 40% off,Dresses|Sleep/PJs|Holiday,318,142,458168.0
2024-10-26,pdl,436286bc001f,10.22.24 Sleep from $25 + Holiday Dress Up up to 40% off PDL.xlsx,Sleep from $25,Sleep from $25,Dresses|Sleep/PJs|Holiday,643,232,1917796.0
2024-10-27,pdl,436286bc001f,10.22.24 Sleep from $25 + Holiday Dress Up up to 40% off PDL.xlsx,Holiday Dress Up,Holiday Dress Up up to 40% off,Dresses|Sleep/PJs|Holiday,318,142,458168.0
2024-10-27,pdl,436286bc001f,10.22.24 Sleep from $25 + Holiday Dress Up up to 40% off PDL.xlsx,Sleep from $25,Sleep from $25,Dresses|Sleep/PJs|Holiday,643,232,1917796.0
2024-10-28,pdl,436286bc001f,10.22.24 Sleep from $25 + Holiday Dress Up up to 40% off PDL.xlsx,Holiday Dress Up,Holiday Dress Up up to 40% off,Dresses|Sleep/PJs|Holiday,318,142,458168.0
2024-10-28,pdl,436286bc001f,10.22.24 Sleep from $25 + Holiday Dress Up up to 40% off PDL.xlsx,Sleep from $25,Sleep from $25,Dresses|Sleep/PJs|Holiday,643,232,1917796.0
2024-10-29,pdl,e812c87a45fd,10.29.24 Dresses up to 40 off PDL.xlsx,Cozy Layers up to 40% off,Cozy Layers up to 40% off,Dresses,130,64,206897.0
2024-10-29,pdl,e812c87a45fd,10.29.24 Dresses up to 40 off PDL.xlsx,Dresses up to 40% off,Dresses up to 40% off,Dresses,158,70,188802.0
2024-10-30,pdl,e812c87a45fd,10.29.24 Dresses up to 40 off PDL.xlsx,Cozy Layers up to 40% off,Cozy Layers up to 40% off,Dresses,130,64,206897.0
2024-10-30,pdl,e812c87a45fd,10.29.24 Dresses up to 40 off PDL.xlsx,Dresses up to 40% off,Dresses up to 40% off,Dresses,158,70,188802.0
2024-10-31,pdl,e812c87a45fd,10.29.24 Dresses up to 40 off PDL.xlsx,Cozy Layers up to 40% off,Cozy Layers up to 40% off,Dresses,130,64,206897.0
2024-10-31,pdl,e812c87a45fd,10.29.24 Dresses up to 40 off PDL.xlsx,Dresses up to 40% off,Dresses up to 40% off,Dresses,158,70,188802.0
2024-11-01,pdl,e812c87a45fd,10.29.24 Dresses up to 40 off PDL.xlsx,Cozy Layers up to 40% off,Cozy Layers up to 40% off,Dresses,130,64,206897.0
2024-11-01,pdl,e812c87a45fd,10.29.24 Dresses up to 40 off PDL.xlsx,Dresses up to 40% off,Dresses up to 40% off,Dresses,158,70,188802.0
2024-11-02,pdl,7430e2657366,11.2.24 40% off Sitewide PDL.xlsx,All Promo Discounts,11.2.24 40% off Sitewide,Sitewide,1580,598,3553269.0
2024-11-03,pdl,7430e2657366,11.2.24 40% off Sitewide PDL.xlsx,All Promo Discounts,11.2.24 40% off Sitewide,Sitewide,1580,598,3553269.0
2024-11-04,pdl,57034aa7be2b,11.4.24 All Family Match (Sleep) on Sale up to 40 off PDL.xlsx,Family Match Sleep,11.4.24 All Family Match (Sleep) on Sale up to 40% off,Sleep/PJs|Sitewide,598,218,1889398.0
2024-11-04,pdl,57034aa7be2b,11.4.24 All Family Match (Sleep) on Sale up to 40 off PDL.xlsx,Holiday Comfy Dress Up,11.4.24 Holiday Comfy Dress Up up to 40% off,Dresses|Sleep/PJs|Holiday|Sitewide,514,202,847573.0
2024-11-05,pdl,57034aa7be2b,11.4.24 All Family Match (Sleep) on Sale up to 40 off PDL.xlsx,Family Match Sleep,11.4.24 All Family Match (Sleep) on Sale up to 40% off,Sleep/PJs|Sitewide,598,218,1889398.0
2024-11-05,pdl,57034aa7be2b,11.4.24 All Family Match (Sleep) on Sale up to 40 off PDL.xlsx,Holiday Comfy Dress Up,11.4.24 Holiday Comfy Dress Up up to 40% off,Dresses|Sleep/PJs|Holiday|Sitewide,514,202,847573.0
2024-11-06,pdl,57034aa7be2b,11.4.24 All Family Match (Sleep) on Sale up to 40 off PDL.xlsx,Family Match Sleep,11.4.24 All Family Match (Sleep) on Sale up to 40% off,Sleep/PJs|Sitewide,598,218,1889398.0
2024-11-06,pdl,57034aa7be2b,11.4.24 All Family Match (Sleep) on Sale up to 40 off PDL.xlsx,Holiday Comfy Dress Up,11.4.24 Holiday Comfy Dress Up up to 40% off,Dresses|Sleep/PJs|Holiday|Sitewide,514,202,847573.0
2024-11-07,pdl,57034aa7be2b,11.4.24 All Family Match (Sleep) on Sale up to 40 off PDL.xlsx,Family Match Sleep,11.4.24 All Family Match (Sleep) on Sale up to 40% off,Sleep/PJs|Sitewide,598,218,1889398.0
2024-11-07,pdl,57034aa7be2b,11.4.24 All Family Match (Sleep) on Sale up to 40 off PDL.xlsx,Holiday Comfy Dress Up,11.4.24 Holiday Comfy Dress Up up to 40% off,Dresses|Sleep/PJs|Holiday|Sitewide,514,202,847573.0
2024-11-08,pdl,57034aa7be2b,11.4.24 All Family Match (Sleep) on Sale up to 40 off PDL.xlsx,Family Match Sleep,11.4.24 All Family Match (Sleep) on Sale up to 40% off,Sleep/PJs|Sitewide,598,218,1889398.0
2024-11-08,pdl,57034aa7be2b,11.4.24 All Family Match (Sleep) on Sale up to 40 off PDL.xlsx,Holiday Comfy Dress Up,11.4.24 Holiday Comfy Dress Up up to 40% off,Dresses|Sleep/PJs|Holiday|Sitewide,514,202,847573.0
2024-11-09,pdl,57034aa7be2b,11.4.24 All Family Match (Sleep) on Sale up to 40 off PDL.xlsx,Family Match Sleep,11.4.24 All Family Match (Sleep) on Sale up to 40% off,Sleep/PJs|Sitewide,598,218,1889398.0
2024-11-09,pdl,57034aa7be2b,11.4.24 All Family Match (Sleep) on Sale up to 40 off PDL.xlsx,Holiday Comfy Dress Up,11.4.24 Holiday Comfy Dress Up up to 40% off,Dresses|Sleep/PJs|Holiday|Sitewide,514,202,847573.0
2024-11-10,pdl,57034aa7be2b,11.4.24 All Family Match (Sleep) on Sale up to 40 off PDL.xlsx,Family Match Sleep,11.4.24 All Family Match (Sleep) on Sale up to 40% off,Sleep/PJs|Sitewide,598,218,1889398.0
2024-11-10,pdl,57034aa7be2b,11.4.24 All Family Match (Sleep) on Sale up to 40 off PDL.xlsx,Holiday Comfy Dress Up,11.4.24 Holiday Comfy Dress Up up to 40% off,Dresses|Sleep/PJs|Holiday|Sitewide,514,202,847573.0
2024-11-11,pdl,57034aa7be2b,11.4.24 All Family Match (Sleep) on Sale up to 40 off PDL.xlsx,Family Match Sleep,11.4.24 All Family Match (Sleep) on Sale up to 40% off,Sleep/PJs|Sitewide,598,218,1889398.0
2024-11-11,pdl,57034aa7be2b,11.4.24 All Family Match (Sleep) on Sale up to 40 off PDL.xlsx,Holiday Comfy Dress Up,11.4.24 Holiday Comfy Dress Up up to 40% off,Dresses|Sleep/PJs|Holiday|Sitewide,514,202,847573.0
2024-11-12,pdl,02e7a1ddfa70,11.12.24 Dress-Up Event up to 40 off PDL.xlsx,Dress-Up (Dresses Only),11.12.24 Dress-Up Event up to 40% off,Dresses,146,65,261680.0
2024-11-12,pdl,02e7a1ddfa70,11.12.24 Dress-Up Event up to 40 off PDL.xlsx,Dress-Up (expanded),11.12.24 Dress-Up Event up to 40% off + Sleep up to 40% off,Dresses|Sleep/PJs,390,163,680332.0
2024-11-12,pdl,02e7a1ddfa70,11.12.24 Dress-Up Event up to 40 off PDL.xlsx,Sleep,11.12.24 Sleep up to 40% off,Dresses|Sleep/PJs,631,232,1950969.0
2024-11-13,pdl,02e7a1ddfa70,11.12.24 Dress-Up Event up to 40 off PDL.xlsx,Dress-Up (Dresses Only),11.12.24 Dress-Up Event up to 40% off,Dresses,146,65,261680.0
2024-11-13,pdl,02e7a1ddfa70,11.12.24 Dress-Up Event up to 40 off PDL.xlsx,Dress-Up (expanded),11.12.24 Dress-Up Event up to 40% off + Sleep up to 40% off,Dresses|Sleep/PJs,390,163,680332.0
2024-11-13,pdl,02e7a1ddfa70,11.12.24 Dress-Up Event up to 40 off PDL.xlsx,Sleep,11.12.24 Sleep up to 40% off,Dresses|Sleep/PJs,631,232,1950969.0
2024-11-14,pdl,02e7a1ddfa70,11.12.24 Dress-Up Event up to 40 off PDL.xlsx,Dress-Up (Dresses Only),11.12.24 Dress-Up Event up to 40% off,Dresses,146,65,261680.0
2024-11-14,pdl,02e7a1ddfa70,11.12.24 Dress-Up Event up to 40 off PDL.xlsx,Dress-Up (expanded),11.12.24 Dress-Up Event up to 40% off + Sleep up to 40% off,Dresses|Sleep/PJs,390,163,680332.0
2024-11-14,pdl,02e7a1ddfa70,11.12.24 Dress-Up Event up to 40 off PDL.xlsx,Sleep,11.12.24 Sleep up to 40% off,Dresses|Sleep/PJs,631,232,1950969.0
2024-11-15,pdl,02e7a1ddfa70,11.12.24 Dress-Up Event up to 40 off PDL.xlsx,Dress-Up (Dresses Only),11.12.24 Dress-Up Event up to 40% off,Dresses,146,65,261680.0
2024-11-15,pdl,02e7a1ddfa70,11.12.24 Dress-Up Event up to 40 off PDL.xlsx,Dress-Up (expanded),11.12.24 Dress-Up Event up to 40% off + Sleep up to 40% off,Dresses|Sleep/PJs,390,163,680332.0
2024-11-15,pdl,02e7a1ddfa70,11.12.24 Dress-Up Event up to 40 off PDL.xlsx,Sleep,11.12.24 Sleep up to 40% off,Dresses|Sleep/PJs,631,232,1950969.0
2024-11-16,pdl,b9149e29bc83,11.16.24 + 11.19.24 Early Black Friday PDL.xlsx,Early BF Pt. 1 (Total List),11.16.24 Early BF: 40% off Sitewide*,Holiday|Sitewide,1590,602,3864663.0
2024-11-17,pdl,b9149e29bc83,11.16.24 + 11.19.24 Early Black Friday PDL.xlsx,Early BF Pt. 1 (Total List),11.16.24 Early BF: 40% off Sitewide*,Holiday|Sitewide,1590,602,3864663.0
2024-11-18,pdl,b9149e29bc83,11.16.24 + 11.19.24 Early Black Friday PDL.xlsx,Early BF Pt. 1 (Total List),11.16.24 Early BF: 40% off Sitewide*,Holiday|Sitewide,1590,602,3864663.0
2024-11-19,pdl,b9149e29bc83,11.16.24 + 11.19.24 Early Black Friday PDL.xlsx,Early BF Pt. 2 (PJs only),11.19.24 Early BF: 50% off All Pajamas + 40% off Everything Else,Sleep/PJs|Holiday|Sitewide,632,232,2331322.0
2024-11-19,pdl,b9149e29bc83,11.16.24 + 11.19.24 Early Black Friday PDL.xlsx,Early BF Pt. 2 (Total List),11.19.24 Early BF: 50% off All Pajamas + 40% off Everything Else,Sleep/PJs|Holiday|Sitewide,1590,602,3864663.0
2024-11-20,pdl,b9149e29bc83,11.16.24 + 11.19.24 Early Black Friday PDL.xlsx,Early BF Pt. 2 (PJs only),11.19.24 Early BF: 50% off All Pajamas + 40% off Everything Else,Sleep/PJs|Holiday|Sitewide,632,232,2331322.0
2024-11-20,pdl,b9149e29bc83,11.16.24 + 11.19.24 Early Black Friday PDL.xlsx,Early BF Pt. 2 (Total List),11.19.24 Early BF: 50% off All Pajamas + 40% off Everything Else,Sleep/PJs|Holiday|Sitewide,1590,602,3864663.0
2024-11-21,pdl,b9149e29bc83,11.16.24 + 11.19.24 Early Black Friday PDL.xlsx,Early BF Pt. 2 (PJs only),11.19.24 Early BF: 50% off All Pajamas + 40% off Everything Else,Sleep/PJs|Holiday|Sitewide,632,232,2331322.0
2024-11-21,pdl,b9149e29bc83,11.16.24 + 11.19.24 Early Black Friday PDL.xlsx,Early BF Pt. 2 (Total List),11.19.24 Early BF: 50% off All Pajamas + 40% off Everything Else,Sleep/PJs|Holiday|Sitewide,1590,602,3864663.0
2024-11-22,pdl,b9149e29bc83,11.16.24 + 11.19.24 Early Black Friday PDL.xlsx,Early BF Pt. 2 (PJs only),11.19.24 Early BF: 50% off All Pajamas + 40% off Everything Else,Sleep/PJs|Holiday|Sitewide,632,232,2331322.0
2024-11-22,pdl,b9149e29bc83,11.16.24 + 11.19.24 Early Black Friday PDL.xlsx,Early BF Pt. 2 (Total List),11.19.24 Early BF: 50% off All Pajamas + 40% off Everything Else,Sleep/PJs|Holiday|Sitewide,1590,602,3864663.0
2024-11-23,pdl,b9149e29bc83,11.16.24 + 11.19.24 Early Black Friday PDL.xlsx,Early BF Pt. 2 (PJs only),11.19.24 Early BF: 50% off All Pajamas + 40% off Everything Else,Sleep/PJs|Holiday|Sitewide,632,232,2331322.0
2024-11-23,pdl,b9149e29bc83,11.16.24 + 11.19.24 Early Black Friday PDL.xlsx,Early BF Pt. 2 (Total List),11.19.24 Early BF: 50% off All Pajamas + 40% off Everything Else,Sleep/PJs|Holiday|Sitewide,1590,602,3864663.0
2024-11-24,pdl,b9149e29bc83,11.16.24 + 11.19.24 Early Black Friday PDL.xlsx,Early BF Pt. 2 (PJs only),11.19.24 Early BF: 50% off All Pajamas + 40% off Everything Else,Sleep/PJs|Holiday|Sitewide,632,232,2331322.0
2024-11-24,pdl,b9149e29bc83,11.16.24 + 11.19.24 Early Black Friday PDL.xlsx,Early BF Pt. 2 (Total List),11.19.24 Early BF: 50% off All Pajamas + 40% off Everything Else,Sleep/PJs|Holiday|Sitewide,1590,602,3864663.0
2024-11-25,pdl,177456b23626,11.25.24 Black Friday + 11.30.24 Cyber Event PDL.xlsx,Black Friday (Total List),11.25.24 Black Friday Starts Here: 50% off Everything,Holiday|Sitewide,1590,602,3864663.0
2024-11-26,pdl,177456b23626,11.25.24 Black Friday + 11.30.24 Cyber Event PDL.xlsx,Black Friday (Total List),11.25.24 Black Friday Starts Here: 50% off Everything,Holiday|Sitewide,1590,602,3864663.0
2024-11-27,pdl,177456b23626,11.25.24 Black Friday + 11.30.24 Cyber Event PDL.xlsx,Black Friday (Total List),11.25.24 Black Friday Starts Here: 50% off Everything,Holiday|Sitewide,1590,602,3864663.0
2024-11-28,pdl,177456b23626,11.25.24 Black Friday + 11.30.24 Cyber Event PDL.xlsx,Black Friday (Total List),11.25.24 Black Friday Starts Here: 50% off Everything,Holiday|Sitewide,1590,602,3864663.0
2024-11-29,pdl,177456b23626,11.25.24 Black Friday + 11.30.24 Cyber Event PDL.xlsx,Black Friday (Total List),11.25.24 Black Friday Starts Here: 50% off Everything,Holiday|Sitewide,1590,602,3864663.0
2024-11-30,pdl,177456b23626,11.25.24 Black Friday + 11.30.24 Cyber Event PDL.xlsx,Cyber Event (Total List),11.30.24 Cyber Event: 50% off Everything,Holiday|Sitewide,1590,602,3864663.0
2024-12-01,pdl,177456b23626,11.25.24 Black Friday + 11.30.24 Cyber Event PDL.xlsx,Cyber Event (Total List),11.30.24 Cyber Event: 50% off Everything,Holiday|Sitewide,1590,602,3864663.0
2024-12-02,pdl,177456b23626,11.25.24 Black Friday + 11.30.24 Cyber Event PDL.xlsx,Cyber Event (Total List),11.30.24 Cyber Event: 50% off Everything,Holiday|Sitewide,1590,602,3864663.0
2024-12-03,pdl,177456b23626,11.25.24 Black Friday + 11.30.24 Cyber Event PDL.xlsx,Cyber Event (Total List),11.30.24 Cyber Event: 50% off Everything,Holiday|Sitewide,1590,602,3864663.0
2024-12-04,pdl,d1e6e4082640,12.4.24 PJs starting at $20 + Comfy Dress-Up up to 50% off PDL.xlsx,Comfy Dress Up,12.4.24 Comfy Dress-Up up to 50% off,Dresses|Sleep/PJs,1001,388,1421955.0
2024-12-04,pdl,d1e6e4082640,12.4.24 PJs starting at $20 + Comfy Dress-Up up to 50% off PDL.xlsx,PJs starting at $20,12.4.24 PJs starting at $20 ($20 highlighted in orange in column K),Dresses|Sleep/PJs,693,256,1998261.0
2024-12-05,pdl,d1e6e4082640,12.4.24 PJs starting at $20 + Comfy Dress-Up up to 50% off PDL.xlsx,Comfy Dress Up,12.4.24 Comfy Dress-Up up to 50% off,Dresses|Sleep/PJs,1001,388,1421955.0
2024-12-05,pdl,d1e6e4082640,12.4.24 PJs starting at $20 + Comfy Dress-Up up to 50% off PDL.xlsx,PJs starting at $20,12.4.24 PJs starting at $20 ($20 highlighted in orange in column K),Dresses|Sleep/PJs,693,256,1998261.0
2024-12-06,pdl,d1e6e4082640,12.4.24 PJs starting at $20 + Comfy Dress-Up up to 50% off PDL.xlsx,Comfy Dress Up,12.4.24 Comfy Dress-Up up to 50% off,Dresses|Sleep/PJs,1001,388,1421955.0
2024-12-06,pdl,d1e6e4082640,12.4.24 PJs starting at $20 + Comfy Dress-Up up to 50% off PDL.xlsx,PJs starting at $20,12.4.24 PJs starting at $20 ($20 highlighted in orange in column K),Dresses|Sleep/PJs,693,256,1998261.0
2024-12-07,pdl,d1e6e4082640,12.4.24 PJs starting at $20 + Comfy Dress-Up up to 50% off PDL.xlsx,Comfy Dress Up,12.4.24 Comfy Dress-Up up to 50% off,Dresses|Sleep/PJs,1001,388,1421955.0
2024-12-07,pdl,d1e6e4082640,12.4.24 PJs starting at $20 + Comfy Dress-Up up to 50% off PDL.xlsx,PJs starting at $20,12.4.24 PJs starting at $20 ($20 highlighted in orange in column K),Dresses|Sleep/PJs,693,256,1998261.0
2024-12-08,pdl,d1e6e4082640,12.4.24 PJs starting at $20 + Comfy Dress-Up up to 50% off PDL.xlsx,Comfy Dress Up,12.4.24 Comfy Dress-Up up to 50% off,Dresses|Sleep/PJs,1001,388,1421955.0
2024-12-08,pdl,d1e6e4082640,12.4.24 PJs starting at $20 + Comfy Dress-Up up to 50% off PDL.xlsx,PJs starting at $20,12.4.24 PJs starting at $20 ($20 highlighted in orange in column K),Dresses|Sleep/PJs,693,256,1998261.0
2024-12-09,pdl,d1e6e4082640,12.4.24 PJs starting at $20 + Comfy Dress-Up up to 50% off PDL.xlsx,Comfy Dress Up,12.4.24 Comfy Dress-Up up to 50% off,Dresses|Sleep/PJs,1001,388,1421955.0
2024-12-09,pdl,d1e6e4082640,12.4.24 PJs starting at $20 + Comfy Dress-Up up to 50% off PDL.xlsx,PJs starting at $20,12.4.24 PJs starting at $20 ($20 highlighted in orange in column K),Dresses|Sleep/PJs,693,256,1998261.0
2024-12-10,pdl,d1e6e4082640,12.4.24 PJs starting at $20 + Comfy Dress-Up up to 50% off PDL.xlsx,Comfy Dress Up,12.4.24 Comfy Dress-Up up to 50% off,Dresses|Sleep/PJs,1001,388,1421955.0
2024-12-10,pdl,d1e6e4082640,12.4.24 PJs starting at $20 + Comfy Dress-Up up to 50% off PDL.xlsx,PJs starting at $20,12.4.24 PJs starting at $20 ($20 highlighted in orange in column K),Dresses|Sleep/PJs,693,256,1998261.0
2024-12-11,pdl,d1e6e4082640,12.4.24 PJs starting at $20 + Comfy Dress-Up up to 50% off PDL.xlsx,Comfy Dress Up,12.4.24 Comfy Dress-Up up to 50% off,Dresses|Sleep/PJs,1001,388,1421955.0
2024-12-11,pdl,d1e6e4082640,12.4.24 PJs starting at $20 + Comfy Dress-Up up to 50% off PDL.xlsx,PJs starting at $20,12.4.24 PJs starting at $20 ($20 highlighted in orange in column K),Dresses|Sleep/PJs,693,256,1998261.0
2024-12-12,pdl,621357bce887,12.12.24 50 off Sitewide + Farewell Prints $15 PDL.xlsx,$15 Farewell Prints,12.12.24 Farewell Prints $15 PDL,Sitewide,40,16,134095.0
2024-12-12,pdl,621357bce887,12.12.24 50 off Sitewide + Farewell Prints $15 PDL.xlsx,40% off Sitewide,12.12.24 40% off Sitewide*,Sitewide,962,357,1177338.0
2024-12-12,pdl,621357bce887,12.12.24 50 off Sitewide + Farewell Prints $15 PDL.xlsx,50% off Holiday PJs,12.12.24 50% off Holiday PJs,Sleep/PJs|Holiday|Sitewide,452,205,815074.0
2024-12-13,pdl,621357bce887,12.12.24 50 off Sitewide + Farewell Prints $15 PDL.xlsx,$15 Farewell Prints,12.12.24 Farewell Prints $15 PDL,Sitewide,40,16,134095.0
2024-12-13,pdl,621357bce887,12.12.24 50 off Sitewide + Farewell Prints $15 PDL.xlsx,40% off Sitewide,12.12.24 40% off Sitewide*,Sitewide,962,357,1177338.0
2024-12-13,pdl,621357bce887,12.12.24 50 off Sitewide + Farewell Prints $15 PDL.xlsx,50% off Holiday PJs,12.12.24 50% off Holiday PJs,Sleep/PJs|Holiday|Sitewide,452,205,815074.0
2024-12-14,pdl,621357bce887,12.12.24 50 off Sitewide + Farewell Prints $15 PDL.xlsx,$15 Farewell Prints,12.12.24 Farewell Prints $15 PDL,Sitewide,40,16,134095.0
2024-12-14,pdl,621357bce887,12.12.24 50 off Sitewide + Farewell Prints $15 PDL.xlsx,40% off Sitewide,12.12.24 40% off Sitewide*,Sitewide,962,357,1177338.0
2024-12-14,pdl,621357bce887,12.12.24 50 off Sitewide + Farewell Prints $15 PDL.xlsx,50% off Holiday PJs,12.12.24 50% off Holiday PJs,Sleep/PJs|Holiday|Sitewide,452,205,815074.0
2024-12-15,pdl,621357bce887,12.12.24 50 off Sitewide + Farewell Prints $15 PDL.xlsx,$15 Farewell Prints,12.12.24 Farewell Prints $15 PDL,Sitewide,40,16,134095.0
2024-12-15,pdl,621357bce887,12.12.24 50 off Sitewide + Farewell Prints $15 PDL.xlsx,40% off Sitewide,12.12.24 40% off Sitewide*,Sitewide,962,357,1177338.0
2024-12-15,pdl,621357bce887,12.12.24 50 off Sitewide + Farewell Prints $15 PDL.xlsx,50% off Holiday PJs,12.12.24 50% off Holiday PJs,Sleep/PJs|Holiday|Sitewide,452,205,815074.0
2024-12-16,pdl,13ef202c18ce,12.16.24 All Holiday on Sale up to 50% off PDL.xlsx,Holiday (Apparel),12.16.24 All Holiday on Sale up to 50% off PDL,Holiday,628,273,423778.0
2024-12-16,pdl,13ef202c18ce,12.16.24 All Holiday on Sale up to 50% off PDL.xlsx,Holiday (Sleep),12.16.24 All Holiday on Sale up to 50% off PDL,Sleep/PJs|Holiday,451,172,813845.0
2024-12-17,pdl,13ef202c18ce,12.16.24 All Holiday on Sale up to 50% off PDL.xlsx,Holiday (Apparel),12.16.24 All Holiday on Sale up to 50% off PDL,Holiday,628,273,423778.0
2024-12-17,pdl,13ef202c18ce,12.16.24 All Holiday on Sale up to 50% off PDL.xlsx,Holiday (Sleep),12.16.24 All Holiday on Sale up to 50% off PDL,Sleep/PJs|Holiday,451,172,813845.0
2024-12-18,pdl,13ef202c18ce,12.16.24 All Holiday on Sale up to 50% off PDL.xlsx,Holiday (Apparel),12.16.24 All Holiday on Sale up to 50% off PDL,Holiday,628,273,423778.0
2024-12-18,pdl,13ef202c18ce,12.16.24 All Holiday on Sale up to 50% off PDL.xlsx,Holiday (Sleep),12.16.24 All Holiday on Sale up to 50% off PDL,Sleep/PJs|Holiday,451,172,813845.0
2024-12-19,pdl,13ef202c18ce,12.16.24 All Holiday on Sale up to 50% off PDL.xlsx,Holiday (Apparel),12.16.24 All Holiday on Sale up to 50% off PDL,Holiday,628,273,423778.0
2024-12-19,pdl,13ef202c18ce,12.16.24 All Holiday on Sale up to 50% off PDL.xlsx,Holiday (Sleep),12.16.24 All Holiday on Sale up to 50% off PDL,Sleep/PJs|Holiday,451,172,813845.0
2024-12-20,pdl,13ef202c18ce,12.16.24 All Holiday on Sale up to 50% off PDL.xlsx,Holiday (Apparel),12.16.24 All Holiday on Sale up to 50% off PDL,Holiday,628,273,423778.0
2024-12-20,pdl,13ef202c18ce,12.16.24 All Holiday on Sale up to 50% off PDL.xlsx,Holiday (Sleep),12.16.24 All Holiday on Sale up to 50% off PDL,Sleep/PJs|Holiday,451,172,813845.0
2024-12-21,pdl,13ef202c18ce,12.16.24 All Holiday on Sale up to 50% off PDL.xlsx,Holiday (Apparel),12.16.24 All Holiday on Sale up to 50% off PDL,Holiday,628,273,423778.0
2024-12-21,pdl,13ef202c18ce,12.16.24 All Holiday on Sale up to 50% off PDL.xlsx,Holiday (Sleep),12.16.24 All Holiday on Sale up to 50% off PDL,Sleep/PJs|Holiday,451,172,813845.0
2024-12-22,pdl,13ef202c18ce,12.16.24 All Holiday on Sale up to 50% off PDL.xlsx,Holiday (Apparel),12.16.24 All Holiday on Sale up to 50% off PDL,Holiday,628,273,423778.0
2024-12-22,pdl,13ef202c18ce,12.16.24 All Holiday on Sale up to 50% off PDL.xlsx,Holiday (Sleep),12.16.24 All Holiday on Sale up to 50% off PDL,Sleep/PJs|Holiday,451,172,813845.0
2024-12-23,pdl,13ef202c18ce,12.16.24 All Holiday on Sale up to 50% off PDL.xlsx,Holiday (Apparel),12.16.24 All Holiday on Sale up to 50% off PDL,Holiday,628,273,423778.0
2024-12-23,pdl,13ef202c18ce,12.16.24 All Holiday on Sale up to 50% off PDL.xlsx,Holiday (Sleep),12.16.24 All Holiday on Sale up to 50% off PDL,Sleep/PJs|Holiday,451,172,813845.0
2024-12-24,pdl,13ef202c18ce,12.16.24 All Holiday on Sale up to 50% off PDL.xlsx,Holiday (Apparel),12.16.24 All Holiday on Sale up to 50% off PDL,Holiday,628,273,423778.0
2024-12-24,pdl,13ef202c18ce,12.16.24 All Holiday on Sale up to 50% off PDL.xlsx,Holiday (Sleep),12.16.24 All Holiday on Sale up to 50% off PDL,Sleep/PJs|Holiday,451,172,813845.0
2024-12-25,pdl,13ef202c18ce,12.16.24 All Holiday on Sale up to 50% off PDL.xlsx,Holiday (Apparel),12.16.24 All Holiday on Sale up to 50% off PDL,Holiday,628,273,423778.0
2024-12-25,pdl,13ef202c18ce,12.16.24 All Holiday on Sale up to 50% off PDL.xlsx,Holiday (Sleep),12.16.24 All Holiday on Sale up to 50% off PDL,Sleep/PJs|Holiday,451,172,813845.0
2024-12-26,pdl,88605ba3ba45,12.26.24 Hanna Sale PDL.xlsx,Total Markdowns 12.26,12.26.24 New Markdowns,Clearance,1180,530,886859.0
2025-01-02,pdl,88605ba3ba45,12.26.24 Hanna Sale PDL.xlsx,Total Markdowns 1.2 (New Adds),1.2.25 Markdowns,Clearance,1438,618,1081139.0
2025-01-04,pdl,88605ba3ba45,12.26.24 Hanna Sale PDL.xlsx,$15 Sleep Flash Sale,1.4.25 $15 Sleep Flash Sale,Sleep/PJs|Clearance,48,32,174222.0
2025-01-05,pdl,88605ba3ba45,12.26.24 Hanna Sale PDL.xlsx,$15 Sleep Flash Sale,1.4.25 $15 Sleep Flash Sale,Sleep/PJs|Clearance,48,32,174222.0
2025-01-06,pdl,88605ba3ba45,12.26.24 Hanna Sale PDL.xlsx,1.6 Final Phase Furthers,1.6.25 Hanna Sale Up to 70% off (Clearance and Final Sale Furthers),Clearance,730,360,511642.0
2025-01-21,pdl,fff1bad2ef6c,1.21.25 All Vday up to 40 off.xlsx,Dresses,1.21.25 Dresses up to 30% off,Valentine|Dresses,169,69,269829.0
2025-01-21,pdl,fff1bad2ef6c,1.21.25 All Vday up to 40 off.xlsx,Vday,1.21.25 All Vday up to 40% off,Valentine,102,58,61524.0
2025-01-22,pdl,fff1bad2ef6c,1.21.25 All Vday up to 40 off.xlsx,Dresses,1.21.25 Dresses up to 30% off,Valentine|Dresses,169,69,269829.0
2025-01-22,pdl,fff1bad2ef6c,1.21.25 All Vday up to 40 off.xlsx,Vday,1.21.25 All Vday up to 40% off,Valentine,102,58,61524.0
2025-01-23,pdl,fff1bad2ef6c,1.21.25 All Vday up to 40 off.xlsx,Dresses,1.21.25 Dresses up to 30% off,Valentine|Dresses,169,69,269829.0
2025-01-23,pdl,fff1bad2ef6c,1.21.25 All Vday up to 40 off.xlsx,Vday,1.21.25 All Vday up to 40% off,Valentine,102,58,61524.0
2025-01-24,pdl,fff1bad2ef6c,1.21.25 All Vday up to 40 off.xlsx,Dresses,1.21.25 Dresses up to 30% off,Valentine|Dresses,169,69,269829.0
2025-01-24,pdl,fff1bad2ef6c,1.21.25 All Vday up to 40 off.xlsx,Vday,1.21.25 All Vday up to 40% off,Valentine,102,58,61524.0
2025-01-25,pdl,fff1bad2ef6c,1.21.25 All Vday up to 40 off.xlsx,Dresses,1.21.25 Dresses up to 30% off,Valentine|Dresses,169,69,269829.0
2025-01-25,pdl,fff1bad2ef6c,1.21.25 All Vday up to 40 off.xlsx,Vday,1.21.25 All Vday up to 40% off,Valentine,102,58,61524.0
2025-01-26,pdl,fff1bad2ef6c,1.21.25 All Vday up to 40 off.xlsx,Dresses,1.21.25 Dresses up to 30% off,Valentine|Dresses,169,69,269829.0
2025-01-26,pdl,fff1bad2ef6c,1.21.25 All Vday up to 40 off.xlsx,Vday,1.21.25 All Vday up to 40% off,Valentine,102,58,61524.0
2025-01-27,pdl,fff1bad2ef6c,1.21.25 All Vday up to 40 off.xlsx,Dresses,1.21.25 Dresses up to 30% off,Valentine|Dresses,169,69,269829.0
2025-01-27,pdl,fff1bad2ef6c,1.21.25 All Vday up to 40 off.xlsx,Vday,1.21.25 All Vday up to 40% off,Valentine,102,58,61524.0
2025-01-28,pdl,cb3de7e16fc9,1.28.25 Kids Outfitting Mix & Match 30 off.xlsx,Mix & Match,1.28.25 Kids Outfitting Mix & Match 2+ for 30% off,Kids,235,64,386303.0
2025-01-28,pdl,cb3de7e16fc9,1.28.25 Kids Outfitting Mix & Match 30 off.xlsx,Sleep,1.28.25 Kids Outfitting Mix & Match 30% off + Sleep up to 30% off,Sleep/PJs|Kids,638,211,957925.0
2025-01-29,pdl,cb3de7e16fc9,1.28.25 Kids Outfitting Mix & Match 30 off.xlsx,Mix & Match,1.28.25 Kids Outfitting Mix & Match 2+ for 30% off,Kids,235,64,386303.0
2025-01-29,pdl,cb3de7e16fc9,1.28.25 Kids Outfitting Mix & Match 30 off.xlsx,Sleep,1.28.25 Kids Outfitting Mix & Match 30% off + Sleep up to 30% off,Sleep/PJs|Kids,638,211,957925.0
2025-01-30,pdl,cb3de7e16fc9,1.28.25 Kids Outfitting Mix & Match 30 off.xlsx,Mix & Match,1.28.25 Kids Outfitting Mix & Match 2+ for 30% off,Kids,235,64,386303.0
2025-01-30,pdl,cb3de7e16fc9,1.28.25 Kids Outfitting Mix & Match 30 off.xlsx,Sleep,1.28.25 Kids Outfitting Mix & Match 30% off + Sleep up to 30% off,Sleep/PJs|Kids,638,211,957925.0
2025-01-31,pdl,cb3de7e16fc9,1.28.25 Kids Outfitting Mix & Match 30 off.xlsx,Mix & Match,1.28.25 Kids Outfitting Mix & Match 2+ for 30% off,Kids,235,64,386303.0
2025-01-31,pdl,cb3de7e16fc9,1.28.25 Kids Outfitting Mix & Match 30 off.xlsx,Sleep,1.28.25 Kids Outfitting Mix & Match 30% off + Sleep up to 30% off,Sleep/PJs|Kids,638,211,957925.0
2025-02-01,pdl,cb3de7e16fc9,1.28.25 Kids Outfitting Mix & Match 30 off.xlsx,Mix & Match,1.28.25 Kids Outfitting Mix & Match 2+ for 30% off,Kids,235,64,386303.0
2025-02-01,pdl,cb3de7e16fc9,1.28.25 Kids Outfitting Mix & Match 30 off.xlsx,Sleep,1.28.25 Kids Outfitting Mix & Match 30% off + Sleep up to 30% off,Sleep/PJs|Kids,638,211,957925.0
2025-02-02,pdl,cb3de7e16fc9,1.28.25 Kids Outfitting Mix & Match 30 off.xlsx,Mix & Match,1.28.25 Kids Outfitting Mix & Match 2+ for 30% off,Kids,235,64,386303.0
2025-02-02,pdl,cb3de7e16fc9,1.28.25 Kids Outfitting Mix & Match 30 off.xlsx,Sleep,1.28.25 Kids Outfitting Mix & Match 30% off + Sleep up to 30% off,Sleep/PJs|Kids,638,211,957925.0
2025-02-03,pdl,cb3de7e16fc9,1.28.25 Kids Outfitting Mix & Match 30 off.xlsx,Mix & Match,1.28.25 Kids Outfitting Mix & Match 2+ for 30% off,Kids,235,64,386303.0
2025-02-03,pdl,cb3de7e16fc9,1.28.25 Kids Outfitting Mix & Match 30 off.xlsx,Sleep,1.28.25 Kids Outfitting Mix & Match 30% off + Sleep up to 30% off,Sleep/PJs|Kids,638,211,957925.0
2025-02-10,pdl,d2a49bb39028,2.10.25 Sleep up to 30% off PDL.xlsx,Sleep,2.10.25 Sleep up to 30% off,Sleep/PJs,244,66,440274.0
2025-02-11,pdl,d2a49bb39028,2.10.25 Sleep up to 30% off PDL.xlsx,Sleep,2.10.25 Sleep up to 30% off,Sleep/PJs,244,66,440274.0
2025-02-12,pdl,d2a49bb39028,2.10.25 Sleep up to 30% off PDL.xlsx,Sleep,2.10.25 Sleep up to 30% off,Sleep/PJs,244,66,440274.0
2025-02-13,pdl,d2a49bb39028,2.10.25 Sleep up to 30% off PDL.xlsx,Sleep,2.10.25 Sleep up to 30% off,Sleep/PJs,244,66,440274.0
2025-02-19,pdl,00f8e110e6b2,2.19.25 Sleep up to 30 off PDL.xlsx,Baby Swim,2.19.25 Baby Swim up to 30% off,Sleep/PJs|Swim|Baby,24,7,19835.0
2025-02-19,pdl,00f8e110e6b2,2.19.25 Sleep up to 30 off PDL.xlsx,Kids Outfitting,2.19.25 Sleep up to 30% off + Kids Outfitting up to 30% off PDL,Sleep/PJs|Kids,427,126,778727.0
2025-02-19,pdl,00f8e110e6b2,2.19.25 Sleep up to 30 off PDL.xlsx,Sleep,2.19.25 Sleep up to 30% off + Kids Outfitting up to 30% off PDL,Sleep/PJs|Kids,622,205,958514.0
2025-02-20,pdl,00f8e110e6b2,2.19.25 Sleep up to 30 off PDL.xlsx,Baby Swim,2.19.25 Baby Swim up to 30% off,Sleep/PJs|Swim|Baby,24,7,19835.0
2025-02-20,pdl,00f8e110e6b2,2.19.25 Sleep up to 30 off PDL.xlsx,Kids Outfitting,2.19.25 Sleep up to 30% off + Kids Outfitting up to 30% off PDL,Sleep/PJs|Kids,427,126,778727.0
2025-02-20,pdl,00f8e110e6b2,2.19.25 Sleep up to 30 off PDL.xlsx,Sleep,2.19.25 Sleep up to 30% off + Kids Outfitting up to 30% off PDL,Sleep/PJs|Kids,622,205,958514.0
2025-02-21,pdl,00f8e110e6b2,2.19.25 Sleep up to 30 off PDL.xlsx,Baby Swim,2.19.25 Baby Swim up to 30% off,Sleep/PJs|Swim|Baby,24,7,19835.0
2025-02-21,pdl,00f8e110e6b2,2.19.25 Sleep up to 30 off PDL.xlsx,Kids Outfitting,2.19.25 Sleep up to 30% off + Kids Outfitting up to 30% off PDL,Sleep/PJs|Kids,427,126,778727.0
2025-02-21,pdl,00f8e110e6b2,2.19.25 Sleep up to 30 off PDL.xlsx,Sleep,2.19.25 Sleep up to 30% off + Kids Outfitting up to 30% off PDL,Sleep/PJs|Kids,622,205,958514.0
2025-02-22,pdl,00f8e110e6b2,2.19.25 Sleep up to 30 off PDL.xlsx,Baby Swim,2.19.25 Baby Swim up to 30% off,Sleep/PJs|Swim|Baby,24,7,19835.0
2025-02-22,pdl,00f8e110e6b2,2.19.25 Sleep up to 30 off PDL.xlsx,Kids Outfitting,2.19.25 Sleep up to 30% off + Kids Outfitting up to 30% off PDL,Sleep/PJs|Kids,427,126,778727.0
2025-02-22,pdl,00f8e110e6b2,2.19.25 Sleep up to 30 off PDL.xlsx,Sleep,2.19.25 Sleep up to 30% off + Kids Outfitting up to 30% off PDL,Sleep/PJs|Kids,622,205,958514.0
2025-02-23,pdl,00f8e110e6b2,2.19.25 Sleep up to 30 off PDL.xlsx,Baby Swim,2.19.25 Baby Swim up to 30% off,Sleep/PJs|Swim|Baby,24,7,19835.0
2025-02-23,pdl,00f8e110e6b2,2.19.25 Sleep up to 30 off PDL.xlsx,Kids Outfitting,2.19.25 Sleep up to 30% off + Kids Outfitting up to 30% off PDL,Sleep/PJs|Kids,427,126,778727.0
2025-02-23,pdl,00f8e110e6b2,2.19.25 Sleep up to 30 off PDL.xlsx,Sleep,2.19.25 Sleep up to 30% off + Kids Outfitting up to 30% off PDL,Sleep/PJs|Kids,622,205,958514.0
2025-02-24,pdl,00f8e110e6b2,2.19.25 Sleep up to 30 off PDL.xlsx,Baby Swim,2.19.25 Baby Swim up to 30% off,Sleep/PJs|Swim|Baby,24,7,19835.0
2025-02-24,pdl,00f8e110e6b2,2.19.25 Sleep up to 30 off PDL.xlsx,Kids Outfitting,2.19.25 Sleep up to 30% off + Kids Outfitting up to 30% off PDL,Sleep/PJs|Kids,427,126,778727.0
2025-02-24,pdl,00f8e110e6b2,2.19.25 Sleep up to 30 off PDL.xlsx,Sleep,2.19.25 Sleep up to 30% off + Kids Outfitting up to 30% off PDL,Sleep/PJs|Kids,622,205,958514.0
2025-02-25,pdl,40a716632e0c,2.25.25 Dresses up to 30 off PDL.xlsx,Baby Sleepers,2.25.25 Baby Sleepers starting at $25,Dresses|Sleep/PJs|Baby,77,21,117831.0
2025-02-25,pdl,40a716632e0c,2.25.25 Dresses up to 30 off PDL.xlsx,Baby Swim,2.25.25 Baby Swim up to 30% off,Dresses|Swim|Baby,24,7,21850.0
2025-02-25,pdl,40a716632e0c,2.25.25 Dresses up to 30 off PDL.xlsx,Dresses,2.25.25 All Dresses up to 30% off + Swim up to 30% off,Dresses|Swim,164,76,259741.0
2025-02-25,pdl,40a716632e0c,2.25.25 Dresses up to 30 off PDL.xlsx,Swim,2.25.25 Dresses up to 30% off + Swim up to 30% off,Dresses|Swim,124,31,179279.0
2025-02-26,pdl,40a716632e0c,2.25.25 Dresses up to 30 off PDL.xlsx,Baby Sleepers,2.25.25 Baby Sleepers starting at $25,Dresses|Sleep/PJs|Baby,77,21,117831.0
2025-02-26,pdl,40a716632e0c,2.25.25 Dresses up to 30 off PDL.xlsx,Baby Swim,2.25.25 Baby Swim up to 30% off,Dresses|Swim|Baby,24,7,21850.0
2025-02-26,pdl,40a716632e0c,2.25.25 Dresses up to 30 off PDL.xlsx,Dresses,2.25.25 All Dresses up to 30% off + Swim up to 30% off,Dresses|Swim,164,76,259741.0
2025-02-26,pdl,40a716632e0c,2.25.25 Dresses up to 30 off PDL.xlsx,Swim,2.25.25 Dresses up to 30% off + Swim up to 30% off,Dresses|Swim,124,31,179279.0
2025-02-27,pdl,40a716632e0c,2.25.25 Dresses up to 30 off PDL.xlsx,Baby Sleepers,2.25.25 Baby Sleepers starting at $25,Dresses|Sleep/PJs|Baby,77,21,117831.0
2025-02-27,pdl,40a716632e0c,2.25.25 Dresses up to 30 off PDL.xlsx,Baby Swim,2.25.25 Baby Swim up to 30% off,Dresses|Swim|Baby,24,7,21850.0
2025-02-27,pdl,40a716632e0c,2.25.25 Dresses up to 30 off PDL.xlsx,Dresses,2.25.25 All Dresses up to 30% off + Swim up to 30% off,Dresses|Swim,164,76,259741.0
2025-02-27,pdl,40a716632e0c,2.25.25 Dresses up to 30 off PDL.xlsx,Swim,2.25.25 Dresses up to 30% off + Swim up to 30% off,Dresses|Swim,124,31,179279.0
2025-02-28,pdl,40a716632e0c,2.25.25 Dresses up to 30 off PDL.xlsx,Baby Sleepers,2.25.25 Baby Sleepers starting at $25,Dresses|Sleep/PJs|Baby,77,21,117831.0
2025-02-28,pdl,40a716632e0c,2.25.25 Dresses up to 30 off PDL.xlsx,Baby Swim,2.25.25 Baby Swim up to 30% off,Dresses|Swim|Baby,24,7,21850.0
2025-02-28,pdl,40a716632e0c,2.25.25 Dresses up to 30 off PDL.xlsx,Dresses,2.25.25 All Dresses up to 30% off + Swim up to 30% off,Dresses|Swim,164,76,259741.0
2025-02-28,pdl,40a716632e0c,2.25.25 Dresses up to 30 off PDL.xlsx,Swim,2.25.25 Dresses up to 30% off + Swim up to 30% off,Dresses|Swim,124,31,179279.0
2025-03-01,pdl,40a716632e0c,2.25.25 Dresses up to 30 off PDL.xlsx,Baby Sleepers,2.25.25 Baby Sleepers starting at $25,Dresses|Sleep/PJs|Baby,77,21,117831.0
2025-03-01,pdl,40a716632e0c,2.25.25 Dresses up to 30 off PDL.xlsx,Baby Swim,2.25.25 Baby Swim up to 30% off,Dresses|Swim|Baby,24,7,21850.0
2025-03-01,pdl,40a716632e0c,2.25.25 Dresses up to 30 off PDL.xlsx,Dresses,2.25.25 All Dresses up to 30% off + Swim up to 30% off,Dresses|Swim,164,76,259741.0
2025-03-01,pdl,40a716632e0c,2.25.25 Dresses up to 30 off PDL.xlsx,Swim,2.25.25 Dresses up to 30% off + Swim up to 30% off,Dresses|Swim,124,31,179279.0
2025-03-02,pdl,40a716632e0c,2.25.25 Dresses up to 30 off PDL.xlsx,Baby Sleepers,2.25.25 Baby Sleepers starting at $25,Dresses|Sleep/PJs|Baby,77,21,117831.0
2025-03-02,pdl,40a716632e0c,2.25.25 Dresses up to 30 off PDL.xlsx,Baby Swim,2.25.25 Baby Swim up to 30% off,Dresses|Swim|Baby,24,7,21850.0
2025-03-02,pdl,40a716632e0c,2.25.25 Dresses up to 30 off PDL.xlsx,Dresses,2.25.25 All Dresses up to 30% off + Swim up to 30% off,Dresses|Swim,164,76,259741.0
2025-03-02,pdl,40a716632e0c,2.25.25 Dresses up to 30 off PDL.xlsx,Swim,2.25.25 Dresses up to 30% off + Swim up to 30% off,Dresses|Swim,124,31,179279.0
2025-03-03,pdl,40a716632e0c,2.25.25 Dresses up to 30 off PDL.xlsx,Baby Sleepers,2.25.25 Baby Sleepers starting at $25,Dresses|Sleep/PJs|Baby,77,21,117831.0
2025-03-03,pdl,40a716632e0c,2.25.25 Dresses up to 30 off PDL.xlsx,Baby Swim,2.25.25 Baby Swim up to 30% off,Dresses|Swim|Baby,24,7,21850.0
2025-03-03,pdl,40a716632e0c,2.25.25 Dresses up to 30 off PDL.xlsx,Dresses,2.25.25 All Dresses up to 30% off + Swim up to 30% off,Dresses|Swim,164,76,259741.0
2025-03-03,pdl,40a716632e0c,2.25.25 Dresses up to 30 off PDL.xlsx,Swim,2.25.25 Dresses up to 30% off + Swim up to 30% off,Dresses|Swim,124,31,179279.0
2025-03-04,pdl,0d56f224a7b3,3.4.25 Spring Break up to 30 off PDL.xlsx,Baby Easter,3.4.25 Spring Break up to 30% off + Easter up to 30% off PDL,Easter|Baby,21,12,16204.0
2025-03-04,pdl,0d56f224a7b3,3.4.25 Spring Break up to 30 off PDL.xlsx,Baby Swim,3.4.25 Baby Swim (Novelty) up to 30% off,Swim|Baby,24,7,21234.0
2025-03-04,pdl,0d56f224a7b3,3.4.25 Spring Break up to 30 off PDL.xlsx,Easter,3.4.25 Spring Break up to 30% off + Easter up to 30% off,Easter,67,46,80366.0
2025-03-04,pdl,0d56f224a7b3,3.4.25 Spring Break up to 30 off PDL.xlsx,Spring Break (Apparel + Swim),3.4.25 Spring Break up to 30% off + Easter up to 30% off,Swim|Easter,1206,396,1340581.0
2025-03-05,pdl,0d56f224a7b3,3.4.25 Spring Break up to 30 off PDL.xlsx,Baby Easter,3.4.25 Spring Break up to 30% off + Easter up to 30% off PDL,Easter|Baby,21,12,16204.0
2025-03-05,pdl,0d56f224a7b3,3.4.25 Spring Break up to 30 off PDL.xlsx,Baby Swim,3.4.25 Baby Swim (Novelty) up to 30% off,Swim|Baby,24,7,21234.0
2025-03-05,pdl,0d56f224a7b3,3.4.25 Spring Break up to 30 off PDL.xlsx,Easter,3.4.25 Spring Break up to 30% off + Easter up to 30% off,Easter,67,46,80366.0
2025-03-05,pdl,0d56f224a7b3,3.4.25 Spring Break up to 30 off PDL.xlsx,Spring Break (Apparel + Swim),3.4.25 Spring Break up to 30% off + Easter up to 30% off,Swim|Easter,1206,396,1340581.0
2025-03-06,pdl,0d56f224a7b3,3.4.25 Spring Break up to 30 off PDL.xlsx,Baby Easter,3.4.25 Spring Break up to 30% off + Easter up to 30% off PDL,Easter|Baby,21,12,16204.0
2025-03-06,pdl,0d56f224a7b3,3.4.25 Spring Break up to 30 off PDL.xlsx,Baby Swim,3.4.25 Baby Swim (Novelty) up to 30% off,Swim|Baby,24,7,21234.0
2025-03-06,pdl,0d56f224a7b3,3.4.25 Spring Break up to 30 off PDL.xlsx,Easter,3.4.25 Spring Break up to 30% off + Easter up to 30% off,Easter,67,46,80366.0
2025-03-06,pdl,0d56f224a7b3,3.4.25 Spring Break up to 30 off PDL.xlsx,Spring Break (Apparel + Swim),3.4.25 Spring Break up to 30% off + Easter up to 30% off,Swim|Easter,1206,396,1340581.0
2025-03-07,pdl,0d56f224a7b3,3.4.25 Spring Break up to 30 off PDL.xlsx,Baby Easter,3.4.25 Spring Break up to 30% off + Easter up to 30% off PDL,Easter|Baby,21,12,16204.0
2025-03-07,pdl,0d56f224a7b3,3.4.25 Spring Break up to 30 off PDL.xlsx,Baby Swim,3.4.25 Baby Swim (Novelty) up to 30% off,Swim|Baby,24,7,21234.0
2025-03-07,pdl,0d56f224a7b3,3.4.25 Spring Break up to 30 off PDL.xlsx,Easter,3.4.25 Spring Break up to 30% off + Easter up to 30% off,Easter,67,46,80366.0
2025-03-07,pdl,0d56f224a7b3,3.4.25 Spring Break up to 30 off PDL.xlsx,Spring Break (Apparel + Swim),3.4.25 Spring Break up to 30% off + Easter up to 30% off,Swim|Easter,1206,396,1340581.0
2025-03-08,pdl,0d56f224a7b3,3.4.25 Spring Break up to 30 off PDL.xlsx,Baby Easter,3.4.25 Spring Break up to 30% off + Easter up to 30% off PDL,Easter|Baby,21,12,16204.0
2025-03-08,pdl,0d56f224a7b3,3.4.25 Spring Break up to 30 off PDL.xlsx,Baby Swim,3.4.25 Baby Swim (Novelty) up to 30% off,Swim|Baby,24,7,21234.0
2025-03-08,pdl,0d56f224a7b3,3.4.25 Spring Break up to 30 off PDL.xlsx,Easter,3.4.25 Spring Break up to 30% off + Easter up to 30% off,Easter,67,46,80366.0
2025-03-08,pdl,0d56f224a7b3,3.4.25 Spring Break up to 30 off PDL.xlsx,Spring Break (Apparel + Swim),3.4.25 Spring Break up to 30% off + Easter up to 30% off,Swim|Easter,1206,396,1340581.0
2025-03-09,pdl,0d56f224a7b3,3.4.25 Spring Break up to 30 off PDL.xlsx,Baby Easter,3.4.25 Spring Break up to 30% off + Easter up to 30% off PDL,Easter|Baby,21,12,16204.0
2025-03-09,pdl,0d56f224a7b3,3.4.25 Spring Break up to 30 off PDL.xlsx,Baby Swim,3.4.25 Baby Swim (Novelty) up to 30% off,Swim|Baby,24,7,21234.0
2025-03-09,pdl,0d56f224a7b3,3.4.25 Spring Break up to 30 off PDL.xlsx,Easter,3.4.25 Spring Break up to 30% off + Easter up to 30% off,Easter,67,46,80366.0
2025-03-09,pdl,0d56f224a7b3,3.4.25 Spring Break up to 30 off PDL.xlsx,Spring Break (Apparel + Swim),3.4.25 Spring Break up to 30% off + Easter up to 30% off,Swim|Easter,1206,396,1340581.0
2025-03-10,pdl,0d56f224a7b3,3.4.25 Spring Break up to 30 off PDL.xlsx,Baby Easter,3.4.25 Spring Break up to 30% off + Easter up to 30% off PDL,Easter|Baby,21,12,16204.0
2025-03-10,pdl,0d56f224a7b3,3.4.25 Spring Break up to 30 off PDL.xlsx,Baby Swim,3.4.25 Baby Swim (Novelty) up to 30% off,Swim|Baby,24,7,21234.0
2025-03-10,pdl,0d56f224a7b3,3.4.25 Spring Break up to 30 off PDL.xlsx,Easter,3.4.25 Spring Break up to 30% off + Easter up to 30% off,Easter,67,46,80366.0
2025-03-10,pdl,0d56f224a7b3,3.4.25 Spring Break up to 30 off PDL.xlsx,Spring Break (Apparel + Swim),3.4.25 Spring Break up to 30% off + Easter up to 30% off,Swim|Easter,1206,396,1340581.0
2025-03-11,pdl,aeaf06546186,3.11.25 Kids + Baby Sleep 30 off PDL.xlsx,Baby Easter,3.11.25 Babys First Easter - Up to 40% Off,Sleep/PJs|Easter|Baby|Kids,21,12,14713.0
2025-03-11,pdl,aeaf06546186,3.11.25 Kids + Baby Sleep 30 off PDL.xlsx,Baby Swim,3.11.25 Baby Swim (Novelty) Up to 30% off,Sleep/PJs|Swim|Baby|Kids,24,7,33456.0
2025-03-11,pdl,aeaf06546186,3.11.25 Kids + Baby Sleep 30 off PDL.xlsx,Kids & Baby Sleep,3.11.25 Kids + Baby Sleep 30% off + All Swim up to 30% off,Sleep/PJs|Swim|Baby|Kids,291,61,646046.0
2025-03-11,pdl,aeaf06546186,3.11.25 Kids + Baby Sleep 30 off PDL.xlsx,Swim,3.11.25 Kids + Baby Sleep 30% off + All Swim up to 30% off,Sleep/PJs|Swim|Baby|Kids,118,29,194000.0
2025-03-12,pdl,aeaf06546186,3.11.25 Kids + Baby Sleep 30 off PDL.xlsx,Baby Easter,3.11.25 Babys First Easter - Up to 40% Off,Sleep/PJs|Easter|Baby|Kids,21,12,14713.0
2025-03-12,pdl,aeaf06546186,3.11.25 Kids + Baby Sleep 30 off PDL.xlsx,Baby Swim,3.11.25 Baby Swim (Novelty) Up to 30% off,Sleep/PJs|Swim|Baby|Kids,24,7,33456.0
2025-03-12,pdl,aeaf06546186,3.11.25 Kids + Baby Sleep 30 off PDL.xlsx,Kids & Baby Sleep,3.11.25 Kids + Baby Sleep 30% off + All Swim up to 30% off,Sleep/PJs|Swim|Baby|Kids,291,61,646046.0
2025-03-12,pdl,aeaf06546186,3.11.25 Kids + Baby Sleep 30 off PDL.xlsx,Swim,3.11.25 Kids + Baby Sleep 30% off + All Swim up to 30% off,Sleep/PJs|Swim|Baby|Kids,118,29,194000.0
2025-03-13,pdl,aeaf06546186,3.11.25 Kids + Baby Sleep 30 off PDL.xlsx,Baby Easter,3.11.25 Babys First Easter - Up to 40% Off,Sleep/PJs|Easter|Baby|Kids,21,12,14713.0
2025-03-13,pdl,aeaf06546186,3.11.25 Kids + Baby Sleep 30 off PDL.xlsx,Baby Swim,3.11.25 Baby Swim (Novelty) Up to 30% off,Sleep/PJs|Swim|Baby|Kids,24,7,33456.0
2025-03-13,pdl,aeaf06546186,3.11.25 Kids + Baby Sleep 30 off PDL.xlsx,Kids & Baby Sleep,3.11.25 Kids + Baby Sleep 30% off + All Swim up to 30% off,Sleep/PJs|Swim|Baby|Kids,291,61,646046.0
2025-03-13,pdl,aeaf06546186,3.11.25 Kids + Baby Sleep 30 off PDL.xlsx,Swim,3.11.25 Kids + Baby Sleep 30% off + All Swim up to 30% off,Sleep/PJs|Swim|Baby|Kids,118,29,194000.0
2025-03-14,pdl,aeaf06546186,3.11.25 Kids + Baby Sleep 30 off PDL.xlsx,Baby Easter,3.11.25 Babys First Easter - Up to 40% Off,Sleep/PJs|Easter|Baby|Kids,21,12,14713.0
2025-03-14,pdl,aeaf06546186,3.11.25 Kids + Baby Sleep 30 off PDL.xlsx,Baby Swim,3.11.25 Baby Swim (Novelty) Up to 30% off,Sleep/PJs|Swim|Baby|Kids,24,7,33456.0
2025-03-14,pdl,aeaf06546186,3.11.25 Kids + Baby Sleep 30 off PDL.xlsx,Kids & Baby Sleep,3.11.25 Kids + Baby Sleep 30% off + All Swim up to 30% off,Sleep/PJs|Swim|Baby|Kids,291,61,646046.0
2025-03-14,pdl,aeaf06546186,3.11.25 Kids + Baby Sleep 30 off PDL.xlsx,Swim,3.11.25 Kids + Baby Sleep 30% off + All Swim up to 30% off,Sleep/PJs|Swim|Baby|Kids,118,29,194000.0
2025-03-15,pdl,aeaf06546186,3.11.25 Kids + Baby Sleep 30 off PDL.xlsx,Baby Easter,3.11.25 Babys First Easter - Up to 40% Off,Sleep/PJs|Easter|Baby|Kids,21,12,14713.0
2025-03-15,pdl,aeaf06546186,3.11.25 Kids + Baby Sleep 30 off PDL.xlsx,Baby Swim,3.11.25 Baby Swim (Novelty) Up to 30% off,Sleep/PJs|Swim|Baby|Kids,24,7,33456.0
2025-03-15,pdl,aeaf06546186,3.11.25 Kids + Baby Sleep 30 off PDL.xlsx,Kids & Baby Sleep,3.11.25 Kids + Baby Sleep 30% off + All Swim up to 30% off,Sleep/PJs|Swim|Baby|Kids,291,61,646046.0
2025-03-15,pdl,aeaf06546186,3.11.25 Kids + Baby Sleep 30 off PDL.xlsx,Swim,3.11.25 Kids + Baby Sleep 30% off + All Swim up to 30% off,Sleep/PJs|Swim|Baby|Kids,118,29,194000.0
2025-03-16,pdl,aeaf06546186,3.11.25 Kids + Baby Sleep 30 off PDL.xlsx,Baby Easter,3.11.25 Babys First Easter - Up to 40% Off,Sleep/PJs|Easter|Baby|Kids,21,12,14713.0
2025-03-16,pdl,aeaf06546186,3.11.25 Kids + Baby Sleep 30 off PDL.xlsx,Baby Swim,3.11.25 Baby Swim (Novelty) Up to 30% off,Sleep/PJs|Swim|Baby|Kids,24,7,33456.0
2025-03-16,pdl,aeaf06546186,3.11.25 Kids + Baby Sleep 30 off PDL.xlsx,Kids & Baby Sleep,3.11.25 Kids + Baby Sleep 30% off + All Swim up to 30% off,Sleep/PJs|Swim|Baby|Kids,291,61,646046.0
2025-03-16,pdl,aeaf06546186,3.11.25 Kids + Baby Sleep 30 off PDL.xlsx,Swim,3.11.25 Kids + Baby Sleep 30% off + All Swim up to 30% off,Sleep/PJs|Swim|Baby|Kids,118,29,194000.0
2025-03-17,pdl,aeaf06546186,3.11.25 Kids + Baby Sleep 30 off PDL.xlsx,Baby Easter,3.11.25 Babys First Easter - Up to 40% Off,Sleep/PJs|Easter|Baby|Kids,21,12,14713.0
2025-03-17,pdl,aeaf06546186,3.11.25 Kids + Baby Sleep 30 off PDL.xlsx,Baby Swim,3.11.25 Baby Swim (Novelty) Up to 30% off,Sleep/PJs|Swim|Baby|Kids,24,7,33456.0
2025-03-17,pdl,aeaf06546186,3.11.25 Kids + Baby Sleep 30 off PDL.xlsx,Kids & Baby Sleep,3.11.25 Kids + Baby Sleep 30% off + All Swim up to 30% off,Sleep/PJs|Swim|Baby|Kids,291,61,646046.0
2025-03-17,pdl,aeaf06546186,3.11.25 Kids + Baby Sleep 30 off PDL.xlsx,Swim,3.11.25 Kids + Baby Sleep 30% off + All Swim up to 30% off,Sleep/PJs|Swim|Baby|Kids,118,29,194000.0
2025-03-18,pdl,894508f889ba,3.18.25 Dresses up to 30% off + Signature HannaSoft PJs starting at $25 PDL.xlsx,Baby Easter,3.18.25 Babys First Easter - Up to 40% Off,Dresses|Sleep/PJs|Easter|Baby,21,12,12595.0
2025-03-18,pdl,894508f889ba,3.18.25 Dresses up to 30% off + Signature HannaSoft PJs starting at $25 PDL.xlsx,Baby Swim,3.18.25 Baby Swim (Novelty) Up to 30% off,Dresses|Sleep/PJs|Swim|Baby,24,7,32202.0
2025-03-18,pdl,894508f889ba,3.18.25 Dresses up to 30% off + Signature HannaSoft PJs starting at $25 PDL.xlsx,Dresses,3.18.25 Dresses up to 30% off,Dresses|Sleep/PJs,242,101,236995.0
2025-03-18,pdl,894508f889ba,3.18.25 Dresses up to 30% off + Signature HannaSoft PJs starting at $25 PDL.xlsx,HannaSoft,3.18.25 Signature HannaSoft PJs starting at $25,Dresses|Sleep/PJs,108,34,145943.0
2025-03-19,pdl,894508f889ba,3.18.25 Dresses up to 30% off + Signature HannaSoft PJs starting at $25 PDL.xlsx,Baby Easter,3.18.25 Babys First Easter - Up to 40% Off,Dresses|Sleep/PJs|Easter|Baby,21,12,12595.0
2025-03-19,pdl,894508f889ba,3.18.25 Dresses up to 30% off + Signature HannaSoft PJs starting at $25 PDL.xlsx,Baby Swim,3.18.25 Baby Swim (Novelty) Up to 30% off,Dresses|Sleep/PJs|Swim|Baby,24,7,32202.0
2025-03-19,pdl,894508f889ba,3.18.25 Dresses up to 30% off + Signature HannaSoft PJs starting at $25 PDL.xlsx,Dresses,3.18.25 Dresses up to 30% off,Dresses|Sleep/PJs,242,101,236995.0
2025-03-19,pdl,894508f889ba,3.18.25 Dresses up to 30% off + Signature HannaSoft PJs starting at $25 PDL.xlsx,HannaSoft,3.18.25 Signature HannaSoft PJs starting at $25,Dresses|Sleep/PJs,108,34,145943.0
2025-03-20,pdl,894508f889ba,3.18.25 Dresses up to 30% off + Signature HannaSoft PJs starting at $25 PDL.xlsx,Baby Easter,3.18.25 Babys First Easter - Up to 40% Off,Dresses|Sleep/PJs|Easter|Baby,21,12,12595.0
2025-03-20,pdl,894508f889ba,3.18.25 Dresses up to 30% off + Signature HannaSoft PJs starting at $25 PDL.xlsx,Baby Swim,3.18.25 Baby Swim (Novelty) Up to 30% off,Dresses|Sleep/PJs|Swim|Baby,24,7,32202.0
2025-03-20,pdl,894508f889ba,3.18.25 Dresses up to 30% off + Signature HannaSoft PJs starting at $25 PDL.xlsx,Dresses,3.18.25 Dresses up to 30% off,Dresses|Sleep/PJs,242,101,236995.0
2025-03-20,pdl,894508f889ba,3.18.25 Dresses up to 30% off + Signature HannaSoft PJs starting at $25 PDL.xlsx,HannaSoft,3.18.25 Signature HannaSoft PJs starting at $25,Dresses|Sleep/PJs,108,34,145943.0
2025-03-21,pdl,d95833a4db23,3.21.25 Spring Sale up to 40% off PDL.xlsx,Baby Easter,3.21.25 Babys First Easter - Up to 40% Off,Easter|Baby,20,11,12132.0
2025-03-21,pdl,d95833a4db23,3.21.25 Spring Sale up to 40% off PDL.xlsx,Baby Swim,3.21.25 Baby Swim (Novelty) Up to 30% off,Swim|Baby,24,7,32202.0
2025-03-22,pdl,d95833a4db23,3.21.25 Spring Sale up to 40% off PDL.xlsx,Baby Easter,3.21.25 Babys First Easter - Up to 40% Off,Easter|Baby,20,11,12132.0
2025-03-22,pdl,d95833a4db23,3.21.25 Spring Sale up to 40% off PDL.xlsx,Baby Swim,3.21.25 Baby Swim (Novelty) Up to 30% off,Swim|Baby,24,7,32202.0
2025-03-23,pdl,d95833a4db23,3.21.25 Spring Sale up to 40% off PDL.xlsx,Baby Easter,3.21.25 Babys First Easter - Up to 40% Off,Easter|Baby,20,11,12132.0
2025-03-23,pdl,d95833a4db23,3.21.25 Spring Sale up to 40% off PDL.xlsx,Baby Swim,3.21.25 Baby Swim (Novelty) Up to 30% off,Swim|Baby,24,7,32202.0
2025-03-24,pdl,d95833a4db23,3.21.25 Spring Sale up to 40% off PDL.xlsx,Baby Easter,3.21.25 Babys First Easter - Up to 40% Off,Easter|Baby,20,11,12132.0
2025-03-24,pdl,d95833a4db23,3.21.25 Spring Sale up to 40% off PDL.xlsx,Baby Swim,3.21.25 Baby Swim (Novelty) Up to 30% off,Swim|Baby,24,7,32202.0
2025-03-25,pdl,8cf2c202e48f,3.25.25 Easter up to 40 off + New Markdowns PDL.xlsx,All Promo Discounts,3.25.25 Easter up to 40% off + All Swim 30% off,Swim|Clearance|Easter,1977,668,2327412.0
2025-03-25,pdl,8cf2c202e48f,3.25.25 Easter up to 40 off + New Markdowns PDL.xlsx,Baby Easter,3.25.25 Baby's First Easter up to 40% off,Clearance|Easter|Baby,20,11,12132.0
2025-03-25,pdl,8cf2c202e48f,3.25.25 Easter up to 40 off + New Markdowns PDL.xlsx,Baby Swim,3.25.25 Baby Swim up to 30% off,Swim|Clearance|Easter|Baby,24,7,32202.0
2025-03-25,pdl,8cf2c202e48f,3.25.25 Easter up to 40 off + New Markdowns PDL.xlsx,Easter,3.25.25 Easter up to 40% off,Clearance|Easter,67,46,68737.0
2025-03-25,pdl,8cf2c202e48f,3.25.25 Easter up to 40 off + New Markdowns PDL.xlsx,New Markdowns,3.25.25 Easter up to 40% off + All Swim 30% off,Swim|Clearance|Easter,48,20,33847.0
2025-03-25,pdl,8cf2c202e48f,3.25.25 Easter up to 40 off + New Markdowns PDL.xlsx,Swim,3.25.25 All Swim 30% off,Swim|Clearance|Easter,118,29,180845.0
2025-03-26,pdl,8cf2c202e48f,3.25.25 Easter up to 40 off + New Markdowns PDL.xlsx,All Promo Discounts,3.25.25 Easter up to 40% off + All Swim 30% off,Swim|Clearance|Easter,1977,668,2327412.0
2025-03-26,pdl,8cf2c202e48f,3.25.25 Easter up to 40 off + New Markdowns PDL.xlsx,Baby Easter,3.25.25 Baby's First Easter up to 40% off,Clearance|Easter|Baby,20,11,12132.0
2025-03-26,pdl,8cf2c202e48f,3.25.25 Easter up to 40 off + New Markdowns PDL.xlsx,Baby Swim,3.25.25 Baby Swim up to 30% off,Swim|Clearance|Easter|Baby,24,7,32202.0
2025-03-26,pdl,8cf2c202e48f,3.25.25 Easter up to 40 off + New Markdowns PDL.xlsx,Easter,3.25.25 Easter up to 40% off,Clearance|Easter,67,46,68737.0
2025-03-26,pdl,8cf2c202e48f,3.25.25 Easter up to 40 off + New Markdowns PDL.xlsx,New Markdowns,3.25.25 Easter up to 40% off + All Swim 30% off,Swim|Clearance|Easter,48,20,33847.0
2025-03-26,pdl,8cf2c202e48f,3.25.25 Easter up to 40 off + New Markdowns PDL.xlsx,Swim,3.25.25 All Swim 30% off,Swim|Clearance|Easter,118,29,180845.0
2025-03-27,pdl,8cf2c202e48f,3.25.25 Easter up to 40 off + New Markdowns PDL.xlsx,All Promo Discounts,3.25.25 Easter up to 40% off + All Swim 30% off,Swim|Clearance|Easter,1977,668,2327412.0
2025-03-27,pdl,8cf2c202e48f,3.25.25 Easter up to 40 off + New Markdowns PDL.xlsx,Baby Easter,3.25.25 Baby's First Easter up to 40% off,Clearance|Easter|Baby,20,11,12132.0
2025-03-27,pdl,8cf2c202e48f,3.25.25 Easter up to 40 off + New Markdowns PDL.xlsx,Baby Swim,3.25.25 Baby Swim up to 30% off,Swim|Clearance|Easter|Baby,24,7,32202.0
2025-03-27,pdl,8cf2c202e48f,3.25.25 Easter up to 40 off + New Markdowns PDL.xlsx,Easter,3.25.25 Easter up to 40% off,Clearance|Easter,67,46,68737.0
2025-03-27,pdl,8cf2c202e48f,3.25.25 Easter up to 40 off + New Markdowns PDL.xlsx,New Markdowns,3.25.25 Easter up to 40% off + All Swim 30% off,Swim|Clearance|Easter,48,20,33847.0
2025-03-27,pdl,8cf2c202e48f,3.25.25 Easter up to 40 off + New Markdowns PDL.xlsx,Swim,3.25.25 All Swim 30% off,Swim|Clearance|Easter,118,29,180845.0
2025-03-28,pdl,8cf2c202e48f,3.25.25 Easter up to 40 off + New Markdowns PDL.xlsx,All Promo Discounts,3.25.25 Easter up to 40% off + All Swim 30% off,Swim|Clearance|Easter,1977,668,2327412.0
2025-03-28,pdl,8cf2c202e48f,3.25.25 Easter up to 40 off + New Markdowns PDL.xlsx,Baby Easter,3.25.25 Baby's First Easter up to 40% off,Clearance|Easter|Baby,20,11,12132.0
2025-03-28,pdl,8cf2c202e48f,3.25.25 Easter up to 40 off + New Markdowns PDL.xlsx,Baby Swim,3.25.25 Baby Swim up to 30% off,Swim|Clearance|Easter|Baby,24,7,32202.0
2025-03-28,pdl,8cf2c202e48f,3.25.25 Easter up to 40 off + New Markdowns PDL.xlsx,Easter,3.25.25 Easter up to 40% off,Clearance|Easter,67,46,68737.0
2025-03-28,pdl,8cf2c202e48f,3.25.25 Easter up to 40 off + New Markdowns PDL.xlsx,New Markdowns,3.25.25 Easter up to 40% off + All Swim 30% off,Swim|Clearance|Easter,48,20,33847.0
2025-03-28,pdl,8cf2c202e48f,3.25.25 Easter up to 40 off + New Markdowns PDL.xlsx,Swim,3.25.25 All Swim 30% off,Swim|Clearance|Easter,118,29,180845.0
2025-03-29,pdl,8cf2c202e48f,3.25.25 Easter up to 40 off + New Markdowns PDL.xlsx,All Promo Discounts,3.25.25 Easter up to 40% off + All Swim 30% off,Swim|Clearance|Easter,1977,668,2327412.0
2025-03-29,pdl,8cf2c202e48f,3.25.25 Easter up to 40 off + New Markdowns PDL.xlsx,Baby Easter,3.25.25 Baby's First Easter up to 40% off,Clearance|Easter|Baby,20,11,12132.0
2025-03-29,pdl,8cf2c202e48f,3.25.25 Easter up to 40 off + New Markdowns PDL.xlsx,Baby Swim,3.25.25 Baby Swim up to 30% off,Swim|Clearance|Easter|Baby,24,7,32202.0
2025-03-29,pdl,8cf2c202e48f,3.25.25 Easter up to 40 off + New Markdowns PDL.xlsx,Easter,3.25.25 Easter up to 40% off,Clearance|Easter,67,46,68737.0
2025-03-29,pdl,8cf2c202e48f,3.25.25 Easter up to 40 off + New Markdowns PDL.xlsx,New Markdowns,3.25.25 Easter up to 40% off + All Swim 30% off,Swim|Clearance|Easter,48,20,33847.0
2025-03-29,pdl,8cf2c202e48f,3.25.25 Easter up to 40 off + New Markdowns PDL.xlsx,Swim,3.25.25 All Swim 30% off,Swim|Clearance|Easter,118,29,180845.0
2025-03-30,pdl,8cf2c202e48f,3.25.25 Easter up to 40 off + New Markdowns PDL.xlsx,All Promo Discounts,3.25.25 Easter up to 40% off + All Swim 30% off,Swim|Clearance|Easter,1977,668,2327412.0
2025-03-30,pdl,8cf2c202e48f,3.25.25 Easter up to 40 off + New Markdowns PDL.xlsx,Baby Easter,3.25.25 Baby's First Easter up to 40% off,Clearance|Easter|Baby,20,11,12132.0
2025-03-30,pdl,8cf2c202e48f,3.25.25 Easter up to 40 off + New Markdowns PDL.xlsx,Baby Swim,3.25.25 Baby Swim up to 30% off,Swim|Clearance|Easter|Baby,24,7,32202.0
2025-03-30,pdl,8cf2c202e48f,3.25.25 Easter up to 40 off + New Markdowns PDL.xlsx,Easter,3.25.25 Easter up to 40% off,Clearance|Easter,67,46,68737.0
2025-03-30,pdl,8cf2c202e48f,3.25.25 Easter up to 40 off + New Markdowns PDL.xlsx,New Markdowns,3.25.25 Easter up to 40% off + All Swim 30% off,Swim|Clearance|Easter,48,20,33847.0
2025-03-30,pdl,8cf2c202e48f,3.25.25 Easter up to 40 off + New Markdowns PDL.xlsx,Swim,3.25.25 All Swim 30% off,Swim|Clearance|Easter,118,29,180845.0
2025-03-31,pdl,8cf2c202e48f,3.25.25 Easter up to 40 off + New Markdowns PDL.xlsx,All Promo Discounts,3.25.25 Easter up to 40% off + All Swim 30% off,Swim|Clearance|Easter,1977,668,2327412.0
2025-03-31,pdl,8cf2c202e48f,3.25.25 Easter up to 40 off + New Markdowns PDL.xlsx,Baby Easter,3.25.25 Baby's First Easter up to 40% off,Clearance|Easter|Baby,20,11,12132.0
2025-03-31,pdl,8cf2c202e48f,3.25.25 Easter up to 40 off + New Markdowns PDL.xlsx,Baby Swim,3.25.25 Baby Swim up to 30% off,Swim|Clearance|Easter|Baby,24,7,32202.0
2025-03-31,pdl,8cf2c202e48f,3.25.25 Easter up to 40 off + New Markdowns PDL.xlsx,Easter,3.25.25 Easter up to 40% off,Clearance|Easter,67,46,68737.0
2025-03-31,pdl,8cf2c202e48f,3.25.25 Easter up to 40 off + New Markdowns PDL.xlsx,New Markdowns,3.25.25 Easter up to 40% off + All Swim 30% off,Swim|Clearance|Easter,48,20,33847.0
2025-03-31,pdl,8cf2c202e48f,3.25.25 Easter up to 40 off + New Markdowns PDL.xlsx,Swim,3.25.25 All Swim 30% off,Swim|Clearance|Easter,118,29,180845.0
2025-04-01,pdl,eec5a88b440a,4.1.25 All Dresses up to 30 off + New Markdowns PDL.xlsx,All Promo Discounts,4.1.25 All Dresses up to 30% off + Sleep up to 30% off,Dresses|Sleep/PJs|Clearance,1894,631,2307922.0
2025-04-01,pdl,eec5a88b440a,4.1.25 All Dresses up to 30 off + New Markdowns PDL.xlsx,Baby Easter,4.1.25 Baby's First Easter up to 40% off,Dresses|Clearance|Easter|Baby,21,12,12595.0
2025-04-01,pdl,eec5a88b440a,4.1.25 All Dresses up to 30 off + New Markdowns PDL.xlsx,Baby Sleep,4.1.25 Baby Sleep Starting at $25,Dresses|Sleep/PJs|Clearance|Baby,88,24,130904.0
2025-04-01,pdl,eec5a88b440a,4.1.25 All Dresses up to 30 off + New Markdowns PDL.xlsx,Dresses,4.1.25 All Dresses up to 30% off + Sleep up to 30% off,Dresses|Sleep/PJs|Clearance,128,63,211327.0
2025-04-01,pdl,eec5a88b440a,4.1.25 All Dresses up to 30 off + New Markdowns PDL.xlsx,New Markdowns,4.1.25 New Markdowns,Dresses|Clearance,68,41,26277.0
2025-04-01,pdl,eec5a88b440a,4.1.25 All Dresses up to 30 off + New Markdowns PDL.xlsx,Sleep,4.1.25 All Dresses up to 30% off + Sleep up to 30% off,Dresses|Sleep/PJs|Clearance,648,198,959418.0
2025-04-02,pdl,eec5a88b440a,4.1.25 All Dresses up to 30 off + New Markdowns PDL.xlsx,All Promo Discounts,4.1.25 All Dresses up to 30% off + Sleep up to 30% off,Dresses|Sleep/PJs|Clearance,1894,631,2307922.0
2025-04-02,pdl,eec5a88b440a,4.1.25 All Dresses up to 30 off + New Markdowns PDL.xlsx,Baby Easter,4.1.25 Baby's First Easter up to 40% off,Dresses|Clearance|Easter|Baby,21,12,12595.0
2025-04-02,pdl,eec5a88b440a,4.1.25 All Dresses up to 30 off + New Markdowns PDL.xlsx,Baby Sleep,4.1.25 Baby Sleep Starting at $25,Dresses|Sleep/PJs|Clearance|Baby,88,24,130904.0
2025-04-02,pdl,eec5a88b440a,4.1.25 All Dresses up to 30 off + New Markdowns PDL.xlsx,Dresses,4.1.25 All Dresses up to 30% off + Sleep up to 30% off,Dresses|Sleep/PJs|Clearance,128,63,211327.0
2025-04-02,pdl,eec5a88b440a,4.1.25 All Dresses up to 30 off + New Markdowns PDL.xlsx,Sleep,4.1.25 All Dresses up to 30% off + Sleep up to 30% off,Dresses|Sleep/PJs|Clearance,648,198,959418.0
2025-04-03,pdl,eec5a88b440a,4.1.25 All Dresses up to 30 off + New Markdowns PDL.xlsx,All Promo Discounts,4.1.25 All Dresses up to 30% off + Sleep up to 30% off,Dresses|Sleep/PJs|Clearance,1894,631,2307922.0
2025-04-03,pdl,eec5a88b440a,4.1.25 All Dresses up to 30 off + New Markdowns PDL.xlsx,Baby Easter,4.1.25 Baby's First Easter up to 40% off,Dresses|Clearance|Easter|Baby,21,12,12595.0
2025-04-03,pdl,eec5a88b440a,4.1.25 All Dresses up to 30 off + New Markdowns PDL.xlsx,Baby Sleep,4.1.25 Baby Sleep Starting at $25,Dresses|Sleep/PJs|Clearance|Baby,88,24,130904.0
2025-04-03,pdl,eec5a88b440a,4.1.25 All Dresses up to 30 off + New Markdowns PDL.xlsx,Dresses,4.1.25 All Dresses up to 30% off + Sleep up to 30% off,Dresses|Sleep/PJs|Clearance,128,63,211327.0
2025-04-03,pdl,eec5a88b440a,4.1.25 All Dresses up to 30 off + New Markdowns PDL.xlsx,Sleep,4.1.25 All Dresses up to 30% off + Sleep up to 30% off,Dresses|Sleep/PJs|Clearance,648,198,959418.0
2025-04-04,pdl,eec5a88b440a,4.1.25 All Dresses up to 30 off + New Markdowns PDL.xlsx,All Promo Discounts,4.1.25 All Dresses up to 30% off + Sleep up to 30% off,Dresses|Sleep/PJs|Clearance,1894,631,2307922.0
2025-04-04,pdl,eec5a88b440a,4.1.25 All Dresses up to 30 off + New Markdowns PDL.xlsx,Baby Easter,4.1.25 Baby's First Easter up to 40% off,Dresses|Clearance|Easter|Baby,21,12,12595.0
2025-04-04,pdl,eec5a88b440a,4.1.25 All Dresses up to 30 off + New Markdowns PDL.xlsx,Baby Sleep,4.1.25 Baby Sleep Starting at $25,Dresses|Sleep/PJs|Clearance|Baby,88,24,130904.0
2025-04-04,pdl,eec5a88b440a,4.1.25 All Dresses up to 30 off + New Markdowns PDL.xlsx,Dresses,4.1.25 All Dresses up to 30% off + Sleep up to 30% off,Dresses|Sleep/PJs|Clearance,128,63,211327.0
2025-04-04,pdl,eec5a88b440a,4.1.25 All Dresses up to 30 off + New Markdowns PDL.xlsx,Sleep,4.1.25 All Dresses up to 30% off + Sleep up to 30% off,Dresses|Sleep/PJs|Clearance,648,198,959418.0
2025-04-05,pdl,eec5a88b440a,4.1.25 All Dresses up to 30 off + New Markdowns PDL.xlsx,All Promo Discounts,4.1.25 All Dresses up to 30% off + Sleep up to 30% off,Dresses|Sleep/PJs|Clearance,1894,631,2307922.0
2025-04-05,pdl,eec5a88b440a,4.1.25 All Dresses up to 30 off + New Markdowns PDL.xlsx,Baby Easter,4.1.25 Baby's First Easter up to 40% off,Dresses|Clearance|Easter|Baby,21,12,12595.0
2025-04-05,pdl,eec5a88b440a,4.1.25 All Dresses up to 30 off + New Markdowns PDL.xlsx,Baby Sleep,4.1.25 Baby Sleep Starting at $25,Dresses|Sleep/PJs|Clearance|Baby,88,24,130904.0
2025-04-05,pdl,eec5a88b440a,4.1.25 All Dresses up to 30 off + New Markdowns PDL.xlsx,Dresses,4.1.25 All Dresses up to 30% off + Sleep up to 30% off,Dresses|Sleep/PJs|Clearance,128,63,211327.0
2025-04-05,pdl,eec5a88b440a,4.1.25 All Dresses up to 30 off + New Markdowns PDL.xlsx,Sleep,4.1.25 All Dresses up to 30% off + Sleep up to 30% off,Dresses|Sleep/PJs|Clearance,648,198,959418.0
2025-04-06,pdl,eec5a88b440a,4.1.25 All Dresses up to 30 off + New Markdowns PDL.xlsx,All Promo Discounts,4.1.25 All Dresses up to 30% off + Sleep up to 30% off,Dresses|Sleep/PJs|Clearance,1894,631,2307922.0
2025-04-06,pdl,eec5a88b440a,4.1.25 All Dresses up to 30 off + New Markdowns PDL.xlsx,Baby Easter,4.1.25 Baby's First Easter up to 40% off,Dresses|Clearance|Easter|Baby,21,12,12595.0
2025-04-06,pdl,eec5a88b440a,4.1.25 All Dresses up to 30 off + New Markdowns PDL.xlsx,Baby Sleep,4.1.25 Baby Sleep Starting at $25,Dresses|Sleep/PJs|Clearance|Baby,88,24,130904.0
2025-04-06,pdl,eec5a88b440a,4.1.25 All Dresses up to 30 off + New Markdowns PDL.xlsx,Dresses,4.1.25 All Dresses up to 30% off + Sleep up to 30% off,Dresses|Sleep/PJs|Clearance,128,63,211327.0
2025-04-06,pdl,eec5a88b440a,4.1.25 All Dresses up to 30 off + New Markdowns PDL.xlsx,Sleep,4.1.25 All Dresses up to 30% off + Sleep up to 30% off,Dresses|Sleep/PJs|Clearance,648,198,959418.0
2025-04-07,pdl,eec5a88b440a,4.1.25 All Dresses up to 30 off + New Markdowns PDL.xlsx,All Promo Discounts,4.1.25 All Dresses up to 30% off + Sleep up to 30% off,Dresses|Sleep/PJs|Clearance,1894,631,2307922.0
2025-04-07,pdl,eec5a88b440a,4.1.25 All Dresses up to 30 off + New Markdowns PDL.xlsx,Baby Easter,4.1.25 Baby's First Easter up to 40% off,Dresses|Clearance|Easter|Baby,21,12,12595.0
2025-04-07,pdl,eec5a88b440a,4.1.25 All Dresses up to 30 off + New Markdowns PDL.xlsx,Baby Sleep,4.1.25 Baby Sleep Starting at $25,Dresses|Sleep/PJs|Clearance|Baby,88,24,130904.0
2025-04-07,pdl,eec5a88b440a,4.1.25 All Dresses up to 30 off + New Markdowns PDL.xlsx,Dresses,4.1.25 All Dresses up to 30% off + Sleep up to 30% off,Dresses|Sleep/PJs|Clearance,128,63,211327.0
2025-04-07,pdl,eec5a88b440a,4.1.25 All Dresses up to 30 off + New Markdowns PDL.xlsx,Sleep,4.1.25 All Dresses up to 30% off + Sleep up to 30% off,Dresses|Sleep/PJs|Clearance,648,198,959418.0
2025-04-08,pdl,cfeb4f2ea1bf,4.8.25 All Easter on Sale up to 50% off PDL.xlsx,Easter,4.8.25 All Easter on Sale up to 50% off,Easter,67,46,51270.0
2025-04-09,pdl,cfeb4f2ea1bf,4.8.25 All Easter on Sale up to 50% off PDL.xlsx,Easter,4.8.25 All Easter on Sale up to 50% off,Easter,67,46,51270.0
2025-04-10,pdl,cfeb4f2ea1bf,4.8.25 All Easter on Sale up to 50% off PDL.xlsx,Easter,4.8.25 All Easter on Sale up to 50% off,Easter,67,46,51270.0
2025-04-11,pdl,cfeb4f2ea1bf,4.8.25 All Easter on Sale up to 50% off PDL.xlsx,Easter,4.8.25 All Easter on Sale up to 50% off,Easter,67,46,51270.0
2025-04-11,pdl,cfeb4f2ea1bf,4.8.25 All Easter on Sale up to 50% off PDL.xlsx,New Arrivals,4.11.25 New Arrivals 25% off with code,New Arrivals|Easter,477,174,141861.0
2025-04-12,pdl,cfeb4f2ea1bf,4.8.25 All Easter on Sale up to 50% off PDL.xlsx,Easter,4.8.25 All Easter on Sale up to 50% off,Easter,67,46,51270.0
2025-04-12,pdl,cfeb4f2ea1bf,4.8.25 All Easter on Sale up to 50% off PDL.xlsx,New Arrivals,4.11.25 New Arrivals 25% off with code,New Arrivals|Easter,477,174,141861.0
2025-04-13,pdl,cfeb4f2ea1bf,4.8.25 All Easter on Sale up to 50% off PDL.xlsx,Easter,4.8.25 All Easter on Sale up to 50% off,Easter,67,46,51270.0
2025-04-13,pdl,cfeb4f2ea1bf,4.8.25 All Easter on Sale up to 50% off PDL.xlsx,New Arrivals,4.11.25 New Arrivals 25% off with code,New Arrivals|Easter,477,174,141861.0
2025-04-14,pdl,cfeb4f2ea1bf,4.8.25 All Easter on Sale up to 50% off PDL.xlsx,Easter,4.8.25 All Easter on Sale up to 50% off,Easter,67,46,51270.0
2025-04-15,pdl,18d5dd03fcd1,4.15.25 ShortJohns starting at $25 + Summer Favorites up to 30% off PDL.xlsx,ShortJohns,4.15.25 ShortJohns starting at $25,Sleep/PJs,129,37,350673.0
2025-04-15,pdl,18d5dd03fcd1,4.15.25 ShortJohns starting at $25 + Summer Favorites up to 30% off PDL.xlsx,Summer Favorites,4.15.25 Summer Favorites up to 30% off,Sleep/PJs,1535,482,2558464.0
2025-04-16,pdl,18d5dd03fcd1,4.15.25 ShortJohns starting at $25 + Summer Favorites up to 30% off PDL.xlsx,ShortJohns,4.15.25 ShortJohns starting at $25,Sleep/PJs,129,37,350673.0
2025-04-16,pdl,18d5dd03fcd1,4.15.25 ShortJohns starting at $25 + Summer Favorites up to 30% off PDL.xlsx,Summer Favorites,4.15.25 Summer Favorites up to 30% off,Sleep/PJs,1535,482,2558464.0
2025-04-17,pdl,18d5dd03fcd1,4.15.25 ShortJohns starting at $25 + Summer Favorites up to 30% off PDL.xlsx,ShortJohns,4.15.25 ShortJohns starting at $25,Sleep/PJs,129,37,350673.0
2025-04-17,pdl,18d5dd03fcd1,4.15.25 ShortJohns starting at $25 + Summer Favorites up to 30% off PDL.xlsx,Summer Favorites,4.15.25 Summer Favorites up to 30% off,Sleep/PJs,1535,482,2558464.0
2025-04-18,pdl,18d5dd03fcd1,4.15.25 ShortJohns starting at $25 + Summer Favorites up to 30% off PDL.xlsx,ShortJohns,4.15.25 ShortJohns starting at $25,Sleep/PJs,129,37,350673.0
2025-04-18,pdl,18d5dd03fcd1,4.15.25 ShortJohns starting at $25 + Summer Favorites up to 30% off PDL.xlsx,Summer Favorites,4.15.25 Summer Favorites up to 30% off,Sleep/PJs,1535,482,2558464.0
2025-04-19,pdl,18d5dd03fcd1,4.15.25 ShortJohns starting at $25 + Summer Favorites up to 30% off PDL.xlsx,ShortJohns,4.15.25 ShortJohns starting at $25,Sleep/PJs,129,37,350673.0
2025-04-19,pdl,18d5dd03fcd1,4.15.25 ShortJohns starting at $25 + Summer Favorites up to 30% off PDL.xlsx,Summer Favorites,4.15.25 Summer Favorites up to 30% off,Sleep/PJs,1535,482,2558464.0
2025-04-20,pdl,18d5dd03fcd1,4.15.25 ShortJohns starting at $25 + Summer Favorites up to 30% off PDL.xlsx,ShortJohns,4.15.25 ShortJohns starting at $25,Sleep/PJs,129,37,350673.0
2025-04-20,pdl,18d5dd03fcd1,4.15.25 ShortJohns starting at $25 + Summer Favorites up to 30% off PDL.xlsx,Summer Favorites,4.15.25 Summer Favorites up to 30% off,Sleep/PJs,1535,482,2558464.0
2025-04-23,pdl,8dff65eafd94,04.24.25 Friends + Family Sitewide up to 40% off PDL.xlsx,All Promo Discounts,4.23.25 Friends + Family sitewide up to 40% off,Sitewide,1775,582,2951527.0
2025-04-24,pdl,8dff65eafd94,04.24.25 Friends + Family Sitewide up to 40% off PDL.xlsx,All Promo Discounts,4.23.25 Friends + Family sitewide up to 40% off,Sitewide,1775,582,2951527.0
2025-04-25,pdl,8dff65eafd94,04.24.25 Friends + Family Sitewide up to 40% off PDL.xlsx,All Promo Discounts,4.23.25 Friends + Family sitewide up to 40% off,Sitewide,1775,582,2951527.0
2025-04-26,pdl,8dff65eafd94,04.24.25 Friends + Family Sitewide up to 40% off PDL.xlsx,All Promo Discounts,4.23.25 Friends + Family sitewide up to 40% off,Sitewide,1775,582,2951527.0
2025-04-27,pdl,8dff65eafd94,04.24.25 Friends + Family Sitewide up to 40% off PDL.xlsx,All Promo Discounts,4.23.25 Friends + Family sitewide up to 40% off,Sitewide,1775,582,2951527.0
2025-04-28,pdl,8dff65eafd94,04.24.25 Friends + Family Sitewide up to 40% off PDL.xlsx,All Promo Discounts,4.23.25 Friends + Family sitewide up to 40% off,Sitewide,1775,582,2951527.0
2025-04-29,pdl,8dff65eafd94,04.24.25 Friends + Family Sitewide up to 40% off PDL.xlsx,All Promo Discounts,4.23.25 Friends + Family sitewide up to 40% off,Sitewide,1775,582,2951527.0
2025-04-30,pdl,8dff65eafd94,04.24.25 Friends + Family Sitewide up to 40% off PDL.xlsx,All Promo Discounts,4.23.25 Friends + Family sitewide up to 40% off,Sitewide,1775,582,2951527.0
2025-05-01,pdl,8dff65eafd94,04.24.25 Friends + Family Sitewide up to 40% off PDL.xlsx,All Promo Discounts,4.23.25 Friends + Family sitewide up to 40% off,Sitewide,1775,582,2951527.0
2025-05-02,pdl,8dff65eafd94,04.24.25 Friends + Family Sitewide up to 40% off PDL.xlsx,All Promo Discounts,4.23.25 Friends + Family sitewide up to 40% off,Sitewide,1775,582,2951527.0
2025-05-03,pdl,8dff65eafd94,04.24.25 Friends + Family Sitewide up to 40% off PDL.xlsx,All Promo Discounts,4.23.25 Friends + Family sitewide up to 40% off,Sitewide,1775,582,2951527.0
2025-05-04,pdl,8dff65eafd94,04.24.25 Friends + Family Sitewide up to 40% off PDL.xlsx,All Promo Discounts,4.23.25 Friends + Family sitewide up to 40% off,Sitewide,1775,582,2951527.0
2025-05-05,pdl,8dff65eafd94,04.24.25 Friends + Family Sitewide up to 40% off PDL.xlsx,All Promo Discounts,4.23.25 Friends + Family sitewide up to 40% off,Sitewide,1775,582,2951527.0
2025-05-06,pdl,8dff65eafd94,04.24.25 Friends + Family Sitewide up to 40% off PDL.xlsx,All Promo Discounts,4.23.25 Friends + Family sitewide up to 40% off,Sitewide,1775,582,2951527.0
2025-05-07,pdl,c8b97e3216dd,5.7.25 Dresses 30 off.xlsx,ALL OFFERS,5.7.25 All Dresses 30% off and Sleep up to 40% off (dresses: with exceptions),Dresses|Sleep/PJs,1837,599,3012527.0
2025-05-07,pdl,c8b97e3216dd,5.7.25 Dresses 30 off.xlsx,DRESSES,5.7.25 All Dresses 30% off and Sleep up to 40% off (dresses: with exceptions),Dresses|Sleep/PJs,210,85,382976.0
2025-05-07,pdl,c8b97e3216dd,5.7.25 Dresses 30 off.xlsx,SLEEP,5.7.25 All Dresses 30% off and Sleep up to 40% off (dresses: with exceptions),Dresses|Sleep/PJs,619,178,1144148.0
2025-05-08,pdl,c8b97e3216dd,5.7.25 Dresses 30 off.xlsx,ALL OFFERS,5.7.25 All Dresses 30% off and Sleep up to 40% off (dresses: with exceptions),Dresses|Sleep/PJs,1837,599,3012527.0
2025-05-08,pdl,c8b97e3216dd,5.7.25 Dresses 30 off.xlsx,DRESSES,5.7.25 All Dresses 30% off and Sleep up to 40% off (dresses: with exceptions),Dresses|Sleep/PJs,210,85,382976.0
2025-05-08,pdl,c8b97e3216dd,5.7.25 Dresses 30 off.xlsx,SLEEP,5.7.25 All Dresses 30% off and Sleep up to 40% off (dresses: with exceptions),Dresses|Sleep/PJs,619,178,1144148.0
2025-05-09,pdl,c8b97e3216dd,5.7.25 Dresses 30 off.xlsx,ALL OFFERS,5.7.25 All Dresses 30% off and Sleep up to 40% off (dresses: with exceptions),Dresses|Sleep/PJs,1837,599,3012527.0
2025-05-09,pdl,c8b97e3216dd,5.7.25 Dresses 30 off.xlsx,DRESSES,5.7.25 All Dresses 30% off and Sleep up to 40% off (dresses: with exceptions),Dresses|Sleep/PJs,210,85,382976.0
2025-05-09,pdl,c8b97e3216dd,5.7.25 Dresses 30 off.xlsx,SLEEP,5.7.25 All Dresses 30% off and Sleep up to 40% off (dresses: with exceptions),Dresses|Sleep/PJs,619,178,1144148.0
2025-05-10,pdl,c8b97e3216dd,5.7.25 Dresses 30 off.xlsx,ALL OFFERS,5.7.25 All Dresses 30% off and Sleep up to 40% off (dresses: with exceptions),Dresses|Sleep/PJs,1837,599,3012527.0
2025-05-10,pdl,c8b97e3216dd,5.7.25 Dresses 30 off.xlsx,DRESSES,5.7.25 All Dresses 30% off and Sleep up to 40% off (dresses: with exceptions),Dresses|Sleep/PJs,210,85,382976.0
2025-05-10,pdl,c8b97e3216dd,5.7.25 Dresses 30 off.xlsx,SLEEP,5.7.25 All Dresses 30% off and Sleep up to 40% off (dresses: with exceptions),Dresses|Sleep/PJs,619,178,1144148.0
2025-05-11,pdl,c8b97e3216dd,5.7.25 Dresses 30 off.xlsx,ALL OFFERS,5.7.25 All Dresses 30% off and Sleep up to 40% off (dresses: with exceptions),Dresses|Sleep/PJs,1837,599,3012527.0
2025-05-11,pdl,c8b97e3216dd,5.7.25 Dresses 30 off.xlsx,DRESSES,5.7.25 All Dresses 30% off and Sleep up to 40% off (dresses: with exceptions),Dresses|Sleep/PJs,210,85,382976.0
2025-05-11,pdl,c8b97e3216dd,5.7.25 Dresses 30 off.xlsx,SLEEP,5.7.25 All Dresses 30% off and Sleep up to 40% off (dresses: with exceptions),Dresses|Sleep/PJs,619,178,1144148.0
2025-05-12,pdl,c8b97e3216dd,5.7.25 Dresses 30 off.xlsx,ALL OFFERS,5.7.25 All Dresses 30% off and Sleep up to 40% off (dresses: with exceptions),Dresses|Sleep/PJs,1837,599,3012527.0
2025-05-12,pdl,c8b97e3216dd,5.7.25 Dresses 30 off.xlsx,DRESSES,5.7.25 All Dresses 30% off and Sleep up to 40% off (dresses: with exceptions),Dresses|Sleep/PJs,210,85,382976.0
2025-05-12,pdl,c8b97e3216dd,5.7.25 Dresses 30 off.xlsx,SLEEP,5.7.25 All Dresses 30% off and Sleep up to 40% off (dresses: with exceptions),Dresses|Sleep/PJs,619,178,1144148.0
2025-05-13,pdl,3af3562b7efb,5.13.25 All Swim up to 40 off.xlsx,ALL OFFERS,5.13.25 All Swim up to 40% off + All baby up to 40% off,Swim|Baby,1717,554,2932266.0
2025-05-13,pdl,3af3562b7efb,5.13.25 All Swim up to 40 off.xlsx,baby up to 40% off,5.13.25 All Swim up to 40% off + All baby up to 40% off,Swim|Baby,361,108,587314.0
2025-05-13,pdl,3af3562b7efb,5.13.25 All Swim up to 40 off.xlsx,swim up to 40%,5.13.25 All Swim up to 40% off + All baby up to 40% off,Swim|Baby,229,63,272358.0
2025-05-14,pdl,3af3562b7efb,5.13.25 All Swim up to 40 off.xlsx,ALL OFFERS,5.13.25 All Swim up to 40% off + All baby up to 40% off,Swim|Baby,1717,554,2932266.0
2025-05-14,pdl,3af3562b7efb,5.13.25 All Swim up to 40 off.xlsx,baby up to 40% off,5.13.25 All Swim up to 40% off + All baby up to 40% off,Swim|Baby,361,108,587314.0
2025-05-14,pdl,3af3562b7efb,5.13.25 All Swim up to 40 off.xlsx,swim up to 40%,5.13.25 All Swim up to 40% off + All baby up to 40% off,Swim|Baby,229,63,272358.0
2025-05-15,pdl,3af3562b7efb,5.13.25 All Swim up to 40 off.xlsx,ALL OFFERS,5.13.25 All Swim up to 40% off + All baby up to 40% off,Swim|Baby,1717,554,2932266.0
2025-05-15,pdl,3af3562b7efb,5.13.25 All Swim up to 40 off.xlsx,baby up to 40% off,5.13.25 All Swim up to 40% off + All baby up to 40% off,Swim|Baby,361,108,587314.0
2025-05-15,pdl,3af3562b7efb,5.13.25 All Swim up to 40 off.xlsx,swim up to 40%,5.13.25 All Swim up to 40% off + All baby up to 40% off,Swim|Baby,229,63,272358.0
2025-05-16,pdl,3af3562b7efb,5.13.25 All Swim up to 40 off.xlsx,ALL OFFERS,5.13.25 All Swim up to 40% off + All baby up to 40% off,Swim|Baby,1717,554,2932266.0
2025-05-16,pdl,3af3562b7efb,5.13.25 All Swim up to 40 off.xlsx,baby up to 40% off,5.13.25 All Swim up to 40% off + All baby up to 40% off,Swim|Baby,361,108,587314.0
2025-05-16,pdl,3af3562b7efb,5.13.25 All Swim up to 40 off.xlsx,swim up to 40%,5.13.25 All Swim up to 40% off + All baby up to 40% off,Swim|Baby,229,63,272358.0
2025-05-17,pdl,79d192339e91,5.17.25 Memorial Day up to 50% off - updated 05.02.25.xlsx,ALL OFFERS,5.17.25 Memorial Day up to 50% Off,,1728,559,2588427.0
2025-05-17,pdl,79d192339e91,5.17.25 Memorial Day up to 50% off - updated 05.02.25.xlsx,Clearance List,5.17.25 Memorial Day up to 50% Off -- extra % off clearance,Clearance,457,256,156519.0
2025-05-18,pdl,79d192339e91,5.17.25 Memorial Day up to 50% off - updated 05.02.25.xlsx,ALL OFFERS,5.17.25 Memorial Day up to 50% Off,,1728,559,2588427.0
2025-05-18,pdl,79d192339e91,5.17.25 Memorial Day up to 50% off - updated 05.02.25.xlsx,Clearance List,5.17.25 Memorial Day up to 50% Off -- extra % off clearance,Clearance,457,256,156519.0
2025-05-19,pdl,79d192339e91,5.17.25 Memorial Day up to 50% off - updated 05.02.25.xlsx,ALL OFFERS,5.17.25 Memorial Day up to 50% Off,,1728,559,2588427.0
2025-05-19,pdl,79d192339e91,5.17.25 Memorial Day up to 50% off - updated 05.02.25.xlsx,Clearance List,5.17.25 Memorial Day up to 50% Off -- extra % off clearance,Clearance,457,256,156519.0
2025-05-20,pdl,79d192339e91,5.17.25 Memorial Day up to 50% off - updated 05.02.25.xlsx,ALL OFFERS,5.17.25 Memorial Day up to 50% Off,,1728,559,2588427.0
2025-05-20,pdl,79d192339e91,5.17.25 Memorial Day up to 50% off - updated 05.02.25.xlsx,Clearance List,5.17.25 Memorial Day up to 50% Off -- extra % off clearance,Clearance,457,256,156519.0
2025-05-21,pdl,79d192339e91,5.17.25 Memorial Day up to 50% off - updated 05.02.25.xlsx,ALL OFFERS,5.17.25 Memorial Day up to 50% Off,,1728,559,2588427.0
2025-05-21,pdl,79d192339e91,5.17.25 Memorial Day up to 50% off - updated 05.02.25.xlsx,Clearance List,5.17.25 Memorial Day up to 50% Off -- extra % off clearance,Clearance,457,256,156519.0
2025-05-22,pdl,79d192339e91,5.17.25 Memorial Day up to 50% off - updated 05.02.25.xlsx,ALL OFFERS,5.17.25 Memorial Day up to 50% Off,,1728,559,2588427.0
2025-05-22,pdl,79d192339e91,5.17.25 Memorial Day up to 50% off - updated 05.02.25.xlsx,Clearance List,5.17.25 Memorial Day up to 50% Off -- extra % off clearance,Clearance,457,256,156519.0
2025-05-23,pdl,79d192339e91,5.17.25 Memorial Day up to 50% off - updated 05.02.25.xlsx,ALL OFFERS,5.17.25 Memorial Day up to 50% Off,,1728,559,2588427.0
2025-05-23,pdl,79d192339e91,5.17.25 Memorial Day up to 50% off - updated 05.02.25.xlsx,Clearance List,5.17.25 Memorial Day up to 50% Off -- extra % off clearance,Clearance,457,256,156519.0
2025-05-24,pdl,79d192339e91,5.17.25 Memorial Day up to 50% off - updated 05.02.25.xlsx,ALL OFFERS,5.17.25 Memorial Day up to 50% Off,,1728,559,2588427.0
2025-05-24,pdl,79d192339e91,5.17.25 Memorial Day up to 50% off - updated 05.02.25.xlsx,Clearance List,5.17.25 Memorial Day up to 50% Off -- extra % off clearance,Clearance,457,256,156519.0
2025-05-25,pdl,79d192339e91,5.17.25 Memorial Day up to 50% off - updated 05.02.25.xlsx,ALL OFFERS,5.17.25 Memorial Day up to 50% Off,,1728,559,2588427.0
2025-05-25,pdl,79d192339e91,5.17.25 Memorial Day up to 50% off - updated 05.02.25.xlsx,Clearance List,5.17.25 Memorial Day up to 50% Off -- extra % off clearance,Clearance,457,256,156519.0
2025-05-26,pdl,79d192339e91,5.17.25 Memorial Day up to 50% off - updated 05.02.25.xlsx,ALL OFFERS,5.17.25 Memorial Day up to 50% Off,,1728,559,2588427.0
2025-05-26,pdl,79d192339e91,5.17.25 Memorial Day up to 50% off - updated 05.02.25.xlsx,Clearance List,5.17.25 Memorial Day up to 50% Off -- extra % off clearance,Clearance,457,256,156519.0
2025-05-27,pdl,fad258b29082,5.27.25 Summer Dresses up to 50 off.xlsx,ALL OFFERS,Summer Dresses up to 50% off + All Kids up to 40% off (Camp and Play),Dresses|Kids,1733,559,2509325.0
2025-05-27,pdl,fad258b29082,5.27.25 Summer Dresses up to 50 off.xlsx,DRESSES,Summer Dresses up to 50% off + All Kids up to 40% off,Dresses|Kids,175,70,291989.0
2025-05-27,pdl,fad258b29082,5.27.25 Summer Dresses up to 50 off.xlsx,NEW ARRIVALS,Summer Dresses up to 50% off + All Kids up to 40% off (Camp and Play),Dresses|New Arrivals|Kids,185,55,239914.0
2025-05-28,pdl,fad258b29082,5.27.25 Summer Dresses up to 50 off.xlsx,ALL OFFERS,Summer Dresses up to 50% off + All Kids up to 40% off (Camp and Play),Dresses|Kids,1733,559,2509325.0
2025-05-28,pdl,fad258b29082,5.27.25 Summer Dresses up to 50 off.xlsx,DRESSES,Summer Dresses up to 50% off + All Kids up to 40% off,Dresses|Kids,175,70,291989.0
2025-05-28,pdl,fad258b29082,5.27.25 Summer Dresses up to 50 off.xlsx,NEW ARRIVALS,Summer Dresses up to 50% off + All Kids up to 40% off (Camp and Play),Dresses|New Arrivals|Kids,185,55,239914.0
2025-05-29,pdl,fad258b29082,5.27.25 Summer Dresses up to 50 off.xlsx,ALL OFFERS,Summer Dresses up to 50% off + All Kids up to 40% off (Camp and Play),Dresses|Kids,1733,559,2509325.0
2025-05-29,pdl,fad258b29082,5.27.25 Summer Dresses up to 50 off.xlsx,DRESSES,Summer Dresses up to 50% off + All Kids up to 40% off,Dresses|Kids,175,70,291989.0
2025-05-29,pdl,fad258b29082,5.27.25 Summer Dresses up to 50 off.xlsx,NEW ARRIVALS,Summer Dresses up to 50% off + All Kids up to 40% off (Camp and Play),Dresses|New Arrivals|Kids,185,55,239914.0
2025-05-30,pdl,fad258b29082,5.27.25 Summer Dresses up to 50 off.xlsx,ALL OFFERS,Summer Dresses up to 50% off + All Kids up to 40% off (Camp and Play),Dresses|Kids,1733,559,2509325.0
2025-05-30,pdl,fad258b29082,5.27.25 Summer Dresses up to 50 off.xlsx,DRESSES,Summer Dresses up to 50% off + All Kids up to 40% off,Dresses|Kids,175,70,291989.0
2025-05-30,pdl,fad258b29082,5.27.25 Summer Dresses up to 50 off.xlsx,NEW ARRIVALS,Summer Dresses up to 50% off + All Kids up to 40% off (Camp and Play),Dresses|New Arrivals|Kids,185,55,239914.0
2025-05-31,pdl,fad258b29082,5.27.25 Summer Dresses up to 50 off.xlsx,ALL OFFERS,Summer Dresses up to 50% off + All Kids up to 40% off (Camp and Play),Dresses|Kids,1733,559,2509325.0
2025-05-31,pdl,fad258b29082,5.27.25 Summer Dresses up to 50 off.xlsx,DRESSES,Summer Dresses up to 50% off + All Kids up to 40% off,Dresses|Kids,175,70,291989.0
2025-05-31,pdl,fad258b29082,5.27.25 Summer Dresses up to 50 off.xlsx,NEW ARRIVALS,Summer Dresses up to 50% off + All Kids up to 40% off (Camp and Play),Dresses|New Arrivals|Kids,185,55,239914.0
2025-06-01,pdl,fad258b29082,5.27.25 Summer Dresses up to 50 off.xlsx,ALL OFFERS,Summer Dresses up to 50% off + All Kids up to 40% off (Camp and Play),Dresses|Kids,1733,559,2509325.0
2025-06-01,pdl,fad258b29082,5.27.25 Summer Dresses up to 50 off.xlsx,DRESSES,Summer Dresses up to 50% off + All Kids up to 40% off,Dresses|Kids,175,70,291989.0
2025-06-01,pdl,fad258b29082,5.27.25 Summer Dresses up to 50 off.xlsx,NEW ARRIVALS,Summer Dresses up to 50% off + All Kids up to 40% off (Camp and Play),Dresses|New Arrivals|Kids,185,55,239914.0
2025-06-02,pdl,fad258b29082,5.27.25 Summer Dresses up to 50 off.xlsx,ALL OFFERS,Summer Dresses up to 50% off + All Kids up to 40% off (Camp and Play),Dresses|Kids,1733,559,2509325.0
2025-06-02,pdl,fad258b29082,5.27.25 Summer Dresses up to 50 off.xlsx,DRESSES,Summer Dresses up to 50% off + All Kids up to 40% off,Dresses|Kids,175,70,291989.0
2025-06-02,pdl,fad258b29082,5.27.25 Summer Dresses up to 50 off.xlsx,NEW ARRIVALS,Summer Dresses up to 50% off + All Kids up to 40% off (Camp and Play),Dresses|New Arrivals|Kids,185,55,239914.0
2025-06-03,pdl,a0fddef2f62d,6.3.25 All Sleep up to 50 off.xlsx,ALL OFFERS,All Sleep up to 50% off + All Dresses up to 40% off,Dresses|Sleep/PJs,1727,559,2589260.0
2025-06-03,pdl,a0fddef2f62d,6.3.25 All Sleep up to 50 off.xlsx,DRESSES,All Sleep up to 50% off + All Dresses up to 40% off,Dresses|Sleep/PJs,176,71,302311.0
2025-06-03,pdl,a0fddef2f62d,6.3.25 All Sleep up to 50 off.xlsx,SLEEP,All Sleep up to 50% off + All Dresses up to 40% off,Dresses|Sleep/PJs,599,173,1061751.0
2025-06-03,pdl,a0fddef2f62d,6.3.25 All Sleep up to 50 off.xlsx,clearance - 6.7.25 extra 20% of,All Sleep up to 50% off + All Dresses up to 40% off,Dresses|Sleep/PJs|Clearance,358,204,88779.0
2025-06-04,pdl,a0fddef2f62d,6.3.25 All Sleep up to 50 off.xlsx,ALL OFFERS,All Sleep up to 50% off + All Dresses up to 40% off,Dresses|Sleep/PJs,1727,559,2589260.0
2025-06-04,pdl,a0fddef2f62d,6.3.25 All Sleep up to 50 off.xlsx,DRESSES,All Sleep up to 50% off + All Dresses up to 40% off,Dresses|Sleep/PJs,176,71,302311.0
2025-06-04,pdl,a0fddef2f62d,6.3.25 All Sleep up to 50 off.xlsx,SLEEP,All Sleep up to 50% off + All Dresses up to 40% off,Dresses|Sleep/PJs,599,173,1061751.0
2025-06-04,pdl,a0fddef2f62d,6.3.25 All Sleep up to 50 off.xlsx,clearance - 6.7.25 extra 20% of,All Sleep up to 50% off + All Dresses up to 40% off,Dresses|Sleep/PJs|Clearance,358,204,88779.0
2025-06-05,pdl,a0fddef2f62d,6.3.25 All Sleep up to 50 off.xlsx,ALL OFFERS,All Sleep up to 50% off + All Dresses up to 40% off,Dresses|Sleep/PJs,1727,559,2589260.0
2025-06-05,pdl,a0fddef2f62d,6.3.25 All Sleep up to 50 off.xlsx,DRESSES,All Sleep up to 50% off + All Dresses up to 40% off,Dresses|Sleep/PJs,176,71,302311.0
2025-06-05,pdl,a0fddef2f62d,6.3.25 All Sleep up to 50 off.xlsx,SLEEP,All Sleep up to 50% off + All Dresses up to 40% off,Dresses|Sleep/PJs,599,173,1061751.0
2025-06-05,pdl,a0fddef2f62d,6.3.25 All Sleep up to 50 off.xlsx,clearance - 6.7.25 extra 20% of,All Sleep up to 50% off + All Dresses up to 40% off,Dresses|Sleep/PJs|Clearance,358,204,88779.0
2025-06-06,pdl,a0fddef2f62d,6.3.25 All Sleep up to 50 off.xlsx,ALL OFFERS,All Sleep up to 50% off + All Dresses up to 40% off,Dresses|Sleep/PJs,1727,559,2589260.0
2025-06-06,pdl,a0fddef2f62d,6.3.25 All Sleep up to 50 off.xlsx,DRESSES,All Sleep up to 50% off + All Dresses up to 40% off,Dresses|Sleep/PJs,176,71,302311.0
2025-06-06,pdl,a0fddef2f62d,6.3.25 All Sleep up to 50 off.xlsx,SLEEP,All Sleep up to 50% off + All Dresses up to 40% off,Dresses|Sleep/PJs,599,173,1061751.0
2025-06-06,pdl,a0fddef2f62d,6.3.25 All Sleep up to 50 off.xlsx,clearance - 6.7.25 extra 20% of,All Sleep up to 50% off + All Dresses up to 40% off,Dresses|Sleep/PJs|Clearance,358,204,88779.0
2025-06-07,pdl,a0fddef2f62d,6.3.25 All Sleep up to 50 off.xlsx,ALL OFFERS,All Sleep up to 50% off + All Dresses up to 40% off,Dresses|Sleep/PJs,1727,559,2589260.0
2025-06-07,pdl,a0fddef2f62d,6.3.25 All Sleep up to 50 off.xlsx,DRESSES,All Sleep up to 50% off + All Dresses up to 40% off,Dresses|Sleep/PJs,176,71,302311.0
2025-06-07,pdl,a0fddef2f62d,6.3.25 All Sleep up to 50 off.xlsx,SLEEP,All Sleep up to 50% off + All Dresses up to 40% off,Dresses|Sleep/PJs,599,173,1061751.0
2025-06-07,pdl,a0fddef2f62d,6.3.25 All Sleep up to 50 off.xlsx,clearance - 6.7.25 extra 20% of,All Sleep up to 50% off + All Dresses up to 40% off,Dresses|Sleep/PJs|Clearance,358,204,88779.0
2025-06-08,pdl,a0fddef2f62d,6.3.25 All Sleep up to 50 off.xlsx,ALL OFFERS,All Sleep up to 50% off + All Dresses up to 40% off,Dresses|Sleep/PJs,1727,559,2589260.0
2025-06-08,pdl,a0fddef2f62d,6.3.25 All Sleep up to 50 off.xlsx,DRESSES,All Sleep up to 50% off + All Dresses up to 40% off,Dresses|Sleep/PJs,176,71,302311.0
2025-06-08,pdl,a0fddef2f62d,6.3.25 All Sleep up to 50 off.xlsx,SLEEP,All Sleep up to 50% off + All Dresses up to 40% off,Dresses|Sleep/PJs,599,173,1061751.0
2025-06-08,pdl,a0fddef2f62d,6.3.25 All Sleep up to 50 off.xlsx,clearance - 6.7.25 extra 20% of,All Sleep up to 50% off + All Dresses up to 40% off,Dresses|Sleep/PJs|Clearance,358,204,88779.0
2025-06-09,pdl,a0fddef2f62d,6.3.25 All Sleep up to 50 off.xlsx,ALL OFFERS,All Sleep up to 50% off + All Dresses up to 40% off,Dresses|Sleep/PJs,1727,559,2589260.0
2025-06-09,pdl,a0fddef2f62d,6.3.25 All Sleep up to 50 off.xlsx,DRESSES,All Sleep up to 50% off + All Dresses up to 40% off,Dresses|Sleep/PJs,176,71,302311.0
2025-06-09,pdl,a0fddef2f62d,6.3.25 All Sleep up to 50 off.xlsx,SLEEP,All Sleep up to 50% off + All Dresses up to 40% off,Dresses|Sleep/PJs,599,173,1061751.0
2025-06-09,pdl,a0fddef2f62d,6.3.25 All Sleep up to 50 off.xlsx,clearance - 6.7.25 extra 20% of,All Sleep up to 50% off + All Dresses up to 40% off,Dresses|Sleep/PJs|Clearance,358,204,88779.0
2025-06-10,pdl,832f3bfaf4ab,6.10.25 All Swim up to 50 off.xlsx,ALL OFFERS,All Swim up to 50% off - starting at $20 & RWB/Backyard Bliss up to 50% off,Swim,1727,560,2564474.0
2025-06-10,pdl,832f3bfaf4ab,6.10.25 All Swim up to 50 off.xlsx,SWIM,All Swim up to 50% off - starting at $20 & RWB/Backyard Bliss up to 50% off,Swim,228,62,229949.0
2025-06-11,pdl,832f3bfaf4ab,6.10.25 All Swim up to 50 off.xlsx,ALL OFFERS,All Swim up to 50% off - starting at $20 & RWB/Backyard Bliss up to 50% off,Swim,1727,560,2564474.0
2025-06-11,pdl,832f3bfaf4ab,6.10.25 All Swim up to 50 off.xlsx,SWIM,All Swim up to 50% off - starting at $20 & RWB/Backyard Bliss up to 50% off,Swim,228,62,229949.0
2025-06-12,pdl,832f3bfaf4ab,6.10.25 All Swim up to 50 off.xlsx,ALL OFFERS,All Swim up to 50% off - starting at $20 & RWB/Backyard Bliss up to 50% off,Swim,1727,560,2564474.0
2025-06-12,pdl,832f3bfaf4ab,6.10.25 All Swim up to 50 off.xlsx,SWIM,All Swim up to 50% off - starting at $20 & RWB/Backyard Bliss up to 50% off,Swim,228,62,229949.0
2025-06-13,pdl,832f3bfaf4ab,6.10.25 All Swim up to 50 off.xlsx,ALL OFFERS,All Swim up to 50% off - starting at $20 & RWB/Backyard Bliss up to 50% off,Swim,1727,560,2564474.0
2025-06-13,pdl,832f3bfaf4ab,6.10.25 All Swim up to 50 off.xlsx,SWIM,All Swim up to 50% off - starting at $20 & RWB/Backyard Bliss up to 50% off,Swim,228,62,229949.0
2025-06-14,pdl,832f3bfaf4ab,6.10.25 All Swim up to 50 off.xlsx,ALL OFFERS,All Swim up to 50% off - starting at $20 & RWB/Backyard Bliss up to 50% off,Swim,1727,560,2564474.0
2025-06-14,pdl,832f3bfaf4ab,6.10.25 All Swim up to 50 off.xlsx,SWIM,All Swim up to 50% off - starting at $20 & RWB/Backyard Bliss up to 50% off,Swim,228,62,229949.0
2025-06-15,pdl,832f3bfaf4ab,6.10.25 All Swim up to 50 off.xlsx,ALL OFFERS,All Swim up to 50% off - starting at $20 & RWB/Backyard Bliss up to 50% off,Swim,1727,560,2564474.0
2025-06-15,pdl,832f3bfaf4ab,6.10.25 All Swim up to 50 off.xlsx,SWIM,All Swim up to 50% off - starting at $20 & RWB/Backyard Bliss up to 50% off,Swim,228,62,229949.0
2025-06-16,pdl,832f3bfaf4ab,6.10.25 All Swim up to 50 off.xlsx,ALL OFFERS,All Swim up to 50% off - starting at $20 & RWB/Backyard Bliss up to 50% off,Swim,1727,560,2564474.0
2025-06-16,pdl,832f3bfaf4ab,6.10.25 All Swim up to 50 off.xlsx,SWIM,All Swim up to 50% off - starting at $20 & RWB/Backyard Bliss up to 50% off,Swim,228,62,229949.0
2025-06-17,pdl,33fa51f382ff,6.17.25 All Dresses up to 50 off.xlsx,ALL OFFERS,All Dresses up to 50% off & All Sleep up to 50% off,Dresses|Sleep/PJs,1798,581,2401336.0
2025-06-17,pdl,33fa51f382ff,6.17.25 All Dresses up to 50 off.xlsx,DRESSES,All Dresses up to 50% off & All Sleep up to 50% off,Dresses|Sleep/PJs,195,78,294082.0
2025-06-17,pdl,33fa51f382ff,6.17.25 All Dresses up to 50 off.xlsx,SLEEP,All Dresses up to 50% off & All Sleep up to 50% off,Dresses|Sleep/PJs,631,182,1039927.0
2025-06-18,pdl,33fa51f382ff,6.17.25 All Dresses up to 50 off.xlsx,ALL OFFERS,All Dresses up to 50% off & All Sleep up to 50% off,Dresses|Sleep/PJs,1798,581,2401336.0
2025-06-18,pdl,33fa51f382ff,6.17.25 All Dresses up to 50 off.xlsx,DRESSES,All Dresses up to 50% off & All Sleep up to 50% off,Dresses|Sleep/PJs,195,78,294082.0
2025-06-18,pdl,33fa51f382ff,6.17.25 All Dresses up to 50 off.xlsx,SLEEP,All Dresses up to 50% off & All Sleep up to 50% off,Dresses|Sleep/PJs,631,182,1039927.0
2025-06-19,pdl,33fa51f382ff,6.17.25 All Dresses up to 50 off.xlsx,ALL OFFERS,All Dresses up to 50% off & All Sleep up to 50% off,Dresses|Sleep/PJs,1798,581,2401336.0
2025-06-19,pdl,33fa51f382ff,6.17.25 All Dresses up to 50 off.xlsx,DRESSES,All Dresses up to 50% off & All Sleep up to 50% off,Dresses|Sleep/PJs,195,78,294082.0
2025-06-19,pdl,33fa51f382ff,6.17.25 All Dresses up to 50 off.xlsx,SLEEP,All Dresses up to 50% off & All Sleep up to 50% off,Dresses|Sleep/PJs,631,182,1039927.0
2025-06-20,pdl,33fa51f382ff,6.17.25 All Dresses up to 50 off.xlsx,ALL OFFERS,All Dresses up to 50% off & All Sleep up to 50% off,Dresses|Sleep/PJs,1798,581,2401336.0
2025-06-20,pdl,33fa51f382ff,6.17.25 All Dresses up to 50 off.xlsx,DRESSES,All Dresses up to 50% off & All Sleep up to 50% off,Dresses|Sleep/PJs,195,78,294082.0
2025-06-20,pdl,33fa51f382ff,6.17.25 All Dresses up to 50 off.xlsx,SLEEP,All Dresses up to 50% off & All Sleep up to 50% off,Dresses|Sleep/PJs,631,182,1039927.0
2025-06-21,pdl,33fa51f382ff,6.17.25 All Dresses up to 50 off.xlsx,ALL OFFERS,All Dresses up to 50% off & All Sleep up to 50% off,Dresses|Sleep/PJs,1798,581,2401336.0
2025-06-21,pdl,33fa51f382ff,6.17.25 All Dresses up to 50 off.xlsx,DRESSES,All Dresses up to 50% off & All Sleep up to 50% off,Dresses|Sleep/PJs,195,78,294082.0
2025-06-21,pdl,33fa51f382ff,6.17.25 All Dresses up to 50 off.xlsx,SLEEP,All Dresses up to 50% off & All Sleep up to 50% off,Dresses|Sleep/PJs,631,182,1039927.0
2025-06-21,pdl,deb802d08d2f,6.21.25 Hanna Sale Phase 1 up to 60% off.xlsx,HANNA SALE START 6-21,HANNA SALE Up to 60% off,Clearance,758,284,417089.0
2025-06-21,pdl,deb802d08d2f,6.21.25 Hanna Sale Phase 1 up to 60% off.xlsx,OVERNIGHT QA VALIDATION,HANNA SALE Up to 60% off,Clearance,0,0,0.0
2025-06-21,pdl,deb802d08d2f,6.21.25 Hanna Sale Phase 1 up to 60% off.xlsx,REG PROMO OFFERS 6.21-6.26,HANNA SALE Up to 60% off,Clearance,1040,363,1787998.0
2025-06-21,pdl,deb802d08d2f,6.21.25 Hanna Sale Phase 1 up to 60% off.xlsx,REG PROMO OFFERS 6.27-6.30,HANNA SALE Up to 60% off,Clearance,1040,363,1787998.0
2025-06-21,pdl,deb802d08d2f,6.21.25 Hanna Sale Phase 1 up to 60% off.xlsx,existing markdowns,HANNA SALE existing markdowns,Clearance,481,326,170693.0
2025-06-22,pdl,deb802d08d2f,6.21.25 Hanna Sale Phase 1 up to 60% off.xlsx,OVERNIGHT QA VALIDATION,HANNA SALE Up to 60% off,Clearance,0,0,0.0
2025-06-22,pdl,deb802d08d2f,6.21.25 Hanna Sale Phase 1 up to 60% off.xlsx,REG PROMO OFFERS 6.21-6.26,HANNA SALE Up to 60% off,Clearance,1040,363,1787998.0
2025-06-22,pdl,deb802d08d2f,6.21.25 Hanna Sale Phase 1 up to 60% off.xlsx,REG PROMO OFFERS 6.27-6.30,HANNA SALE Up to 60% off,Clearance,1040,363,1787998.0
2025-06-22,pdl,deb802d08d2f,6.21.25 Hanna Sale Phase 1 up to 60% off.xlsx,existing markdowns,HANNA SALE existing markdowns,Clearance,481,326,170693.0
2025-06-23,pdl,deb802d08d2f,6.21.25 Hanna Sale Phase 1 up to 60% off.xlsx,OVERNIGHT QA VALIDATION,HANNA SALE Up to 60% off,Clearance,0,0,0.0
2025-06-23,pdl,deb802d08d2f,6.21.25 Hanna Sale Phase 1 up to 60% off.xlsx,REG PROMO OFFERS 6.21-6.26,HANNA SALE Up to 60% off,Clearance,1040,363,1787998.0
2025-06-23,pdl,deb802d08d2f,6.21.25 Hanna Sale Phase 1 up to 60% off.xlsx,REG PROMO OFFERS 6.27-6.30,HANNA SALE Up to 60% off,Clearance,1040,363,1787998.0
2025-06-23,pdl,deb802d08d2f,6.21.25 Hanna Sale Phase 1 up to 60% off.xlsx,existing markdowns,HANNA SALE existing markdowns,Clearance,481,326,170693.0
2025-06-24,pdl,deb802d08d2f,6.21.25 Hanna Sale Phase 1 up to 60% off.xlsx,OVERNIGHT QA VALIDATION,HANNA SALE Up to 60% off,Clearance,0,0,0.0
2025-06-24,pdl,deb802d08d2f,6.21.25 Hanna Sale Phase 1 up to 60% off.xlsx,REG PROMO OFFERS 6.21-6.26,HANNA SALE Up to 60% off,Clearance,1040,363,1787998.0
2025-06-24,pdl,deb802d08d2f,6.21.25 Hanna Sale Phase 1 up to 60% off.xlsx,REG PROMO OFFERS 6.27-6.30,HANNA SALE Up to 60% off,Clearance,1040,363,1787998.0
2025-06-24,pdl,deb802d08d2f,6.21.25 Hanna Sale Phase 1 up to 60% off.xlsx,existing markdowns,HANNA SALE existing markdowns,Clearance,481,326,170693.0
2025-06-25,pdl,deb802d08d2f,6.21.25 Hanna Sale Phase 1 up to 60% off.xlsx,OVERNIGHT QA VALIDATION,HANNA SALE Up to 60% off,Clearance,0,0,0.0
2025-06-25,pdl,deb802d08d2f,6.21.25 Hanna Sale Phase 1 up to 60% off.xlsx,REG PROMO OFFERS 6.21-6.26,HANNA SALE Up to 60% off,Clearance,1040,363,1787998.0
2025-06-25,pdl,deb802d08d2f,6.21.25 Hanna Sale Phase 1 up to 60% off.xlsx,REG PROMO OFFERS 6.27-6.30,HANNA SALE Up to 60% off,Clearance,1040,363,1787998.0
2025-06-25,pdl,deb802d08d2f,6.21.25 Hanna Sale Phase 1 up to 60% off.xlsx,existing markdowns,HANNA SALE existing markdowns,Clearance,481,326,170693.0
2025-06-26,pdl,deb802d08d2f,6.21.25 Hanna Sale Phase 1 up to 60% off.xlsx,OVERNIGHT QA VALIDATION,HANNA SALE Up to 60% off,Clearance,0,0,0.0
2025-06-26,pdl,deb802d08d2f,6.21.25 Hanna Sale Phase 1 up to 60% off.xlsx,REG PROMO OFFERS 6.21-6.26,HANNA SALE Up to 60% off,Clearance,1040,363,1787998.0
2025-06-26,pdl,deb802d08d2f,6.21.25 Hanna Sale Phase 1 up to 60% off.xlsx,REG PROMO OFFERS 6.27-6.30,HANNA SALE Up to 60% off,Clearance,1040,363,1787998.0
2025-06-26,pdl,deb802d08d2f,6.21.25 Hanna Sale Phase 1 up to 60% off.xlsx,existing markdowns,HANNA SALE existing markdowns,Clearance,481,326,170693.0
2025-06-27,pdl,deb802d08d2f,6.21.25 Hanna Sale Phase 1 up to 60% off.xlsx,OVERNIGHT QA VALIDATION,HANNA SALE Up to 60% off,Clearance,0,0,0.0
2025-06-27,pdl,deb802d08d2f,6.21.25 Hanna Sale Phase 1 up to 60% off.xlsx,REG PROMO OFFERS 6.21-6.26,HANNA SALE Up to 60% off,Clearance,1040,363,1787998.0
2025-06-27,pdl,deb802d08d2f,6.21.25 Hanna Sale Phase 1 up to 60% off.xlsx,REG PROMO OFFERS 6.27-6.30,HANNA SALE Up to 60% off,Clearance,1040,363,1787998.0
2025-06-27,pdl,deb802d08d2f,6.21.25 Hanna Sale Phase 1 up to 60% off.xlsx,existing markdowns,HANNA SALE existing markdowns,Clearance,481,326,170693.0
2025-06-28,pdl,deb802d08d2f,6.21.25 Hanna Sale Phase 1 up to 60% off.xlsx,OVERNIGHT QA VALIDATION,HANNA SALE Up to 60% off,Clearance,0,0,0.0
2025-06-28,pdl,deb802d08d2f,6.21.25 Hanna Sale Phase 1 up to 60% off.xlsx,REG PROMO OFFERS 6.21-6.26,HANNA SALE Up to 60% off,Clearance,1040,363,1787998.0
2025-06-28,pdl,deb802d08d2f,6.21.25 Hanna Sale Phase 1 up to 60% off.xlsx,REG PROMO OFFERS 6.27-6.30,HANNA SALE Up to 60% off,Clearance,1040,363,1787998.0
2025-06-28,pdl,deb802d08d2f,6.21.25 Hanna Sale Phase 1 up to 60% off.xlsx,existing markdowns,HANNA SALE existing markdowns,Clearance,481,326,170693.0
2025-06-29,pdl,deb802d08d2f,6.21.25 Hanna Sale Phase 1 up to 60% off.xlsx,HANNA SALE PHASE 2 - 6.29,HANNA SALE additional markdowns,Clearance,107,43,65766.0
2025-06-29,pdl,deb802d08d2f,6.21.25 Hanna Sale Phase 1 up to 60% off.xlsx,REG PROMO OFFERS 6.27-6.30,HANNA SALE Up to 60% off,Clearance,1040,363,1787998.0
2025-06-30,pdl,deb802d08d2f,6.21.25 Hanna Sale Phase 1 up to 60% off.xlsx,REG PROMO OFFERS 6.27-6.30,HANNA SALE Up to 60% off,Clearance,1040,363,1787998.0
2025-07-01,pdl,deb802d08d2f,6.21.25 Hanna Sale Phase 1 up to 60% off.xlsx,CHRISTMAS IN JULY 7.1-7.2,HANNA SALE: CHRISTMAS IN JULY,Clearance,27,16,44587.0
2025-07-02,pdl,deb802d08d2f,6.21.25 Hanna Sale Phase 1 up to 60% off.xlsx,CHRISTMAS IN JULY 7.1-7.2,HANNA SALE: CHRISTMAS IN JULY,Clearance,27,16,44587.0
2025-07-04,pdl,deb802d08d2f,6.21.25 Hanna Sale Phase 1 up to 60% off.xlsx,HANNA SALE CLOSEDOWN 7.4,HANNA SALE CLOSEDOWN,Clearance,866,320,475989.0
2025-07-09,pdl,513b1efdeffd,7.9.25 Kids and Baby Sleep + 50% off Bluey PDL.xlsx,ALL OFFERS,BABY/TODDLER & KIDS SLEEP + 50% OFF BLUEY,Sleep/PJs|Baby|Kids,974,350,1765802.0
2025-07-09,pdl,513b1efdeffd,7.9.25 Kids and Baby Sleep + 50% off Bluey PDL.xlsx,BLUEY UP TO 50% OFF,BLUEY UP TO 50% OFF,Sleep/PJs|Baby|Kids,20,18,32256.0
2025-07-09,pdl,513b1efdeffd,7.9.25 Kids and Baby Sleep + 50% off Bluey PDL.xlsx,TWO DAY BABY EVENT,BABY/TODDLER SLEEP TWO DAY EVENT,Sleep/PJs|Baby|Kids,30,5,61521.0
2025-07-10,pdl,513b1efdeffd,7.9.25 Kids and Baby Sleep + 50% off Bluey PDL.xlsx,ALL OFFERS,BABY/TODDLER & KIDS SLEEP + 50% OFF BLUEY,Sleep/PJs|Baby|Kids,974,350,1765802.0
2025-07-10,pdl,513b1efdeffd,7.9.25 Kids and Baby Sleep + 50% off Bluey PDL.xlsx,BLUEY UP TO 50% OFF,BLUEY UP TO 50% OFF,Sleep/PJs|Baby|Kids,20,18,32256.0
2025-07-10,pdl,513b1efdeffd,7.9.25 Kids and Baby Sleep + 50% off Bluey PDL.xlsx,TWO DAY BABY EVENT,BABY/TODDLER SLEEP TWO DAY EVENT,Sleep/PJs|Baby|Kids,30,5,61521.0
2025-07-11,pdl,513b1efdeffd,7.9.25 Kids and Baby Sleep + 50% off Bluey PDL.xlsx,ALL OFFERS,BABY/TODDLER & KIDS SLEEP + 50% OFF BLUEY,Sleep/PJs|Baby|Kids,974,350,1765802.0
2025-07-11,pdl,513b1efdeffd,7.9.25 Kids and Baby Sleep + 50% off Bluey PDL.xlsx,BLUEY UP TO 50% OFF,BLUEY UP TO 50% OFF,Sleep/PJs|Baby|Kids,20,18,32256.0
2025-07-11,pdl,513b1efdeffd,7.9.25 Kids and Baby Sleep + 50% off Bluey PDL.xlsx,TWO DAY KIDS SLEEP EVENT,KIDS SLEEP starting from $15,Sleep/PJs|Baby|Kids,7,3,14086.0
2025-07-12,pdl,513b1efdeffd,7.9.25 Kids and Baby Sleep + 50% off Bluey PDL.xlsx,ALL OFFERS,BABY/TODDLER & KIDS SLEEP + 50% OFF BLUEY,Sleep/PJs|Baby|Kids,974,350,1765802.0
2025-07-12,pdl,513b1efdeffd,7.9.25 Kids and Baby Sleep + 50% off Bluey PDL.xlsx,BLUEY UP TO 50% OFF,BLUEY UP TO 50% OFF,Sleep/PJs|Baby|Kids,20,18,32256.0
2025-07-12,pdl,513b1efdeffd,7.9.25 Kids and Baby Sleep + 50% off Bluey PDL.xlsx,TWO DAY KIDS SLEEP EVENT,KIDS SLEEP starting from $15,Sleep/PJs|Baby|Kids,7,3,14086.0
2025-07-13,pdl,513b1efdeffd,7.9.25 Kids and Baby Sleep + 50% off Bluey PDL.xlsx,ALL OFFERS,BABY/TODDLER & KIDS SLEEP + 50% OFF BLUEY,Sleep/PJs|Baby|Kids,974,350,1765802.0
2025-07-13,pdl,513b1efdeffd,7.9.25 Kids and Baby Sleep + 50% off Bluey PDL.xlsx,BLUEY UP TO 50% OFF,BLUEY UP TO 50% OFF,Sleep/PJs|Baby|Kids,20,18,32256.0
2025-07-14,pdl,513b1efdeffd,7.9.25 Kids and Baby Sleep + 50% off Bluey PDL.xlsx,ALL OFFERS,BABY/TODDLER & KIDS SLEEP + 50% OFF BLUEY,Sleep/PJs|Baby|Kids,974,350,1765802.0
2025-07-14,pdl,513b1efdeffd,7.9.25 Kids and Baby Sleep + 50% off Bluey PDL.xlsx,BLUEY UP TO 50% OFF,BLUEY UP TO 50% OFF,Sleep/PJs|Baby|Kids,20,18,32256.0
2025-07-15,pdl,b95a95ed3c00,7.15.25 Kids Summer up to 60 off.xlsx,ALL OFFERS,HOT SUMMER DAYS - Kids Summer Apparel up to 60% off,Kids,1653,532,2135687.0
2025-07-15,pdl,b95a95ed3c00,7.15.25 Kids Summer up to 60 off.xlsx,clearance,HOT SUMMER DAYS - Kids Summer Apparel up to 60% off,Clearance|Kids,810,311,362011.0
2025-07-15,pdl,b95a95ed3c00,7.15.25 Kids Summer up to 60 off.xlsx,summer dresses,HOT SUMMER DAYS - Kids Summer Apparel up to 60% off,Dresses|Kids,69,34,111017.0
2025-07-15,pdl,b95a95ed3c00,7.15.25 Kids Summer up to 60 off.xlsx,summer shorts sets and tees,HOT SUMMER DAYS - Kids Summer Apparel up to 60% off,Kids,97,34,153160.0
2025-07-15,pdl,b95a95ed3c00,7.15.25 Kids Summer up to 60 off.xlsx,swim,HOT SUMMER DAYS - Kids Summer Apparel up to 60% off,Swim|Kids,44,21,53345.0
2025-07-16,pdl,b95a95ed3c00,7.15.25 Kids Summer up to 60 off.xlsx,ALL OFFERS,HOT SUMMER DAYS - Kids Summer Apparel up to 60% off,Kids,1653,532,2135687.0
2025-07-16,pdl,b95a95ed3c00,7.15.25 Kids Summer up to 60 off.xlsx,clearance,HOT SUMMER DAYS - Kids Summer Apparel up to 60% off,Clearance|Kids,810,311,362011.0
2025-07-16,pdl,b95a95ed3c00,7.15.25 Kids Summer up to 60 off.xlsx,summer dresses,HOT SUMMER DAYS - Kids Summer Apparel up to 60% off,Dresses|Kids,69,34,111017.0
2025-07-16,pdl,b95a95ed3c00,7.15.25 Kids Summer up to 60 off.xlsx,summer shorts sets and tees,HOT SUMMER DAYS - Kids Summer Apparel up to 60% off,Kids,97,34,153160.0
2025-07-16,pdl,b95a95ed3c00,7.15.25 Kids Summer up to 60 off.xlsx,swim,HOT SUMMER DAYS - Kids Summer Apparel up to 60% off,Swim|Kids,44,21,53345.0
2025-07-17,pdl,b95a95ed3c00,7.15.25 Kids Summer up to 60 off.xlsx,ALL OFFERS,HOT SUMMER DAYS - Kids Summer Apparel up to 60% off,Kids,1653,532,2135687.0
2025-07-17,pdl,b95a95ed3c00,7.15.25 Kids Summer up to 60 off.xlsx,clearance,HOT SUMMER DAYS - Kids Summer Apparel up to 60% off,Clearance|Kids,810,311,362011.0
2025-07-17,pdl,b95a95ed3c00,7.15.25 Kids Summer up to 60 off.xlsx,summer dresses,HOT SUMMER DAYS - Kids Summer Apparel up to 60% off,Dresses|Kids,69,34,111017.0
2025-07-17,pdl,b95a95ed3c00,7.15.25 Kids Summer up to 60 off.xlsx,summer shorts sets and tees,HOT SUMMER DAYS - Kids Summer Apparel up to 60% off,Kids,97,34,153160.0
2025-07-17,pdl,b95a95ed3c00,7.15.25 Kids Summer up to 60 off.xlsx,swim,HOT SUMMER DAYS - Kids Summer Apparel up to 60% off,Swim|Kids,44,21,53345.0
2025-07-18,pdl,b95a95ed3c00,7.15.25 Kids Summer up to 60 off.xlsx,ALL OFFERS,HOT SUMMER DAYS - Kids Summer Apparel up to 60% off,Kids,1653,532,2135687.0
2025-07-18,pdl,b95a95ed3c00,7.15.25 Kids Summer up to 60 off.xlsx,clearance,HOT SUMMER DAYS - Kids Summer Apparel up to 60% off,Clearance|Kids,810,311,362011.0
2025-07-18,pdl,b95a95ed3c00,7.15.25 Kids Summer up to 60 off.xlsx,summer dresses,HOT SUMMER DAYS - Kids Summer Apparel up to 60% off,Dresses|Kids,69,34,111017.0
2025-07-18,pdl,b95a95ed3c00,7.15.25 Kids Summer up to 60 off.xlsx,summer shorts sets and tees,HOT SUMMER DAYS - Kids Summer Apparel up to 60% off,Kids,97,34,153160.0
2025-07-18,pdl,b95a95ed3c00,7.15.25 Kids Summer up to 60 off.xlsx,swim,HOT SUMMER DAYS - Kids Summer Apparel up to 60% off,Swim|Kids,44,21,53345.0
2025-07-19,pdl,b95a95ed3c00,7.15.25 Kids Summer up to 60 off.xlsx,ALL OFFERS,HOT SUMMER DAYS - Kids Summer Apparel up to 60% off,Kids,1653,532,2135687.0
2025-07-19,pdl,b95a95ed3c00,7.15.25 Kids Summer up to 60 off.xlsx,clearance,HOT SUMMER DAYS - Kids Summer Apparel up to 60% off,Clearance|Kids,810,311,362011.0
2025-07-19,pdl,b95a95ed3c00,7.15.25 Kids Summer up to 60 off.xlsx,summer dresses,HOT SUMMER DAYS - Kids Summer Apparel up to 60% off,Dresses|Kids,69,34,111017.0
2025-07-19,pdl,b95a95ed3c00,7.15.25 Kids Summer up to 60 off.xlsx,summer shorts sets and tees,HOT SUMMER DAYS - Kids Summer Apparel up to 60% off,Kids,97,34,153160.0
2025-07-19,pdl,b95a95ed3c00,7.15.25 Kids Summer up to 60 off.xlsx,swim,HOT SUMMER DAYS - Kids Summer Apparel up to 60% off,Swim|Kids,44,21,53345.0
2025-07-20,pdl,b95a95ed3c00,7.15.25 Kids Summer up to 60 off.xlsx,ALL OFFERS,HOT SUMMER DAYS - Kids Summer Apparel up to 60% off,Kids,1653,532,2135687.0
2025-07-20,pdl,b95a95ed3c00,7.15.25 Kids Summer up to 60 off.xlsx,clearance,HOT SUMMER DAYS - Kids Summer Apparel up to 60% off,Clearance|Kids,810,311,362011.0
2025-07-20,pdl,b95a95ed3c00,7.15.25 Kids Summer up to 60 off.xlsx,summer dresses,HOT SUMMER DAYS - Kids Summer Apparel up to 60% off,Dresses|Kids,69,34,111017.0
2025-07-20,pdl,b95a95ed3c00,7.15.25 Kids Summer up to 60 off.xlsx,summer shorts sets and tees,HOT SUMMER DAYS - Kids Summer Apparel up to 60% off,Kids,97,34,153160.0
2025-07-20,pdl,b95a95ed3c00,7.15.25 Kids Summer up to 60 off.xlsx,swim,HOT SUMMER DAYS - Kids Summer Apparel up to 60% off,Swim|Kids,44,21,53345.0
2025-07-21,pdl,b95a95ed3c00,7.15.25 Kids Summer up to 60 off.xlsx,ALL OFFERS,HOT SUMMER DAYS - Kids Summer Apparel up to 60% off,Kids,1653,532,2135687.0
2025-07-21,pdl,b95a95ed3c00,7.15.25 Kids Summer up to 60 off.xlsx,clearance,HOT SUMMER DAYS - Kids Summer Apparel up to 60% off,Clearance|Kids,810,311,362011.0
2025-07-21,pdl,b95a95ed3c00,7.15.25 Kids Summer up to 60 off.xlsx,summer dresses,HOT SUMMER DAYS - Kids Summer Apparel up to 60% off,Dresses|Kids,69,34,111017.0
2025-07-21,pdl,b95a95ed3c00,7.15.25 Kids Summer up to 60 off.xlsx,summer shorts sets and tees,HOT SUMMER DAYS - Kids Summer Apparel up to 60% off,Kids,97,34,153160.0
2025-07-21,pdl,b95a95ed3c00,7.15.25 Kids Summer up to 60 off.xlsx,swim,HOT SUMMER DAYS - Kids Summer Apparel up to 60% off,Swim|Kids,44,21,53345.0
2025-07-22,pdl,646f46fa83d6,7.22.25 Sleep up to 40 off.xlsx,ALL OFFERS,Sleep up to 40% off + Swim up to 50% off,Sleep/PJs|Swim,1733,567,2449484.0
2025-07-22,pdl,646f46fa83d6,7.22.25 Sleep up to 40 off.xlsx,SLEEP,Sleep up to 40% off + Swim up to 50% off,Sleep/PJs|Swim,682,194,1037328.0
2025-07-22,pdl,646f46fa83d6,7.22.25 Sleep up to 40 off.xlsx,SWIM,Sleep up to 40% off + Swim up to 50% off,Sleep/PJs|Swim,44,21,43962.0
2025-07-22,pdl,646f46fa83d6,7.22.25 Sleep up to 40 off.xlsx,clearance,Sleep up to 40% off + Swim up to 50% off,Sleep/PJs|Swim|Clearance,875,326,181000.0
2025-07-23,pdl,646f46fa83d6,7.22.25 Sleep up to 40 off.xlsx,ALL OFFERS,Sleep up to 40% off + Swim up to 50% off,Sleep/PJs|Swim,1733,567,2449484.0
2025-07-23,pdl,646f46fa83d6,7.22.25 Sleep up to 40 off.xlsx,SLEEP,Sleep up to 40% off + Swim up to 50% off,Sleep/PJs|Swim,682,194,1037328.0
2025-07-23,pdl,646f46fa83d6,7.22.25 Sleep up to 40 off.xlsx,SWIM,Sleep up to 40% off + Swim up to 50% off,Sleep/PJs|Swim,44,21,43962.0
2025-07-23,pdl,646f46fa83d6,7.22.25 Sleep up to 40 off.xlsx,clearance,Sleep up to 40% off + Swim up to 50% off,Sleep/PJs|Swim|Clearance,875,326,181000.0
2025-07-24,pdl,646f46fa83d6,7.22.25 Sleep up to 40 off.xlsx,ALL OFFERS,Sleep up to 40% off + Swim up to 50% off,Sleep/PJs|Swim,1733,567,2449484.0
2025-07-24,pdl,646f46fa83d6,7.22.25 Sleep up to 40 off.xlsx,SLEEP,Sleep up to 40% off + Swim up to 50% off,Sleep/PJs|Swim,682,194,1037328.0
2025-07-24,pdl,646f46fa83d6,7.22.25 Sleep up to 40 off.xlsx,SWIM,Sleep up to 40% off + Swim up to 50% off,Sleep/PJs|Swim,44,21,43962.0
2025-07-24,pdl,646f46fa83d6,7.22.25 Sleep up to 40 off.xlsx,clearance,Sleep up to 40% off + Swim up to 50% off,Sleep/PJs|Swim|Clearance,875,326,181000.0
2025-07-25,pdl,646f46fa83d6,7.22.25 Sleep up to 40 off.xlsx,ALL OFFERS,Sleep up to 40% off + Swim up to 50% off,Sleep/PJs|Swim,1733,567,2449484.0
2025-07-25,pdl,646f46fa83d6,7.22.25 Sleep up to 40 off.xlsx,SLEEP,Sleep up to 40% off + Swim up to 50% off,Sleep/PJs|Swim,682,194,1037328.0
2025-07-25,pdl,646f46fa83d6,7.22.25 Sleep up to 40 off.xlsx,SWIM,Sleep up to 40% off + Swim up to 50% off,Sleep/PJs|Swim,44,21,43962.0
2025-07-25,pdl,646f46fa83d6,7.22.25 Sleep up to 40 off.xlsx,clearance,Sleep up to 40% off + Swim up to 50% off,Sleep/PJs|Swim|Clearance,875,326,181000.0
2025-07-26,pdl,646f46fa83d6,7.22.25 Sleep up to 40 off.xlsx,ALL OFFERS,Sleep up to 40% off + Swim up to 50% off,Sleep/PJs|Swim,1733,567,2449484.0
2025-07-26,pdl,646f46fa83d6,7.22.25 Sleep up to 40 off.xlsx,SLEEP,Sleep up to 40% off + Swim up to 50% off,Sleep/PJs|Swim,682,194,1037328.0
2025-07-26,pdl,646f46fa83d6,7.22.25 Sleep up to 40 off.xlsx,SWIM,Sleep up to 40% off + Swim up to 50% off,Sleep/PJs|Swim,44,21,43962.0
2025-07-26,pdl,646f46fa83d6,7.22.25 Sleep up to 40 off.xlsx,clearance,Sleep up to 40% off + Swim up to 50% off,Sleep/PJs|Swim|Clearance,875,326,181000.0
2025-07-27,pdl,646f46fa83d6,7.22.25 Sleep up to 40 off.xlsx,ALL OFFERS,Sleep up to 40% off + Swim up to 50% off,Sleep/PJs|Swim,1733,567,2449484.0
2025-07-27,pdl,646f46fa83d6,7.22.25 Sleep up to 40 off.xlsx,SLEEP,Sleep up to 40% off + Swim up to 50% off,Sleep/PJs|Swim,682,194,1037328.0
2025-07-27,pdl,646f46fa83d6,7.22.25 Sleep up to 40 off.xlsx,SWIM,Sleep up to 40% off + Swim up to 50% off,Sleep/PJs|Swim,44,21,43962.0
2025-07-27,pdl,646f46fa83d6,7.22.25 Sleep up to 40 off.xlsx,clearance,Sleep up to 40% off + Swim up to 50% off,Sleep/PJs|Swim|Clearance,875,326,181000.0
2025-07-28,pdl,646f46fa83d6,7.22.25 Sleep up to 40 off.xlsx,ALL OFFERS,Sleep up to 40% off + Swim up to 50% off,Sleep/PJs|Swim,1733,567,2449484.0
2025-07-28,pdl,646f46fa83d6,7.22.25 Sleep up to 40 off.xlsx,SLEEP,Sleep up to 40% off + Swim up to 50% off,Sleep/PJs|Swim,682,194,1037328.0
2025-07-28,pdl,646f46fa83d6,7.22.25 Sleep up to 40 off.xlsx,SWIM,Sleep up to 40% off + Swim up to 50% off,Sleep/PJs|Swim,44,21,43962.0
2025-07-28,pdl,646f46fa83d6,7.22.25 Sleep up to 40 off.xlsx,clearance,Sleep up to 40% off + Swim up to 50% off,Sleep/PJs|Swim|Clearance,875,326,181000.0
2025-07-29,pdl,9ff222ae93fa,7.29.25 First Day up to 30% off + Sleep from $20 PDL.xlsx,ALL OFFERS,FIRST DAY PICTURE OUTFITS - Up to 30& Off + Sleep from $20,Sleep/PJs,1675,553,2152186.0
2025-07-29,pdl,9ff222ae93fa,7.29.25 First Day up to 30% off + Sleep from $20 PDL.xlsx,DRESSES & SKIRTS,FIRST DAY PICTURE OUTFITS - Up to 30& Off + Sleep from $20,Dresses|Sleep/PJs,177,66,214768.0
2025-07-29,pdl,9ff222ae93fa,7.29.25 First Day up to 30% off + Sleep from $20 PDL.xlsx,SLEEP FROM $20,FIRST DAY PICTURE OUTFITS - Up to 30& Off + Sleep from $20,Sleep/PJs,162,35,280739.0
2025-07-30,pdl,9ff222ae93fa,7.29.25 First Day up to 30% off + Sleep from $20 PDL.xlsx,ALL OFFERS,FIRST DAY PICTURE OUTFITS - Up to 30& Off + Sleep from $20,Sleep/PJs,1675,553,2152186.0
2025-07-30,pdl,9ff222ae93fa,7.29.25 First Day up to 30% off + Sleep from $20 PDL.xlsx,DRESSES & SKIRTS,FIRST DAY PICTURE OUTFITS - Up to 30& Off + Sleep from $20,Dresses|Sleep/PJs,177,66,214768.0
2025-07-30,pdl,9ff222ae93fa,7.29.25 First Day up to 30% off + Sleep from $20 PDL.xlsx,SLEEP FROM $20,FIRST DAY PICTURE OUTFITS - Up to 30& Off + Sleep from $20,Sleep/PJs,162,35,280739.0
2025-07-31,pdl,9ff222ae93fa,7.29.25 First Day up to 30% off + Sleep from $20 PDL.xlsx,ALL OFFERS,FIRST DAY PICTURE OUTFITS - Up to 30& Off + Sleep from $20,Sleep/PJs,1675,553,2152186.0
2025-07-31,pdl,9ff222ae93fa,7.29.25 First Day up to 30% off + Sleep from $20 PDL.xlsx,DRESSES & SKIRTS,FIRST DAY PICTURE OUTFITS - Up to 30& Off + Sleep from $20,Dresses|Sleep/PJs,177,66,214768.0
2025-07-31,pdl,9ff222ae93fa,7.29.25 First Day up to 30% off + Sleep from $20 PDL.xlsx,SLEEP FROM $20,FIRST DAY PICTURE OUTFITS - Up to 30& Off + Sleep from $20,Sleep/PJs,162,35,280739.0
2025-08-01,pdl,9ff222ae93fa,7.29.25 First Day up to 30% off + Sleep from $20 PDL.xlsx,ALL OFFERS,FIRST DAY PICTURE OUTFITS - Up to 30& Off + Sleep from $20,Sleep/PJs,1675,553,2152186.0
2025-08-01,pdl,9ff222ae93fa,7.29.25 First Day up to 30% off + Sleep from $20 PDL.xlsx,DRESSES & SKIRTS,FIRST DAY PICTURE OUTFITS - Up to 30& Off + Sleep from $20,Dresses|Sleep/PJs,177,66,214768.0
2025-08-01,pdl,9ff222ae93fa,7.29.25 First Day up to 30% off + Sleep from $20 PDL.xlsx,SLEEP FROM $20,FIRST DAY PICTURE OUTFITS - Up to 30& Off + Sleep from $20,Sleep/PJs,162,35,280739.0
2025-08-02,pdl,9ff222ae93fa,7.29.25 First Day up to 30% off + Sleep from $20 PDL.xlsx,ALL OFFERS,FIRST DAY PICTURE OUTFITS - Up to 30& Off + Sleep from $20,Sleep/PJs,1675,553,2152186.0
2025-08-02,pdl,9ff222ae93fa,7.29.25 First Day up to 30% off + Sleep from $20 PDL.xlsx,DRESSES & SKIRTS,FIRST DAY PICTURE OUTFITS - Up to 30& Off + Sleep from $20,Dresses|Sleep/PJs,177,66,214768.0
2025-08-02,pdl,9ff222ae93fa,7.29.25 First Day up to 30% off + Sleep from $20 PDL.xlsx,SLEEP FROM $20,FIRST DAY PICTURE OUTFITS - Up to 30& Off + Sleep from $20,Sleep/PJs,162,35,280739.0
2025-08-03,pdl,9ff222ae93fa,7.29.25 First Day up to 30% off + Sleep from $20 PDL.xlsx,ALL OFFERS,FIRST DAY PICTURE OUTFITS - Up to 30& Off + Sleep from $20,Sleep/PJs,1675,553,2152186.0
2025-08-03,pdl,9ff222ae93fa,7.29.25 First Day up to 30% off + Sleep from $20 PDL.xlsx,DRESSES & SKIRTS,FIRST DAY PICTURE OUTFITS - Up to 30& Off + Sleep from $20,Dresses|Sleep/PJs,177,66,214768.0
2025-08-03,pdl,9ff222ae93fa,7.29.25 First Day up to 30% off + Sleep from $20 PDL.xlsx,SLEEP FROM $20,FIRST DAY PICTURE OUTFITS - Up to 30& Off + Sleep from $20,Sleep/PJs,162,35,280739.0
2025-08-04,pdl,9ff222ae93fa,7.29.25 First Day up to 30% off + Sleep from $20 PDL.xlsx,ALL OFFERS,FIRST DAY PICTURE OUTFITS - Up to 30& Off + Sleep from $20,Sleep/PJs,1675,553,2152186.0
2025-08-04,pdl,9ff222ae93fa,7.29.25 First Day up to 30% off + Sleep from $20 PDL.xlsx,DRESSES & SKIRTS,FIRST DAY PICTURE OUTFITS - Up to 30& Off + Sleep from $20,Dresses|Sleep/PJs,177,66,214768.0
2025-08-04,pdl,9ff222ae93fa,7.29.25 First Day up to 30% off + Sleep from $20 PDL.xlsx,SLEEP FROM $20,FIRST DAY PICTURE OUTFITS - Up to 30& Off + Sleep from $20,Sleep/PJs,162,35,280739.0
2025-08-05,pdl,220f4fbd04f8,8.5.25 Back to School Kids up to 40% off PDL.xlsx,ALL OFFERS,8.5.25 Back to School Kids up to 40% off,Kids,1673,555,2609619.0
2025-08-06,pdl,220f4fbd04f8,8.5.25 Back to School Kids up to 40% off PDL.xlsx,ALL OFFERS,8.5.25 Back to School Kids up to 40% off,Kids,1673,555,2609619.0
2025-08-07,pdl,220f4fbd04f8,8.5.25 Back to School Kids up to 40% off PDL.xlsx,ALL OFFERS,8.5.25 Back to School Kids up to 40% off,Kids,1673,555,2609619.0
2025-08-08,pdl,220f4fbd04f8,8.5.25 Back to School Kids up to 40% off PDL.xlsx,ALL OFFERS,8.5.25 Back to School Kids up to 40% off,Kids,1673,555,2609619.0
2025-08-09,pdl,220f4fbd04f8,8.5.25 Back to School Kids up to 40% off PDL.xlsx,ALL OFFERS,8.5.25 Back to School Kids up to 40% off,Kids,1673,555,2609619.0
2025-08-10,pdl,220f4fbd04f8,8.5.25 Back to School Kids up to 40% off PDL.xlsx,ALL OFFERS,8.5.25 Back to School Kids up to 40% off,Kids,1673,555,2609619.0
2025-08-11,pdl,220f4fbd04f8,8.5.25 Back to School Kids up to 40% off PDL.xlsx,ALL OFFERS,8.5.25 Back to School Kids up to 40% off,Kids,1673,555,2609619.0
2025-08-12,pdl,719e18f30fac,8.12.25 Hannaween up to 30% (featuring sleep) PDL.xlsx,ALL OFFERS,8.12.25 Hannaween up to 30% (featuring sleep),Sleep/PJs|Halloween,1674,556,1720260.0
2025-08-12,pdl,719e18f30fac,8.12.25 Hannaween up to 30% (featuring sleep) PDL.xlsx,BTS DRESSES,8.12.25 Hannaween up to 30% (featuring sleep),Dresses|Sleep/PJs|Halloween,202,69,158015.0
2025-08-12,pdl,719e18f30fac,8.12.25 Hannaween up to 30% (featuring sleep) PDL.xlsx,HANNAWEEN,8.12.25 Hannaween up to 30% (featuring sleep),Sleep/PJs|Halloween,89,56,6763.0
2025-08-13,pdl,719e18f30fac,8.12.25 Hannaween up to 30% (featuring sleep) PDL.xlsx,ALL OFFERS,8.12.25 Hannaween up to 30% (featuring sleep),Sleep/PJs|Halloween,1674,556,1720260.0
2025-08-13,pdl,719e18f30fac,8.12.25 Hannaween up to 30% (featuring sleep) PDL.xlsx,BTS DRESSES,8.12.25 Hannaween up to 30% (featuring sleep),Dresses|Sleep/PJs|Halloween,202,69,158015.0
2025-08-13,pdl,719e18f30fac,8.12.25 Hannaween up to 30% (featuring sleep) PDL.xlsx,HANNAWEEN,8.12.25 Hannaween up to 30% (featuring sleep),Sleep/PJs|Halloween,89,56,6763.0
2025-08-14,pdl,719e18f30fac,8.12.25 Hannaween up to 30% (featuring sleep) PDL.xlsx,ALL OFFERS,8.12.25 Hannaween up to 30% (featuring sleep),Sleep/PJs|Halloween,1674,556,1720260.0
2025-08-14,pdl,719e18f30fac,8.12.25 Hannaween up to 30% (featuring sleep) PDL.xlsx,BTS DRESSES,8.12.25 Hannaween up to 30% (featuring sleep),Dresses|Sleep/PJs|Halloween,202,69,158015.0
2025-08-14,pdl,719e18f30fac,8.12.25 Hannaween up to 30% (featuring sleep) PDL.xlsx,HANNAWEEN,8.12.25 Hannaween up to 30% (featuring sleep),Sleep/PJs|Halloween,89,56,6763.0
2025-08-15,pdl,719e18f30fac,8.12.25 Hannaween up to 30% (featuring sleep) PDL.xlsx,ALL OFFERS,8.12.25 Hannaween up to 30% (featuring sleep),Sleep/PJs|Halloween,1674,556,1720260.0
2025-08-15,pdl,719e18f30fac,8.12.25 Hannaween up to 30% (featuring sleep) PDL.xlsx,BTS DRESSES,8.12.25 Hannaween up to 30% (featuring sleep),Dresses|Sleep/PJs|Halloween,202,69,158015.0
2025-08-15,pdl,719e18f30fac,8.12.25 Hannaween up to 30% (featuring sleep) PDL.xlsx,HANNAWEEN,8.12.25 Hannaween up to 30% (featuring sleep),Sleep/PJs|Halloween,89,56,6763.0
2025-08-16,pdl,719e18f30fac,8.12.25 Hannaween up to 30% (featuring sleep) PDL.xlsx,ALL OFFERS,8.12.25 Hannaween up to 30% (featuring sleep),Sleep/PJs|Halloween,1674,556,1720260.0
2025-08-16,pdl,719e18f30fac,8.12.25 Hannaween up to 30% (featuring sleep) PDL.xlsx,BTS DRESSES,8.12.25 Hannaween up to 30% (featuring sleep),Dresses|Sleep/PJs|Halloween,202,69,158015.0
2025-08-16,pdl,719e18f30fac,8.12.25 Hannaween up to 30% (featuring sleep) PDL.xlsx,HANNAWEEN,8.12.25 Hannaween up to 30% (featuring sleep),Sleep/PJs|Halloween,89,56,6763.0
2025-08-17,pdl,719e18f30fac,8.12.25 Hannaween up to 30% (featuring sleep) PDL.xlsx,ALL OFFERS,8.12.25 Hannaween up to 30% (featuring sleep),Sleep/PJs|Halloween,1674,556,1720260.0
2025-08-17,pdl,719e18f30fac,8.12.25 Hannaween up to 30% (featuring sleep) PDL.xlsx,BTS DRESSES,8.12.25 Hannaween up to 30% (featuring sleep),Dresses|Sleep/PJs|Halloween,202,69,158015.0
2025-08-17,pdl,719e18f30fac,8.12.25 Hannaween up to 30% (featuring sleep) PDL.xlsx,HANNAWEEN,8.12.25 Hannaween up to 30% (featuring sleep),Sleep/PJs|Halloween,89,56,6763.0
2025-08-18,pdl,75f1f192c89f,8.18.25 BTS & Sleep up to 40% PDL.xlsx,Sleep Up To 40%,Sleep Up Tp 40%,Sleep/PJs,347,71,717547.0
2025-08-19,pdl,75f1f192c89f,8.18.25 BTS & Sleep up to 40% PDL.xlsx,Sleep Up To 40%,Sleep Up Tp 40%,Sleep/PJs,347,71,717547.0
2025-08-20,pdl,75f1f192c89f,8.18.25 BTS & Sleep up to 40% PDL.xlsx,Sleep Up To 40%,Sleep Up Tp 40%,Sleep/PJs,347,71,717547.0
2025-08-24,pdl,400fdd1ffe6d,8.21.25 Labor Day Sale up to 40% PDL.xlsx,Phase 2 8.24,8.21 Labor Day Sale up to 40% - Phase 2,,1500,506,2940247.0
2025-08-25,pdl,400fdd1ffe6d,8.21.25 Labor Day Sale up to 40% PDL.xlsx,New Markdowns,New Markdowns,Clearance,149,76,73448.0
2025-08-25,pdl,400fdd1ffe6d,8.21.25 Labor Day Sale up to 40% PDL.xlsx,Phase 2 8.24,8.21 Labor Day Sale up to 40% - Phase 2,,1500,506,2940247.0
2025-08-26,pdl,400fdd1ffe6d,8.21.25 Labor Day Sale up to 40% PDL.xlsx,Phase 2 8.24,8.21 Labor Day Sale up to 40% - Phase 2,,1500,506,2940247.0
2025-08-27,pdl,400fdd1ffe6d,8.21.25 Labor Day Sale up to 40% PDL.xlsx,Phase 2 8.24,8.21 Labor Day Sale up to 40% - Phase 2,,1500,506,2940247.0
2025-08-28,pdl,400fdd1ffe6d,8.21.25 Labor Day Sale up to 40% PDL.xlsx,Phase 2 8.24,8.21 Labor Day Sale up to 40% - Phase 2,,1500,506,2940247.0
2025-08-29,pdl,400fdd1ffe6d,8.21.25 Labor Day Sale up to 40% PDL.xlsx,Phase 3 8.29,8.21 Labor Day Sale up to 40% - Phase 3,,1500,506,2940247.0
2025-08-30,pdl,400fdd1ffe6d,8.21.25 Labor Day Sale up to 40% PDL.xlsx,Phase 3 8.29,8.21 Labor Day Sale up to 40% - Phase 3,,1500,506,2940247.0
2025-08-31,pdl,400fdd1ffe6d,8.21.25 Labor Day Sale up to 40% PDL.xlsx,Phase 3 8.29,8.21 Labor Day Sale up to 40% - Phase 3,,1500,506,2940247.0
2025-09-01,pdl,400fdd1ffe6d,8.21.25 Labor Day Sale up to 40% PDL.xlsx,Phase 3 8.29,8.21 Labor Day Sale up to 40% - Phase 3,,1500,506,2940247.0
2025-09-02,pdl,400fdd1ffe6d,8.21.25 Labor Day Sale up to 40% PDL.xlsx,Phase 3 8.29,8.21 Labor Day Sale up to 40% - Phase 3,,1500,506,2940247.0
2025-09-03,pdl,e727de076f07,9.3.25 Sleep up to 40 PDL.xlsx,Baby Up to 50%,Baby Up to 50%,Sleep/PJs|Baby,346,101,487483.0
2025-09-03,pdl,e727de076f07,9.3.25 Sleep up to 40 PDL.xlsx,Sleep Up to 40%,Sleep Up to 40%,Sleep/PJs,610,165,1153159.0
2025-09-06,pdl,e727de076f07,9.3.25 Sleep up to 40 PDL.xlsx,Grinch 50%,Grinch 50% Off,Sleep/PJs|Holiday,13,13,34167.0
2025-09-07,pdl,e727de076f07,9.3.25 Sleep up to 40 PDL.xlsx,Grinch 50%,Grinch 50% Off,Sleep/PJs|Holiday,13,13,34167.0
2025-09-08,pdl,e727de076f07,9.3.25 Sleep up to 40 PDL.xlsx,Grinch 50%,Grinch 50% Off,Sleep/PJs|Holiday,13,13,34167.0
2025-09-09,pdl,ea455220d30d,9.9.25 Hannaween up to 40.xlsx,Dresses & Leggings up to 40%,Dresses & Leggings up to 40%,Dresses|Halloween,174,59,451814.0
2025-09-09,pdl,ea455220d30d,9.9.25 Hannaween up to 40.xlsx,Hannaween up to 40%,Hannaween up to 40%,Halloween,82,51,145973.0
2025-09-18,pdl,2f92a152c3cd,9.18.25 Big Fall Sale up to 50%.xlsx,New Markdowns,New Markdowns,Clearance,69,30,100958.0
2025-09-24,pdl,5960d7a7be1f,9.24.25 Sleep up to 30 PDL.xlsx,Hannaween up to 50%,Hannaween up to 50%,Sleep/PJs|Halloween,39,20,122290.0
2025-09-24,pdl,5960d7a7be1f,9.24.25 Sleep up to 30 PDL.xlsx,Sleep up to 30%,Sleep up to 30%,Sleep/PJs,531,120,1073457.0
2025-09-25,pdl,5960d7a7be1f,9.24.25 Sleep up to 30 PDL.xlsx,Hannaween up to 50%,Hannaween up to 50%,Sleep/PJs|Halloween,39,20,122290.0
2025-09-25,pdl,5960d7a7be1f,9.24.25 Sleep up to 30 PDL.xlsx,Sleep up to 30%,Sleep up to 30%,Sleep/PJs,531,120,1073457.0
2025-09-26,pdl,5960d7a7be1f,9.24.25 Sleep up to 30 PDL.xlsx,Hannaween up to 50%,Hannaween up to 50%,Sleep/PJs|Halloween,39,20,122290.0
2025-09-26,pdl,5960d7a7be1f,9.24.25 Sleep up to 30 PDL.xlsx,Sleep up to 30%,Sleep up to 30%,Sleep/PJs,531,120,1073457.0
2025-09-27,pdl,5960d7a7be1f,9.24.25 Sleep up to 30 PDL.xlsx,Hannaween up to 50%,Hannaween up to 50%,Sleep/PJs|Halloween,39,20,122290.0
2025-09-27,pdl,5960d7a7be1f,9.24.25 Sleep up to 30 PDL.xlsx,Sleep up to 30%,Sleep up to 30%,Sleep/PJs,531,120,1073457.0
2025-09-28,pdl,5960d7a7be1f,9.24.25 Sleep up to 30 PDL.xlsx,Hannaween up to 50%,Hannaween up to 50%,Sleep/PJs|Halloween,39,20,122290.0
2025-09-28,pdl,5960d7a7be1f,9.24.25 Sleep up to 30 PDL.xlsx,Sleep up to 30%,Sleep up to 30%,Sleep/PJs,531,120,1073457.0
2025-09-29,pdl,5960d7a7be1f,9.24.25 Sleep up to 30 PDL.xlsx,Hannaween up to 50%,Hannaween up to 50%,Sleep/PJs|Halloween,39,20,122290.0
2025-09-29,pdl,5960d7a7be1f,9.24.25 Sleep up to 30 PDL.xlsx,Sleep up to 30%,Sleep up to 30%,Sleep/PJs,531,120,1073457.0
2025-09-30,pdl,5960d7a7be1f,9.24.25 Sleep up to 30 PDL.xlsx,Hannaween up to 50%,Hannaween up to 50%,Sleep/PJs|Halloween,39,20,122290.0
2025-09-30,pdl,5960d7a7be1f,9.24.25 Sleep up to 30 PDL.xlsx,Sleep up to 30%,Sleep up to 30%,Sleep/PJs,531,120,1073457.0
2025-10-01,pdl,4dc96859e9c1,10.1.25 Hannaween @ $25 & Dresses up to 40 PDL.xlsx,Dresses up to 40%,Dresses up to 40%,Dresses|Halloween,188,62,165554.0
2025-10-01,pdl,4dc96859e9c1,10.1.25 Hannaween @ $25 & Dresses up to 40 PDL.xlsx,Hannaween @ $25,Hannaween Starting @ $25,Dresses|Halloween,64,36,97707.0
2025-10-01,pdl,4dc96859e9c1,10.1.25 Hannaween @ $25 & Dresses up to 40 PDL.xlsx,PJs up to 30%,PJs up to 30%,Dresses|Sleep/PJs|Halloween,896,264,1430192.0
2025-10-02,pdl,4dc96859e9c1,10.1.25 Hannaween @ $25 & Dresses up to 40 PDL.xlsx,Dresses up to 40%,Dresses up to 40%,Dresses|Halloween,188,62,165554.0
2025-10-02,pdl,4dc96859e9c1,10.1.25 Hannaween @ $25 & Dresses up to 40 PDL.xlsx,Hannaween @ $25,Hannaween Starting @ $25,Dresses|Halloween,64,36,97707.0
2025-10-02,pdl,4dc96859e9c1,10.1.25 Hannaween @ $25 & Dresses up to 40 PDL.xlsx,PJs up to 30%,PJs up to 30%,Dresses|Sleep/PJs|Halloween,896,264,1430192.0
2025-10-03,pdl,4dc96859e9c1,10.1.25 Hannaween @ $25 & Dresses up to 40 PDL.xlsx,Dresses up to 40%,Dresses up to 40%,Dresses|Halloween,188,62,165554.0
2025-10-03,pdl,4dc96859e9c1,10.1.25 Hannaween @ $25 & Dresses up to 40 PDL.xlsx,Hannaween @ $25,Hannaween Starting @ $25,Dresses|Halloween,64,36,97707.0
2025-10-03,pdl,4dc96859e9c1,10.1.25 Hannaween @ $25 & Dresses up to 40 PDL.xlsx,PJs up to 30%,PJs up to 30%,Dresses|Sleep/PJs|Halloween,896,264,1430192.0
2025-10-04,pdl,4dc96859e9c1,10.1.25 Hannaween @ $25 & Dresses up to 40 PDL.xlsx,Dresses up to 40%,Dresses up to 40%,Dresses|Halloween,188,62,165554.0
2025-10-04,pdl,4dc96859e9c1,10.1.25 Hannaween @ $25 & Dresses up to 40 PDL.xlsx,Hannaween @ $25,Hannaween Starting @ $25,Dresses|Halloween,64,36,97707.0
2025-10-04,pdl,4dc96859e9c1,10.1.25 Hannaween @ $25 & Dresses up to 40 PDL.xlsx,PJs up to 30%,PJs up to 30%,Dresses|Sleep/PJs|Halloween,896,264,1430192.0
2025-10-05,pdl,4dc96859e9c1,10.1.25 Hannaween @ $25 & Dresses up to 40 PDL.xlsx,Dresses up to 40%,Dresses up to 40%,Dresses|Halloween,188,62,165554.0
2025-10-05,pdl,4dc96859e9c1,10.1.25 Hannaween @ $25 & Dresses up to 40 PDL.xlsx,Hannaween @ $25,Hannaween Starting @ $25,Dresses|Halloween,64,36,97707.0
2025-10-05,pdl,4dc96859e9c1,10.1.25 Hannaween @ $25 & Dresses up to 40 PDL.xlsx,PJs up to 30%,PJs up to 30%,Dresses|Sleep/PJs|Halloween,896,264,1430192.0
2025-10-06,pdl,4dc96859e9c1,10.1.25 Hannaween @ $25 & Dresses up to 40 PDL.xlsx,Dresses up to 40%,Dresses up to 40%,Dresses|Halloween,188,62,165554.0
2025-10-06,pdl,4dc96859e9c1,10.1.25 Hannaween @ $25 & Dresses up to 40 PDL.xlsx,Hannaween @ $25,Hannaween Starting @ $25,Dresses|Halloween,64,36,97707.0
2025-10-06,pdl,4dc96859e9c1,10.1.25 Hannaween @ $25 & Dresses up to 40 PDL.xlsx,PJs up to 30%,PJs up to 30%,Dresses|Sleep/PJs|Halloween,896,264,1430192.0
2025-10-09,pdl,f7b5d67e994f,10.7.25 Friends & Family 40% Off PDL.xlsx,New Markdowns,New Markdowns,Clearance|Sitewide,159,76,104424.0
2025-10-09,pdl,2e5c3adccaa5,11.24.25 BLACK FRIDAY 50% OFF EVERYTHIG PDL.xlsx,New Markdowns,New Markdowns,Clearance|Holiday,1,1,0.0
2025-10-09,pdl,e5d376d272a8,12.1.25 Cyber Monday 50% Off Everything w $20 Sleep PDL.xlsx,New Markdowns,New Markdowns,Sleep/PJs|Clearance|Holiday|Sitewide,1,1,0.0
2025-10-09,pdl,9f8230b3a5f7,12.10.25 Family Match PJs Up to 50 off ($25 Sleep will Continue) (excl vday & peppa) PDL.xlsx,New Markdowns,New Markdowns,Valentine|Sleep/PJs|Clearance|Sitewide,1,1,0.0
2025-10-09,pdl,34a6c67d2dd4,12.13.25 FLASH SALE Farewell Prints $20 & 50 Sitewide (excl vday & Peppa) PDL.xlsx,New Markdowns,New Markdowns,Valentine|Clearance|Sitewide,1,1,0.0
2025-10-09,pdl,83cdbcced92b,12.17.15 The Holiday Dash Up to 50% Off All Holiday Styles & PJs PDL.xlsx,New Markdowns,New Markdowns,Sleep/PJs|Clearance|Holiday,1,1,0.0
2025-10-09,pdl,474c75909a90,12.3.25 Up to 50% off ALL Holiday (Excl New Arrivals) PDL.xlsx,New Markdowns,New Markdowns,Clearance|New Arrivals|Holiday,1,1,0.0
2025-10-13,pdl,f7b5d67e994f,10.7.25 Friends & Family 40% Off PDL.xlsx,10.13 Halloween 60% Off,Halloween 60% Off,Halloween|Sitewide,83,55,101710.0
2025-10-14,pdl,f7b5d67e994f,10.7.25 Friends & Family 40% Off PDL.xlsx,10.14 Grinch 50% Off,Grinch 50% Off,Holiday|Sitewide,50,33,86146.0
2025-10-15,pdl,f7b5d67e994f,10.7.25 Friends & Family 40% Off PDL.xlsx,10.15 Dear Deer 50% Off,Dear Deer 50% Off,Holiday|Sitewide,50,37,132198.0
2025-10-22,pdl,85fb45295828,10.22.25 Holiday Dress-up up to 40% PDL.xlsx,Holiday Dress-up,"Holiday Dress-up (Dresses, Baby/pants & sweaters)",Dresses|Holiday|Baby,810,278,1128751.0
2025-10-22,pdl,85fb45295828,10.22.25 Holiday Dress-up up to 40% PDL.xlsx,New Markdowns,New Markdowns,Dresses|Clearance|Holiday,133,78,87228.0
2025-10-23,pdl,85fb45295828,10.22.25 Holiday Dress-up up to 40% PDL.xlsx,Holiday Dress-up,"Holiday Dress-up (Dresses, Baby/pants & sweaters)",Dresses|Holiday|Baby,810,278,1128751.0
2025-10-24,pdl,85fb45295828,10.22.25 Holiday Dress-up up to 40% PDL.xlsx,Holiday Dress-up,"Holiday Dress-up (Dresses, Baby/pants & sweaters)",Dresses|Holiday|Baby,810,278,1128751.0
2025-12-01,pdl,e5d376d272a8,12.1.25 Cyber Monday 50% Off Everything w $20 Sleep PDL.xlsx,$20 Sleep Offers,$20 Sleep Offers,Sleep/PJs|Holiday|Sitewide,37,9,183021.0
2025-12-01,pdl,e5d376d272a8,12.1.25 Cyber Monday 50% Off Everything w $20 Sleep PDL.xlsx,Sleep Under $25,Sleep Under $25,Sleep/PJs|Holiday|Sitewide,249,69,536656.0
2025-12-02,pdl,e5d376d272a8,12.1.25 Cyber Monday 50% Off Everything w $20 Sleep PDL.xlsx,$20 Sleep Offers,$20 Sleep Offers,Sleep/PJs|Holiday|Sitewide,37,9,183021.0
2025-12-02,pdl,e5d376d272a8,12.1.25 Cyber Monday 50% Off Everything w $20 Sleep PDL.xlsx,Sleep Under $25,Sleep Under $25,Sleep/PJs|Holiday|Sitewide,249,69,536656.0
2025-12-03,pdl,9f8230b3a5f7,12.10.25 Family Match PJs Up to 50 off ($25 Sleep will Continue) (excl vday & peppa) PDL.xlsx,Family Match PJs up to 50%,New Markdowns,Valentine|Sleep/PJs|Clearance|Sitewide,1,1,0.0
2025-12-03,pdl,474c75909a90,12.3.25 Up to 50% off ALL Holiday (Excl New Arrivals) PDL.xlsx,$25 Sleep,$25 Sleep,Sleep/PJs|New Arrivals|Holiday,760,233,1581873.0
2025-12-03,pdl,474c75909a90,12.3.25 Up to 50% off ALL Holiday (Excl New Arrivals) PDL.xlsx,12.3 New Markdowns,New Markdowns,Clearance|New Arrivals|Holiday,110,54,91367.0
2025-12-04,pdl,474c75909a90,12.3.25 Up to 50% off ALL Holiday (Excl New Arrivals) PDL.xlsx,$25 Sleep,$25 Sleep,Sleep/PJs|New Arrivals|Holiday,760,233,1581873.0
2025-12-05,pdl,474c75909a90,12.3.25 Up to 50% off ALL Holiday (Excl New Arrivals) PDL.xlsx,$25 Sleep,$25 Sleep,Sleep/PJs|New Arrivals|Holiday,760,233,1581873.0
2025-12-06,pdl,474c75909a90,12.3.25 Up to 50% off ALL Holiday (Excl New Arrivals) PDL.xlsx,$25 Sleep,$25 Sleep,Sleep/PJs|New Arrivals|Holiday,760,233,1581873.0
2025-12-07,pdl,474c75909a90,12.3.25 Up to 50% off ALL Holiday (Excl New Arrivals) PDL.xlsx,$25 Sleep,$25 Sleep,Sleep/PJs|New Arrivals|Holiday,760,233,1581873.0
2025-12-08,pdl,474c75909a90,12.3.25 Up to 50% off ALL Holiday (Excl New Arrivals) PDL.xlsx,$25 Sleep,$25 Sleep,Sleep/PJs|New Arrivals|Holiday,760,233,1581873.0
2025-12-09,pdl,474c75909a90,12.3.25 Up to 50% off ALL Holiday (Excl New Arrivals) PDL.xlsx,$25 Sleep,$25 Sleep,Sleep/PJs|New Arrivals|Holiday,760,233,1581873.0
2025-12-10,pdl,9f8230b3a5f7,12.10.25 Family Match PJs Up to 50 off ($25 Sleep will Continue) (excl vday & peppa) PDL.xlsx,$25 Sleep,$25 Sleep,Valentine|Sleep/PJs|Sitewide,763,233,1391011.0
2025-12-10,pdl,9f8230b3a5f7,12.10.25 Family Match PJs Up to 50 off ($25 Sleep will Continue) (excl vday & peppa) PDL.xlsx,Holiday Dress-up 50%,Holiday Dress-up 50%,Valentine|Dresses|Sleep/PJs|Holiday|Sitewide,494,187,784876.0
2025-12-11,pdl,9f8230b3a5f7,12.10.25 Family Match PJs Up to 50 off ($25 Sleep will Continue) (excl vday & peppa) PDL.xlsx,$25 Sleep,$25 Sleep,Valentine|Sleep/PJs|Sitewide,763,233,1391011.0
2025-12-11,pdl,9f8230b3a5f7,12.10.25 Family Match PJs Up to 50 off ($25 Sleep will Continue) (excl vday & peppa) PDL.xlsx,Holiday Dress-up 50%,Holiday Dress-up 50%,Valentine|Dresses|Sleep/PJs|Holiday|Sitewide,494,187,784876.0
2025-12-12,pdl,9f8230b3a5f7,12.10.25 Family Match PJs Up to 50 off ($25 Sleep will Continue) (excl vday & peppa) PDL.xlsx,$25 Sleep,$25 Sleep,Valentine|Sleep/PJs|Sitewide,763,233,1391011.0
2025-12-12,pdl,9f8230b3a5f7,12.10.25 Family Match PJs Up to 50 off ($25 Sleep will Continue) (excl vday & peppa) PDL.xlsx,Holiday Dress-up 50%,Holiday Dress-up 50%,Valentine|Dresses|Sleep/PJs|Holiday|Sitewide,494,187,784876.0
2025-12-13,pdl,34a6c67d2dd4,12.13.25 FLASH SALE Farewell Prints $20 & 50 Sitewide (excl vday & Peppa) PDL.xlsx,Farewell Prints,Farewell Prints,Valentine|Sitewide,67,21,114613.0
2025-12-13,pdl,83cdbcced92b,12.17.15 The Holiday Dash Up to 50% Off All Holiday Styles & PJs PDL.xlsx,Farewell Prints,Farewell Prints,Sleep/PJs|Holiday,37,12,59779.0
2025-12-14,pdl,34a6c67d2dd4,12.13.25 FLASH SALE Farewell Prints $20 & 50 Sitewide (excl vday & Peppa) PDL.xlsx,Farewell Prints,Farewell Prints,Valentine|Sitewide,67,21,114613.0
2025-12-14,pdl,83cdbcced92b,12.17.15 The Holiday Dash Up to 50% Off All Holiday Styles & PJs PDL.xlsx,Farewell Prints,Farewell Prints,Sleep/PJs|Holiday,37,12,59779.0
2025-12-15,pdl,34a6c67d2dd4,12.13.25 FLASH SALE Farewell Prints $20 & 50 Sitewide (excl vday & Peppa) PDL.xlsx,Farewell Prints,Farewell Prints,Valentine|Sitewide,67,21,114613.0
2025-12-15,pdl,83cdbcced92b,12.17.15 The Holiday Dash Up to 50% Off All Holiday Styles & PJs PDL.xlsx,Farewell Prints,Farewell Prints,Sleep/PJs|Holiday,37,12,59779.0
2025-12-16,pdl,34a6c67d2dd4,12.13.25 FLASH SALE Farewell Prints $20 & 50 Sitewide (excl vday & Peppa) PDL.xlsx,Farewell Prints,Farewell Prints,Valentine|Sitewide,67,21,114613.0
2025-12-16,pdl,83cdbcced92b,12.17.15 The Holiday Dash Up to 50% Off All Holiday Styles & PJs PDL.xlsx,Farewell Prints,Farewell Prints,Sleep/PJs|Holiday,37,12,59779.0
2025-12-17,pdl,83cdbcced92b,12.17.15 The Holiday Dash Up to 50% Off All Holiday Styles & PJs PDL.xlsx,Current Cleanrance Offers,12.17.15 The Holiday Dash Up to 50% Off All Holiday Styles & PJs*,Sleep/PJs|Holiday,491,255,244406.0
2025-12-17,pdl,83cdbcced92b,12.17.15 The Holiday Dash Up to 50% Off All Holiday Styles & PJs PDL.xlsx,Current Final Sale Offers,12.17.15 The Holiday Dash Up to 50% Off All Holiday Styles & PJs*,Sleep/PJs|Clearance|Holiday,42,36,10070.0
2025-12-18,pdl,83cdbcced92b,12.17.15 The Holiday Dash Up to 50% Off All Holiday Styles & PJs PDL.xlsx,Current Cleanrance Offers,12.17.15 The Holiday Dash Up to 50% Off All Holiday Styles & PJs*,Sleep/PJs|Holiday,491,255,244406.0
2025-12-18,pdl,83cdbcced92b,12.17.15 The Holiday Dash Up to 50% Off All Holiday Styles & PJs PDL.xlsx,Current Final Sale Offers,12.17.15 The Holiday Dash Up to 50% Off All Holiday Styles & PJs*,Sleep/PJs|Clearance|Holiday,42,36,10070.0
2025-12-19,pdl,83cdbcced92b,12.17.15 The Holiday Dash Up to 50% Off All Holiday Styles & PJs PDL.xlsx,Current Cleanrance Offers,12.17.15 The Holiday Dash Up to 50% Off All Holiday Styles & PJs*,Sleep/PJs|Holiday,491,255,244406.0
2025-12-19,pdl,83cdbcced92b,12.17.15 The Holiday Dash Up to 50% Off All Holiday Styles & PJs PDL.xlsx,Current Final Sale Offers,12.17.15 The Holiday Dash Up to 50% Off All Holiday Styles & PJs*,Sleep/PJs|Clearance|Holiday,42,36,10070.0
2025-12-26,pdl,a9f9a54a0421,12.26 HANNASALE PDL1.xlsx,12.26 New MKDs- Final Sale Only,NEW MARKDOWNS,Clearance,74,21,72933.0
2025-12-26,pdl,a9f9a54a0421,12.26 HANNASALE PDL1.xlsx,12.26 New Markdowns (ALL),NEW MARKDOWNS,Clearance,790,332,503961.0
2025-12-27,pdl,a9f9a54a0421,12.26 HANNASALE PDL1.xlsx,50% Off Unders 12.27,50% Off Unders,Clearance,56,22,110363.0
2025-12-30,pdl,a9f9a54a0421,12.26 HANNASALE PDL1.xlsx,12.30 New Markdowns,12.30 New Markdowns & New Final Sale,Clearance,211,107,197366.0
2026-01-02,pdl,a9f9a54a0421,12.26 HANNASALE PDL1.xlsx,1.2 New Markdowns,NEW MARKDOWNS,Clearance,88,46,76291.0
2026-01-02,pdl,a9f9a54a0421,12.26 HANNASALE PDL1.xlsx,Promo Offers 1.2,HANNASALE UP TO 60% OFF + XTRA 20% OFF CLR + NEW MKDS,Clearance,923,392,1467606.0
2026-01-03,pdl,a9f9a54a0421,12.26 HANNASALE PDL1.xlsx,Promo Offers 1.2,HANNASALE UP TO 60% OFF + XTRA 20% OFF CLR + NEW MKDS,Clearance,923,392,1467606.0
2026-01-04,pdl,a9f9a54a0421,12.26 HANNASALE PDL1.xlsx,Promo Offers 1.2,HANNASALE UP TO 60% OFF + XTRA 20% OFF CLR + NEW MKDS,Clearance,923,392,1467606.0
2026-01-05,pdl,a9f9a54a0421,12.26 HANNASALE PDL1.xlsx,1.5 New Furthers- Final Sale,FURTHER MARKDOWNS,Clearance,153,60,90260.0
2026-01-05,pdl,a9f9a54a0421,12.26 HANNASALE PDL1.xlsx,Promo Offers 1.5,HANNASALE UP TO 75% OFF- FURTHERS TAKEN,Clearance,928,396,1470181.0
2026-01-06,pdl,a9f9a54a0421,12.26 HANNASALE PDL1.xlsx,1.6 Xtra 20% off New Arrivals,New Arrivals List- Extra 20%,Clearance|New Arrivals,385,152,147068.0
2026-01-06,pdl,a9f9a54a0421,12.26 HANNASALE PDL1.xlsx,Promo Offers 1.5,HANNASALE UP TO 75% OFF- FURTHERS TAKEN,Clearance,928,396,1470181.0
2026-01-07,pdl,a9f9a54a0421,12.26 HANNASALE PDL1.xlsx,Promo Offers 1.5,HANNASALE UP TO 75% OFF- FURTHERS TAKEN,Clearance,928,396,1470181.0
2026-01-08,pdl,a9f9a54a0421,12.26 HANNASALE PDL1.xlsx,Promo Offers 1.5,HANNASALE UP TO 75% OFF- FURTHERS TAKEN,Clearance,928,396,1470181.0
2026-01-09,pdl,a9f9a54a0421,12.26 HANNASALE PDL1.xlsx,Promo Offers 1.5,HANNASALE UP TO 75% OFF- FURTHERS TAKEN,Clearance,928,396,1470181.0
2026-01-10,pdl,a9f9a54a0421,12.26 HANNASALE PDL1.xlsx,Promo Offers 1.5,HANNASALE UP TO 75% OFF- FURTHERS TAKEN,Clearance,928,396,1470181.0
2026-01-11,pdl,a9f9a54a0421,12.26 HANNASALE PDL1.xlsx,Promo Offers 1.5,HANNASALE UP TO 75% OFF- FURTHERS TAKEN,Clearance,928,396,1470181.0
2026-01-12,pdl,6b24489305f2,1.12 Valentine's Collection Up to 30% Off PDL.xlsx,Vday,Vday Up to 30%,Valentine,83,48,80542.0
2026-01-13,pdl,6b24489305f2,1.12 Valentine's Collection Up to 30% Off PDL.xlsx,Vday,Vday Up to 30%,Valentine,83,48,80542.0
2026-01-14,pdl,6b24489305f2,1.12 Valentine's Collection Up to 30% Off PDL.xlsx,Vday,Vday Up to 30%,Valentine,83,48,80542.0
2026-01-15,pdl,6b24489305f2,1.12 Valentine's Collection Up to 30% Off PDL.xlsx,Vday,Vday Up to 30%,Valentine,83,48,80542.0
2026-01-16,pdl,6b24489305f2,1.12 Valentine's Collection Up to 30% Off PDL.xlsx,Vday,Vday Up to 30%,Valentine,83,48,80542.0
2026-01-17,pdl,6b24489305f2,1.12 Valentine's Collection Up to 30% Off PDL.xlsx,Vday,Vday Up to 30%,Valentine,83,48,80542.0
2026-01-18,pdl,6b24489305f2,1.12 Valentine's Collection Up to 30% Off PDL.xlsx,Vday,Vday Up to 30%,Valentine,83,48,80542.0
2026-01-19,pdl,6b24489305f2,1.12 Valentine's Collection Up to 30% Off PDL.xlsx,Vday,Vday Up to 30%,Valentine,83,48,80542.0
2026-01-20,pdl,edd39f42083c,1.20.26 All Vday Up to 40 Off PDL.xlsx,Dresses Up to 30%,Dresses Up to 30%,Valentine|Dresses,191,78,178456.0
2026-01-20,pdl,edd39f42083c,1.20.26 All Vday Up to 40 Off PDL.xlsx,Vday Up to 40%,Vday Up to 40%,Valentine,93,52,83117.0
2026-01-21,pdl,edd39f42083c,1.20.26 All Vday Up to 40 Off PDL.xlsx,Dresses Up to 30%,Dresses Up to 30%,Valentine|Dresses,191,78,178456.0
2026-01-21,pdl,edd39f42083c,1.20.26 All Vday Up to 40 Off PDL.xlsx,Vday Up to 40%,Vday Up to 40%,Valentine,93,52,83117.0
2026-01-22,pdl,edd39f42083c,1.20.26 All Vday Up to 40 Off PDL.xlsx,Dresses Up to 30%,Dresses Up to 30%,Valentine|Dresses,191,78,178456.0
2026-01-22,pdl,edd39f42083c,1.20.26 All Vday Up to 40 Off PDL.xlsx,Vday Up to 40%,Vday Up to 40%,Valentine,93,52,83117.0
2026-01-23,pdl,edd39f42083c,1.20.26 All Vday Up to 40 Off PDL.xlsx,Dresses Up to 30%,Dresses Up to 30%,Valentine|Dresses,191,78,178456.0
2026-01-23,pdl,edd39f42083c,1.20.26 All Vday Up to 40 Off PDL.xlsx,Vday Up to 40%,Vday Up to 40%,Valentine,93,52,83117.0
2026-01-24,pdl,edd39f42083c,1.20.26 All Vday Up to 40 Off PDL.xlsx,Dresses Up to 30%,Dresses Up to 30%,Valentine|Dresses,191,78,178456.0
2026-01-24,pdl,edd39f42083c,1.20.26 All Vday Up to 40 Off PDL.xlsx,Vday Up to 40%,Vday Up to 40%,Valentine,93,52,83117.0
2026-01-25,pdl,edd39f42083c,1.20.26 All Vday Up to 40 Off PDL.xlsx,Dresses Up to 30%,Dresses Up to 30%,Valentine|Dresses,191,78,178456.0
2026-01-25,pdl,edd39f42083c,1.20.26 All Vday Up to 40 Off PDL.xlsx,Vday Up to 40%,Vday Up to 40%,Valentine,93,52,83117.0
2026-01-26,pdl,edd39f42083c,1.20.26 All Vday Up to 40 Off PDL.xlsx,Dresses Up to 30%,Dresses Up to 30%,Valentine|Dresses,191,78,178456.0
2026-01-26,pdl,edd39f42083c,1.20.26 All Vday Up to 40 Off PDL.xlsx,Vday Up to 40%,Vday Up to 40%,Valentine,93,52,83117.0
2026-01-27,pdl,b0f86e88dde5,1.27.26 Spring New Arrivals up to 30% Off PDL.xlsx,Promo #2,Dresses Up to 30%,Dresses|New Arrivals,172,74,201862.0
2026-01-27,pdl,b0f86e88dde5,1.27.26 Spring New Arrivals up to 30% Off PDL.xlsx,Spring New Arrivals up to 30%,Spring New Arrivals up to 30% Off,New Arrivals,297,89,496469.0
2026-01-28,pdl,b0f86e88dde5,1.27.26 Spring New Arrivals up to 30% Off PDL.xlsx,Promo #2,Dresses Up to 30%,Dresses|New Arrivals,172,74,201862.0
2026-01-28,pdl,b0f86e88dde5,1.27.26 Spring New Arrivals up to 30% Off PDL.xlsx,Spring New Arrivals up to 30%,Spring New Arrivals up to 30% Off,New Arrivals,297,89,496469.0
2026-01-29,pdl,b0f86e88dde5,1.27.26 Spring New Arrivals up to 30% Off PDL.xlsx,Promo #2,Dresses Up to 30%,Dresses|New Arrivals,172,74,201862.0
2026-01-29,pdl,b0f86e88dde5,1.27.26 Spring New Arrivals up to 30% Off PDL.xlsx,Spring New Arrivals up to 30%,Spring New Arrivals up to 30% Off,New Arrivals,297,89,496469.0
2026-01-30,pdl,b0f86e88dde5,1.27.26 Spring New Arrivals up to 30% Off PDL.xlsx,Promo #2,Dresses Up to 30%,Dresses|New Arrivals,172,74,201862.0
2026-01-30,pdl,b0f86e88dde5,1.27.26 Spring New Arrivals up to 30% Off PDL.xlsx,Spring New Arrivals up to 30%,Spring New Arrivals up to 30% Off,New Arrivals,297,89,496469.0
2026-01-31,pdl,b0f86e88dde5,1.27.26 Spring New Arrivals up to 30% Off PDL.xlsx,Promo #2,Dresses Up to 30%,Dresses|New Arrivals,172,74,201862.0
2026-01-31,pdl,b0f86e88dde5,1.27.26 Spring New Arrivals up to 30% Off PDL.xlsx,Spring New Arrivals up to 30%,Spring New Arrivals up to 30% Off,New Arrivals,297,89,496469.0
2026-02-01,pdl,b0f86e88dde5,1.27.26 Spring New Arrivals up to 30% Off PDL.xlsx,Promo #2,Dresses Up to 30%,Dresses|New Arrivals,172,74,201862.0
2026-02-01,pdl,b0f86e88dde5,1.27.26 Spring New Arrivals up to 30% Off PDL.xlsx,Spring New Arrivals up to 30%,Spring New Arrivals up to 30% Off,New Arrivals,297,89,496469.0
2026-02-02,pdl,fff500b261f7,2.2.26 New Spring Arrivals & Semi-Annual Baby Sale up to 30% PDL.xlsx,Promo 4,Baby Sleep,Sleep/PJs|Baby,36,17,22816.0
2026-02-02,pdl,fff500b261f7,2.2.26 New Spring Arrivals & Semi-Annual Baby Sale up to 30% PDL.xlsx,Spring New Arrivals up to 30%,Spring New Arrivals up to 30% Off,New Arrivals|Baby,419,145,467788.0
2026-02-03,pdl,fff500b261f7,2.2.26 New Spring Arrivals & Semi-Annual Baby Sale up to 30% PDL.xlsx,Promo 4,Baby Sleep,Sleep/PJs|Baby,36,17,22816.0
2026-02-03,pdl,fff500b261f7,2.2.26 New Spring Arrivals & Semi-Annual Baby Sale up to 30% PDL.xlsx,Spring New Arrivals up to 30%,Spring New Arrivals up to 30% Off,New Arrivals|Baby,419,145,467788.0
2026-02-04,pdl,c81e7b24d662,2.12.2026 President's Day Event 30% off Sitewide.xlsx,Semi-Anuual Baby Sale up to 30%,Semi-Annual Baby Sale up to 30%,Baby|Sitewide,278,102,338166.0
2026-02-04,pdl,fff500b261f7,2.2.26 New Spring Arrivals & Semi-Annual Baby Sale up to 30% PDL.xlsx,Promo 4,Baby Sleep,Sleep/PJs|Baby,36,17,22816.0
2026-02-04,pdl,fff500b261f7,2.2.26 New Spring Arrivals & Semi-Annual Baby Sale up to 30% PDL.xlsx,Semi-Annual Baby Sale up to 30%,Semi-Annual Baby Sale up to 30%,Baby,272,96,332978.0
2026-02-04,pdl,fff500b261f7,2.2.26 New Spring Arrivals & Semi-Annual Baby Sale up to 30% PDL.xlsx,Spring New Arrivals up to 30%,Spring New Arrivals up to 30% Off,New Arrivals|Baby,419,145,467788.0
2026-02-05,pdl,c81e7b24d662,2.12.2026 President's Day Event 30% off Sitewide.xlsx,Semi-Anuual Baby Sale up to 30%,Semi-Annual Baby Sale up to 30%,Baby|Sitewide,278,102,338166.0
2026-02-05,pdl,fff500b261f7,2.2.26 New Spring Arrivals & Semi-Annual Baby Sale up to 30% PDL.xlsx,Promo 4,Baby Sleep,Sleep/PJs|Baby,36,17,22816.0
2026-02-05,pdl,fff500b261f7,2.2.26 New Spring Arrivals & Semi-Annual Baby Sale up to 30% PDL.xlsx,Semi-Annual Baby Sale up to 30%,Semi-Annual Baby Sale up to 30%,Baby,272,96,332978.0
2026-02-05,pdl,fff500b261f7,2.2.26 New Spring Arrivals & Semi-Annual Baby Sale up to 30% PDL.xlsx,Spring New Arrivals up to 30%,Spring New Arrivals up to 30% Off,New Arrivals|Baby,419,145,467788.0
2026-02-06,pdl,c81e7b24d662,2.12.2026 President's Day Event 30% off Sitewide.xlsx,Semi-Anuual Baby Sale up to 30%,Semi-Annual Baby Sale up to 30%,Baby|Sitewide,278,102,338166.0
2026-02-06,pdl,fff500b261f7,2.2.26 New Spring Arrivals & Semi-Annual Baby Sale up to 30% PDL.xlsx,Promo 4,Baby Sleep,Sleep/PJs|Baby,36,17,22816.0
2026-02-06,pdl,fff500b261f7,2.2.26 New Spring Arrivals & Semi-Annual Baby Sale up to 30% PDL.xlsx,Semi-Annual Baby Sale up to 30%,Semi-Annual Baby Sale up to 30%,Baby,272,96,332978.0
2026-02-06,pdl,fff500b261f7,2.2.26 New Spring Arrivals & Semi-Annual Baby Sale up to 30% PDL.xlsx,Spring New Arrivals up to 30%,Spring New Arrivals up to 30% Off,New Arrivals|Baby,419,145,467788.0
2026-02-07,pdl,c81e7b24d662,2.12.2026 President's Day Event 30% off Sitewide.xlsx,Semi-Anuual Baby Sale up to 30%,Semi-Annual Baby Sale up to 30%,Baby|Sitewide,278,102,338166.0
2026-02-07,pdl,fff500b261f7,2.2.26 New Spring Arrivals & Semi-Annual Baby Sale up to 30% PDL.xlsx,Promo 4,Baby Sleep,Sleep/PJs|Baby,36,17,22816.0
2026-02-07,pdl,fff500b261f7,2.2.26 New Spring Arrivals & Semi-Annual Baby Sale up to 30% PDL.xlsx,Semi-Annual Baby Sale up to 30%,Semi-Annual Baby Sale up to 30%,Baby,272,96,332978.0
2026-02-07,pdl,fff500b261f7,2.2.26 New Spring Arrivals & Semi-Annual Baby Sale up to 30% PDL.xlsx,Spring New Arrivals up to 30%,Spring New Arrivals up to 30% Off,New Arrivals|Baby,419,145,467788.0
2026-02-08,pdl,c81e7b24d662,2.12.2026 President's Day Event 30% off Sitewide.xlsx,Semi-Anuual Baby Sale up to 30%,Semi-Annual Baby Sale up to 30%,Baby|Sitewide,278,102,338166.0
2026-02-08,pdl,fff500b261f7,2.2.26 New Spring Arrivals & Semi-Annual Baby Sale up to 30% PDL.xlsx,Promo 4,Baby Sleep,Sleep/PJs|Baby,36,17,22816.0
2026-02-08,pdl,fff500b261f7,2.2.26 New Spring Arrivals & Semi-Annual Baby Sale up to 30% PDL.xlsx,Semi-Annual Baby Sale up to 30%,Semi-Annual Baby Sale up to 30%,Baby,272,96,332978.0
2026-02-08,pdl,fff500b261f7,2.2.26 New Spring Arrivals & Semi-Annual Baby Sale up to 30% PDL.xlsx,Spring New Arrivals up to 30%,Spring New Arrivals up to 30% Off,New Arrivals|Baby,419,145,467788.0
2026-02-09,pdl,fff500b261f7,2.2.26 New Spring Arrivals & Semi-Annual Baby Sale up to 30% PDL.xlsx,Promo 4,Baby Sleep,Sleep/PJs|Baby,36,17,22816.0
2026-02-09,pdl,fff500b261f7,2.2.26 New Spring Arrivals & Semi-Annual Baby Sale up to 30% PDL.xlsx,Spring New Arrivals up to 30%,Spring New Arrivals up to 30% Off,New Arrivals|Baby,419,145,467788.0
2026-02-10,pdl,fff500b261f7,2.2.26 New Spring Arrivals & Semi-Annual Baby Sale up to 30% PDL.xlsx,Promo 4,Baby Sleep,Sleep/PJs|Baby,36,17,22816.0
2026-02-10,pdl,fff500b261f7,2.2.26 New Spring Arrivals & Semi-Annual Baby Sale up to 30% PDL.xlsx,Spring New Arrivals up to 30%,Spring New Arrivals up to 30% Off,New Arrivals|Baby,419,145,467788.0
2026-02-11,pdl,fff500b261f7,2.2.26 New Spring Arrivals & Semi-Annual Baby Sale up to 30% PDL.xlsx,Promo 4,Baby Sleep,Sleep/PJs|Baby,36,17,22816.0
2026-02-11,pdl,fff500b261f7,2.2.26 New Spring Arrivals & Semi-Annual Baby Sale up to 30% PDL.xlsx,Spring New Arrivals up to 30%,Spring New Arrivals up to 30% Off,New Arrivals|Baby,419,145,467788.0
2026-02-12,pdl,c81e7b24d662,2.12.2026 President's Day Event 30% off Sitewide.xlsx,Promo 4,Baby Sleep,Sleep/PJs|Baby|Sitewide,36,17,22816.0
2026-02-12,pdl,c81e7b24d662,2.12.2026 President's Day Event 30% off Sitewide.xlsx,Spring New Arrivals up to 30%,2.12.2026 President's Day Event 30% off Sitewide*,New Arrivals|Sitewide,278,79,540596.0
2026-02-13,pdl,c81e7b24d662,2.12.2026 President's Day Event 30% off Sitewide.xlsx,Promo 4,Baby Sleep,Sleep/PJs|Baby|Sitewide,36,17,22816.0
2026-02-13,pdl,c81e7b24d662,2.12.2026 President's Day Event 30% off Sitewide.xlsx,Spring New Arrivals up to 30%,2.12.2026 President's Day Event 30% off Sitewide*,New Arrivals|Sitewide,278,79,540596.0
2026-02-14,pdl,c81e7b24d662,2.12.2026 President's Day Event 30% off Sitewide.xlsx,Promo 4,Baby Sleep,Sleep/PJs|Baby|Sitewide,36,17,22816.0
2026-02-14,pdl,c81e7b24d662,2.12.2026 President's Day Event 30% off Sitewide.xlsx,Spring New Arrivals up to 30%,2.12.2026 President's Day Event 30% off Sitewide*,New Arrivals|Sitewide,278,79,540596.0
2026-02-15,pdl,c81e7b24d662,2.12.2026 President's Day Event 30% off Sitewide.xlsx,Promo 4,Baby Sleep,Sleep/PJs|Baby|Sitewide,36,17,22816.0
2026-02-15,pdl,c81e7b24d662,2.12.2026 President's Day Event 30% off Sitewide.xlsx,Spring New Arrivals up to 30%,2.12.2026 President's Day Event 30% off Sitewide*,New Arrivals|Sitewide,278,79,540596.0
2026-02-16,pdl,c81e7b24d662,2.12.2026 President's Day Event 30% off Sitewide.xlsx,Promo 4,Baby Sleep,Sleep/PJs|Baby|Sitewide,36,17,22816.0
2026-02-16,pdl,c81e7b24d662,2.12.2026 President's Day Event 30% off Sitewide.xlsx,Spring New Arrivals up to 30%,2.12.2026 President's Day Event 30% off Sitewide*,New Arrivals|Sitewide,278,79,540596.0
2026-02-17,pdl,6d803b134bf0,2.17.2026 Easter & Sleep up to 30% off PDL.xlsx,Easter up to 30% off,Easter up to 30% off,Sleep/PJs|Easter,41,21,52411.0
2026-02-17,pdl,6d803b134bf0,2.17.2026 Easter & Sleep up to 30% off PDL.xlsx,Promo 4,Baby Sleep,Sleep/PJs|Easter|Baby,36,17,22816.0
2026-02-17,pdl,6d803b134bf0,2.17.2026 Easter & Sleep up to 30% off PDL.xlsx,Sleep up to 30% off,Sleep up to 30% off,Sleep/PJs|Easter,568,192,916052.0
2026-02-18,pdl,6d803b134bf0,2.17.2026 Easter & Sleep up to 30% off PDL.xlsx,Easter up to 30% off,Easter up to 30% off,Sleep/PJs|Easter,41,21,52411.0
2026-02-18,pdl,6d803b134bf0,2.17.2026 Easter & Sleep up to 30% off PDL.xlsx,Promo 4,Baby Sleep,Sleep/PJs|Easter|Baby,36,17,22816.0
2026-02-18,pdl,6d803b134bf0,2.17.2026 Easter & Sleep up to 30% off PDL.xlsx,Sleep up to 30% off,Sleep up to 30% off,Sleep/PJs|Easter,568,192,916052.0
2026-02-19,pdl,6d803b134bf0,2.17.2026 Easter & Sleep up to 30% off PDL.xlsx,Easter up to 30% off,Easter up to 30% off,Sleep/PJs|Easter,41,21,52411.0
2026-02-19,pdl,6d803b134bf0,2.17.2026 Easter & Sleep up to 30% off PDL.xlsx,Promo 4,Baby Sleep,Sleep/PJs|Easter|Baby,36,17,22816.0
2026-02-19,pdl,6d803b134bf0,2.17.2026 Easter & Sleep up to 30% off PDL.xlsx,Sleep up to 30% off,Sleep up to 30% off,Sleep/PJs|Easter,568,192,916052.0
2026-02-20,pdl,6d803b134bf0,2.17.2026 Easter & Sleep up to 30% off PDL.xlsx,Easter up to 30% off,Easter up to 30% off,Sleep/PJs|Easter,41,21,52411.0
2026-02-20,pdl,6d803b134bf0,2.17.2026 Easter & Sleep up to 30% off PDL.xlsx,Promo 4,Baby Sleep,Sleep/PJs|Easter|Baby,36,17,22816.0
2026-02-20,pdl,6d803b134bf0,2.17.2026 Easter & Sleep up to 30% off PDL.xlsx,Sleep up to 30% off,Sleep up to 30% off,Sleep/PJs|Easter,568,192,916052.0
2026-02-21,pdl,6d803b134bf0,2.17.2026 Easter & Sleep up to 30% off PDL.xlsx,Easter up to 30% off,Easter up to 30% off,Sleep/PJs|Easter,41,21,52411.0
2026-02-21,pdl,6d803b134bf0,2.17.2026 Easter & Sleep up to 30% off PDL.xlsx,Promo 4,Baby Sleep,Sleep/PJs|Easter|Baby,36,17,22816.0
2026-02-21,pdl,6d803b134bf0,2.17.2026 Easter & Sleep up to 30% off PDL.xlsx,Sleep up to 30% off,Sleep up to 30% off,Sleep/PJs|Easter,568,192,916052.0
2026-02-22,pdl,6d803b134bf0,2.17.2026 Easter & Sleep up to 30% off PDL.xlsx,Easter up to 30% off,Easter up to 30% off,Sleep/PJs|Easter,41,21,52411.0
2026-02-22,pdl,6d803b134bf0,2.17.2026 Easter & Sleep up to 30% off PDL.xlsx,Promo 4,Baby Sleep,Sleep/PJs|Easter|Baby,36,17,22816.0
2026-02-22,pdl,6d803b134bf0,2.17.2026 Easter & Sleep up to 30% off PDL.xlsx,Sleep up to 30% off,Sleep up to 30% off,Sleep/PJs|Easter,568,192,916052.0
2026-02-23,pdl,6d803b134bf0,2.17.2026 Easter & Sleep up to 30% off PDL.xlsx,Easter up to 30% off,Easter up to 30% off,Sleep/PJs|Easter,41,21,52411.0
2026-02-23,pdl,6d803b134bf0,2.17.2026 Easter & Sleep up to 30% off PDL.xlsx,Promo 4,Baby Sleep,Sleep/PJs|Easter|Baby,36,17,22816.0
2026-03-10,pdl,7034085be616,3.10.26 All Kids & Baby Sleep up to 30 PDL.xlsx,Clearance Offers,Clearance Offers,Sleep/PJs|Clearance|Baby|Kids,826,470,303117.0
2026-03-10,pdl,7034085be616,3.10.26 All Kids & Baby Sleep up to 30 PDL.xlsx,Kids & Baby Sleep up to 30%,Kids & Baby Sleep up to 30%,Sleep/PJs|Baby|Kids,437,131,765090.0
2026-03-10,pdl,7034085be616,3.10.26 All Kids & Baby Sleep up to 30 PDL.xlsx,Swim up to 30%,Swim up to 30%,Sleep/PJs|Swim|Baby|Kids,123,43,105993.0
2026-03-10,pdl,918e0f4cfe53,3.14.26 All Dresses up to 30% Off PDL.xlsx,Swim up to 30%,Swim up to 30%,Dresses|Swim,123,43,105993.0
2026-03-10,pdl,6f61a4edac8e,3.18.26 Spring Sale up to 40% Off Everything + New Markdowns PDL.xlsx,Swim up to 30%,Swim up to 30%,Swim|Clearance|Sitewide,1,1,0.0
2026-03-10,pdl,93db504ef15f,3.24.26 All Easter up to 50 off PDL.xlsx,Swim up to 30%,Swim up to 30%,Swim|Easter,124,44,148982.0
2026-03-11,pdl,7034085be616,3.10.26 All Kids & Baby Sleep up to 30 PDL.xlsx,Clearance Offers,Clearance Offers,Sleep/PJs|Clearance|Baby|Kids,826,470,303117.0
2026-03-11,pdl,7034085be616,3.10.26 All Kids & Baby Sleep up to 30 PDL.xlsx,Kids & Baby Sleep up to 30%,Kids & Baby Sleep up to 30%,Sleep/PJs|Baby|Kids,437,131,765090.0
2026-03-11,pdl,7034085be616,3.10.26 All Kids & Baby Sleep up to 30 PDL.xlsx,Swim up to 30%,Swim up to 30%,Sleep/PJs|Swim|Baby|Kids,123,43,105993.0
2026-03-11,pdl,918e0f4cfe53,3.14.26 All Dresses up to 30% Off PDL.xlsx,Swim up to 30%,Swim up to 30%,Dresses|Swim,123,43,105993.0
2026-03-11,pdl,6f61a4edac8e,3.18.26 Spring Sale up to 40% Off Everything + New Markdowns PDL.xlsx,Swim up to 30%,Swim up to 30%,Swim|Clearance|Sitewide,1,1,0.0
2026-03-11,pdl,93db504ef15f,3.24.26 All Easter up to 50 off PDL.xlsx,Swim up to 30%,Swim up to 30%,Swim|Easter,124,44,148982.0
2026-03-12,pdl,7034085be616,3.10.26 All Kids & Baby Sleep up to 30 PDL.xlsx,Clearance Offers,Clearance Offers,Sleep/PJs|Clearance|Baby|Kids,826,470,303117.0
2026-03-12,pdl,7034085be616,3.10.26 All Kids & Baby Sleep up to 30 PDL.xlsx,Kids & Baby Sleep up to 30%,Kids & Baby Sleep up to 30%,Sleep/PJs|Baby|Kids,437,131,765090.0
2026-03-12,pdl,7034085be616,3.10.26 All Kids & Baby Sleep up to 30 PDL.xlsx,Swim up to 30%,Swim up to 30%,Sleep/PJs|Swim|Baby|Kids,123,43,105993.0
2026-03-12,pdl,918e0f4cfe53,3.14.26 All Dresses up to 30% Off PDL.xlsx,Swim up to 30%,Swim up to 30%,Dresses|Swim,123,43,105993.0
2026-03-12,pdl,6f61a4edac8e,3.18.26 Spring Sale up to 40% Off Everything + New Markdowns PDL.xlsx,Swim up to 30%,Swim up to 30%,Swim|Clearance|Sitewide,1,1,0.0
2026-03-12,pdl,93db504ef15f,3.24.26 All Easter up to 50 off PDL.xlsx,Swim up to 30%,Swim up to 30%,Swim|Easter,124,44,148982.0
2026-03-13,pdl,7034085be616,3.10.26 All Kids & Baby Sleep up to 30 PDL.xlsx,Clearance Offers,Clearance Offers,Sleep/PJs|Clearance|Baby|Kids,826,470,303117.0
2026-03-13,pdl,7034085be616,3.10.26 All Kids & Baby Sleep up to 30 PDL.xlsx,Kids & Baby Sleep up to 30%,Kids & Baby Sleep up to 30%,Sleep/PJs|Baby|Kids,437,131,765090.0
2026-03-13,pdl,7034085be616,3.10.26 All Kids & Baby Sleep up to 30 PDL.xlsx,Swim up to 30%,Swim up to 30%,Sleep/PJs|Swim|Baby|Kids,123,43,105993.0
2026-03-13,pdl,918e0f4cfe53,3.14.26 All Dresses up to 30% Off PDL.xlsx,Swim up to 30%,Swim up to 30%,Dresses|Swim,123,43,105993.0
2026-03-13,pdl,6f61a4edac8e,3.18.26 Spring Sale up to 40% Off Everything + New Markdowns PDL.xlsx,Swim up to 30%,Swim up to 30%,Swim|Clearance|Sitewide,1,1,0.0
2026-03-13,pdl,93db504ef15f,3.24.26 All Easter up to 50 off PDL.xlsx,Swim up to 30%,Swim up to 30%,Swim|Easter,124,44,148982.0
2026-03-14,pdl,7034085be616,3.10.26 All Kids & Baby Sleep up to 30 PDL.xlsx,Swim up to 30%,Swim up to 30%,Sleep/PJs|Swim|Baby|Kids,123,43,105993.0
2026-03-14,pdl,918e0f4cfe53,3.14.26 All Dresses up to 30% Off PDL.xlsx,All Dresses up to 30%,All Dresses up to 30%,Dresses,190,78,233889.0
2026-03-14,pdl,918e0f4cfe53,3.14.26 All Dresses up to 30% Off PDL.xlsx,Clearance Offers,Clearance Offers,Dresses|Clearance,826,470,303117.0
2026-03-14,pdl,918e0f4cfe53,3.14.26 All Dresses up to 30% Off PDL.xlsx,Swim up to 30%,Swim up to 30%,Dresses|Swim,123,43,105993.0
2026-03-14,pdl,6f61a4edac8e,3.18.26 Spring Sale up to 40% Off Everything + New Markdowns PDL.xlsx,Swim up to 30%,Swim up to 30%,Swim|Clearance|Sitewide,1,1,0.0
2026-03-14,pdl,93db504ef15f,3.24.26 All Easter up to 50 off PDL.xlsx,Swim up to 30%,Swim up to 30%,Swim|Easter,124,44,148982.0
2026-03-15,pdl,7034085be616,3.10.26 All Kids & Baby Sleep up to 30 PDL.xlsx,Swim up to 30%,Swim up to 30%,Sleep/PJs|Swim|Baby|Kids,123,43,105993.0
2026-03-15,pdl,918e0f4cfe53,3.14.26 All Dresses up to 30% Off PDL.xlsx,All Dresses up to 30%,All Dresses up to 30%,Dresses,190,78,233889.0
2026-03-15,pdl,918e0f4cfe53,3.14.26 All Dresses up to 30% Off PDL.xlsx,Clearance Offers,Clearance Offers,Dresses|Clearance,826,470,303117.0
2026-03-15,pdl,918e0f4cfe53,3.14.26 All Dresses up to 30% Off PDL.xlsx,Swim up to 30%,Swim up to 30%,Dresses|Swim,123,43,105993.0
2026-03-15,pdl,6f61a4edac8e,3.18.26 Spring Sale up to 40% Off Everything + New Markdowns PDL.xlsx,Swim up to 30%,Swim up to 30%,Swim|Clearance|Sitewide,1,1,0.0
2026-03-15,pdl,93db504ef15f,3.24.26 All Easter up to 50 off PDL.xlsx,Swim up to 30%,Swim up to 30%,Swim|Easter,124,44,148982.0
2026-03-16,pdl,918e0f4cfe53,3.14.26 All Dresses up to 30% Off PDL.xlsx,All Dresses up to 30%,All Dresses up to 30%,Dresses,190,78,233889.0
2026-03-16,pdl,918e0f4cfe53,3.14.26 All Dresses up to 30% Off PDL.xlsx,Clearance Offers,Clearance Offers,Dresses|Clearance,826,470,303117.0
2026-03-17,pdl,918e0f4cfe53,3.14.26 All Dresses up to 30% Off PDL.xlsx,All Dresses up to 30%,All Dresses up to 30%,Dresses,190,78,233889.0
2026-03-17,pdl,918e0f4cfe53,3.14.26 All Dresses up to 30% Off PDL.xlsx,Clearance Offers,Clearance Offers,Dresses|Clearance,826,470,303117.0
2026-03-18,pdl,6f61a4edac8e,3.18.26 Spring Sale up to 40% Off Everything + New Markdowns PDL.xlsx,Clearance Offers,Clearance Offers,Clearance|Sitewide,826,470,259787.0
2026-03-18,pdl,6f61a4edac8e,3.18.26 Spring Sale up to 40% Off Everything + New Markdowns PDL.xlsx,Preliminary New Markdowns,New Markdowns,Clearance|Sitewide,185,121,60467.0
2026-03-18,pdl,6f61a4edac8e,3.18.26 Spring Sale up to 40% Off Everything + New Markdowns PDL.xlsx,Promo 5,3.18 Spring Sale up to 40% Off Everything*,Clearance|Sitewide,1,1,0.0
2026-03-18,pdl,6f61a4edac8e,3.18.26 Spring Sale up to 40% Off Everything + New Markdowns PDL.xlsx,Promo Offers,3.18 Spring Sale up to 40% Off Everything*,Clearance|Sitewide,1326,478,2188559.0
2026-03-19,pdl,6f61a4edac8e,3.18.26 Spring Sale up to 40% Off Everything + New Markdowns PDL.xlsx,Clearance Offers,Clearance Offers,Clearance|Sitewide,826,470,259787.0
2026-03-19,pdl,6f61a4edac8e,3.18.26 Spring Sale up to 40% Off Everything + New Markdowns PDL.xlsx,Promo 5,3.18 Spring Sale up to 40% Off Everything*,Clearance|Sitewide,1,1,0.0
2026-03-19,pdl,6f61a4edac8e,3.18.26 Spring Sale up to 40% Off Everything + New Markdowns PDL.xlsx,Promo Offers,3.18 Spring Sale up to 40% Off Everything*,Clearance|Sitewide,1326,478,2188559.0
2026-03-20,pdl,6f61a4edac8e,3.18.26 Spring Sale up to 40% Off Everything + New Markdowns PDL.xlsx,Clearance Offers,Clearance Offers,Clearance|Sitewide,826,470,259787.0
2026-03-20,pdl,6f61a4edac8e,3.18.26 Spring Sale up to 40% Off Everything + New Markdowns PDL.xlsx,Promo 5,3.18 Spring Sale up to 40% Off Everything*,Clearance|Sitewide,1,1,0.0
2026-03-20,pdl,6f61a4edac8e,3.18.26 Spring Sale up to 40% Off Everything + New Markdowns PDL.xlsx,Promo Offers,3.18 Spring Sale up to 40% Off Everything*,Clearance|Sitewide,1326,478,2188559.0
2026-03-21,pdl,6f61a4edac8e,3.18.26 Spring Sale up to 40% Off Everything + New Markdowns PDL.xlsx,Clearance Offers,Clearance Offers,Clearance|Sitewide,826,470,259787.0
2026-03-21,pdl,6f61a4edac8e,3.18.26 Spring Sale up to 40% Off Everything + New Markdowns PDL.xlsx,Promo 5,3.18 Spring Sale up to 40% Off Everything*,Clearance|Sitewide,1,1,0.0
2026-03-21,pdl,6f61a4edac8e,3.18.26 Spring Sale up to 40% Off Everything + New Markdowns PDL.xlsx,Promo Offers,3.18 Spring Sale up to 40% Off Everything*,Clearance|Sitewide,1326,478,2188559.0
2026-03-22,pdl,6f61a4edac8e,3.18.26 Spring Sale up to 40% Off Everything + New Markdowns PDL.xlsx,Clearance Offers,Clearance Offers,Clearance|Sitewide,826,470,259787.0
2026-03-22,pdl,6f61a4edac8e,3.18.26 Spring Sale up to 40% Off Everything + New Markdowns PDL.xlsx,Promo 5,3.18 Spring Sale up to 40% Off Everything*,Clearance|Sitewide,1,1,0.0
2026-03-22,pdl,6f61a4edac8e,3.18.26 Spring Sale up to 40% Off Everything + New Markdowns PDL.xlsx,Promo Offers,3.18 Spring Sale up to 40% Off Everything*,Clearance|Sitewide,1326,478,2188559.0
2026-03-23,pdl,6f61a4edac8e,3.18.26 Spring Sale up to 40% Off Everything + New Markdowns PDL.xlsx,Clearance Offers,Clearance Offers,Clearance|Sitewide,826,470,259787.0
2026-03-23,pdl,6f61a4edac8e,3.18.26 Spring Sale up to 40% Off Everything + New Markdowns PDL.xlsx,Promo 5,3.18 Spring Sale up to 40% Off Everything*,Clearance|Sitewide,1,1,0.0
2026-03-23,pdl,6f61a4edac8e,3.18.26 Spring Sale up to 40% Off Everything + New Markdowns PDL.xlsx,Promo Offers,3.18 Spring Sale up to 40% Off Everything*,Clearance|Sitewide,1326,478,2188559.0
2026-03-24,pdl,93db504ef15f,3.24.26 All Easter up to 50 off PDL.xlsx,Clearance Offers,Clearance Offers,Clearance|Easter,826,470,259787.0
2026-03-24,pdl,93db504ef15f,3.24.26 All Easter up to 50 off PDL.xlsx,Easter up to 50% Off,Easter up to 50% Off,Easter,45,25,47728.0
2026-03-25,pdl,93db504ef15f,3.24.26 All Easter up to 50 off PDL.xlsx,Clearance Offers,Clearance Offers,Clearance|Easter,826,470,259787.0
2026-03-25,pdl,93db504ef15f,3.24.26 All Easter up to 50 off PDL.xlsx,Easter up to 50% Off,Easter up to 50% Off,Easter,45,25,47728.0
2026-03-26,pdl,93db504ef15f,3.24.26 All Easter up to 50 off PDL.xlsx,Clearance Offers,Clearance Offers,Clearance|Easter,826,470,259787.0
2026-03-26,pdl,93db504ef15f,3.24.26 All Easter up to 50 off PDL.xlsx,Easter up to 50% Off,Easter up to 50% Off,Easter,45,25,47728.0
2026-03-27,pdl,93db504ef15f,3.24.26 All Easter up to 50 off PDL.xlsx,Clearance Offers,Clearance Offers,Clearance|Easter,826,470,259787.0
2026-03-27,pdl,93db504ef15f,3.24.26 All Easter up to 50 off PDL.xlsx,Easter up to 50% Off,Easter up to 50% Off,Easter,45,25,47728.0
2026-03-28,pdl,93db504ef15f,3.24.26 All Easter up to 50 off PDL.xlsx,Clearance Offers,Clearance Offers,Clearance|Easter,826,470,259787.0
2026-03-28,pdl,93db504ef15f,3.24.26 All Easter up to 50 off PDL.xlsx,Easter up to 50% Off,Easter up to 50% Off,Easter,45,25,47728.0
2026-03-29,pdl,93db504ef15f,3.24.26 All Easter up to 50 off PDL.xlsx,Clearance Offers,Clearance Offers,Clearance|Easter,826,470,259787.0
2026-03-29,pdl,93db504ef15f,3.24.26 All Easter up to 50 off PDL.xlsx,Easter up to 50% Off,Easter up to 50% Off,Easter,45,25,47728.0
2026-03-30,pdl,93db504ef15f,3.24.26 All Easter up to 50 off PDL.xlsx,Clearance Offers,Clearance Offers,Clearance|Easter,826,470,259787.0
2026-03-30,pdl,93db504ef15f,3.24.26 All Easter up to 50 off PDL.xlsx,Easter up to 50% Off,Easter up to 50% Off,Easter,45,25,47728.0
2026-03-31,pdl,9db59158376e,3.31.26 Dresses up to 30 off PDL.xlsx,Clearance Offers,Clearance Offers,Dresses|Clearance,826,470,233246.0
2026-03-31,pdl,9db59158376e,3.31.26 Dresses up to 30 off PDL.xlsx,Dresses up to 30% Off,Dresses up to 30% Off,Dresses,203,81,283984.0
2026-03-31,pdl,9db59158376e,3.31.26 Dresses up to 30 off PDL.xlsx,Sleep up to 40% Off,Sleep up to 40% Off,Dresses|Sleep/PJs,547,187,837273.0
2026-04-01,pdl,9db59158376e,3.31.26 Dresses up to 30 off PDL.xlsx,Clearance Offers,Clearance Offers,Dresses|Clearance,826,470,233246.0
2026-04-01,pdl,9db59158376e,3.31.26 Dresses up to 30 off PDL.xlsx,Dresses up to 30% Off,Dresses up to 30% Off,Dresses,203,81,283984.0
2026-04-01,pdl,9db59158376e,3.31.26 Dresses up to 30 off PDL.xlsx,Sleep up to 40% Off,Sleep up to 40% Off,Dresses|Sleep/PJs,547,187,837273.0
2026-04-02,pdl,9db59158376e,3.31.26 Dresses up to 30 off PDL.xlsx,Clearance Offers,Clearance Offers,Dresses|Clearance,826,470,233246.0
2026-04-02,pdl,9db59158376e,3.31.26 Dresses up to 30 off PDL.xlsx,Dresses up to 30% Off,Dresses up to 30% Off,Dresses,203,81,283984.0
2026-04-02,pdl,9db59158376e,3.31.26 Dresses up to 30 off PDL.xlsx,Sleep up to 40% Off,Sleep up to 40% Off,Dresses|Sleep/PJs,547,187,837273.0
2026-04-03,pdl,9db59158376e,3.31.26 Dresses up to 30 off PDL.xlsx,Clearance Offers,Clearance Offers,Dresses|Clearance,826,470,233246.0
2026-04-03,pdl,9db59158376e,3.31.26 Dresses up to 30 off PDL.xlsx,Dresses up to 30% Off,Dresses up to 30% Off,Dresses,203,81,283984.0
2026-04-03,pdl,9db59158376e,3.31.26 Dresses up to 30 off PDL.xlsx,Sleep up to 40% Off,Sleep up to 40% Off,Dresses|Sleep/PJs,547,187,837273.0
2026-04-04,pdl,9db59158376e,3.31.26 Dresses up to 30 off PDL.xlsx,Clearance Offers,Clearance Offers,Dresses|Clearance,826,470,233246.0
2026-04-04,pdl,9db59158376e,3.31.26 Dresses up to 30 off PDL.xlsx,Dresses up to 30% Off,Dresses up to 30% Off,Dresses,203,81,283984.0
2026-04-04,pdl,9db59158376e,3.31.26 Dresses up to 30 off PDL.xlsx,Sleep up to 40% Off,Sleep up to 40% Off,Dresses|Sleep/PJs,547,187,837273.0
2026-04-05,pdl,9db59158376e,3.31.26 Dresses up to 30 off PDL.xlsx,Clearance Offers,Clearance Offers,Dresses|Clearance,826,470,233246.0
2026-04-05,pdl,9db59158376e,3.31.26 Dresses up to 30 off PDL.xlsx,Dresses up to 30% Off,Dresses up to 30% Off,Dresses,203,81,283984.0
2026-04-05,pdl,9db59158376e,3.31.26 Dresses up to 30 off PDL.xlsx,Sleep up to 40% Off,Sleep up to 40% Off,Dresses|Sleep/PJs,547,187,837273.0
2026-04-06,pdl,9db59158376e,3.31.26 Dresses up to 30 off PDL.xlsx,Clearance Offers,Clearance Offers,Dresses|Clearance,826,470,233246.0
2026-04-06,pdl,9db59158376e,3.31.26 Dresses up to 30 off PDL.xlsx,Dresses up to 30% Off,Dresses up to 30% Off,Dresses,203,81,283984.0
2026-04-06,pdl,9db59158376e,3.31.26 Dresses up to 30 off PDL.xlsx,Sleep up to 40% Off,Sleep up to 40% Off,Dresses|Sleep/PJs,547,187,837273.0
2026-04-07,pdl,373d0d836a0d,4.14.26 New Arrivals up to 30% & Sleep Starting @ $25 PDL.xlsx,Clearance Offers,Clearance Offers,Sleep/PJs|Clearance|New Arrivals,826,470,220884.0
2026-04-07,pdl,373d0d836a0d,4.14.26 New Arrivals up to 30% & Sleep Starting @ $25 PDL.xlsx,New Arrivals up to 30%,New Arrivals up to 30%,Sleep/PJs|New Arrivals,442,173,707413.0
2026-04-07,pdl,373d0d836a0d,4.14.26 New Arrivals up to 30% & Sleep Starting @ $25 PDL.xlsx,Sleep Starting @ $25,Sleep Starting @ $25,Sleep/PJs|New Arrivals,545,168,993712.0
2026-04-07,pdl,bf87c8b270f9,4.7.26 All Swim 30% Off PDL.xlsx,Clearance Offers,Clearance Offers,Swim|Clearance,826,470,227976.0
2026-04-07,pdl,bf87c8b270f9,4.7.26 All Swim 30% Off PDL.xlsx,New Arrivals,New Arrivals,Swim|New Arrivals,190,76,154955.0
2026-04-07,pdl,bf87c8b270f9,4.7.26 All Swim 30% Off PDL.xlsx,Swim 30% Off,Swim 30% Off,Swim,195,64,257549.0
2026-04-08,pdl,373d0d836a0d,4.14.26 New Arrivals up to 30% & Sleep Starting @ $25 PDL.xlsx,Clearance Offers,Clearance Offers,Sleep/PJs|Clearance|New Arrivals,826,470,220884.0
2026-04-08,pdl,373d0d836a0d,4.14.26 New Arrivals up to 30% & Sleep Starting @ $25 PDL.xlsx,New Arrivals up to 30%,New Arrivals up to 30%,Sleep/PJs|New Arrivals,442,173,707413.0
2026-04-08,pdl,373d0d836a0d,4.14.26 New Arrivals up to 30% & Sleep Starting @ $25 PDL.xlsx,Sleep Starting @ $25,Sleep Starting @ $25,Sleep/PJs|New Arrivals,545,168,993712.0
2026-04-08,pdl,bf87c8b270f9,4.7.26 All Swim 30% Off PDL.xlsx,Clearance Offers,Clearance Offers,Swim|Clearance,826,470,227976.0
2026-04-08,pdl,bf87c8b270f9,4.7.26 All Swim 30% Off PDL.xlsx,New Arrivals,New Arrivals,Swim|New Arrivals,190,76,154955.0
2026-04-08,pdl,bf87c8b270f9,4.7.26 All Swim 30% Off PDL.xlsx,Swim 30% Off,Swim 30% Off,Swim,195,64,257549.0
2026-04-09,pdl,373d0d836a0d,4.14.26 New Arrivals up to 30% & Sleep Starting @ $25 PDL.xlsx,Clearance Offers,Clearance Offers,Sleep/PJs|Clearance|New Arrivals,826,470,220884.0
2026-04-09,pdl,373d0d836a0d,4.14.26 New Arrivals up to 30% & Sleep Starting @ $25 PDL.xlsx,New Arrivals up to 30%,New Arrivals up to 30%,Sleep/PJs|New Arrivals,442,173,707413.0
2026-04-09,pdl,373d0d836a0d,4.14.26 New Arrivals up to 30% & Sleep Starting @ $25 PDL.xlsx,Sleep Starting @ $25,Sleep Starting @ $25,Sleep/PJs|New Arrivals,545,168,993712.0
2026-04-09,pdl,bf87c8b270f9,4.7.26 All Swim 30% Off PDL.xlsx,Clearance Offers,Clearance Offers,Swim|Clearance,826,470,227976.0
2026-04-09,pdl,bf87c8b270f9,4.7.26 All Swim 30% Off PDL.xlsx,New Arrivals,New Arrivals,Swim|New Arrivals,190,76,154955.0
2026-04-09,pdl,bf87c8b270f9,4.7.26 All Swim 30% Off PDL.xlsx,Swim 30% Off,Swim 30% Off,Swim,195,64,257549.0
2026-04-10,pdl,373d0d836a0d,4.14.26 New Arrivals up to 30% & Sleep Starting @ $25 PDL.xlsx,Clearance Offers,Clearance Offers,Sleep/PJs|Clearance|New Arrivals,826,470,220884.0
2026-04-10,pdl,373d0d836a0d,4.14.26 New Arrivals up to 30% & Sleep Starting @ $25 PDL.xlsx,New Arrivals up to 30%,New Arrivals up to 30%,Sleep/PJs|New Arrivals,442,173,707413.0
2026-04-10,pdl,373d0d836a0d,4.14.26 New Arrivals up to 30% & Sleep Starting @ $25 PDL.xlsx,Sleep Starting @ $25,Sleep Starting @ $25,Sleep/PJs|New Arrivals,545,168,993712.0
2026-04-10,pdl,bf87c8b270f9,4.7.26 All Swim 30% Off PDL.xlsx,Clearance Offers,Clearance Offers,Swim|Clearance,826,470,227976.0
2026-04-10,pdl,bf87c8b270f9,4.7.26 All Swim 30% Off PDL.xlsx,New Arrivals,New Arrivals,Swim|New Arrivals,190,76,154955.0
2026-04-10,pdl,bf87c8b270f9,4.7.26 All Swim 30% Off PDL.xlsx,Swim 30% Off,Swim 30% Off,Swim,195,64,257549.0
2026-04-11,pdl,373d0d836a0d,4.14.26 New Arrivals up to 30% & Sleep Starting @ $25 PDL.xlsx,Clearance Offers,Clearance Offers,Sleep/PJs|Clearance|New Arrivals,826,470,220884.0
2026-04-11,pdl,373d0d836a0d,4.14.26 New Arrivals up to 30% & Sleep Starting @ $25 PDL.xlsx,New Arrivals up to 30%,New Arrivals up to 30%,Sleep/PJs|New Arrivals,442,173,707413.0
2026-04-11,pdl,373d0d836a0d,4.14.26 New Arrivals up to 30% & Sleep Starting @ $25 PDL.xlsx,Sleep Starting @ $25,Sleep Starting @ $25,Sleep/PJs|New Arrivals,545,168,993712.0
2026-04-11,pdl,bf87c8b270f9,4.7.26 All Swim 30% Off PDL.xlsx,Clearance Offers,Clearance Offers,Swim|Clearance,826,470,227976.0
2026-04-11,pdl,bf87c8b270f9,4.7.26 All Swim 30% Off PDL.xlsx,New Arrivals,New Arrivals,Swim|New Arrivals,190,76,154955.0
2026-04-11,pdl,bf87c8b270f9,4.7.26 All Swim 30% Off PDL.xlsx,Swim 30% Off,Swim 30% Off,Swim,195,64,257549.0
2026-04-12,pdl,373d0d836a0d,4.14.26 New Arrivals up to 30% & Sleep Starting @ $25 PDL.xlsx,Clearance Offers,Clearance Offers,Sleep/PJs|Clearance|New Arrivals,826,470,220884.0
2026-04-12,pdl,373d0d836a0d,4.14.26 New Arrivals up to 30% & Sleep Starting @ $25 PDL.xlsx,New Arrivals up to 30%,New Arrivals up to 30%,Sleep/PJs|New Arrivals,442,173,707413.0
2026-04-12,pdl,373d0d836a0d,4.14.26 New Arrivals up to 30% & Sleep Starting @ $25 PDL.xlsx,Sleep Starting @ $25,Sleep Starting @ $25,Sleep/PJs|New Arrivals,545,168,993712.0
2026-04-12,pdl,bf87c8b270f9,4.7.26 All Swim 30% Off PDL.xlsx,Clearance Offers,Clearance Offers,Swim|Clearance,826,470,227976.0
2026-04-12,pdl,bf87c8b270f9,4.7.26 All Swim 30% Off PDL.xlsx,New Arrivals,New Arrivals,Swim|New Arrivals,190,76,154955.0
2026-04-12,pdl,bf87c8b270f9,4.7.26 All Swim 30% Off PDL.xlsx,Swim 30% Off,Swim 30% Off,Swim,195,64,257549.0
2026-04-13,pdl,373d0d836a0d,4.14.26 New Arrivals up to 30% & Sleep Starting @ $25 PDL.xlsx,Clearance Offers,Clearance Offers,Sleep/PJs|Clearance|New Arrivals,826,470,220884.0
2026-04-13,pdl,373d0d836a0d,4.14.26 New Arrivals up to 30% & Sleep Starting @ $25 PDL.xlsx,New Arrivals up to 30%,New Arrivals up to 30%,Sleep/PJs|New Arrivals,442,173,707413.0
2026-04-13,pdl,373d0d836a0d,4.14.26 New Arrivals up to 30% & Sleep Starting @ $25 PDL.xlsx,Sleep Starting @ $25,Sleep Starting @ $25,Sleep/PJs|New Arrivals,545,168,993712.0
2026-04-13,pdl,bf87c8b270f9,4.7.26 All Swim 30% Off PDL.xlsx,Clearance Offers,Clearance Offers,Swim|Clearance,826,470,227976.0
2026-04-13,pdl,bf87c8b270f9,4.7.26 All Swim 30% Off PDL.xlsx,New Arrivals,New Arrivals,Swim|New Arrivals,190,76,154955.0
2026-04-13,pdl,bf87c8b270f9,4.7.26 All Swim 30% Off PDL.xlsx,Swim 30% Off,Swim 30% Off,Swim,195,64,257549.0
2026-04-21,pdl,167bf60cfea5,4.21.26 Friends & Family 40% Off Sitewide PDL.xlsx,All Clearance Offers,All Clearance Offers,Clearance|Sitewide,754,449,312569.0
2026-04-21,pdl,167bf60cfea5,4.21.26 Friends & Family 40% Off Sitewide PDL.xlsx,RWB Offers,RWB Offers,Sitewide,29,22,66078.0
2026-04-21,pdl,167bf60cfea5,4.21.26 Friends & Family 40% Off Sitewide PDL.xlsx,Star Wars Offers,Star Wars Offers,Sitewide,13,12,8923.0
2026-04-22,pdl,167bf60cfea5,4.21.26 Friends & Family 40% Off Sitewide PDL.xlsx,All Clearance Offers,All Clearance Offers,Clearance|Sitewide,754,449,312569.0
2026-04-22,pdl,167bf60cfea5,4.21.26 Friends & Family 40% Off Sitewide PDL.xlsx,RWB Offers,RWB Offers,Sitewide,29,22,66078.0
2026-04-22,pdl,167bf60cfea5,4.21.26 Friends & Family 40% Off Sitewide PDL.xlsx,Star Wars Offers,Star Wars Offers,Sitewide,13,12,8923.0
2026-04-23,pdl,167bf60cfea5,4.21.26 Friends & Family 40% Off Sitewide PDL.xlsx,All Clearance Offers,All Clearance Offers,Clearance|Sitewide,754,449,312569.0
2026-04-23,pdl,167bf60cfea5,4.21.26 Friends & Family 40% Off Sitewide PDL.xlsx,RWB Offers,RWB Offers,Sitewide,29,22,66078.0
2026-04-23,pdl,167bf60cfea5,4.21.26 Friends & Family 40% Off Sitewide PDL.xlsx,Star Wars Offers,Star Wars Offers,Sitewide,13,12,8923.0
2026-04-24,pdl,167bf60cfea5,4.21.26 Friends & Family 40% Off Sitewide PDL.xlsx,All Clearance Offers,All Clearance Offers,Clearance|Sitewide,754,449,312569.0
2026-04-24,pdl,167bf60cfea5,4.21.26 Friends & Family 40% Off Sitewide PDL.xlsx,RWB Offers,RWB Offers,Sitewide,29,22,66078.0
2026-04-24,pdl,167bf60cfea5,4.21.26 Friends & Family 40% Off Sitewide PDL.xlsx,Star Wars Offers,Star Wars Offers,Sitewide,13,12,8923.0
2026-04-25,pdl,167bf60cfea5,4.21.26 Friends & Family 40% Off Sitewide PDL.xlsx,All Clearance Offers,All Clearance Offers,Clearance|Sitewide,754,449,312569.0
2026-04-25,pdl,167bf60cfea5,4.21.26 Friends & Family 40% Off Sitewide PDL.xlsx,RWB Offers,RWB Offers,Sitewide,29,22,66078.0
2026-04-25,pdl,167bf60cfea5,4.21.26 Friends & Family 40% Off Sitewide PDL.xlsx,Star Wars Offers,Star Wars Offers,Sitewide,13,12,8923.0
2026-04-26,pdl,167bf60cfea5,4.21.26 Friends & Family 40% Off Sitewide PDL.xlsx,All Clearance Offers,All Clearance Offers,Clearance|Sitewide,754,449,312569.0
2026-04-26,pdl,167bf60cfea5,4.21.26 Friends & Family 40% Off Sitewide PDL.xlsx,RWB Offers,RWB Offers,Sitewide,29,22,66078.0
2026-04-26,pdl,167bf60cfea5,4.21.26 Friends & Family 40% Off Sitewide PDL.xlsx,Star Wars Offers,Star Wars Offers,Sitewide,13,12,8923.0
2026-04-27,pdl,167bf60cfea5,4.21.26 Friends & Family 40% Off Sitewide PDL.xlsx,All Clearance Offers,All Clearance Offers,Clearance|Sitewide,754,449,312569.0
2026-04-27,pdl,167bf60cfea5,4.21.26 Friends & Family 40% Off Sitewide PDL.xlsx,RWB Offers,RWB Offers,Sitewide,29,22,66078.0
2026-04-27,pdl,167bf60cfea5,4.21.26 Friends & Family 40% Off Sitewide PDL.xlsx,Star Wars Offers,Star Wars Offers,Sitewide,13,12,8923.0
2026-04-28,pdl,167bf60cfea5,4.21.26 Friends & Family 40% Off Sitewide PDL.xlsx,All Clearance Offers,All Clearance Offers,Clearance|Sitewide,754,449,312569.0
2026-04-28,pdl,167bf60cfea5,4.21.26 Friends & Family 40% Off Sitewide PDL.xlsx,RWB Offers,RWB Offers,Sitewide,29,22,66078.0
2026-04-28,pdl,167bf60cfea5,4.21.26 Friends & Family 40% Off Sitewide PDL.xlsx,Star Wars Offers,Star Wars Offers,Sitewide,13,12,8923.0
2026-04-29,pdl,167bf60cfea5,4.21.26 Friends & Family 40% Off Sitewide PDL.xlsx,All Clearance Offers,All Clearance Offers,Clearance|Sitewide,754,449,312569.0
2026-04-29,pdl,167bf60cfea5,4.21.26 Friends & Family 40% Off Sitewide PDL.xlsx,RWB Offers,RWB Offers,Sitewide,29,22,66078.0
2026-04-29,pdl,167bf60cfea5,4.21.26 Friends & Family 40% Off Sitewide PDL.xlsx,Star Wars Offers,Star Wars Offers,Sitewide,13,12,8923.0
2026-04-30,pdl,167bf60cfea5,4.21.26 Friends & Family 40% Off Sitewide PDL.xlsx,All Clearance Offers,All Clearance Offers,Clearance|Sitewide,754,449,312569.0
2026-04-30,pdl,167bf60cfea5,4.21.26 Friends & Family 40% Off Sitewide PDL.xlsx,RWB Offers,RWB Offers,Sitewide,29,22,66078.0
2026-04-30,pdl,167bf60cfea5,4.21.26 Friends & Family 40% Off Sitewide PDL.xlsx,Star Wars Offers,Star Wars Offers,Sitewide,13,12,8923.0
2026-05-01,pdl,167bf60cfea5,4.21.26 Friends & Family 40% Off Sitewide PDL.xlsx,All Clearance Offers,All Clearance Offers,Clearance|Sitewide,754,449,312569.0
2026-05-01,pdl,167bf60cfea5,4.21.26 Friends & Family 40% Off Sitewide PDL.xlsx,RWB Offers,RWB Offers,Sitewide,29,22,66078.0
2026-05-01,pdl,167bf60cfea5,4.21.26 Friends & Family 40% Off Sitewide PDL.xlsx,Star Wars Offers,Star Wars Offers,Sitewide,13,12,8923.0
2026-05-02,pdl,167bf60cfea5,4.21.26 Friends & Family 40% Off Sitewide PDL.xlsx,All Clearance Offers,All Clearance Offers,Clearance|Sitewide,754,449,312569.0
2026-05-02,pdl,167bf60cfea5,4.21.26 Friends & Family 40% Off Sitewide PDL.xlsx,RWB Offers,RWB Offers,Sitewide,29,22,66078.0
2026-05-02,pdl,167bf60cfea5,4.21.26 Friends & Family 40% Off Sitewide PDL.xlsx,Star Wars Offers,Star Wars Offers,Sitewide,13,12,8923.0
2026-05-03,pdl,167bf60cfea5,4.21.26 Friends & Family 40% Off Sitewide PDL.xlsx,All Clearance Offers,All Clearance Offers,Clearance|Sitewide,754,449,312569.0
2026-05-03,pdl,167bf60cfea5,4.21.26 Friends & Family 40% Off Sitewide PDL.xlsx,RWB Offers,RWB Offers,Sitewide,29,22,66078.0
2026-05-03,pdl,167bf60cfea5,4.21.26 Friends & Family 40% Off Sitewide PDL.xlsx,Star Wars Offers,Star Wars Offers,Sitewide,13,12,8923.0
2026-05-04,pdl,167bf60cfea5,4.21.26 Friends & Family 40% Off Sitewide PDL.xlsx,All Clearance Offers,All Clearance Offers,Clearance|Sitewide,754,449,312569.0
2026-05-04,pdl,167bf60cfea5,4.21.26 Friends & Family 40% Off Sitewide PDL.xlsx,RWB Offers,RWB Offers,Sitewide,29,22,66078.0
2026-05-04,pdl,167bf60cfea5,4.21.26 Friends & Family 40% Off Sitewide PDL.xlsx,Star Wars Offers,Star Wars Offers,Sitewide,13,12,8923.0
2026-05-05,pdl,6a0848b424cd,5.5.26 Sleep Starting @ $25 & All Swim up to 40% PDL.xlsx,Clearance Offers,Clearance Offers,Sleep/PJs|Swim|Clearance,826,470,208913.0
2026-05-05,pdl,6a0848b424cd,5.5.26 Sleep Starting @ $25 & All Swim up to 40% PDL.xlsx,Sleep Starting @ $25,Sleep Starting @ $25,Sleep/PJs|Swim,542,171,965681.0
2026-05-05,pdl,6a0848b424cd,5.5.26 Sleep Starting @ $25 & All Swim up to 40% PDL.xlsx,Swim up to 40%,Swim up to 40%,Sleep/PJs|Swim,202,65,289909.0
2026-05-06,pdl,6a0848b424cd,5.5.26 Sleep Starting @ $25 & All Swim up to 40% PDL.xlsx,Clearance Offers,Clearance Offers,Sleep/PJs|Swim|Clearance,826,470,208913.0
2026-05-06,pdl,6a0848b424cd,5.5.26 Sleep Starting @ $25 & All Swim up to 40% PDL.xlsx,Sleep Starting @ $25,Sleep Starting @ $25,Sleep/PJs|Swim,542,171,965681.0
2026-05-06,pdl,6a0848b424cd,5.5.26 Sleep Starting @ $25 & All Swim up to 40% PDL.xlsx,Swim up to 40%,Swim up to 40%,Sleep/PJs|Swim,202,65,289909.0
2026-05-07,pdl,6a0848b424cd,5.5.26 Sleep Starting @ $25 & All Swim up to 40% PDL.xlsx,Clearance Offers,Clearance Offers,Sleep/PJs|Swim|Clearance,826,470,208913.0
2026-05-07,pdl,6a0848b424cd,5.5.26 Sleep Starting @ $25 & All Swim up to 40% PDL.xlsx,Sleep Starting @ $25,Sleep Starting @ $25,Sleep/PJs|Swim,542,171,965681.0
2026-05-07,pdl,6a0848b424cd,5.5.26 Sleep Starting @ $25 & All Swim up to 40% PDL.xlsx,Swim up to 40%,Swim up to 40%,Sleep/PJs|Swim,202,65,289909.0
2026-05-08,pdl,6a0848b424cd,5.5.26 Sleep Starting @ $25 & All Swim up to 40% PDL.xlsx,Clearance Offers,Clearance Offers,Sleep/PJs|Swim|Clearance,826,470,208913.0
2026-05-08,pdl,6a0848b424cd,5.5.26 Sleep Starting @ $25 & All Swim up to 40% PDL.xlsx,Sleep Starting @ $25,Sleep Starting @ $25,Sleep/PJs|Swim,542,171,965681.0
2026-05-08,pdl,6a0848b424cd,5.5.26 Sleep Starting @ $25 & All Swim up to 40% PDL.xlsx,Swim up to 40%,Swim up to 40%,Sleep/PJs|Swim,202,65,289909.0
2026-05-09,pdl,db52aefb7199,5.9.26 All Dresses & All Swim up to 40% PDL.xlsx,Clearance Offers,Clearance Offers,Dresses|Swim|Clearance,826,470,204364.0
2026-05-09,pdl,db52aefb7199,5.9.26 All Dresses & All Swim up to 40% PDL.xlsx,Dresses up to 40%,Dresses up to 40%,Dresses|Swim,244,99,395332.0
2026-05-09,pdl,db52aefb7199,5.9.26 All Dresses & All Swim up to 40% PDL.xlsx,Swim up to 40%,Swim up to 40%,Dresses|Swim,204,65,283063.0
2026-05-10,pdl,db52aefb7199,5.9.26 All Dresses & All Swim up to 40% PDL.xlsx,Clearance Offers,Clearance Offers,Dresses|Swim|Clearance,826,470,204364.0
2026-05-10,pdl,db52aefb7199,5.9.26 All Dresses & All Swim up to 40% PDL.xlsx,Dresses up to 40%,Dresses up to 40%,Dresses|Swim,244,99,395332.0
2026-05-10,pdl,db52aefb7199,5.9.26 All Dresses & All Swim up to 40% PDL.xlsx,Swim up to 40%,Swim up to 40%,Dresses|Swim,204,65,283063.0
2026-05-11,pdl,db52aefb7199,5.9.26 All Dresses & All Swim up to 40% PDL.xlsx,Clearance Offers,Clearance Offers,Dresses|Swim|Clearance,826,470,204364.0
2026-05-11,pdl,db52aefb7199,5.9.26 All Dresses & All Swim up to 40% PDL.xlsx,Dresses up to 40%,Dresses up to 40%,Dresses|Swim,244,99,395332.0
2026-05-11,pdl,db52aefb7199,5.9.26 All Dresses & All Swim up to 40% PDL.xlsx,Swim up to 40%,Swim up to 40%,Dresses|Swim,204,65,283063.0
2026-05-12,pdl,db52aefb7199,5.9.26 All Dresses & All Swim up to 40% PDL.xlsx,Clearance Offers,Clearance Offers,Dresses|Swim|Clearance,826,470,204364.0
2026-05-12,pdl,db52aefb7199,5.9.26 All Dresses & All Swim up to 40% PDL.xlsx,Dresses up to 40%,Dresses up to 40%,Dresses|Swim,244,99,395332.0
2026-05-12,pdl,db52aefb7199,5.9.26 All Dresses & All Swim up to 40% PDL.xlsx,Swim up to 40%,Swim up to 40%,Dresses|Swim,204,65,283063.0
2026-05-13,pdl,db52aefb7199,5.9.26 All Dresses & All Swim up to 40% PDL.xlsx,Clearance Offers,Clearance Offers,Dresses|Swim|Clearance,826,470,204364.0
2026-05-13,pdl,db52aefb7199,5.9.26 All Dresses & All Swim up to 40% PDL.xlsx,Dresses up to 40%,Dresses up to 40%,Dresses|Swim,244,99,395332.0
2026-05-13,pdl,db52aefb7199,5.9.26 All Dresses & All Swim up to 40% PDL.xlsx,Swim up to 40%,Swim up to 40%,Dresses|Swim,204,65,283063.0
2026-05-14,pdl,245791c4f0f2,5.14.26 Memorial Day up to 50% Off Everything PDL.xlsx,Clearance Offers,Clearance Offers,Clearance|Sitewide,826,470,186344.0
2026-05-14,pdl,245791c4f0f2,5.14.26 Memorial Day up to 50% Off Everything PDL.xlsx,Dresses up to 40%,5.14.26 Memorial Day up to 50% Off Everything,Dresses|Sitewide,1,1,0.0
2026-05-14,pdl,245791c4f0f2,5.14.26 Memorial Day up to 50% Off Everything PDL.xlsx,New Markdown Offers,New Markdowns,Clearance|Sitewide,321,179,64423.0
2026-05-14,pdl,245791c4f0f2,5.14.26 Memorial Day up to 50% Off Everything PDL.xlsx,Pin Reccs,5.14.26 Memorial Day up to 50% Off Everything,Sitewide,24,21,60850.0
2026-05-15,pdl,245791c4f0f2,5.14.26 Memorial Day up to 50% Off Everything PDL.xlsx,Clearance Offers,Clearance Offers,Clearance|Sitewide,826,470,186344.0
2026-05-15,pdl,245791c4f0f2,5.14.26 Memorial Day up to 50% Off Everything PDL.xlsx,Dresses up to 40%,5.14.26 Memorial Day up to 50% Off Everything,Dresses|Sitewide,1,1,0.0
2026-05-15,pdl,245791c4f0f2,5.14.26 Memorial Day up to 50% Off Everything PDL.xlsx,New Markdown Offers,New Markdowns,Clearance|Sitewide,321,179,64423.0
2026-05-15,pdl,245791c4f0f2,5.14.26 Memorial Day up to 50% Off Everything PDL.xlsx,Pin Reccs,5.14.26 Memorial Day up to 50% Off Everything,Sitewide,24,21,60850.0
2026-05-16,pdl,245791c4f0f2,5.14.26 Memorial Day up to 50% Off Everything PDL.xlsx,Clearance Offers,Clearance Offers,Clearance|Sitewide,826,470,186344.0
2026-05-16,pdl,245791c4f0f2,5.14.26 Memorial Day up to 50% Off Everything PDL.xlsx,Dresses up to 40%,5.14.26 Memorial Day up to 50% Off Everything,Dresses|Sitewide,1,1,0.0
2026-05-16,pdl,245791c4f0f2,5.14.26 Memorial Day up to 50% Off Everything PDL.xlsx,New Markdown Offers,New Markdowns,Clearance|Sitewide,321,179,64423.0
2026-05-16,pdl,245791c4f0f2,5.14.26 Memorial Day up to 50% Off Everything PDL.xlsx,Pin Reccs,5.14.26 Memorial Day up to 50% Off Everything,Sitewide,24,21,60850.0
2026-05-17,pdl,245791c4f0f2,5.14.26 Memorial Day up to 50% Off Everything PDL.xlsx,Clearance Offers,Clearance Offers,Clearance|Sitewide,826,470,186344.0
2026-05-17,pdl,245791c4f0f2,5.14.26 Memorial Day up to 50% Off Everything PDL.xlsx,Dresses up to 40%,5.14.26 Memorial Day up to 50% Off Everything,Dresses|Sitewide,1,1,0.0
2026-05-17,pdl,245791c4f0f2,5.14.26 Memorial Day up to 50% Off Everything PDL.xlsx,New Markdown Offers,New Markdowns,Clearance|Sitewide,321,179,64423.0
2026-05-17,pdl,245791c4f0f2,5.14.26 Memorial Day up to 50% Off Everything PDL.xlsx,Pin Reccs,5.14.26 Memorial Day up to 50% Off Everything,Sitewide,24,21,60850.0
2026-05-18,pdl,245791c4f0f2,5.14.26 Memorial Day up to 50% Off Everything PDL.xlsx,Clearance Offers,Clearance Offers,Clearance|Sitewide,826,470,186344.0
2026-05-18,pdl,245791c4f0f2,5.14.26 Memorial Day up to 50% Off Everything PDL.xlsx,Dresses up to 40%,5.14.26 Memorial Day up to 50% Off Everything,Dresses|Sitewide,1,1,0.0
2026-05-18,pdl,245791c4f0f2,5.14.26 Memorial Day up to 50% Off Everything PDL.xlsx,New Markdown Offers,New Markdowns,Clearance|Sitewide,321,179,64423.0
2026-05-18,pdl,245791c4f0f2,5.14.26 Memorial Day up to 50% Off Everything PDL.xlsx,Pin Reccs,5.14.26 Memorial Day up to 50% Off Everything,Sitewide,24,21,60850.0
2026-05-19,pdl,245791c4f0f2,5.14.26 Memorial Day up to 50% Off Everything PDL.xlsx,Clearance Offers,Clearance Offers,Clearance|Sitewide,826,470,186344.0
2026-05-19,pdl,245791c4f0f2,5.14.26 Memorial Day up to 50% Off Everything PDL.xlsx,Dresses up to 40%,5.14.26 Memorial Day up to 50% Off Everything,Dresses|Sitewide,1,1,0.0
2026-05-19,pdl,245791c4f0f2,5.14.26 Memorial Day up to 50% Off Everything PDL.xlsx,New Markdown Offers,New Markdowns,Clearance|Sitewide,321,179,64423.0
2026-05-19,pdl,245791c4f0f2,5.14.26 Memorial Day up to 50% Off Everything PDL.xlsx,Pin Reccs,5.14.26 Memorial Day up to 50% Off Everything,Sitewide,24,21,60850.0
2026-05-20,pdl,245791c4f0f2,5.14.26 Memorial Day up to 50% Off Everything PDL.xlsx,Clearance Offers,Clearance Offers,Clearance|Sitewide,826,470,186344.0
2026-05-20,pdl,245791c4f0f2,5.14.26 Memorial Day up to 50% Off Everything PDL.xlsx,Dresses up to 40%,5.14.26 Memorial Day up to 50% Off Everything,Dresses|Sitewide,1,1,0.0
2026-05-20,pdl,245791c4f0f2,5.14.26 Memorial Day up to 50% Off Everything PDL.xlsx,New Markdown Offers,New Markdowns,Clearance|Sitewide,321,179,64423.0
2026-05-20,pdl,245791c4f0f2,5.14.26 Memorial Day up to 50% Off Everything PDL.xlsx,Pin Reccs,5.14.26 Memorial Day up to 50% Off Everything,Sitewide,24,21,60850.0
2026-05-21,pdl,245791c4f0f2,5.14.26 Memorial Day up to 50% Off Everything PDL.xlsx,Clearance Offers,Clearance Offers,Clearance|Sitewide,826,470,186344.0
2026-05-21,pdl,245791c4f0f2,5.14.26 Memorial Day up to 50% Off Everything PDL.xlsx,Dresses up to 40%,5.14.26 Memorial Day up to 50% Off Everything,Dresses|Sitewide,1,1,0.0
2026-05-21,pdl,245791c4f0f2,5.14.26 Memorial Day up to 50% Off Everything PDL.xlsx,New Markdown Offers,New Markdowns,Clearance|Sitewide,321,179,64423.0
2026-05-21,pdl,245791c4f0f2,5.14.26 Memorial Day up to 50% Off Everything PDL.xlsx,Pin Reccs,5.14.26 Memorial Day up to 50% Off Everything,Sitewide,24,21,60850.0
2026-05-22,pdl,245791c4f0f2,5.14.26 Memorial Day up to 50% Off Everything PDL.xlsx,Clearance Offers,Clearance Offers,Clearance|Sitewide,826,470,186344.0
2026-05-22,pdl,245791c4f0f2,5.14.26 Memorial Day up to 50% Off Everything PDL.xlsx,Dresses up to 40%,5.14.26 Memorial Day up to 50% Off Everything,Dresses|Sitewide,1,1,0.0
2026-05-22,pdl,245791c4f0f2,5.14.26 Memorial Day up to 50% Off Everything PDL.xlsx,New Markdown Offers,New Markdowns,Clearance|Sitewide,321,179,64423.0
2026-05-22,pdl,245791c4f0f2,5.14.26 Memorial Day up to 50% Off Everything PDL.xlsx,Pin Reccs,5.14.26 Memorial Day up to 50% Off Everything,Sitewide,24,21,60850.0
2026-05-23,pdl,245791c4f0f2,5.14.26 Memorial Day up to 50% Off Everything PDL.xlsx,Clearance Offers,Clearance Offers,Clearance|Sitewide,826,470,186344.0
2026-05-23,pdl,245791c4f0f2,5.14.26 Memorial Day up to 50% Off Everything PDL.xlsx,Dresses up to 40%,5.14.26 Memorial Day up to 50% Off Everything,Dresses|Sitewide,1,1,0.0
2026-05-23,pdl,245791c4f0f2,5.14.26 Memorial Day up to 50% Off Everything PDL.xlsx,New Markdown Offers,New Markdowns,Clearance|Sitewide,321,179,64423.0
2026-05-23,pdl,245791c4f0f2,5.14.26 Memorial Day up to 50% Off Everything PDL.xlsx,Pin Reccs,5.14.26 Memorial Day up to 50% Off Everything,Sitewide,24,21,60850.0
2026-05-24,pdl,245791c4f0f2,5.14.26 Memorial Day up to 50% Off Everything PDL.xlsx,Clearance Offers,Clearance Offers,Clearance|Sitewide,826,470,186344.0
2026-05-24,pdl,245791c4f0f2,5.14.26 Memorial Day up to 50% Off Everything PDL.xlsx,Dresses up to 40%,5.14.26 Memorial Day up to 50% Off Everything,Dresses|Sitewide,1,1,0.0
2026-05-24,pdl,245791c4f0f2,5.14.26 Memorial Day up to 50% Off Everything PDL.xlsx,New Markdown Offers,New Markdowns,Clearance|Sitewide,321,179,64423.0
2026-05-24,pdl,245791c4f0f2,5.14.26 Memorial Day up to 50% Off Everything PDL.xlsx,Pin Reccs,5.14.26 Memorial Day up to 50% Off Everything,Sitewide,24,21,60850.0
2026-05-25,pdl,245791c4f0f2,5.14.26 Memorial Day up to 50% Off Everything PDL.xlsx,Clearance Offers,Clearance Offers,Clearance|Sitewide,826,470,186344.0
2026-05-25,pdl,245791c4f0f2,5.14.26 Memorial Day up to 50% Off Everything PDL.xlsx,Dresses up to 40%,5.14.26 Memorial Day up to 50% Off Everything,Dresses|Sitewide,1,1,0.0
2026-05-25,pdl,245791c4f0f2,5.14.26 Memorial Day up to 50% Off Everything PDL.xlsx,New Markdown Offers,New Markdowns,Clearance|Sitewide,321,179,64423.0
2026-05-25,pdl,245791c4f0f2,5.14.26 Memorial Day up to 50% Off Everything PDL.xlsx,Pin Reccs,5.14.26 Memorial Day up to 50% Off Everything,Sitewide,24,21,60850.0
2026-05-26,pdl,260d6ea14630,5.26.26 Dresses up to 50 PDL.xlsx,Clearance Offers,Clearance Offers,Dresses|Clearance,826,470,188125.0
2026-05-26,pdl,260d6ea14630,5.26.26 Dresses up to 50 PDL.xlsx,Collab up to 40%,Collab up to 40%,Dresses,146,124,125783.0
2026-05-26,pdl,260d6ea14630,5.26.26 Dresses up to 50 PDL.xlsx,Dresses up to 50%,Dresses up to 50%,Dresses,182,70,318201.0
2026-05-26,pdl,260d6ea14630,5.26.26 Dresses up to 50 PDL.xlsx,New Arrivals,New Arrivals,Dresses|New Arrivals,40,12,36392.0
2026-05-26,pdl,a069507696c0,6.2.26 RWB & All Sleep up to 50% Off PDL.xlsx,Clearance Offers,Clearance Offers,Sleep/PJs|Clearance,826,470,172267.0
2026-05-26,pdl,a069507696c0,6.2.26 RWB & All Sleep up to 50% Off PDL.xlsx,New Arrivals,New Arrivals,Sleep/PJs|New Arrivals,40,12,61637.0
2026-05-26,pdl,a069507696c0,6.2.26 RWB & All Sleep up to 50% Off PDL.xlsx,RWB up to 50%,RWB up to 50%,Sleep/PJs,28,21,32130.0
2026-05-26,pdl,a069507696c0,6.2.26 RWB & All Sleep up to 50% Off PDL.xlsx,Sleep up to 50%,Sleep up to 50%,Sleep/PJs,443,145,761476.0
2026-05-27,pdl,260d6ea14630,5.26.26 Dresses up to 50 PDL.xlsx,Clearance Offers,Clearance Offers,Dresses|Clearance,826,470,188125.0
2026-05-27,pdl,260d6ea14630,5.26.26 Dresses up to 50 PDL.xlsx,Collab up to 40%,Collab up to 40%,Dresses,146,124,125783.0
2026-05-27,pdl,260d6ea14630,5.26.26 Dresses up to 50 PDL.xlsx,Dresses up to 50%,Dresses up to 50%,Dresses,182,70,318201.0
2026-05-27,pdl,260d6ea14630,5.26.26 Dresses up to 50 PDL.xlsx,New Arrivals,New Arrivals,Dresses|New Arrivals,40,12,36392.0
2026-05-27,pdl,a069507696c0,6.2.26 RWB & All Sleep up to 50% Off PDL.xlsx,Clearance Offers,Clearance Offers,Sleep/PJs|Clearance,826,470,172267.0
2026-05-27,pdl,a069507696c0,6.2.26 RWB & All Sleep up to 50% Off PDL.xlsx,New Arrivals,New Arrivals,Sleep/PJs|New Arrivals,40,12,61637.0
2026-05-27,pdl,a069507696c0,6.2.26 RWB & All Sleep up to 50% Off PDL.xlsx,RWB up to 50%,RWB up to 50%,Sleep/PJs,28,21,32130.0
2026-05-27,pdl,a069507696c0,6.2.26 RWB & All Sleep up to 50% Off PDL.xlsx,Sleep up to 50%,Sleep up to 50%,Sleep/PJs,443,145,761476.0
2026-05-28,pdl,260d6ea14630,5.26.26 Dresses up to 50 PDL.xlsx,Clearance Offers,Clearance Offers,Dresses|Clearance,826,470,188125.0
2026-05-28,pdl,260d6ea14630,5.26.26 Dresses up to 50 PDL.xlsx,Collab up to 40%,Collab up to 40%,Dresses,146,124,125783.0
2026-05-28,pdl,260d6ea14630,5.26.26 Dresses up to 50 PDL.xlsx,Dresses up to 50%,Dresses up to 50%,Dresses,182,70,318201.0
2026-05-28,pdl,260d6ea14630,5.26.26 Dresses up to 50 PDL.xlsx,New Arrivals,New Arrivals,Dresses|New Arrivals,40,12,36392.0
2026-05-28,pdl,a069507696c0,6.2.26 RWB & All Sleep up to 50% Off PDL.xlsx,Clearance Offers,Clearance Offers,Sleep/PJs|Clearance,826,470,172267.0
2026-05-28,pdl,a069507696c0,6.2.26 RWB & All Sleep up to 50% Off PDL.xlsx,New Arrivals,New Arrivals,Sleep/PJs|New Arrivals,40,12,61637.0
2026-05-28,pdl,a069507696c0,6.2.26 RWB & All Sleep up to 50% Off PDL.xlsx,RWB up to 50%,RWB up to 50%,Sleep/PJs,28,21,32130.0
2026-05-28,pdl,a069507696c0,6.2.26 RWB & All Sleep up to 50% Off PDL.xlsx,Sleep up to 50%,Sleep up to 50%,Sleep/PJs,443,145,761476.0
2026-05-29,pdl,260d6ea14630,5.26.26 Dresses up to 50 PDL.xlsx,Clearance Offers,Clearance Offers,Dresses|Clearance,826,470,188125.0
2026-05-29,pdl,260d6ea14630,5.26.26 Dresses up to 50 PDL.xlsx,Collab up to 40%,Collab up to 40%,Dresses,146,124,125783.0
2026-05-29,pdl,260d6ea14630,5.26.26 Dresses up to 50 PDL.xlsx,Dresses up to 50%,Dresses up to 50%,Dresses,182,70,318201.0
2026-05-29,pdl,260d6ea14630,5.26.26 Dresses up to 50 PDL.xlsx,New Arrivals,New Arrivals,Dresses|New Arrivals,40,12,36392.0
2026-05-29,pdl,a069507696c0,6.2.26 RWB & All Sleep up to 50% Off PDL.xlsx,Clearance Offers,Clearance Offers,Sleep/PJs|Clearance,826,470,172267.0
2026-05-29,pdl,a069507696c0,6.2.26 RWB & All Sleep up to 50% Off PDL.xlsx,New Arrivals,New Arrivals,Sleep/PJs|New Arrivals,40,12,61637.0
2026-05-29,pdl,a069507696c0,6.2.26 RWB & All Sleep up to 50% Off PDL.xlsx,RWB up to 50%,RWB up to 50%,Sleep/PJs,28,21,32130.0
2026-05-29,pdl,a069507696c0,6.2.26 RWB & All Sleep up to 50% Off PDL.xlsx,Sleep up to 50%,Sleep up to 50%,Sleep/PJs,443,145,761476.0
2026-05-30,pdl,260d6ea14630,5.26.26 Dresses up to 50 PDL.xlsx,Clearance Offers,Clearance Offers,Dresses|Clearance,826,470,188125.0
2026-05-30,pdl,260d6ea14630,5.26.26 Dresses up to 50 PDL.xlsx,Collab up to 40%,Collab up to 40%,Dresses,146,124,125783.0
2026-05-30,pdl,260d6ea14630,5.26.26 Dresses up to 50 PDL.xlsx,Dresses up to 50%,Dresses up to 50%,Dresses,182,70,318201.0
2026-05-30,pdl,260d6ea14630,5.26.26 Dresses up to 50 PDL.xlsx,New Arrivals,New Arrivals,Dresses|New Arrivals,40,12,36392.0
2026-05-30,pdl,a069507696c0,6.2.26 RWB & All Sleep up to 50% Off PDL.xlsx,Clearance Offers,Clearance Offers,Sleep/PJs|Clearance,826,470,172267.0
2026-05-30,pdl,a069507696c0,6.2.26 RWB & All Sleep up to 50% Off PDL.xlsx,New Arrivals,New Arrivals,Sleep/PJs|New Arrivals,40,12,61637.0
2026-05-30,pdl,a069507696c0,6.2.26 RWB & All Sleep up to 50% Off PDL.xlsx,RWB up to 50%,RWB up to 50%,Sleep/PJs,28,21,32130.0
2026-05-30,pdl,a069507696c0,6.2.26 RWB & All Sleep up to 50% Off PDL.xlsx,Sleep up to 50%,Sleep up to 50%,Sleep/PJs,443,145,761476.0
2026-05-31,pdl,260d6ea14630,5.26.26 Dresses up to 50 PDL.xlsx,Clearance Offers,Clearance Offers,Dresses|Clearance,826,470,188125.0
2026-05-31,pdl,260d6ea14630,5.26.26 Dresses up to 50 PDL.xlsx,Collab up to 40%,Collab up to 40%,Dresses,146,124,125783.0
2026-05-31,pdl,260d6ea14630,5.26.26 Dresses up to 50 PDL.xlsx,Dresses up to 50%,Dresses up to 50%,Dresses,182,70,318201.0
2026-05-31,pdl,260d6ea14630,5.26.26 Dresses up to 50 PDL.xlsx,New Arrivals,New Arrivals,Dresses|New Arrivals,40,12,36392.0
2026-05-31,pdl,a069507696c0,6.2.26 RWB & All Sleep up to 50% Off PDL.xlsx,Clearance Offers,Clearance Offers,Sleep/PJs|Clearance,826,470,172267.0
2026-05-31,pdl,a069507696c0,6.2.26 RWB & All Sleep up to 50% Off PDL.xlsx,New Arrivals,New Arrivals,Sleep/PJs|New Arrivals,40,12,61637.0
2026-05-31,pdl,a069507696c0,6.2.26 RWB & All Sleep up to 50% Off PDL.xlsx,RWB up to 50%,RWB up to 50%,Sleep/PJs,28,21,32130.0
2026-05-31,pdl,a069507696c0,6.2.26 RWB & All Sleep up to 50% Off PDL.xlsx,Sleep up to 50%,Sleep up to 50%,Sleep/PJs,443,145,761476.0
2026-06-01,pdl,260d6ea14630,5.26.26 Dresses up to 50 PDL.xlsx,Clearance Offers,Clearance Offers,Dresses|Clearance,826,470,188125.0
2026-06-01,pdl,260d6ea14630,5.26.26 Dresses up to 50 PDL.xlsx,Collab up to 40%,Collab up to 40%,Dresses,146,124,125783.0
2026-06-01,pdl,260d6ea14630,5.26.26 Dresses up to 50 PDL.xlsx,Dresses up to 50%,Dresses up to 50%,Dresses,182,70,318201.0
2026-06-01,pdl,260d6ea14630,5.26.26 Dresses up to 50 PDL.xlsx,New Arrivals,New Arrivals,Dresses|New Arrivals,40,12,36392.0
2026-06-01,pdl,a069507696c0,6.2.26 RWB & All Sleep up to 50% Off PDL.xlsx,Clearance Offers,Clearance Offers,Sleep/PJs|Clearance,826,470,172267.0
2026-06-01,pdl,a069507696c0,6.2.26 RWB & All Sleep up to 50% Off PDL.xlsx,New Arrivals,New Arrivals,Sleep/PJs|New Arrivals,40,12,61637.0
2026-06-01,pdl,a069507696c0,6.2.26 RWB & All Sleep up to 50% Off PDL.xlsx,RWB up to 50%,RWB up to 50%,Sleep/PJs,28,21,32130.0
2026-06-01,pdl,a069507696c0,6.2.26 RWB & All Sleep up to 50% Off PDL.xlsx,Sleep up to 50%,Sleep up to 50%,Sleep/PJs,443,145,761476.0
2026-06-09,pdl,3a0dc46f1597,6.9.26 RWB & Swim & Dresses up to 50% Off PDL.xlsx,Clearance Offers,Clearance Offers,Dresses|Swim|Clearance,826,470,181492.0
2026-06-09,pdl,3a0dc46f1597,6.9.26 RWB & Swim & Dresses up to 50% Off PDL.xlsx,RWB up to 50%,RWB up to 50%,Dresses|Swim,28,21,39210.0
2026-06-09,pdl,3a0dc46f1597,6.9.26 RWB & Swim & Dresses up to 50% Off PDL.xlsx,Swim up to 50%,Sleep up to 50%,Dresses|Sleep/PJs|Swim,198,64,201158.0
2026-06-10,pdl,3a0dc46f1597,6.9.26 RWB & Swim & Dresses up to 50% Off PDL.xlsx,Clearance Offers,Clearance Offers,Dresses|Swim|Clearance,826,470,181492.0
2026-06-10,pdl,3a0dc46f1597,6.9.26 RWB & Swim & Dresses up to 50% Off PDL.xlsx,RWB up to 50%,RWB up to 50%,Dresses|Swim,28,21,39210.0
2026-06-10,pdl,3a0dc46f1597,6.9.26 RWB & Swim & Dresses up to 50% Off PDL.xlsx,Swim up to 50%,Sleep up to 50%,Dresses|Sleep/PJs|Swim,198,64,201158.0
2026-06-11,pdl,3a0dc46f1597,6.9.26 RWB & Swim & Dresses up to 50% Off PDL.xlsx,Clearance Offers,Clearance Offers,Dresses|Swim|Clearance,826,470,181492.0
2026-06-11,pdl,3a0dc46f1597,6.9.26 RWB & Swim & Dresses up to 50% Off PDL.xlsx,RWB up to 50%,RWB up to 50%,Dresses|Swim,28,21,39210.0
2026-06-11,pdl,3a0dc46f1597,6.9.26 RWB & Swim & Dresses up to 50% Off PDL.xlsx,Swim up to 50%,Sleep up to 50%,Dresses|Sleep/PJs|Swim,198,64,201158.0
2026-06-12,pdl,3a0dc46f1597,6.9.26 RWB & Swim & Dresses up to 50% Off PDL.xlsx,Clearance Offers,Clearance Offers,Dresses|Swim|Clearance,826,470,181492.0
2026-06-12,pdl,3a0dc46f1597,6.9.26 RWB & Swim & Dresses up to 50% Off PDL.xlsx,RWB up to 50%,RWB up to 50%,Dresses|Swim,28,21,39210.0
2026-06-12,pdl,3a0dc46f1597,6.9.26 RWB & Swim & Dresses up to 50% Off PDL.xlsx,Swim up to 50%,Sleep up to 50%,Dresses|Sleep/PJs|Swim,198,64,201158.0
2026-06-13,pdl,3a0dc46f1597,6.9.26 RWB & Swim & Dresses up to 50% Off PDL.xlsx,Clearance Offers,Clearance Offers,Dresses|Swim|Clearance,826,470,181492.0
2026-06-13,pdl,3a0dc46f1597,6.9.26 RWB & Swim & Dresses up to 50% Off PDL.xlsx,Dresses up to 50%,Dresses up to 50%,Dresses|Swim,173,68,255594.0
2026-06-13,pdl,3a0dc46f1597,6.9.26 RWB & Swim & Dresses up to 50% Off PDL.xlsx,RWB up to 50%,RWB up to 50%,Dresses|Swim,28,21,39210.0
2026-06-14,pdl,3a0dc46f1597,6.9.26 RWB & Swim & Dresses up to 50% Off PDL.xlsx,Clearance Offers,Clearance Offers,Dresses|Swim|Clearance,826,470,181492.0
2026-06-14,pdl,3a0dc46f1597,6.9.26 RWB & Swim & Dresses up to 50% Off PDL.xlsx,Dresses up to 50%,Dresses up to 50%,Dresses|Swim,173,68,255594.0
2026-06-14,pdl,3a0dc46f1597,6.9.26 RWB & Swim & Dresses up to 50% Off PDL.xlsx,RWB up to 50%,RWB up to 50%,Dresses|Swim,28,21,39210.0
2026-06-15,pdl,3a0dc46f1597,6.9.26 RWB & Swim & Dresses up to 50% Off PDL.xlsx,Clearance Offers,Clearance Offers,Dresses|Swim|Clearance,826,470,181492.0
2026-06-15,pdl,3a0dc46f1597,6.9.26 RWB & Swim & Dresses up to 50% Off PDL.xlsx,Dresses up to 50%,Dresses up to 50%,Dresses|Swim,173,68,255594.0
2026-06-15,pdl,3a0dc46f1597,6.9.26 RWB & Swim & Dresses up to 50% Off PDL.xlsx,RWB up to 50%,RWB up to 50%,Dresses|Swim,28,21,39210.0
2026-06-16,pdl,3a0dc46f1597,6.9.26 RWB & Swim & Dresses up to 50% Off PDL.xlsx,Clearance Offers,Clearance Offers,Dresses|Swim|Clearance,826,470,181492.0
2026-06-16,pdl,3a0dc46f1597,6.9.26 RWB & Swim & Dresses up to 50% Off PDL.xlsx,Dresses up to 50%,Dresses up to 50%,Dresses|Swim,173,68,255594.0
2026-06-16,pdl,3a0dc46f1597,6.9.26 RWB & Swim & Dresses up to 50% Off PDL.xlsx,RWB up to 50%,RWB up to 50%,Dresses|Swim,28,21,39210.0
2026-06-17,pdl,3a0dc46f1597,6.9.26 RWB & Swim & Dresses up to 50% Off PDL.xlsx,Clearance Offers,Clearance Offers,Dresses|Swim|Clearance,826,470,181492.0
2026-06-17,pdl,3a0dc46f1597,6.9.26 RWB & Swim & Dresses up to 50% Off PDL.xlsx,Dresses up to 50%,Dresses up to 50%,Dresses|Swim,173,68,255594.0
2026-06-17,pdl,3a0dc46f1597,6.9.26 RWB & Swim & Dresses up to 50% Off PDL.xlsx,RWB up to 50%,RWB up to 50%,Dresses|Swim,28,21,39210.0
2026-06-18,pdl,4b2c01e634c2,6.18.26 Hanna Sale PDL.xlsx,6.18 NEW Markdowns,New Markdowns,Clearance,769,319,425106.0
2026-06-18,pdl,4b2c01e634c2,6.18.26 Hanna Sale PDL.xlsx,6.18 Promo Offers,Hanna Sale up to 60% Off,Clearance,906,391,1492273.0
2026-06-18,pdl,4b2c01e634c2,6.18.26 Hanna Sale PDL.xlsx,Images,Hanna Sale up to 60% Off,Clearance,8693,3737,0.0
2026-06-18,pdl,4b2c01e634c2,6.18.26 Hanna Sale PDL.xlsx,OLD Clearance Offers,OLD Clearance Offers,Clearance,961,562,269151.0
2026-06-18,pdl,4b2c01e634c2,6.18.26 Hanna Sale PDL.xlsx,Sheet1,Hanna Sale up to 60% Off,Clearance,873,358,0.0
2026-06-19,pdl,4b2c01e634c2,6.18.26 Hanna Sale PDL.xlsx,6.18 Promo Offers,Hanna Sale up to 60% Off,Clearance,906,391,1492273.0
2026-06-19,pdl,4b2c01e634c2,6.18.26 Hanna Sale PDL.xlsx,Images,Hanna Sale up to 60% Off,Clearance,8693,3737,0.0
2026-06-19,pdl,4b2c01e634c2,6.18.26 Hanna Sale PDL.xlsx,OLD Clearance Offers,OLD Clearance Offers,Clearance,961,562,269151.0
2026-06-19,pdl,4b2c01e634c2,6.18.26 Hanna Sale PDL.xlsx,Sheet1,Hanna Sale up to 60% Off,Clearance,873,358,0.0
2026-06-20,pdl,4b2c01e634c2,6.18.26 Hanna Sale PDL.xlsx,6.18 Promo Offers,Hanna Sale up to 60% Off,Clearance,906,391,1492273.0
2026-06-20,pdl,4b2c01e634c2,6.18.26 Hanna Sale PDL.xlsx,Images,Hanna Sale up to 60% Off,Clearance,8693,3737,0.0
2026-06-20,pdl,4b2c01e634c2,6.18.26 Hanna Sale PDL.xlsx,OLD Clearance Offers,OLD Clearance Offers,Clearance,961,562,269151.0
2026-06-20,pdl,4b2c01e634c2,6.18.26 Hanna Sale PDL.xlsx,Sheet1,Hanna Sale up to 60% Off,Clearance,873,358,0.0
2026-06-21,pdl,4b2c01e634c2,6.18.26 Hanna Sale PDL.xlsx,6.18 Promo Offers,Hanna Sale up to 60% Off,Clearance,906,391,1492273.0
2026-06-21,pdl,4b2c01e634c2,6.18.26 Hanna Sale PDL.xlsx,Images,Hanna Sale up to 60% Off,Clearance,8693,3737,0.0
2026-06-21,pdl,4b2c01e634c2,6.18.26 Hanna Sale PDL.xlsx,OLD Clearance Offers,OLD Clearance Offers,Clearance,961,562,269151.0
2026-06-21,pdl,4b2c01e634c2,6.18.26 Hanna Sale PDL.xlsx,Sheet1,Hanna Sale up to 60% Off,Clearance,873,358,0.0
2026-06-22,pdl,4b2c01e634c2,6.18.26 Hanna Sale PDL.xlsx,6.18 Promo Offers,Hanna Sale up to 60% Off,Clearance,906,391,1492273.0
2026-06-22,pdl,4b2c01e634c2,6.18.26 Hanna Sale PDL.xlsx,Images,Hanna Sale up to 60% Off,Clearance,8693,3737,0.0
2026-06-22,pdl,4b2c01e634c2,6.18.26 Hanna Sale PDL.xlsx,OLD Clearance Offers,OLD Clearance Offers,Clearance,961,562,269151.0
2026-06-22,pdl,4b2c01e634c2,6.18.26 Hanna Sale PDL.xlsx,Sheet1,Hanna Sale up to 60% Off,Clearance,873,358,0.0
2026-06-23,pdl,4b2c01e634c2,6.18.26 Hanna Sale PDL.xlsx,6.18 Promo Offers,Hanna Sale up to 60% Off,Clearance,906,391,1492273.0
2026-06-23,pdl,4b2c01e634c2,6.18.26 Hanna Sale PDL.xlsx,Images,Hanna Sale up to 60% Off,Clearance,8693,3737,0.0
2026-06-23,pdl,4b2c01e634c2,6.18.26 Hanna Sale PDL.xlsx,OLD Clearance Offers,OLD Clearance Offers,Clearance,961,562,269151.0
2026-06-23,pdl,4b2c01e634c2,6.18.26 Hanna Sale PDL.xlsx,Sheet1,Hanna Sale up to 60% Off,Clearance,873,358,0.0
2026-06-24,pdl,4b2c01e634c2,6.18.26 Hanna Sale PDL.xlsx,6.18 Promo Offers,Hanna Sale up to 60% Off,Clearance,906,391,1492273.0
2026-06-24,pdl,4b2c01e634c2,6.18.26 Hanna Sale PDL.xlsx,Images,Hanna Sale up to 60% Off,Clearance,8693,3737,0.0
2026-06-24,pdl,4b2c01e634c2,6.18.26 Hanna Sale PDL.xlsx,OLD Clearance Offers,OLD Clearance Offers,Clearance,961,562,269151.0
2026-06-24,pdl,4b2c01e634c2,6.18.26 Hanna Sale PDL.xlsx,Sheet1,Hanna Sale up to 60% Off,Clearance,873,358,0.0
2026-06-25,pdl,4b2c01e634c2,6.18.26 Hanna Sale PDL.xlsx,6.25 NEW Markdowns,New Markdowns,Clearance,114,60,99127.0
2026-06-25,pdl,4b2c01e634c2,6.18.26 Hanna Sale PDL.xlsx,6.25 Promo Offers,Hanna Sale up to 60% Off,Clearance,735,311,1267323.0
2026-06-26,pdl,4b2c01e634c2,6.18.26 Hanna Sale PDL.xlsx,6.25 Promo Offers,Hanna Sale up to 60% Off,Clearance,735,311,1267323.0
2026-06-27,pdl,4b2c01e634c2,6.18.26 Hanna Sale PDL.xlsx,6.27 Promo Offers,Hanna Sale up to 60% Off & All Unders 50% Off,Clearance,753,315,1289152.0
2026-06-28,pdl,4b2c01e634c2,6.18.26 Hanna Sale PDL.xlsx,6.27 Promo Offers,Hanna Sale up to 60% Off & All Unders 50% Off,Clearance,753,315,1289152.0
2026-06-29,pdl,4b2c01e634c2,6.18.26 Hanna Sale PDL.xlsx,6.27 Promo Offers,Hanna Sale up to 60% Off & All Unders 50% Off,Clearance,753,315,1289152.0
2026-06-30,pdl,4b2c01e634c2,6.18.26 Hanna Sale PDL.xlsx,6.27 Promo Offers,Hanna Sale up to 60% Off & All Unders 50% Off,Clearance,753,315,1289152.0
2026-07-01,pdl,4b2c01e634c2,6.18.26 Hanna Sale PDL.xlsx,7.1 FURTHER Markdowns,Further Markdowns,Clearance,126,66,206092.0
2026-07-01,pdl,4b2c01e634c2,6.18.26 Hanna Sale PDL.xlsx,7.1 Promo Offers,Hanna Sale up to 75% Off,Clearance,753,315,1289152.0
2026-07-02,pdl,4b2c01e634c2,6.18.26 Hanna Sale PDL.xlsx,7.1 Promo Offers,Hanna Sale up to 75% Off,Clearance,753,315,1289152.0
2026-07-03,pdl,4b2c01e634c2,6.18.26 Hanna Sale PDL.xlsx,7.1 Promo Offers,Hanna Sale up to 75% Off,Clearance,753,315,1289152.0
2026-07-04,pdl,4b2c01e634c2,6.18.26 Hanna Sale PDL.xlsx,7.1 Promo Offers,Hanna Sale up to 75% Off,Clearance,753,315,1289152.0
2026-07-05,pdl,4b2c01e634c2,6.18.26 Hanna Sale PDL.xlsx,7.1 Promo Offers,Hanna Sale up to 75% Off,Clearance,753,315,1289152.0
2026-07-06,pdl,4b2c01e634c2,6.18.26 Hanna Sale PDL.xlsx,7.1 Promo Offers,Hanna Sale up to 75% Off,Clearance,753,315,1289152.0
2026-07-07,pdl,3e32c04d2160,7.7.26 Xmas in July Sleep Starting @ $20 PDL.xlsx,Clearance Offers,Clearance Offers,Sleep/PJs|Clearance,826,470,156842.0
2026-07-07,pdl,3e32c04d2160,7.7.26 Xmas in July Sleep Starting @ $20 PDL.xlsx,Holiday Sleep Starting @ $20,Holiday Sleep Starting @ $20,Sleep/PJs|Holiday,113,57,270181.0
2026-07-07,pdl,3e32c04d2160,7.7.26 Xmas in July Sleep Starting @ $20 PDL.xlsx,Pin Recommendations,7.7.26 Xmas in July Sleep Starting @ $20 PDL,Sleep/PJs,19,12,0.0
2026-07-07,pdl,3e32c04d2160,7.7.26 Xmas in July Sleep Starting @ $20 PDL.xlsx,Sleep Starting @ $20,Sleep Starting @ $20,Sleep/PJs,358,124,736775.0
2026-07-08,pdl,3e32c04d2160,7.7.26 Xmas in July Sleep Starting @ $20 PDL.xlsx,Clearance Offers,Clearance Offers,Sleep/PJs|Clearance,826,470,156842.0
2026-07-08,pdl,3e32c04d2160,7.7.26 Xmas in July Sleep Starting @ $20 PDL.xlsx,Holiday Sleep Starting @ $20,Holiday Sleep Starting @ $20,Sleep/PJs|Holiday,113,57,270181.0
2026-07-08,pdl,3e32c04d2160,7.7.26 Xmas in July Sleep Starting @ $20 PDL.xlsx,Pin Recommendations,7.7.26 Xmas in July Sleep Starting @ $20 PDL,Sleep/PJs,19,12,0.0
2026-07-08,pdl,3e32c04d2160,7.7.26 Xmas in July Sleep Starting @ $20 PDL.xlsx,Sleep Starting @ $20,Sleep Starting @ $20,Sleep/PJs,358,124,736775.0
2026-07-09,pdl,3e32c04d2160,7.7.26 Xmas in July Sleep Starting @ $20 PDL.xlsx,Clearance Offers,Clearance Offers,Sleep/PJs|Clearance,826,470,156842.0
2026-07-09,pdl,3e32c04d2160,7.7.26 Xmas in July Sleep Starting @ $20 PDL.xlsx,Holiday Sleep Starting @ $20,Holiday Sleep Starting @ $20,Sleep/PJs|Holiday,113,57,270181.0
2026-07-09,pdl,3e32c04d2160,7.7.26 Xmas in July Sleep Starting @ $20 PDL.xlsx,Pin Recommendations,7.7.26 Xmas in July Sleep Starting @ $20 PDL,Sleep/PJs,19,12,0.0
2026-07-09,pdl,3e32c04d2160,7.7.26 Xmas in July Sleep Starting @ $20 PDL.xlsx,Sleep Starting @ $20,Sleep Starting @ $20,Sleep/PJs,358,124,736775.0
2026-07-10,pdl,3e32c04d2160,7.7.26 Xmas in July Sleep Starting @ $20 PDL.xlsx,Clearance Offers,Clearance Offers,Sleep/PJs|Clearance,826,470,156842.0
2026-07-10,pdl,3e32c04d2160,7.7.26 Xmas in July Sleep Starting @ $20 PDL.xlsx,Holiday Sleep Starting @ $20,Holiday Sleep Starting @ $20,Sleep/PJs|Holiday,113,57,270181.0
2026-07-10,pdl,3e32c04d2160,7.7.26 Xmas in July Sleep Starting @ $20 PDL.xlsx,Pin Recommendations,7.7.26 Xmas in July Sleep Starting @ $20 PDL,Sleep/PJs,19,12,0.0
2026-07-10,pdl,3e32c04d2160,7.7.26 Xmas in July Sleep Starting @ $20 PDL.xlsx,Sleep Starting @ $20,Sleep Starting @ $20,Sleep/PJs,358,124,736775.0
2026-07-11,pdl,3e32c04d2160,7.7.26 Xmas in July Sleep Starting @ $20 PDL.xlsx,Clearance Offers,Clearance Offers,Sleep/PJs|Clearance,826,470,156842.0
2026-07-11,pdl,3e32c04d2160,7.7.26 Xmas in July Sleep Starting @ $20 PDL.xlsx,Holiday Sleep Starting @ $20,Holiday Sleep Starting @ $20,Sleep/PJs|Holiday,113,57,270181.0
2026-07-11,pdl,3e32c04d2160,7.7.26 Xmas in July Sleep Starting @ $20 PDL.xlsx,Pin Recommendations,7.7.26 Xmas in July Sleep Starting @ $20 PDL,Sleep/PJs,19,12,0.0
2026-07-11,pdl,3e32c04d2160,7.7.26 Xmas in July Sleep Starting @ $20 PDL.xlsx,Sleep Starting @ $20,Sleep Starting @ $20,Sleep/PJs,358,124,736775.0
2026-07-11,pdl,3e32c04d2160,7.7.26 Xmas in July Sleep Starting @ $20 PDL.xlsx,Swim 50% Off,Swim 50% Off,Sleep/PJs|Swim,51,20,54224.0
2026-07-12,pdl,3e32c04d2160,7.7.26 Xmas in July Sleep Starting @ $20 PDL.xlsx,Clearance Offers,Clearance Offers,Sleep/PJs|Clearance,826,470,156842.0
2026-07-12,pdl,3e32c04d2160,7.7.26 Xmas in July Sleep Starting @ $20 PDL.xlsx,Holiday Sleep Starting @ $20,Holiday Sleep Starting @ $20,Sleep/PJs|Holiday,113,57,270181.0
2026-07-12,pdl,3e32c04d2160,7.7.26 Xmas in July Sleep Starting @ $20 PDL.xlsx,Pin Recommendations,7.7.26 Xmas in July Sleep Starting @ $20 PDL,Sleep/PJs,19,12,0.0
2026-07-12,pdl,3e32c04d2160,7.7.26 Xmas in July Sleep Starting @ $20 PDL.xlsx,Sleep Starting @ $20,Sleep Starting @ $20,Sleep/PJs,358,124,736775.0
2026-07-12,pdl,3e32c04d2160,7.7.26 Xmas in July Sleep Starting @ $20 PDL.xlsx,Swim 50% Off,Swim 50% Off,Sleep/PJs|Swim,51,20,54224.0
2026-07-13,pdl,3e32c04d2160,7.7.26 Xmas in July Sleep Starting @ $20 PDL.xlsx,Clearance Offers,Clearance Offers,Sleep/PJs|Clearance,826,470,156842.0
2026-07-13,pdl,3e32c04d2160,7.7.26 Xmas in July Sleep Starting @ $20 PDL.xlsx,Holiday Sleep Starting @ $20,Holiday Sleep Starting @ $20,Sleep/PJs|Holiday,113,57,270181.0
2026-07-13,pdl,3e32c04d2160,7.7.26 Xmas in July Sleep Starting @ $20 PDL.xlsx,Pin Recommendations,7.7.26 Xmas in July Sleep Starting @ $20 PDL,Sleep/PJs,19,12,0.0
2026-07-13,pdl,3e32c04d2160,7.7.26 Xmas in July Sleep Starting @ $20 PDL.xlsx,Sleep Starting @ $20,Sleep Starting @ $20,Sleep/PJs,358,124,736775.0
2026-07-13,pdl,3e32c04d2160,7.7.26 Xmas in July Sleep Starting @ $20 PDL.xlsx,Swim 50% Off,Swim 50% Off,Sleep/PJs|Swim,51,20,54224.0
2026-07-14,pdl,f45655a4ec41,7.14.26 Dresses up to 30.xlsm,$15 Sleep,$15 Sleep,Dresses|Sleep/PJs,703,230,146530.0
2026-07-14,pdl,f45655a4ec41,7.14.26 Dresses up to 30.xlsm,Dresses up to 30%,Dresses up to 30%,Dresses,83,32,128344.0
2026-07-14,pdl,f45655a4ec41,7.14.26 Dresses up to 30.xlsm,Images,Dresses up to 30% & Baby Gifts up to 50%,Dresses|Baby,8789,3771,0.0
2026-07-14,pdl,f45655a4ec41,7.14.26 Dresses up to 30.xlsm,Sheet1,Dresses up to 30% & Baby Gifts up to 50%,Dresses|Baby,873,358,0.0
2026-07-15,pdl,f45655a4ec41,7.14.26 Dresses up to 30.xlsm,$15 Sleep,$15 Sleep,Dresses|Sleep/PJs,703,230,146530.0
2026-07-15,pdl,f45655a4ec41,7.14.26 Dresses up to 30.xlsm,Dresses up to 30%,Dresses up to 30%,Dresses,83,32,128344.0
2026-07-15,pdl,f45655a4ec41,7.14.26 Dresses up to 30.xlsm,Images,Dresses up to 30% & Baby Gifts up to 50%,Dresses|Baby,8789,3771,0.0
2026-07-15,pdl,f45655a4ec41,7.14.26 Dresses up to 30.xlsm,Sheet1,Dresses up to 30% & Baby Gifts up to 50%,Dresses|Baby,873,358,0.0
2026-07-16,pdl,f45655a4ec41,7.14.26 Dresses up to 30.xlsm,$15 Sleep,$15 Sleep,Dresses|Sleep/PJs,703,230,146530.0
2026-07-16,pdl,f45655a4ec41,7.14.26 Dresses up to 30.xlsm,Dresses up to 30%,Dresses up to 30%,Dresses,83,32,128344.0
2026-07-16,pdl,f45655a4ec41,7.14.26 Dresses up to 30.xlsm,Images,Dresses up to 30% & Baby Gifts up to 50%,Dresses|Baby,8789,3771,0.0
2026-07-16,pdl,f45655a4ec41,7.14.26 Dresses up to 30.xlsm,Sheet1,Dresses up to 30% & Baby Gifts up to 50%,Dresses|Baby,873,358,0.0
2026-07-17,pdl,f45655a4ec41,7.14.26 Dresses up to 30.xlsm,$15 Sleep,$15 Sleep,Dresses|Sleep/PJs,703,230,146530.0
2026-07-17,pdl,f45655a4ec41,7.14.26 Dresses up to 30.xlsm,Dresses up to 30%,Dresses up to 30%,Dresses,83,32,128344.0
2026-07-17,pdl,f45655a4ec41,7.14.26 Dresses up to 30.xlsm,Images,Dresses up to 30% & Baby Gifts up to 50%,Dresses|Baby,8789,3771,0.0
2026-07-17,pdl,f45655a4ec41,7.14.26 Dresses up to 30.xlsm,Sheet1,Dresses up to 30% & Baby Gifts up to 50%,Dresses|Baby,873,358,0.0
2026-07-18,pdl,f45655a4ec41,7.14.26 Dresses up to 30.xlsm,$15 Sleep,$15 Sleep,Dresses|Sleep/PJs,703,230,146530.0
2026-07-18,pdl,f45655a4ec41,7.14.26 Dresses up to 30.xlsm,Dresses up to 30%,Dresses up to 30%,Dresses,83,32,128344.0
2026-07-18,pdl,f45655a4ec41,7.14.26 Dresses up to 30.xlsm,Images,Dresses up to 30% & Baby Gifts up to 50%,Dresses|Baby,8789,3771,0.0
2026-07-18,pdl,f45655a4ec41,7.14.26 Dresses up to 30.xlsm,Sheet1,Dresses up to 30% & Baby Gifts up to 50%,Dresses|Baby,873,358,0.0
2026-07-19,pdl,f45655a4ec41,7.14.26 Dresses up to 30.xlsm,$15 Sleep,$15 Sleep,Dresses|Sleep/PJs,703,230,146530.0
2026-07-19,pdl,f45655a4ec41,7.14.26 Dresses up to 30.xlsm,Dresses up to 30%,Dresses up to 30%,Dresses,83,32,128344.0
2026-07-19,pdl,f45655a4ec41,7.14.26 Dresses up to 30.xlsm,Images,Dresses up to 30% & Baby Gifts up to 50%,Dresses|Baby,8789,3771,0.0
2026-07-19,pdl,f45655a4ec41,7.14.26 Dresses up to 30.xlsm,Sheet1,Dresses up to 30% & Baby Gifts up to 50%,Dresses|Baby,873,358,0.0
2026-07-20,pdl,f45655a4ec41,7.14.26 Dresses up to 30.xlsm,$15 Sleep,$15 Sleep,Dresses|Sleep/PJs,703,230,146530.0
2026-07-20,pdl,f45655a4ec41,7.14.26 Dresses up to 30.xlsm,Dresses up to 30%,Dresses up to 30%,Dresses,83,32,128344.0
2026-07-20,pdl,f45655a4ec41,7.14.26 Dresses up to 30.xlsm,Images,Dresses up to 30% & Baby Gifts up to 50%,Dresses|Baby,8789,3771,0.0
2026-07-20,pdl,f45655a4ec41,7.14.26 Dresses up to 30.xlsm,Sheet1,Dresses up to 30% & Baby Gifts up to 50%,Dresses|Baby,873,358,0.0
2026-07-21,pdl,a8efadadcbf2,7.21.26 BTS & Sleep Up to 30% Off + New Markdowns.xlsm,$15 Sleep,New Markdowns,Sleep/PJs|Clearance,0,0,0.0
2026-07-21,pdl,a8efadadcbf2,7.21.26 BTS & Sleep Up to 30% Off + New Markdowns.xlsm,BTS Up to 30% ,BTS Up to 30%,Sleep/PJs|Clearance,57,22,20795.0
2026-07-21,pdl,a8efadadcbf2,7.21.26 BTS & Sleep Up to 30% Off + New Markdowns.xlsm,Images,BTS & Sleep Up to 30%,Sleep/PJs|Clearance,8789,3771,0.0
2026-07-21,pdl,a8efadadcbf2,7.21.26 BTS & Sleep Up to 30% Off + New Markdowns.xlsm,New Markdowns,New Markdowns,Sleep/PJs|Clearance,99,50,84425.0
2026-07-21,pdl,a8efadadcbf2,7.21.26 BTS & Sleep Up to 30% Off + New Markdowns.xlsm,Promo Offers,BTS & Sleep Up to 30%,Sleep/PJs|Clearance,978,368,1477883.0
2026-07-21,pdl,a8efadadcbf2,7.21.26 BTS & Sleep Up to 30% Off + New Markdowns.xlsm,Sheet1,BTS & Sleep Up to 30%,Sleep/PJs|Clearance,873,358,0.0
2026-07-21,pdl,a8efadadcbf2,7.21.26 BTS & Sleep Up to 30% Off + New Markdowns.xlsm,Sleep up to 30%,Sleep Up to 30%,Sleep/PJs|Clearance,391,126,737638.0
