SnapshotId,SourceFile,SourcePath,LocalRawPath,SourceFolderName,SourceSha256,InferredFileDate,SourceModifiedTime,ImportedAtUTC,RowsImported,DistinctSKUs,ForecastStartDateMin,ForecastStartDateMax,ForecastedSKUs,ZeroForecastSKUs,TotalForecastUnits,ActiveSKUCount,ReserveSKUCount,OffsiteSKUCount,IsSelectedWeekly,SelectionReason
1a45d2014eda9238389bf670224bce88c4f81659ceecec70698c70860fa01955,2022-08-02_3cfb7e9f0d9e_2022-08-02_3cfb7e9f0d9e_Forecast_8.2.2022.csv,Output\ForecastAccuracy\history\raw_forecasts\2022-08-02_3cfb7e9f0d9e_2022-08-02_3cfb7e9f0d9e_Forecast_8.2.2022.csv,Output\ForecastAccuracy\history\raw_forecasts\2022-08-02_3cfb7e9f0d9e_2022-08-02_3cfb7e9f0d9e_Forecast_8.2.2022.csv,raw_forecasts,3cfb7e9f0d9e44017c6fb4f71e6244576b9352bd96d3272d74d5a65dafa8ddb4,2022-08-02,2022-08-16T18:06:43.301634,2026-06-08T18:49:54+00:00,26290,26290,2022-08-01,2022-08-01,2346,23944,48646.0,10111,4378,7707,True,selected_weekly_forecast_key
2e6979fdbaa24bd12b16aa86c837b883ff54412e866e74e59e074872dfe4603c,2022-08-16_a05e822a6ce3_2022-08-16_a05e822a6ce3_815ForwardDemandCSV.csv,Output\ForecastAccuracy\history\raw_forecasts\2022-08-16_a05e822a6ce3_2022-08-16_a05e822a6ce3_815ForwardDemandCSV.csv,Output\ForecastAccuracy\history\raw_forecasts\2022-08-16_a05e822a6ce3_2022-08-16_a05e822a6ce3_815ForwardDemandCSV.csv,raw_forecasts,a05e822a6ce3152993ee2b9f1a76a6cbbec18ffac9e9eb561de54e53637b2203,2022-08-16,2022-08-16T18:07:15.510613,2026-06-08T18:49:55+00:00,6245,6245,2022-08-08,2022-08-08,903,5342,61884.0,0,6245,0,True,selected_weekly_forecast_key
e15656df752160248fc7c159fb8714bf44c63568c7871f6a0d288256cc459772,2022-08-23_7fc5290b24d7_2022-08-23_7fc5290b24d7_823FwdDemand-GIR.csv,Output\ForecastAccuracy\history\raw_forecasts\2022-08-23_7fc5290b24d7_2022-08-23_7fc5290b24d7_823FwdDemand-GIR.csv,Output\ForecastAccuracy\history\raw_forecasts\2022-08-23_7fc5290b24d7_2022-08-23_7fc5290b24d7_823FwdDemand-GIR.csv,raw_forecasts,7fc5290b24d782cec49fad011b2bbc4120dd27d8ade0c36699604cc07b71d08f,2022-08-23,2022-08-23T16:13:25.906804,2026-06-08T18:49:56+00:00,28917,28917,2022-08-22,2022-08-22,4335,24582,127182.0,0,28917,0,True,selected_weekly_forecast_key
0107081fa3e41823fbc3d39c8668c8cef0a06c861a5cab1dfcda262310a4fb28,2022-09-07_e162ffaa7c9a_2022-09-07_e162ffaa7c9a_829FwdDemandCSV-ReserveOnly.csv,Output\ForecastAccuracy\history\raw_forecasts\2022-09-07_e162ffaa7c9a_2022-09-07_e162ffaa7c9a_829FwdDemandCSV-ReserveOnly.csv,Output\ForecastAccuracy\history\raw_forecasts\2022-09-07_e162ffaa7c9a_2022-09-07_e162ffaa7c9a_829FwdDemandCSV-ReserveOnly.csv,raw_forecasts,e162ffaa7c9a98d4530cdf79c006d4bef5786eb5d32c95c9f9bfc79188bf0cb1,2022-09-07,2022-09-07T17:52:57.756577,2026-06-08T18:49:58+00:00,29435,29435,2022-08-29,2022-08-29,4765,24670,202634.0,0,29435,0,True,selected_weekly_forecast_key
a07ea38001c06bb2a6cf73eff2c28fd95d527edb726cc4225009975ccd101390,2022-09-08_88167977e314_2022-09-08_88167977e314_FwdDemandCSV_9.6.csv,Output\ForecastAccuracy\history\raw_forecasts\2022-09-08_88167977e314_2022-09-08_88167977e314_FwdDemandCSV_9.6.csv,Output\ForecastAccuracy\history\raw_forecasts\2022-09-08_88167977e314_2022-09-08_88167977e314_FwdDemandCSV_9.6.csv,raw_forecasts,88167977e31499b04b11f6b3ff9dbd9fb9f3e1f2eccabfb834adcacaa1fd7910,2022-09-08,2022-09-08T14:35:06.678496,2026-06-08T18:50:00+00:00,29429,29429,2022-09-05,2022-09-05,7859,21570,287420.0,0,29429,0,True,selected_weekly_forecast_key
3ecb874f06e5fd231d9f35331bf8e30b9a5dc15e4440d7f3877a8c92b460fc6b,2022-09-08_85fed57a14eb_2022-09-08_85fed57a14eb_FwdDemandCSV9.6.csv,Output\ForecastAccuracy\history\raw_forecasts\2022-09-08_85fed57a14eb_2022-09-08_85fed57a14eb_FwdDemandCSV9.6.csv,Output\ForecastAccuracy\history\raw_forecasts\2022-09-08_85fed57a14eb_2022-09-08_85fed57a14eb_FwdDemandCSV9.6.csv,raw_forecasts,85fed57a14eba2e8c715ab938be4c3ff6e710ee84bd247d31221c5e375c7e240,2022-09-08,2022-09-08T14:50:35.771350,2026-06-08T18:50:01+00:00,29429,29429,2022-09-05,2022-09-05,7859,21570,287420.0,0,29429,0,False,not_selected
8e97169bcd267064b0bf11cd792c6ad8273268e2107832c30f1eac8ec6c3a4f4,2022-10-06_b72256987a3f_2022-10-06_b72256987a3f_Fwd_Demand_CSV_10-6_updated.csv,Output\ForecastAccuracy\history\raw_forecasts\2022-10-06_b72256987a3f_2022-10-06_b72256987a3f_Fwd_Demand_CSV_10-6_updated.csv,Output\ForecastAccuracy\history\raw_forecasts\2022-10-06_b72256987a3f_2022-10-06_b72256987a3f_Fwd_Demand_CSV_10-6_updated.csv,raw_forecasts,b72256987a3f6ed6632e0a0c6655423a86f81179a3a8674b5347b18763261251,2022-10-06,2022-10-06T16:14:05.206827,2026-06-08T18:50:03+00:00,29001,29001,2022-10-03,2022-10-03,10422,18579,551877.0,0,28901,100,True,selected_weekly_forecast_key
eae45cc1436c388e021f3b4abe41fda7063be423ad2cdf1f33f82a7b664b9056,2022-10-06_fd99020951e0_2022-10-06_fd99020951e0_FWDDEMAND106.csv,Output\ForecastAccuracy\history\raw_forecasts\2022-10-06_fd99020951e0_2022-10-06_fd99020951e0_FWDDEMAND106.csv,Output\ForecastAccuracy\history\raw_forecasts\2022-10-06_fd99020951e0_2022-10-06_fd99020951e0_FWDDEMAND106.csv,raw_forecasts,fd99020951e08554f52c37d962315c659164309fbe4cc86cb0433f747c941a15,2022-10-06,2022-10-06T16:17:12.683273,2026-06-08T18:50:05+00:00,29001,29001,2022-10-03,2022-10-03,10422,18579,551877.0,0,28901,100,False,not_selected
9eef39e572ee76682ce4338d7d253f27540023aef8e463b7d431f86af0cb277e,2023-05-31_c75f14494a09_2023-05-31_c75f14494a09_Fwd_Demand_CSV_5.31.csv,Output\ForecastAccuracy\history\raw_forecasts\2023-05-31_c75f14494a09_2023-05-31_c75f14494a09_Fwd_Demand_CSV_5.31.csv,Output\ForecastAccuracy\history\raw_forecasts\2023-05-31_c75f14494a09_2023-05-31_c75f14494a09_Fwd_Demand_CSV_5.31.csv,raw_forecasts,c75f14494a097b3390bcd9a04260d5002f7961664c1a9656da1f1be7082e450c,2023-05-31,2023-05-31T16:44:11.211532,2026-06-08T18:50:07+00:00,36893,36893,2023-05-30,2023-05-30,9005,27888,180459.0,11005,20049,5839,True,selected_weekly_forecast_key
c00d60cfcf078dbf1dfcb4fba8ab88b7e39a602459533efb89288b8a96a13e6c,2023-06-06_3e59a9736a7c_2023-06-06_3e59a9736a7c_Fwd_Demand_CSV_6.6.csv,Output\ForecastAccuracy\history\raw_forecasts\2023-06-06_3e59a9736a7c_2023-06-06_3e59a9736a7c_Fwd_Demand_CSV_6.6.csv,Output\ForecastAccuracy\history\raw_forecasts\2023-06-06_3e59a9736a7c_2023-06-06_3e59a9736a7c_Fwd_Demand_CSV_6.6.csv,raw_forecasts,3e59a9736a7c947d8bdcc47c09d9a013d2580868525eaf0875747aea8df9d847,2023-06-06,2023-06-06T12:38:45.398996,2026-06-08T18:50:10+00:00,37642,37642,2023-06-05,2023-06-05,7266,30376,159545.0,10612,21066,5964,True,selected_weekly_forecast_key
d0dc86be6bf064cf28d4936d356b1f8ea346dd962fd9daae70920a42ed7d2af0,2023-06-13_6e0c7c791857_2023-06-13_6e0c7c791857_Fwd_Demand_CSV_6.13.csv,Output\ForecastAccuracy\history\raw_forecasts\2023-06-13_6e0c7c791857_2023-06-13_6e0c7c791857_Fwd_Demand_CSV_6.13.csv,Output\ForecastAccuracy\history\raw_forecasts\2023-06-13_6e0c7c791857_2023-06-13_6e0c7c791857_Fwd_Demand_CSV_6.13.csv,raw_forecasts,6e0c7c791857b96f79ec43a10ce6a8a5d617ccdfe7c26f55d1efdb1f05a3623b,2023-06-13,2023-06-13T10:13:36.869772,2026-06-08T18:50:12+00:00,37747,37747,2023-06-12,2023-06-12,7346,30401,173222.0,10382,20906,6459,True,selected_weekly_forecast_key
ef8f539a1d8339d1a599d669e90cd226e1f605b95983c421a69dd4e3b5b42d53,2023-06-20_d2271a6f4141_2023-06-20_d2271a6f4141_Fwd_Demand_CSV_6.20.csv,Output\ForecastAccuracy\history\raw_forecasts\2023-06-20_d2271a6f4141_2023-06-20_d2271a6f4141_Fwd_Demand_CSV_6.20.csv,Output\ForecastAccuracy\history\raw_forecasts\2023-06-20_d2271a6f4141_2023-06-20_d2271a6f4141_Fwd_Demand_CSV_6.20.csv,raw_forecasts,d2271a6f4141a58279dc72cb29c5e1532858405966e496f9c351a229489f9287,2023-06-20,2023-06-20T15:08:08.713659,2026-06-08T18:50:14+00:00,37524,37524,2023-06-20,2023-06-20,10324,27200,380373.0,10043,21999,5482,True,selected_weekly_forecast_key
013f2bf4cdc5f5676e59ec32030e4e432f63e73d52a7593e285c6cb9067ea0af,2023-06-27_9584f02d0766_2023-06-27_9584f02d0766_Fwd_Demand_CSV_6.27.csv,Output\ForecastAccuracy\history\raw_forecasts\2023-06-27_9584f02d0766_2023-06-27_9584f02d0766_Fwd_Demand_CSV_6.27.csv,Output\ForecastAccuracy\history\raw_forecasts\2023-06-27_9584f02d0766_2023-06-27_9584f02d0766_Fwd_Demand_CSV_6.27.csv,raw_forecasts,9584f02d0766ee19f7b838631cc0e58a0c81f765b2359fbf9fce3a06dd17a772,2023-06-27,2023-06-27T10:39:05.240230,2026-06-08T18:50:16+00:00,36888,36888,2023-06-26,2023-06-26,10309,26579,667188.0,9831,21499,5558,True,selected_weekly_forecast_key
02b8dbc9fc674351454d1f529f5e530cc5e45a65e28811d96c376bab45104e8c,2023-06-30_c4eb2999f4af_2023-06-30_c4eb2999f4af_Fwd_Demand_CSV_6.30.csv,Output\ForecastAccuracy\history\raw_forecasts\2023-06-30_c4eb2999f4af_2023-06-30_c4eb2999f4af_Fwd_Demand_CSV_6.30.csv,Output\ForecastAccuracy\history\raw_forecasts\2023-06-30_c4eb2999f4af_2023-06-30_c4eb2999f4af_Fwd_Demand_CSV_6.30.csv,raw_forecasts,c4eb2999f4af74024688d2275f0473d60563fe0a3e187a74cc2fb7cd62764fd7,2023-06-30,2023-06-30T11:02:09.898656,2026-06-08T18:50:19+00:00,36918,36918,2023-06-29,2023-06-29,10214,26704,666405.0,9929,21319,5670,True,selected_weekly_forecast_key
74150e47ce39ab5628a8face5c4603a9d6e9255786c19bad4be5362f6f7e15dc,2023-07-05_fdc41c7cac28_2023-07-05_fdc41c7cac28_Fwd_Demand_CSV_7.5.csv,Output\ForecastAccuracy\history\raw_forecasts\2023-07-05_fdc41c7cac28_2023-07-05_fdc41c7cac28_Fwd_Demand_CSV_7.5.csv,Output\ForecastAccuracy\history\raw_forecasts\2023-07-05_fdc41c7cac28_2023-07-05_fdc41c7cac28_Fwd_Demand_CSV_7.5.csv,raw_forecasts,fdc41c7cac28313d43a8d351d6555fce7c9fd0c9558bc05755200dda33867db9,2023-07-05,2023-07-05T10:58:11.489160,2026-06-08T18:50:21+00:00,36915,36915,2023-07-03,2023-07-03,9507,27408,646814.0,9585,21642,5688,True,selected_weekly_forecast_key
41d5d306a50ce01d9ce0416970f6fcf1b14a7fdc19cabc16db870a913ca67fd0,2023-07-06_8279ff1b0721_2023-07-06_8279ff1b0721_Fwd_Demand_CSV_7.6.csv,Output\ForecastAccuracy\history\raw_forecasts\2023-07-06_8279ff1b0721_2023-07-06_8279ff1b0721_Fwd_Demand_CSV_7.6.csv,Output\ForecastAccuracy\history\raw_forecasts\2023-07-06_8279ff1b0721_2023-07-06_8279ff1b0721_Fwd_Demand_CSV_7.6.csv,raw_forecasts,8279ff1b07210e268a957da41d971698ce9391368633ada56484bf0b35750f8e,2023-07-06,2023-07-06T15:05:46.221953,2026-06-08T18:50:23+00:00,36875,36875,2023-07-03,2023-07-03,9507,27368,646814.0,9291,21920,5664,False,not_selected
b874ebbf36d14981a4b2ff2e8fa17d68769a447b96090a51de51cba6aed0edc8,2023-07-11_2b0ac3cb82ae_2023-07-11_2b0ac3cb82ae_Fwd_Demand_CSV_7.11.csv,Output\ForecastAccuracy\history\raw_forecasts\2023-07-11_2b0ac3cb82ae_2023-07-11_2b0ac3cb82ae_Fwd_Demand_CSV_7.11.csv,Output\ForecastAccuracy\history\raw_forecasts\2023-07-11_2b0ac3cb82ae_2023-07-11_2b0ac3cb82ae_Fwd_Demand_CSV_7.11.csv,raw_forecasts,2b0ac3cb82aec6777a3fe7b0ba4651eb5f40de85aa39c5bd7040158ede1a32a1,2023-07-11,2023-07-11T12:09:33.834001,2026-06-08T18:50:25+00:00,36980,36980,2023-07-10,2023-07-10,11177,25803,330425.0,13135,18155,5690,True,selected_weekly_forecast_key
871f4072ae2ec923318fa56fe0e647963ff41fa9fe060cb721377d3437b22c4b,2023-07-17_edf0522bbbc2_2023-07-17_edf0522bbbc2_Fwd_Demand_CSV_7.17.csv,Output\ForecastAccuracy\history\raw_forecasts\2023-07-17_edf0522bbbc2_2023-07-17_edf0522bbbc2_Fwd_Demand_CSV_7.17.csv,Output\ForecastAccuracy\history\raw_forecasts\2023-07-17_edf0522bbbc2_2023-07-17_edf0522bbbc2_Fwd_Demand_CSV_7.17.csv,raw_forecasts,edf0522bbbc2f33ce9d2ee39fe3cbbb695bc7bc8dc218a3d525da41bf7d9dbba,2023-07-17,2023-07-17T10:25:14.150919,2026-06-08T18:50:28+00:00,37012,37012,2023-07-14,2023-07-14,10464,26548,229317.0,11813,19484,5715,True,selected_weekly_forecast_key
0405b74a0a03a96cbecac2f474a5fc131715223516255ef1a8f23e5dccad5903,2023-07-20_8526f9cd511c_2023-07-20_8526f9cd511c_Fwd_Demand_CSV_7.20.csv,Output\ForecastAccuracy\history\raw_forecasts\2023-07-20_8526f9cd511c_2023-07-20_8526f9cd511c_Fwd_Demand_CSV_7.20.csv,Output\ForecastAccuracy\history\raw_forecasts\2023-07-20_8526f9cd511c_2023-07-20_8526f9cd511c_Fwd_Demand_CSV_7.20.csv,raw_forecasts,8526f9cd511c3e4326957db3480f108da055db5107a197166dfe4ed3d0cb1069,2023-07-20,2023-07-20T10:08:30.251354,2026-06-08T18:50:30+00:00,39342,39342,2023-07-18,2023-07-18,9046,30296,196106.0,10669,22978,5695,True,selected_weekly_forecast_key
1a0bd7d8f204b3b2ecb22a91491d72930eb62c7e3587d354c33ad7c9bc71391c,2023-07-25_21440fc639a2_2023-07-25_21440fc639a2_Fwd_Demand_CSV_7.25.csv,Output\ForecastAccuracy\history\raw_forecasts\2023-07-25_21440fc639a2_2023-07-25_21440fc639a2_Fwd_Demand_CSV_7.25.csv,Output\ForecastAccuracy\history\raw_forecasts\2023-07-25_21440fc639a2_2023-07-25_21440fc639a2_Fwd_Demand_CSV_7.25.csv,raw_forecasts,21440fc639a2321da10e80d588dcd1ea5d54b1cba0c118dce05c2b9afac258e3,2023-07-25,2023-07-25T10:31:47.077476,2026-06-08T18:50:33+00:00,39503,39503,2023-07-25,2023-07-25,9353,30150,270033.0,10337,22680,6486,True,selected_weekly_forecast_key
cae538797cfdcf710fb37ecb460d74f34523bc69981a184d96b864c76548437a,2023-08-01_7153c1272f6b_2023-08-01_7153c1272f6b_Fwd_Demand_CSV_8.1.csv,Output\ForecastAccuracy\history\raw_forecasts\2023-08-01_7153c1272f6b_2023-08-01_7153c1272f6b_Fwd_Demand_CSV_8.1.csv,Output\ForecastAccuracy\history\raw_forecasts\2023-08-01_7153c1272f6b_2023-08-01_7153c1272f6b_Fwd_Demand_CSV_8.1.csv,raw_forecasts,7153c1272f6b4639a21c1df9691ab994a354176eb9a1863e7388ef6c276c6d6d,2023-08-01,2023-08-01T10:01:16.780103,2026-06-08T18:50:35+00:00,40439,40439,2023-08-01,2023-08-01,9981,30458,282660.0,10676,22366,7397,True,selected_weekly_forecast_key
0a5231e9ec8712668ba44c06450cc6d7027eede7dc035b955557256c896eaf7e,2023-08-08_40125e9e34c5_2023-08-08_40125e9e34c5_Fwd_Demand_CSV_8.8.csv,Output\ForecastAccuracy\history\raw_forecasts\2023-08-08_40125e9e34c5_2023-08-08_40125e9e34c5_Fwd_Demand_CSV_8.8.csv,Output\ForecastAccuracy\history\raw_forecasts\2023-08-08_40125e9e34c5_2023-08-08_40125e9e34c5_Fwd_Demand_CSV_8.8.csv,raw_forecasts,40125e9e34c57a336410a12bd54f93848bf5cb57c8dc820372c74febefaf745a,2023-08-08,2023-08-08T10:28:16.246566,2026-06-08T18:50:38+00:00,40225,40225,2023-08-07,2023-08-07,8676,31549,204157.0,10390,25042,4793,True,selected_weekly_forecast_key
22cdcb2349881cb84c4c935bdd8d60d6d4bd7f5852f359bb03cacd0a01e94cf4,2023-08-15_414d2ae983a6_2023-08-15_414d2ae983a6_FWD_Demand_CSV_8.15.csv,Output\ForecastAccuracy\history\raw_forecasts\2023-08-15_414d2ae983a6_2023-08-15_414d2ae983a6_FWD_Demand_CSV_8.15.csv,Output\ForecastAccuracy\history\raw_forecasts\2023-08-15_414d2ae983a6_2023-08-15_414d2ae983a6_FWD_Demand_CSV_8.15.csv,raw_forecasts,414d2ae983a6885d8ec8d880997942f649cfc62b57c8624911c5c51f6768fdf6,2023-08-15,2023-08-15T14:56:14.405844,2026-06-08T18:50:40+00:00,41121,41121,2023-08-14,2023-08-14,8150,32971,197694.0,10123,24722,6276,True,selected_weekly_forecast_key
03ae0aa1d45555423f99650e1173d3918456133f969a282c4da068cd9bda02f5,2023-08-22_7b6672ffe714_2023-08-22_7b6672ffe714_Fwd_Demand_CSV_8.22.csv,Output\ForecastAccuracy\history\raw_forecasts\2023-08-22_7b6672ffe714_2023-08-22_7b6672ffe714_Fwd_Demand_CSV_8.22.csv,Output\ForecastAccuracy\history\raw_forecasts\2023-08-22_7b6672ffe714_2023-08-22_7b6672ffe714_Fwd_Demand_CSV_8.22.csv,raw_forecasts,7b6672ffe7145c5486befcb9fe2452f30fc62e769724de4ab9b08d352aba1e70,2023-08-22,2023-08-22T15:50:36.005868,2026-06-08T18:50:43+00:00,42359,42359,2023-08-22,2023-08-22,10913,31446,434808.0,9977,24952,7430,True,selected_weekly_forecast_key
20b90de84b8eb5b51102620f62f026c803c3d95e50d5cf51c503af3b7d903c33,2023-08-29_9769aae16c07_2023-08-29_9769aae16c07_Fwd_Demand_CSV_8.29.csv,Output\ForecastAccuracy\history\raw_forecasts\2023-08-29_9769aae16c07_2023-08-29_9769aae16c07_Fwd_Demand_CSV_8.29.csv,Output\ForecastAccuracy\history\raw_forecasts\2023-08-29_9769aae16c07_2023-08-29_9769aae16c07_Fwd_Demand_CSV_8.29.csv,raw_forecasts,9769aae16c076a7c8f59dce8ab2fc09bf8f1804e0db6b233cb9e7de14ce9a302,2023-08-29,2023-08-29T13:30:13.780266,2026-06-08T18:50:45+00:00,42661,42661,2023-08-28,2023-08-28,9433,33228,438412.0,9358,25554,7749,True,selected_weekly_forecast_key
62dbe17df9c05c1764dae3e5a9d08b9b2dc259a3427d9f21cf5ea77ebf6eb2b8,2023-09-06_02da8be78624_2023-09-06_02da8be78624_Fwd_Demand_CSV_9.6.csv,Output\ForecastAccuracy\history\raw_forecasts\2023-09-06_02da8be78624_2023-09-06_02da8be78624_Fwd_Demand_CSV_9.6.csv,Output\ForecastAccuracy\history\raw_forecasts\2023-09-06_02da8be78624_2023-09-06_02da8be78624_Fwd_Demand_CSV_9.6.csv,raw_forecasts,02da8be78624ddfc1950ee498b4e48444cb519410fb94c9921d3db382eba7517,2023-09-06,2023-09-06T10:44:28.410712,2026-06-08T18:50:48+00:00,42567,42567,2023-09-05,2023-09-05,7423,35144,241194.0,10087,25069,7411,True,selected_weekly_forecast_key
0432c50499d12fa4afaa4c29d3a6f5ebd96b1558542290fd0a4c8df90e4cd0cc,2023-09-07_6460fd7f912d_2023-09-07_6460fd7f912d_Fwd_Demand_CSV_9.7.csv,Output\ForecastAccuracy\history\raw_forecasts\2023-09-07_6460fd7f912d_2023-09-07_6460fd7f912d_Fwd_Demand_CSV_9.7.csv,Output\ForecastAccuracy\history\raw_forecasts\2023-09-07_6460fd7f912d_2023-09-07_6460fd7f912d_Fwd_Demand_CSV_9.7.csv,raw_forecasts,6460fd7f912d19f193b1f66872235c1aa99c66202c8075d56b9c403c81222920,2023-09-07,2023-09-07T10:11:39.648375,2026-06-08T18:50:50+00:00,42567,42567,2023-09-05,2023-09-05,7459,35108,242426.0,10087,25069,7411,True,selected_weekly_forecast_key
6cf0e024481719a8a3943542d57d6e0a0f4d090e2d2e28df1e302a150191c9d1,2023-09-19_9e728e8b5173_2023-09-19_9e728e8b5173_Fwd_Demand_CSV_9.19.csv,Output\ForecastAccuracy\history\raw_forecasts\2023-09-19_9e728e8b5173_2023-09-19_9e728e8b5173_Fwd_Demand_CSV_9.19.csv,Output\ForecastAccuracy\history\raw_forecasts\2023-09-19_9e728e8b5173_2023-09-19_9e728e8b5173_Fwd_Demand_CSV_9.19.csv,raw_forecasts,9e728e8b5173c56fae56ad64f81aa313d6d34f6d5c75545053b9ca2fb07c5cc5,2023-09-19,2023-09-19T16:17:52.260537,2026-06-08T18:50:53+00:00,42601,42601,2023-09-19,2023-09-19,8420,34181,366744.0,11995,23196,7410,True,selected_weekly_forecast_key
a08b8ea7ce655b6dfe60ff702b1d66698aa625497a56c1440b7e65197cc078c8,2023-09-26_2dec3dcaf721_2023-09-26_2dec3dcaf721_Fwd_Demand_CSV_9.26.23.csv,Output\ForecastAccuracy\history\raw_forecasts\2023-09-26_2dec3dcaf721_2023-09-26_2dec3dcaf721_Fwd_Demand_CSV_9.26.23.csv,Output\ForecastAccuracy\history\raw_forecasts\2023-09-26_2dec3dcaf721_2023-09-26_2dec3dcaf721_Fwd_Demand_CSV_9.26.23.csv,raw_forecasts,2dec3dcaf721aee2d005542b222611e47816c55c582b2c4ddbb3079635fe46f3,2023-09-26,2023-09-26T11:29:39.077313,2026-06-08T18:50:56+00:00,42304,42304,2023-09-25,2023-09-25,9489,32815,374781.0,11956,22983,7365,True,selected_weekly_forecast_key
36dc4a923f53db64544be8579312f67060ca6e2b5e484550bc1cca974e41a2e3,2023-10-03_51270b70f943_2023-10-03_51270b70f943_Fwd_Demand_CSV_10.3.23.csv,Output\ForecastAccuracy\history\raw_forecasts\2023-10-03_51270b70f943_2023-10-03_51270b70f943_Fwd_Demand_CSV_10.3.23.csv,Output\ForecastAccuracy\history\raw_forecasts\2023-10-03_51270b70f943_2023-10-03_51270b70f943_Fwd_Demand_CSV_10.3.23.csv,raw_forecasts,51270b70f94360168f7788d004702473220497d40dea135d12d9ec654f721f9e,2023-10-03,2023-10-03T15:18:29.538812,2026-06-08T18:50:59+00:00,42762,42762,2023-10-03,2023-10-03,12630,30132,521429.0,11774,23622,7366,True,selected_weekly_forecast_key
bcaf01500b8219f0b2616f4b605dbdca0658d08078686311592693841609354c,2023-10-10_5a43a40f0da8_2023-10-10_5a43a40f0da8_Fwd_Demand_CSV_10.10.23.csv,Output\ForecastAccuracy\history\raw_forecasts\2023-10-10_5a43a40f0da8_2023-10-10_5a43a40f0da8_Fwd_Demand_CSV_10.10.23.csv,Output\ForecastAccuracy\history\raw_forecasts\2023-10-10_5a43a40f0da8_2023-10-10_5a43a40f0da8_Fwd_Demand_CSV_10.10.23.csv,raw_forecasts,5a43a40f0da86ee588927dbe14c36c5c2d398a3fe3c4035c7133593323eacd40,2023-10-10,2023-10-10T11:15:20.275641,2026-06-08T18:51:01+00:00,42813,42813,2023-10-10,2023-10-10,12900,29913,877352.0,11664,24464,6685,True,selected_weekly_forecast_key
06715bdeac9589432b4a986b8b3324672fbc9f0083fb4d47df9e132366f827e0,2023-10-17_df92e3f19e6d_2023-10-17_df92e3f19e6d_Fwd_Demand_CSV_10.17.23.csv,Output\ForecastAccuracy\history\raw_forecasts\2023-10-17_df92e3f19e6d_2023-10-17_df92e3f19e6d_Fwd_Demand_CSV_10.17.23.csv,Output\ForecastAccuracy\history\raw_forecasts\2023-10-17_df92e3f19e6d_2023-10-17_df92e3f19e6d_Fwd_Demand_CSV_10.17.23.csv,raw_forecasts,df92e3f19e6d7a9fe184a66aafb939b361a331e33d4dbedd8e61b58e115884c9,2023-10-17,2023-10-17T11:31:17.082604,2026-06-08T18:51:04+00:00,42446,42446,2023-10-16,2023-10-16,11254,31192,753233.0,12018,23761,6667,True,selected_weekly_forecast_key
c0675a9fc21583ff976314a8a1f28ad18f3a70259ae4ecd12fe418af99952cbd,2023-10-25_a0be31ad4548_2023-10-25_a0be31ad4548_Fwd_Demand_CSV_10.25.23.csv,Output\ForecastAccuracy\history\raw_forecasts\2023-10-25_a0be31ad4548_2023-10-25_a0be31ad4548_Fwd_Demand_CSV_10.25.23.csv,Output\ForecastAccuracy\history\raw_forecasts\2023-10-25_a0be31ad4548_2023-10-25_a0be31ad4548_Fwd_Demand_CSV_10.25.23.csv,raw_forecasts,a0be31ad45482142726e7b9a3c5e74a171f1a698adcd6351e16c44641d6f2d0f,2023-10-25,2023-10-25T10:02:57.630648,2026-06-08T18:51:07+00:00,44598,44598,2023-10-24,2023-10-24,8602,35996,484047.0,11823,23679,9096,True,selected_weekly_forecast_key
a4c5f8b6b465e71dd372a9a75de7e8379af0abccf5ebda6deceaaebebef6c991,2023-10-31_3055f235b760_2023-10-31_3055f235b760_Fwd_Demand_CSV_10.31.23.csv,Output\ForecastAccuracy\history\raw_forecasts\2023-10-31_3055f235b760_2023-10-31_3055f235b760_Fwd_Demand_CSV_10.31.23.csv,Output\ForecastAccuracy\history\raw_forecasts\2023-10-31_3055f235b760_2023-10-31_3055f235b760_Fwd_Demand_CSV_10.31.23.csv,raw_forecasts,3055f235b760d6f540dc2068b8f358866f402508d70650533e209d37068fe688,2023-10-31,2023-10-31T09:58:35.961545,2026-06-08T18:51:09+00:00,44812,44812,2023-10-30,2023-10-30,9661,35151,450472.0,11633,23754,9425,True,selected_weekly_forecast_key
0acd8d9d8cccb8bfd77a3d7463213848c623d2fa2b1f86f317101d5e6727ad7c,2023-11-10_86576334bbe4_2023-11-10_86576334bbe4_Fwd_Demand_CSV_11.10.23.csv,Output\ForecastAccuracy\history\raw_forecasts\2023-11-10_86576334bbe4_2023-11-10_86576334bbe4_Fwd_Demand_CSV_11.10.23.csv,Output\ForecastAccuracy\history\raw_forecasts\2023-11-10_86576334bbe4_2023-11-10_86576334bbe4_Fwd_Demand_CSV_11.10.23.csv,raw_forecasts,86576334bbe42f78ff7b63b281f5bcd72276e9d44bf19a27ee2b2fe679043d73,2023-11-10,2023-11-10T12:19:26.945196,2026-06-08T18:51:12+00:00,45549,45549,2023-11-07,2023-11-07,9275,36274,686355.0,10589,25037,9923,True,selected_weekly_forecast_key
04647139f89e8f1755e768637e95aa0c2dead72d1da603f99342990bd79e2cec,2023-11-14_8bbdf28abb93_2023-11-14_8bbdf28abb93_Fwd_Demand_CSV_11.14.23.csv,Output\ForecastAccuracy\history\raw_forecasts\2023-11-14_8bbdf28abb93_2023-11-14_8bbdf28abb93_Fwd_Demand_CSV_11.14.23.csv,Output\ForecastAccuracy\history\raw_forecasts\2023-11-14_8bbdf28abb93_2023-11-14_8bbdf28abb93_Fwd_Demand_CSV_11.14.23.csv,raw_forecasts,8bbdf28abb9385c54285bfc04c098103d97feac00a97cb6934a256a447262327,2023-11-14,2023-11-14T10:33:26.110636,2026-06-08T18:51:15+00:00,45636,45636,2023-11-13,2023-11-13,9455,36181,407584.0,10183,25640,9813,True,selected_weekly_forecast_key
c350e0701a92b33afeb5480493fb5f175edc44ba7da1418ef4360024299673b9,2023-11-15_5cafb49e95a7_2023-11-15_5cafb49e95a7_Fwd_Demand_CSV_11.15.23.csv,Output\ForecastAccuracy\history\raw_forecasts\2023-11-15_5cafb49e95a7_2023-11-15_5cafb49e95a7_Fwd_Demand_CSV_11.15.23.csv,Output\ForecastAccuracy\history\raw_forecasts\2023-11-15_5cafb49e95a7_2023-11-15_5cafb49e95a7_Fwd_Demand_CSV_11.15.23.csv,raw_forecasts,5cafb49e95a7dc6f8f1d6885f2aef47d2c7bccb660d5d2ae66556b75fc588b49,2023-11-15,2023-11-15T10:58:11.269716,2026-06-08T18:51:18+00:00,45713,45713,2023-11-13,2023-11-13,11319,34394,1062381.0,10183,25778,9752,True,selected_weekly_forecast_key
46d6be6540dff7b6ae77670b72e81b364af22ff719a1756c1e643e76bfec897e,2023-11-21_c61db0eab347_2023-11-21_c61db0eab347_Fwd_Demand_CSV_11.21.23.csv,Output\ForecastAccuracy\history\raw_forecasts\2023-11-21_c61db0eab347_2023-11-21_c61db0eab347_Fwd_Demand_CSV_11.21.23.csv,Output\ForecastAccuracy\history\raw_forecasts\2023-11-21_c61db0eab347_2023-11-21_c61db0eab347_Fwd_Demand_CSV_11.21.23.csv,raw_forecasts,c61db0eab34785ab95be66c966b1bc0873cb5a1dbd9c2d2a5f579530223e9704,2023-11-21,2023-11-21T11:19:10.156729,2026-06-08T18:51:20+00:00,45756,45756,2023-11-20,2023-11-20,10814,34942,1220149.0,10486,30565,4705,True,selected_weekly_forecast_key
fa89c0cb951793261b26da0467dde5e19de9c54e18e9a8f1c42ad24facf5ac00,2023-11-24_6624f82acead_2023-11-24_6624f82acead_Fwd_Demand_CSV_11.24.23.csv,Output\ForecastAccuracy\history\raw_forecasts\2023-11-24_6624f82acead_2023-11-24_6624f82acead_Fwd_Demand_CSV_11.24.23.csv,Output\ForecastAccuracy\history\raw_forecasts\2023-11-24_6624f82acead_2023-11-24_6624f82acead_Fwd_Demand_CSV_11.24.23.csv,raw_forecasts,6624f82acead705b8f5cd9b16cdcb69fe6a34fecf6ea84bf35ceaff29a5aa026,2023-11-24,2023-11-24T06:56:59.849370,2026-06-08T18:51:23+00:00,45799,45799,2023-11-20,2023-11-20,10814,34985,1220149.0,10255,30883,4661,False,not_selected
424dc5031f6d27ffc45cf6bf594e158366aa444cc00621f978b11cc47389ef60,2023-11-28_42a2cd4e5177_2023-11-28_42a2cd4e5177_Fwd_Demand_CSV_11.28.23.csv,Output\ForecastAccuracy\history\raw_forecasts\2023-11-28_42a2cd4e5177_2023-11-28_42a2cd4e5177_Fwd_Demand_CSV_11.28.23.csv,Output\ForecastAccuracy\history\raw_forecasts\2023-11-28_42a2cd4e5177_2023-11-28_42a2cd4e5177_Fwd_Demand_CSV_11.28.23.csv,raw_forecasts,42a2cd4e51775ee9a6d302edd9ccf779ddd403a167ad6e41b04e9bcfcc2ec83f,2023-11-28,2023-11-28T07:54:39.429393,2026-06-08T18:51:26+00:00,45758,45758,2023-11-28,2023-11-28,9353,36405,670609.0,9800,31357,4601,True,selected_weekly_forecast_key
1a011c37d83f69201399dac50abf3f77cae9ed7361baad444f52b348ce56d303,2023-11-30_2e3bc5d32c3e_2023-11-30_2e3bc5d32c3e_Fwd_Demand_CSV_11.30.23.csv,Output\ForecastAccuracy\history\raw_forecasts\2023-11-30_2e3bc5d32c3e_2023-11-30_2e3bc5d32c3e_Fwd_Demand_CSV_11.30.23.csv,Output\ForecastAccuracy\history\raw_forecasts\2023-11-30_2e3bc5d32c3e_2023-11-30_2e3bc5d32c3e_Fwd_Demand_CSV_11.30.23.csv,raw_forecasts,2e3bc5d32c3ee31a972acf6de90e1a77285fbb5e1d2c3c1dbf28e6a0dcb88246,2023-11-30,2023-11-30T10:23:34.171096,2026-06-08T18:51:28+00:00,45758,45758,2023-11-28,2023-11-28,9497,36261,647508.0,9800,31357,4601,True,selected_weekly_forecast_key
750c85f62a9ae13ea37e55f4882acb6bb8be64694445579eceb5d02ae474b2f2,2023-12-05_5b5a41569594_2023-12-05_5b5a41569594_Fwd_Demand_CSV_12.5.23.csv,Output\ForecastAccuracy\history\raw_forecasts\2023-12-05_5b5a41569594_2023-12-05_5b5a41569594_Fwd_Demand_CSV_12.5.23.csv,Output\ForecastAccuracy\history\raw_forecasts\2023-12-05_5b5a41569594_2023-12-05_5b5a41569594_Fwd_Demand_CSV_12.5.23.csv,raw_forecasts,5b5a41569594c92e70d27ce8915bc2e40e322e14a53a83576f358eba07bd1c0b,2023-12-05,2023-12-05T10:29:09.919850,2026-06-08T18:51:31+00:00,45759,45759,2023-12-04,2023-12-04,8530,37229,573349.0,9349,31823,4587,True,selected_weekly_forecast_key
229b7a92451d3562053ebf4cce24b3559f486c02674ee8eb14bf0d41095745ab,2023-12-12_bd2791322d8f_2023-12-12_bd2791322d8f_Fwd_Demand_CSV_12.12.23.csv,Output\ForecastAccuracy\history\raw_forecasts\2023-12-12_bd2791322d8f_2023-12-12_bd2791322d8f_Fwd_Demand_CSV_12.12.23.csv,Output\ForecastAccuracy\history\raw_forecasts\2023-12-12_bd2791322d8f_2023-12-12_bd2791322d8f_Fwd_Demand_CSV_12.12.23.csv,raw_forecasts,bd2791322d8fe732fec1d7d6522fe9d87fd5f6c4ed9737a26e1a0fd989705f47,2023-12-12,2023-12-12T10:39:27.765059,2026-06-08T18:51:34+00:00,45992,45992,2023-12-12,2023-12-12,7112,38880,309098.0,7956,33926,4110,True,selected_weekly_forecast_key
41ac832f3ac9b7089a3835f876bdb3d78518689a54d3a2d21925b0bc7572fa8c,2023-12-19_7b064bedb384_2023-12-19_7b064bedb384_Fwd_Demand_CSV_12.19.23.csv,Output\ForecastAccuracy\history\raw_forecasts\2023-12-19_7b064bedb384_2023-12-19_7b064bedb384_Fwd_Demand_CSV_12.19.23.csv,Output\ForecastAccuracy\history\raw_forecasts\2023-12-19_7b064bedb384_2023-12-19_7b064bedb384_Fwd_Demand_CSV_12.19.23.csv,raw_forecasts,7b064bedb384dd9c7bb2913acb12ed1c7b187aa137cf3a1772d50e8fd076eaa5,2023-12-19,2023-12-19T10:24:43.002782,2026-06-08T18:51:36+00:00,45930,45930,2023-12-19,2023-12-19,8951,36979,596727.0,7683,34108,4139,True,selected_weekly_forecast_key
76c0dea8e92acaa74f288b43fdd41990dae2f83b173e5c55156dd0d1f170f83b,2023-12-26_79ff1226944b_2023-12-26_79ff1226944b_Fwd_Demand_CSV_12.26.23.csv,Output\ForecastAccuracy\history\raw_forecasts\2023-12-26_79ff1226944b_2023-12-26_79ff1226944b_Fwd_Demand_CSV_12.26.23.csv,Output\ForecastAccuracy\history\raw_forecasts\2023-12-26_79ff1226944b_2023-12-26_79ff1226944b_Fwd_Demand_CSV_12.26.23.csv,raw_forecasts,79ff1226944b2a26ebe187472d3d022c7b46c1a07a3bd703afab301e7306f128,2023-12-26,2023-12-26T06:51:44.678996,2026-06-08T18:51:39+00:00,42537,42537,2023-12-22,2023-12-22,9546,32991,711923.0,7478,31141,3918,True,selected_weekly_forecast_key
da4b0d3dbcf96307199c3249d789c2a3a4e9948bef5c3c6c95ebd1cd2720ebcd,2023-12-29_8c7c3b95c75b_2023-12-29_8c7c3b95c75b_Fwd_Demand_CSV_12.29.23.csv,Output\ForecastAccuracy\history\raw_forecasts\2023-12-29_8c7c3b95c75b_2023-12-29_8c7c3b95c75b_Fwd_Demand_CSV_12.29.23.csv,Output\ForecastAccuracy\history\raw_forecasts\2023-12-29_8c7c3b95c75b_2023-12-29_8c7c3b95c75b_Fwd_Demand_CSV_12.29.23.csv,raw_forecasts,8c7c3b95c75bace22b9731d0873deeddebbfe92adf3e102337fd9559d9d76fe9,2023-12-29,2023-12-29T13:24:40.810416,2026-06-08T18:51:42+00:00,42472,42472,2023-12-28,2023-12-28,9492,32980,842965.0,7478,31076,3918,True,selected_weekly_forecast_key
e9751df1b1d6f3c0b1a6aec21ea05f4e21ce6cd211abb67fff8c115646ed5280,2024-01-04_ab3796a5eb0c_2024-01-04_ab3796a5eb0c_Fwd_Demand_CSV_1.4.24.csv,Output\ForecastAccuracy\history\raw_forecasts\2024-01-04_ab3796a5eb0c_2024-01-04_ab3796a5eb0c_Fwd_Demand_CSV_1.4.24.csv,Output\ForecastAccuracy\history\raw_forecasts\2024-01-04_ab3796a5eb0c_2024-01-04_ab3796a5eb0c_Fwd_Demand_CSV_1.4.24.csv,raw_forecasts,ab3796a5eb0c947468eb3a5d3104522c3b00717a17459c1581c7c192a3aac4ca,2024-01-04,2024-01-04T13:35:45.398537,2026-06-08T18:51:45+00:00,41727,41727,2024-01-03,2024-01-03,9221,32506,353564.0,11590,26219,3918,True,selected_weekly_forecast_key
dffe5427e0ca463f1b805c05828c55f4a45e4337e68c36cdde4a7c194943a7d6,2024-01-09_741eec8e2076_2024-01-09_741eec8e2076_Fwd_Demand_CSV_1.9.24.csv,Output\ForecastAccuracy\history\raw_forecasts\2024-01-09_741eec8e2076_2024-01-09_741eec8e2076_Fwd_Demand_CSV_1.9.24.csv,Output\ForecastAccuracy\history\raw_forecasts\2024-01-09_741eec8e2076_2024-01-09_741eec8e2076_Fwd_Demand_CSV_1.9.24.csv,raw_forecasts,741eec8e20768ed201c2b8351d345e57609cc2d80027333a5f061fd236a83ffd,2024-01-09,2024-01-09T10:45:57.345059,2026-06-08T18:51:47+00:00,41654,41654,2024-01-09,2024-01-09,8796,32858,263823.0,11187,26540,3927,True,selected_weekly_forecast_key
41bedece870b316c05b17f0b389ca7d86fa177ce600388dcad03386b15083358,2024-01-17_88ee296a0fb2_2024-01-17_88ee296a0fb2_Fwd_Demand_CSV_1.17.24.csv,Output\ForecastAccuracy\history\raw_forecasts\2024-01-17_88ee296a0fb2_2024-01-17_88ee296a0fb2_Fwd_Demand_CSV_1.17.24.csv,Output\ForecastAccuracy\history\raw_forecasts\2024-01-17_88ee296a0fb2_2024-01-17_88ee296a0fb2_Fwd_Demand_CSV_1.17.24.csv,raw_forecasts,88ee296a0fb2adeb72a4ed3eb4fca8c9fa53fe0eba4fc9bb60a3bac5138d098e,2024-01-17,2024-01-17T10:02:57.296033,2026-06-08T18:51:49+00:00,41627,41627,2024-01-16,2024-01-16,7683,33944,138517.0,10874,26828,3925,True,selected_weekly_forecast_key
d6329d2892bc4493495d034f66112212859e343c2ffdfdce8d5610eb610c20a8,2024-01-30_d3fb73e4613a_2024-01-30_d3fb73e4613a_Fwd_Demand_CSV_1.30.24.csv,Output\ForecastAccuracy\history\raw_forecasts\2024-01-30_d3fb73e4613a_2024-01-30_d3fb73e4613a_Fwd_Demand_CSV_1.30.24.csv,Output\ForecastAccuracy\history\raw_forecasts\2024-01-30_d3fb73e4613a_2024-01-30_d3fb73e4613a_Fwd_Demand_CSV_1.30.24.csv,raw_forecasts,d3fb73e4613a52a60665f17586e7986a89f3d80e079dc85a1b853a5f8699a187,2024-01-30,2024-01-30T09:41:11.339723,2026-06-08T18:51:52+00:00,45045,45045,2024-01-29,2024-01-29,6685,38360,141033.0,10544,27068,7433,True,selected_weekly_forecast_key
ecb6107a7f4e7b3da1f71af593d680a4deb57b7c6b462dbf772ff713c4789888,2024-02-06_59fccf0f72b0_2024-02-06_59fccf0f72b0_Fwd_Demand_CSV_2.6.24.csv,Output\ForecastAccuracy\history\raw_forecasts\2024-02-06_59fccf0f72b0_2024-02-06_59fccf0f72b0_Fwd_Demand_CSV_2.6.24.csv,Output\ForecastAccuracy\history\raw_forecasts\2024-02-06_59fccf0f72b0_2024-02-06_59fccf0f72b0_Fwd_Demand_CSV_2.6.24.csv,raw_forecasts,59fccf0f72b0600574476785dd806f4397d27ba9037a338f8e9298629549dc4a,2024-02-06,2024-02-06T09:48:50.250687,2026-06-08T18:51:54+00:00,44666,44666,2024-02-05,2024-02-05,8169,36497,179349.0,9901,27013,7752,True,selected_weekly_forecast_key
367560773791df9b05b1eccb58a368113f4dad0ffa2cffb0d6c9b823fdf69ea6,2024-02-13_99af533d5939_2024-02-13_99af533d5939_Fwd_Demand_CSV_2.13.24.csv,Output\ForecastAccuracy\history\raw_forecasts\2024-02-13_99af533d5939_2024-02-13_99af533d5939_Fwd_Demand_CSV_2.13.24.csv,Output\ForecastAccuracy\history\raw_forecasts\2024-02-13_99af533d5939_2024-02-13_99af533d5939_Fwd_Demand_CSV_2.13.24.csv,raw_forecasts,99af533d593923861c492b21d281309e4e9b7715539397fbc8b6b714f1002a8e,2024-02-13,2024-02-13T09:50:11.706006,2026-06-08T18:51:57+00:00,44597,44597,2024-02-12,2024-02-12,8386,36211,193684.0,9538,27148,7911,True,selected_weekly_forecast_key
47a3e22f512f305bf7beb388d4f832cd5bfc45d2fb081b649a82f1550fdd92b0,2024-02-21_191b450edc04_2024-02-21_191b450edc04_Fwd_Demand_CSV_2.21.24.csv,Output\ForecastAccuracy\history\raw_forecasts\2024-02-21_191b450edc04_2024-02-21_191b450edc04_Fwd_Demand_CSV_2.21.24.csv,Output\ForecastAccuracy\history\raw_forecasts\2024-02-21_191b450edc04_2024-02-21_191b450edc04_Fwd_Demand_CSV_2.21.24.csv,raw_forecasts,191b450edc04803cde60514ec54aeacf0fdb14a6c4ec954372d1a1b4407509ac,2024-02-21,2024-02-21T10:03:03.481167,2026-06-08T18:52:00+00:00,45504,45504,2024-02-21,2024-02-21,6503,39001,197022.0,9189,30585,5730,True,selected_weekly_forecast_key
e77ee8adbacb5e679f2634a7ba3d3a2bab144b9cb48553b5191b7acf8da3404b,2024-02-28_23de44f3e38b_2024-02-28_23de44f3e38b_Fwd_Demand_CSV_2.28.24.csv,Output\ForecastAccuracy\history\raw_forecasts\2024-02-28_23de44f3e38b_2024-02-28_23de44f3e38b_Fwd_Demand_CSV_2.28.24.csv,Output\ForecastAccuracy\history\raw_forecasts\2024-02-28_23de44f3e38b_2024-02-28_23de44f3e38b_Fwd_Demand_CSV_2.28.24.csv,raw_forecasts,23de44f3e38b53fb7df30babc6cd40c49e2a6751301ff47968d1870da5a7279f,2024-02-28,2024-02-28T10:22:11.850901,2026-06-08T18:52:03+00:00,45961,45961,2024-02-27,2024-02-27,7560,38401,211687.0,8998,31134,5829,True,selected_weekly_forecast_key
36eafa8d010cd90450b2be4ba6d15a9a4e99e16caf23b27e61917d922393d153,2024-03-05_9e9f95e96483_2024-03-05_9e9f95e96483_Fwd_Demand_CSV_3.5.24.csv,Output\ForecastAccuracy\history\raw_forecasts\2024-03-05_9e9f95e96483_2024-03-05_9e9f95e96483_Fwd_Demand_CSV_3.5.24.csv,Output\ForecastAccuracy\history\raw_forecasts\2024-03-05_9e9f95e96483_2024-03-05_9e9f95e96483_Fwd_Demand_CSV_3.5.24.csv,raw_forecasts,9e9f95e96483c1f9895ae00f1b27cf048d42bd578a06f41f4afa7cdbcdf2093f,2024-03-05,2024-03-05T09:46:30.037791,2026-06-08T18:52:05+00:00,45977,45977,2024-03-05,2024-03-05,8199,37778,251247.0,8861,31331,5785,True,selected_weekly_forecast_key
9728934b2b43d3bf29c2e1f7a6d2e5401af1ba31f348e135634ae0c24b5266de,2024-03-12_1e20e2860624_2024-03-12_1e20e2860624_Fwd_Demand_CSV_31224.csv,Output\ForecastAccuracy\history\raw_forecasts\2024-03-12_1e20e2860624_2024-03-12_1e20e2860624_Fwd_Demand_CSV_31224.csv,Output\ForecastAccuracy\history\raw_forecasts\2024-03-12_1e20e2860624_2024-03-12_1e20e2860624_Fwd_Demand_CSV_31224.csv,raw_forecasts,1e20e286062483b370fa5be781208934cf3f68c2a1228e97ce1c969bed4016bf,2024-03-12,2024-03-13T13:21:57.083610,2026-06-08T18:52:08+00:00,44494,44494,2024-03-12,2024-03-12,9561,34933,271060.0,8717,29921,5856,True,selected_weekly_forecast_key
5adef4924e82ef8682ac0c869d27f7d1c2ab121cabde6c895bf282b6a1eb4839,2024-03-26_805f30ffebb9_2024-03-26_805f30ffebb9_Fwd_Demand_CSV_32624.csv,Output\ForecastAccuracy\history\raw_forecasts\2024-03-26_805f30ffebb9_2024-03-26_805f30ffebb9_Fwd_Demand_CSV_32624.csv,Output\ForecastAccuracy\history\raw_forecasts\2024-03-26_805f30ffebb9_2024-03-26_805f30ffebb9_Fwd_Demand_CSV_32624.csv,raw_forecasts,805f30ffebb9c41f176787dc6e0913fddc9370474e9f975b31178327ff64b9c4,2024-03-26,2024-03-26T06:31:24.270632,2026-06-08T18:52:11+00:00,45659,45659,2024-03-26,2024-03-26,7652,38007,228984.0,8305,29662,7692,True,selected_weekly_forecast_key
7f7a8d02ea9ae8682df7c0227a5b2a7c867e13202831350fc66df760ecd3943f,2024-04-18_91513e4e2df8_2024-04-18_91513e4e2df8_Fwd_Demand_CSV_41824.csv,Output\ForecastAccuracy\history\raw_forecasts\2024-04-18_91513e4e2df8_2024-04-18_91513e4e2df8_Fwd_Demand_CSV_41824.csv,Output\ForecastAccuracy\history\raw_forecasts\2024-04-18_91513e4e2df8_2024-04-18_91513e4e2df8_Fwd_Demand_CSV_41824.csv,raw_forecasts,91513e4e2df813ac9d9d1199a30ec770841fca67084af6e7dab924e2e369398e,2024-04-18,2024-04-18T09:49:40.649638,2026-06-08T18:52:14+00:00,47594,47594,2024-04-18,2024-04-18,10037,37557,363765.0,10778,27047,9769,True,selected_weekly_forecast_key
037b7437f4f7bed406b569bb366508f62dd9f5864e4f700c0a1abcc743f50adf,2024-04-23_3f5c3906609a_2024-04-23_3f5c3906609a_Fwd_Demand_CSV_42324.csv,Output\ForecastAccuracy\history\raw_forecasts\2024-04-23_3f5c3906609a_2024-04-23_3f5c3906609a_Fwd_Demand_CSV_42324.csv,Output\ForecastAccuracy\history\raw_forecasts\2024-04-23_3f5c3906609a_2024-04-23_3f5c3906609a_Fwd_Demand_CSV_42324.csv,raw_forecasts,3f5c3906609a504521b2c63930a00ada3399e73ade10df00f5ee27b2a225d42d,2024-04-23,2024-04-24T09:33:27.215463,2026-06-08T18:52:17+00:00,47739,47739,2024-04-23,2024-04-23,9668,38071,432088.0,10667,26749,10323,True,selected_weekly_forecast_key
b67ed68efd978c8549ddc60106fde37f19000f1252b349f6bd99aff0b965f8cd,2024-04-30_addbdf64fafa_2024-04-30_addbdf64fafa_Fwd_Demand_CSV_43024.csv,Output\ForecastAccuracy\history\raw_forecasts\2024-04-30_addbdf64fafa_2024-04-30_addbdf64fafa_Fwd_Demand_CSV_43024.csv,Output\ForecastAccuracy\history\raw_forecasts\2024-04-30_addbdf64fafa_2024-04-30_addbdf64fafa_Fwd_Demand_CSV_43024.csv,raw_forecasts,addbdf64fafa639a86e5060509b3ec6ea95db864a42106ee3a3d85903613bcaa,2024-04-30,2024-04-30T12:00:36.873073,2026-06-08T18:52:20+00:00,48027,48027,2024-04-30,2024-04-30,7982,40045,351853.0,10361,26873,10793,True,selected_weekly_forecast_key
2850955100ddd456f36e719d700c612a519db386f4797523a75c3d5c52319da9,2024-05-07_dcfe6463d298_2024-05-07_dcfe6463d298_Fwd_Demand_CSV_5724.csv,Output\ForecastAccuracy\history\raw_forecasts\2024-05-07_dcfe6463d298_2024-05-07_dcfe6463d298_Fwd_Demand_CSV_5724.csv,Output\ForecastAccuracy\history\raw_forecasts\2024-05-07_dcfe6463d298_2024-05-07_dcfe6463d298_Fwd_Demand_CSV_5724.csv,raw_forecasts,dcfe6463d2984b86f59c70a842b833d9aa9e41ab930979039a22b17608924f99,2024-05-07,2024-05-07T14:45:43.582488,2026-06-08T18:52:22+00:00,48176,48176,2024-05-07,2024-05-07,9765,38411,241685.0,9948,27368,10860,True,selected_weekly_forecast_key
e17e8ec8e1074bdfe62b8b0d9617386cf266f552cc92248d1d17076b0691207c,2024-05-14_aecd770d87bf_2024-05-14_aecd770d87bf_Fwd_Demand_CSV_51424.csv,Output\ForecastAccuracy\history\raw_forecasts\2024-05-14_aecd770d87bf_2024-05-14_aecd770d87bf_Fwd_Demand_CSV_51424.csv,Output\ForecastAccuracy\history\raw_forecasts\2024-05-14_aecd770d87bf_2024-05-14_aecd770d87bf_Fwd_Demand_CSV_51424.csv,raw_forecasts,aecd770d87bf74462e85fdced7aaa907f85f52bb194e39623c0168d7ca271f84,2024-05-14,2024-05-14T07:34:24.489813,2026-06-08T18:52:25+00:00,47291,47291,2024-05-14,2024-05-14,9647,37644,438636.0,10117,27139,10035,True,selected_weekly_forecast_key
c728551cfab07f8808ac5a6579d2ef27a2123a47064f105962a1baa547e9ac59,2024-05-21_52f05bde1051_2024-05-21_52f05bde1051_Fwd_Demand_CSV_52124.csv,Output\ForecastAccuracy\history\raw_forecasts\2024-05-21_52f05bde1051_2024-05-21_52f05bde1051_Fwd_Demand_CSV_52124.csv,Output\ForecastAccuracy\history\raw_forecasts\2024-05-21_52f05bde1051_2024-05-21_52f05bde1051_Fwd_Demand_CSV_52124.csv,raw_forecasts,52f05bde1051792ac34ee98528876db316494f48d6f9f54f0bec398b795ff56e,2024-05-21,2024-05-21T09:46:32.134248,2026-06-08T18:52:28+00:00,47592,47592,2024-05-21,2024-05-21,9395,38197,428942.0,10049,27194,10349,True,selected_weekly_forecast_key
0e63dc543b440327f8d1ec7172d6978039b1e478edde2aadb52b621e116d50c4,2024-05-29_5136574c56fc_2024-05-29_5136574c56fc_Fwd_Demand_CSV_52924.csv,Output\ForecastAccuracy\history\raw_forecasts\2024-05-29_5136574c56fc_2024-05-29_5136574c56fc_Fwd_Demand_CSV_52924.csv,Output\ForecastAccuracy\history\raw_forecasts\2024-05-29_5136574c56fc_2024-05-29_5136574c56fc_Fwd_Demand_CSV_52924.csv,raw_forecasts,5136574c56fcf30140cafd9b16b20290f95671b5d0a57618721d997aa67ac9f8,2024-05-29,2024-05-29T09:57:23.546896,2026-06-08T18:52:31+00:00,48071,48071,2024-05-28,2024-05-28,7320,40751,222919.0,9631,33033,5407,True,selected_weekly_forecast_key
a2d8065009fcc41669eec3b1c49843f749485325066dcdc7a4f82b869d241a9d,2024-06-12_eba58ed66378_2024-06-12_eba58ed66378_Fwd_Demand_CSV_61224.csv,Output\ForecastAccuracy\history\raw_forecasts\2024-06-12_eba58ed66378_2024-06-12_eba58ed66378_Fwd_Demand_CSV_61224.csv,Output\ForecastAccuracy\history\raw_forecasts\2024-06-12_eba58ed66378_2024-06-12_eba58ed66378_Fwd_Demand_CSV_61224.csv,raw_forecasts,eba58ed66378f5e85165f15a85fc998eef8ca968fe4c111d366539c8a08a7bce,2024-06-12,2024-06-12T15:09:07.775210,2026-06-08T18:52:34+00:00,43306,43306,2024-06-10,2024-06-10,6868,36438,203171.0,8839,28753,5714,True,selected_weekly_forecast_key
abce29d64898c4d3224bb28832867e3aae51344f04a596e30ea7cd6a812e4aa3,2024-06-17_b0a5df6468de_2024-06-17_b0a5df6468de_Fwd_Demand_CSV_61724.csv,Output\ForecastAccuracy\history\raw_forecasts\2024-06-17_b0a5df6468de_2024-06-17_b0a5df6468de_Fwd_Demand_CSV_61724.csv,Output\ForecastAccuracy\history\raw_forecasts\2024-06-17_b0a5df6468de_2024-06-17_b0a5df6468de_Fwd_Demand_CSV_61724.csv,raw_forecasts,b0a5df6468de1638ee396c75e71e93a5ba18f332b08a16fc09911534519c50a6,2024-06-17,2024-06-17T10:27:07.441617,2026-06-08T18:52:38+00:00,43306,43306,2024-06-10,2024-06-10,6868,36438,203171.0,8840,28753,5713,False,not_selected
85eafd7313ca21a79001bf4ccd8b6b877d4e5ae09b9f4cb349cc4e367112c700,2024-06-18_923d42818a33_2024-06-18_923d42818a33_Fwd_Demand_CSV_61824.csv,Output\ForecastAccuracy\history\raw_forecasts\2024-06-18_923d42818a33_2024-06-18_923d42818a33_Fwd_Demand_CSV_61824.csv,Output\ForecastAccuracy\history\raw_forecasts\2024-06-18_923d42818a33_2024-06-18_923d42818a33_Fwd_Demand_CSV_61824.csv,raw_forecasts,923d42818a33c4a0e18645691d5d54b4d8519ddae4ab5437a5face390f3cfbde,2024-06-18,2024-06-18T09:26:04.012615,2026-06-08T18:52:40+00:00,43385,43385,2024-06-18,2024-06-18,9861,33524,391069.0,8522,29008,5855,True,selected_weekly_forecast_key
ff7c40bd675cabb0916d6dafdb714e9c465adad8be8634271b06de5545db3424,2024-06-26_33b80e7c926c_2024-06-26_33b80e7c926c_Fwd_Demand_CSV_62624.csv,Output\ForecastAccuracy\history\raw_forecasts\2024-06-26_33b80e7c926c_2024-06-26_33b80e7c926c_Fwd_Demand_CSV_62624.csv,Output\ForecastAccuracy\history\raw_forecasts\2024-06-26_33b80e7c926c_2024-06-26_33b80e7c926c_Fwd_Demand_CSV_62624.csv,raw_forecasts,33b80e7c926ce07d5a4613bf34e89a6a715ede21a6cc01f164498b5a7b123dd4,2024-06-26,2024-06-26T15:22:01.133399,2026-06-08T18:52:43+00:00,26005,26005,2024-06-25,2024-06-25,10689,15316,626881.0,8156,11585,6264,True,selected_weekly_forecast_key
ff480b784ed7ffd8f76424eb2cc9aa12bb2cf1929e773ee4e7df788f2920f175,2024-07-02_fb815a7ecc82_2024-07-02_fb815a7ecc82_Fwd_Demand_CSV_7224.csv,Output\ForecastAccuracy\history\raw_forecasts\2024-07-02_fb815a7ecc82_2024-07-02_fb815a7ecc82_Fwd_Demand_CSV_7224.csv,Output\ForecastAccuracy\history\raw_forecasts\2024-07-02_fb815a7ecc82_2024-07-02_fb815a7ecc82_Fwd_Demand_CSV_7224.csv,raw_forecasts,fb815a7ecc827ff3f9df60f90cd299719ccd7e05f9f92031bd2270b0e07268bb,2024-07-02,2024-07-02T10:36:52.663296,2026-06-08T18:52:44+00:00,26239,26239,2024-07-02,2024-07-02,9199,17040,630571.0,7876,11781,6582,True,selected_weekly_forecast_key
008d0cc643dfd0f37982b7a1ae115ba7bd7b651f87cf46b6cbfd2e6daf1f49df,2024-07-09_6c78b778be17_2024-07-09_6c78b778be17_Fwd_Demand_CSV_7924.csv,Output\ForecastAccuracy\history\raw_forecasts\2024-07-09_6c78b778be17_2024-07-09_6c78b778be17_Fwd_Demand_CSV_7924.csv,Output\ForecastAccuracy\history\raw_forecasts\2024-07-09_6c78b778be17_2024-07-09_6c78b778be17_Fwd_Demand_CSV_7924.csv,raw_forecasts,6c78b778be179e5ef85ed8108f16bfca5d038488f80418ccef33a3fbf19090b9,2024-07-09,2024-07-09T10:23:40.453234,2026-06-08T18:52:46+00:00,26211,26211,2024-07-09,2024-07-09,7982,18229,337568.0,11970,7806,6435,True,selected_weekly_forecast_key
df8da57aca37f5b8b1e261591f86096bf213432201d3ca5840173cab74b94374,2024-07-16_70cf2241e3a9_2024-07-16_70cf2241e3a9_Fwd_Demand_CSV_71624.csv,Output\ForecastAccuracy\history\raw_forecasts\2024-07-16_70cf2241e3a9_2024-07-16_70cf2241e3a9_Fwd_Demand_CSV_71624.csv,Output\ForecastAccuracy\history\raw_forecasts\2024-07-16_70cf2241e3a9_2024-07-16_70cf2241e3a9_Fwd_Demand_CSV_71624.csv,raw_forecasts,70cf2241e3a994b63d049406f63c70b4c94383543daf7666fa9d412f0db7ca44,2024-07-16,2024-07-16T10:09:17.309837,2026-06-08T18:52:47+00:00,26338,26338,2024-07-16,2024-07-16,7642,18696,243018.0,10601,9124,6613,True,selected_weekly_forecast_key
546bef2183ee48d3411a7b55df82980f222908823b50ff64cbdc817cb647ed8c,2024-07-23_1478c7ef5c3c_2024-07-23_1478c7ef5c3c_Fwd_Demand_CSV_72324.csv,Output\ForecastAccuracy\history\raw_forecasts\2024-07-23_1478c7ef5c3c_2024-07-23_1478c7ef5c3c_Fwd_Demand_CSV_72324.csv,Output\ForecastAccuracy\history\raw_forecasts\2024-07-23_1478c7ef5c3c_2024-07-23_1478c7ef5c3c_Fwd_Demand_CSV_72324.csv,raw_forecasts,1478c7ef5c3c7796220362eaac7bd9ac29027c80839cafe2b3cdbe2d2aa91380,2024-07-23,2024-07-23T13:09:33.783434,2026-06-08T18:52:49+00:00,28981,28981,2024-07-23,2024-07-23,5915,23066,241136.0,10351,14913,3717,True,selected_weekly_forecast_key
d40cf3135feb2a980128b679bdc30337dd956be37a573b10bd6614a367e4d559,2024-07-30_a144f79bb003_2024-07-30_a144f79bb003_Fwd_Demand_CSV_73024.csv,Output\ForecastAccuracy\history\raw_forecasts\2024-07-30_a144f79bb003_2024-07-30_a144f79bb003_Fwd_Demand_CSV_73024.csv,Output\ForecastAccuracy\history\raw_forecasts\2024-07-30_a144f79bb003_2024-07-30_a144f79bb003_Fwd_Demand_CSV_73024.csv,raw_forecasts,a144f79bb003115448fd77ca8c1ecd29a03cf761828fe65e9849b302d7767d81,2024-07-30,2024-07-30T14:51:05.842949,2026-06-08T18:52:50+00:00,30421,30421,2024-07-30,2024-07-30,5446,24975,236795.0,10021,13355,7045,True,selected_weekly_forecast_key
c69be4fa88387f57079ec340adc62536bc38a306169734ca26e7035f0b488cc4,2024-08-13_789f2993bd06_2024-08-13_789f2993bd06_Fwd_Demand_CSV_81324.csv,Output\ForecastAccuracy\history\raw_forecasts\2024-08-13_789f2993bd06_2024-08-13_789f2993bd06_Fwd_Demand_CSV_81324.csv,Output\ForecastAccuracy\history\raw_forecasts\2024-08-13_789f2993bd06_2024-08-13_789f2993bd06_Fwd_Demand_CSV_81324.csv,raw_forecasts,789f2993bd06f0f3778c7edf0a5cb3f8530618e7181828e17635d5096dd463bf,2024-08-13,2024-08-13T10:29:48.246407,2026-06-08T18:52:52+00:00,32675,32675,2024-08-13,2024-08-13,8551,24124,319141.0,9921,16898,5856,True,selected_weekly_forecast_key
0caae3a99bb5434f25d3f6793f281c1c9a6437dd9272d37b1eeb16dc6c6c873e,2024-08-20_04ec1959c255_2024-08-20_04ec1959c255_Fwd_Demand_CSV_82024.csv,Output\ForecastAccuracy\history\raw_forecasts\2024-08-20_04ec1959c255_2024-08-20_04ec1959c255_Fwd_Demand_CSV_82024.csv,Output\ForecastAccuracy\history\raw_forecasts\2024-08-20_04ec1959c255_2024-08-20_04ec1959c255_Fwd_Demand_CSV_82024.csv,raw_forecasts,04ec1959c2557587dbfbde158bb63c31e2aa4ff8fd9d766728632d1121c7a03a,2024-08-20,2024-08-20T10:11:45.741934,2026-06-08T18:52:54+00:00,32544,32544,2024-08-19,2024-08-19,9290,23254,452556.0,9743,16123,6678,True,selected_weekly_forecast_key
0dae6f12b35223a51424d28f1fc2816d0b97311669edbd92e8a0a18792bc5d22,2024-08-27_336a5d5f40bb_2024-08-27_336a5d5f40bb_Fwd_Demand_CSV_82724.csv,Output\ForecastAccuracy\history\raw_forecasts\2024-08-27_336a5d5f40bb_2024-08-27_336a5d5f40bb_Fwd_Demand_CSV_82724.csv,Output\ForecastAccuracy\history\raw_forecasts\2024-08-27_336a5d5f40bb_2024-08-27_336a5d5f40bb_Fwd_Demand_CSV_82724.csv,raw_forecasts,336a5d5f40bbc3d324f09d83d5d155e0744661db4cb86dbfe79d1a52416a3e02,2024-08-27,2024-08-27T09:40:17.739876,2026-06-08T18:52:56+00:00,32641,32641,2024-08-27,2024-08-27,9966,22675,484860.0,9568,15906,7167,True,selected_weekly_forecast_key
cb0ebb345ae19ae7065187d824326aaa9459f82532c423c70a704ec844f009ec,2024-09-03_dac59f6337a0_2024-09-03_dac59f6337a0_Fwd_Demand_CSV_9324.csv,Output\ForecastAccuracy\history\raw_forecasts\2024-09-03_dac59f6337a0_2024-09-03_dac59f6337a0_Fwd_Demand_CSV_9324.csv,Output\ForecastAccuracy\history\raw_forecasts\2024-09-03_dac59f6337a0_2024-09-03_dac59f6337a0_Fwd_Demand_CSV_9324.csv,raw_forecasts,dac59f6337a053d742676b4aaf3b3d66431b86a1ee2872902f9a6a51dc73d525,2024-09-03,2024-09-03T12:52:01.888237,2026-06-08T18:52:58+00:00,32733,32733,2024-08-31,2024-08-31,9966,22767,371549.0,12053,13227,7453,True,selected_weekly_forecast_key
fe79f1c421d81914ae2af2d035b7ffc20ceec647c60290b4100df8e56576cc99,2024-09-17_fcbe94a5e6f9_2024-09-17_fcbe94a5e6f9_Fwd_Demand_CSV_91724.csv,Output\ForecastAccuracy\history\raw_forecasts\2024-09-17_fcbe94a5e6f9_2024-09-17_fcbe94a5e6f9_Fwd_Demand_CSV_91724.csv,Output\ForecastAccuracy\history\raw_forecasts\2024-09-17_fcbe94a5e6f9_2024-09-17_fcbe94a5e6f9_Fwd_Demand_CSV_91724.csv,raw_forecasts,fcbe94a5e6f999d38a49dc87130e365b061cb3ee90061ea79f628778cb56772c,2024-09-17,2024-09-17T10:50:38.637115,2026-06-08T18:52:59+00:00,32766,32766,2024-09-17,2024-09-17,8827,23939,315984.0,11429,13884,7453,True,selected_weekly_forecast_key
57a4b3736db503c1945b58436e20c83a8f8c69aee02980b8b0e2c0dd99282d0c,2024-09-24_62328ea02c5d_2024-09-24_62328ea02c5d_Fwd_Demand_CSV_92424.csv,Output\ForecastAccuracy\history\raw_forecasts\2024-09-24_62328ea02c5d_2024-09-24_62328ea02c5d_Fwd_Demand_CSV_92424.csv,Output\ForecastAccuracy\history\raw_forecasts\2024-09-24_62328ea02c5d_2024-09-24_62328ea02c5d_Fwd_Demand_CSV_92424.csv,raw_forecasts,62328ea02c5df88503aee932ebe6c0ff0fa8b4a7f66fb868eb1e67852847f5fc,2024-09-24,2024-09-24T10:00:25.231476,2026-06-08T18:53:01+00:00,31122,31122,2024-09-24,2024-09-24,7696,23426,328882.0,13490,11646,5986,True,selected_weekly_forecast_key
c98e4269d228178bae6d48044bbbb7d45d7fde676167e014543e220f3a3a4f7c,2024-10-01_d63b9f5b55ab_2024-10-01_d63b9f5b55ab_Fwd_Demand_CSV_10124.csv,Output\ForecastAccuracy\history\raw_forecasts\2024-10-01_d63b9f5b55ab_2024-10-01_d63b9f5b55ab_Fwd_Demand_CSV_10124.csv,Output\ForecastAccuracy\history\raw_forecasts\2024-10-01_d63b9f5b55ab_2024-10-01_d63b9f5b55ab_Fwd_Demand_CSV_10124.csv,raw_forecasts,d63b9f5b55ab13a261ea92cd2224483db455256f0e5b255b20d55ca729025820,2024-10-01,2024-10-01T09:54:46.203245,2026-06-08T18:53:03+00:00,32753,32753,2024-10-01,2024-10-01,13416,19337,627804.0,13391,11970,7392,True,selected_weekly_forecast_key
3807571447f9b7f0f2100881f3e83a06d3bd1586b0ae683ab21c98dfb0e41849,2024-10-08_ba73b108a903_2024-10-08_ba73b108a903_Fwd_Demand_CSV_10824.csv,Output\ForecastAccuracy\history\raw_forecasts\2024-10-08_ba73b108a903_2024-10-08_ba73b108a903_Fwd_Demand_CSV_10824.csv,Output\ForecastAccuracy\history\raw_forecasts\2024-10-08_ba73b108a903_2024-10-08_ba73b108a903_Fwd_Demand_CSV_10824.csv,raw_forecasts,ba73b108a903945016243ff8bac588f036e8df84b801b786522515b1c132e0b9,2024-10-08,2024-10-08T09:53:45.655285,2026-06-08T18:53:05+00:00,34002,34002,2024-10-08,2024-10-08,13785,20217,1112471.0,13190,14191,6621,True,selected_weekly_forecast_key
2e243c0dd9550b56b460a83c342ddc0c9b8c1719f546ccc8941280a19f028989,2024-10-15_1cd6a4cd47fe_2024-10-15_1cd6a4cd47fe_Fwd_Demand_CSV_101524.csv,Output\ForecastAccuracy\history\raw_forecasts\2024-10-15_1cd6a4cd47fe_2024-10-15_1cd6a4cd47fe_Fwd_Demand_CSV_101524.csv,Output\ForecastAccuracy\history\raw_forecasts\2024-10-15_1cd6a4cd47fe_2024-10-15_1cd6a4cd47fe_Fwd_Demand_CSV_101524.csv,raw_forecasts,1cd6a4cd47fef050f0105a268702b3362be2c9da92f570299762dd1540a87c87,2024-10-15,2024-10-15T10:32:20.648540,2026-06-08T18:53:06+00:00,34664,34664,2024-10-15,2024-10-15,12604,22060,1276500.0,12802,14401,7461,True,selected_weekly_forecast_key
c41b013d8c7250761c19e71dab8abc50de618871891717e3a3c4488f73409b7d,2024-10-24_a226d9e318e6_2024-10-24_a226d9e318e6_Fwd_Demand_CSV_102424.csv,Output\ForecastAccuracy\history\raw_forecasts\2024-10-24_a226d9e318e6_2024-10-24_a226d9e318e6_Fwd_Demand_CSV_102424.csv,Output\ForecastAccuracy\history\raw_forecasts\2024-10-24_a226d9e318e6_2024-10-24_a226d9e318e6_Fwd_Demand_CSV_102424.csv,raw_forecasts,a226d9e318e6c77da40f592201fe4d2ccfbdbd4595f331a72b8f5f0c7b299683,2024-10-24,2024-10-24T10:29:36.268164,2026-06-08T18:53:08+00:00,36418,36418,2024-10-22,2024-10-22,12208,24210,479874.0,12154,14377,9887,True,selected_weekly_forecast_key
267afb38f3e6625de36450ab1397d49b9253968fa22036e0dd943c8940ae9bde,2024-10-29_817ab69974e2_2024-10-29_817ab69974e2_Fwd_Demand_CSV_102924.csv,Output\ForecastAccuracy\history\raw_forecasts\2024-10-29_817ab69974e2_2024-10-29_817ab69974e2_Fwd_Demand_CSV_102924.csv,Output\ForecastAccuracy\history\raw_forecasts\2024-10-29_817ab69974e2_2024-10-29_817ab69974e2_Fwd_Demand_CSV_102924.csv,raw_forecasts,817ab69974e2002900a0771cea55ac01dfb892f840cab84b477f95b75f8edbef,2024-10-29,2024-10-29T09:22:21.863550,2026-06-08T18:53:10+00:00,34577,34577,2024-10-29,2024-10-29,11727,22850,496624.0,11683,13264,9630,True,selected_weekly_forecast_key
b53637aa541d925303b162d96cc9c4d2e83692a10c94cbc767638ddeecf44ccf,2024-11-05_decb77623a88_2024-11-05_decb77623a88_Fwd_Demand_CSV_11524.csv,Output\ForecastAccuracy\history\raw_forecasts\2024-11-05_decb77623a88_2024-11-05_decb77623a88_Fwd_Demand_CSV_11524.csv,Output\ForecastAccuracy\history\raw_forecasts\2024-11-05_decb77623a88_2024-11-05_decb77623a88_Fwd_Demand_CSV_11524.csv,raw_forecasts,decb77623a8804e197e6e453f722a5b4d08ba616e34c33ddec81cce0779388dd,2024-11-05,2024-11-05T09:30:47.436154,2026-06-08T18:53:13+00:00,35324,35324,2024-11-05,2024-11-05,10934,24390,513938.0,11308,13795,10221,True,selected_weekly_forecast_key
0870865c70d4f0156ed4d57e9417940c6d530c9565583b18a5e5073491696923,2024-11-11_25e4c0057374_2024-11-11_25e4c0057374_Fwd_Demand_CSV_111124.csv,Output\ForecastAccuracy\history\raw_forecasts\2024-11-11_25e4c0057374_2024-11-11_25e4c0057374_Fwd_Demand_CSV_111124.csv,Output\ForecastAccuracy\history\raw_forecasts\2024-11-11_25e4c0057374_2024-11-11_25e4c0057374_Fwd_Demand_CSV_111124.csv,raw_forecasts,25e4c005737488fb6e74d345707634769a83c485cf3bd7a4a513969d7f3814e3,2024-11-11,2024-11-11T14:31:07.709148,2026-06-08T18:53:15+00:00,35130,35130,2024-11-12,2024-11-12,11650,23480,888183.0,11181,13712,10237,True,selected_weekly_forecast_key
5776a1cc1f98eadc937f3648b0c840a52a4878e6c3419ddeebdba62d2442bef0,2024-11-19_969c7c901ce8_2024-11-19_969c7c901ce8_Fwd_Demand_CSV_111924.csv,Output\ForecastAccuracy\history\raw_forecasts\2024-11-19_969c7c901ce8_2024-11-19_969c7c901ce8_Fwd_Demand_CSV_111924.csv,Output\ForecastAccuracy\history\raw_forecasts\2024-11-19_969c7c901ce8_2024-11-19_969c7c901ce8_Fwd_Demand_CSV_111924.csv,raw_forecasts,969c7c901ce851c3174e86f053ea602913b2f18750caefeb520d801d3b31980b,2024-11-19,2024-11-19T10:15:55.095189,2026-06-08T18:53:17+00:00,35360,35360,2024-11-19,2024-11-19,11526,23834,1371989.0,11579,13305,10476,True,selected_weekly_forecast_key
0ddf515fa26673d497f63b127ecc325c3f2118a9500e4ef05d7fb23d8001b50c,2024-11-26_271c315640a0_2024-11-26_271c315640a0_Fwd_Demand_CSV_112624.csv,Output\ForecastAccuracy\history\raw_forecasts\2024-11-26_271c315640a0_2024-11-26_271c315640a0_Fwd_Demand_CSV_112624.csv,Output\ForecastAccuracy\history\raw_forecasts\2024-11-26_271c315640a0_2024-11-26_271c315640a0_Fwd_Demand_CSV_112624.csv,raw_forecasts,271c315640a0676438b2c99bf94d1cfc3a835715c414ddc21e89cce21c5f0dae,2024-11-26,2024-11-26T06:42:00.033337,2026-06-08T18:53:19+00:00,35683,35683,2024-11-26,2024-11-26,11074,24609,1142378.0,11109,18918,5656,True,selected_weekly_forecast_key
f532a4dcc735ad8465da27d202686ce4ace1c423374ca8c4f224b2695318110b,2024-12-03_7a103ef0ada8_2024-12-03_7a103ef0ada8_Fwd_Demand_CSV_12324.csv,Output\ForecastAccuracy\history\raw_forecasts\2024-12-03_7a103ef0ada8_2024-12-03_7a103ef0ada8_Fwd_Demand_CSV_12324.csv,Output\ForecastAccuracy\history\raw_forecasts\2024-12-03_7a103ef0ada8_2024-12-03_7a103ef0ada8_Fwd_Demand_CSV_12324.csv,raw_forecasts,7a103ef0ada8545b23985e57434d73c51f9975cf0b8890388bcfd2aa844e53a8,2024-12-03,2024-12-03T06:52:10.877595,2026-06-08T18:53:21+00:00,35599,35599,2024-12-03,2024-12-03,9299,26300,684227.0,9998,19664,5937,True,selected_weekly_forecast_key
214d45ec4cdfc88a2956916820c798234c89c690006a29bd914d44390c9e9692,2024-12-10_fc36fb410864_2024-12-10_fc36fb410864_Fwd_Demand_CSV_121024.csv,Output\ForecastAccuracy\history\raw_forecasts\2024-12-10_fc36fb410864_2024-12-10_fc36fb410864_Fwd_Demand_CSV_121024.csv,Output\ForecastAccuracy\history\raw_forecasts\2024-12-10_fc36fb410864_2024-12-10_fc36fb410864_Fwd_Demand_CSV_121024.csv,raw_forecasts,fc36fb4108648b3a6c1ba64569ff3e023421765095c86f87b449b63e0157dc0d,2024-12-10,2024-12-10T10:35:47.840372,2026-06-08T18:53:23+00:00,35541,35541,2024-12-10,2024-12-10,7890,27651,452208.0,9107,20567,5867,True,selected_weekly_forecast_key
ac0a0102c422fa13c95fbb93667aa0a9520f7416287d45f5f0ff996714dd4714,2024-12-17_41ed0be74a82_2024-12-17_41ed0be74a82_Fwd_Demand_CSV_121724.csv,Output\ForecastAccuracy\history\raw_forecasts\2024-12-17_41ed0be74a82_2024-12-17_41ed0be74a82_Fwd_Demand_CSV_121724.csv,Output\ForecastAccuracy\history\raw_forecasts\2024-12-17_41ed0be74a82_2024-12-17_41ed0be74a82_Fwd_Demand_CSV_121724.csv,raw_forecasts,41ed0be74a8208af0002e937f7aaac59bda7c291adb13cc50f2268eff4e76de4,2024-12-17,2024-12-17T08:41:55.251864,2026-06-08T18:53:25+00:00,35185,35185,2024-12-16,2024-12-16,8667,26518,439676.0,8475,22379,4331,True,selected_weekly_forecast_key
eb7569d721364f870013f8b1b41fd8b843dacb48048f7298b693e1eb848e63bb,2024-12-23_b73ed1aefdaa_2024-12-23_b73ed1aefdaa_Fwd_Demand_CSV_122324.csv,Output\ForecastAccuracy\history\raw_forecasts\2024-12-23_b73ed1aefdaa_2024-12-23_b73ed1aefdaa_Fwd_Demand_CSV_122324.csv,Output\ForecastAccuracy\history\raw_forecasts\2024-12-23_b73ed1aefdaa_2024-12-23_b73ed1aefdaa_Fwd_Demand_CSV_122324.csv,raw_forecasts,b73ed1aefdaaf0b2a696937320e31226fc92755b2a69933ca48123047733266c,2024-12-23,2024-12-23T14:19:45.859577,2026-06-08T18:53:26+00:00,35858,35858,2024-12-24,2024-12-24,9021,26837,718333.0,8194,23282,4382,True,selected_weekly_forecast_key
6baac5842b143745e2ecaa824e0839f5557064f4777210c959013e4e426086e2,2025-01-09_70dd87f731e4_2025-01-09_70dd87f731e4_Fwd_Demand_CSV_1925.csv,Output\ForecastAccuracy\history\raw_forecasts\2025-01-09_70dd87f731e4_2025-01-09_70dd87f731e4_Fwd_Demand_CSV_1925.csv,Output\ForecastAccuracy\history\raw_forecasts\2025-01-09_70dd87f731e4_2025-01-09_70dd87f731e4_Fwd_Demand_CSV_1925.csv,raw_forecasts,70dd87f731e47cc68bda6edfdee3468db9ad88f81582d0216630b984dea5a256,2025-01-09,2025-01-09T14:13:20.037742,2026-06-08T18:53:28+00:00,35859,35859,2025-01-07,2025-01-07,7403,28456,279760.0,11500,19549,4810,True,selected_weekly_forecast_key
734fc5c09c66a185e22891e2f4498f5ce356c6d50d6d2f7cd92341283ef1e390,2025-01-28_eac06acb8208_2025-01-28_eac06acb8208_Fwd_Demand_CSV_12825.csv,Output\ForecastAccuracy\history\raw_forecasts\2025-01-28_eac06acb8208_2025-01-28_eac06acb8208_Fwd_Demand_CSV_12825.csv,Output\ForecastAccuracy\history\raw_forecasts\2025-01-28_eac06acb8208_2025-01-28_eac06acb8208_Fwd_Demand_CSV_12825.csv,raw_forecasts,eac06acb8208bf0e103f4de33cfbea5e3a2e604794bcbfd1e68f4b5f606fd5d0,2025-01-28,2025-01-28T11:12:40.379440,2026-06-08T18:53:30+00:00,40020,40020,2025-01-28,2025-01-28,4662,35358,149968.0,12394,19026,8600,True,selected_weekly_forecast_key
97164362332ca6eda24a513f7f130017158f7c1de15c83906b1018e5cc7501d7,2025-02-04_101ab8bf11cd_2025-02-04_101ab8bf11cd_Fwd_Demand_CSV_2425.csv,Output\ForecastAccuracy\history\raw_forecasts\2025-02-04_101ab8bf11cd_2025-02-04_101ab8bf11cd_Fwd_Demand_CSV_2425.csv,Output\ForecastAccuracy\history\raw_forecasts\2025-02-04_101ab8bf11cd_2025-02-04_101ab8bf11cd_Fwd_Demand_CSV_2425.csv,raw_forecasts,101ab8bf11cd2e6058001f78ba7762f8ec5a2ba2e0b5676743e6fc9aeeea8f67,2025-02-04,2025-02-04T09:56:13.695526,2026-06-08T18:53:32+00:00,40083,40083,2025-02-04,2025-02-04,6047,34036,188676.0,11822,19118,9143,True,selected_weekly_forecast_key
fe4de78523d987920eea486cbdcd1911880404b34e6a29e5c2ae40503075a94b,2025-02-11_2c69239074fe_2025-02-11_2c69239074fe_Fwd_Demand_CSV_21125.csv,Output\ForecastAccuracy\history\raw_forecasts\2025-02-11_2c69239074fe_2025-02-11_2c69239074fe_Fwd_Demand_CSV_21125.csv,Output\ForecastAccuracy\history\raw_forecasts\2025-02-11_2c69239074fe_2025-02-11_2c69239074fe_Fwd_Demand_CSV_21125.csv,raw_forecasts,2c69239074feca185d436c40e883e12dde4babb85648d5336d4e0893311e6d09,2025-02-11,2025-02-11T10:00:00.397177,2026-06-08T18:53:34+00:00,40690,40690,2025-02-11,2025-02-11,9771,30919,217947.0,11681,22614,6395,True,selected_weekly_forecast_key
8379ed0ab6bd3314f03036d2d9ae78c705c05487ccc7cbe5709788fef5ce9c28,2025-02-20_e9f588c8e2d3_2025-02-20_e9f588c8e2d3_Fwd_Demand_CSV_22025.csv,Output\ForecastAccuracy\history\raw_forecasts\2025-02-20_e9f588c8e2d3_2025-02-20_e9f588c8e2d3_Fwd_Demand_CSV_22025.csv,Output\ForecastAccuracy\history\raw_forecasts\2025-02-20_e9f588c8e2d3_2025-02-20_e9f588c8e2d3_Fwd_Demand_CSV_22025.csv,raw_forecasts,e9f588c8e2d3e00ff536188a8852be268d4a9fa8ef55812c4c31b854873086d6,2025-02-20,2025-02-20T10:48:45.816660,2026-06-08T18:53:36+00:00,40364,40364,2025-02-19,2025-02-19,7209,33155,168629.0,10890,22929,6545,True,selected_weekly_forecast_key
95332712651f5c02b795c396f29b3787e5795782e89223bee2a723723a9ffc5c,2025-02-25_1166e8a21480_2025-02-25_1166e8a21480_Fwd_Demand_CSV_22525.csv,Output\ForecastAccuracy\history\raw_forecasts\2025-02-25_1166e8a21480_2025-02-25_1166e8a21480_Fwd_Demand_CSV_22525.csv,Output\ForecastAccuracy\history\raw_forecasts\2025-02-25_1166e8a21480_2025-02-25_1166e8a21480_Fwd_Demand_CSV_22525.csv,raw_forecasts,1166e8a21480ba909a8d5514414332c12ab293d67473b38df1885a50aa90cb45,2025-02-25,2025-02-25T09:37:30.764109,2026-06-08T18:53:38+00:00,40903,40903,2025-02-25,2025-02-25,7758,33145,176805.0,10699,23379,6825,True,selected_weekly_forecast_key
56b296bdd5f6eda0022beeb89ce8e41d28927e5ffb773d92c2ddf658f6df5dd7,2025-03-04_9163bf81862c_2025-03-04_9163bf81862c_Fwd_Demand_CSV_3425.csv,Output\ForecastAccuracy\history\raw_forecasts\2025-03-04_9163bf81862c_2025-03-04_9163bf81862c_Fwd_Demand_CSV_3425.csv,Output\ForecastAccuracy\history\raw_forecasts\2025-03-04_9163bf81862c_2025-03-04_9163bf81862c_Fwd_Demand_CSV_3425.csv,raw_forecasts,9163bf81862c84de84996d452fbb3e45612b05902a13e2a75264d770484cf8c1,2025-03-04,2025-03-04T09:36:17.678957,2026-06-08T18:53:41+00:00,40880,40880,2025-03-04,2025-03-04,7170,33710,211401.0,10461,23524,6895,True,selected_weekly_forecast_key
f2f091b47c681ceb5bd37dc3b7cea4ab06aa5a0605ba9d3f407e51cdaebc51b3,2025-03-12_3f8d8d24820c_2025-03-12_3f8d8d24820c_Fwd_Demand_CSV_31225.csv,Output\ForecastAccuracy\history\raw_forecasts\2025-03-12_3f8d8d24820c_2025-03-12_3f8d8d24820c_Fwd_Demand_CSV_31225.csv,Output\ForecastAccuracy\history\raw_forecasts\2025-03-12_3f8d8d24820c_2025-03-12_3f8d8d24820c_Fwd_Demand_CSV_31225.csv,raw_forecasts,3f8d8d24820c81eb63fff55ad0e5d1d279c87165c4d671ba97075bffff306045,2025-03-12,2025-03-12T12:11:09.619977,2026-06-08T18:53:43+00:00,40945,40945,2025-03-11,2025-03-11,8630,32315,255606.0,10288,23846,6811,True,selected_weekly_forecast_key
5418187f10edd026461bba4a4a5695cfb810707dee672fd25b58abfc3233301b,2025-03-18_90d95ea75feb_2025-03-18_90d95ea75feb_Fwd_Demand_CSV_31825.csv,Output\ForecastAccuracy\history\raw_forecasts\2025-03-18_90d95ea75feb_2025-03-18_90d95ea75feb_Fwd_Demand_CSV_31825.csv,Output\ForecastAccuracy\history\raw_forecasts\2025-03-18_90d95ea75feb_2025-03-18_90d95ea75feb_Fwd_Demand_CSV_31825.csv,raw_forecasts,90d95ea75febb95ccc881e5cb9836d6353d7ac9fb8aed97673ea1492cbf64e98,2025-03-18,2025-03-18T14:10:44.847225,2026-06-08T18:53:45+00:00,42796,42796,2025-03-18,2025-03-18,7843,34953,235674.0,10050,25935,6811,True,selected_weekly_forecast_key
b63dc2a53fdc26f652a5d284b22186c44e03f1ebb843aac561b75c76bfe9442c,2025-03-25_cc465cae508e_2025-03-25_cc465cae508e_Fwd_Demand_CSV_32525.csv,Output\ForecastAccuracy\history\raw_forecasts\2025-03-25_cc465cae508e_2025-03-25_cc465cae508e_Fwd_Demand_CSV_32525.csv,Output\ForecastAccuracy\history\raw_forecasts\2025-03-25_cc465cae508e_2025-03-25_cc465cae508e_Fwd_Demand_CSV_32525.csv,raw_forecasts,cc465cae508e802af6dc626c78bc563e8b443f2cdbdd27bc7d4a50b303b69c47,2025-03-25,2025-03-25T10:13:03.078704,2026-06-08T18:53:47+00:00,43422,43422,2025-03-25,2025-03-25,7281,36141,210921.0,13099,21451,8872,True,selected_weekly_forecast_key
42e73a3613d17c859af44d2446c1e6861b8a8f359a8c0c98a475fb2963575341,2025-04-01_ed04147253d4_2025-04-01_ed04147253d4_Fwd_Demand_CSV_4125.csv,Output\ForecastAccuracy\history\raw_forecasts\2025-04-01_ed04147253d4_2025-04-01_ed04147253d4_Fwd_Demand_CSV_4125.csv,Output\ForecastAccuracy\history\raw_forecasts\2025-04-01_ed04147253d4_2025-04-01_ed04147253d4_Fwd_Demand_CSV_4125.csv,raw_forecasts,ed04147253d46e9b0134c4b774249d83bffb33b7e2fa43a3adb7b1f1741a24d0,2025-04-01,2025-04-01T11:26:00.277381,2026-06-08T18:53:49+00:00,38910,38910,2025-03-28,2025-03-28,7339,31571,217632.0,13042,21846,4022,True,selected_weekly_forecast_key
5eb6e1f4234a214e5f596fda2bef4e25f301c546da1cf67efd232dc738f0bcff,2025-04-15_8100e147d7a9_2025-04-15_8100e147d7a9_Fwd_Demand_CSV_41525.csv,Output\ForecastAccuracy\history\raw_forecasts\2025-04-15_8100e147d7a9_2025-04-15_8100e147d7a9_Fwd_Demand_CSV_41525.csv,Output\ForecastAccuracy\history\raw_forecasts\2025-04-15_8100e147d7a9_2025-04-15_8100e147d7a9_Fwd_Demand_CSV_41525.csv,raw_forecasts,8100e147d7a933c10c1276d6e5eb51f7b3167e25d11005cfa3dd64a27291aae2,2025-04-15,2025-04-15T09:45:54.830093,2026-06-08T18:53:51+00:00,39887,39887,2025-04-15,2025-04-15,8464,31423,299894.0,12250,22331,5306,True,selected_weekly_forecast_key
008db6dadc029cc6a454ffdfb8394487ca84ff7d4578260c61390c164be18c22,2025-04-22_dd3c72ac8b49_2025-04-22_dd3c72ac8b49_Fwd_Demand_CSV42225.csv,Output\ForecastAccuracy\history\raw_forecasts\2025-04-22_dd3c72ac8b49_2025-04-22_dd3c72ac8b49_Fwd_Demand_CSV42225.csv,Output\ForecastAccuracy\history\raw_forecasts\2025-04-22_dd3c72ac8b49_2025-04-22_dd3c72ac8b49_Fwd_Demand_CSV42225.csv,raw_forecasts,dd3c72ac8b496f564e2ff0ff90ebb4ec09c14d1b451c66f7134bc187326f1f53,2025-04-22,2025-04-22T09:24:36.660576,2026-06-08T18:53:53+00:00,38226,38226,2025-04-23,2025-04-23,8632,29594,461026.0,12539,20242,5445,True,selected_weekly_forecast_key
71145b8341d2e2498e9fa8726477ed33485d97ed4e08bd78a3a5159ce4b0c0bb,2025-04-29_395b16a7bba5_2025-04-29_395b16a7bba5_Fwd_Demand_CSV_42925.csv,Output\ForecastAccuracy\history\raw_forecasts\2025-04-29_395b16a7bba5_2025-04-29_395b16a7bba5_Fwd_Demand_CSV_42925.csv,Output\ForecastAccuracy\history\raw_forecasts\2025-04-29_395b16a7bba5_2025-04-29_395b16a7bba5_Fwd_Demand_CSV_42925.csv,raw_forecasts,395b16a7bba57071af654d2e927096f45b5ac54ccbf79b5ba5d73b0a926cf8dd,2025-04-29,2025-04-29T09:53:54.874018,2026-06-08T18:53:55+00:00,39023,39023,2025-04-29,2025-04-29,10979,28044,348780.0,12262,20987,5774,True,selected_weekly_forecast_key
0b48eb1e26fda469e890eb7f27f59ccc42a9e5a0ae61ddbd305c4cdfdcefa225,2025-05-06_336f30cd410a_2025-05-06_336f30cd410a_Fwd_Demand_CSV_5625.csv,Output\ForecastAccuracy\history\raw_forecasts\2025-05-06_336f30cd410a_2025-05-06_336f30cd410a_Fwd_Demand_CSV_5625.csv,Output\ForecastAccuracy\history\raw_forecasts\2025-05-06_336f30cd410a_2025-05-06_336f30cd410a_Fwd_Demand_CSV_5625.csv,raw_forecasts,336f30cd410af3b6c7ae6e0994b235e2fa21defa1b22d258111517428eb1c904,2025-05-06,2025-05-06T11:44:25.612778,2026-06-08T18:53:57+00:00,40602,40602,2025-05-07,2025-05-07,10516,30086,287287.0,11666,21422,7514,True,selected_weekly_forecast_key
2dd32449189ef8b1135bf6a62e8cc7f622b7e18ce7bc679a12fca71b33cef7ea,2025-05-13_deb85f624877_2025-05-13_deb85f624877_Fwd_Demand_CSV_51325.csv,Output\ForecastAccuracy\history\raw_forecasts\2025-05-13_deb85f624877_2025-05-13_deb85f624877_Fwd_Demand_CSV_51325.csv,Output\ForecastAccuracy\history\raw_forecasts\2025-05-13_deb85f624877_2025-05-13_deb85f624877_Fwd_Demand_CSV_51325.csv,raw_forecasts,deb85f62487760d27ced933ac1d88479e60610f4a0ea63b34929eea86ddcb4ae,2025-05-13,2025-05-13T12:44:06.311130,2026-06-08T18:53:59+00:00,41542,41542,2025-05-07,2025-05-07,8937,32605,431807.0,11794,21288,8460,True,selected_weekly_forecast_key
f7d18f6d784f936a053feda943971b56fb5f8a9cf93c2637d034dfe9d8a9b84f,2025-05-15_e2b0b062940b_2025-05-15_e2b0b062940b_Fwd_Demand_CSV_51525.csv,Output\ForecastAccuracy\history\raw_forecasts\2025-05-15_e2b0b062940b_2025-05-15_e2b0b062940b_Fwd_Demand_CSV_51525.csv,Output\ForecastAccuracy\history\raw_forecasts\2025-05-15_e2b0b062940b_2025-05-15_e2b0b062940b_Fwd_Demand_CSV_51525.csv,raw_forecasts,e2b0b062940b5b30a84d096cd0e0c87c69fac729b6c49e5fa50a7bfb9052d506,2025-05-15,2025-05-15T10:53:32.606994,2026-06-08T18:54:01+00:00,41856,41856,2025-05-13,2025-05-13,8937,32919,431807.0,11710,21419,8727,True,selected_weekly_forecast_key
58a792bb9a15808f207c8a7ab7ee0d79c17b29360d0696ab6d40ffa3f6f0376f,2025-05-20_5252b11a2129_2025-05-20_5252b11a2129_Fwd_Demand_CSV52025.csv,Output\ForecastAccuracy\history\raw_forecasts\2025-05-20_5252b11a2129_2025-05-20_5252b11a2129_Fwd_Demand_CSV52025.csv,Output\ForecastAccuracy\history\raw_forecasts\2025-05-20_5252b11a2129_2025-05-20_5252b11a2129_Fwd_Demand_CSV52025.csv,raw_forecasts,5252b11a212925f6120b540fcee4ff45018dd523994b4f797ed3585c95660fc1,2025-05-20,2025-05-20T10:20:01.274772,2026-06-08T18:54:03+00:00,41982,41982,2025-05-20,2025-05-20,8373,33609,380713.0,11294,26625,4063,True,selected_weekly_forecast_key
c0aad83291170262bec694eec2a79b06fd45a0fe32964d521e07543ca81f3e93,2025-05-26_735995862251_2025-05-26_735995862251_Fwd_Demand_CSV_52625.csv,Output\ForecastAccuracy\history\raw_forecasts\2025-05-26_735995862251_2025-05-26_735995862251_Fwd_Demand_CSV_52625.csv,Output\ForecastAccuracy\history\raw_forecasts\2025-05-26_735995862251_2025-05-26_735995862251_Fwd_Demand_CSV_52625.csv,raw_forecasts,735995862251475bd167015253d622faeec935b06be3025de511c7db5a2d7952,2025-05-26,2025-05-26T10:05:52.754281,2026-06-08T18:54:05+00:00,42061,42061,2025-05-27,2025-05-27,6716,35345,203302.0,11022,26930,4109,True,selected_weekly_forecast_key
ea1d7cfac2ca0e9cf29ef7f8da583b2537470c53dbbdb32bb50b19315b74fb71,2025-06-04_12a4ec744266_2025-06-04_12a4ec744266_Fwd_Demand_CSV_6425.csv,Output\ForecastAccuracy\history\raw_forecasts\2025-06-04_12a4ec744266_2025-06-04_12a4ec744266_Fwd_Demand_CSV_6425.csv,Output\ForecastAccuracy\history\raw_forecasts\2025-06-04_12a4ec744266_2025-06-04_12a4ec744266_Fwd_Demand_CSV_6425.csv,raw_forecasts,12a4ec7442667d2415b85634ee373ba1a328aa8255e9f39717351efea4fc010d,2025-06-04,2025-06-04T09:28:12.541973,2026-06-08T18:54:08+00:00,43183,43183,2025-06-04,2025-06-04,10125,33058,361240.0,10330,28721,4132,True,selected_weekly_forecast_key
0bad631bafd0804a9e7305f50bbf868f151e3b94047a79f0e19386c01e8e1bd2,2025-06-11_37ce3116cc80_2025-06-11_37ce3116cc80_Fwd_Demand_CSV_61125.csv,Output\ForecastAccuracy\history\raw_forecasts\2025-06-11_37ce3116cc80_2025-06-11_37ce3116cc80_Fwd_Demand_CSV_61125.csv,Output\ForecastAccuracy\history\raw_forecasts\2025-06-11_37ce3116cc80_2025-06-11_37ce3116cc80_Fwd_Demand_CSV_61125.csv,raw_forecasts,37ce3116cc80e44a10192a77e5fd25e96463b8795fa2b9d8be63de7bdbd58ee4,2025-06-11,2025-06-11T10:02:55.924406,2026-06-08T18:54:10+00:00,42853,42853,2025-06-10,2025-06-10,8085,34768,251147.0,10442,27785,4626,True,selected_weekly_forecast_key
b90b6f25a0e753ee546130043cf0b045650c816db05c5be6e7e0876f4ed22e27,2025-06-17_f0c6e2e4ce92_2025-06-17_f0c6e2e4ce92_Fwd_Demand_CSV_61725.csv,Output\ForecastAccuracy\history\raw_forecasts\2025-06-17_f0c6e2e4ce92_2025-06-17_f0c6e2e4ce92_Fwd_Demand_CSV_61725.csv,Output\ForecastAccuracy\history\raw_forecasts\2025-06-17_f0c6e2e4ce92_2025-06-17_f0c6e2e4ce92_Fwd_Demand_CSV_61725.csv,raw_forecasts,f0c6e2e4ce92ed56c4a60be8ac85837e4bc73c3c77ca58388736cf00427be5cd,2025-06-17,2025-06-17T09:18:08.399440,2026-06-08T18:54:12+00:00,42872,42872,2025-06-17,2025-06-17,10006,32866,435480.0,10264,28027,4581,True,selected_weekly_forecast_key
3c77137c4fb22b376f17c57e178d715f095f877f3dd47c82a5a7e787719e3996,2025-06-24_a94bac39585d_2025-06-24_a94bac39585d_Fwd_Demand_CSV_62425.csv,Output\ForecastAccuracy\history\raw_forecasts\2025-06-24_a94bac39585d_2025-06-24_a94bac39585d_Fwd_Demand_CSV_62425.csv,Output\ForecastAccuracy\history\raw_forecasts\2025-06-24_a94bac39585d_2025-06-24_a94bac39585d_Fwd_Demand_CSV_62425.csv,raw_forecasts,a94bac39585dc5e9357e21a0fa64a0c1a12ecae3d1f5818f3e11483ed163d7fb,2025-06-24,2025-06-24T09:54:39.211241,2026-06-08T18:54:15+00:00,42988,42988,2025-06-24,2025-06-24,9621,33367,558135.0,9863,28288,4837,True,selected_weekly_forecast_key
913d1875204661b31b0d888ae9f2091e821e8c37c1235faf725c16c2d4974622,2025-07-01_c67017063b4a_2025-07-01_c67017063b4a_Fwd_Demand_CSV_7125.csv,Output\ForecastAccuracy\history\raw_forecasts\2025-07-01_c67017063b4a_2025-07-01_c67017063b4a_Fwd_Demand_CSV_7125.csv,Output\ForecastAccuracy\history\raw_forecasts\2025-07-01_c67017063b4a_2025-07-01_c67017063b4a_Fwd_Demand_CSV_7125.csv,raw_forecasts,c67017063b4a6b129ede8cdc30eca853d5e5981f4299277e916fa9ff83f7e0b3,2025-07-01,2025-07-01T11:05:02.258903,2026-06-08T18:54:17+00:00,43058,43058,2025-07-01,2025-07-01,10216,32842,443421.0,13438,24785,4835,True,selected_weekly_forecast_key
ddf3656c930de1f47602b0a022824a2db09e29ec691532e9c56fda427668f1df,2025-07-08_a543cfca3f77_2025-07-08_a543cfca3f77_Fwd_Demand_CSV_7825.csv,Output\ForecastAccuracy\history\raw_forecasts\2025-07-08_a543cfca3f77_2025-07-08_a543cfca3f77_Fwd_Demand_CSV_7825.csv,Output\ForecastAccuracy\history\raw_forecasts\2025-07-08_a543cfca3f77_2025-07-08_a543cfca3f77_Fwd_Demand_CSV_7825.csv,raw_forecasts,a543cfca3f77964856f89ee61a1fe5f092ab867814c29a31b79e262ec6c581ca,2025-07-08,2025-07-08T11:22:53.836412,2026-06-08T18:54:19+00:00,43860,43860,2025-07-07,2025-07-07,9857,34003,330072.0,12571,26717,4572,True,selected_weekly_forecast_key
982b0a477c9a8417df5d239cbf33e0ec8bd60aa0dc287fd2ea60fb6185cea95d,2025-07-15_c5094ad66d9c_2025-07-15_c5094ad66d9c_Fwd_Demand_CSV_71525.csv,Output\ForecastAccuracy\history\raw_forecasts\2025-07-15_c5094ad66d9c_2025-07-15_c5094ad66d9c_Fwd_Demand_CSV_71525.csv,Output\ForecastAccuracy\history\raw_forecasts\2025-07-15_c5094ad66d9c_2025-07-15_c5094ad66d9c_Fwd_Demand_CSV_71525.csv,raw_forecasts,c5094ad66d9c2f2fa754f441c4f7cb0cee19b508a48600af3b0e8c470eb0d557,2025-07-15,2025-07-15T10:18:05.342779,2026-06-08T18:54:21+00:00,44521,44521,2025-07-15,2025-07-15,7006,37515,227087.0,11604,27054,5863,True,selected_weekly_forecast_key
951327c4eeb32dcd9d6a3593534cb6fed6afccf4510cef4b2457dcf9cacf2c14,2025-07-22_c204475eaf92_2025-07-22_c204475eaf92_Fwd_Demand_CSV_72225.csv,Output\ForecastAccuracy\history\raw_forecasts\2025-07-22_c204475eaf92_2025-07-22_c204475eaf92_Fwd_Demand_CSV_72225.csv,Output\ForecastAccuracy\history\raw_forecasts\2025-07-22_c204475eaf92_2025-07-22_c204475eaf92_Fwd_Demand_CSV_72225.csv,raw_forecasts,c204475eaf929f15393e54529379ed44b01ed94aa9af2f4b6dd46d4c4f40172f,2025-07-22,2025-07-22T15:57:47.742815,2026-06-08T18:54:23+00:00,45476,45476,2025-07-23,2025-07-23,8310,37166,218452.0,11057,31013,3406,True,selected_weekly_forecast_key
423939bc8bc80b788bf36c02f712d57e982d0e825ebca3f5e9ec03f87062e769,2025-08-05_f04046d0bc7d_2025-08-05_f04046d0bc7d_Fwd_Demand_CSV_8525.csv,Output\ForecastAccuracy\history\raw_forecasts\2025-08-05_f04046d0bc7d_2025-08-05_f04046d0bc7d_Fwd_Demand_CSV_8525.csv,Output\ForecastAccuracy\history\raw_forecasts\2025-08-05_f04046d0bc7d_2025-08-05_f04046d0bc7d_Fwd_Demand_CSV_8525.csv,raw_forecasts,f04046d0bc7d8ff57c3830a1ddee1542b1b12631ffc1a4a4df8a8d71760aa034,2025-08-05,2025-08-05T15:17:00.460173,2026-06-08T18:54:26+00:00,45756,45756,2025-08-05,2025-08-05,8979,36777,213044.0,11311,31101,3344,True,selected_weekly_forecast_key
23f7c1eb493e0cf97e8d7da51a9de4b333aca93aa44e09f65e3cbbaf1e2c2173,2025-08-13_28b5620d4662_2025-08-13_28b5620d4662_Fwd_Demand_CSV_81325.csv,Output\ForecastAccuracy\history\raw_forecasts\2025-08-13_28b5620d4662_2025-08-13_28b5620d4662_Fwd_Demand_CSV_81325.csv,Output\ForecastAccuracy\history\raw_forecasts\2025-08-13_28b5620d4662_2025-08-13_28b5620d4662_Fwd_Demand_CSV_81325.csv,raw_forecasts,28b5620d4662fdd73e1ae9b6a8e58f40eb33d7548e1982c6fbbf2050775cde8e,2025-08-13,2025-08-13T14:37:52.941577,2026-06-08T18:54:28+00:00,49256,49256,2025-08-12,2025-08-12,9068,40188,272000.0,10985,32938,5333,True,selected_weekly_forecast_key
3ac4f712ed5f5168588d253ee997098f896acd50ac38df314c7799feeed88390,2025-08-19_35a5ee7d12be_2025-08-19_35a5ee7d12be_Fwd_Demand_CSV_81925.csv,Output\ForecastAccuracy\history\raw_forecasts\2025-08-19_35a5ee7d12be_2025-08-19_35a5ee7d12be_Fwd_Demand_CSV_81925.csv,Output\ForecastAccuracy\history\raw_forecasts\2025-08-19_35a5ee7d12be_2025-08-19_35a5ee7d12be_Fwd_Demand_CSV_81925.csv,raw_forecasts,35a5ee7d12be9d71b1778ab2cc7237273c1cb1db238e0d5b38906a9503223333,2025-08-19,2025-08-19T09:39:43.245702,2026-06-08T18:54:31+00:00,49609,49609,2025-08-19,2025-08-19,10720,38889,429907.0,10778,33316,5515,True,selected_weekly_forecast_key
2b2efab2254e9524d1e0b0bd1b2504922847263d7f1cd2ee03aec19748063f7d,2025-08-28_b39aa417a01c_2025-08-28_b39aa417a01c_Fwd_Demand_CSV_82825.csv,Output\ForecastAccuracy\history\raw_forecasts\2025-08-28_b39aa417a01c_2025-08-28_b39aa417a01c_Fwd_Demand_CSV_82825.csv,Output\ForecastAccuracy\history\raw_forecasts\2025-08-28_b39aa417a01c_2025-08-28_b39aa417a01c_Fwd_Demand_CSV_82825.csv,raw_forecasts,b39aa417a01c7efc8cc5e24edd11bda6bc2d9a55498bcbcc00e099a6b18d2b8a,2025-08-28,2025-08-28T09:50:30.449290,2026-06-08T18:54:33+00:00,49626,49626,2025-08-19,2025-08-19,9481,40145,415179.0,10507,33577,5542,True,selected_weekly_forecast_key
7d83740a8bd5c4f31b24dfe09b7e42e43729b9bb1b04811304a4cb4ce449c51d,2025-09-03_a7f0c7fe9644_2025-09-03_a7f0c7fe9644_Fwd_Demand_CSV_9325.csv,Output\ForecastAccuracy\history\raw_forecasts\2025-09-03_a7f0c7fe9644_2025-09-03_a7f0c7fe9644_Fwd_Demand_CSV_9325.csv,Output\ForecastAccuracy\history\raw_forecasts\2025-09-03_a7f0c7fe9644_2025-09-03_a7f0c7fe9644_Fwd_Demand_CSV_9325.csv,raw_forecasts,a7f0c7fe9644c1f5fcbb0d2530a25e16a92b8fe370a8c441f47818bfd97a51ee,2025-09-03,2025-09-03T12:27:09.163877,2026-06-08T18:54:35+00:00,49518,49518,2025-09-03,2025-09-03,9331,40187,210883.0,13876,30501,5141,True,selected_weekly_forecast_key
35b7613706b8e7dc1e413592078d9253d6e06673c0b58f4220d56bbd2946653b,2025-09-09_3889242e0c63_2025-09-09_3889242e0c63_Fwd_Demand_CSV_9925.csv,Output\ForecastAccuracy\history\raw_forecasts\2025-09-09_3889242e0c63_2025-09-09_3889242e0c63_Fwd_Demand_CSV_9925.csv,Output\ForecastAccuracy\history\raw_forecasts\2025-09-09_3889242e0c63_2025-09-09_3889242e0c63_Fwd_Demand_CSV_9925.csv,raw_forecasts,3889242e0c631d3a2dc6c1bd839e1d3af854ffb5c02ec091ffdc8dbde5911eff,2025-09-09,2025-09-09T12:40:35.674348,2026-06-08T18:54:38+00:00,49171,49171,2025-09-09,2025-09-09,9203,39968,261730.0,13573,30806,4792,True,selected_weekly_forecast_key
742d4631aa4c49c22f2e07809c4f1481174a0ad73afadf620f25508f79981e72,2025-09-16_8cf98c15d779_2025-09-16_8cf98c15d779_Fwd_Demand_CSV_91625.csv,Output\ForecastAccuracy\history\raw_forecasts\2025-09-16_8cf98c15d779_2025-09-16_8cf98c15d779_Fwd_Demand_CSV_91625.csv,Output\ForecastAccuracy\history\raw_forecasts\2025-09-16_8cf98c15d779_2025-09-16_8cf98c15d779_Fwd_Demand_CSV_91625.csv,raw_forecasts,8cf98c15d779587382d34dcf4e9c7c3d1aad05575d271ff2d6f4170c2611c5c5,2025-09-16,2025-09-16T15:44:35.343585,2026-06-08T18:54:39+00:00,49492,49492,2025-09-16,2025-09-16,8889,40603,285920.0,13826,30392,5274,True,selected_weekly_forecast_key
a7ff5f41a15524fda0ac6faec56c71973b6c3a52d7a202011d008cbc71a5395b,2025-09-23_67e8f71dbdf5_2025-09-23_67e8f71dbdf5_Fwd_Demand_CSV_92325.csv,Output\ForecastAccuracy\history\raw_forecasts\2025-09-23_67e8f71dbdf5_2025-09-23_67e8f71dbdf5_Fwd_Demand_CSV_92325.csv,Output\ForecastAccuracy\history\raw_forecasts\2025-09-23_67e8f71dbdf5_2025-09-23_67e8f71dbdf5_Fwd_Demand_CSV_92325.csv,raw_forecasts,67e8f71dbdf56b36a5fcc8e677a5b43c0bd772b027cc7929f2b96e18b56e4324,2025-09-23,2025-09-23T12:07:48.996084,2026-06-08T18:54:41+00:00,48924,48924,2025-09-22,2025-09-22,10236,38688,267841.0,13749,29323,5852,True,selected_weekly_forecast_key
e57ab3b22b6629475ce19ea01998ae6c5fb586e974341126be836aa0c0325b32,2025-09-30_9f02ff592bd0_2025-09-30_9f02ff592bd0_Fwd_Demand_CSV_93025.csv,Output\ForecastAccuracy\history\raw_forecasts\2025-09-30_9f02ff592bd0_2025-09-30_9f02ff592bd0_Fwd_Demand_CSV_93025.csv,Output\ForecastAccuracy\history\raw_forecasts\2025-09-30_9f02ff592bd0_2025-09-30_9f02ff592bd0_Fwd_Demand_CSV_93025.csv,raw_forecasts,9f02ff592bd09591738fa947d21e5c210e756ff30d806820c3decd325c45ac2d,2025-09-30,2025-09-30T15:34:03.610131,2026-06-08T18:54:43+00:00,52141,52141,2025-09-29,2025-09-29,13395,38746,457891.0,13616,33965,4560,True,selected_weekly_forecast_key
ef194b5f3f1abf573876741125fd98f2e92f6f731d1435f479a0b145f7dc7ee3,2025-10-07_ccc7e4c4cbbb_2025-10-07_ccc7e4c4cbbb_Fwd_Demand_CSV_10725.csv,Output\ForecastAccuracy\history\raw_forecasts\2025-10-07_ccc7e4c4cbbb_2025-10-07_ccc7e4c4cbbb_Fwd_Demand_CSV_10725.csv,Output\ForecastAccuracy\history\raw_forecasts\2025-10-07_ccc7e4c4cbbb_2025-10-07_ccc7e4c4cbbb_Fwd_Demand_CSV_10725.csv,raw_forecasts,ccc7e4c4cbbb9d6b24a3058d26180266c776bfbfdb6878920367bd4f15e5f04b,2025-10-07,2025-10-07T16:02:09.999877,2026-06-08T18:54:45+00:00,52530,52530,2025-10-07,2025-10-07,13030,39500,769745.0,13527,35191,3812,True,selected_weekly_forecast_key
6bd4daf6f8c3426ecba969bbf0a9edad4927d26de9faf24a66976b181349d028,2025-10-21_a5343cc46c05_2025-10-21_a5343cc46c05_Fwd_Demand_CSV_102125.csv,Output\ForecastAccuracy\history\raw_forecasts\2025-10-21_a5343cc46c05_2025-10-21_a5343cc46c05_Fwd_Demand_CSV_102125.csv,Output\ForecastAccuracy\history\raw_forecasts\2025-10-21_a5343cc46c05_2025-10-21_a5343cc46c05_Fwd_Demand_CSV_102125.csv,raw_forecasts,a5343cc46c055e0ca10159b252ebebbb2dd70bd151c28bb43caab9e4d0eb48e1,2025-10-21,2025-10-21T12:58:47.269440,2026-06-08T18:54:48+00:00,52927,52927,2025-10-21,2025-10-21,12212,40715,460176.0,13134,35536,4257,True,selected_weekly_forecast_key
51719c70906b517347908eedcfb6f531efd94af833733b43594d72c995f7eb1a,2025-10-28_316820550aaa_2025-10-28_316820550aaa_Fwd_Demand_CSV_102825.csv,Output\ForecastAccuracy\history\raw_forecasts\2025-10-28_316820550aaa_2025-10-28_316820550aaa_Fwd_Demand_CSV_102825.csv,Output\ForecastAccuracy\history\raw_forecasts\2025-10-28_316820550aaa_2025-10-28_316820550aaa_Fwd_Demand_CSV_102825.csv,raw_forecasts,316820550aaa16aa08dd0616c69fd6a21fceacfc450a9736156ca361fae6256c,2025-10-28,2025-10-28T14:14:02.561561,2026-06-08T18:54:50+00:00,52041,52041,2025-10-28,2025-10-28,13395,38646,559099.0,12808,34947,4286,True,selected_weekly_forecast_key
bcfe6f67aabccd6b1ab9aae093697852e31dc739fd3fff625a622c1f03784dc8,2025-11-04_23aa0b34ff64_2025-11-04_23aa0b34ff64_Fwd_Demand_CSV_11425.csv,Output\ForecastAccuracy\history\raw_forecasts\2025-11-04_23aa0b34ff64_2025-11-04_23aa0b34ff64_Fwd_Demand_CSV_11425.csv,Output\ForecastAccuracy\history\raw_forecasts\2025-11-04_23aa0b34ff64_2025-11-04_23aa0b34ff64_Fwd_Demand_CSV_11425.csv,raw_forecasts,23aa0b34ff64e8d344c7903aab392cd34178a1872c908836a20b148b2ff37d1b,2025-11-04,2025-11-04T09:52:42.135269,2026-06-08T18:54:52+00:00,52263,52263,2025-11-04,2025-11-04,9085,43178,569721.0,12327,35147,4789,True,selected_weekly_forecast_key
1845b457ca81abf0c4681022336e8bdf25e636d050bb86dd91f75a013687f8e6,2025-11-11_365c4ff815d1_2025-11-11_365c4ff815d1_Fwd_Demand_CSV_111125.csv,Output\ForecastAccuracy\history\raw_forecasts\2025-11-11_365c4ff815d1_2025-11-11_365c4ff815d1_Fwd_Demand_CSV_111125.csv,Output\ForecastAccuracy\history\raw_forecasts\2025-11-11_365c4ff815d1_2025-11-11_365c4ff815d1_Fwd_Demand_CSV_111125.csv,raw_forecasts,365c4ff815d1aa3e021c2da629f0b45a149f493cbdc51d56ae0c7e89986ddfa4,2025-11-11,2025-11-11T08:32:31.695238,2026-06-08T18:54:53+00:00,52379,52379,2025-11-11,2025-11-11,12537,39842,747420.0,12078,36831,3470,True,selected_weekly_forecast_key
764844b9a2fd91e884b2cb7fdc5c8c103bfbfbab0e3470ee0604e707a38c83ee,2025-11-18_05a49491ec8b_2025-11-18_05a49491ec8b_Fwd_Demand_CSV_111825.csv,Output\ForecastAccuracy\history\raw_forecasts\2025-11-18_05a49491ec8b_2025-11-18_05a49491ec8b_Fwd_Demand_CSV_111825.csv,Output\ForecastAccuracy\history\raw_forecasts\2025-11-18_05a49491ec8b_2025-11-18_05a49491ec8b_Fwd_Demand_CSV_111825.csv,raw_forecasts,05a49491ec8b27ae14cd7666a29c2393d4577af1860cd99d82ff33a70071ab88,2025-11-18,2025-11-18T10:26:39.082969,2026-06-08T18:54:55+00:00,52648,52648,2025-11-18,2025-11-18,14219,38429,1119607.0,12610,36967,3071,True,selected_weekly_forecast_key
82e20aca38e8fe65c56e0816c4b64f9bb531d3a1391d801a11458b0deab25daa,2025-11-30_e170ff57e3e5_2025-11-30_e170ff57e3e5_Fwd_Demand_CSV_113025.csv,Output\ForecastAccuracy\history\raw_forecasts\2025-11-30_e170ff57e3e5_2025-11-30_e170ff57e3e5_Fwd_Demand_CSV_113025.csv,Output\ForecastAccuracy\history\raw_forecasts\2025-11-30_e170ff57e3e5_2025-11-30_e170ff57e3e5_Fwd_Demand_CSV_113025.csv,raw_forecasts,e170ff57e3e50e14a0c8afae1d70f0e66d0248c80c46e04ee043b9c1e672a0f4,2025-11-30,2025-11-30T07:29:47.596040,2026-06-08T18:54:57+00:00,51400,51400,2025-11-25,2025-11-25,12565,38835,1024888.0,12263,36151,2986,True,selected_weekly_forecast_key
338be0ca7d67a6ea1f6b0acdf88feabbbe26d43e0cf7c4ea524f2b265f56b422,2025-12-02_e1e0a3090271_2025-12-02_e1e0a3090271_Fwd_Demand_CSV_12225.csv,Output\ForecastAccuracy\history\raw_forecasts\2025-12-02_e1e0a3090271_2025-12-02_e1e0a3090271_Fwd_Demand_CSV_12225.csv,Output\ForecastAccuracy\history\raw_forecasts\2025-12-02_e1e0a3090271_2025-12-02_e1e0a3090271_Fwd_Demand_CSV_12225.csv,raw_forecasts,e1e0a3090271c7d2c145ef4b82ed812584ac19fc893a8a62d053b27fdd779e2f,2025-12-02,2025-12-02T07:48:14.485614,2026-06-08T18:54:58+00:00,52113,52113,2025-12-02,2025-12-02,11034,41079,636044.0,11166,37699,3248,True,selected_weekly_forecast_key
10b25b52de95abe5e0a0afcc678d0da302ae019c0c5a2107bc742b53bf28944b,2025-12-09_a5e2936c1b3e_2025-12-09_a5e2936c1b3e_Fwd_Demand_CSV_12925.csv,Output\ForecastAccuracy\history\raw_forecasts\2025-12-09_a5e2936c1b3e_2025-12-09_a5e2936c1b3e_Fwd_Demand_CSV_12925.csv,Output\ForecastAccuracy\history\raw_forecasts\2025-12-09_a5e2936c1b3e_2025-12-09_a5e2936c1b3e_Fwd_Demand_CSV_12925.csv,raw_forecasts,a5e2936c1b3e25f1de6bcbb7a3d9b50c8dd0d85e098633b27624d8d6e76258e0,2025-12-09,2025-12-09T09:38:35.975504,2026-06-08T18:55:00+00:00,51801,51801,2025-12-09,2025-12-09,9314,42487,547140.0,10732,37042,4027,True,selected_weekly_forecast_key
37d469319ef18eceb629f8c9244f813f916688552877df8a11dd802a13b99349,2025-12-17_a9c57e0f397a_2025-12-17_a9c57e0f397a_Fwd_Demand_CSV_121725.csv,Output\ForecastAccuracy\history\raw_forecasts\2025-12-17_a9c57e0f397a_2025-12-17_a9c57e0f397a_Fwd_Demand_CSV_121725.csv,Output\ForecastAccuracy\history\raw_forecasts\2025-12-17_a9c57e0f397a_2025-12-17_a9c57e0f397a_Fwd_Demand_CSV_121725.csv,raw_forecasts,a9c57e0f397af27f0101f49078c7099408392ecb524d0ab659c0d071de94664c,2025-12-17,2025-12-17T10:25:38.568089,2026-06-08T18:55:02+00:00,51741,51741,2025-12-16,2025-12-16,9144,42597,396992.0,10368,37346,4027,True,selected_weekly_forecast_key
255753817db2673cd09d2e9325d251092e00aef29b1b1fd92e1803af39fea564,2025-12-23_29d23eb103bd_2025-12-23_29d23eb103bd_Fwd_Demand_CSV_122325.csv,Output\ForecastAccuracy\history\raw_forecasts\2025-12-23_29d23eb103bd_2025-12-23_29d23eb103bd_Fwd_Demand_CSV_122325.csv,Output\ForecastAccuracy\history\raw_forecasts\2025-12-23_29d23eb103bd_2025-12-23_29d23eb103bd_Fwd_Demand_CSV_122325.csv,raw_forecasts,29d23eb103bddbdf53f14c388ba0c964710469517c2995a02632146fe7660ddc,2025-12-23,2025-12-23T11:23:30.939602,2026-06-08T18:55:03+00:00,46577,46577,2025-12-23,2025-12-23,10088,36489,499627.0,11353,31193,4031,True,selected_weekly_forecast_key
f7d7380cc1ca742b098baa794847b192389592b5babd47261c520fa04884edc3,2025-12-30_fa15df7218c6_2025-12-30_fa15df7218c6_Fwd_Demand_CSV_123025.csv,Output\ForecastAccuracy\history\raw_forecasts\2025-12-30_fa15df7218c6_2025-12-30_fa15df7218c6_Fwd_Demand_CSV_123025.csv,Output\ForecastAccuracy\history\raw_forecasts\2025-12-30_fa15df7218c6_2025-12-30_fa15df7218c6_Fwd_Demand_CSV_123025.csv,raw_forecasts,fa15df7218c6e8ef53087b124ac38ed2bfea9528df8a388b8467aec0f5e1830b,2025-12-30,2025-12-30T10:03:59.527875,2026-06-08T18:55:05+00:00,46627,46627,2025-12-30,2025-12-30,10782,35845,422869.0,11064,31515,4048,True,selected_weekly_forecast_key
242cf471f204f65e2c49b88bee477b296a765a46231045c6241a227036413756,2026-01-09_01ebf5735bcd_2026-01-09_01ebf5735bcd_Fwd_Demand_CSV_1926.csv,Output\ForecastAccuracy\history\raw_forecasts\2026-01-09_01ebf5735bcd_2026-01-09_01ebf5735bcd_Fwd_Demand_CSV_1926.csv,Output\ForecastAccuracy\history\raw_forecasts\2026-01-09_01ebf5735bcd_2026-01-09_01ebf5735bcd_Fwd_Demand_CSV_1926.csv,raw_forecasts,01ebf5735bcd31f2cf6cf2fad1af5b69d0c14fdd0edbd7c0e9981aa16148b02b,2026-01-09,2026-01-09T10:00:49.745363,2026-06-08T18:55:06+00:00,46668,46668,2026-01-07,2026-01-07,6805,39863,222930.0,10152,32484,4032,True,selected_weekly_forecast_key
956a8c3c9dd9e3123c4ca63367cb11b5cfc8b2eff8e283dea1f0c1789e1e3627,2026-01-12_d9ea4442ac69_2026-01-12_d9ea4442ac69_Fwd_Demand_CSV_11226.csv,Output\ForecastAccuracy\history\raw_forecasts\2026-01-12_d9ea4442ac69_2026-01-12_d9ea4442ac69_Fwd_Demand_CSV_11226.csv,Output\ForecastAccuracy\history\raw_forecasts\2026-01-12_d9ea4442ac69_2026-01-12_d9ea4442ac69_Fwd_Demand_CSV_11226.csv,raw_forecasts,d9ea4442ac6907485d67f9d73432ab15f52d1aa60bcd98b9ea17da8fb29e20e1,2026-01-12,2026-01-12T14:57:11.924630,2026-06-08T18:55:08+00:00,51092,51092,2026-01-13,2026-01-13,6894,44198,148085.0,10044,37047,4001,True,selected_weekly_forecast_key
362fe88b79a25d88bb2901d780ce39f4958b29f7d9aaf1f083190dde2b4024e4,2026-01-20_d361c7061a9b_2026-01-20_d361c7061a9b_Fwd_Demand_CSV_12026.csv,Output\ForecastAccuracy\history\raw_forecasts\2026-01-20_d361c7061a9b_2026-01-20_d361c7061a9b_Fwd_Demand_CSV_12026.csv,Output\ForecastAccuracy\history\raw_forecasts\2026-01-20_d361c7061a9b_2026-01-20_d361c7061a9b_Fwd_Demand_CSV_12026.csv,raw_forecasts,d361c7061a9baefc14d50f245de8593c215b84e65be01f093beb1ab3a71d2834,2026-01-20,2026-01-20T16:39:28.698569,2026-06-08T18:55:10+00:00,49402,49402,2026-01-21,2026-01-21,5620,43782,111159.0,12455,32516,4431,True,selected_weekly_forecast_key
95fd2bc65a62914546fe55c2b3aecdb0c0dcec27750c28ce3b3d2a7130f756df,2026-01-29_509b711b303c_2026-01-29_509b711b303c_Fwd_Demand_CSV_12926.csv,Output\ForecastAccuracy\history\raw_forecasts\2026-01-29_509b711b303c_2026-01-29_509b711b303c_Fwd_Demand_CSV_12926.csv,Output\ForecastAccuracy\history\raw_forecasts\2026-01-29_509b711b303c_2026-01-29_509b711b303c_Fwd_Demand_CSV_12926.csv,raw_forecasts,509b711b303cfb2d667ed49f10616d0ef759b001ef32f0879da94cb0faae0f37,2026-01-29,2026-01-29T10:10:02.206807,2026-06-08T18:55:12+00:00,51535,51535,2026-01-27,2026-01-27,5420,46115,119824.0,12164,31522,7849,True,selected_weekly_forecast_key
466287bf572c71b28c65c8700c8ad18b3eeca92c68bb7ed8752a575416af9463,2026-02-03_9835d6a82392_2026-02-03_9835d6a82392_Fwd_Demand_CSV_2326.csv,Output\ForecastAccuracy\history\raw_forecasts\2026-02-03_9835d6a82392_2026-02-03_9835d6a82392_Fwd_Demand_CSV_2326.csv,Output\ForecastAccuracy\history\raw_forecasts\2026-02-03_9835d6a82392_2026-02-03_9835d6a82392_Fwd_Demand_CSV_2326.csv,raw_forecasts,9835d6a823926235e3902d8abadef7322793ff2f03342d647f9f455ff630244d,2026-02-03,2026-02-03T14:10:18.994360,2026-06-08T18:55:14+00:00,51188,51188,2026-02-03,2026-02-03,5984,45204,177241.0,11711,33462,6015,True,selected_weekly_forecast_key
ce879d7639da118a3ad71500628ce068af9149b013315aead8ec1d57563a1853,2026-02-10_9e91a0f1ee61_2026-02-10_9e91a0f1ee61_Fwd_Demand_CSV_21026.csv,Output\ForecastAccuracy\history\raw_forecasts\2026-02-10_9e91a0f1ee61_2026-02-10_9e91a0f1ee61_Fwd_Demand_CSV_21026.csv,Output\ForecastAccuracy\history\raw_forecasts\2026-02-10_9e91a0f1ee61_2026-02-10_9e91a0f1ee61_Fwd_Demand_CSV_21026.csv,raw_forecasts,9e91a0f1ee61186f12dc5ef10c9bac1fff37bbbdfa6800dfccd0d1737cdf23ef,2026-02-10,2026-02-10T10:20:58.753794,2026-06-08T18:55:15+00:00,32771,32771,2026-02-10,2026-02-10,6116,26655,178450.0,11793,15092,5886,True,selected_weekly_forecast_key
8d1ee8adb3cc7180fb05db1d386ecccfa1433502769b5f487f54b062872ade27,2026-02-17_6d99a84b6e6c_2026-02-17_6d99a84b6e6c_Fwd_Demand_CSV_21726.csv,Output\ForecastAccuracy\history\raw_forecasts\2026-02-17_6d99a84b6e6c_2026-02-17_6d99a84b6e6c_Fwd_Demand_CSV_21726.csv,Output\ForecastAccuracy\history\raw_forecasts\2026-02-17_6d99a84b6e6c_2026-02-17_6d99a84b6e6c_Fwd_Demand_CSV_21726.csv,raw_forecasts,6d99a84b6e6c5f2c824f018ea998d12e9cedf8fdb14e1a6e31fbacce4ab2a667,2026-02-17,2026-02-17T15:50:09.347939,2026-06-08T18:55:16+00:00,32168,32168,2026-02-18,2026-02-18,5907,26261,178651.0,11516,14665,5987,True,selected_weekly_forecast_key
9649a8a4064bb8a56e4020845fec1cd03b424dfc72d5c6a0df1dca9edbaad990,2026-02-26_641359bb5864_2026-02-26_641359bb5864_Fwd_Demand_CSV_22626.csv,Output\ForecastAccuracy\history\raw_forecasts\2026-02-26_641359bb5864_2026-02-26_641359bb5864_Fwd_Demand_CSV_22626.csv,Output\ForecastAccuracy\history\raw_forecasts\2026-02-26_641359bb5864_2026-02-26_641359bb5864_Fwd_Demand_CSV_22626.csv,raw_forecasts,641359bb58640771fb2a14dd5df660261cb0474da4d756c1b88c0919ad47c736,2026-02-26,2026-02-26T11:21:26.866232,2026-06-08T18:55:17+00:00,31331,31331,2026-02-24,2026-02-24,5425,25906,178109.0,11103,14224,6004,True,selected_weekly_forecast_key
003697153af9869116d7d485e8e43c72ff37632c0b52257358e67cce5864c2e3,2026-03-03_667539a74a93_2026-03-03_667539a74a93_Fwd_Demand_CSV_3326.csv,Output\ForecastAccuracy\history\raw_forecasts\2026-03-03_667539a74a93_2026-03-03_667539a74a93_Fwd_Demand_CSV_3326.csv,Output\ForecastAccuracy\history\raw_forecasts\2026-03-03_667539a74a93_2026-03-03_667539a74a93_Fwd_Demand_CSV_3326.csv,raw_forecasts,667539a74a93de3bb7875b3d5831948e55d085eb07bd268b89d6f0d92edf0162,2026-03-03,2026-03-03T12:16:10.809564,2026-06-08T18:55:19+00:00,30703,30703,2026-03-03,2026-03-03,5100,25603,202167.0,10880,13791,6032,True,selected_weekly_forecast_key
f1abfc7f10559a3e11bbd029acead8e56c3540a6a5601c7a7053a6a3ec552940,2026-03-10_53c52fa02abb_2026-03-10_53c52fa02abb_Fwd_Demand_CSV_31026.csv,Output\ForecastAccuracy\history\raw_forecasts\2026-03-10_53c52fa02abb_2026-03-10_53c52fa02abb_Fwd_Demand_CSV_31026.csv,Output\ForecastAccuracy\history\raw_forecasts\2026-03-10_53c52fa02abb_2026-03-10_53c52fa02abb_Fwd_Demand_CSV_31026.csv,raw_forecasts,53c52fa02abb8b3aa6a6097b9d7371bfd22cd8194c2251c2add478bb938280e2,2026-03-10,2026-03-10T15:36:46.720360,2026-06-08T18:55:20+00:00,30047,30047,2026-03-10,2026-03-10,5043,25004,240879.0,10741,13381,5925,True,selected_weekly_forecast_key
cec3c3c0807ae09f3ed5c31b42ac64480460b09f9bdd59d06127ff1d6a14e73b,2026-03-16_50b589a0174b_2026-03-16_50b589a0174b_Fwd_Demand_CSV_31626.csv,Output\ForecastAccuracy\history\raw_forecasts\2026-03-16_50b589a0174b_2026-03-16_50b589a0174b_Fwd_Demand_CSV_31626.csv,Output\ForecastAccuracy\history\raw_forecasts\2026-03-16_50b589a0174b_2026-03-16_50b589a0174b_Fwd_Demand_CSV_31626.csv,raw_forecasts,50b589a0174ba6cdee028229f6367f1d799847da87dddbe9392c1e2673b23cfd,2026-03-16,2026-03-16T17:48:54.586156,2026-06-08T18:55:21+00:00,29765,29765,2026-03-17,2026-03-17,4900,24865,240701.0,13275,10435,6055,True,selected_weekly_forecast_key
ee12cfdeea2150f7083b71e4a7dfe86d684a4959512813c234aa915da44133fa,2026-03-24_1838b0c73bbf_2026-03-24_1838b0c73bbf_Fwd_Demand_CSV_32426.csv,Output\ForecastAccuracy\history\raw_forecasts\2026-03-24_1838b0c73bbf_2026-03-24_1838b0c73bbf_Fwd_Demand_CSV_32426.csv,Output\ForecastAccuracy\history\raw_forecasts\2026-03-24_1838b0c73bbf_2026-03-24_1838b0c73bbf_Fwd_Demand_CSV_32426.csv,raw_forecasts,1838b0c73bbf3c0cd96d1eb0fe4c1b5d06f33a07b85aca304080b12ece7e70da,2026-03-24,2026-03-24T10:55:43.732752,2026-06-08T18:55:22+00:00,32431,32431,2026-03-24,2026-03-24,5313,27118,176348.0,13301,13071,6059,True,selected_weekly_forecast_key
e7d4a10cd8d9d41423db8e6f48a5918aa04893899cafb3d8e6d99b51abfedb35,2026-03-31_b5ef2c871e31_2026-03-31_b5ef2c871e31_Fwd_Demand_CSV_33126.csv,Output\ForecastAccuracy\history\raw_forecasts\2026-03-31_b5ef2c871e31_2026-03-31_b5ef2c871e31_Fwd_Demand_CSV_33126.csv,Output\ForecastAccuracy\history\raw_forecasts\2026-03-31_b5ef2c871e31_2026-03-31_b5ef2c871e31_Fwd_Demand_CSV_33126.csv,raw_forecasts,b5ef2c871e31615dc8963ad0e08a17e427c5e15bbbe01b17776aefb52f7e3d20,2026-03-31,2026-03-31T12:58:56.358436,2026-06-08T18:55:23+00:00,33732,33732,2026-03-31,2026-03-31,3749,29983,171292.0,12877,10808,10047,True,selected_weekly_forecast_key
54009bd03454f8a67a994572ac37c72a67ce8e0ae7d6cf5e67c99f540509b6e8,2026-04-02_3be329091e16_2026-04-02_3be329091e16_FwdDemandCSV_2026-04-02.csv,Output\ForecastAccuracy\history\raw_forecasts\2026-04-02_3be329091e16_2026-04-02_3be329091e16_FwdDemandCSV_2026-04-02.csv,Output\ForecastAccuracy\history\raw_forecasts\2026-04-02_3be329091e16_2026-04-02_3be329091e16_FwdDemandCSV_2026-04-02.csv,raw_forecasts,3be329091e16d98aaef4b177232a7cf379c2281e100c7c29cb2b74a0bd77a6d2,2026-04-02,2026-04-02T09:38:07.665776,2026-06-08T18:55:24+00:00,33749,33749,2026-03-31,2026-03-31,3749,30000,171292.0,129,23556,10064,False,not_selected
5f19bd68d68057f7a8d1902d3ff952dc82e8d2db2598fc6a52821ce62227be3a,2026-04-07_9ed22b29c715_2026-04-07_9ed22b29c715_FwdDemandCSV_2026-04-07.csv,Output\ForecastAccuracy\history\raw_forecasts\2026-04-07_9ed22b29c715_2026-04-07_9ed22b29c715_FwdDemandCSV_2026-04-07.csv,Output\ForecastAccuracy\history\raw_forecasts\2026-04-07_9ed22b29c715_2026-04-07_9ed22b29c715_FwdDemandCSV_2026-04-07.csv,raw_forecasts,9ed22b29c7151c840735967725ff89851099920c5f4836a5fdf6de25ebe9d882,2026-04-07,2026-04-07T15:19:54.106589,2026-06-08T18:55:25+00:00,37187,37187,2026-04-07,2026-04-07,4741,32446,164378.0,64,25157,11966,True,selected_weekly_forecast_key
c725904ddd0190c6def0aa8c1aa8a80d6296ec4c8de0ad2259dbd718936d6942,2026-04-13_802b984ccf4c_2026-04-13_802b984ccf4c_FwdDemandCSV_2026-04-13.csv,Output\ForecastAccuracy\history\raw_forecasts\2026-04-13_802b984ccf4c_2026-04-13_802b984ccf4c_FwdDemandCSV_2026-04-13.csv,Output\ForecastAccuracy\history\raw_forecasts\2026-04-13_802b984ccf4c_2026-04-13_802b984ccf4c_FwdDemandCSV_2026-04-13.csv,raw_forecasts,802b984ccf4cde67e652ca798afc14699945393cf5be67bda050c0f67fc06cea,2026-04-13,2026-04-13T15:42:48.066816,2026-06-08T18:55:26+00:00,37908,37908,2026-04-14,2026-04-14,4936,32972,285147.0,60,25651,12197,True,selected_weekly_forecast_key
c595c012c52e6c6f2b711c920337b1197361e2da9467b4042439f0c8688791e3,2026-04-22_1c248967e2ad_2026-04-22_1c248967e2ad_FwdDemandCSV_2026-04-22.csv,Output\ForecastAccuracy\history\raw_forecasts\2026-04-22_1c248967e2ad_2026-04-22_1c248967e2ad_FwdDemandCSV_2026-04-22.csv,Output\ForecastAccuracy\history\raw_forecasts\2026-04-22_1c248967e2ad_2026-04-22_1c248967e2ad_FwdDemandCSV_2026-04-22.csv,raw_forecasts,1c248967e2adffcafacfadc3f50dba7cfaf1f9a11e82f2c9f09628d90eef3a08,2026-04-22,2026-04-22T12:09:00.650749,2026-06-08T18:55:27+00:00,37654,37654,2026-04-21,2026-04-21,4873,32781,188516.0,87,25298,12269,True,selected_weekly_forecast_key
9db3f64ad9a2fc73b33db5462a6378038daa1180e1e4d4fcdfe9301430122efb,2026-04-29_83cf53c6d30b_2026-04-29_83cf53c6d30b_FwdDemandCSV_2026-04-29.csv,Output\ForecastAccuracy\history\raw_forecasts\2026-04-29_83cf53c6d30b_2026-04-29_83cf53c6d30b_FwdDemandCSV_2026-04-29.csv,Output\ForecastAccuracy\history\raw_forecasts\2026-04-29_83cf53c6d30b_2026-04-29_83cf53c6d30b_FwdDemandCSV_2026-04-29.csv,raw_forecasts,83cf53c6d30b4116f5286d82682a0c6119b307b4feac525adb11807accc4b719,2026-04-29,2026-04-29T09:26:39.106611,2026-06-08T18:55:29+00:00,37029,37029,2026-04-28,2026-04-28,4894,32135,202367.0,108,24647,12274,True,selected_weekly_forecast_key
81c13a50f6936f6e259e2d2cfc2c1f2b3d4ed588fc9d30da8d9ed68f11cc96d4,2026-05-04_170e3915b134_2026-05-04_170e3915b134_FwdDemandCSV_2026-05-04.csv,Output\ForecastAccuracy\history\raw_forecasts\2026-05-04_170e3915b134_2026-05-04_170e3915b134_FwdDemandCSV_2026-05-04.csv,Output\ForecastAccuracy\history\raw_forecasts\2026-05-04_170e3915b134_2026-05-04_170e3915b134_FwdDemandCSV_2026-05-04.csv,raw_forecasts,170e3915b1344da5dd42658dd0ac9f43a8db64cf5a256b8e88ee51e38ffce181,2026-05-04,2026-05-04T15:37:08.665801,2026-06-08T18:55:30+00:00,34627,34627,2026-05-05,2026-05-05,5132,29495,229667.0,84,23921,10622,True,selected_weekly_forecast_key
89ed2d8f36f360a8fe5b012e72ccb61f644b3eb317171aba8e128af2910c818e,2026-05-08_b0b91f00d0ee_2026-05-08_b0b91f00d0ee_FwdDemandCSV_2026-05-08.csv,Output\ForecastAccuracy\history\raw_forecasts\2026-05-08_b0b91f00d0ee_2026-05-08_b0b91f00d0ee_FwdDemandCSV_2026-05-08.csv,Output\ForecastAccuracy\history\raw_forecasts\2026-05-08_b0b91f00d0ee_2026-05-08_b0b91f00d0ee_FwdDemandCSV_2026-05-08.csv,raw_forecasts,b0b91f00d0ee686fa605fcb118830d9fdd94fd79f2f860125ac03309c0685041,2026-05-08,2026-05-08T15:25:58.974508,2026-06-08T18:55:31+00:00,34627,34627,2026-05-05,2026-05-05,5132,29495,229667.0,70,23935,10622,False,not_selected
e1ddb6093f7bbae06152990991d238b639af982b1aa8cdfac8f73e30d3011c52,2026-05-12_b29f5c51cbfc_2026-05-12_b29f5c51cbfc_Fwd_Demand_CSV_5.12.csv,Output\ForecastAccuracy\history\raw_forecasts\2026-05-12_b29f5c51cbfc_2026-05-12_b29f5c51cbfc_Fwd_Demand_CSV_5.12.csv,Output\ForecastAccuracy\history\raw_forecasts\2026-05-12_b29f5c51cbfc_2026-05-12_b29f5c51cbfc_Fwd_Demand_CSV_5.12.csv,raw_forecasts,b29f5c51cbfcb09fff9301b5fff23a86a8015df25b31a3eaaa17c3907b3ecf34,2026-05-12,2026-05-12T11:28:58.600638,2026-06-08T18:55:32+00:00,37258,37258,2026-05-12,2026-05-12,4705,32553,441991.0,18,26064,11176,True,selected_weekly_forecast_key
a8b051bff2916ee51b8ab63a4d6c5558b47936db18d49848f10f30b167435af0,2026-05-12_8c24e812c309_2026-05-12_8c24e812c309_FwdDemandCSV_2026-05-12.csv,Output\ForecastAccuracy\history\raw_forecasts\2026-05-12_8c24e812c309_2026-05-12_8c24e812c309_FwdDemandCSV_2026-05-12.csv,Output\ForecastAccuracy\history\raw_forecasts\2026-05-12_8c24e812c309_2026-05-12_8c24e812c309_FwdDemandCSV_2026-05-12.csv,raw_forecasts,8c24e812c309b70b188866f47d0c7bd42fbaa3646dd789488f2e2829ce3d0e92,2026-05-12,2026-05-12T17:53:37.591298,2026-06-08T18:55:34+00:00,35546,35546,2026-05-12,2026-05-12,4705,30841,441991.0,20,24350,11176,False,not_selected
6a8a9d25e555f7e0b7f8cd32be1bf771e3bc81f6db2e7891a7f1ff040c66b460,2026-05-18_35545c9dce78_2026-05-18_35545c9dce78_FwdDemandCSV_2026-05-18.csv,Output\ForecastAccuracy\history\raw_forecasts\2026-05-18_35545c9dce78_2026-05-18_35545c9dce78_FwdDemandCSV_2026-05-18.csv,Output\ForecastAccuracy\history\raw_forecasts\2026-05-18_35545c9dce78_2026-05-18_35545c9dce78_FwdDemandCSV_2026-05-18.csv,raw_forecasts,35545c9dce7815fd9fd9884c18475e9c97fdd37b8880fc5a9c79ef753f2ab072,2026-05-18,2026-05-18T16:00:02.039805,2026-06-08T18:55:35+00:00,35300,35300,2026-05-19,2026-05-19,4794,30506,355414.0,13,28321,6966,True,selected_weekly_forecast_key
e9af1f9de307e0d419cd0d20cded35b0d3bee6cbebc13b92572c42a681366838,2026-05-28_5c86e49387c9_2026-05-28_5c86e49387c9_FwdDemandCSV_2026-05-28.csv,Output\ForecastAccuracy\history\raw_forecasts\2026-05-28_5c86e49387c9_2026-05-28_5c86e49387c9_FwdDemandCSV_2026-05-28.csv,Output\ForecastAccuracy\history\raw_forecasts\2026-05-28_5c86e49387c9_2026-05-28_5c86e49387c9_FwdDemandCSV_2026-05-28.csv,raw_forecasts,5c86e49387c945365d9d9e40c257aa3caf8475d30a1283ac9b9689236685d77d,2026-05-28,2026-05-28T13:34:19.281738,2026-06-08T18:55:36+00:00,34361,34361,2026-05-27,2026-05-27,6425,27936,163226.0,23,27713,6625,True,selected_weekly_forecast_key
b923142c0cde4d2d1f53c6759d828b7deb1d8555b9ce27321db0358416805608,2026-06-01_a7aec54f5044_2026-06-01_a7aec54f5044_FwdDemandCSV_2026-06-01.csv,Output\ForecastAccuracy\history\raw_forecasts\2026-06-01_a7aec54f5044_2026-06-01_a7aec54f5044_FwdDemandCSV_2026-06-01.csv,Output\ForecastAccuracy\history\raw_forecasts\2026-06-01_a7aec54f5044_2026-06-01_a7aec54f5044_FwdDemandCSV_2026-06-01.csv,raw_forecasts,a7aec54f504449cc64718236d5781fc8bc86eefcd21a4ff129aa50b32042ece5,2026-06-01,2026-06-01T16:42:44.450526,2026-06-08T18:55:38+00:00,33790,33790,2026-06-02,2026-06-02,4673,29117,161188.0,22,27216,6552,True,selected_weekly_forecast_key
