SKU,DirectPickLookbackUnits,DirectPickDemandDays,DailyBaseUnits,WeeklyBaseUnits,ValidReservationUnits,ReservationPhysicalTotal,ReservationSalesAllocatedPhysicalTotal,InboundTotalUnits,InboundNext14Units,InboundNext30Units,HasDirectPickHistory,HasValidReservation,HasInbound,InSourceProductInfoUniverse,Future14DayPromoDays,FutureWeeklyPromoWeeks,HasFuturePromo,Seasonal14DayUnits,SeasonalFirst13WeekUnits,HasSeasonalHistory,FD1ToFD14Units,First13WeekUnits
15233-EH2-30,0.0,0.0,0.0,0.0,1.0,1.0,0.0,0.0,0.0,0.0,False,True,False,False,0,0,False,0.0,0.0,False,1,1.0
28554-011-1,0.0,0.0,0.0,0.0,1.0,1.0,0.0,0.0,0.0,0.0,False,True,False,False,0,0,False,0.0,0.0,False,1,1.0
28554-M23-1,0.0,0.0,0.0,0.0,1.0,1.0,0.0,0.0,0.0,0.0,False,True,False,False,0,0,False,0.0,0.0,False,1,1.0
30070-011-L,18.0,13.0,0.32142857142857145,2.25,2.0,1.0,1.0,0.0,0.0,0.0,True,True,False,True,2,1,True,3.511111111111111,29.866666666666667,True,6,37.62222222222222
30070-011-M,22.0,21.0,0.39285714285714285,2.75,0.0,0.0,0.0,0.0,0.0,0.0,True,False,False,True,2,1,True,4.888888888888889,50.86666666666666,True,7,48.16444444444445
30070-011-S,0.0,0.0,0.0,0.0,0.0,0.0,0.0,0.0,0.0,0.0,False,False,False,False,2,1,True,3.6666666666666665,32.2,True,6,40.48888888888889
30070-011-XL,6.0,4.0,0.10714285714285714,0.75,1.0,1.0,0.0,0.0,0.0,0.0,True,True,False,True,2,1,True,0.37777777777777777,13.066666666666666,True,4,20.15111111111111
30070-011-XS,17.0,9.0,0.30357142857142855,2.125,4.0,2.0,2.0,0.0,0.0,0.0,True,True,False,True,2,1,True,0.7555555555555555,9.333333333333332,True,7,29.67833333333333
30070-011-XXL,5.0,4.0,0.08928571428571429,0.625,2.0,1.0,1.0,0.0,0.0,0.0,True,True,False,True,2,1,True,0.15555555555555556,5.288888888888889,True,4,16.944861111111106
30070-1AY-L,0.0,0.0,0.0,0.0,0.0,0.0,0.0,0.0,0.0,0.0,False,False,False,False,2,1,True,6.133333333333333,37.8,True,7,39.38666666666667
30070-1AY-M,0.0,0.0,0.0,0.0,0.0,0.0,0.0,0.0,0.0,0.0,False,False,False,False,2,1,True,8.622222222222222,40.91111111111111,True,9,42.96444444444444
30070-1AY-S,0.0,0.0,0.0,0.0,0.0,0.0,0.0,0.0,0.0,0.0,False,False,False,False,2,1,True,5.911111111111111,34.53333333333333,True,6,36.12
30070-1AY-XL,0.0,0.0,0.0,0.0,0.0,0.0,0.0,0.0,0.0,0.0,False,False,False,False,2,1,True,3.3777777777777778,23.333333333333332,True,4,24.17333333333333
30070-1AY-XS,0.0,0.0,0.0,0.0,0.0,0.0,0.0,0.0,0.0,0.0,False,False,False,False,2,1,True,1.3555555555555556,15.866666666666665,True,1,16.14666666666667
30070-1AY-XXL,0.0,0.0,0.0,0.0,0.0,0.0,0.0,0.0,0.0,0.0,False,False,False,False,2,1,True,0.15555555555555556,9.8,True,0,10.173333333333332
30070-1FL-L,0.0,0.0,0.0,0.0,0.0,0.0,0.0,0.0,0.0,0.0,False,False,False,True,0,0,False,2.4444444444444446,25.822222222222223,True,2,25.82222222222222
30070-1FL-M,0.0,0.0,0.0,0.0,0.0,0.0,0.0,0.0,0.0,0.0,False,False,False,True,0,0,False,3.1777777777777776,36.08888888888889,True,3,36.08888888888889
30070-1FL-S,0.0,0.0,0.0,0.0,0.0,0.0,0.0,0.0,0.0,0.0,False,False,False,True,0,0,False,1.6444444444444444,23.8,True,2,23.799999999999997
30070-1FL-XL,0.0,0.0,0.0,0.0,0.0,0.0,0.0,0.0,0.0,0.0,False,False,False,True,0,0,False,2.488888888888889,20.22222222222222,True,2,20.22222222222222
30070-1FL-XS,0.0,0.0,0.0,0.0,0.0,0.0,0.0,0.0,0.0,0.0,False,False,False,True,0,0,False,1.1777777777777778,13.066666666666666,True,1,13.066666666666666
30070-1FL-XXL,0.0,0.0,0.0,0.0,0.0,0.0,0.0,0.0,0.0,0.0,False,False,False,True,0,0,False,0.8,8.244444444444444,True,1,8.244444444444445
30070-S74-L,0.0,0.0,0.0,0.0,1.0,1.0,0.0,0.0,0.0,0.0,False,True,False,True,0,0,False,0.0,1.8666666666666667,True,1,2.8666666666666667
30070-S74-S,0.0,0.0,0.0,0.0,0.0,0.0,0.0,0.0,0.0,0.0,False,False,False,True,0,0,False,0.3333333333333333,11.2,True,0,11.2
30070-S74-XL,0.0,0.0,0.0,0.0,0.0,0.0,0.0,0.0,0.0,0.0,False,False,False,True,0,0,False,0.0,2.488888888888889,True,0,2.488888888888889
30070-S74-XS,0.0,0.0,0.0,0.0,1.0,1.0,0.0,0.0,0.0,0.0,False,True,False,False,0,0,False,0.4222222222222222,3.888888888888889,True,1,4.888888888888888
30070-S74-XXL,0.0,0.0,0.0,0.0,0.0,0.0,0.0,0.0,0.0,0.0,False,False,False,True,0,0,False,0.0,0.7777777777777778,True,0,0.7777777777777778
30070-SR4-L,22.0,15.0,0.39285714285714285,2.75,2.0,1.0,1.0,0.0,0.0,0.0,True,True,False,True,2,1,True,5.088888888888889,44.333333333333336,True,7,40.097541666666665
30070-SR4-M,4.0,3.0,0.07142857142857142,0.5,0.0,0.0,0.0,0.0,0.0,0.0,True,False,False,False,2,1,True,6.6,59.42222222222222,True,3,25.830527777777778
30070-SR4-S,0.0,0.0,0.0,0.0,0.0,0.0,0.0,0.0,0.0,0.0,False,False,False,False,2,1,True,3.3777777777777778,41.37777777777777,True,4,42.14777777777777
30070-SR4-XL,9.0,4.0,0.16071428571428573,1.125,1.0,1.0,0.0,0.0,0.0,0.0,True,True,False,True,2,1,True,1.8,17.266666666666666,True,3,16.197145833333337
30070-SR4-XS,13.0,10.0,0.23214285714285715,1.625,0.0,0.0,0.0,0.0,0.0,0.0,True,False,False,True,2,1,True,1.1777777777777778,21.77777777777778,True,3,22.024784722222222
30070-SR4-XXL,6.0,6.0,0.10714285714285714,0.75,2.0,1.0,1.0,0.0,0.0,0.0,True,True,False,True,2,1,True,0.4444444444444445,7.622222222222222,True,3,10.616944444444444
30070-U74-L,0.0,0.0,0.0,0.0,0.0,0.0,0.0,0.0,0.0,0.0,False,False,False,True,2,1,True,0.0,2.022222222222222,True,1,4.022222222222222
30070-U74-M,0.0,0.0,0.0,0.0,0.0,0.0,0.0,0.0,0.0,0.0,False,False,False,True,2,1,True,0.7111111111111111,11.822222222222223,True,1,13.822222222222221
30070-U74-S,0.0,0.0,0.0,0.0,0.0,0.0,0.0,0.0,0.0,0.0,False,False,False,False,2,1,True,0.7777777777777778,13.377777777777776,True,1,15.222222222222221
30070-U74-XL,0.0,0.0,0.0,0.0,0.0,0.0,0.0,0.0,0.0,0.0,False,False,False,True,2,1,True,0.0,1.5555555555555556,True,1,3.5555555555555554
30070-U74-XS,14.0,9.0,0.25,1.75,2.0,1.0,1.0,0.0,0.0,0.0,True,True,False,True,2,1,True,0.5555555555555556,6.844444444444445,True,5,19.458055555555557
30070-U74-XXL,0.0,0.0,0.0,0.0,0.0,0.0,0.0,0.0,0.0,0.0,False,False,False,False,2,1,True,0.0,0.6222222222222222,True,1,2.6222222222222222
30071-GN1-L,0.0,0.0,0.0,0.0,0.0,0.0,0.0,5.0,0.0,0.0,False,False,True,False,0,0,False,0.0,0.0,False,0,0.0
30071-GN1-S,0.0,0.0,0.0,0.0,0.0,0.0,0.0,12.0,0.0,0.0,False,False,True,False,0,0,False,0.0,0.0,False,0,0.0
30071-GN1-XS,0.0,0.0,0.0,0.0,0.0,0.0,0.0,10.0,0.0,0.0,False,False,True,False,0,0,False,0.0,0.0,False,0,0.0
30071-QN6-L,0.0,0.0,0.0,0.0,0.0,0.0,0.0,22.0,0.0,0.0,False,False,True,False,0,0,False,0.0,0.0,False,0,0.0
30071-QN6-M,0.0,0.0,0.0,0.0,0.0,0.0,0.0,25.0,0.0,0.0,False,False,True,False,0,0,False,0.0,0.0,False,0,0.0
30071-QN6-XL,0.0,0.0,0.0,0.0,0.0,0.0,0.0,11.0,0.0,0.0,False,False,True,False,0,0,False,0.0,0.0,False,0,0.0
30071-QN6-XS,0.0,0.0,0.0,0.0,0.0,0.0,0.0,9.0,0.0,0.0,False,False,True,False,0,0,False,0.0,0.0,False,0,0.0
30071-S74-XS,0.0,0.0,0.0,0.0,1.0,1.0,0.0,0.0,0.0,0.0,False,True,False,False,0,0,False,0.0,0.0,False,1,1.0
30071-TB4-L,0.0,0.0,0.0,0.0,0.0,0.0,0.0,1.0,0.0,0.0,False,False,True,False,0,0,False,0.0,0.0,False,0,0.0
30071-TB4-M,0.0,0.0,0.0,0.0,0.0,0.0,0.0,3.0,0.0,0.0,False,False,True,False,0,0,False,0.0,0.0,False,0,0.0
30071-TB4-S,0.0,0.0,0.0,0.0,0.0,0.0,0.0,4.0,0.0,0.0,False,False,True,False,0,0,False,0.0,0.0,False,0,0.0
30071-TB4-XXL,0.0,0.0,0.0,0.0,0.0,0.0,0.0,1.0,0.0,0.0,False,False,True,False,0,0,False,0.0,0.0,False,0,0.0
30810-011-L,0.0,0.0,0.0,0.0,0.0,0.0,0.0,0.0,0.0,0.0,False,False,False,False,2,1,True,4.311111111111111,69.37777777777778,True,5,70.31111111111112
30810-011-M,0.0,0.0,0.0,0.0,0.0,0.0,0.0,0.0,0.0,0.0,False,False,False,False,2,1,True,5.088888888888889,68.13333333333333,True,5,69.16000000000001
30810-011-S,0.0,0.0,0.0,0.0,0.0,0.0,0.0,0.0,0.0,0.0,False,False,False,False,2,1,True,10.355555555555556,67.19999999999999,True,12,71.49333333333333
30810-011-XL,0.0,0.0,0.0,0.0,0.0,0.0,0.0,0.0,0.0,0.0,False,False,False,False,2,1,True,1.1777777777777778,27.377777777777776,True,1,27.47111111111111
30810-011-XS,0.0,0.0,0.0,0.0,0.0,0.0,0.0,0.0,0.0,0.0,False,False,False,False,2,1,True,4.311111111111111,22.71111111111111,True,5,23.364444444444445
30810-011-XXL,0.0,0.0,0.0,0.0,0.0,0.0,0.0,0.0,0.0,0.0,False,False,False,False,2,1,True,1.8222222222222222,21.155555555555555,True,2,21.342222222222222
30810-011-XXS,0.0,0.0,0.0,0.0,0.0,0.0,0.0,0.0,0.0,0.0,False,False,False,False,2,1,True,0.0,2.488888888888889,True,0,2.488888888888889
30810-16N-L,0.0,0.0,0.0,0.0,0.0,0.0,0.0,4.0,0.0,0.0,False,False,True,False,0,0,False,0.0,14.622222222222222,True,0,14.622222222222222
30810-16N-M,0.0,0.0,0.0,0.0,0.0,0.0,0.0,5.0,0.0,0.0,False,False,True,False,0,0,False,1.2888888888888888,25.044444444444444,True,1,25.04444444444444
30810-16N-S,0.0,0.0,0.0,0.0,0.0,0.0,0.0,5.0,0.0,0.0,False,False,True,False,0,0,False,1.0222222222222221,23.644444444444446,True,1,23.644444444444446
30810-16N-XL,0.0,0.0,0.0,0.0,0.0,0.0,0.0,1.0,0.0,0.0,False,False,True,False,0,0,False,0.26666666666666666,6.844444444444444,True,0,6.844444444444445
30810-16N-XS,0.0,0.0,0.0,0.0,0.0,0.0,0.0,3.0,0.0,0.0,False,False,True,False,0,0,False,0.7333333333333334,5.7555555555555555,True,1,5.755555555555555
30810-16N-XXL,0.0,0.0,0.0,0.0,0.0,0.0,0.0,1.0,0.0,0.0,False,False,True,False,0,0,False,0.11111111111111112,6.066666666666666,True,0,6.066666666666666
30810-1FL-L,0.0,0.0,0.0,0.0,0.0,0.0,0.0,0.0,0.0,0.0,False,False,False,False,2,1,True,3.577777777777778,16.022222222222222,True,4,17.235555555555557
30810-1FL-M,0.0,0.0,0.0,0.0,0.0,0.0,0.0,0.0,0.0,0.0,False,False,False,False,2,1,True,4.2444444444444445,38.42222222222222,True,5,40.84888888888889
30810-1FL-S,0.0,0.0,0.0,0.0,0.0,0.0,0.0,0.0,0.0,0.0,False,False,False,False,2,1,True,6.155555555555555,44.17777777777778,True,7,46.23111111111111
30810-1FL-XL,0.0,0.0,0.0,0.0,0.0,0.0,0.0,0.0,0.0,0.0,False,False,False,False,2,1,True,3.6,12.133333333333333,True,4,12.600000000000001
30810-1FL-XS,0.0,0.0,0.0,0.0,0.0,0.0,0.0,0.0,0.0,0.0,False,False,False,False,2,1,True,2.177777777777778,13.844444444444445,True,2,14.404444444444442
30810-1FL-XXL,0.0,0.0,0.0,0.0,0.0,0.0,0.0,0.0,0.0,0.0,False,False,False,False,2,1,True,2.466666666666667,3.7333333333333334,True,3,4.8533333333333335
30810-TB4-L,0.0,0.0,0.0,0.0,0.0,0.0,0.0,8.0,0.0,0.0,False,False,True,False,0,0,False,0.0,0.0,False,0,0.0
30810-TB4-M,0.0,0.0,0.0,0.0,0.0,0.0,0.0,8.0,0.0,0.0,False,False,True,False,0,0,False,0.0,0.0,False,0,0.0
30810-TB4-XL,0.0,0.0,0.0,0.0,0.0,0.0,0.0,5.0,0.0,0.0,False,False,True,False,0,0,False,0.0,0.0,False,0,0.0
30810-TB4-XS,0.0,0.0,0.0,0.0,0.0,0.0,0.0,3.0,0.0,0.0,False,False,True,False,0,0,False,0.0,0.0,False,0,0.0
30810-TB4-XXL,0.0,0.0,0.0,0.0,0.0,0.0,0.0,2.0,0.0,0.0,False,False,True,False,0,0,False,0.0,0.0,False,0,0.0
30991,18.0,13.0,0.32142857142857145,2.25,0.0,0.0,0.0,0.0,0.0,0.0,True,False,False,False,0,0,False,5.777777777777778,50.08888888888889,True,5,36.54361111111111
33080-GQ6-60,0.0,0.0,0.0,0.0,1.0,1.0,0.0,0.0,0.0,0.0,False,True,False,False,0,0,False,0.0,0.0,False,1,1.0
33081-GN1-50,0.0,0.0,0.0,0.0,0.0,0.0,0.0,35.0,0.0,0.0,False,False,True,False,0,0,False,10.022222222222222,73.11111111111111,True,10,73.1111111111111
33081-GN1-60,0.0,0.0,0.0,0.0,0.0,0.0,0.0,68.0,0.0,0.0,False,False,True,False,0,0,False,15.0,116.97777777777777,True,15,116.97777777777779
33081-GN1-70,0.0,0.0,0.0,0.0,0.0,0.0,0.0,47.0,0.0,0.0,False,False,True,False,0,0,False,19.977777777777778,126.15555555555555,True,20,126.15555555555554
33081-GN1-75,0.0,0.0,0.0,0.0,0.0,0.0,0.0,63.0,0.0,0.0,False,False,True,False,0,0,False,17.91111111111111,152.6,True,18,152.6
33081-GN1-80,0.0,0.0,0.0,0.0,0.0,0.0,0.0,44.0,0.0,0.0,False,False,True,False,0,0,False,11.222222222222221,130.04444444444445,True,11,130.04444444444445
33081-GN1-85,0.0,0.0,0.0,0.0,1.0,1.0,0.0,0.0,0.0,0.0,False,True,False,False,0,0,False,9.022222222222222,80.73333333333333,True,9,80.73333333333333
33081-GN1-90,0.0,0.0,0.0,0.0,0.0,0.0,0.0,27.0,0.0,0.0,False,False,True,False,0,0,False,6.2,61.288888888888884,True,6,61.28888888888888
33081-NW2-50,0.0,0.0,0.0,0.0,0.0,0.0,0.0,96.0,0.0,0.0,False,False,True,False,0,0,False,0.0,0.0,False,0,0.0
33081-QE1-70,0.0,0.0,0.0,0.0,0.0,0.0,0.0,5.0,0.0,0.0,False,False,True,False,0,0,False,0.0,0.0,False,0,0.0
33081-QE1-75,0.0,0.0,0.0,0.0,0.0,0.0,0.0,1.0,0.0,0.0,False,False,True,False,0,0,False,0.0,0.0,False,0,0.0
33081-QE1-85,0.0,0.0,0.0,0.0,0.0,0.0,0.0,2.0,0.0,0.0,False,False,True,False,0,0,False,0.0,0.0,False,0,0.0
33081-QE1-90,0.0,0.0,0.0,0.0,0.0,0.0,0.0,1.0,0.0,0.0,False,False,True,False,0,0,False,0.0,0.0,False,0,0.0
33081-S74-80,0.0,0.0,0.0,0.0,1.0,1.0,0.0,0.0,0.0,0.0,False,True,False,False,0,0,False,0.5333333333333333,9.644444444444444,True,1,9.644444444444444
33081-TB4-70,0.0,0.0,0.0,0.0,0.0,0.0,0.0,2.0,0.0,0.0,False,False,True,False,0,0,False,0.0,0.0,False,0,0.0
33081-TB4-75,0.0,0.0,0.0,0.0,0.0,0.0,0.0,1.0,0.0,0.0,False,False,True,False,0,0,False,0.0,0.0,False,0,0.0
33081-TD4-60,0.0,0.0,0.0,0.0,0.0,0.0,0.0,2.0,0.0,0.0,False,False,True,False,0,0,False,0.0,0.0,False,0,0.0
33081-U74-70,0.0,0.0,0.0,0.0,1.0,1.0,0.0,0.0,0.0,0.0,False,True,False,False,0,0,False,12.355555555555556,73.73333333333333,True,12,73.73333333333333
33081-U74-85,0.0,0.0,0.0,0.0,1.0,1.0,0.0,0.0,0.0,0.0,False,True,False,False,0,0,False,6.044444444444444,26.91111111111111,True,7,26.91111111111111
33175-011-100,10.0,9.0,0.17857142857142858,1.25,0.0,0.0,0.0,0.0,0.0,0.0,True,False,False,True,2,1,True,6.2,51.644444444444446,True,10,49.17222222222222
33175-011-110,13.0,10.0,0.23214285714285715,1.625,0.0,0.0,0.0,0.0,0.0,0.0,True,False,False,True,2,1,True,5.7555555555555555,57.71111111111111,True,10,54.38388888888889
33175-011-120,20.0,16.0,0.35714285714285715,2.5,0.0,0.0,0.0,0.0,0.0,0.0,True,False,False,True,2,1,True,10.088888888888889,75.75555555555556,True,12,66.70777777777778
33175-011-130,44.0,25.0,0.7857142857142857,5.5,0.0,0.0,0.0,0.0,0.0,0.0,True,False,False,True,2,1,True,10.355555555555556,88.5111111111111,True,16,94.57222222222222
33175-011-140,93.0,28.0,1.6607142857142858,11.625,0.0,0.0,0.0,0.0,0.0,0.0,True,False,False,True,2,1,True,13.288888888888888,116.5111111111111,True,23,151.71166666666667
33175-011-150,0.0,0.0,0.0,0.0,0.0,0.0,0.0,0.0,0.0,0.0,False,False,False,False,2,1,True,15.2,122.57777777777778,True,19,136.64444444444445
33175-011-160,0.0,0.0,0.0,0.0,0.0,0.0,0.0,0.0,0.0,0.0,False,False,False,False,2,1,True,12.133333333333333,124.75555555555555,True,17,139.75555555555553
33175-011-85,7.0,6.0,0.125,0.875,0.0,0.0,0.0,0.0,0.0,0.0,True,False,False,True,2,1,True,4.066666666666666,25.822222222222223,True,9,37.37277777777777
33175-011-90,9.0,8.0,0.16071428571428573,1.125,0.0,0.0,0.0,0.0,0.0,0.0,True,False,False,True,2,1,True,4.288888888888889,44.955555555555556,True,9,45.91055555555556
33175-145-100,39.0,27.0,0.6964285714285714,4.875,0.0,0.0,0.0,0.0,0.0,0.0,True,False,False,True,2,1,True,7.377777777777777,54.599999999999994,True,15,80.48166666666667
33175-145-110,37.0,23.0,0.6607142857142857,4.625,1.0,1.0,0.0,0.0,0.0,0.0,True,True,False,True,2,1,True,6.4222222222222225,56.93333333333333,True,14,79.40277777777779
33175-145-120,63.0,30.0,1.125,7.875,3.0,2.0,1.0,0.0,0.0,0.0,True,True,False,True,2,1,True,10.31111111111111,100.02222222222221,True,19,119.50722222222223
33175-145-130,26.0,8.0,0.4642857142857143,3.25,2.0,1.0,1.0,0.0,0.0,0.0,True,True,False,False,2,1,True,14.177777777777777,109.04444444444444,True,15,86.4811111111111
33175-145-140,36.0,10.0,0.6428571428571429,4.5,0.0,0.0,0.0,0.0,0.0,0.0,True,False,False,True,2,1,True,11.955555555555556,129.26666666666665,True,16,102.98222222222223
33175-145-150,0.0,0.0,0.0,0.0,0.0,0.0,0.0,0.0,0.0,0.0,False,False,False,False,2,1,True,12.8,103.91111111111111,True,19,125.42222222222223
33175-145-160,0.0,0.0,0.0,0.0,0.0,0.0,0.0,0.0,0.0,0.0,False,False,False,False,2,1,True,7.955555555555556,74.04444444444444,True,14,96.02222222222223
33175-145-85,18.0,11.0,0.32142857142857145,2.25,0.0,0.0,0.0,0.0,0.0,0.0,True,False,False,True,2,1,True,0.8666666666666667,18.977777777777778,True,10,48.028888888888886
33175-145-90,29.0,18.0,0.5178571428571429,3.6250000000000004,6.0,3.0,3.0,0.0,0.0,0.0,True,True,False,True,2,1,True,2.7555555555555555,41.37777777777778,True,12,66.37611111111111
33175-16N-150,0.0,0.0,0.0,0.0,0.0,0.0,0.0,28.0,0.0,0.0,False,False,True,False,0,0,False,12.244444444444444,121.48888888888888,True,12,121.4888888888889
33175-16N-85,0.0,0.0,0.0,0.0,0.0,0.0,0.0,39.0,0.0,0.0,False,False,True,False,0,0,False,3.533333333333333,41.37777777777777,True,4,41.37777777777777
33175-1AY-100,27.0,18.0,0.48214285714285715,3.375,0.0,0.0,0.0,0.0,0.0,0.0,True,False,False,True,2,1,True,18.133333333333333,125.06666666666666,True,17,92.97500000000001
33175-1AY-110,31.0,24.0,0.5535714285714286,3.875,0.0,0.0,0.0,0.0,0.0,0.0,True,False,False,True,2,1,True,18.044444444444444,130.97777777777776,True,17,98.99833333333333
33175-1AY-120,32.0,20.0,0.5714285714285714,4.0,0.0,0.0,0.0,0.0,0.0,0.0,True,False,False,True,2,1,True,21.133333333333333,166.9111111111111,True,18,111.9511111111111
33175-1AY-130,51.0,30.0,0.9107142857142857,6.375,0.0,0.0,0.0,0.0,0.0,0.0,True,False,False,True,2,1,True,19.177777777777777,172.04444444444442,True,20,132.43611111111113
33175-1AY-140,5.0,4.0,0.08928571428571429,0.625,0.0,0.0,0.0,0.0,0.0,0.0,True,False,False,False,2,1,True,18.244444444444444,172.04444444444442,True,14,88.07611111111112
33175-1AY-150,0.0,0.0,0.0,0.0,0.0,0.0,0.0,0.0,0.0,0.0,False,False,False,False,2,1,True,15.0,126.0,True,21,145.86666666666667
33175-1AY-160,0.0,0.0,0.0,0.0,0.0,0.0,0.0,0.0,0.0,0.0,False,False,False,False,2,1,True,19.355555555555554,133.46666666666667,True,24,150.84444444444443
33175-1AY-85,26.0,17.0,0.4642857142857143,3.25,0.0,0.0,0.0,0.0,0.0,0.0,True,False,False,True,2,1,True,8.333333333333332,74.82222222222222,True,13,75.28555555555555
33175-1AY-90,45.0,28.0,0.8035714285714286,5.625,0.0,0.0,0.0,0.0,0.0,0.0,True,False,False,True,2,1,True,12.333333333333334,114.64444444444445,True,17,107.58500000000001
33175-1FL-100,0.0,0.0,0.0,0.0,0.0,0.0,0.0,0.0,0.0,0.0,False,False,False,False,2,1,True,4.866666666666666,52.11111111111111,True,9,67.71111111111111
33175-1FL-110,40.0,26.0,0.7142857142857143,5.0,0.0,0.0,0.0,0.0,0.0,0.0,True,False,False,True,2,1,True,9.666666666666666,99.55555555555554,True,13,89.64666666666666
33175-1FL-120,25.0,17.0,0.44642857142857145,3.125,0.0,0.0,0.0,0.0,0.0,0.0,True,False,False,True,2,1,True,11.244444444444444,105.46666666666667,True,12,77.0361111111111
33175-1FL-130,19.0,13.0,0.3392857142857143,2.375,0.0,0.0,0.0,0.0,0.0,0.0,True,False,False,True,2,1,True,9.533333333333333,92.08888888888889,True,10,66.55833333333332
33175-1FL-140,21.0,15.0,0.375,2.625,0.0,0.0,0.0,0.0,0.0,0.0,True,False,False,True,2,1,True,8.466666666666667,75.13333333333333,True,10,62.90055555555555
33175-1FL-150,0.0,0.0,0.0,0.0,0.0,0.0,0.0,0.0,0.0,0.0,False,False,False,False,2,1,True,5.644444444444444,54.91111111111111,True,10,70.5111111111111
33175-1FL-160,0.0,0.0,0.0,0.0,0.0,0.0,0.0,0.0,0.0,0.0,False,False,False,False,2,1,True,4.933333333333334,50.4,True,9,66.31111111111112
33175-1FL-85,0.0,0.0,0.0,0.0,0.0,0.0,0.0,0.0,0.0,0.0,False,False,False,False,2,1,True,5.7555555555555555,42.31111111111111,True,10,57.288888888888884
33175-1FL-90,54.0,26.0,0.9642857142857143,6.75,0.0,0.0,0.0,0.0,0.0,0.0,True,False,False,True,2,1,True,10.088888888888889,93.64444444444445,True,16,101.11888888888888
33175-1KJ-100,0.0,0.0,0.0,0.0,0.0,0.0,0.0,0.0,0.0,0.0,False,False,False,True,0,0,False,5.355555555555555,6.222222222222221,True,5,6.222222222222221
33175-30H-100,0.0,0.0,0.0,0.0,0.0,0.0,0.0,0.0,0.0,0.0,False,False,False,True,0,0,False,12.177777777777777,38.11111111111111,True,12,38.11111111111111
33175-30H-110,0.0,0.0,0.0,0.0,0.0,0.0,0.0,0.0,0.0,0.0,False,False,False,True,0,0,False,17.333333333333332,51.8,True,17,51.79999999999999
33175-30H-120,0.0,0.0,0.0,0.0,0.0,0.0,0.0,0.0,0.0,0.0,False,False,False,True,0,0,False,25.4,69.68888888888888,True,25,69.68888888888887
33175-30H-130,0.0,0.0,0.0,0.0,0.0,0.0,0.0,0.0,0.0,0.0,False,False,False,True,0,0,False,28.22222222222222,65.17777777777778,True,28,65.17777777777778
33175-30H-140,0.0,0.0,0.0,0.0,0.0,0.0,0.0,0.0,0.0,0.0,False,False,False,True,0,0,False,28.22222222222222,62.84444444444444,True,28,62.84444444444444
33175-30H-150,0.0,0.0,0.0,0.0,0.0,0.0,0.0,0.0,0.0,0.0,False,False,False,True,0,0,False,20.644444444444446,48.84444444444444,True,21,48.84444444444445
33175-30H-160,0.0,0.0,0.0,0.0,0.0,0.0,0.0,0.0,0.0,0.0,False,False,False,True,0,0,False,20.688888888888886,50.4,True,21,50.399999999999984
33175-30H-85,0.0,0.0,0.0,0.0,0.0,0.0,0.0,0.0,0.0,0.0,False,False,False,True,0,0,False,7.977777777777778,21.0,True,8,20.999999999999993
33175-30H-90,0.0,0.0,0.0,0.0,0.0,0.0,0.0,0.0,0.0,0.0,False,False,False,True,0,0,False,6.2444444444444445,25.666666666666664,True,6,25.666666666666664
33175-QE4-120,0.0,0.0,0.0,0.0,0.0,0.0,0.0,60.0,0.0,0.0,False,False,True,False,0,0,False,0.0,0.0,False,0,0.0
33175-S74-100,0.0,0.0,0.0,0.0,2.0,2.0,0.0,0.0,0.0,0.0,False,True,False,True,0,0,False,13.644444444444444,97.06666666666666,True,15,97.2
33175-S74-110,0.0,0.0,0.0,0.0,1.0,1.0,0.0,0.0,0.0,0.0,False,True,False,True,0,0,False,17.711111111111112,78.4,True,18,78.4
33175-S74-120,0.0,0.0,0.0,0.0,1.0,1.0,0.0,0.0,0.0,0.0,False,True,False,True,0,0,False,15.777777777777779,70.93333333333334,True,16,70.93333333333334
33175-S74-130,0.0,0.0,0.0,0.0,2.0,2.0,0.0,0.0,0.0,0.0,False,True,False,True,0,0,False,0.0,36.71111111111111,True,2,38.71111111111111
33175-S74-140,0.0,0.0,0.0,0.0,0.0,0.0,0.0,0.0,0.0,0.0,False,False,False,True,0,0,False,0.0,23.644444444444446,True,0,23.644444444444446
33175-S74-150,0.0,0.0,0.0,0.0,0.0,0.0,0.0,0.0,0.0,0.0,False,False,False,True,0,0,False,0.0,20.377777777777776,True,0,20.377777777777776
33175-S74-160,0.0,0.0,0.0,0.0,0.0,0.0,0.0,0.0,0.0,0.0,False,False,False,True,0,0,False,0.0,17.11111111111111,True,0,17.11111111111111
33175-S74-75,0.0,0.0,0.0,0.0,0.0,0.0,0.0,0.0,0.0,0.0,False,False,False,True,0,0,False,0.0,0.0,False,0,0.0
33175-S74-85,0.0,0.0,0.0,0.0,0.0,0.0,0.0,0.0,0.0,0.0,False,False,False,True,0,0,False,7.4222222222222225,93.64444444444445,True,7,93.64444444444445
33175-S74-90,0.0,0.0,0.0,0.0,1.0,1.0,0.0,0.0,0.0,0.0,False,True,False,True,0,0,False,10.4,83.37777777777778,True,11,83.37777777777778
33175-SR4-100,41.0,24.0,0.7321428571428571,5.125,0.0,0.0,0.0,0.0,0.0,0.0,True,False,False,True,2,1,True,9.155555555555555,63.15555555555555,True,22,106.99055555555555
33175-SR4-110,55.0,30.0,0.9821428571428571,6.875,0.0,0.0,0.0,0.0,0.0,0.0,True,False,False,True,2,1,True,12.955555555555556,73.57777777777778,True,25,123.7983333333333
33175-SR4-120,102.0,37.0,1.8214285714285714,12.75,0.0,0.0,0.0,0.0,0.0,0.0,True,False,False,True,2,1,True,11.977777777777778,114.95555555555555,True,31,184.16
33175-SR4-130,190.0,48.0,3.392857142857143,23.75,0.0,0.0,0.0,0.0,0.0,0.0,True,False,False,True,2,1,True,19.555555555555557,139.22222222222223,True,45,277.2011111111111
33175-SR4-140,0.0,0.0,0.0,0.0,0.0,0.0,0.0,0.0,0.0,0.0,False,False,False,False,2,1,True,22.22222222222222,157.11111111111111,True,33,193.93333333333334
33175-SR4-150,0.0,0.0,0.0,0.0,0.0,0.0,0.0,0.0,0.0,0.0,False,False,False,True,2,1,True,20.266666666666666,142.33333333333331,True,31,180.08888888888887
33175-SR4-160,0.0,0.0,0.0,0.0,0.0,0.0,0.0,0.0,0.0,0.0,False,False,False,False,2,1,True,23.88888888888889,155.4,True,34,191.13333333333333
33175-SR4-85,33.0,20.0,0.5892857142857143,4.125,0.0,0.0,0.0,0.0,0.0,0.0,True,False,False,True,2,1,True,3.888888888888889,26.91111111111111,True,19,86.83166666666666
33175-SR4-90,45.0,24.0,0.8035714285714286,5.625,2.0,1.0,1.0,0.0,0.0,0.0,True,True,False,True,2,1,True,5.911111111111111,49.31111111111111,True,21,105.71833333333333
33175-TD4-110,0.0,0.0,0.0,0.0,0.0,0.0,0.0,22.0,0.0,0.0,False,False,True,False,0,0,False,0.0,0.0,False,0,0.0
33175-TD4-130,0.0,0.0,0.0,0.0,0.0,0.0,0.0,6.0,0.0,0.0,False,False,True,False,0,0,False,0.0,0.0,False,0,0.0
33175-TD4-140,0.0,0.0,0.0,0.0,55.0,55.0,0.0,0.0,0.0,0.0,False,True,False,False,0,0,False,0.0,0.0,False,55,55.0
33175-TD4-85,0.0,0.0,0.0,0.0,0.0,0.0,0.0,23.0,0.0,0.0,False,False,True,False,0,0,False,0.0,0.0,False,0,0.0
33175-TT2-100,0.0,0.0,0.0,0.0,0.0,0.0,0.0,3.0,0.0,0.0,False,False,True,False,0,0,False,0.0,0.0,False,0,0.0
33175-TT2-110,0.0,0.0,0.0,0.0,0.0,0.0,0.0,8.0,0.0,0.0,False,False,True,False,0,0,False,0.0,0.0,False,0,0.0
33175-TT2-120,0.0,0.0,0.0,0.0,0.0,0.0,0.0,4.0,0.0,0.0,False,False,True,False,0,0,False,0.0,0.0,False,0,0.0
33175-TT2-130,0.0,0.0,0.0,0.0,0.0,0.0,0.0,2.0,0.0,0.0,False,False,True,False,0,0,False,0.0,0.0,False,0,0.0
33175-TT2-140,0.0,0.0,0.0,0.0,0.0,0.0,0.0,5.0,0.0,0.0,False,False,True,False,0,0,False,0.0,0.0,False,0,0.0
33175-TT2-90,0.0,0.0,0.0,0.0,0.0,0.0,0.0,8.0,0.0,0.0,False,False,True,False,0,0,False,0.0,0.0,False,0,0.0
33175-U74-100,0.0,0.0,0.0,0.0,1.0,1.0,0.0,0.0,0.0,0.0,False,True,False,True,0,0,False,0.0,21.93333333333333,True,1,22.93333333333333
33175-U74-110,0.0,0.0,0.0,0.0,0.0,0.0,0.0,0.0,0.0,0.0,False,False,False,True,0,0,False,0.0,23.022222222222222,True,0,23.022222222222222
33175-U74-120,0.0,0.0,0.0,0.0,2.0,2.0,0.0,0.0,0.0,0.0,False,True,False,True,0,0,False,0.0,24.577777777777776,True,2,26.577777777777776
33175-U74-130,0.0,0.0,0.0,0.0,0.0,0.0,0.0,0.0,0.0,0.0,False,False,False,True,0,0,False,0.0,18.044444444444444,True,0,18.044444444444444
33175-U74-140,0.0,0.0,0.0,0.0,0.0,0.0,0.0,0.0,0.0,0.0,False,False,False,True,0,0,False,0.0,17.57777777777778,True,0,17.57777777777778
33175-U74-150,0.0,0.0,0.0,0.0,0.0,0.0,0.0,0.0,0.0,0.0,False,False,False,True,0,0,False,0.2,14.466666666666665,True,0,14.466666666666665
33175-U74-160,0.0,0.0,0.0,0.0,0.0,0.0,0.0,0.0,0.0,0.0,False,False,False,True,0,0,False,0.0,11.666666666666668,True,0,11.666666666666668
33175-U74-70,0.0,0.0,0.0,0.0,0.0,0.0,0.0,0.0,0.0,0.0,False,False,False,True,0,0,False,0.0,0.0,False,0,0.0
33175-U74-90,0.0,0.0,0.0,0.0,0.0,0.0,0.0,0.0,0.0,0.0,False,False,False,True,0,0,False,0.0,19.133333333333333,True,0,19.133333333333333
33175-VF3-160,0.0,0.0,0.0,0.0,0.0,0.0,0.0,42.0,0.0,0.0,False,False,True,False,0,0,False,0.0,0.0,False,0,0.0
33176-NQ3-130,0.0,0.0,0.0,0.0,1.0,1.0,0.0,0.0,0.0,0.0,False,True,False,False,0,0,False,0.0,0.0,False,1,1.0
33176-NQ8-160,0.0,0.0,0.0,0.0,1.0,1.0,0.0,0.0,0.0,0.0,False,True,False,False,0,0,False,0.0,0.0,False,1,1.0
33218-011-100,23.0,17.0,0.4107142857142857,2.875,0.0,0.0,0.0,0.0,0.0,0.0,True,False,False,True,2,1,True,3.5555555555555554,16.955555555555556,True,16,69.76055555555556
33218-011-110,59.0,28.0,1.0535714285714286,7.375,0.0,0.0,0.0,0.0,0.0,0.0,True,False,False,True,2,1,True,5.533333333333333,21.933333333333334,True,22,106.54833333333335
33218-011-120,133.0,34.0,2.375,16.625,0.0,0.0,0.0,0.0,0.0,0.0,True,False,False,True,2,1,True,7.488888888888889,39.2,True,33,183.97944444444445
33218-011-130,178.0,37.0,3.1785714285714284,22.25,0.0,0.0,0.0,0.0,0.0,0.0,True,False,False,True,2,1,True,16.844444444444445,84.62222222222222,True,42,242.77222222222224
33218-011-140,0.0,0.0,0.0,0.0,0.0,0.0,0.0,0.0,0.0,0.0,False,False,False,False,2,1,True,23.08888888888889,130.04444444444442,True,32,160.53333333333333
33218-011-150,0.0,0.0,0.0,0.0,0.0,0.0,0.0,0.0,0.0,0.0,False,False,False,False,2,1,True,12.911111111111111,76.68888888888888,True,22,110.60000000000001
33218-011-160,0.0,0.0,0.0,0.0,0.0,0.0,0.0,0.0,0.0,0.0,False,False,False,False,2,1,True,11.177777777777777,84.15555555555555,True,21,117.9111111111111
33218-011-85,18.0,14.0,0.32142857142857145,2.25,0.0,0.0,0.0,0.0,0.0,0.0,True,False,False,True,2,1,True,0.8444444444444444,7.0,True,15,62.000000000000014
33218-011-90,22.0,15.0,0.39285714285714285,2.75,0.0,0.0,0.0,0.0,0.0,0.0,True,False,False,True,2,1,True,2.2888888888888888,12.755555555555555,True,16,67.53333333333333
33218-16N-100,0.0,0.0,0.0,0.0,0.0,0.0,0.0,62.0,0.0,0.0,False,False,True,False,0,0,False,3.2666666666666666,32.666666666666664,True,3,32.666666666666664
33218-16N-120,0.0,0.0,0.0,0.0,0.0,0.0,0.0,1.0,0.0,0.0,False,False,True,False,0,0,False,14.066666666666666,103.13333333333333,True,14,103.13333333333334
33218-16N-130,0.0,0.0,0.0,0.0,0.0,0.0,0.0,4.0,0.0,0.0,False,False,True,False,0,0,False,12.511111111111111,117.9111111111111,True,13,117.9111111111111
33218-1AY-100,134.0,30.0,2.392857142857143,16.75,0.0,0.0,0.0,0.0,0.0,0.0,True,False,False,False,0,0,False,20.822222222222223,75.91111111111111,True,29,168.10638888888892
33218-1AY-130,1.0,1.0,0.017857142857142856,0.125,0.0,0.0,0.0,0.0,0.0,0.0,True,False,False,False,0,0,False,29.955555555555556,133.0,True,11,47.606249999999996
33218-1AY-85,103.0,29.0,1.8392857142857142,12.875,0.0,0.0,0.0,0.0,0.0,0.0,True,False,False,True,0,0,False,12.466666666666667,38.422222222222224,True,21,122.2415277777778
33218-1AY-90,101.0,28.0,1.8035714285714286,12.625,0.0,0.0,0.0,0.0,0.0,0.0,True,False,False,False,0,0,False,15.244444444444444,58.33333333333333,True,22,127.09791666666668
33218-1KJ-100,7.0,4.0,0.125,0.875,0.0,0.0,0.0,0.0,0.0,0.0,True,False,False,False,0,0,False,3.466666666666667,13.377777777777776,True,2,12.075972222222225
33218-1KJ-110,46.0,20.0,0.8214285714285714,5.75,0.0,0.0,0.0,0.0,0.0,0.0,True,False,False,False,0,0,False,4.355555555555555,20.84444444444444,True,9,55.883055555555565
33218-1KJ-120,69.0,20.0,1.2321428571428572,8.625,0.0,0.0,0.0,0.0,0.0,0.0,True,False,False,False,0,0,False,4.977777777777778,21.933333333333334,True,13,80.55791666666667
33218-1KJ-130,55.0,18.0,0.9821428571428571,6.875,0.0,0.0,0.0,0.0,0.0,0.0,True,False,False,False,0,0,False,7.2444444444444445,27.377777777777776,True,11,67.67597222222221
33218-1KJ-90,1.0,1.0,0.017857142857142856,0.125,0.0,0.0,0.0,0.0,0.0,0.0,True,False,False,False,0,0,False,2.7111111111111112,13.533333333333333,True,1,5.792916666666666
33218-2SZ-100,39.0,18.0,0.6964285714285714,4.875,8.0,5.0,3.0,0.0,0.0,0.0,True,True,False,True,2,1,True,0.7111111111111111,6.377777777777778,True,19,87.20277777777777
33218-2SZ-110,56.0,28.0,1.0,7.0,6.0,3.0,3.0,0.0,0.0,0.0,True,True,False,True,2,1,True,0.7555555555555555,5.444444444444445,True,21,103.34222222222222
33218-2SZ-120,114.0,37.0,2.0357142857142856,14.25,6.0,3.0,3.0,0.0,0.0,0.0,True,True,False,True,2,1,True,2.6666666666666665,13.844444444444445,True,30,162.72333333333336
33218-2SZ-130,203.0,42.0,3.625,25.375,39.0,20.0,19.0,0.0,0.0,0.0,True,True,False,True,2,1,True,3.7111111111111112,28.0,True,68,254.0172222222223
33218-2SZ-140,0.0,0.0,0.0,0.0,0.0,0.0,0.0,0.0,0.0,0.0,False,False,False,False,2,1,True,7.4222222222222225,45.733333333333334,True,20,90.39999999999999
33218-2SZ-150,0.0,0.0,0.0,0.0,0.0,0.0,0.0,0.0,0.0,0.0,False,False,False,False,2,1,True,0.0,17.11111111111111,True,13,64.11111111111111
33218-2SZ-160,0.0,0.0,0.0,0.0,0.0,0.0,0.0,0.0,0.0,0.0,False,False,False,False,2,1,True,0.0,27.377777777777776,True,13,74.37777777777778
33218-2SZ-85,15.0,12.0,0.26785714285714285,1.875,0.0,0.0,0.0,0.0,0.0,0.0,True,False,False,True,2,1,True,0.0,1.088888888888889,True,17,67.25611111111111
33218-2SZ-90,16.0,8.0,0.2857142857142857,2.0,4.0,3.0,1.0,0.0,0.0,0.0,True,True,False,True,2,1,True,0.33333333333333337,2.9555555555555557,True,16,64.33444444444444
33218-SR4-100,20.0,12.0,0.35714285714285715,2.5,0.0,0.0,0.0,0.0,0.0,0.0,True,False,False,False,0,0,False,16.644444444444446,50.4,True,9,38.765
33218-SR4-110,17.0,8.0,0.30357142857142855,2.125,0.0,0.0,0.0,0.0,0.0,0.0,True,False,False,False,0,0,False,22.044444444444444,70.93333333333334,True,10,42.78291666666666
33218-SR4-120,109.0,27.0,1.9464285714285714,13.625,0.0,0.0,0.0,0.0,0.0,0.0,True,False,False,False,0,0,False,28.6,115.73333333333333,True,28,155.63791666666668
33218-SR4-85,4.0,2.0,0.07142857142857142,0.5,0.0,0.0,0.0,0.0,0.0,0.0,True,False,False,False,0,0,False,5.777777777777778,19.133333333333333,True,3,10.921666666666667
33218-SR4-90,67.0,22.0,1.1964285714285714,8.375,0.0,0.0,0.0,0.0,0.0,0.0,True,False,False,False,0,0,False,9.133333333333333,33.28888888888889,True,14,82.4198611111111
33218-TB4-100,0.0,0.0,0.0,0.0,0.0,0.0,0.0,4.0,0.0,0.0,False,False,True,False,0,0,False,0.0,0.0,False,0,0.0
33218-TB4-120,0.0,0.0,0.0,0.0,0.0,0.0,0.0,1.0,0.0,0.0,False,False,True,False,0,0,False,0.0,0.0,False,0,0.0
33218-TB4-140,0.0,0.0,0.0,0.0,0.0,0.0,0.0,1.0,0.0,0.0,False,False,True,False,0,0,False,0.0,0.0,False,0,0.0
33218-TB4-90,0.0,0.0,0.0,0.0,0.0,0.0,0.0,5.0,0.0,0.0,False,False,True,False,0,0,False,0.0,0.0,False,0,0.0
33218-TD4-140,0.0,0.0,0.0,0.0,0.0,0.0,0.0,4.0,0.0,0.0,False,False,True,False,0,0,False,0.0,0.0,False,0,0.0
33218-TD4-90,0.0,0.0,0.0,0.0,0.0,0.0,0.0,27.0,0.0,0.0,False,False,True,False,0,0,False,0.0,0.0,False,0,0.0
33218-TT2-90,0.0,0.0,0.0,0.0,0.0,0.0,0.0,62.0,0.0,0.0,False,False,True,False,0,0,False,0.0,0.0,False,0,0.0
3333,13.0,8.0,0.23214285714285715,1.625,0.0,0.0,0.0,0.0,0.0,0.0,True,False,False,False,0,0,False,22.711111111111112,140.93333333333334,True,10,63.05791666666667
36086-011-110,0.0,0.0,0.0,0.0,1.0,1.0,0.0,0.0,0.0,0.0,False,True,False,False,0,0,False,0.0,0.0,False,1,1.0
36086-011-120,0.0,0.0,0.0,0.0,1.0,1.0,0.0,0.0,0.0,0.0,False,True,False,False,0,0,False,0.0,0.0,False,1,1.0
36086-011-130,0.0,0.0,0.0,0.0,1.0,1.0,0.0,0.0,0.0,0.0,False,True,False,False,0,0,False,0.0,0.0,False,1,1.0
36086-011-140,0.0,0.0,0.0,0.0,1.0,1.0,0.0,0.0,0.0,0.0,False,True,False,False,0,0,False,0.0,0.0,False,1,1.0
36086-015-100,0.0,0.0,0.0,0.0,1.0,1.0,0.0,0.0,0.0,0.0,False,True,False,False,0,0,False,0.0,0.0,False,1,1.0
36086-015-120,0.0,0.0,0.0,0.0,2.0,2.0,0.0,0.0,0.0,0.0,False,True,False,False,0,0,False,0.0,0.0,False,2,2.0
36086-015-130,0.0,0.0,0.0,0.0,2.0,2.0,0.0,0.0,0.0,0.0,False,True,False,False,0,0,False,0.0,0.0,False,2,2.0
36086-015-140,0.0,0.0,0.0,0.0,1.0,1.0,0.0,0.0,0.0,0.0,False,True,False,False,0,0,False,0.0,0.0,False,1,1.0
36086-45H-130,0.0,0.0,0.0,0.0,1.0,1.0,0.0,0.0,0.0,0.0,False,True,False,False,0,0,False,0.0,0.0,False,1,1.0
36086-A91-120,0.0,0.0,0.0,0.0,1.0,1.0,0.0,0.0,0.0,0.0,False,True,False,False,0,0,False,0.0,0.0,False,1,1.0
36086-A91-130,0.0,0.0,0.0,0.0,2.0,2.0,0.0,0.0,0.0,0.0,False,True,False,False,0,0,False,0.0,0.0,False,2,2.0
36086-A91-140,0.0,0.0,0.0,0.0,1.0,1.0,0.0,0.0,0.0,0.0,False,True,False,False,0,0,False,0.0,0.0,False,1,1.0
36086-KZ0-130,0.0,0.0,0.0,0.0,1.0,1.0,0.0,0.0,0.0,0.0,False,True,False,False,0,0,False,0.0,0.0,False,1,1.0
36086-KZ6-110,0.0,0.0,0.0,0.0,1.0,1.0,0.0,0.0,0.0,0.0,False,True,False,False,0,0,False,0.0,0.0,False,1,1.0
36754-05T-150,0.0,0.0,0.0,0.0,1.0,1.0,0.0,0.0,0.0,0.0,False,True,False,False,0,0,False,0.0,0.0,False,1,1.0
36754-A91-110,0.0,0.0,0.0,0.0,1.0,1.0,0.0,0.0,0.0,0.0,False,True,False,False,0,0,False,0.0,0.0,False,1,1.0
36754-GK3-120,0.0,0.0,0.0,0.0,1.0,1.0,0.0,0.0,0.0,0.0,False,True,False,False,0,0,False,0.2,0.3111111111111111,True,1,1.1555555555555554
36754-M23-120,0.0,0.0,0.0,0.0,1.0,1.0,0.0,0.0,0.0,0.0,False,True,False,False,0,0,False,0.0,0.0,False,1,1.0
36754-M23-130,0.0,0.0,0.0,0.0,1.0,1.0,0.0,0.0,0.0,0.0,False,True,False,False,0,0,False,0.0,0.0,False,1,1.0
37028-3QB-100,75.0,35.0,1.3392857142857142,9.375,0.0,0.0,0.0,0.0,0.0,0.0,True,False,False,True,2,1,True,0.08888888888888889,57.08888888888889,True,20,113.38736111111109
37028-3QB-110,0.0,0.0,0.0,0.0,0.0,0.0,0.0,0.0,0.0,0.0,False,False,False,False,2,1,True,0.06666666666666667,79.17777777777778,True,5,96.17777777777778
37028-3QB-120,0.0,0.0,0.0,0.0,0.0,0.0,0.0,0.0,0.0,0.0,False,False,False,True,2,1,True,0.15555555555555556,126.46666666666667,True,5,143.46666666666664
37028-3QB-130,0.0,0.0,0.0,0.0,0.0,0.0,0.0,0.0,0.0,0.0,False,False,False,True,2,1,True,0.022222222222222223,118.68888888888888,True,5,135.6888888888889
37028-3QB-140,0.0,0.0,0.0,0.0,0.0,0.0,0.0,0.0,0.0,0.0,False,False,False,True,2,1,True,0.044444444444444446,84.3111111111111,True,5,101.3111111111111
37028-3QB-150,0.0,0.0,0.0,0.0,0.0,0.0,0.0,0.0,0.0,0.0,False,False,False,False,2,1,True,0.06666666666666667,53.511111111111106,True,5,70.5111111111111
37028-3QB-160,0.0,0.0,0.0,0.0,0.0,0.0,0.0,0.0,0.0,0.0,False,False,False,False,2,1,True,0.0,36.08888888888889,True,5,53.08888888888889
37028-3QB-85,14.0,12.0,0.25,1.75,0.0,0.0,0.0,0.0,0.0,0.0,True,False,False,True,2,1,True,0.0,19.91111111111111,True,8,39.45638888888889
37028-3QB-90,39.0,26.0,0.6964285714285714,4.875,0.0,0.0,0.0,0.0,0.0,0.0,True,False,False,True,2,1,True,0.0,34.84444444444445,True,13,72.33930555555554
37028-4KZ-100,100.0,41.0,1.7857142857142858,12.5,0.0,0.0,0.0,0.0,0.0,0.0,True,False,False,True,2,1,True,0.044444444444444446,37.48888888888889,True,35,175.74611111111113
37028-4KZ-110,164.0,43.0,2.9285714285714284,20.5,0.0,0.0,0.0,0.0,0.0,0.0,True,False,False,True,2,1,True,0.044444444444444446,47.91111111111111,True,47,235.84388888888896
37028-4KZ-120,0.0,0.0,0.0,0.0,0.0,0.0,0.0,0.0,0.0,0.0,False,False,False,True,2,1,True,0.0,62.68888888888888,True,15,114.68888888888888
37028-4KZ-130,1.0,1.0,0.017857142857142856,0.125,0.0,0.0,0.0,0.0,0.0,0.0,True,False,False,True,2,1,True,0.0,51.48888888888889,True,15,71.12736111111111
37028-4KZ-140,0.0,0.0,0.0,0.0,0.0,0.0,0.0,0.0,0.0,0.0,False,False,False,False,2,1,True,0.0,35.15555555555555,True,15,87.15555555555557
37028-4KZ-150,0.0,0.0,0.0,0.0,0.0,0.0,0.0,0.0,0.0,0.0,False,False,False,True,2,1,True,0.0,17.577777777777776,True,15,69.57777777777777
37028-4KZ-160,0.0,0.0,0.0,0.0,0.0,0.0,0.0,0.0,0.0,0.0,False,False,False,True,2,1,True,0.0,14.466666666666667,True,15,66.46666666666667
37028-4KZ-85,39.0,28.0,0.6964285714285714,4.875,0.0,0.0,0.0,0.0,0.0,0.0,True,False,False,True,2,1,True,0.0,20.377777777777776,True,23,103.98222222222222
37028-4KZ-90,80.0,40.0,1.4285714285714286,10.0,0.0,0.0,0.0,0.0,0.0,0.0,True,False,False,True,2,1,True,0.0,27.22222222222222,True,32,157.02777777777777
37028-4LF-100,8.0,8.0,0.14285714285714285,1.0,0.0,0.0,0.0,0.0,0.0,0.0,True,False,False,True,2,1,True,0.15555555555555556,125.53333333333333,True,2,53.16166666666666
37028-4LF-110,5.0,5.0,0.08928571428571429,0.625,0.0,0.0,0.0,0.0,0.0,0.0,True,False,False,True,2,1,True,0.044444444444444446,133.15555555555557,True,1,52.37006944444444
37028-4LF-120,12.0,9.0,0.21428571428571427,1.5,0.0,0.0,0.0,0.0,0.0,0.0,True,False,False,True,2,1,True,0.06666666666666667,147.3111111111111,True,3,65.92138888888888
37028-4LF-130,14.0,10.0,0.25,1.75,0.0,0.0,0.0,0.0,0.0,0.0,True,False,False,True,2,1,True,0.022222222222222223,112.93333333333334,True,3,56.282916666666665
37028-4LF-140,0.0,0.0,0.0,0.0,0.0,0.0,0.0,0.0,0.0,0.0,False,False,False,False,2,1,True,0.022222222222222223,67.97777777777777,True,0,67.97777777777779
37028-4LF-150,0.0,0.0,0.0,0.0,0.0,0.0,0.0,0.0,0.0,0.0,False,False,False,False,2,1,True,0.0,37.33333333333333,True,0,37.33333333333333
37028-4LF-160,0.0,0.0,0.0,0.0,0.0,0.0,0.0,0.0,0.0,0.0,False,False,False,False,2,1,True,0.0,22.71111111111111,True,0,22.71111111111111
37028-4LF-85,2.0,2.0,0.03571428571428571,0.25,0.0,0.0,0.0,0.0,0.0,0.0,True,False,False,True,2,1,True,0.044444444444444446,57.24444444444444,True,0,22.341805555555553
37028-4LF-90,2.0,2.0,0.03571428571428571,0.25,0.0,0.0,0.0,0.0,0.0,0.0,True,False,False,True,2,1,True,0.022222222222222223,106.24444444444444,True,0,39.57930555555555
37028-4ND-100,2.0,2.0,0.03571428571428571,0.25,0.0,0.0,0.0,0.0,0.0,0.0,True,False,False,True,2,1,True,0.0,38.111111111111114,True,2,19.726388888888888
37028-4ND-110,6.0,5.0,0.10714285714285714,0.75,0.0,0.0,0.0,0.0,0.0,0.0,True,False,False,True,2,1,True,0.0,51.17777777777778,True,2,29.07472222222222
37028-4ND-120,13.0,9.0,0.23214285714285715,1.625,0.0,0.0,0.0,0.0,0.0,0.0,True,False,False,True,2,1,True,0.0,96.91111111111111,True,4,52.86888888888889
37028-4ND-130,0.0,0.0,0.0,0.0,0.0,0.0,0.0,0.0,0.0,0.0,False,False,False,False,2,1,True,0.0,109.66666666666666,True,1,113.66666666666666
37028-4ND-140,0.0,0.0,0.0,0.0,0.0,0.0,0.0,0.0,0.0,0.0,False,False,False,False,2,1,True,0.0,77.77777777777777,True,1,81.77777777777777
37028-4ND-150,0.0,0.0,0.0,0.0,0.0,0.0,0.0,0.0,0.0,0.0,False,False,False,False,2,1,True,0.0,53.044444444444444,True,1,57.044444444444444
37028-4ND-160,0.0,0.0,0.0,0.0,0.0,0.0,0.0,0.0,0.0,0.0,False,False,False,False,2,1,True,0.0,38.888888888888886,True,1,42.888888888888886
37028-4ND-85,0.0,0.0,0.0,0.0,0.0,0.0,0.0,0.0,0.0,0.0,False,False,False,True,2,1,True,0.0,15.4,True,1,19.4
37028-4ND-90,3.0,3.0,0.05357142857142857,0.375,0.0,0.0,0.0,0.0,0.0,0.0,True,False,False,True,2,1,True,0.0,21.0,True,2,15.0625
37028-69U,0.0,0.0,0.0,0.0,0.0,0.0,0.0,0.0,0.0,0.0,False,False,False,False,2,1,True,0.0,0.0,False,0,0.0
37028-69U-100,0.0,0.0,0.0,0.0,0.0,0.0,0.0,0.0,0.0,0.0,False,False,False,False,2,1,True,0.0,0.0,False,0,0.0
37028-69U-110,0.0,0.0,0.0,0.0,0.0,0.0,0.0,0.0,0.0,0.0,False,False,False,False,2,1,True,0.0,0.0,False,0,0.0
37028-69U-120,0.0,0.0,0.0,0.0,0.0,0.0,0.0,0.0,0.0,0.0,False,False,False,False,2,1,True,0.0,0.0,False,0,0.0
37028-69U-130,0.0,0.0,0.0,0.0,0.0,0.0,0.0,0.0,0.0,0.0,False,False,False,False,2,1,True,0.0,0.0,False,0,0.0
37028-69U-140,0.0,0.0,0.0,0.0,0.0,0.0,0.0,0.0,0.0,0.0,False,False,False,False,2,1,True,0.0,0.0,False,0,0.0
37028-69U-150,0.0,0.0,0.0,0.0,0.0,0.0,0.0,0.0,0.0,0.0,False,False,False,False,2,1,True,0.0,0.0,False,0,0.0
37028-69U-160,0.0,0.0,0.0,0.0,0.0,0.0,0.0,0.0,0.0,0.0,False,False,False,False,2,1,True,0.0,0.0,False,0,0.0
37028-69U-60,0.0,0.0,0.0,0.0,0.0,0.0,0.0,0.0,0.0,0.0,False,False,False,False,2,1,True,0.0,0.0,False,0,0.0
37028-69U-70,0.0,0.0,0.0,0.0,0.0,0.0,0.0,0.0,0.0,0.0,False,False,False,True,2,1,True,0.0,0.0,False,0,0.0
37028-69U-75,0.0,0.0,0.0,0.0,0.0,0.0,0.0,0.0,0.0,0.0,False,False,False,True,2,1,True,0.0,0.0,False,0,0.0
37028-69U-80,0.0,0.0,0.0,0.0,0.0,0.0,0.0,0.0,0.0,0.0,False,False,False,False,2,1,True,0.0,37.8,True,0,37.8
37028-69U-80_85,0.0,0.0,0.0,0.0,0.0,0.0,0.0,0.0,0.0,0.0,False,False,False,False,2,1,True,0.0,0.0,False,0,0.0
37028-69U-85,0.0,0.0,0.0,0.0,0.0,0.0,0.0,0.0,0.0,0.0,False,False,False,False,2,1,True,0.0,0.0,False,0,0.0
37028-69U-90,0.0,0.0,0.0,0.0,0.0,0.0,0.0,0.0,0.0,0.0,False,False,False,False,2,1,True,0.0,0.0,False,0,0.0
37028-6NU-100,0.0,0.0,0.0,0.0,0.0,0.0,0.0,1683.0,0.0,0.0,False,False,True,True,0,0,False,0.0,0.0,False,0,0.0
37028-6NU-110,0.0,0.0,0.0,0.0,0.0,0.0,0.0,1624.0,0.0,0.0,False,False,True,True,0,0,False,0.0,0.0,False,0,0.0
37028-6NU-120,0.0,0.0,0.0,0.0,0.0,0.0,0.0,1783.0,0.0,0.0,False,False,True,True,0,0,False,0.0,0.0,False,0,0.0
37028-6NU-130,0.0,0.0,0.0,0.0,0.0,0.0,0.0,1321.0,0.0,0.0,False,False,True,True,0,0,False,0.0,0.0,False,0,0.0
37028-6NU-140,0.0,0.0,0.0,0.0,0.0,0.0,0.0,884.0,0.0,0.0,False,False,True,True,0,0,False,0.0,0.0,False,0,0.0
37028-6NU-150,0.0,0.0,0.0,0.0,0.0,0.0,0.0,527.0,0.0,0.0,False,False,True,True,0,0,False,0.0,0.0,False,0,0.0
37028-6NU-85,0.0,0.0,0.0,0.0,0.0,0.0,0.0,781.0,0.0,0.0,False,False,True,True,0,0,False,0.0,0.0,False,0,0.0
37028-6NU-90,0.0,0.0,0.0,0.0,0.0,0.0,0.0,1565.0,0.0,0.0,False,False,True,True,0,0,False,0.0,0.0,False,0,0.0
37028-6NV-100,0.0,0.0,0.0,0.0,0.0,0.0,0.0,2043.0,0.0,0.0,False,False,True,True,0,0,False,0.0,0.0,False,0,0.0
37028-6NV-110,0.0,0.0,0.0,0.0,0.0,0.0,0.0,1990.0,0.0,0.0,False,False,True,True,0,0,False,0.0,0.0,False,0,0.0
37028-6NV-120,0.0,0.0,0.0,0.0,0.0,0.0,0.0,2167.0,0.0,0.0,False,False,True,True,0,0,False,0.0,0.0,False,0,0.0
37028-6NV-130,0.0,0.0,0.0,0.0,0.0,0.0,0.0,1604.0,0.0,0.0,False,False,True,True,0,0,False,0.0,0.0,False,0,0.0
37028-6NV-140,0.0,0.0,0.0,0.0,0.0,0.0,0.0,1091.0,0.0,0.0,False,False,True,True,0,0,False,0.0,0.0,False,0,0.0
37028-6NV-150,0.0,0.0,0.0,0.0,0.0,0.0,0.0,657.0,0.0,0.0,False,False,True,True,0,0,False,0.0,0.0,False,0,0.0
37028-6NV-85,0.0,0.0,0.0,0.0,0.0,0.0,0.0,971.0,0.0,0.0,False,False,True,True,0,0,False,0.0,0.0,False,0,0.0
37028-6NV-90,0.0,0.0,0.0,0.0,0.0,0.0,0.0,1924.0,0.0,0.0,False,False,True,True,0,0,False,0.0,0.0,False,0,0.0
37028-6NW-100,0.0,0.0,0.0,0.0,0.0,0.0,0.0,1363.0,673.0,673.0,False,False,True,True,0,0,False,0.0,0.0,False,0,0.0
37028-6NW-110,0.0,0.0,0.0,0.0,0.0,0.0,0.0,1506.0,743.0,743.0,False,False,True,True,0,0,False,0.0,0.0,False,0,0.0
37028-6NW-120,0.0,0.0,0.0,0.0,0.0,0.0,0.0,1672.0,826.0,826.0,False,False,True,True,0,0,False,0.0,0.0,False,0,0.0
37028-6NW-130,0.0,0.0,0.0,0.0,0.0,0.0,0.0,1404.0,693.0,693.0,False,False,True,True,0,0,False,0.0,0.0,False,0,0.0
37028-6NW-140,0.0,0.0,0.0,0.0,0.0,0.0,0.0,820.0,405.0,405.0,False,False,True,True,0,0,False,0.0,0.0,False,0,0.0
37028-6NW-150,0.0,0.0,0.0,0.0,0.0,0.0,0.0,478.0,239.0,239.0,False,False,True,True,0,0,False,0.0,0.0,False,0,0.0
37028-6NW-85,0.0,0.0,0.0,0.0,0.0,0.0,0.0,646.0,319.0,319.0,False,False,True,True,0,0,False,0.0,0.0,False,0,0.0
37028-6NW-90,0.0,0.0,0.0,0.0,0.0,0.0,0.0,1220.0,602.0,602.0,False,False,True,True,0,0,False,0.0,0.0,False,0,0.0
37028-6NX-100,0.0,0.0,0.0,0.0,0.0,0.0,0.0,886.0,0.0,0.0,False,False,True,True,0,0,False,0.0,0.0,False,0,0.0
37028-6NX-110,0.0,0.0,0.0,0.0,0.0,0.0,0.0,1174.0,0.0,0.0,False,False,True,True,0,0,False,0.0,0.0,False,0,0.0
37028-6NX-120,0.0,0.0,0.0,0.0,0.0,0.0,0.0,1620.0,0.0,0.0,False,False,True,True,0,0,False,0.0,0.0,False,0,0.0
37028-6NX-130,0.0,0.0,0.0,0.0,0.0,0.0,0.0,1200.0,0.0,0.0,False,False,True,True,0,0,False,0.0,0.0,False,0,0.0
37028-6NX-140,0.0,0.0,0.0,0.0,0.0,0.0,0.0,764.0,0.0,0.0,False,False,True,True,0,0,False,0.0,0.0,False,0,0.0
37028-6NX-150,0.0,0.0,0.0,0.0,0.0,0.0,0.0,414.0,0.0,0.0,False,False,True,True,0,0,False,0.0,0.0,False,0,0.0
37028-6NX-85,0.0,0.0,0.0,0.0,0.0,0.0,0.0,471.0,0.0,0.0,False,False,True,True,0,0,False,0.0,0.0,False,0,0.0
37028-6NX-90,0.0,0.0,0.0,0.0,0.0,0.0,0.0,748.0,0.0,0.0,False,False,True,True,0,0,False,0.0,0.0,False,0,0.0
37028-6NZ-100,0.0,0.0,0.0,0.0,0.0,0.0,0.0,876.0,428.0,428.0,False,False,True,True,0,0,False,0.0,0.0,False,0,0.0
37028-6NZ-110,0.0,0.0,0.0,0.0,0.0,0.0,0.0,848.0,415.0,415.0,False,False,True,True,0,0,False,0.0,0.0,False,0,0.0
37028-6NZ-120,0.0,0.0,0.0,0.0,0.0,0.0,0.0,927.0,453.0,453.0,False,False,True,True,0,0,False,0.0,0.0,False,0,0.0
37028-6NZ-130,0.0,0.0,0.0,0.0,0.0,0.0,0.0,687.0,336.0,336.0,False,False,True,True,0,0,False,0.0,0.0,False,0,0.0
37028-6NZ-140,0.0,0.0,0.0,0.0,0.0,0.0,0.0,464.0,227.0,227.0,False,False,True,True,0,0,False,0.0,0.0,False,0,0.0
37028-6NZ-150,0.0,0.0,0.0,0.0,0.0,0.0,0.0,279.0,137.0,137.0,False,False,True,True,0,0,False,0.0,0.0,False,0,0.0
37028-6NZ-85,0.0,0.0,0.0,0.0,0.0,0.0,0.0,414.0,202.0,202.0,False,False,True,True,0,0,False,0.0,0.0,False,0,0.0
37028-6NZ-90,0.0,0.0,0.0,0.0,0.0,0.0,0.0,823.0,402.0,402.0,False,False,True,True,0,0,False,0.0,0.0,False,0,0.0
37028-6O6-100,0.0,0.0,0.0,0.0,0.0,0.0,0.0,723.0,353.0,353.0,False,False,True,True,0,0,False,0.0,0.0,False,0,0.0
37028-6O6-110,0.0,0.0,0.0,0.0,0.0,0.0,0.0,822.0,402.0,402.0,False,False,True,True,0,0,False,0.0,0.0,False,0,0.0
37028-6O6-120,0.0,0.0,0.0,0.0,0.0,0.0,0.0,1046.0,511.0,511.0,False,False,True,True,0,0,False,0.0,0.0,False,0,0.0
37028-6O6-130,0.0,0.0,0.0,0.0,0.0,0.0,0.0,884.0,432.0,432.0,False,False,True,True,0,0,False,0.0,0.0,False,0,0.0
37028-6O6-140,0.0,0.0,0.0,0.0,0.0,0.0,0.0,575.0,281.0,281.0,False,False,True,True,0,0,False,0.0,0.0,False,0,0.0
37028-6O6-150,0.0,0.0,0.0,0.0,0.0,0.0,0.0,320.0,156.0,156.0,False,False,True,True,0,0,False,0.0,0.0,False,0,0.0
37028-6O6-85,0.0,0.0,0.0,0.0,0.0,0.0,0.0,347.0,170.0,170.0,False,False,True,True,0,0,False,0.0,0.0,False,0,0.0
37028-6O6-90,0.0,0.0,0.0,0.0,0.0,0.0,0.0,603.0,295.0,295.0,False,False,True,True,0,0,False,0.0,0.0,False,0,0.0
37028-6OA-100,0.0,0.0,0.0,0.0,0.0,0.0,0.0,529.0,0.0,0.0,False,False,True,True,0,0,False,0.0,0.0,False,0,0.0
37028-6OA-110,0.0,0.0,0.0,0.0,0.0,0.0,0.0,615.0,0.0,0.0,False,False,True,True,0,0,False,0.0,0.0,False,0,0.0
37028-6OA-120,0.0,0.0,0.0,0.0,0.0,0.0,0.0,784.0,0.0,0.0,False,False,True,True,0,0,False,0.0,0.0,False,0,0.0
37028-6OA-130,0.0,0.0,0.0,0.0,0.0,0.0,0.0,663.0,0.0,0.0,False,False,True,True,0,0,False,0.0,0.0,False,0,0.0
37028-6OA-140,0.0,0.0,0.0,0.0,0.0,0.0,0.0,431.0,0.0,0.0,False,False,True,True,0,0,False,0.0,0.0,False,0,0.0
37028-6OA-150,0.0,0.0,0.0,0.0,0.0,0.0,0.0,240.0,0.0,0.0,False,False,True,True,0,0,False,0.0,0.0,False,0,0.0
37028-6OA-85,0.0,0.0,0.0,0.0,0.0,0.0,0.0,260.0,0.0,0.0,False,False,True,True,0,0,False,0.0,0.0,False,0,0.0
37028-6OA-90,0.0,0.0,0.0,0.0,0.0,0.0,0.0,452.0,0.0,0.0,False,False,True,True,0,0,False,0.0,0.0,False,0,0.0
37028-BS8-110,0.0,0.0,0.0,0.0,30.0,30.0,0.0,0.0,0.0,0.0,False,True,False,False,0,0,False,0.0,0.0,False,30,30.0
37028-NA4-130,0.0,0.0,0.0,0.0,1.0,1.0,0.0,0.0,0.0,0.0,False,True,False,False,0,0,False,0.0,0.0,False,1,1.0
37028-NA4-90,0.0,0.0,0.0,0.0,1.0,1.0,0.0,0.0,0.0,0.0,False,True,False,False,0,0,False,0.0,0.0,False,1,1.0
37028-TA8-130,0.0,0.0,0.0,0.0,1.0,1.0,0.0,0.0,0.0,0.0,False,True,False,False,0,0,False,0.0,0.0,False,1,1.0
37741-HE2-M,0.0,0.0,0.0,0.0,1.0,1.0,0.0,0.0,0.0,0.0,False,True,False,False,0,0,False,0.0,0.0,False,1,1.0
39973-48Q-100,5.0,4.0,0.08928571428571429,0.625,0.0,0.0,0.0,0.0,0.0,0.0,True,False,False,False,2,1,True,5.088888888888889,37.17777777777778,True,6,30.179444444444446
39973-48Q-110,34.0,21.0,0.6071428571428571,4.25,0.0,0.0,0.0,0.0,0.0,0.0,True,False,False,True,2,1,True,9.555555555555555,88.97777777777777,True,11,75.9311111111111
39973-48Q-120,54.0,30.0,0.9642857142857143,6.75,2.0,1.0,1.0,0.0,0.0,0.0,True,True,False,True,2,1,True,23.822222222222223,169.08888888888887,True,19,121.8911111111111
39973-48Q-130,55.0,23.0,0.9821428571428571,6.875,2.0,1.0,1.0,0.0,0.0,0.0,True,True,False,True,2,1,True,14.68888888888889,127.71111111111111,True,16,110.07166666666666
39973-48Q-140,0.0,0.0,0.0,0.0,0.0,0.0,0.0,0.0,0.0,0.0,False,False,False,True,2,1,True,11.355555555555556,91.3111111111111,True,14,100.88888888888889
39973-48Q-150,0.0,0.0,0.0,0.0,0.0,0.0,0.0,0.0,0.0,0.0,False,False,False,False,2,1,True,6.9111111111111105,62.222222222222214,True,10,72.4222222222222
39973-48Q-60,3.0,3.0,0.05357142857142857,0.375,0.0,0.0,0.0,0.0,0.0,0.0,True,False,False,False,2,1,True,0.26666666666666666,2.022222222222222,True,4,17.28902777777778
39973-48Q-85,8.0,7.0,0.14285714285714285,1.0,0.0,0.0,0.0,0.0,0.0,0.0,True,False,False,True,2,1,True,0.5777777777777777,5.911111111111111,True,5,22.86888888888889
39973-48Q-90,4.0,4.0,0.07142857142857142,0.5,0.0,0.0,0.0,0.0,0.0,0.0,True,False,False,False,2,1,True,1.8444444444444446,18.822222222222223,True,5,23.16111111111111
39973-AH1-100,16.0,12.0,0.2857142857142857,2.0,0.0,0.0,0.0,0.0,0.0,0.0,True,False,False,True,2,1,True,9.8,67.66666666666666,True,8,46.46666666666667
39973-AH1-110,22.0,15.0,0.39285714285714285,2.75,0.0,0.0,0.0,0.0,0.0,0.0,True,False,False,True,2,1,True,11.511111111111111,120.55555555555554,True,9,70.01111111111109
39973-AH1-120,79.0,33.0,1.4107142857142858,9.875,3.0,2.0,1.0,0.0,0.0,0.0,True,True,False,True,2,1,True,21.42222222222222,210.15555555555554,True,21,160.01152067550504
39973-AH1-130,0.0,0.0,0.0,0.0,0.0,0.0,0.0,0.0,0.0,0.0,False,False,False,False,2,1,True,17.066666666666666,181.84444444444443,True,18,184.71111111111114
39973-AH1-140,0.0,0.0,0.0,0.0,0.0,0.0,0.0,0.0,0.0,0.0,False,False,False,True,2,1,True,12.577777777777778,130.51111111111112,True,14,134.3111111111111
39973-AH1-150,0.0,0.0,0.0,0.0,0.0,0.0,0.0,0.0,0.0,0.0,False,False,False,True,2,1,True,10.222222222222221,90.06666666666666,True,11,94.95555555555555
39973-AH1-60,5.0,3.0,0.08928571428571429,0.625,2.0,1.0,1.0,0.0,0.0,0.0,True,True,False,True,2,1,True,0.22222222222222224,4.977777777777778,True,3,15.21902777777778
39973-AH1-85,9.0,8.0,0.16071428571428573,1.125,0.0,0.0,0.0,0.0,0.0,0.0,True,False,False,True,2,1,True,2.1333333333333333,22.4,True,4,24.179444444444446
39973-AH1-90,14.0,10.0,0.25,1.75,0.0,0.0,0.0,0.0,0.0,0.0,True,False,False,True,2,1,True,4.177777777777778,45.266666666666666,True,6,37.00333333333334
40152-011-1,0.0,0.0,0.0,0.0,0.0,0.0,0.0,7.0,0.0,0.0,False,False,True,False,0,0,False,0.0,0.0,False,0,0.0
40152-011-10,0.0,0.0,0.0,0.0,0.0,0.0,0.0,1.0,0.0,0.0,False,False,True,False,0,0,False,0.0,0.0,False,0,0.0
40152-011-12,0.0,0.0,0.0,0.0,0.0,0.0,0.0,10.0,0.0,0.0,False,False,True,False,0,0,False,0.0,0.0,False,0,0.0
40152-011-1Y,0.0,0.0,0.0,0.0,0.0,0.0,0.0,5.0,0.0,0.0,False,False,True,False,0,0,False,0.0,0.0,False,0,0.0
40152-011-2,0.0,0.0,0.0,0.0,0.0,0.0,0.0,36.0,0.0,0.0,False,False,True,False,0,0,False,0.0,0.0,False,0,0.0
40152-011-3Y,0.0,0.0,0.0,0.0,0.0,0.0,0.0,33.0,0.0,0.0,False,False,True,False,0,0,False,0.0,0.0,False,0,0.0
40152-011-5,0.0,0.0,0.0,0.0,0.0,0.0,0.0,6.0,0.0,0.0,False,False,True,False,0,0,False,0.0,0.0,False,0,0.0
40152-05T-1,0.0,0.0,0.0,0.0,0.0,0.0,0.0,6.0,0.0,0.0,False,False,True,False,0,0,False,0.0,0.0,False,0,0.0
40152-05T-10,0.0,0.0,0.0,0.0,0.0,0.0,0.0,6.0,0.0,0.0,False,False,True,False,0,0,False,0.0,0.0,False,0,0.0
40152-05T-12,0.0,0.0,0.0,0.0,0.0,0.0,0.0,3.0,0.0,0.0,False,False,True,False,0,0,False,0.0,0.0,False,0,0.0
40152-05T-1Y,0.0,0.0,0.0,0.0,0.0,0.0,0.0,7.0,0.0,0.0,False,False,True,False,0,0,False,0.0,0.0,False,0,0.0
40152-05T-2,0.0,0.0,0.0,0.0,0.0,0.0,0.0,26.0,0.0,0.0,False,False,True,False,0,0,False,0.0,0.0,False,0,0.0
40152-05T-3Y,0.0,0.0,0.0,0.0,0.0,0.0,0.0,3.0,0.0,0.0,False,False,True,False,0,0,False,0.0,0.0,False,0,0.0
40152-05T-5,0.0,0.0,0.0,0.0,0.0,0.0,0.0,4.0,0.0,0.0,False,False,True,False,0,0,False,0.0,0.0,False,0,0.0
40152-05T-7,0.0,0.0,0.0,0.0,0.0,0.0,0.0,12.0,0.0,0.0,False,False,True,False,0,0,False,0.0,0.0,False,0,0.0
40152-41T-1,0.0,0.0,0.0,0.0,0.0,0.0,0.0,8.0,0.0,0.0,False,False,True,False,0,0,False,0.0,0.0,False,0,0.0
40152-41T-10,0.0,0.0,0.0,0.0,0.0,0.0,0.0,7.0,0.0,0.0,False,False,True,False,0,0,False,0.0,0.0,False,0,0.0
40152-41T-12,0.0,0.0,0.0,0.0,0.0,0.0,0.0,10.0,0.0,0.0,False,False,True,False,0,0,False,0.0,0.0,False,0,0.0
40152-41T-1Y,0.0,0.0,0.0,0.0,0.0,0.0,0.0,20.0,0.0,0.0,False,False,True,False,0,0,False,0.0,0.0,False,0,0.0
40152-41T-2,0.0,0.0,0.0,0.0,0.0,0.0,0.0,11.0,0.0,0.0,False,False,True,False,0,0,False,0.0,0.0,False,0,0.0
40152-41T-3Y,0.0,0.0,0.0,0.0,0.0,0.0,0.0,38.0,0.0,0.0,False,False,True,False,0,0,False,0.0,0.0,False,0,0.0
40152-41T-7,0.0,0.0,0.0,0.0,0.0,0.0,0.0,6.0,0.0,0.0,False,False,True,False,0,0,False,0.0,0.0,False,0,0.0
40152-A79-10,0.0,0.0,0.0,0.0,1.0,1.0,0.0,0.0,0.0,0.0,False,True,False,False,0,0,False,0.0,0.0,False,1,1.0
40152-A79-5,0.0,0.0,0.0,0.0,1.0,1.0,0.0,0.0,0.0,0.0,False,True,False,False,0,0,False,0.0,0.0,False,1,1.0
40152-A91-10,0.0,0.0,0.0,0.0,0.0,0.0,0.0,2.0,0.0,0.0,False,False,True,False,0,0,False,0.0,0.0,False,0,0.0
40152-A91-12,0.0,0.0,0.0,0.0,0.0,0.0,0.0,12.0,0.0,0.0,False,False,True,False,0,0,False,0.0,0.0,False,0,0.0
40152-A91-1Y,0.0,0.0,0.0,0.0,0.0,0.0,0.0,36.0,0.0,0.0,False,False,True,False,0,0,False,0.0,0.0,False,0,0.0
40152-A91-2,0.0,0.0,0.0,0.0,0.0,0.0,0.0,26.0,0.0,0.0,False,False,True,False,0,0,False,0.0,0.0,False,0,0.0
40152-A91-3Y,0.0,0.0,0.0,0.0,0.0,0.0,0.0,4.0,0.0,0.0,False,False,True,False,0,0,False,0.0,0.0,False,0,0.0
40152-A91-5,0.0,0.0,0.0,0.0,0.0,0.0,0.0,54.0,0.0,0.0,False,False,True,False,0,0,False,0.0,0.0,False,0,0.0
40152-A91-7,0.0,0.0,0.0,0.0,0.0,0.0,0.0,3.0,0.0,0.0,False,False,True,False,0,0,False,0.0,0.0,False,0,0.0
40152-LA0-10,0.0,0.0,0.0,0.0,1.0,1.0,0.0,0.0,0.0,0.0,False,True,False,False,0,0,False,0.0,0.0,False,1,1.0
40152-LA0-12,0.0,0.0,0.0,0.0,1.0,1.0,0.0,0.0,0.0,0.0,False,True,False,False,0,0,False,0.0,0.0,False,1,1.0
40152-M23-1Y,0.0,0.0,0.0,0.0,0.0,0.0,0.0,97.0,0.0,0.0,False,False,True,False,0,0,False,0.0,0.0,False,0,0.0
40152-NV2-1,0.0,0.0,0.0,0.0,0.0,0.0,0.0,10.0,0.0,0.0,False,False,True,False,0,0,False,0.0,0.0,False,0,0.0
40152-NV2-10,0.0,0.0,0.0,0.0,0.0,0.0,0.0,12.0,0.0,0.0,False,False,True,False,0,0,False,0.0,0.0,False,0,0.0
40152-NV2-12,0.0,0.0,0.0,0.0,0.0,0.0,0.0,2.0,0.0,0.0,False,False,True,False,0,0,False,0.0,0.0,False,0,0.0
40152-NV2-1Y,0.0,0.0,0.0,0.0,0.0,0.0,0.0,5.0,0.0,0.0,False,False,True,False,0,0,False,0.0,0.0,False,0,0.0
40152-NV2-2,0.0,0.0,0.0,0.0,0.0,0.0,0.0,30.0,0.0,0.0,False,False,True,False,0,0,False,0.0,0.0,False,0,0.0
40152-NV2-3Y,0.0,0.0,0.0,0.0,0.0,0.0,0.0,34.0,0.0,0.0,False,False,True,False,0,0,False,0.0,0.0,False,0,0.0
40152-NV2-5,0.0,0.0,0.0,0.0,0.0,0.0,0.0,9.0,0.0,0.0,False,False,True,False,0,0,False,0.0,0.0,False,0,0.0
40152-NV2-7,0.0,0.0,0.0,0.0,0.0,0.0,0.0,2.0,0.0,0.0,False,False,True,False,0,0,False,0.0,0.0,False,0,0.0
40152-PV5-1,0.0,0.0,0.0,0.0,0.0,0.0,0.0,20.0,0.0,0.0,False,False,True,False,0,0,False,0.0,0.0,False,0,0.0
40152-PV5-10,0.0,0.0,0.0,0.0,0.0,0.0,0.0,8.0,0.0,0.0,False,False,True,False,0,0,False,0.0,0.0,False,0,0.0
40152-PV5-1Y,0.0,0.0,0.0,0.0,0.0,0.0,0.0,12.0,0.0,0.0,False,False,True,False,0,0,False,0.0,0.0,False,0,0.0
40152-PV5-2,0.0,0.0,0.0,0.0,0.0,0.0,0.0,21.0,0.0,0.0,False,False,True,False,0,0,False,0.0,0.0,False,0,0.0
40152-PV5-5,0.0,0.0,0.0,0.0,0.0,0.0,0.0,30.0,0.0,0.0,False,False,True,False,0,0,False,0.0,0.0,False,0,0.0
40152-PV5-7,0.0,0.0,0.0,0.0,0.0,0.0,0.0,20.0,0.0,0.0,False,False,True,False,0,0,False,0.0,0.0,False,0,0.0
40152-PV5-NB,0.0,0.0,0.0,0.0,0.0,0.0,0.0,4.0,0.0,0.0,False,False,True,False,0,0,False,0.0,0.0,False,0,0.0
40899-TN6-S,0.0,0.0,0.0,0.0,0.0,0.0,0.0,4.0,0.0,0.0,False,False,True,False,0,0,False,0.0,0.0,False,0,0.0
40899-TN6-XS,0.0,0.0,0.0,0.0,0.0,0.0,0.0,2.0,0.0,0.0,False,False,True,False,0,0,False,0.0,0.0,False,0,0.0
40899-TU9-L,0.0,0.0,0.0,0.0,0.0,0.0,0.0,32.0,0.0,0.0,False,False,True,False,0,0,False,0.0,0.0,False,0,0.0
40899-TU9-M,0.0,0.0,0.0,0.0,0.0,0.0,0.0,6.0,0.0,0.0,False,False,True,False,0,0,False,0.0,0.0,False,0,0.0
40899-TU9-S,0.0,0.0,0.0,0.0,0.0,0.0,0.0,3.0,0.0,0.0,False,False,True,False,0,0,False,0.0,0.0,False,0,0.0
40899-TU9-XL,0.0,0.0,0.0,0.0,0.0,0.0,0.0,2.0,0.0,0.0,False,False,True,False,0,0,False,0.0,0.0,False,0,0.0
40899-TU9-XS,0.0,0.0,0.0,0.0,0.0,0.0,0.0,1.0,0.0,0.0,False,False,True,False,0,0,False,0.0,0.0,False,0,0.0
40899-TU9-XXL,0.0,0.0,0.0,0.0,0.0,0.0,0.0,3.0,0.0,0.0,False,False,True,False,0,0,False,0.0,0.0,False,0,0.0
41355-015-90,0.0,0.0,0.0,0.0,1.0,1.0,0.0,0.0,0.0,0.0,False,True,False,False,0,0,False,0.0,0.0,False,1,1.0
41378-015-100,0.0,0.0,0.0,0.0,1.0,1.0,0.0,0.0,0.0,0.0,False,True,False,False,0,0,False,0.0,0.0,False,1,1.0
41378-015-130,0.0,0.0,0.0,0.0,1.0,1.0,0.0,0.0,0.0,0.0,False,True,False,False,0,0,False,0.0,0.0,False,1,1.0
41378-2EL-100,0.0,0.0,0.0,0.0,0.0,0.0,0.0,0.0,0.0,0.0,False,False,False,True,0,0,False,0.0,0.3111111111111111,True,0,0.3111111111111111
41378-2EL-110,0.0,0.0,0.0,0.0,0.0,0.0,0.0,0.0,0.0,0.0,False,False,False,True,0,0,False,0.0,0.4666666666666667,True,0,0.4666666666666667
41378-2EL-120,0.0,0.0,0.0,0.0,0.0,0.0,0.0,0.0,0.0,0.0,False,False,False,True,0,0,False,0.0,0.7777777777777778,True,0,0.7777777777777778
41378-2EL-130,0.0,0.0,0.0,0.0,0.0,0.0,0.0,0.0,0.0,0.0,False,False,False,True,0,0,False,0.0,0.15555555555555556,True,0,0.15555555555555556
41378-2EL-140,0.0,0.0,0.0,0.0,0.0,0.0,0.0,0.0,0.0,0.0,False,False,False,True,0,0,False,0.0,0.0,False,0,0.0
41378-2EL-150,0.0,0.0,0.0,0.0,0.0,0.0,0.0,0.0,0.0,0.0,False,False,False,True,0,0,False,0.0,0.15555555555555556,True,0,0.15555555555555556
41378-2EL-80,0.0,0.0,0.0,0.0,0.0,0.0,0.0,0.0,0.0,0.0,False,False,False,True,0,0,False,0.0,0.0,False,0,0.0
41378-2EL-90,0.0,0.0,0.0,0.0,0.0,0.0,0.0,0.0,0.0,0.0,False,False,False,True,0,0,False,0.0,0.15555555555555556,True,0,0.15555555555555556
41378-45H-100,0.0,0.0,0.0,0.0,1.0,1.0,0.0,0.0,0.0,0.0,False,True,False,False,0,0,False,0.0,0.0,False,1,1.0
41378-45H-130,0.0,0.0,0.0,0.0,1.0,1.0,0.0,0.0,0.0,0.0,False,True,False,False,0,0,False,0.0,0.0,False,1,1.0
41378-A91-120,0.0,0.0,0.0,0.0,1.0,1.0,0.0,0.0,0.0,0.0,False,True,False,False,0,0,False,0.0,0.0,False,1,1.0
41378-A91-130,0.0,0.0,0.0,0.0,1.0,1.0,0.0,0.0,0.0,0.0,False,True,False,False,0,0,False,0.0,0.0,False,1,1.0
41378-GK3-100,0.0,0.0,0.0,0.0,2.0,2.0,0.0,0.0,0.0,0.0,False,True,False,False,0,0,False,0.0,0.0,False,2,2.0
41378-GK3-110,0.0,0.0,0.0,0.0,1.0,1.0,0.0,0.0,0.0,0.0,False,True,False,False,0,0,False,0.0,0.0,False,1,1.0
41378-GK3-120,0.0,0.0,0.0,0.0,1.0,1.0,0.0,0.0,0.0,0.0,False,True,False,False,0,0,False,0.0,0.0,False,1,1.0
41378-GK3-130,0.0,0.0,0.0,0.0,2.0,2.0,0.0,0.0,0.0,0.0,False,True,False,False,0,0,False,0.0,0.0,False,2,2.0
41378-GK3-160,0.0,0.0,0.0,0.0,1.0,1.0,0.0,0.0,0.0,0.0,False,True,False,False,0,0,False,0.0,0.0,False,1,1.0
41378-GK3-90,0.0,0.0,0.0,0.0,1.0,1.0,0.0,0.0,0.0,0.0,False,True,False,False,0,0,False,0.0,0.0,False,1,1.0
41378-JB9-120,0.0,0.0,0.0,0.0,1.0,1.0,0.0,0.0,0.0,0.0,False,True,False,False,0,0,False,0.0,0.0,False,1,1.0
41378-JB9-90,0.0,0.0,0.0,0.0,1.0,1.0,0.0,0.0,0.0,0.0,False,True,False,False,0,0,False,0.0,0.0,False,1,1.0
41378-M23-90,0.0,0.0,0.0,0.0,1.0,1.0,0.0,0.0,0.0,0.0,False,True,False,False,0,0,False,0.0,0.0,False,1,1.0
41423-SR4-100,0.0,0.0,0.0,0.0,0.0,0.0,0.0,2.0,0.0,0.0,False,False,True,False,0,0,False,6.6,136.73333333333332,True,7,136.73333333333332
41423-SR4-110,0.0,0.0,0.0,0.0,0.0,0.0,0.0,8.0,0.0,0.0,False,False,True,False,0,0,False,7.2,150.11111111111111,True,7,150.11111111111111
41423-SR4-130,0.0,0.0,0.0,0.0,0.0,0.0,0.0,1.0,0.0,0.0,False,False,True,False,0,0,False,11.022222222222222,152.13333333333333,True,11,152.13333333333333
41423-SR4-140,0.0,0.0,0.0,0.0,0.0,0.0,0.0,4.0,0.0,0.0,False,False,True,False,0,0,False,9.066666666666666,118.84444444444443,True,9,118.84444444444443
41423-SR4-150,0.0,0.0,0.0,0.0,0.0,0.0,0.0,0.0,0.0,0.0,False,False,False,True,0,0,False,6.933333333333334,105.3111111111111,True,7,105.31111111111113
41516-19H-110,0.0,0.0,0.0,0.0,1.0,1.0,0.0,0.0,0.0,0.0,False,True,False,False,0,0,False,0.0,0.0,False,1,1.0
41904-GN1-60,0.0,0.0,0.0,0.0,1.0,1.0,0.0,0.0,0.0,0.0,False,True,False,False,0,0,False,0.0,0.0,False,1,1.0
41904-HR1-80,0.0,0.0,0.0,0.0,1.0,1.0,0.0,0.0,0.0,0.0,False,True,False,False,0,0,False,0.0,0.0,False,1,1.0
41904-NF1-70,0.0,0.0,0.0,0.0,1.0,1.0,0.0,0.0,0.0,0.0,False,True,False,False,0,0,False,0.0,0.0,False,1,1.0
42026-FV7-100,0.0,0.0,0.0,0.0,0.0,0.0,0.0,0.0,0.0,0.0,False,False,False,False,2,1,True,0.0,0.0,False,0,1.0
42026-FV7-110,0.0,0.0,0.0,0.0,0.0,0.0,0.0,0.0,0.0,0.0,False,False,False,False,2,1,True,0.0,0.0,False,0,1.0
42026-FV7-120,0.0,0.0,0.0,0.0,0.0,0.0,0.0,0.0,0.0,0.0,False,False,False,False,2,1,True,0.0,0.0,False,0,1.0
42026-FV7-130,0.0,0.0,0.0,0.0,0.0,0.0,0.0,0.0,0.0,0.0,False,False,False,False,2,1,True,0.0,0.0,False,0,1.0
42026-FV7-140,0.0,0.0,0.0,0.0,0.0,0.0,0.0,0.0,0.0,0.0,False,False,False,False,2,1,True,0.0,0.0,False,0,1.0
42026-FV7-150,0.0,0.0,0.0,0.0,0.0,0.0,0.0,0.0,0.0,0.0,False,False,False,False,2,1,True,0.0,0.0,False,0,1.0
42026-FV7-160,0.0,0.0,0.0,0.0,0.0,0.0,0.0,0.0,0.0,0.0,False,False,False,False,2,1,True,0.0,0.4666666666666667,True,0,1.4666666666666663
42026-FV7-60,1.0,1.0,0.017857142857142856,0.125,0.0,0.0,0.0,0.0,0.0,0.0,True,False,False,False,2,1,True,1.3777777777777778,12.288888888888888,True,1,6.167222222222223
42026-FV7-70,14.0,12.0,0.25,1.75,2.0,1.0,1.0,0.0,0.0,0.0,True,True,False,False,2,1,True,2.3111111111111113,20.066666666666666,True,5,22.509999999999998
42026-FV7-75,0.0,0.0,0.0,0.0,0.0,0.0,0.0,0.0,0.0,0.0,False,False,False,False,2,1,True,3.8,36.86666666666667,True,4,37.846666666666664
42026-FV7-80,0.0,0.0,0.0,0.0,0.0,0.0,0.0,0.0,0.0,0.0,False,False,False,False,2,1,True,1.511111111111111,25.044444444444444,True,2,25.452777777777783
42026-FV7-80_85,0.0,0.0,0.0,0.0,0.0,0.0,0.0,0.0,0.0,0.0,False,False,False,False,2,1,True,2.2666666666666666,22.555555555555557,True,2,23.045555555555556
42026-FV7-85,0.0,0.0,0.0,0.0,0.0,0.0,0.0,0.0,0.0,0.0,False,False,False,False,2,1,True,0.2888888888888889,10.577777777777778,True,1,11.577777777777776
42026-FV7-90,0.0,0.0,0.0,0.0,0.0,0.0,0.0,0.0,0.0,0.0,False,False,False,False,2,1,True,0.0,0.0,False,0,1.0
42067-75Z-100,13.0,12.0,0.23214285714285715,1.625,0.0,0.0,0.0,9132.0,3037.0,3037.0,True,False,True,True,0,0,False,3.511111111111111,185.1111111111111,True,3,79.08888888888887
42067-75Z-110,13.0,10.0,0.23214285714285715,1.625,1.0,1.0,0.0,10837.0,3560.0,3560.0,True,True,True,True,0,0,False,4.644444444444444,200.35555555555555,True,4,83.85569444444444
42067-75Z-120,13.0,10.0,0.23214285714285715,1.625,0.0,0.0,0.0,12632.0,4232.0,4232.0,True,False,True,True,0,0,False,5.866666666666667,237.53333333333333,True,4,96.86791666666666
42067-75Z-130,1.0,1.0,0.017857142857142856,0.125,0.0,0.0,0.0,10263.0,3463.0,3463.0,True,False,True,True,0,0,False,3.533333333333333,177.79999999999998,True,1,63.286249999999995
42067-75Z-140,0.0,0.0,0.0,0.0,1.0,1.0,0.0,7473.0,2513.0,2513.0,False,True,True,True,0,0,False,3.6,126.46666666666667,True,4,126.46666666666667
42067-75Z-150,0.0,0.0,0.0,0.0,0.0,0.0,0.0,5040.0,1615.0,1615.0,False,False,True,True,0,0,False,2.977777777777778,88.66666666666666,True,3,88.66666666666666
42067-75Z-160,2.0,2.0,0.03571428571428571,0.25,0.0,0.0,0.0,3444.0,1263.0,1263.0,True,False,True,True,0,0,False,1.1555555555555554,72.8,True,1,27.5925
42067-75Z-75,0.0,0.0,0.0,0.0,0.0,0.0,0.0,1309.0,397.0,397.0,False,False,True,False,0,0,False,0.0,2.022222222222222,True,0,2.022222222222222
42067-75Z-80,1.0,1.0,0.017857142857142856,0.125,0.0,0.0,0.0,2008.0,645.0,645.0,True,False,True,False,0,0,False,0.0,1.4,True,0,2.07125
42067-75Z-85,7.0,7.0,0.125,0.875,0.0,0.0,0.0,4509.0,1487.0,1487.0,True,False,True,True,0,0,False,1.1777777777777778,82.28888888888889,True,2,36.19486111111111
42067-75Z-90,7.0,7.0,0.125,0.875,2.0,2.0,0.0,8353.0,2788.0,2788.0,True,True,True,True,0,0,False,4.066666666666666,157.1111111111111,True,4,63.5961111111111
42068-75Z-L,5.0,3.0,0.08928571428571429,0.625,2.0,1.0,1.0,0.0,0.0,0.0,True,True,False,True,2,1,True,1.2222222222222223,47.28888888888889,True,3,23.371666666666663
42068-75Z-M,1.0,1.0,0.017857142857142856,0.125,3.0,2.0,1.0,0.0,0.0,0.0,True,True,False,True,2,1,True,0.4888888888888889,36.08888888888889,True,3,16.682916666666667
42068-75Z-S,2.0,2.0,0.03571428571428571,0.25,0.0,0.0,0.0,0.0,0.0,0.0,True,False,False,True,2,1,True,0.6222222222222222,19.755555555555553,True,1,9.809999999999999
42068-75Z-XL,0.0,0.0,0.0,0.0,2.0,1.0,1.0,0.0,0.0,0.0,False,True,False,True,2,1,True,0.37777777777777777,26.444444444444443,True,2,28.444444444444443
42068-75Z-XS,0.0,0.0,0.0,0.0,2.0,1.0,1.0,0.0,0.0,0.0,False,True,False,True,2,1,True,0.0,5.6,True,2,7.6
42068-75Z-XXL,0.0,0.0,0.0,0.0,0.0,0.0,0.0,0.0,0.0,0.0,False,False,False,True,2,1,True,0.11111111111111112,10.42222222222222,True,0,11.266666666666666
42318-75Z-50,12.0,11.0,0.21428571428571427,1.5,0.0,0.0,0.0,0.0,0.0,0.0,True,False,False,True,2,1,True,4.711111111111111,98.46666666666667,True,5,50.72777777777779
42318-75Z-60,13.0,11.0,0.23214285714285715,1.625,0.0,0.0,0.0,0.0,0.0,0.0,True,False,False,True,2,1,True,5.088888888888889,93.48888888888888,True,5,50.17833333333333
42318-75Z-70,9.0,7.0,0.16071428571428573,1.125,0.0,0.0,0.0,0.0,0.0,0.0,True,False,False,True,2,1,True,6.7555555555555555,133.77777777777777,True,5,60.216111111111104
42318-75Z-75,7.0,7.0,0.125,0.875,0.0,0.0,0.0,2300.0,0.0,0.0,True,False,True,True,2,1,True,4.533333333333333,125.06666666666666,True,4,55.38055555555555
42318-75Z-80,1.0,1.0,0.017857142857142856,0.125,0.0,0.0,0.0,1500.0,0.0,0.0,True,False,True,True,2,1,True,4.7555555555555555,100.8,True,3,40.76499999999999
42318-75Z-85,5.0,5.0,0.08928571428571429,0.625,0.0,0.0,0.0,500.0,0.0,0.0,True,False,True,True,2,1,True,2.933333333333333,59.888888888888886,True,3,30.72722222222222
42318-75Z-90,4.0,4.0,0.07142857142857142,0.5,0.0,0.0,0.0,300.0,0.0,0.0,True,False,True,True,2,1,True,2.888888888888889,45.577777777777776,True,3,24.688888888888886
42318-75Z-NB,0.0,0.0,0.0,0.0,0.0,0.0,0.0,0.0,0.0,0.0,False,False,False,False,2,1,True,0.3111111111111111,6.066666666666666,True,2,11.066666666666666
42835-NV2-M,0.0,0.0,0.0,0.0,0.0,0.0,0.0,246.0,0.0,0.0,False,False,True,False,0,0,False,0.0,0.0,False,0,0.0
42835-PV5-L,0.0,0.0,0.0,0.0,0.0,0.0,0.0,8.0,0.0,0.0,False,False,True,False,0,0,False,0.0,0.0,False,0,0.0
42835-PV5-XXS,0.0,0.0,0.0,0.0,0.0,0.0,0.0,4.0,0.0,0.0,False,False,True,False,0,0,False,0.0,0.0,False,0,0.0
43197-011-100,0.0,0.0,0.0,0.0,0.0,0.0,0.0,2.0,0.0,0.0,False,False,True,False,0,0,False,7.111111111111111,50.08888888888889,True,7,50.08888888888889
43197-011-110,0.0,0.0,0.0,0.0,0.0,0.0,0.0,6.0,0.0,0.0,False,False,True,False,0,0,False,6.177777777777778,44.48888888888889,True,6,44.48888888888887
43197-011-120,0.0,0.0,0.0,0.0,1.0,1.0,0.0,14.0,0.0,0.0,False,True,True,False,0,0,False,13.288888888888888,83.22222222222221,True,13,83.22222222222223
43197-011-130,0.0,0.0,0.0,0.0,0.0,0.0,0.0,11.0,0.0,0.0,False,False,True,False,0,0,False,12.244444444444444,76.53333333333333,True,12,76.53333333333333
43197-011-140,0.0,0.0,0.0,0.0,0.0,0.0,0.0,12.0,0.0,0.0,False,False,True,False,0,0,False,7.666666666666666,72.95555555555555,True,8,72.95555555555555
43197-011-150,0.0,0.0,0.0,0.0,0.0,0.0,0.0,13.0,0.0,0.0,False,False,True,False,0,0,False,8.022222222222222,56.62222222222222,True,8,56.62222222222222
43197-015-120,0.0,0.0,0.0,0.0,1.0,1.0,0.0,0.0,0.0,0.0,False,True,False,False,0,0,False,26.266666666666666,178.73333333333332,True,26,178.73333333333332
43197-AM7-100,0.0,0.0,0.0,0.0,1.0,1.0,0.0,0.0,0.0,0.0,False,True,False,False,0,0,False,0.0,0.0,False,1,1.0
43197-PV5-120,0.0,0.0,0.0,0.0,1.0,1.0,0.0,0.0,0.0,0.0,False,True,False,False,0,0,False,0.0,0.0,False,1,1.0
43205-011-100,237.0,43.0,4.232142857142857,29.624999999999996,9.0,5.0,4.0,0.0,0.0,0.0,True,True,False,True,2,1,True,53.35555555555556,286.84444444444443,True,98,494.8283333333334
43205-011-110,262.0,46.0,4.678571428571429,32.75,23.0,12.0,11.0,0.0,0.0,0.0,True,True,False,True,2,1,True,57.37777777777777,373.4888888888889,True,103,550.2366666666666
43205-011-120,346.0,48.0,6.178571428571429,43.25,13.0,9.0,4.0,0.0,0.0,0.0,True,True,False,True,2,1,True,84.2,551.911111111111,True,123,689.9566666666665
43205-011-130,254.0,45.0,4.535714285714286,31.75,18.0,12.0,6.0,0.0,0.0,0.0,True,True,False,True,2,1,True,68.6,433.22222222222223,True,105,560.9477777777779
43205-011-140,149.0,45.0,2.6607142857142856,18.625,4.0,3.0,1.0,0.0,0.0,0.0,True,True,False,True,2,1,True,47.266666666666666,286.5333333333333,True,84,409.8994444444444
43205-011-150,114.0,41.0,2.0357142857142856,14.25,4.0,2.0,2.0,0.0,0.0,0.0,True,True,False,True,2,1,True,24.6,178.73333333333332,True,72,340.71222222222224
43205-011-85,83.0,36.0,1.4821428571428572,10.375,6.0,3.0,3.0,0.0,0.0,0.0,True,True,False,True,2,1,True,11.088888888888889,59.888888888888886,True,63,270.41611111111115
43205-011-90,165.0,42.0,2.9464285714285716,20.625,12.0,6.0,6.0,0.0,0.0,0.0,True,True,False,True,2,1,True,43.62222222222222,219.33333333333331,True,85,402.46944444444443
43205-015-100,112.0,28.0,2.0,14.0,0.0,0.0,0.0,0.0,0.0,0.0,True,False,False,True,2,1,True,48.66666666666667,308.6222222222222,True,80,382.84777777777776
43205-015-110,265.0,45.0,4.732142857142857,33.125,28.0,15.0,13.0,0.0,0.0,0.0,True,True,False,True,2,1,True,65.84444444444445,457.64444444444445,True,106,583.2005555555555
43205-015-120,400.0,47.0,7.142857142857143,50.0,11.0,6.0,5.0,0.0,0.0,0.0,True,True,False,True,2,1,True,110.68888888888888,756.9333333333333,True,139,813.5877777777778
43205-015-130,316.0,45.0,5.642857142857143,39.5,27.0,14.0,13.0,0.0,0.0,0.0,True,True,False,True,2,1,True,93.02222222222223,649.9111111111112,True,122,698.3133333333333
43205-015-140,212.0,43.0,3.7857142857142856,26.5,17.0,9.0,8.0,0.0,0.0,0.0,True,True,False,True,2,1,True,61.644444444444446,373.4888888888889,True,98,502.071111111111
43205-015-150,173.0,39.0,3.0892857142857144,21.625,5.0,3.0,2.0,0.0,0.0,0.0,True,True,False,True,2,1,True,49.044444444444444,354.97777777777776,True,88,459.3638888888889
43205-015-85,85.0,34.0,1.5178571428571428,10.625,0.0,0.0,0.0,0.0,0.0,0.0,True,False,False,True,2,1,True,15.955555555555556,78.24444444444444,True,66,280.7361111111112
43205-015-90,167.0,43.0,2.982142857142857,20.875,12.0,6.0,6.0,0.0,0.0,0.0,True,True,False,True,2,1,True,46.68888888888889,244.37777777777777,True,87,415.0216666666667
43205-5HC-100,598.0,48.0,10.678571428571429,74.75,36.0,19.0,17.0,0.0,0.0,0.0,True,True,False,True,2,1,True,0.0,0.0,False,235,1274.0
43205-5HC-110,716.0,47.0,12.785714285714286,89.5,35.0,21.0,14.0,0.0,0.0,0.0,True,True,False,True,2,1,True,0.0,0.0,False,260,1451.0
43205-5HC-120,835.0,48.0,14.910714285714286,104.375,43.0,24.0,19.0,0.0,0.0,0.0,True,True,False,True,2,1,True,0.0,0.0,False,285,1629.5
43205-5HC-130,508.0,47.0,9.071428571428571,63.5,30.0,16.0,14.0,0.0,0.0,0.0,True,True,False,True,2,1,True,0.0,0.0,False,215,1139.0
43205-5HC-140,257.0,45.0,4.589285714285714,32.125,6.0,3.0,3.0,0.0,0.0,0.0,True,True,False,True,2,1,True,0.0,0.0,False,162,762.5
43205-5HC-150,147.0,41.0,2.625,18.375,5.0,3.0,2.0,0.0,0.0,0.0,True,True,False,True,2,1,True,0.0,0.0,False,139,597.5
43205-5HC-85,210.0,45.0,3.75,26.25,7.0,4.0,3.0,0.0,0.0,0.0,True,True,False,True,2,1,True,0.0,0.0,False,152,692.0
43205-5HC-90,413.0,48.0,7.375,51.625,38.0,20.0,18.0,0.0,0.0,0.0,True,True,False,True,2,1,True,0.0,0.0,False,195,996.5
43205-5HV-100,196.0,37.0,3.5,24.5,0.0,0.0,0.0,0.0,0.0,0.0,True,False,False,False,2,1,True,0.0,0.0,False,84,443.0
43205-5HV-110,270.0,46.0,4.821428571428571,33.75,13.0,7.0,6.0,0.0,0.0,0.0,True,True,False,True,2,1,True,0.0,0.0,False,100,554.0
43205-5HV-120,278.0,43.0,4.964285714285714,34.75,21.0,11.0,10.0,0.0,0.0,0.0,True,True,False,True,2,1,True,0.0,0.0,False,102,566.0
43205-5HV-130,193.0,44.0,3.4464285714285716,24.125,25.0,13.0,12.0,0.0,0.0,0.0,True,True,False,True,2,1,True,0.0,0.0,False,84,438.5
43205-5HV-140,111.0,42.0,1.9821428571428572,13.875,8.0,4.0,4.0,0.0,0.0,0.0,True,True,False,True,2,1,True,0.0,0.0,False,66,315.5
43205-5HV-150,77.0,35.0,1.375,9.625,4.0,2.0,2.0,0.0,0.0,0.0,True,True,False,True,2,1,True,0.0,0.0,False,59,264.5
43205-5HV-85,45.0,19.0,0.8035714285714286,5.625,0.0,0.0,0.0,0.0,0.0,0.0,True,False,False,False,2,1,True,0.0,0.0,False,52,216.5
43205-5HV-90,153.0,37.0,2.732142857142857,19.125,2.0,1.0,1.0,0.0,0.0,0.0,True,True,False,True,2,1,True,0.0,0.0,False,75,378.5
43205-GK3-100,363.0,48.0,6.482142857142857,45.375,8.0,4.0,4.0,0.0,0.0,0.0,True,True,False,True,2,1,True,84.33333333333333,446.59999999999997,True,150,756.5638888888889
43205-GK3-110,427.0,47.0,7.625,53.375,20.0,10.0,10.0,0.0,0.0,0.0,True,True,False,True,2,1,True,104.11111111111111,610.8666666666667,True,165,873.843888888889
43205-GK3-120,548.0,47.0,9.785714285714286,68.5,52.0,28.0,24.0,0.0,0.0,0.0,True,True,False,True,2,1,True,143.46666666666667,851.8222222222222,True,193,1069.0755555555554
43205-GK3-130,406.0,46.0,7.25,50.75,18.0,10.0,8.0,0.0,0.0,0.0,True,True,False,True,2,1,True,112.55555555555556,634.1999999999999,True,165,861.807777777778
43205-GK3-140,243.0,44.0,4.339285714285714,30.375,13.0,7.0,6.0,0.0,0.0,0.0,True,True,False,True,2,1,True,78.2,427.3111111111111,True,131,634.173888888889
43205-GK3-150,153.0,43.0,2.732142857142857,19.125,1.0,1.0,0.0,0.0,0.0,0.0,True,True,False,True,2,1,True,44.733333333333334,283.4222222222222,True,108,499.16611111111115
43205-GK3-85,149.0,42.0,2.6607142857142856,18.625,1.0,1.0,0.0,0.0,0.0,0.0,True,True,False,True,2,1,True,24.288888888888888,127.24444444444444,True,102,444.19722222222225
43205-GK3-90,244.0,48.0,4.357142857142857,30.499999999999996,18.0,9.0,9.0,0.0,0.0,0.0,True,True,False,True,2,1,True,71.35555555555555,339.5777777777778,True,130,605.9122222222221
43205-KA4-130,0.0,0.0,0.0,0.0,1.0,1.0,0.0,0.0,0.0,0.0,False,True,False,False,0,0,False,0.0,0.0,False,1,1.0
43205-SR4-100,336.0,48.0,6.0,42.0,28.0,14.0,14.0,0.0,0.0,0.0,True,True,False,True,2,1,True,48.022222222222226,302.4,True,121,635.6144444444444
43205-SR4-110,347.0,47.0,6.196428571428571,43.375,17.0,9.0,8.0,0.0,0.0,0.0,True,True,False,True,2,1,True,66.97777777777777,472.1111111111111,True,128,704.8127777777777
43205-SR4-120,491.0,46.0,8.767857142857142,61.375,19.0,12.0,7.0,0.0,0.0,0.0,True,True,False,True,2,1,True,92.88888888888889,724.1111111111111,True,157,930.745
43205-SR4-130,352.0,44.0,6.285714285714286,44.0,13.0,8.0,5.0,0.0,0.0,0.0,True,True,False,True,2,1,True,67.66666666666667,598.8888888888889,True,130,755.1488888888888
43205-SR4-140,187.0,46.0,3.3392857142857144,23.375,16.0,8.0,8.0,0.0,0.0,0.0,True,True,False,True,2,1,True,45.022222222222226,412.5333333333333,True,99,530.0838888888889
43205-SR4-150,179.0,42.0,3.1964285714285716,22.375,4.0,2.0,2.0,0.0,0.0,0.0,True,True,False,True,2,1,True,25.11111111111111,299.2888888888889,True,92,485.0438888888889
43205-SR4-85,126.0,42.0,2.25,15.75,12.0,6.0,6.0,0.0,0.0,0.0,True,True,False,True,2,1,True,29.488888888888887,140.0,True,86,377.34555555555545
43205-SR4-90,217.0,46.0,3.875,27.125,12.0,6.0,6.0,0.0,0.0,0.0,True,True,False,True,2,1,True,42.15555555555556,220.73333333333332,True,102,491.4961111111112
44089-NR9-85,0.0,0.0,0.0,0.0,1.0,1.0,0.0,0.0,0.0,0.0,False,True,False,False,0,0,False,0.0,0.0,False,1,1.0
44223-CW2-100,17.0,14.0,0.30357142857142855,2.125,4.0,2.0,2.0,0.0,0.0,0.0,True,True,False,True,2,1,True,8.822222222222223,90.84444444444443,True,9,59.118333333333325
44223-CW2-110,21.0,18.0,0.375,2.625,0.0,0.0,0.0,0.0,0.0,0.0,True,False,False,True,2,1,True,10.955555555555556,96.13333333333333,True,10,65.08722222222222
44223-CW2-120,29.0,21.0,0.5178571428571429,3.6250000000000004,2.0,1.0,1.0,0.0,0.0,0.0,True,True,False,True,2,1,True,9.755555555555555,103.28888888888889,True,11,75.60944444444445
44223-CW2-130,38.0,26.0,0.6785714285714286,4.75,0.0,0.0,0.0,0.0,0.0,0.0,True,False,False,True,2,1,True,7.266666666666667,63.31111111111111,True,11,70.5011111111111
44223-CW2-140,19.0,13.0,0.3392857142857143,2.375,0.0,0.0,0.0,0.0,0.0,0.0,True,False,False,True,2,1,True,6.022222222222222,39.666666666666664,True,8,43.91833333333333
44223-CW2-150,0.0,0.0,0.0,0.0,0.0,0.0,0.0,0.0,0.0,0.0,False,False,False,False,2,1,True,2.533333333333333,26.6,True,6,37.82222222222222
44223-CW2-85,13.0,11.0,0.23214285714285715,1.625,0.0,0.0,0.0,0.0,0.0,0.0,True,False,False,True,2,1,True,3.2888888888888888,45.733333333333334,True,6,40.30055555555556
44223-CW2-90,24.0,17.0,0.42857142857142855,3.0,0.0,0.0,0.0,0.0,0.0,0.0,True,False,False,True,2,1,True,7.5777777777777775,91.0,True,9,66.59666666666666
44403-1BE-L,0.0,0.0,0.0,0.0,0.0,0.0,0.0,0.0,0.0,0.0,False,False,False,True,0,0,False,0.7333333333333333,3.888888888888889,True,1,3.888888888888889
44403-1BE-M,0.0,0.0,0.0,0.0,0.0,0.0,0.0,0.0,0.0,0.0,False,False,False,True,0,0,False,0.7333333333333334,5.7555555555555555,True,1,5.755555555555555
44403-1BE-S,0.0,0.0,0.0,0.0,0.0,0.0,0.0,0.0,0.0,0.0,False,False,False,True,0,0,False,0.9333333333333333,4.355555555555556,True,1,4.355555555555555
44403-1BE-XL,0.0,0.0,0.0,0.0,0.0,0.0,0.0,0.0,0.0,0.0,False,False,False,True,0,0,False,0.4444444444444444,1.7111111111111112,True,0,1.7111111111111108
44403-1BE-XS,0.0,0.0,0.0,0.0,0.0,0.0,0.0,0.0,0.0,0.0,False,False,False,True,0,0,False,1.0222222222222221,4.355555555555556,True,1,4.355555555555555
44403-1BE-XXL,0.0,0.0,0.0,0.0,0.0,0.0,0.0,0.0,0.0,0.0,False,False,False,True,0,0,False,0.2,0.4666666666666667,True,0,0.4666666666666667
44403-2BX-L,0.0,0.0,0.0,0.0,0.0,0.0,0.0,0.0,0.0,0.0,False,False,False,True,2,1,True,0.17777777777777778,7.155555555555556,True,1,11.155555555555557
44403-2BX-M,1.0,1.0,0.017857142857142856,0.125,0.0,0.0,0.0,0.0,0.0,0.0,True,False,False,True,2,1,True,0.28888888888888886,14.466666666666667,True,1,10.125833333333333
44403-2BX-S,22.0,13.0,0.39285714285714285,2.75,0.0,0.0,0.0,0.0,0.0,0.0,True,False,False,True,2,1,True,0.26666666666666666,8.555555555555555,True,6,33.25694444444444
44403-2BX-XL,0.0,0.0,0.0,0.0,0.0,0.0,0.0,0.0,0.0,0.0,False,False,False,True,2,1,True,0.06666666666666667,4.822222222222222,True,1,8.822222222222223
44403-2BX-XS,9.0,7.0,0.16071428571428573,1.125,0.0,0.0,0.0,0.0,0.0,0.0,True,False,False,False,2,1,True,0.0,2.9555555555555553,True,3,16.565694444444446
44403-2BX-XXL,0.0,0.0,0.0,0.0,0.0,0.0,0.0,0.0,0.0,0.0,False,False,False,True,2,1,True,0.044444444444444446,1.8666666666666667,True,1,5.866666666666667
44403-2C2-L,0.0,0.0,0.0,0.0,0.0,0.0,0.0,0.0,0.0,0.0,False,False,False,True,0,0,False,0.3111111111111111,0.6222222222222222,True,0,0.6222222222222222
44403-2C2-M,0.0,0.0,0.0,0.0,0.0,0.0,0.0,0.0,0.0,0.0,False,False,False,True,0,0,False,1.3111111111111111,2.3333333333333335,True,1,2.3333333333333335
44403-2C2-S,0.0,0.0,0.0,0.0,0.0,0.0,0.0,0.0,0.0,0.0,False,False,False,True,0,0,False,0.28888888888888886,2.177777777777778,True,0,2.177777777777778
44403-2C2-XL,0.0,0.0,0.0,0.0,0.0,0.0,0.0,0.0,0.0,0.0,False,False,False,True,0,0,False,0.0,0.0,False,0,0.0
44403-2C2-XS,0.0,0.0,0.0,0.0,0.0,0.0,0.0,0.0,0.0,0.0,False,False,False,True,0,0,False,0.0,0.0,False,0,0.0
44403-2C2-XXL,0.0,0.0,0.0,0.0,0.0,0.0,0.0,0.0,0.0,0.0,False,False,False,True,0,0,False,0.0,0.0,False,0,0.0
44403-2CF-L,52.0,29.0,0.9285714285714286,6.5,0.0,0.0,0.0,0.0,0.0,0.0,True,False,False,True,2,1,True,0.044444444444444446,4.044444444444444,True,17,81.94055555555555
44403-2CF-M,65.0,34.0,1.1607142857142858,8.125,5.0,3.0,2.0,0.0,0.0,0.0,True,True,False,True,2,1,True,0.3111111111111111,7.0,True,16,88.82499999999997
44403-2CF-S,45.0,24.0,0.8035714285714286,5.625,2.0,1.0,1.0,0.0,0.0,0.0,True,True,False,True,2,1,True,0.06666666666666667,6.066666666666666,True,15,74.90458333333332
44403-2CF-XL,0.0,0.0,0.0,0.0,0.0,0.0,0.0,0.0,0.0,0.0,False,False,False,True,2,1,True,0.3111111111111111,1.8666666666666667,True,7,24.711111111111105
44403-2CF-XS,10.0,9.0,0.17857142857142858,1.25,0.0,0.0,0.0,0.0,0.0,0.0,True,False,False,True,2,1,True,0.06666666666666667,3.111111111111111,True,9,36.46388888888889
44403-2CF-XXL,0.0,0.0,0.0,0.0,0.0,0.0,0.0,0.0,0.0,0.0,False,False,False,False,2,1,True,0.0,2.8,True,7,25.799999999999997
44403-2CH-L,50.0,28.0,0.8928571428571429,6.25,2.0,1.0,1.0,0.0,0.0,0.0,True,True,False,True,2,1,True,0.4222222222222222,3.2666666666666666,True,14,83.58083333333333
44403-2CH-M,53.0,25.0,0.9464285714285714,6.625,4.0,2.0,2.0,0.0,0.0,0.0,True,True,False,True,2,1,True,0.2,1.088888888888889,True,14,86.92486111111111
44403-2CH-S,37.0,26.0,0.6607142857142857,4.625,6.0,3.0,3.0,0.0,0.0,0.0,True,True,False,True,2,1,True,0.22222222222222224,1.8666666666666667,True,13,63.678333333333335
44403-2CH-XL,9.0,8.0,0.16071428571428573,1.125,0.0,0.0,0.0,0.0,0.0,0.0,True,False,False,True,2,1,True,0.06666666666666667,0.3111111111111111,True,6,26.82138888888889
44403-2CH-XS,11.0,11.0,0.19642857142857142,1.375,0.0,0.0,0.0,0.0,0.0,0.0,True,False,False,True,2,1,True,0.044444444444444446,0.4666666666666667,True,6,29.21958333333333
44403-2CH-XXL,0.0,0.0,0.0,0.0,0.0,0.0,0.0,0.0,0.0,0.0,False,False,False,False,2,1,True,0.06666666666666667,0.3111111111111111,True,4,14.31111111111111
44403-2CK-L,0.0,0.0,0.0,0.0,0.0,0.0,0.0,0.0,0.0,0.0,False,False,False,True,0,0,False,0.0,0.0,False,0,0.0
44403-2CK-M,0.0,0.0,0.0,0.0,0.0,0.0,0.0,0.0,0.0,0.0,False,False,False,True,0,0,False,0.0,0.0,False,0,0.0
44403-2CK-S,0.0,0.0,0.0,0.0,0.0,0.0,0.0,0.0,0.0,0.0,False,False,False,True,0,0,False,0.0,0.0,False,0,0.0
44403-2CK-XL,0.0,0.0,0.0,0.0,0.0,0.0,0.0,0.0,0.0,0.0,False,False,False,True,0,0,False,0.0,0.0,False,0,0.0
44403-2CK-XS,0.0,0.0,0.0,0.0,0.0,0.0,0.0,0.0,0.0,0.0,False,False,False,True,0,0,False,0.4222222222222222,1.088888888888889,True,0,1.088888888888889
44403-2GX-L,0.0,0.0,0.0,0.0,0.0,0.0,0.0,0.0,0.0,0.0,False,False,False,True,0,0,False,0.0,0.0,False,0,0.0
44403-2GX-S,0.0,0.0,0.0,0.0,0.0,0.0,0.0,0.0,0.0,0.0,False,False,False,True,0,0,False,3.1555555555555554,28.0,True,3,27.999999999999996
44403-2GX-XL,0.0,0.0,0.0,0.0,0.0,0.0,0.0,0.0,0.0,0.0,False,False,False,True,0,0,False,0.0,0.15555555555555556,True,0,0.15555555555555556
44403-2HC-L,0.0,0.0,0.0,0.0,0.0,0.0,0.0,0.0,0.0,0.0,False,False,False,True,0,0,False,0.4,8.866666666666667,True,0,8.866666666666667
44403-2HC-M,0.0,0.0,0.0,0.0,0.0,0.0,0.0,0.0,0.0,0.0,False,False,False,True,0,0,False,0.28888888888888886,12.6,True,0,12.6
44403-2HC-S,0.0,0.0,0.0,0.0,0.0,0.0,0.0,0.0,0.0,0.0,False,False,False,True,0,0,False,0.24444444444444446,5.911111111111111,True,0,5.911111111111111
44403-2HC-XL,0.0,0.0,0.0,0.0,0.0,0.0,0.0,0.0,0.0,0.0,False,False,False,True,0,0,False,0.11111111111111112,4.044444444444444,True,0,4.044444444444444
44403-2HC-XS,0.0,0.0,0.0,0.0,0.0,0.0,0.0,0.0,0.0,0.0,False,False,False,True,0,0,False,0.26666666666666666,2.488888888888889,True,0,2.488888888888889
44403-714-L,0.0,0.0,0.0,0.0,0.0,0.0,0.0,0.0,0.0,0.0,False,False,False,True,0,0,False,2.3777777777777778,38.888888888888886,True,2,38.888888888888886
44403-714-M,0.0,0.0,0.0,0.0,0.0,0.0,0.0,0.0,0.0,0.0,False,False,False,True,0,0,False,1.711111111111111,49.93333333333333,True,2,49.93333333333332
44403-714-S,0.0,0.0,0.0,0.0,0.0,0.0,0.0,0.0,0.0,0.0,False,False,False,True,0,0,False,3.2444444444444445,43.86666666666666,True,3,43.86666666666666
44403-714-XL,0.0,0.0,0.0,0.0,0.0,0.0,0.0,0.0,0.0,0.0,False,False,False,True,0,0,False,0.4444444444444444,13.688888888888888,True,0,13.688888888888888
44403-714-XS,0.0,0.0,0.0,0.0,0.0,0.0,0.0,0.0,0.0,0.0,False,False,False,True,0,0,False,0.9555555555555556,18.044444444444444,True,1,18.044444444444444
44403-714-XXL,0.0,0.0,0.0,0.0,0.0,0.0,0.0,0.0,0.0,0.0,False,False,False,True,0,0,False,0.13333333333333333,6.066666666666666,True,0,6.066666666666666
44403-727-M,0.0,0.0,0.0,0.0,0.0,0.0,0.0,0.0,0.0,0.0,False,False,False,True,0,0,False,0.0,0.0,False,0,0.0
44403-727-S,0.0,0.0,0.0,0.0,0.0,0.0,0.0,0.0,0.0,0.0,False,False,False,True,0,0,False,0.15555555555555556,0.6222222222222222,True,0,0.6222222222222222
44403-727-XS,0.0,0.0,0.0,0.0,0.0,0.0,0.0,0.0,0.0,0.0,False,False,False,True,0,0,False,1.3555555555555556,7.155555555555556,True,1,7.155555555555554
44403-75Z-L,6.0,6.0,0.10714285714285714,0.75,0.0,0.0,0.0,0.0,0.0,0.0,True,False,False,True,2,1,True,0.7777777777777778,29.08888888888889,True,2,17.92222222222222
44403-75Z-M,10.0,10.0,0.17857142857142858,1.25,0.0,0.0,0.0,0.0,0.0,0.0,True,False,False,True,2,1,True,0.8,44.955555555555556,True,2,27.37555555555555
44403-75Z-S,5.0,5.0,0.08928571428571429,0.625,0.0,0.0,0.0,0.0,0.0,0.0,True,False,False,True,2,1,True,1.6888888888888889,27.688888888888886,True,2,16.402777777777775
44403-75Z-XL,3.0,2.0,0.05357142857142857,0.375,0.0,0.0,0.0,0.0,0.0,0.0,True,False,False,True,2,1,True,0.4444444444444444,8.088888888888889,True,1,7.887361111111111
44403-75Z-XS,1.0,1.0,0.017857142857142856,0.125,0.0,0.0,0.0,0.0,0.0,0.0,True,False,False,True,2,1,True,0.2888888888888889,12.288888888888888,True,1,7.40736111111111
44403-75Z-XXL,2.0,2.0,0.03571428571428571,0.25,0.0,0.0,0.0,0.0,0.0,0.0,True,False,False,True,2,1,True,0.15555555555555556,3.111111111111111,True,1,5.3888888888888875
44403-FU8-L,0.0,0.0,0.0,0.0,0.0,0.0,0.0,0.0,0.0,0.0,False,False,False,True,0,0,False,1.5333333333333332,30.799999999999997,True,2,30.799999999999994
44403-FU8-M,0.0,0.0,0.0,0.0,0.0,0.0,0.0,0.0,0.0,0.0,False,False,False,True,0,0,False,2.111111111111111,35.46666666666667,True,2,35.46666666666666
44403-FU8-S,0.0,0.0,0.0,0.0,0.0,0.0,0.0,0.0,0.0,0.0,False,False,False,True,0,0,False,1.1111111111111112,189.0,True,1,189.0
44403-FU8-XL,0.0,0.0,0.0,0.0,0.0,0.0,0.0,0.0,0.0,0.0,False,False,False,True,0,0,False,1.088888888888889,18.666666666666668,True,1,18.666666666666668
44403-FU8-XXL,0.0,0.0,0.0,0.0,0.0,0.0,0.0,0.0,0.0,0.0,False,False,False,True,0,0,False,0.3111111111111111,32.666666666666664,True,0,32.666666666666664
44403-Q84-XS,0.0,0.0,0.0,0.0,1.0,1.0,0.0,0.0,0.0,0.0,False,True,False,False,0,0,False,0.0,0.0,False,1,1.0
44403-QX6-L,0.0,0.0,0.0,0.0,0.0,0.0,0.0,0.0,0.0,0.0,False,False,False,True,2,1,True,2.1333333333333333,35.46666666666667,True,10,62.466666666666654
44403-QX6-M,119.0,40.0,2.125,14.875,0.0,0.0,0.0,0.0,0.0,0.0,True,False,False,True,2,1,True,2.911111111111111,46.044444444444444,True,25,158.92277777777778
44403-QX6-S,102.0,37.0,1.8214285714285714,12.75,6.0,3.0,3.0,0.0,0.0,0.0,True,True,False,True,2,1,True,1.6,27.53333333333333,True,23,136.08666666666667
44403-QX6-XL,0.0,0.0,0.0,0.0,0.0,0.0,0.0,0.0,0.0,0.0,False,False,False,False,2,1,True,0.11111111111111112,9.177777777777777,True,8,36.17777777777778
44403-QX6-XS,20.0,16.0,0.35714285714285715,2.5,0.0,0.0,0.0,0.0,0.0,0.0,True,False,False,True,2,1,True,0.4444444444444444,10.42222222222222,True,12,51.84333333333333
44403-QX6-XXL,0.0,0.0,0.0,0.0,0.0,0.0,0.0,0.0,0.0,0.0,False,False,False,False,2,1,True,0.0,1.8666666666666667,True,8,28.866666666666667
44403-VJ7-M,0.0,0.0,0.0,0.0,0.0,0.0,0.0,0.0,0.0,0.0,False,False,False,True,0,0,False,1.4666666666666668,38.42222222222222,True,1,38.422222222222224
44403-VJ7-S,0.0,0.0,0.0,0.0,0.0,0.0,0.0,0.0,0.0,0.0,False,False,False,True,0,0,False,0.17777777777777778,19.755555555555553,True,0,19.755555555555556
44403-VJ7-XL,0.0,0.0,0.0,0.0,0.0,0.0,0.0,0.0,0.0,0.0,False,False,False,True,0,0,False,0.37777777777777777,10.11111111111111,True,0,10.11111111111111
44403-VJ7-XS,0.0,0.0,0.0,0.0,0.0,0.0,0.0,0.0,0.0,0.0,False,False,False,True,0,0,False,0.0,5.133333333333333,True,0,5.133333333333333
44403-VJ7-XXL,0.0,0.0,0.0,0.0,0.0,0.0,0.0,0.0,0.0,0.0,False,False,False,True,0,0,False,0.06666666666666667,5.911111111111111,True,0,5.91111111111111
44403-XS9,0.0,0.0,0.0,0.0,0.0,0.0,0.0,0.0,0.0,0.0,False,False,False,True,2,1,True,0.0,0.0,False,1,2.0
44403-XS9-80,0.0,0.0,0.0,0.0,0.0,0.0,0.0,0.0,0.0,0.0,False,False,False,True,2,1,True,0.0,0.0,False,1,2.0
44403-XS9-L,0.0,0.0,0.0,0.0,0.0,0.0,0.0,0.0,0.0,0.0,False,False,False,False,2,1,True,1.0888888888888888,20.22222222222222,True,2,22.222222222222225
44403-XS9-M,0.0,0.0,0.0,0.0,0.0,0.0,0.0,0.0,0.0,0.0,False,False,False,False,2,1,True,0.4222222222222222,20.22222222222222,True,1,22.22222222222222
44403-XS9-S,0.0,0.0,0.0,0.0,0.0,0.0,0.0,0.0,0.0,0.0,False,False,False,False,2,1,True,0.35555555555555557,16.177777777777777,True,1,18.022222222222226
44403-XS9-XL,0.0,0.0,0.0,0.0,0.0,0.0,0.0,0.0,0.0,0.0,False,False,False,False,2,1,True,0.7777777777777778,13.533333333333333,True,1,15.533333333333333
44403-XS9-XS,0.0,0.0,0.0,0.0,0.0,0.0,0.0,0.0,0.0,0.0,False,False,False,False,2,1,True,0.13333333333333333,7.155555555555555,True,1,9.155555555555557
44403-XS9-XXL,11.0,9.0,0.19642857142857142,1.375,0.0,0.0,0.0,0.0,0.0,0.0,True,False,False,True,2,1,True,0.1111111111111111,5.444444444444445,True,3,16.074305555555554
44403-XU1,0.0,0.0,0.0,0.0,0.0,0.0,0.0,0.0,0.0,0.0,False,False,False,True,2,1,True,0.0,0.0,False,0,0.0
44403-XU1-80,0.0,0.0,0.0,0.0,0.0,0.0,0.0,0.0,0.0,0.0,False,False,False,True,2,1,True,0.0,0.0,False,0,0.0
44403-XU1-L,0.0,0.0,0.0,0.0,0.0,0.0,0.0,0.0,0.0,0.0,False,False,False,False,2,1,True,3.1555555555555554,25.044444444444444,True,3,25.324444444444445
44403-XU1-M,0.0,0.0,0.0,0.0,0.0,0.0,0.0,0.0,0.0,0.0,False,False,False,False,2,1,True,1.1333333333333333,16.644444444444446,True,1,16.784444444444446
44403-XU1-S,0.0,0.0,0.0,0.0,0.0,0.0,0.0,0.0,0.0,0.0,False,False,False,False,2,1,True,1.6222222222222222,25.666666666666664,True,2,26.016666666666666
44403-XU1-XL,0.0,0.0,0.0,0.0,0.0,0.0,0.0,0.0,0.0,0.0,False,False,False,False,2,1,True,0.28888888888888886,5.6,True,0,5.67
44403-XU1-XS,7.0,7.0,0.125,0.875,0.0,0.0,0.0,0.0,0.0,0.0,True,False,False,True,2,1,True,0.022222222222222223,6.688888888888889,True,2,10.93404861111111
44403-XU1-XXL,0.0,0.0,0.0,0.0,0.0,0.0,0.0,0.0,0.0,0.0,False,False,False,False,2,1,True,0.08888888888888889,4.511111111111111,True,0,4.581111111111111
44408-50M-110,0.0,0.0,0.0,0.0,1.0,1.0,0.0,0.0,0.0,0.0,False,True,False,False,0,0,False,0.0,0.0,False,1,1.0
44441-015-110,0.0,0.0,0.0,0.0,0.0,0.0,0.0,0.0,0.0,0.0,False,False,False,True,0,0,False,0.0,0.0,False,0,0.0
44441-015-130,0.0,0.0,0.0,0.0,0.0,0.0,0.0,0.0,0.0,0.0,False,False,False,True,0,0,False,0.0,0.0,False,0,0.0
44441-015-150,0.0,0.0,0.0,0.0,0.0,0.0,0.0,0.0,0.0,0.0,False,False,False,True,0,0,False,0.0,0.0,False,0,0.0
44441-015-90,0.0,0.0,0.0,0.0,0.0,0.0,0.0,0.0,0.0,0.0,False,False,False,True,0,0,False,0.0,0.0,False,0,0.0
44441-128-100,0.0,0.0,0.0,0.0,0.0,0.0,0.0,0.0,0.0,0.0,False,False,False,True,0,0,False,0.0,0.0,False,0,0.0
44441-128-100/110,0.0,0.0,0.0,0.0,0.0,0.0,0.0,920.0,0.0,0.0,False,False,True,False,0,0,False,0.3111111111111111,9.644444444444444,True,0,9.644444444444444
44441-128-120,0.0,0.0,0.0,0.0,0.0,0.0,0.0,0.0,0.0,0.0,False,False,False,True,0,0,False,0.0,0.0,False,0,0.0
44441-128-120/130,0.0,0.0,0.0,0.0,0.0,0.0,0.0,1091.0,0.0,0.0,False,False,True,False,0,0,False,0.0,10.266666666666666,True,0,10.266666666666666
44441-128-140,0.0,0.0,0.0,0.0,0.0,0.0,0.0,0.0,0.0,0.0,False,False,False,True,0,0,False,0.0,0.0,False,0,0.0
44441-128-140/150,0.0,0.0,0.0,0.0,0.0,0.0,0.0,438.0,0.0,0.0,False,False,True,False,0,0,False,0.0,4.511111111111111,True,0,4.511111111111111
44441-128-80,0.0,0.0,0.0,0.0,0.0,0.0,0.0,0.0,0.0,0.0,False,False,False,True,0,0,False,0.0,0.0,False,0,0.0
44441-128-80/90,0.0,0.0,0.0,0.0,0.0,0.0,0.0,398.0,0.0,0.0,False,False,True,False,0,0,False,0.0,2.488888888888889,True,0,2.488888888888889
44441-3UU-100,0.0,0.0,0.0,0.0,0.0,0.0,0.0,0.0,0.0,0.0,False,False,False,True,2,1,True,0.0,0.0,False,3,11.0
44441-3UU-100/110,0.0,0.0,0.0,0.0,0.0,0.0,0.0,832.0,0.0,0.0,False,False,True,False,2,1,True,0.0,0.0,False,3,11.0
44441-3UU-120,0.0,0.0,0.0,0.0,0.0,0.0,0.0,0.0,0.0,0.0,False,False,False,True,2,1,True,0.0,0.0,False,3,11.0
44441-3UU-120/130,101.0,32.0,1.8035714285714286,12.625,0.0,0.0,0.0,986.0,0.0,0.0,True,False,True,False,2,1,True,0.0,0.0,False,27,169.80625
44441-3UU-140,0.0,0.0,0.0,0.0,0.0,0.0,0.0,0.0,0.0,0.0,False,False,False,True,2,1,True,0.0,0.0,False,3,11.0
44441-3UU-140/150,24.0,11.0,0.42857142857142855,3.0,0.0,0.0,0.0,396.0,0.0,0.0,True,False,True,False,2,1,True,0.0,0.0,False,8,47.0
44441-3UU-80,0.0,0.0,0.0,0.0,0.0,0.0,0.0,0.0,0.0,0.0,False,False,False,True,2,1,True,0.0,0.0,False,3,11.0
44441-3UU-80/90,0.0,0.0,0.0,0.0,0.0,0.0,0.0,360.0,0.0,0.0,False,False,True,False,2,1,True,0.0,0.0,False,3,11.0
44441-LA0-120,0.0,0.0,0.0,0.0,1.0,1.0,0.0,0.0,0.0,0.0,False,True,False,False,0,0,False,0.0,0.0,False,1,1.0
44441-R25-100,0.0,0.0,0.0,0.0,1.0,1.0,0.0,0.0,0.0,0.0,False,True,False,True,0,0,False,0.0,0.0,False,1,1.0
44441-R25-100/110,0.0,0.0,0.0,0.0,0.0,0.0,0.0,1864.0,0.0,0.0,False,False,True,False,0,0,False,0.0,11.355555555555554,True,0,11.355555555555554
44441-R25-120,0.0,0.0,0.0,0.0,0.0,0.0,0.0,0.0,0.0,0.0,False,False,False,True,0,0,False,0.0,0.0,False,0,0.0
44441-R25-120/130,0.0,0.0,0.0,0.0,0.0,0.0,0.0,2209.0,0.0,0.0,False,False,True,False,0,0,False,0.0,17.266666666666666,True,0,17.266666666666666
44441-R25-140,0.0,0.0,0.0,0.0,1.0,1.0,0.0,0.0,0.0,0.0,False,True,False,True,0,0,False,0.0,0.0,False,1,1.0
44441-R25-140/150,0.0,0.0,0.0,0.0,0.0,0.0,0.0,887.0,0.0,0.0,False,False,True,False,0,0,False,0.0,5.9111111111111105,True,0,5.9111111111111105
44441-R25-80,0.0,0.0,0.0,0.0,0.0,0.0,0.0,0.0,0.0,0.0,False,False,False,True,0,0,False,0.0,0.0,False,0,0.0
44441-R25-80/90,0.0,0.0,0.0,0.0,0.0,0.0,0.0,806.0,0.0,0.0,False,False,True,False,0,0,False,0.0,3.2666666666666666,True,0,3.2666666666666666
44504-HG8-110,0.0,0.0,0.0,0.0,1.0,1.0,0.0,0.0,0.0,0.0,False,True,False,False,0,0,False,0.0,0.0,False,1,1.0
44634-011-80,0.0,0.0,0.0,0.0,2.0,2.0,0.0,0.0,0.0,0.0,False,True,False,False,0,0,False,0.0,0.0,False,2,2.0
44634-99U-75,0.0,0.0,0.0,0.0,1.0,1.0,0.0,0.0,0.0,0.0,False,True,False,False,0,0,False,0.0,0.0,False,1,1.0
44634-FN9-75,0.0,0.0,0.0,0.0,1.0,1.0,0.0,0.0,0.0,0.0,False,True,False,False,0,0,False,0.0,0.0,False,1,1.0
44634-FN9-85,0.0,0.0,0.0,0.0,1.0,1.0,0.0,0.0,0.0,0.0,False,True,False,False,0,0,False,0.0,0.0,False,1,1.0
44634-GK3-85,0.0,0.0,0.0,0.0,1.0,1.0,0.0,0.0,0.0,0.0,False,True,False,False,0,0,False,0.0,0.0,False,1,1.0
44688-KZ6,0.0,0.0,0.0,0.0,1.0,1.0,0.0,0.0,0.0,0.0,False,True,False,False,0,0,False,0.0,0.0,False,1,1.0
44690-NV2,0.0,0.0,0.0,0.0,1.0,1.0,0.0,0.0,0.0,0.0,False,True,False,False,0,0,False,0.0,0.0,False,1,1.0
44967-HH6-2,0.0,0.0,0.0,0.0,1.0,1.0,0.0,0.0,0.0,0.0,False,True,False,False,0,0,False,0.0,0.0,False,1,1.0
44967-HH6-NB,0.0,0.0,0.0,0.0,0.0,0.0,0.0,90.0,0.0,0.0,False,False,True,False,0,0,False,0.0,0.0,False,0,0.0
44967-HR0-1,0.0,0.0,0.0,0.0,2.0,2.0,0.0,0.0,0.0,0.0,False,True,False,False,0,0,False,0.0,0.0,False,2,2.0
44967-HR0-2,0.0,0.0,0.0,0.0,1.0,1.0,0.0,0.0,0.0,0.0,False,True,False,False,0,0,False,0.0,0.0,False,1,1.0
44967-NE3-2,0.0,0.0,0.0,0.0,1.0,1.0,0.0,0.0,0.0,0.0,False,True,False,False,0,0,False,0.0,0.0,False,1,1.0
45029-DW1-100,33.0,22.0,0.5892857142857143,4.125,0.0,0.0,0.0,17.0,0.0,0.0,True,False,True,True,2,1,True,10.977777777777778,102.82222222222222,True,12,81.40055555555554
45029-DW1-110,24.0,19.0,0.42857142857142855,3.0,2.0,1.0,1.0,24.0,0.0,0.0,True,True,True,True,2,1,True,8.088888888888889,95.35555555555555,True,10,69.8488888888889
45029-DW1-120,35.0,23.0,0.625,4.375,0.0,0.0,0.0,43.0,0.0,0.0,True,False,True,True,2,1,True,7.0,93.33333333333333,True,11,80.13833333333332
45029-DW1-130,21.0,15.0,0.375,2.625,0.0,0.0,0.0,29.0,0.0,0.0,True,False,True,True,2,1,True,4.444444444444445,56.31111111111111,True,8,53.80277777777777
45029-DW1-140,0.0,0.0,0.0,0.0,0.0,0.0,0.0,15.0,0.0,0.0,False,False,True,True,2,1,True,4.088888888888889,38.888888888888886,True,8,51.95555555555555
45029-DW1-150,0.0,0.0,0.0,0.0,0.0,0.0,0.0,23.0,0.0,0.0,False,False,True,True,2,1,True,1.7777777777777777,22.244444444444444,True,6,35.77777777777777
45029-DW1-85,18.0,15.0,0.32142857142857145,2.25,2.0,1.0,1.0,11.0,0.0,0.0,True,True,True,True,2,1,True,6.844444444444444,59.733333333333334,True,9,51.422222222222224
45029-DW1-90,30.0,21.0,0.5357142857142857,3.75,2.0,1.0,1.0,5.0,0.0,0.0,True,True,True,True,2,1,True,9.577777777777778,109.2,True,11,80.43555555555555
45039-001-10,0.0,0.0,0.0,0.0,0.0,0.0,0.0,0.0,0.0,0.0,False,False,False,False,2,1,True,8.666666666666666,53.82222222222222,True,9,54.288888888888884
45039-001-10/12,0.0,0.0,0.0,0.0,0.0,0.0,0.0,0.0,0.0,0.0,False,False,False,False,2,1,True,11.844444444444445,194.75555555555553,True,12,196.19444444444443
45039-001-12,0.0,0.0,0.0,0.0,0.0,0.0,0.0,0.0,0.0,0.0,False,False,False,False,2,1,True,9.933333333333334,18.51111111111111,True,10,19.833333333333332
45039-001-12/1Y,0.0,0.0,0.0,0.0,0.0,0.0,0.0,0.0,0.0,0.0,False,False,False,False,2,1,True,14.244444444444444,165.04444444444442,True,15,166.75555555555553
45039-001-1Y,0.0,0.0,0.0,0.0,0.0,0.0,0.0,0.0,0.0,0.0,False,False,False,False,2,1,True,0.2,0.4666666666666667,True,0,0.4666666666666667
45039-001-1Y/3Y,0.0,0.0,0.0,0.0,0.0,0.0,0.0,0.0,0.0,0.0,False,False,False,False,2,1,True,6.622222222222222,118.84444444444443,True,7,119.3888888888889
45039-001-3Y,0.0,0.0,0.0,0.0,0.0,0.0,0.0,0.0,0.0,0.0,False,False,False,False,2,1,True,0.0,0.0,False,0,0.0
45039-001-3Y/5Y,0.0,0.0,0.0,0.0,0.0,0.0,0.0,0.0,0.0,0.0,False,False,False,False,2,1,True,8.644444444444444,118.06666666666666,True,9,119.62222222222223
45039-001-5,0.0,0.0,0.0,0.0,0.0,0.0,0.0,0.0,0.0,0.0,False,False,False,True,2,1,True,3.8,15.4,True,4,15.827777777777778
45039-001-5/7,0.0,0.0,0.0,0.0,0.0,0.0,0.0,0.0,0.0,0.0,False,False,False,False,2,1,True,3.333333333333333,42.46666666666667,True,3,42.661111111111104
45039-001-7,0.0,0.0,0.0,0.0,0.0,0.0,0.0,0.0,0.0,0.0,False,False,False,True,2,1,True,4.688888888888889,29.4,True,5,29.82777777777778
45039-001-7/9,0.0,0.0,0.0,0.0,0.0,0.0,0.0,0.0,0.0,0.0,False,False,False,False,2,1,True,10.488888888888889,107.17777777777778,True,11,108.38333333333333
45039-PG7-10,0.0,0.0,0.0,0.0,0.0,0.0,0.0,0.0,0.0,0.0,False,False,False,True,2,1,True,4.4222222222222225,33.91111111111111,True,5,34.471111111111114
45039-PG7-10/12,0.0,0.0,0.0,0.0,0.0,0.0,0.0,0.0,0.0,0.0,False,False,False,True,2,1,True,10.622222222222222,123.5111111111111,True,11,124.52611111111112
45039-PG7-12,0.0,0.0,0.0,0.0,0.0,0.0,0.0,0.0,0.0,0.0,False,False,False,False,2,1,True,4.355555555555556,8.71111111111111,True,4,9.411111111111111
45039-PG7-12/1Y,0.0,0.0,0.0,0.0,0.0,0.0,0.0,0.0,0.0,0.0,False,False,False,False,2,1,True,6.622222222222222,70.0,True,7,70.77
45039-PG7-1Y,0.0,0.0,0.0,0.0,0.0,0.0,0.0,0.0,0.0,0.0,False,False,False,False,2,1,True,0.0,0.0,False,0,0.0
45039-PG7-1Y/3Y,0.0,0.0,0.0,0.0,0.0,0.0,0.0,0.0,0.0,0.0,False,False,False,False,2,1,True,6.066666666666666,84.93333333333334,True,6,85.56333333333333
45039-PG7-3Y,0.0,0.0,0.0,0.0,0.0,0.0,0.0,0.0,0.0,0.0,False,False,False,False,2,1,True,0.0,0.0,False,0,0.0
45039-PG7-3Y/5Y,0.0,0.0,0.0,0.0,0.0,0.0,0.0,0.0,0.0,0.0,False,False,False,False,2,1,True,4.711111111111111,70.93333333333334,True,5,71.73833333333333
45039-PG7-5,0.0,0.0,0.0,0.0,0.0,0.0,0.0,0.0,0.0,0.0,False,False,False,True,2,1,True,0.13333333333333333,0.4666666666666667,True,0,0.5366666666666666
45039-PG7-5/7,0.0,0.0,0.0,0.0,0.0,0.0,0.0,0.0,0.0,0.0,False,False,False,True,2,1,True,1.0444444444444445,28.77777777777778,True,1,28.882777777777775
45039-PG7-7,0.0,0.0,0.0,0.0,0.0,0.0,0.0,0.0,0.0,0.0,False,False,False,True,2,1,True,3.1777777777777776,20.066666666666666,True,3,20.171666666666667
45039-PG7-7/9,0.0,0.0,0.0,0.0,0.0,0.0,0.0,0.0,0.0,0.0,False,False,False,True,2,1,True,5.444444444444445,70.77777777777777,True,6,71.40777777777778
45262-011-85,0.0,0.0,0.0,0.0,1.0,1.0,0.0,0.0,0.0,0.0,False,True,False,False,0,0,False,0.0,0.0,False,1,1.0
45262-FN9-85,0.0,0.0,0.0,0.0,1.0,1.0,0.0,0.0,0.0,0.0,False,True,False,False,0,0,False,0.0,0.0,False,1,1.0
45262-GK3-85,0.0,0.0,0.0,0.0,1.0,1.0,0.0,0.0,0.0,0.0,False,True,False,False,0,0,False,0.0,0.0,False,1,1.0
45262-KY8-85,0.0,0.0,0.0,0.0,1.0,1.0,0.0,0.0,0.0,0.0,False,True,False,False,0,0,False,0.0,0.0,False,1,1.0
45298-011-60,0.0,0.0,0.0,0.0,1.0,1.0,0.0,0.0,0.0,0.0,False,True,False,False,0,0,False,0.0,0.0,False,1,1.0
45298-A91-60,0.0,0.0,0.0,0.0,1.0,1.0,0.0,0.0,0.0,0.0,False,True,False,False,0,0,False,0.0,0.0,False,1,1.0
45298-A91-80,0.0,0.0,0.0,0.0,1.0,1.0,0.0,0.0,0.0,0.0,False,True,False,False,0,0,False,0.0,0.0,False,1,1.0
45298-A91-85,0.0,0.0,0.0,0.0,1.0,1.0,0.0,0.0,0.0,0.0,False,True,False,False,0,0,False,0.0,0.0,False,1,1.0
45298-JB9-80,0.0,0.0,0.0,0.0,1.0,1.0,0.0,0.0,0.0,0.0,False,True,False,False,0,0,False,0.0,0.0,False,1,1.0
45298-KZ6-70,0.0,0.0,0.0,0.0,1.0,1.0,0.0,0.0,0.0,0.0,False,True,False,False,0,0,False,0.0,0.0,False,1,1.0
45346-011-100,221.0,42.0,3.9464285714285716,27.625,10.0,5.0,5.0,0.0,0.0,0.0,True,True,False,True,2,1,True,36.733333333333334,158.2,True,98,462.34611111111116
45346-011-110,301.0,47.0,5.375,37.625,14.0,7.0,7.0,0.0,0.0,0.0,True,True,False,True,2,1,True,43.08888888888889,256.8222222222222,True,111,574.4827777777779
45346-011-120,403.0,45.0,7.196428571428571,50.375,20.0,11.0,9.0,0.0,0.0,0.0,True,True,False,True,2,1,True,62.08888888888889,401.17777777777775,True,131,721.5716666666666
45346-011-130,300.0,47.0,5.357142857142857,37.5,18.0,9.0,9.0,0.0,0.0,0.0,True,True,False,True,2,1,True,52.82222222222222,291.97777777777776,True,114,584.6688888888889
45346-011-140,204.0,46.0,3.642857142857143,25.5,4.0,2.0,2.0,0.0,0.0,0.0,True,True,False,True,2,1,True,39.62222222222222,224.46666666666664,True,97,469.0733333333333
45346-011-150,143.0,39.0,2.5535714285714284,17.875,2.0,1.0,1.0,0.0,0.0,0.0,True,True,False,True,2,1,True,31.68888888888889,180.6,True,86,395.2794444444444
45346-011-85,79.0,33.0,1.4107142857142858,9.875,2.0,1.0,1.0,0.0,0.0,0.0,True,True,False,True,2,1,True,9.511111111111111,40.91111111111111,True,70,286.81944444444446
45346-011-90,173.0,43.0,3.0892857142857144,21.625,8.0,4.0,4.0,0.0,0.0,0.0,True,True,False,True,2,1,True,32.0,145.44444444444443,True,90,412.6605555555556
45346-015-100,284.0,46.0,5.071428571428571,35.5,2.0,1.0,1.0,0.0,0.0,0.0,True,True,False,True,2,1,True,58.4,320.2888888888889,True,126,621.3044444444446
45346-015-110,383.0,47.0,6.839285714285714,47.875,34.0,17.0,17.0,0.0,0.0,0.0,True,True,False,True,2,1,True,80.57777777777778,457.9555555555555,True,146,763.2905555555556
45346-015-120,521.0,48.0,9.303571428571429,65.125,28.0,15.0,13.0,0.0,0.0,0.0,True,True,False,True,2,1,True,119.42222222222222,709.8,True,178,981.4672222222223
45346-015-130,453.0,47.0,8.089285714285714,56.62499999999999,23.0,13.0,10.0,0.0,0.0,0.0,True,True,False,True,2,1,True,98.86666666666666,603.2444444444444,True,161,880.3227777777777
45346-015-140,342.0,46.0,6.107142857142857,42.75,19.0,10.0,9.0,0.0,0.0,0.0,True,True,False,True,2,1,True,72.04444444444445,455.3111111111111,True,138,723.1522222222223
45346-015-150,251.0,46.0,4.482142857142857,31.374999999999996,4.0,3.0,1.0,0.0,0.0,0.0,True,True,False,True,2,1,True,63.44444444444444,403.51111111111106,True,122,616.025
45346-015-85,115.0,37.0,2.0535714285714284,14.374999999999998,10.0,5.0,5.0,0.0,0.0,0.0,True,True,False,True,2,1,True,20.6,83.06666666666666,True,90,378.0205555555555
45346-015-90,179.0,40.0,3.1964285714285716,22.375,14.0,7.0,7.0,0.0,0.0,0.0,True,True,False,True,2,1,True,51.86666666666667,229.75555555555556,True,109,488.6038888888889
45346-2KD-100,1.0,1.0,0.017857142857142856,0.125,0.0,0.0,0.0,0.0,0.0,0.0,True,False,False,False,2,1,True,37.97777777777778,135.64444444444445,True,14,51.17554513888887
45346-2KD-110,0.0,0.0,0.0,0.0,0.0,0.0,0.0,0.0,0.0,0.0,False,False,False,False,2,1,True,56.333333333333336,216.53333333333333,True,60,226.65999999999997
45346-2KD-120,0.0,0.0,0.0,0.0,0.0,0.0,0.0,0.0,0.0,0.0,False,False,False,False,2,1,True,66.91111111111111,266.15555555555557,True,71,276.5272222222222
45346-2KD-130,0.0,0.0,0.0,0.0,0.0,0.0,0.0,0.0,0.0,0.0,False,False,False,False,2,1,True,40.86666666666667,157.88888888888889,True,44,165.56555555555548
45346-2KD-140,0.0,0.0,0.0,0.0,0.0,0.0,0.0,0.0,0.0,0.0,False,False,False,False,2,1,True,23.37777777777778,94.88888888888889,True,25,98.97222222222224
45346-2KD-150,0.0,0.0,0.0,0.0,0.0,0.0,0.0,0.0,0.0,0.0,False,False,False,False,2,1,True,15.4,56.15555555555555,True,16,59.01388888888888
45346-2KD-85,0.0,0.0,0.0,0.0,0.0,0.0,0.0,0.0,0.0,0.0,False,False,False,False,2,1,True,15.577777777777778,50.86666666666667,True,16,52.58166666666666
45346-2KD-90,0.0,0.0,0.0,0.0,0.0,0.0,0.0,0.0,0.0,0.0,False,False,False,False,2,1,True,24.444444444444443,77.77777777777777,True,26,81.28944444444444
45346-2KE-100,0.0,0.0,0.0,0.0,0.0,0.0,0.0,0.0,0.0,0.0,False,False,False,False,2,1,True,24.355555555555554,97.37777777777778,True,26,102.4411111111111
45346-2KE-110,0.0,0.0,0.0,0.0,0.0,0.0,0.0,0.0,0.0,0.0,False,False,False,False,2,1,True,38.06666666666667,149.79999999999998,True,40,155.8433333333333
45346-2KE-120,0.0,0.0,0.0,0.0,0.0,0.0,0.0,0.0,0.0,0.0,False,False,False,False,2,1,True,50.22222222222222,197.08888888888887,True,53,205.0105555555556
45346-2KE-130,0.0,0.0,0.0,0.0,0.0,0.0,0.0,0.0,0.0,0.0,False,False,False,False,2,1,True,42.111111111111114,151.66666666666666,True,45,157.22
45346-2KE-140,0.0,0.0,0.0,0.0,0.0,0.0,0.0,0.0,0.0,0.0,False,False,False,False,2,1,True,26.155555555555555,94.26666666666667,True,28,97.85999999999999
45346-2KE-150,0.0,0.0,0.0,0.0,0.0,0.0,0.0,0.0,0.0,0.0,False,False,False,False,2,1,True,17.666666666666668,69.37777777777778,True,19,72.15444444444445
45346-2KE-85,0.0,0.0,0.0,0.0,0.0,0.0,0.0,0.0,0.0,0.0,False,False,False,False,2,1,True,13.977777777777778,44.33333333333333,True,15,45.64
45346-2KE-90,0.0,0.0,0.0,0.0,0.0,0.0,0.0,0.0,0.0,0.0,False,False,False,False,2,1,True,19.46666666666667,72.02222222222223,True,21,75.61555555555555
45346-32V-110,1.0,1.0,0.017857142857142856,0.125,0.0,0.0,0.0,0.0,0.0,0.0,True,False,False,False,0,0,False,26.08888888888889,105.46666666666665,True,9,37.96958333333333
45346-32V-85,1.0,1.0,0.017857142857142856,0.125,0.0,0.0,0.0,0.0,0.0,0.0,True,False,False,False,0,0,False,8.777777777777779,32.355555555555554,True,3,12.380694444444442
45346-32V-90,108.0,20.0,1.9285714285714286,13.5,0.0,0.0,0.0,0.0,0.0,0.0,True,False,False,False,0,0,False,18.4,57.55555555555555,True,24,134.21944444444443
45346-3KH-100,8.0,6.0,0.14285714285714285,1.0,0.0,0.0,0.0,0.0,0.0,0.0,True,False,False,False,0,0,False,0.08888888888888889,27.066666666666666,True,2,18.623333333333335
45346-3KH-110,5.0,3.0,0.08928571428571429,0.625,0.0,0.0,0.0,0.0,0.0,0.0,True,False,False,False,0,0,False,0.06666666666666667,38.733333333333334,True,1,19.275416666666665
45346-3KH-120,2.0,2.0,0.03571428571428571,0.25,0.0,0.0,0.0,0.0,0.0,0.0,True,False,False,False,0,0,False,0.0,60.977777777777774,True,1,23.71722222222222
45346-3KH-130,1.0,1.0,0.017857142857142856,0.125,0.0,0.0,0.0,0.0,0.0,0.0,True,False,False,False,0,0,False,0.0,41.84444444444444,True,0,15.833055555555553
45346-3KH-150,3.0,2.0,0.05357142857142857,0.375,0.0,0.0,0.0,0.0,0.0,0.0,True,False,False,False,0,0,False,0.15555555555555556,16.799999999999997,True,1,9.311250000000001
45346-3KH-85,7.0,5.0,0.125,0.875,0.0,0.0,0.0,0.0,0.0,0.0,True,False,False,False,0,0,False,0.0,4.822222222222222,True,2,10.306527777777777
45346-3KH-90,223.0,34.0,3.982142857142857,27.875,2.0,1.0,1.0,0.0,0.0,0.0,True,True,False,False,0,0,False,0.13333333333333333,11.355555555555554,True,52,259.03069444444446
45346-5HB-100,602.0,47.0,10.75,75.25,26.0,13.0,13.0,0.0,0.0,0.0,True,True,False,True,2,1,True,0.0,0.0,False,247,1320.0
45346-5HB-110,819.0,48.0,14.625,102.375,49.0,26.0,23.0,0.0,0.0,0.0,True,True,False,True,2,1,True,0.0,0.0,False,293,1645.5
45346-5HB-120,1075.0,48.0,19.196428571428573,134.375,0.0,0.0,0.0,0.0,0.0,0.0,True,False,False,True,2,1,True,0.0,0.0,False,347,2029.5
45346-5HB-130,647.0,48.0,11.553571428571429,80.875,36.0,21.0,15.0,0.0,0.0,0.0,True,True,False,True,2,1,True,0.0,0.0,False,256,1387.5
45346-5HB-140,371.0,46.0,6.625,46.375,9.0,5.0,4.0,0.0,0.0,0.0,True,True,False,True,2,1,True,0.0,0.0,False,198,973.5
45346-5HB-150,179.0,44.0,3.1964285714285716,22.375,7.0,5.0,2.0,0.0,0.0,0.0,True,True,False,True,2,1,True,0.0,0.0,False,157,685.5
45346-5HB-85,176.0,44.0,3.142857142857143,22.0,6.0,3.0,3.0,0.0,0.0,0.0,True,True,False,True,2,1,True,0.0,0.0,False,156,681.0
45346-5HB-90,370.0,48.0,6.607142857142857,46.25,19.0,10.0,9.0,0.0,0.0,0.0,True,True,False,True,2,1,True,0.0,0.0,False,198,972.0
45346-5HR-100,311.0,45.0,5.553571428571429,38.875,13.0,7.0,6.0,0.0,0.0,0.0,True,True,False,True,2,1,True,0.0,0.0,False,141,729.5
45346-5HR-110,439.0,47.0,7.839285714285714,54.875,32.0,17.0,15.0,0.0,0.0,0.0,True,True,False,True,2,1,True,0.0,0.0,False,168,921.5
45346-5HR-120,627.0,48.0,11.196428571428571,78.375,36.0,20.0,16.0,0.0,0.0,0.0,True,True,False,True,2,1,True,0.0,0.0,False,208,1203.5
45346-5HR-130,477.0,47.0,8.517857142857142,59.625,30.0,17.0,13.0,0.0,0.0,0.0,True,True,False,True,2,1,True,0.0,0.0,False,176,978.5
45346-5HR-140,300.0,46.0,5.357142857142857,37.5,11.0,6.0,5.0,0.0,0.0,0.0,True,True,False,True,2,1,True,0.0,0.0,False,139,713.0
45346-5HR-150,192.0,44.0,3.4285714285714284,24.0,6.0,4.0,2.0,0.0,0.0,0.0,True,True,False,True,2,1,True,0.0,0.0,False,116,551.0
45346-5HR-85,119.0,41.0,2.125,14.875,3.0,2.0,1.0,0.0,0.0,0.0,True,True,False,True,2,1,True,0.0,0.0,False,100,441.5
45346-5HR-90,211.0,42.0,3.767857142857143,26.375,6.0,3.0,3.0,0.0,0.0,0.0,True,True,False,True,2,1,True,0.0,0.0,False,120,579.5
45346-GK3-120,0.0,0.0,0.0,0.0,1.0,1.0,0.0,0.0,0.0,0.0,False,True,False,False,0,0,False,48.17777777777778,281.55555555555554,True,48,281.55555555555554
45346-JB1-120,0.0,0.0,0.0,0.0,1.0,1.0,0.0,0.0,0.0,0.0,False,True,False,False,0,0,False,0.0,0.0,False,1,1.0
45346-SR4-100,240.0,43.0,4.285714285714286,30.0,9.0,5.0,4.0,0.0,0.0,0.0,True,True,False,True,2,1,True,53.333333333333336,294.0,True,108,534.4755555555555
45346-SR4-110,334.0,47.0,5.964285714285714,41.75,26.0,15.0,11.0,0.0,0.0,0.0,True,True,False,True,2,1,True,53.355555555555554,397.1333333333333,True,121,662.6577777777777
45346-SR4-120,492.0,46.0,8.785714285714286,61.50000000000001,33.0,20.0,13.0,0.0,0.0,0.0,True,True,False,True,2,1,True,84.55555555555556,643.2222222222222,True,152,899.2455555555557
45346-SR4-130,398.0,47.0,7.107142857142857,49.75,18.0,10.0,8.0,0.0,0.0,0.0,True,True,False,True,2,1,True,66.26666666666667,466.97777777777776,True,134,747.9244444444442
45346-SR4-140,295.0,45.0,5.267857142857143,36.875,18.0,9.0,9.0,0.0,0.0,0.0,True,True,False,True,2,1,True,50.666666666666664,342.68888888888887,True,115,606.666111111111
45346-SR4-150,219.0,43.0,3.9107142857142856,27.375,2.0,1.0,1.0,0.0,0.0,0.0,True,True,False,True,2,1,True,33.2,272.22222222222223,True,99,508.7738888888888
45346-SR4-85,85.0,30.0,1.5178571428571428,10.625,1.0,1.0,0.0,0.0,0.0,0.0,True,True,False,True,2,1,True,19.88888888888889,75.13333333333333,True,76,310.395
45346-SR4-90,183.0,43.0,3.267857142857143,22.875,14.0,7.0,7.0,0.0,0.0,0.0,True,True,False,True,2,1,True,34.422222222222224,178.73333333333332,True,94,441.22499999999997
45358-CW2-100,17.0,17.0,0.30357142857142855,2.125,1.0,1.0,0.0,0.0,0.0,0.0,True,True,False,True,2,1,True,11.088888888888889,72.02222222222223,True,7,45.312777777777775
45358-CW2-110,30.0,20.0,0.5357142857142857,3.75,0.0,0.0,0.0,0.0,0.0,0.0,True,False,False,True,2,1,True,13.244444444444444,98.46666666666667,True,10,67.47008333333332
45358-CW2-120,1.0,1.0,0.017857142857142856,0.125,0.0,0.0,0.0,0.0,0.0,0.0,True,False,False,False,2,1,True,14.266666666666666,126.62222222222222,True,6,48.114999999999995
45358-CW2-130,0.0,0.0,0.0,0.0,0.0,0.0,0.0,0.0,0.0,0.0,False,False,False,False,2,1,True,13.911111111111111,124.44444444444444,True,14,126.3111111111111
45358-CW2-140,0.0,0.0,0.0,0.0,0.0,0.0,0.0,0.0,0.0,0.0,False,False,False,False,2,1,True,11.8,92.39999999999999,True,12,93.84666666666666
45358-CW2-150,0.0,0.0,0.0,0.0,0.0,0.0,0.0,0.0,0.0,0.0,False,False,False,False,2,1,True,7.6,75.28888888888889,True,8,76.7111111111111
45358-CW2-85,3.0,3.0,0.05357142857142857,0.375,0.0,0.0,0.0,0.0,0.0,0.0,True,False,False,True,2,1,True,6.844444444444444,45.73333333333333,True,4,22.951666666666668
45358-CW2-90,20.0,16.0,0.35714285714285715,2.5,1.0,1.0,0.0,0.0,0.0,0.0,True,True,False,True,2,1,True,9.066666666666666,74.82222222222222,True,7,49.163333333333334
45359-DW1-100,19.0,15.0,0.3392857142857143,2.375,0.0,0.0,0.0,14.0,0.0,0.0,True,False,True,True,2,1,True,13.044444444444444,83.53333333333333,True,9,53.91055555555555
45359-DW1-110,22.0,15.0,0.39285714285714285,2.75,0.0,0.0,0.0,0.0,0.0,0.0,True,False,False,True,2,1,True,10.422222222222222,97.22222222222221,True,9,61.78999999999999
45359-DW1-120,20.0,17.0,0.35714285714285715,2.5,0.0,0.0,0.0,0.0,0.0,0.0,True,False,False,True,2,1,True,13.444444444444445,112.46666666666667,True,9,64.79444444444444
45359-DW1-130,20.0,16.0,0.35714285714285715,2.5,0.0,0.0,0.0,0.0,0.0,0.0,True,False,False,True,2,1,True,10.355555555555554,83.84444444444443,True,8,55.3211111111111
45359-DW1-140,11.0,8.0,0.19642857142857142,1.375,0.0,0.0,0.0,0.0,0.0,0.0,True,False,False,False,2,1,True,5.177777777777778,62.53333333333333,True,5,39.74055555555555
45359-DW1-150,14.0,10.0,0.25,1.75,1.0,1.0,0.0,0.0,0.0,0.0,True,True,False,True,2,1,True,5.488888888888889,45.73333333333333,True,6,36.894444444444446
45359-DW1-85,16.0,14.0,0.2857142857142857,2.0,2.0,1.0,1.0,11.0,0.0,0.0,True,True,True,True,2,1,True,6.866666666666666,43.08888888888889,True,7,37.64666666666666
45359-DW1-90,23.0,16.0,0.4107142857142857,2.875,4.0,2.0,2.0,0.0,0.0,0.0,True,True,False,True,2,1,True,11.444444444444445,70.15555555555555,True,11,53.672777777777775
45360-AH1-110,0.0,0.0,0.0,0.0,1.0,1.0,0.0,0.0,0.0,0.0,False,True,False,False,0,0,False,0.0,0.0,False,1,1.0
45477-76X-100,9.0,8.0,0.16071428571428573,1.125,0.0,0.0,0.0,0.0,0.0,0.0,True,False,False,True,2,1,True,0.0,0.0,False,4,20.5
45477-76X-110,8.0,6.0,0.14285714285714285,1.0,0.0,0.0,0.0,0.0,0.0,0.0,True,False,False,True,2,1,True,0.0,0.0,False,4,19.0
45477-76X-120,17.0,14.0,0.30357142857142855,2.125,0.0,0.0,0.0,0.0,0.0,0.0,True,False,False,True,2,1,True,0.0,0.0,False,6,32.5
45477-76X-130,7.0,6.0,0.125,0.875,4.0,2.0,2.0,0.0,0.0,0.0,True,True,False,True,2,1,True,0.0,0.0,False,5,17.5
45477-76X-140,13.0,11.0,0.23214285714285715,1.625,2.0,1.0,1.0,0.0,0.0,0.0,True,True,False,True,2,1,True,0.0,0.0,False,5,26.5
45477-76X-150,12.0,11.0,0.21428571428571427,1.5,0.0,0.0,0.0,0.0,0.0,0.0,True,False,False,True,2,1,True,0.0,0.0,False,5,25.0
45477-76X-85,7.0,6.0,0.125,0.875,0.0,0.0,0.0,0.0,0.0,0.0,True,False,False,True,2,1,True,0.0,0.0,False,3,17.5
45477-76X-90,10.0,10.0,0.17857142857142858,1.25,0.0,0.0,0.0,0.0,0.0,0.0,True,False,False,True,2,1,True,0.0,0.0,False,4,22.0
45477-A91-110,0.0,0.0,0.0,0.0,1.0,1.0,0.0,0.0,0.0,0.0,False,True,False,False,0,0,False,0.0,0.0,False,1,1.0
45477-J81-100,11.0,9.0,0.19642857142857142,1.375,0.0,0.0,0.0,0.0,0.0,0.0,True,False,False,True,2,1,True,0.0,75.91111111111111,True,3,43.218888888888884
45477-J81-110,16.0,14.0,0.2857142857142857,2.0,0.0,0.0,0.0,0.0,0.0,0.0,True,False,False,True,2,1,True,0.0,94.26666666666667,True,5,55.39333333333333
45477-J81-120,16.0,14.0,0.2857142857142857,2.0,0.0,0.0,0.0,0.0,0.0,0.0,True,False,False,True,2,1,True,0.0,107.02222222222221,True,5,60.55777777777777
45477-J81-130,23.0,17.0,0.4107142857142857,2.875,0.0,0.0,0.0,0.0,0.0,0.0,True,False,False,True,2,1,True,0.0,96.6,True,6,65.26625
45477-J81-140,2.0,2.0,0.03571428571428571,0.25,0.0,0.0,0.0,0.0,0.0,0.0,True,False,False,True,2,1,True,0.0,68.13333333333333,True,2,30.234166666666667
45477-J81-150,10.0,6.0,0.17857142857142858,1.25,0.0,0.0,0.0,0.0,0.0,0.0,True,False,False,True,2,1,True,0.0,53.977777777777774,True,3,34.82972222222222
45477-J81-160,0.0,0.0,0.0,0.0,0.0,0.0,0.0,0.0,0.0,0.0,False,False,False,True,2,1,True,0.0,0.0,False,1,4.0
45477-J81-80,0.0,0.0,0.0,0.0,0.0,0.0,0.0,0.0,0.0,0.0,False,False,False,True,2,1,True,0.0,0.0,False,1,4.0
45477-J81-85,4.0,3.0,0.07142857142857142,0.5,0.0,0.0,0.0,0.0,0.0,0.0,True,False,False,True,2,1,True,0.0,37.48888888888889,True,2,21.89611111111111
45477-J81-90,4.0,3.0,0.07142857142857142,0.5,0.0,0.0,0.0,0.0,0.0,0.0,True,False,False,True,2,1,True,0.0,74.82222222222222,True,2,34.962777777777774
45477-SR4-100,12.0,10.0,0.21428571428571427,1.5,0.0,0.0,0.0,0.0,0.0,0.0,True,False,False,True,2,1,True,0.0,70.15555555555555,True,5,45.35444444444444
45477-SR4-110,12.0,11.0,0.21428571428571427,1.5,0.0,0.0,0.0,0.0,0.0,0.0,True,False,False,True,2,1,True,0.0,74.97777777777777,True,5,47.56722222222222
45477-SR4-120,17.0,13.0,0.30357142857142855,2.125,0.0,0.0,0.0,0.0,0.0,0.0,True,False,False,True,2,1,True,0.0,105.77777777777777,True,6,63.572222222222216
45477-SR4-130,23.0,16.0,0.4107142857142857,2.875,2.0,1.0,1.0,0.0,0.0,0.0,True,True,False,True,2,1,True,0.0,75.91111111111111,True,7,60.01888888888889
45477-SR4-140,25.0,18.0,0.44642857142857145,3.125,0.0,0.0,0.0,0.0,0.0,0.0,True,False,False,True,2,1,True,0.0,65.64444444444445,True,7,58.72555555555556
45477-SR4-150,0.0,0.0,0.0,0.0,0.0,0.0,0.0,0.0,0.0,0.0,False,False,False,False,2,1,True,0.0,57.55555555555555,True,2,64.55555555555554
45477-SR4-160,0.0,0.0,0.0,0.0,0.0,0.0,0.0,0.0,0.0,0.0,False,False,False,True,2,1,True,0.0,0.0,False,2,7.0
45477-SR4-80,0.0,0.0,0.0,0.0,0.0,0.0,0.0,0.0,0.0,0.0,False,False,False,True,2,1,True,0.0,0.0,False,2,7.0
45477-SR4-85,5.0,5.0,0.08928571428571429,0.625,0.0,0.0,0.0,0.0,0.0,0.0,True,False,False,True,2,1,True,0.0,28.466666666666665,True,3,22.71333333333333
45477-SR4-90,5.0,5.0,0.08928571428571429,0.625,0.0,0.0,0.0,0.0,0.0,0.0,True,False,False,True,2,1,True,0.0,62.68888888888888,True,3,34.909861111111105
45579-015-110,0.0,0.0,0.0,0.0,1.0,1.0,0.0,0.0,0.0,0.0,False,True,False,False,0,0,False,0.0,0.0,False,1,1.0
45579-015-160,0.0,0.0,0.0,0.0,1.0,1.0,0.0,0.0,0.0,0.0,False,True,False,False,0,0,False,0.0,0.0,False,1,1.0
45579-82F-140,0.0,0.0,0.0,0.0,1.0,1.0,0.0,0.0,0.0,0.0,False,True,False,False,0,0,False,0.0,0.0,False,1,1.0
45875-A96-60,0.0,0.0,0.0,0.0,1.0,1.0,0.0,0.0,0.0,0.0,False,True,False,False,0,0,False,0.0,0.0,False,1,1.0
46101-05G,0.0,0.0,0.0,0.0,1.0,1.0,0.0,0.0,0.0,0.0,False,True,False,False,0,0,False,0.0,0.0,False,1,1.0
46193-S74-85,0.0,0.0,0.0,0.0,1.0,1.0,0.0,0.0,0.0,0.0,False,True,False,False,0,0,False,0.0,0.0,False,1,1.0
46238-MZ9-120,0.0,0.0,0.0,0.0,1.0,1.0,0.0,0.0,0.0,0.0,False,True,False,False,0,0,False,0.0,0.0,False,1,1.0
46238-NA1-140,0.0,0.0,0.0,0.0,1.0,1.0,0.0,0.0,0.0,0.0,False,True,False,False,0,0,False,0.0,0.0,False,1,1.0
46239-1DH-120,0.0,0.0,0.0,0.0,0.0,0.0,0.0,0.0,0.0,0.0,False,False,False,True,0,0,False,3.466666666666667,140.6222222222222,True,3,140.62222222222223
46239-1GF-120,0.0,0.0,0.0,0.0,0.0,0.0,0.0,0.0,0.0,0.0,False,False,False,True,0,0,False,0.0,0.7777777777777778,True,0,0.7777777777777778
46239-1GF-130,0.0,0.0,0.0,0.0,0.0,0.0,0.0,0.0,0.0,0.0,False,False,False,True,0,0,False,0.0,1.0888888888888888,True,0,1.0888888888888888
46239-1GF-140,0.0,0.0,0.0,0.0,0.0,0.0,0.0,0.0,0.0,0.0,False,False,False,True,0,0,False,0.0,0.0,False,0,0.0
46239-1GF-150,0.0,0.0,0.0,0.0,0.0,0.0,0.0,0.0,0.0,0.0,False,False,False,True,0,0,False,0.0,0.4666666666666667,True,0,0.4666666666666667
46239-1GF-90,0.0,0.0,0.0,0.0,0.0,0.0,0.0,0.0,0.0,0.0,False,False,False,True,0,0,False,0.0,0.4666666666666667,True,0,0.4666666666666667
46239-2EL-100,0.0,0.0,0.0,0.0,0.0,0.0,0.0,0.0,0.0,0.0,False,False,False,True,0,0,False,0.0,0.4666666666666667,True,0,0.4666666666666667
46239-2EL-110,0.0,0.0,0.0,0.0,0.0,0.0,0.0,0.0,0.0,0.0,False,False,False,True,0,0,False,0.0,0.4666666666666667,True,0,0.4666666666666667
46239-2EL-120,0.0,0.0,0.0,0.0,0.0,0.0,0.0,0.0,0.0,0.0,False,False,False,True,0,0,False,0.0,0.6222222222222222,True,0,0.6222222222222222
46239-2EL-130,0.0,0.0,0.0,0.0,0.0,0.0,0.0,0.0,0.0,0.0,False,False,False,True,0,0,False,0.0,0.7777777777777778,True,0,0.7777777777777778
46239-2EL-140,0.0,0.0,0.0,0.0,0.0,0.0,0.0,0.0,0.0,0.0,False,False,False,True,0,0,False,0.0,0.15555555555555556,True,0,0.15555555555555556
46239-2EL-150,0.0,0.0,0.0,0.0,0.0,0.0,0.0,0.0,0.0,0.0,False,False,False,True,0,0,False,0.0,0.3111111111111111,True,0,0.3111111111111111
46239-2EL-90,0.0,0.0,0.0,0.0,0.0,0.0,0.0,0.0,0.0,0.0,False,False,False,True,0,0,False,0.0,0.7777777777777778,True,0,0.7777777777777778
46239-GK3-120,0.0,0.0,0.0,0.0,0.0,0.0,0.0,0.0,0.0,0.0,False,False,False,True,0,0,False,38.44444444444444,381.26666666666665,True,38,381.26666666666665
46239-GK3-130,0.0,0.0,0.0,0.0,0.0,0.0,0.0,0.0,0.0,0.0,False,False,False,True,0,0,False,24.488888888888887,272.22222222222223,True,24,272.22222222222223
46271-J81-160,0.0,0.0,0.0,0.0,1.0,1.0,0.0,0.0,0.0,0.0,False,True,False,False,0,0,False,0.0,0.0,False,1,1.0
46284-011-1,0.0,0.0,0.0,0.0,1.0,1.0,0.0,0.0,0.0,0.0,False,True,False,False,0,0,False,0.0,0.0,False,1,1.0
46906-76X-XS,0.0,0.0,0.0,0.0,1.0,1.0,0.0,0.0,0.0,0.0,False,True,False,False,0,0,False,0.28888888888888886,54.91111111111111,True,1,55.911111111111104
47052-FX7-100,0.0,0.0,0.0,0.0,0.0,0.0,0.0,0.0,0.0,0.0,False,False,False,True,0,0,False,21.977777777777778,148.55555555555554,True,22,148.55555555555557
47052-FX7-110,0.0,0.0,0.0,0.0,0.0,0.0,0.0,0.0,0.0,0.0,False,False,False,True,0,0,False,27.377777777777776,202.06666666666666,True,27,202.06666666666666
47052-FX7-120,0.0,0.0,0.0,0.0,1.0,1.0,0.0,0.0,0.0,0.0,False,True,False,True,0,0,False,30.77777777777778,126.3111111111111,True,31,126.31111111111112
47052-FX7-130,0.0,0.0,0.0,0.0,0.0,0.0,0.0,0.0,0.0,0.0,False,False,False,True,0,0,False,0.0,23.488888888888887,True,0,23.488888888888887
47052-FX7-140,0.0,0.0,0.0,0.0,1.0,1.0,0.0,0.0,0.0,0.0,False,True,False,True,0,0,False,1.088888888888889,25.666666666666664,True,2,26.51111111111111
47052-FX7-150,0.0,0.0,0.0,0.0,0.0,0.0,0.0,0.0,0.0,0.0,False,False,False,True,0,0,False,0.4222222222222222,15.555555555555555,True,0,15.555555555555554
47052-FX7-160,0.0,0.0,0.0,0.0,0.0,0.0,0.0,0.0,0.0,0.0,False,False,False,True,0,0,False,0.0,5.911111111111111,True,0,5.911111111111111
47052-FX7-60,0.0,0.0,0.0,0.0,0.0,0.0,0.0,0.0,0.0,0.0,False,False,False,True,0,0,False,0.0,0.0,False,0,0.0
47052-FX7-70,0.0,0.0,0.0,0.0,0.0,0.0,0.0,0.0,0.0,0.0,False,False,False,True,0,0,False,0.0,0.0,False,0,0.0
47052-FX7-75,0.0,0.0,0.0,0.0,0.0,0.0,0.0,0.0,0.0,0.0,False,False,False,True,0,0,False,0.0,0.0,False,0,0.0
47052-FX7-80,0.0,0.0,0.0,0.0,0.0,0.0,0.0,0.0,0.0,0.0,False,False,False,True,0,0,False,0.0,0.0,False,0,0.0
47052-FX7-80_85,0.0,0.0,0.0,0.0,0.0,0.0,0.0,0.0,0.0,0.0,False,False,False,True,0,0,False,0.0,0.0,False,0,0.0
47052-FX7-85,0.0,0.0,0.0,0.0,0.0,0.0,0.0,0.0,0.0,0.0,False,False,False,True,0,0,False,10.0,92.39999999999999,True,10,92.39999999999998
47052-FX7-90,0.0,0.0,0.0,0.0,0.0,0.0,0.0,0.0,0.0,0.0,False,False,False,True,0,0,False,18.577777777777776,137.51111111111112,True,19,137.51111111111112
47052-NN9-100,0.0,0.0,0.0,0.0,0.0,0.0,0.0,0.0,0.0,0.0,False,False,False,True,0,0,False,17.266666666666666,151.2,True,17,151.2
47052-NN9-110,0.0,0.0,0.0,0.0,0.0,0.0,0.0,0.0,0.0,0.0,False,False,False,True,0,0,False,21.155555555555555,146.84444444444443,True,21,146.84444444444446
47052-NN9-120,0.0,0.0,0.0,0.0,1.0,1.0,0.0,0.0,0.0,0.0,False,True,False,True,0,0,False,5.466666666666667,53.199999999999996,True,6,53.888888888888886
47052-NN9-130,0.0,0.0,0.0,0.0,0.0,0.0,0.0,0.0,0.0,0.0,False,False,False,True,0,0,False,0.7555555555555555,21.62222222222222,True,1,21.62222222222222
47052-NN9-140,0.0,0.0,0.0,0.0,1.0,1.0,0.0,0.0,0.0,0.0,False,True,False,True,0,0,False,0.9333333333333333,13.688888888888888,True,2,14.68888888888889
47052-NN9-150,0.0,0.0,0.0,0.0,0.0,0.0,0.0,0.0,0.0,0.0,False,False,False,True,0,0,False,1.1333333333333333,9.644444444444444,True,1,9.644444444444444
47052-NN9-160,0.0,0.0,0.0,0.0,0.0,0.0,0.0,0.0,0.0,0.0,False,False,False,True,0,0,False,0.22222222222222224,5.133333333333333,True,0,5.133333333333333
47052-NN9-60,0.0,0.0,0.0,0.0,0.0,0.0,0.0,0.0,0.0,0.0,False,False,False,True,0,0,False,0.0,0.0,False,0,0.0
47052-NN9-70,0.0,0.0,0.0,0.0,0.0,0.0,0.0,0.0,0.0,0.0,False,False,False,True,0,0,False,0.0,0.0,False,0,0.0
47052-NN9-75,0.0,0.0,0.0,0.0,0.0,0.0,0.0,0.0,0.0,0.0,False,False,False,True,0,0,False,0.0,0.0,False,0,0.0
47052-NN9-80,0.0,0.0,0.0,0.0,0.0,0.0,0.0,0.0,0.0,0.0,False,False,False,True,0,0,False,0.0,0.0,False,0,0.0
47052-NN9-80_85,0.0,0.0,0.0,0.0,0.0,0.0,0.0,0.0,0.0,0.0,False,False,False,True,0,0,False,0.0,0.0,False,0,0.0
47052-NN9-85,0.0,0.0,0.0,0.0,0.0,0.0,0.0,0.0,0.0,0.0,False,False,False,True,0,0,False,8.0,68.91111111111111,True,8,68.91111111111111
47052-NN9-90,0.0,0.0,0.0,0.0,1.0,1.0,0.0,0.0,0.0,0.0,False,True,False,True,0,0,False,13.022222222222222,106.55555555555556,True,14,107.55555555555556
47053-FX7-70,0.0,0.0,0.0,0.0,1.0,1.0,0.0,0.0,0.0,0.0,False,True,False,False,0,0,False,0.0,9.8,True,1,10.8
47053-FX7-85,0.0,0.0,0.0,0.0,1.0,1.0,0.0,0.0,0.0,0.0,False,True,False,False,0,0,False,0.0,4.977777777777778,True,1,5.977777777777778
47058-FU8-100,0.0,0.0,0.0,0.0,0.0,0.0,0.0,0.0,0.0,0.0,False,False,False,True,0,0,False,6.044444444444444,375.8222222222222,True,6,375.82222222222225
47058-FU8-80,0.0,0.0,0.0,0.0,0.0,0.0,0.0,0.0,0.0,0.0,False,False,False,True,0,0,False,0.0,0.0,False,0,0.0
47058-FU8-90,0.0,0.0,0.0,0.0,0.0,0.0,0.0,0.0,0.0,0.0,False,False,False,True,0,0,False,5.5777777777777775,490.9333333333333,True,6,490.9333333333333
47078-2KQ-L,28.0,20.0,0.5,3.5,0.0,0.0,0.0,0.0,0.0,0.0,True,False,False,True,2,1,True,6.888888888888889,42.0,True,16,76.67333333333332
47078-2KQ-M,116.0,41.0,2.0714285714285716,14.500000000000002,2.0,1.0,1.0,0.0,0.0,0.0,True,True,False,True,2,1,True,20.57777777777778,137.35555555555555,True,32,193.61555555555555
47078-2KQ-S,136.0,42.0,2.4285714285714284,17.0,5.0,4.0,1.0,0.0,0.0,0.0,True,True,False,True,2,1,True,27.866666666666667,192.42222222222222,True,37,232.33444444444442
47078-2KQ-XL,9.0,5.0,0.16071428571428573,1.125,0.0,0.0,0.0,0.0,0.0,0.0,True,False,False,True,2,1,True,3.022222222222222,13.533333333333333,True,12,48.402777777777786
47078-2KQ-XS,34.0,22.0,0.6071428571428571,4.25,0.0,0.0,0.0,0.0,0.0,0.0,True,False,False,True,2,1,True,7.288888888888889,55.68888888888888,True,17,87.1511111111111
47078-QN4-L,0.0,0.0,0.0,0.0,0.0,0.0,0.0,0.0,0.0,0.0,False,False,False,True,2,1,True,6.511111111111111,58.17777777777778,True,7,58.83111111111111
47078-QN4-M,0.0,0.0,0.0,0.0,0.0,0.0,0.0,0.0,0.0,0.0,False,False,False,True,2,1,True,28.133333333333333,280.15555555555557,True,29,283.3755555555556
47078-QN4-S,0.0,0.0,0.0,0.0,1.0,1.0,0.0,0.0,0.0,0.0,False,True,False,True,2,1,True,42.955555555555556,405.37777777777774,True,44,410.51111111111106
47078-QN4-XL,14.0,10.0,0.25,1.75,0.0,0.0,0.0,0.0,0.0,0.0,True,False,False,True,2,1,True,9.333333333333334,84.15555555555555,True,6,44.779194444444435
47078-QN4-XS,0.0,0.0,0.0,0.0,0.0,0.0,0.0,0.0,0.0,0.0,False,False,False,False,2,1,True,11.955555555555556,119.93333333333334,True,12,121.66000000000003
47107-FX8-10,0.0,0.0,0.0,0.0,1.0,1.0,0.0,0.0,0.0,0.0,False,True,False,False,0,0,False,0.0,0.0,False,1,1.0
47107-FX8-1Y,0.0,0.0,0.0,0.0,1.0,1.0,0.0,0.0,0.0,0.0,False,True,False,False,0,0,False,0.0,0.0,False,1,1.0
47143-M23-120,0.0,0.0,0.0,0.0,1.0,1.0,0.0,0.0,0.0,0.0,False,True,False,False,0,0,False,0.0,0.0,False,1,1.0
47149-FU8-50,0.0,0.0,0.0,0.0,1.0,1.0,0.0,0.0,0.0,0.0,False,True,False,False,0,0,False,1.6222222222222222,499.79999999999995,True,3,500.48888888888894
47149-FU8-70,0.0,0.0,0.0,0.0,0.0,0.0,0.0,0.0,0.0,0.0,False,False,False,True,0,0,False,2.5777777777777775,1049.2222222222222,True,3,1049.2222222222222
47218-069-S,0.0,0.0,0.0,0.0,1.0,1.0,0.0,0.0,0.0,0.0,False,True,False,False,0,0,False,0.0,0.0,False,1,1.0
47218-1FS-M,0.0,0.0,0.0,0.0,0.0,0.0,0.0,0.0,0.0,0.0,False,False,False,True,0,0,False,0.0,8.244444444444444,True,0,8.244444444444444
47218-B42-XS,0.0,0.0,0.0,0.0,0.0,0.0,0.0,0.0,0.0,0.0,False,False,False,True,0,0,False,4.555555555555555,29.4,True,5,29.4
47218-EF5-XS,0.0,0.0,0.0,0.0,0.0,0.0,0.0,0.0,0.0,0.0,False,False,False,True,0,0,False,0.5333333333333333,12.133333333333333,True,1,12.133333333333333
47218-M23-S,0.0,0.0,0.0,0.0,1.0,1.0,0.0,0.0,0.0,0.0,False,True,False,False,0,0,False,0.0,2.6444444444444444,True,1,3.6444444444444444
47218-M23-XS,0.0,0.0,0.0,0.0,2.0,2.0,0.0,0.0,0.0,0.0,False,True,False,False,0,0,False,0.0,1.8666666666666667,True,2,3.8666666666666663
47218-M23-XXS,0.0,0.0,0.0,0.0,1.0,1.0,0.0,0.0,0.0,0.0,False,True,False,False,0,0,False,0.0,0.9333333333333333,True,1,1.9333333333333331
47218-SR4-S,0.0,0.0,0.0,0.0,0.0,0.0,0.0,0.0,0.0,0.0,False,False,False,True,0,0,False,0.2888888888888889,13.533333333333333,True,0,13.533333333333331
47220-99U-75,0.0,0.0,0.0,0.0,1.0,1.0,0.0,0.0,0.0,0.0,False,True,False,False,0,0,False,0.0,0.0,False,1,1.0
47220-FN9-75,0.0,0.0,0.0,0.0,1.0,1.0,0.0,0.0,0.0,0.0,False,True,False,False,0,0,False,0.0,0.0,False,1,1.0
47220-KY8-70,0.0,0.0,0.0,0.0,1.0,1.0,0.0,0.0,0.0,0.0,False,True,False,False,0,0,False,0.0,0.0,False,1,1.0
47246-GY8-OS,0.0,0.0,0.0,0.0,1.0,1.0,0.0,0.0,0.0,0.0,False,True,False,False,0,0,False,0.0,0.0,False,1,1.0
47440-L40-90,0.0,0.0,0.0,0.0,129.0,129.0,0.0,0.0,0.0,0.0,False,True,False,False,0,0,False,0.0,0.0,False,129,129.0
47460-BX9-150,0.0,0.0,0.0,0.0,1.0,1.0,0.0,0.0,0.0,0.0,False,True,False,False,0,0,False,0.0,0.0,False,1,1.0
47490-A79-100,0.0,0.0,0.0,0.0,1.0,1.0,0.0,0.0,0.0,0.0,False,True,False,False,0,0,False,0.0,0.0,False,1,1.0
47502-GE7-60,0.0,0.0,0.0,0.0,1.0,1.0,0.0,0.0,0.0,0.0,False,True,False,False,0,0,False,0.0,0.0,False,1,1.0
47629-HB9-L,0.0,0.0,0.0,0.0,0.0,0.0,0.0,76.0,0.0,0.0,False,False,True,False,0,0,False,0.0,0.0,False,0,0.0
47681-2XQ-100,0.0,0.0,0.0,0.0,0.0,0.0,0.0,0.0,0.0,0.0,False,False,False,True,0,0,False,0.0,0.0,False,0,0.0
47681-2XQ-110,0.0,0.0,0.0,0.0,0.0,0.0,0.0,0.0,0.0,0.0,False,False,False,True,0,0,False,0.0,0.0,False,0,0.0
47681-2XQ-120,0.0,0.0,0.0,0.0,0.0,0.0,0.0,0.0,0.0,0.0,False,False,False,True,0,0,False,0.0,0.0,False,0,0.0
47681-2XQ-130,0.0,0.0,0.0,0.0,0.0,0.0,0.0,0.0,0.0,0.0,False,False,False,True,0,0,False,0.0,0.0,False,0,0.0
47681-2XQ-140,0.0,0.0,0.0,0.0,0.0,0.0,0.0,0.0,0.0,0.0,False,False,False,True,0,0,False,0.0,0.0,False,0,0.0
47681-2XQ-150,0.0,0.0,0.0,0.0,0.0,0.0,0.0,0.0,0.0,0.0,False,False,False,True,0,0,False,0.0,0.0,False,0,0.0
47681-2XQ-160,0.0,0.0,0.0,0.0,0.0,0.0,0.0,0.0,0.0,0.0,False,False,False,True,0,0,False,0.0,0.0,False,0,0.0
47681-2XQ-85,0.0,0.0,0.0,0.0,0.0,0.0,0.0,0.0,0.0,0.0,False,False,False,True,0,0,False,0.0,0.0,False,0,0.0
47681-2XQ-90,0.0,0.0,0.0,0.0,0.0,0.0,0.0,0.0,0.0,0.0,False,False,False,True,0,0,False,0.0,0.0,False,0,0.0
47681-2XU-100,0.0,0.0,0.0,0.0,0.0,0.0,0.0,0.0,0.0,0.0,False,False,False,True,0,0,False,8.066666666666666,78.71111111111111,True,8,78.71111111111112
47681-2XU-110,0.0,0.0,0.0,0.0,0.0,0.0,0.0,0.0,0.0,0.0,False,False,False,True,0,0,False,8.088888888888889,100.8,True,8,100.79999999999998
47681-2XU-120,0.0,0.0,0.0,0.0,0.0,0.0,0.0,0.0,0.0,0.0,False,False,False,True,0,0,False,24.022222222222222,90.37777777777777,True,24,90.37777777777778
47681-2XU-130,0.0,0.0,0.0,0.0,0.0,0.0,0.0,0.0,0.0,0.0,False,False,False,True,0,0,False,23.333333333333332,39.044444444444444,True,23,39.044444444444444
47681-2XU-140,0.0,0.0,0.0,0.0,0.0,0.0,0.0,0.0,0.0,0.0,False,False,False,True,0,0,False,4.288888888888889,6.844444444444444,True,4,6.844444444444443
47681-2XU-150,0.0,0.0,0.0,0.0,0.0,0.0,0.0,0.0,0.0,0.0,False,False,False,True,0,0,False,0.0,0.0,False,0,0.0
47681-2XU-160,0.0,0.0,0.0,0.0,0.0,0.0,0.0,0.0,0.0,0.0,False,False,False,True,0,0,False,0.0,0.0,False,0,0.0
47681-2XU-85,0.0,0.0,0.0,0.0,0.0,0.0,0.0,0.0,0.0,0.0,False,False,False,True,0,0,False,3.3555555555555556,34.06666666666666,True,3,34.06666666666666
47681-2XU-90,0.0,0.0,0.0,0.0,0.0,0.0,0.0,0.0,0.0,0.0,False,False,False,True,0,0,False,7.711111111111111,65.48888888888888,True,8,65.48888888888888
47681-2XV-100,0.0,0.0,0.0,0.0,0.0,0.0,0.0,0.0,0.0,0.0,False,False,False,True,0,0,False,15.466666666666667,30.022222222222222,True,15,30.022222222222215
47681-2XV-110,0.0,0.0,0.0,0.0,0.0,0.0,0.0,0.0,0.0,0.0,False,False,False,True,0,0,False,11.311111111111112,16.955555555555556,True,11,16.955555555555556
47681-2XV-120,0.0,0.0,0.0,0.0,0.0,0.0,0.0,0.0,0.0,0.0,False,False,False,True,0,0,False,0.0,0.0,False,0,0.0
47681-2XV-130,0.0,0.0,0.0,0.0,0.0,0.0,0.0,0.0,0.0,0.0,False,False,False,True,0,0,False,0.0,0.0,False,0,0.0
47681-2XV-140,0.0,0.0,0.0,0.0,0.0,0.0,0.0,0.0,0.0,0.0,False,False,False,True,0,0,False,0.24444444444444446,0.3111111111111111,True,0,0.3111111111111111
47681-2XV-150,0.0,0.0,0.0,0.0,0.0,0.0,0.0,0.0,0.0,0.0,False,False,False,True,0,0,False,1.4444444444444444,3.2666666666666666,True,1,3.2666666666666666
47681-2XV-160,0.0,0.0,0.0,0.0,0.0,0.0,0.0,0.0,0.0,0.0,False,False,False,True,0,0,False,0.06666666666666667,0.3111111111111111,True,0,0.3111111111111111
47681-2XV-85,0.0,0.0,0.0,0.0,0.0,0.0,0.0,0.0,0.0,0.0,False,False,False,True,0,0,False,5.311111111111111,12.444444444444443,True,5,12.444444444444443
47681-2XV-90,0.0,0.0,0.0,0.0,0.0,0.0,0.0,0.0,0.0,0.0,False,False,False,True,0,0,False,11.511111111111111,25.666666666666664,True,12,25.666666666666664
47681-2XW-100,0.0,0.0,0.0,0.0,0.0,0.0,0.0,0.0,0.0,0.0,False,False,False,True,0,0,False,9.088888888888889,30.8,True,9,30.799999999999997
47681-2XW-110,0.0,0.0,0.0,0.0,0.0,0.0,0.0,0.0,0.0,0.0,False,False,False,True,0,0,False,7.022222222222222,34.68888888888889,True,7,34.6888888888889
47681-2XW-120,0.0,0.0,0.0,0.0,0.0,0.0,0.0,0.0,0.0,0.0,False,False,False,True,0,0,False,17.511111111111113,32.82222222222222,True,18,32.82222222222223
47681-2XW-130,0.0,0.0,0.0,0.0,0.0,0.0,0.0,0.0,0.0,0.0,False,False,False,True,0,0,False,12.066666666666666,16.177777777777777,True,12,16.177777777777777
47681-2XW-140,0.0,0.0,0.0,0.0,0.0,0.0,0.0,0.0,0.0,0.0,False,False,False,True,0,0,False,9.4,13.377777777777778,True,9,13.377777777777776
47681-2XW-150,0.0,0.0,0.0,0.0,0.0,0.0,0.0,0.0,0.0,0.0,False,False,False,True,0,0,False,2.7111111111111112,4.2,True,3,4.2
47681-2XW-160,0.0,0.0,0.0,0.0,0.0,0.0,0.0,0.0,0.0,0.0,False,False,False,True,0,0,False,0.0,0.3111111111111111,True,0,0.3111111111111111
47681-2XW-85,0.0,0.0,0.0,0.0,0.0,0.0,0.0,0.0,0.0,0.0,False,False,False,True,0,0,False,4.4222222222222225,11.355555555555556,True,4,11.355555555555554
47681-2XW-90,0.0,0.0,0.0,0.0,0.0,0.0,0.0,0.0,0.0,0.0,False,False,False,True,0,0,False,5.644444444444444,21.93333333333333,True,6,21.933333333333334
47681-2YF-100,0.0,0.0,0.0,0.0,0.0,0.0,0.0,0.0,0.0,0.0,False,False,False,True,0,0,False,0.7111111111111111,7.777777777777777,True,1,7.777777777777777
47681-2YF-110,0.0,0.0,0.0,0.0,0.0,0.0,0.0,0.0,0.0,0.0,False,False,False,True,0,0,False,0.0,0.0,False,0,0.0
47681-2YF-120,0.0,0.0,0.0,0.0,0.0,0.0,0.0,0.0,0.0,0.0,False,False,False,True,0,0,False,0.0,0.0,False,0,0.0
47681-2YF-130,0.0,0.0,0.0,0.0,0.0,0.0,0.0,0.0,0.0,0.0,False,False,False,True,0,0,False,0.0,0.0,False,0,0.0
47681-2YF-140,0.0,0.0,0.0,0.0,0.0,0.0,0.0,0.0,0.0,0.0,False,False,False,True,0,0,False,0.0,0.0,False,0,0.0
47681-2YF-150,0.0,0.0,0.0,0.0,0.0,0.0,0.0,0.0,0.0,0.0,False,False,False,True,0,0,False,0.0,0.0,False,0,0.0
47681-2YF-160,0.0,0.0,0.0,0.0,0.0,0.0,0.0,0.0,0.0,0.0,False,False,False,True,0,0,False,0.0,0.0,False,0,0.0
47681-2YF-85,0.0,0.0,0.0,0.0,0.0,0.0,0.0,0.0,0.0,0.0,False,False,False,True,0,0,False,1.1555555555555554,12.288888888888888,True,1,12.288888888888888
