CandidateID,SourceWorkbook,SKU,WeekIndex,WeekStartDate,ForecastUnits,IsFirst13Weeks
seasonal_no_ml_baseline_2026-06-15_v2,Product Info for BRG_2026-06-01__seasonal_no_ml_baseline_2026-06-15_v2.xlsx,15233-EH2-30,1,2026-06-14,1.0,True
seasonal_no_ml_baseline_2026-06-15_v2,Product Info for BRG_2026-06-01__seasonal_no_ml_baseline_2026-06-15_v2.xlsx,15233-EH2-30,2,2026-06-21,0.0,True
seasonal_no_ml_baseline_2026-06-15_v2,Product Info for BRG_2026-06-01__seasonal_no_ml_baseline_2026-06-15_v2.xlsx,15233-EH2-30,3,2026-06-28,0.0,True
seasonal_no_ml_baseline_2026-06-15_v2,Product Info for BRG_2026-06-01__seasonal_no_ml_baseline_2026-06-15_v2.xlsx,15233-EH2-30,4,2026-07-05,0.0,True
seasonal_no_ml_baseline_2026-06-15_v2,Product Info for BRG_2026-06-01__seasonal_no_ml_baseline_2026-06-15_v2.xlsx,15233-EH2-30,5,2026-07-12,0.0,True
seasonal_no_ml_baseline_2026-06-15_v2,Product Info for BRG_2026-06-01__seasonal_no_ml_baseline_2026-06-15_v2.xlsx,15233-EH2-30,6,2026-07-19,0.0,True
seasonal_no_ml_baseline_2026-06-15_v2,Product Info for BRG_2026-06-01__seasonal_no_ml_baseline_2026-06-15_v2.xlsx,15233-EH2-30,7,2026-07-26,0.0,True
seasonal_no_ml_baseline_2026-06-15_v2,Product Info for BRG_2026-06-01__seasonal_no_ml_baseline_2026-06-15_v2.xlsx,15233-EH2-30,8,2026-08-02,0.0,True
seasonal_no_ml_baseline_2026-06-15_v2,Product Info for BRG_2026-06-01__seasonal_no_ml_baseline_2026-06-15_v2.xlsx,15233-EH2-30,9,2026-08-09,0.0,True
seasonal_no_ml_baseline_2026-06-15_v2,Product Info for BRG_2026-06-01__seasonal_no_ml_baseline_2026-06-15_v2.xlsx,15233-EH2-30,10,2026-08-16,0.0,True
seasonal_no_ml_baseline_2026-06-15_v2,Product Info for BRG_2026-06-01__seasonal_no_ml_baseline_2026-06-15_v2.xlsx,15233-EH2-30,11,2026-08-23,0.0,True
seasonal_no_ml_baseline_2026-06-15_v2,Product Info for BRG_2026-06-01__seasonal_no_ml_baseline_2026-06-15_v2.xlsx,15233-EH2-30,12,2026-08-30,0.0,True
seasonal_no_ml_baseline_2026-06-15_v2,Product Info for BRG_2026-06-01__seasonal_no_ml_baseline_2026-06-15_v2.xlsx,15233-EH2-30,13,2026-09-06,0.0,True
seasonal_no_ml_baseline_2026-06-15_v2,Product Info for BRG_2026-06-01__seasonal_no_ml_baseline_2026-06-15_v2.xlsx,15233-EH2-30,14,2026-09-13,0.0,False
seasonal_no_ml_baseline_2026-06-15_v2,Product Info for BRG_2026-06-01__seasonal_no_ml_baseline_2026-06-15_v2.xlsx,15233-EH2-30,15,2026-09-20,0.0,False
seasonal_no_ml_baseline_2026-06-15_v2,Product Info for BRG_2026-06-01__seasonal_no_ml_baseline_2026-06-15_v2.xlsx,15233-EH2-30,16,2026-09-27,0.0,False
seasonal_no_ml_baseline_2026-06-15_v2,Product Info for BRG_2026-06-01__seasonal_no_ml_baseline_2026-06-15_v2.xlsx,15233-EH2-30,17,2026-10-04,0.0,False
seasonal_no_ml_baseline_2026-06-15_v2,Product Info for BRG_2026-06-01__seasonal_no_ml_baseline_2026-06-15_v2.xlsx,15233-EH2-30,18,2026-10-11,0.0,False
seasonal_no_ml_baseline_2026-06-15_v2,Product Info for BRG_2026-06-01__seasonal_no_ml_baseline_2026-06-15_v2.xlsx,15233-EH2-30,19,2026-10-18,0.0,False
seasonal_no_ml_baseline_2026-06-15_v2,Product Info for BRG_2026-06-01__seasonal_no_ml_baseline_2026-06-15_v2.xlsx,15233-EH2-30,20,2026-10-25,0.0,False
seasonal_no_ml_baseline_2026-06-15_v2,Product Info for BRG_2026-06-01__seasonal_no_ml_baseline_2026-06-15_v2.xlsx,15233-EH2-30,21,2026-11-01,0.0,False
seasonal_no_ml_baseline_2026-06-15_v2,Product Info for BRG_2026-06-01__seasonal_no_ml_baseline_2026-06-15_v2.xlsx,15233-EH2-30,22,2026-11-08,0.0,False
seasonal_no_ml_baseline_2026-06-15_v2,Product Info for BRG_2026-06-01__seasonal_no_ml_baseline_2026-06-15_v2.xlsx,15233-EH2-30,23,2026-11-15,0.0,False
seasonal_no_ml_baseline_2026-06-15_v2,Product Info for BRG_2026-06-01__seasonal_no_ml_baseline_2026-06-15_v2.xlsx,15233-EH2-30,24,2026-11-22,0.0,False
seasonal_no_ml_baseline_2026-06-15_v2,Product Info for BRG_2026-06-01__seasonal_no_ml_baseline_2026-06-15_v2.xlsx,15233-EH2-30,25,2026-11-29,0.0,False
seasonal_no_ml_baseline_2026-06-15_v2,Product Info for BRG_2026-06-01__seasonal_no_ml_baseline_2026-06-15_v2.xlsx,15233-EH2-30,26,2026-12-06,0.0,False
seasonal_no_ml_baseline_2026-06-15_v2,Product Info for BRG_2026-06-01__seasonal_no_ml_baseline_2026-06-15_v2.xlsx,28554-011-1,1,2026-06-14,1.0,True
seasonal_no_ml_baseline_2026-06-15_v2,Product Info for BRG_2026-06-01__seasonal_no_ml_baseline_2026-06-15_v2.xlsx,28554-011-1,2,2026-06-21,0.0,True
seasonal_no_ml_baseline_2026-06-15_v2,Product Info for BRG_2026-06-01__seasonal_no_ml_baseline_2026-06-15_v2.xlsx,28554-011-1,3,2026-06-28,0.0,True
seasonal_no_ml_baseline_2026-06-15_v2,Product Info for BRG_2026-06-01__seasonal_no_ml_baseline_2026-06-15_v2.xlsx,28554-011-1,4,2026-07-05,0.0,True
seasonal_no_ml_baseline_2026-06-15_v2,Product Info for BRG_2026-06-01__seasonal_no_ml_baseline_2026-06-15_v2.xlsx,28554-011-1,5,2026-07-12,0.0,True
seasonal_no_ml_baseline_2026-06-15_v2,Product Info for BRG_2026-06-01__seasonal_no_ml_baseline_2026-06-15_v2.xlsx,28554-011-1,6,2026-07-19,0.0,True
seasonal_no_ml_baseline_2026-06-15_v2,Product Info for BRG_2026-06-01__seasonal_no_ml_baseline_2026-06-15_v2.xlsx,28554-011-1,7,2026-07-26,0.0,True
seasonal_no_ml_baseline_2026-06-15_v2,Product Info for BRG_2026-06-01__seasonal_no_ml_baseline_2026-06-15_v2.xlsx,28554-011-1,8,2026-08-02,0.0,True
seasonal_no_ml_baseline_2026-06-15_v2,Product Info for BRG_2026-06-01__seasonal_no_ml_baseline_2026-06-15_v2.xlsx,28554-011-1,9,2026-08-09,0.0,True
seasonal_no_ml_baseline_2026-06-15_v2,Product Info for BRG_2026-06-01__seasonal_no_ml_baseline_2026-06-15_v2.xlsx,28554-011-1,10,2026-08-16,0.0,True
seasonal_no_ml_baseline_2026-06-15_v2,Product Info for BRG_2026-06-01__seasonal_no_ml_baseline_2026-06-15_v2.xlsx,28554-011-1,11,2026-08-23,0.0,True
seasonal_no_ml_baseline_2026-06-15_v2,Product Info for BRG_2026-06-01__seasonal_no_ml_baseline_2026-06-15_v2.xlsx,28554-011-1,12,2026-08-30,0.0,True
seasonal_no_ml_baseline_2026-06-15_v2,Product Info for BRG_2026-06-01__seasonal_no_ml_baseline_2026-06-15_v2.xlsx,28554-011-1,13,2026-09-06,0.0,True
seasonal_no_ml_baseline_2026-06-15_v2,Product Info for BRG_2026-06-01__seasonal_no_ml_baseline_2026-06-15_v2.xlsx,28554-011-1,14,2026-09-13,0.0,False
seasonal_no_ml_baseline_2026-06-15_v2,Product Info for BRG_2026-06-01__seasonal_no_ml_baseline_2026-06-15_v2.xlsx,28554-011-1,15,2026-09-20,0.0,False
seasonal_no_ml_baseline_2026-06-15_v2,Product Info for BRG_2026-06-01__seasonal_no_ml_baseline_2026-06-15_v2.xlsx,28554-011-1,16,2026-09-27,0.0,False
seasonal_no_ml_baseline_2026-06-15_v2,Product Info for BRG_2026-06-01__seasonal_no_ml_baseline_2026-06-15_v2.xlsx,28554-011-1,17,2026-10-04,0.0,False
seasonal_no_ml_baseline_2026-06-15_v2,Product Info for BRG_2026-06-01__seasonal_no_ml_baseline_2026-06-15_v2.xlsx,28554-011-1,18,2026-10-11,0.0,False
seasonal_no_ml_baseline_2026-06-15_v2,Product Info for BRG_2026-06-01__seasonal_no_ml_baseline_2026-06-15_v2.xlsx,28554-011-1,19,2026-10-18,0.0,False
seasonal_no_ml_baseline_2026-06-15_v2,Product Info for BRG_2026-06-01__seasonal_no_ml_baseline_2026-06-15_v2.xlsx,28554-011-1,20,2026-10-25,0.0,False
seasonal_no_ml_baseline_2026-06-15_v2,Product Info for BRG_2026-06-01__seasonal_no_ml_baseline_2026-06-15_v2.xlsx,28554-011-1,21,2026-11-01,0.0,False
seasonal_no_ml_baseline_2026-06-15_v2,Product Info for BRG_2026-06-01__seasonal_no_ml_baseline_2026-06-15_v2.xlsx,28554-011-1,22,2026-11-08,0.0,False
seasonal_no_ml_baseline_2026-06-15_v2,Product Info for BRG_2026-06-01__seasonal_no_ml_baseline_2026-06-15_v2.xlsx,28554-011-1,23,2026-11-15,0.0,False
seasonal_no_ml_baseline_2026-06-15_v2,Product Info for BRG_2026-06-01__seasonal_no_ml_baseline_2026-06-15_v2.xlsx,28554-011-1,24,2026-11-22,0.0,False
seasonal_no_ml_baseline_2026-06-15_v2,Product Info for BRG_2026-06-01__seasonal_no_ml_baseline_2026-06-15_v2.xlsx,28554-011-1,25,2026-11-29,0.0,False
seasonal_no_ml_baseline_2026-06-15_v2,Product Info for BRG_2026-06-01__seasonal_no_ml_baseline_2026-06-15_v2.xlsx,28554-011-1,26,2026-12-06,0.0,False
seasonal_no_ml_baseline_2026-06-15_v2,Product Info for BRG_2026-06-01__seasonal_no_ml_baseline_2026-06-15_v2.xlsx,28554-M23-1,1,2026-06-14,1.0,True
seasonal_no_ml_baseline_2026-06-15_v2,Product Info for BRG_2026-06-01__seasonal_no_ml_baseline_2026-06-15_v2.xlsx,28554-M23-1,2,2026-06-21,0.0,True
seasonal_no_ml_baseline_2026-06-15_v2,Product Info for BRG_2026-06-01__seasonal_no_ml_baseline_2026-06-15_v2.xlsx,28554-M23-1,3,2026-06-28,0.0,True
seasonal_no_ml_baseline_2026-06-15_v2,Product Info for BRG_2026-06-01__seasonal_no_ml_baseline_2026-06-15_v2.xlsx,28554-M23-1,4,2026-07-05,0.0,True
seasonal_no_ml_baseline_2026-06-15_v2,Product Info for BRG_2026-06-01__seasonal_no_ml_baseline_2026-06-15_v2.xlsx,28554-M23-1,5,2026-07-12,0.0,True
seasonal_no_ml_baseline_2026-06-15_v2,Product Info for BRG_2026-06-01__seasonal_no_ml_baseline_2026-06-15_v2.xlsx,28554-M23-1,6,2026-07-19,0.0,True
seasonal_no_ml_baseline_2026-06-15_v2,Product Info for BRG_2026-06-01__seasonal_no_ml_baseline_2026-06-15_v2.xlsx,28554-M23-1,7,2026-07-26,0.0,True
seasonal_no_ml_baseline_2026-06-15_v2,Product Info for BRG_2026-06-01__seasonal_no_ml_baseline_2026-06-15_v2.xlsx,28554-M23-1,8,2026-08-02,0.0,True
seasonal_no_ml_baseline_2026-06-15_v2,Product Info for BRG_2026-06-01__seasonal_no_ml_baseline_2026-06-15_v2.xlsx,28554-M23-1,9,2026-08-09,0.0,True
seasonal_no_ml_baseline_2026-06-15_v2,Product Info for BRG_2026-06-01__seasonal_no_ml_baseline_2026-06-15_v2.xlsx,28554-M23-1,10,2026-08-16,0.0,True
seasonal_no_ml_baseline_2026-06-15_v2,Product Info for BRG_2026-06-01__seasonal_no_ml_baseline_2026-06-15_v2.xlsx,28554-M23-1,11,2026-08-23,0.0,True
seasonal_no_ml_baseline_2026-06-15_v2,Product Info for BRG_2026-06-01__seasonal_no_ml_baseline_2026-06-15_v2.xlsx,28554-M23-1,12,2026-08-30,0.0,True
seasonal_no_ml_baseline_2026-06-15_v2,Product Info for BRG_2026-06-01__seasonal_no_ml_baseline_2026-06-15_v2.xlsx,28554-M23-1,13,2026-09-06,0.0,True
seasonal_no_ml_baseline_2026-06-15_v2,Product Info for BRG_2026-06-01__seasonal_no_ml_baseline_2026-06-15_v2.xlsx,28554-M23-1,14,2026-09-13,0.0,False
seasonal_no_ml_baseline_2026-06-15_v2,Product Info for BRG_2026-06-01__seasonal_no_ml_baseline_2026-06-15_v2.xlsx,28554-M23-1,15,2026-09-20,0.0,False
seasonal_no_ml_baseline_2026-06-15_v2,Product Info for BRG_2026-06-01__seasonal_no_ml_baseline_2026-06-15_v2.xlsx,28554-M23-1,16,2026-09-27,0.0,False
seasonal_no_ml_baseline_2026-06-15_v2,Product Info for BRG_2026-06-01__seasonal_no_ml_baseline_2026-06-15_v2.xlsx,28554-M23-1,17,2026-10-04,0.0,False
seasonal_no_ml_baseline_2026-06-15_v2,Product Info for BRG_2026-06-01__seasonal_no_ml_baseline_2026-06-15_v2.xlsx,28554-M23-1,18,2026-10-11,0.0,False
seasonal_no_ml_baseline_2026-06-15_v2,Product Info for BRG_2026-06-01__seasonal_no_ml_baseline_2026-06-15_v2.xlsx,28554-M23-1,19,2026-10-18,0.0,False
seasonal_no_ml_baseline_2026-06-15_v2,Product Info for BRG_2026-06-01__seasonal_no_ml_baseline_2026-06-15_v2.xlsx,28554-M23-1,20,2026-10-25,0.0,False
seasonal_no_ml_baseline_2026-06-15_v2,Product Info for BRG_2026-06-01__seasonal_no_ml_baseline_2026-06-15_v2.xlsx,28554-M23-1,21,2026-11-01,0.0,False
seasonal_no_ml_baseline_2026-06-15_v2,Product Info for BRG_2026-06-01__seasonal_no_ml_baseline_2026-06-15_v2.xlsx,28554-M23-1,22,2026-11-08,0.0,False
seasonal_no_ml_baseline_2026-06-15_v2,Product Info for BRG_2026-06-01__seasonal_no_ml_baseline_2026-06-15_v2.xlsx,28554-M23-1,23,2026-11-15,0.0,False
seasonal_no_ml_baseline_2026-06-15_v2,Product Info for BRG_2026-06-01__seasonal_no_ml_baseline_2026-06-15_v2.xlsx,28554-M23-1,24,2026-11-22,0.0,False
seasonal_no_ml_baseline_2026-06-15_v2,Product Info for BRG_2026-06-01__seasonal_no_ml_baseline_2026-06-15_v2.xlsx,28554-M23-1,25,2026-11-29,0.0,False
seasonal_no_ml_baseline_2026-06-15_v2,Product Info for BRG_2026-06-01__seasonal_no_ml_baseline_2026-06-15_v2.xlsx,28554-M23-1,26,2026-12-06,0.0,False
seasonal_no_ml_baseline_2026-06-15_v2,Product Info for BRG_2026-06-01__seasonal_no_ml_baseline_2026-06-15_v2.xlsx,30070-011-L,1,2026-06-14,10.0,True
seasonal_no_ml_baseline_2026-06-15_v2,Product Info for BRG_2026-06-01__seasonal_no_ml_baseline_2026-06-15_v2.xlsx,30070-011-L,2,2026-06-21,2.2247222222222223,True
seasonal_no_ml_baseline_2026-06-15_v2,Product Info for BRG_2026-06-01__seasonal_no_ml_baseline_2026-06-15_v2.xlsx,30070-011-L,3,2026-06-28,2.1158333333333337,True
seasonal_no_ml_baseline_2026-06-15_v2,Product Info for BRG_2026-06-01__seasonal_no_ml_baseline_2026-06-15_v2.xlsx,30070-011-L,4,2026-07-05,1.9525000000000001,True
seasonal_no_ml_baseline_2026-06-15_v2,Product Info for BRG_2026-06-01__seasonal_no_ml_baseline_2026-06-15_v2.xlsx,30070-011-L,5,2026-07-12,2.2247222222222223,True
seasonal_no_ml_baseline_2026-06-15_v2,Product Info for BRG_2026-06-01__seasonal_no_ml_baseline_2026-06-15_v2.xlsx,30070-011-L,6,2026-07-19,2.0069444444444446,True
seasonal_no_ml_baseline_2026-06-15_v2,Product Info for BRG_2026-06-01__seasonal_no_ml_baseline_2026-06-15_v2.xlsx,30070-011-L,7,2026-07-26,1.6258333333333335,True
seasonal_no_ml_baseline_2026-06-15_v2,Product Info for BRG_2026-06-01__seasonal_no_ml_baseline_2026-06-15_v2.xlsx,30070-011-L,8,2026-08-02,1.7891666666666668,True
seasonal_no_ml_baseline_2026-06-15_v2,Product Info for BRG_2026-06-01__seasonal_no_ml_baseline_2026-06-15_v2.xlsx,30070-011-L,9,2026-08-09,1.9525000000000001,True
seasonal_no_ml_baseline_2026-06-15_v2,Product Info for BRG_2026-06-01__seasonal_no_ml_baseline_2026-06-15_v2.xlsx,30070-011-L,10,2026-08-16,1.843611111111111,True
seasonal_no_ml_baseline_2026-06-15_v2,Product Info for BRG_2026-06-01__seasonal_no_ml_baseline_2026-06-15_v2.xlsx,30070-011-L,11,2026-08-23,2.279166666666667,True
seasonal_no_ml_baseline_2026-06-15_v2,Product Info for BRG_2026-06-01__seasonal_no_ml_baseline_2026-06-15_v2.xlsx,30070-011-L,12,2026-08-30,3.041388888888889,True
seasonal_no_ml_baseline_2026-06-15_v2,Product Info for BRG_2026-06-01__seasonal_no_ml_baseline_2026-06-15_v2.xlsx,30070-011-L,13,2026-09-06,4.565833333333334,True
seasonal_no_ml_baseline_2026-06-15_v2,Product Info for BRG_2026-06-01__seasonal_no_ml_baseline_2026-06-15_v2.xlsx,30070-011-L,14,2026-09-13,4.348055555555555,False
seasonal_no_ml_baseline_2026-06-15_v2,Product Info for BRG_2026-06-01__seasonal_no_ml_baseline_2026-06-15_v2.xlsx,30070-011-L,15,2026-09-20,2.714722222222222,False
seasonal_no_ml_baseline_2026-06-15_v2,Product Info for BRG_2026-06-01__seasonal_no_ml_baseline_2026-06-15_v2.xlsx,30070-011-L,16,2026-09-27,2.388055555555556,False
seasonal_no_ml_baseline_2026-06-15_v2,Product Info for BRG_2026-06-01__seasonal_no_ml_baseline_2026-06-15_v2.xlsx,30070-011-L,17,2026-10-04,2.660277777777778,False
seasonal_no_ml_baseline_2026-06-15_v2,Product Info for BRG_2026-06-01__seasonal_no_ml_baseline_2026-06-15_v2.xlsx,30070-011-L,18,2026-10-11,2.9325,False
seasonal_no_ml_baseline_2026-06-15_v2,Product Info for BRG_2026-06-01__seasonal_no_ml_baseline_2026-06-15_v2.xlsx,30070-011-L,19,2026-10-18,3.4769444444444444,False
seasonal_no_ml_baseline_2026-06-15_v2,Product Info for BRG_2026-06-01__seasonal_no_ml_baseline_2026-06-15_v2.xlsx,30070-011-L,20,2026-10-25,3.5313888888888885,False
seasonal_no_ml_baseline_2026-06-15_v2,Product Info for BRG_2026-06-01__seasonal_no_ml_baseline_2026-06-15_v2.xlsx,30070-011-L,21,2026-11-01,3.2047222222222222,False
seasonal_no_ml_baseline_2026-06-15_v2,Product Info for BRG_2026-06-01__seasonal_no_ml_baseline_2026-06-15_v2.xlsx,30070-011-L,22,2026-11-08,3.041388888888889,False
seasonal_no_ml_baseline_2026-06-15_v2,Product Info for BRG_2026-06-01__seasonal_no_ml_baseline_2026-06-15_v2.xlsx,30070-011-L,23,2026-11-15,2.9325,False
seasonal_no_ml_baseline_2026-06-15_v2,Product Info for BRG_2026-06-01__seasonal_no_ml_baseline_2026-06-15_v2.xlsx,30070-011-L,24,2026-11-22,4.130277777777778,False
seasonal_no_ml_baseline_2026-06-15_v2,Product Info for BRG_2026-06-01__seasonal_no_ml_baseline_2026-06-15_v2.xlsx,30070-011-L,25,2026-11-29,5.055833333333333,False
seasonal_no_ml_baseline_2026-06-15_v2,Product Info for BRG_2026-06-01__seasonal_no_ml_baseline_2026-06-15_v2.xlsx,30070-011-L,26,2026-12-06,4.565833333333334,False
seasonal_no_ml_baseline_2026-06-15_v2,Product Info for BRG_2026-06-01__seasonal_no_ml_baseline_2026-06-15_v2.xlsx,30070-011-M,1,2026-06-14,10.0,True
seasonal_no_ml_baseline_2026-06-15_v2,Product Info for BRG_2026-06-01__seasonal_no_ml_baseline_2026-06-15_v2.xlsx,30070-011-M,2,2026-06-21,2.7130555555555556,True
seasonal_no_ml_baseline_2026-06-15_v2,Product Info for BRG_2026-06-01__seasonal_no_ml_baseline_2026-06-15_v2.xlsx,30070-011-M,3,2026-06-28,2.4408333333333334,True
seasonal_no_ml_baseline_2026-06-15_v2,Product Info for BRG_2026-06-01__seasonal_no_ml_baseline_2026-06-15_v2.xlsx,30070-011-M,4,2026-07-05,2.9852777777777777,True
seasonal_no_ml_baseline_2026-06-15_v2,Product Info for BRG_2026-06-01__seasonal_no_ml_baseline_2026-06-15_v2.xlsx,30070-011-M,5,2026-07-12,3.4208333333333334,True
seasonal_no_ml_baseline_2026-06-15_v2,Product Info for BRG_2026-06-01__seasonal_no_ml_baseline_2026-06-15_v2.xlsx,30070-011-M,6,2026-07-19,2.549722222222222,True
seasonal_no_ml_baseline_2026-06-15_v2,Product Info for BRG_2026-06-01__seasonal_no_ml_baseline_2026-06-15_v2.xlsx,30070-011-M,7,2026-07-26,2.1141666666666667,True
seasonal_no_ml_baseline_2026-06-15_v2,Product Info for BRG_2026-06-01__seasonal_no_ml_baseline_2026-06-15_v2.xlsx,30070-011-M,8,2026-08-02,2.658611111111111,True
seasonal_no_ml_baseline_2026-06-15_v2,Product Info for BRG_2026-06-01__seasonal_no_ml_baseline_2026-06-15_v2.xlsx,30070-011-M,9,2026-08-09,2.821944444444444,True
seasonal_no_ml_baseline_2026-06-15_v2,Product Info for BRG_2026-06-01__seasonal_no_ml_baseline_2026-06-15_v2.xlsx,30070-011-M,10,2026-08-16,2.495277777777778,True
seasonal_no_ml_baseline_2026-06-15_v2,Product Info for BRG_2026-06-01__seasonal_no_ml_baseline_2026-06-15_v2.xlsx,30070-011-M,11,2026-08-23,3.366388888888889,True
seasonal_no_ml_baseline_2026-06-15_v2,Product Info for BRG_2026-06-01__seasonal_no_ml_baseline_2026-06-15_v2.xlsx,30070-011-M,12,2026-08-30,4.673055555555555,True
seasonal_no_ml_baseline_2026-06-15_v2,Product Info for BRG_2026-06-01__seasonal_no_ml_baseline_2026-06-15_v2.xlsx,30070-011-M,13,2026-09-06,5.925277777777778,True
seasonal_no_ml_baseline_2026-06-15_v2,Product Info for BRG_2026-06-01__seasonal_no_ml_baseline_2026-06-15_v2.xlsx,30070-011-M,14,2026-09-13,5.6530555555555555,False
seasonal_no_ml_baseline_2026-06-15_v2,Product Info for BRG_2026-06-01__seasonal_no_ml_baseline_2026-06-15_v2.xlsx,30070-011-M,15,2026-09-20,3.6930555555555555,False
seasonal_no_ml_baseline_2026-06-15_v2,Product Info for BRG_2026-06-01__seasonal_no_ml_baseline_2026-06-15_v2.xlsx,30070-011-M,16,2026-09-27,2.821944444444444,False
seasonal_no_ml_baseline_2026-06-15_v2,Product Info for BRG_2026-06-01__seasonal_no_ml_baseline_2026-06-15_v2.xlsx,30070-011-M,17,2026-10-04,3.366388888888889,False
seasonal_no_ml_baseline_2026-06-15_v2,Product Info for BRG_2026-06-01__seasonal_no_ml_baseline_2026-06-15_v2.xlsx,30070-011-M,18,2026-10-11,3.8563888888888886,False
seasonal_no_ml_baseline_2026-06-15_v2,Product Info for BRG_2026-06-01__seasonal_no_ml_baseline_2026-06-15_v2.xlsx,30070-011-M,19,2026-10-18,3.9652777777777777,False
seasonal_no_ml_baseline_2026-06-15_v2,Product Info for BRG_2026-06-01__seasonal_no_ml_baseline_2026-06-15_v2.xlsx,30070-011-M,20,2026-10-25,4.019722222222223,False
seasonal_no_ml_baseline_2026-06-15_v2,Product Info for BRG_2026-06-01__seasonal_no_ml_baseline_2026-06-15_v2.xlsx,30070-011-M,21,2026-11-01,3.6930555555555555,False
seasonal_no_ml_baseline_2026-06-15_v2,Product Info for BRG_2026-06-01__seasonal_no_ml_baseline_2026-06-15_v2.xlsx,30070-011-M,22,2026-11-08,3.4752777777777775,False
seasonal_no_ml_baseline_2026-06-15_v2,Product Info for BRG_2026-06-01__seasonal_no_ml_baseline_2026-06-15_v2.xlsx,30070-011-M,23,2026-11-15,3.910833333333333,False
seasonal_no_ml_baseline_2026-06-15_v2,Product Info for BRG_2026-06-01__seasonal_no_ml_baseline_2026-06-15_v2.xlsx,30070-011-M,24,2026-11-22,5.054166666666666,False
seasonal_no_ml_baseline_2026-06-15_v2,Product Info for BRG_2026-06-01__seasonal_no_ml_baseline_2026-06-15_v2.xlsx,30070-011-M,25,2026-11-29,6.08861111111111,False
seasonal_no_ml_baseline_2026-06-15_v2,Product Info for BRG_2026-06-01__seasonal_no_ml_baseline_2026-06-15_v2.xlsx,30070-011-M,26,2026-12-06,5.326388888888888,False
seasonal_no_ml_baseline_2026-06-15_v2,Product Info for BRG_2026-06-01__seasonal_no_ml_baseline_2026-06-15_v2.xlsx,30070-011-S,1,2026-06-14,10.0,True
seasonal_no_ml_baseline_2026-06-15_v2,Product Info for BRG_2026-06-01__seasonal_no_ml_baseline_2026-06-15_v2.xlsx,30070-011-S,2,2026-06-21,2.333333333333333,True
seasonal_no_ml_baseline_2026-06-15_v2,Product Info for BRG_2026-06-01__seasonal_no_ml_baseline_2026-06-15_v2.xlsx,30070-011-S,3,2026-06-28,1.2444444444444445,True
seasonal_no_ml_baseline_2026-06-15_v2,Product Info for BRG_2026-06-01__seasonal_no_ml_baseline_2026-06-15_v2.xlsx,30070-011-S,4,2026-07-05,2.022222222222222,True
seasonal_no_ml_baseline_2026-06-15_v2,Product Info for BRG_2026-06-01__seasonal_no_ml_baseline_2026-06-15_v2.xlsx,30070-011-S,5,2026-07-12,3.111111111111111,True
seasonal_no_ml_baseline_2026-06-15_v2,Product Info for BRG_2026-06-01__seasonal_no_ml_baseline_2026-06-15_v2.xlsx,30070-011-S,6,2026-07-19,1.711111111111111,True
seasonal_no_ml_baseline_2026-06-15_v2,Product Info for BRG_2026-06-01__seasonal_no_ml_baseline_2026-06-15_v2.xlsx,30070-011-S,7,2026-07-26,0.9333333333333333,True
seasonal_no_ml_baseline_2026-06-15_v2,Product Info for BRG_2026-06-01__seasonal_no_ml_baseline_2026-06-15_v2.xlsx,30070-011-S,8,2026-08-02,1.2444444444444445,True
seasonal_no_ml_baseline_2026-06-15_v2,Product Info for BRG_2026-06-01__seasonal_no_ml_baseline_2026-06-15_v2.xlsx,30070-011-S,9,2026-08-09,1.4,True
seasonal_no_ml_baseline_2026-06-15_v2,Product Info for BRG_2026-06-01__seasonal_no_ml_baseline_2026-06-15_v2.xlsx,30070-011-S,10,2026-08-16,1.8666666666666667,True
seasonal_no_ml_baseline_2026-06-15_v2,Product Info for BRG_2026-06-01__seasonal_no_ml_baseline_2026-06-15_v2.xlsx,30070-011-S,11,2026-08-23,3.2666666666666666,True
seasonal_no_ml_baseline_2026-06-15_v2,Product Info for BRG_2026-06-01__seasonal_no_ml_baseline_2026-06-15_v2.xlsx,30070-011-S,12,2026-08-30,4.044444444444444,True
seasonal_no_ml_baseline_2026-06-15_v2,Product Info for BRG_2026-06-01__seasonal_no_ml_baseline_2026-06-15_v2.xlsx,30070-011-S,13,2026-09-06,7.311111111111111,True
seasonal_no_ml_baseline_2026-06-15_v2,Product Info for BRG_2026-06-01__seasonal_no_ml_baseline_2026-06-15_v2.xlsx,30070-011-S,14,2026-09-13,8.555555555555555,False
seasonal_no_ml_baseline_2026-06-15_v2,Product Info for BRG_2026-06-01__seasonal_no_ml_baseline_2026-06-15_v2.xlsx,30070-011-S,15,2026-09-20,5.6,False
seasonal_no_ml_baseline_2026-06-15_v2,Product Info for BRG_2026-06-01__seasonal_no_ml_baseline_2026-06-15_v2.xlsx,30070-011-S,16,2026-09-27,4.511111111111111,False
seasonal_no_ml_baseline_2026-06-15_v2,Product Info for BRG_2026-06-01__seasonal_no_ml_baseline_2026-06-15_v2.xlsx,30070-011-S,17,2026-10-04,2.9555555555555553,False
seasonal_no_ml_baseline_2026-06-15_v2,Product Info for BRG_2026-06-01__seasonal_no_ml_baseline_2026-06-15_v2.xlsx,30070-011-S,18,2026-10-11,2.488888888888889,False
seasonal_no_ml_baseline_2026-06-15_v2,Product Info for BRG_2026-06-01__seasonal_no_ml_baseline_2026-06-15_v2.xlsx,30070-011-S,19,2026-10-18,2.6444444444444444,False
seasonal_no_ml_baseline_2026-06-15_v2,Product Info for BRG_2026-06-01__seasonal_no_ml_baseline_2026-06-15_v2.xlsx,30070-011-S,20,2026-10-25,3.111111111111111,False
seasonal_no_ml_baseline_2026-06-15_v2,Product Info for BRG_2026-06-01__seasonal_no_ml_baseline_2026-06-15_v2.xlsx,30070-011-S,21,2026-11-01,4.511111111111111,False
seasonal_no_ml_baseline_2026-06-15_v2,Product Info for BRG_2026-06-01__seasonal_no_ml_baseline_2026-06-15_v2.xlsx,30070-011-S,22,2026-11-08,4.044444444444444,False
seasonal_no_ml_baseline_2026-06-15_v2,Product Info for BRG_2026-06-01__seasonal_no_ml_baseline_2026-06-15_v2.xlsx,30070-011-S,23,2026-11-15,5.133333333333333,False
seasonal_no_ml_baseline_2026-06-15_v2,Product Info for BRG_2026-06-01__seasonal_no_ml_baseline_2026-06-15_v2.xlsx,30070-011-S,24,2026-11-22,10.88888888888889,False
seasonal_no_ml_baseline_2026-06-15_v2,Product Info for BRG_2026-06-01__seasonal_no_ml_baseline_2026-06-15_v2.xlsx,30070-011-S,25,2026-11-29,9.644444444444444,False
seasonal_no_ml_baseline_2026-06-15_v2,Product Info for BRG_2026-06-01__seasonal_no_ml_baseline_2026-06-15_v2.xlsx,30070-011-S,26,2026-12-06,5.288888888888889,False
seasonal_no_ml_baseline_2026-06-15_v2,Product Info for BRG_2026-06-01__seasonal_no_ml_baseline_2026-06-15_v2.xlsx,30070-011-XL,1,2026-06-14,10.0,True
seasonal_no_ml_baseline_2026-06-15_v2,Product Info for BRG_2026-06-01__seasonal_no_ml_baseline_2026-06-15_v2.xlsx,30070-011-XL,2,2026-06-21,0.5419444444444445,True
seasonal_no_ml_baseline_2026-06-15_v2,Product Info for BRG_2026-06-01__seasonal_no_ml_baseline_2026-06-15_v2.xlsx,30070-011-XL,3,2026-06-28,0.5419444444444445,True
seasonal_no_ml_baseline_2026-06-15_v2,Product Info for BRG_2026-06-01__seasonal_no_ml_baseline_2026-06-15_v2.xlsx,30070-011-XL,4,2026-07-05,0.6508333333333334,True
seasonal_no_ml_baseline_2026-06-15_v2,Product Info for BRG_2026-06-01__seasonal_no_ml_baseline_2026-06-15_v2.xlsx,30070-011-XL,5,2026-07-12,0.7052777777777778,True
seasonal_no_ml_baseline_2026-06-15_v2,Product Info for BRG_2026-06-01__seasonal_no_ml_baseline_2026-06-15_v2.xlsx,30070-011-XL,6,2026-07-19,0.6508333333333334,True
seasonal_no_ml_baseline_2026-06-15_v2,Product Info for BRG_2026-06-01__seasonal_no_ml_baseline_2026-06-15_v2.xlsx,30070-011-XL,7,2026-07-26,0.596388888888889,True
seasonal_no_ml_baseline_2026-06-15_v2,Product Info for BRG_2026-06-01__seasonal_no_ml_baseline_2026-06-15_v2.xlsx,30070-011-XL,8,2026-08-02,0.8141666666666667,True
seasonal_no_ml_baseline_2026-06-15_v2,Product Info for BRG_2026-06-01__seasonal_no_ml_baseline_2026-06-15_v2.xlsx,30070-011-XL,9,2026-08-09,1.0863888888888888,True
seasonal_no_ml_baseline_2026-06-15_v2,Product Info for BRG_2026-06-01__seasonal_no_ml_baseline_2026-06-15_v2.xlsx,30070-011-XL,10,2026-08-16,1.0319444444444446,True
seasonal_no_ml_baseline_2026-06-15_v2,Product Info for BRG_2026-06-01__seasonal_no_ml_baseline_2026-06-15_v2.xlsx,30070-011-XL,11,2026-08-23,0.8141666666666667,True
seasonal_no_ml_baseline_2026-06-15_v2,Product Info for BRG_2026-06-01__seasonal_no_ml_baseline_2026-06-15_v2.xlsx,30070-011-XL,12,2026-08-30,0.9775,True
seasonal_no_ml_baseline_2026-06-15_v2,Product Info for BRG_2026-06-01__seasonal_no_ml_baseline_2026-06-15_v2.xlsx,30070-011-XL,13,2026-09-06,1.7397222222222222,True
seasonal_no_ml_baseline_2026-06-15_v2,Product Info for BRG_2026-06-01__seasonal_no_ml_baseline_2026-06-15_v2.xlsx,30070-011-XL,14,2026-09-13,1.7941666666666667,False
seasonal_no_ml_baseline_2026-06-15_v2,Product Info for BRG_2026-06-01__seasonal_no_ml_baseline_2026-06-15_v2.xlsx,30070-011-XL,15,2026-09-20,1.0863888888888888,False
seasonal_no_ml_baseline_2026-06-15_v2,Product Info for BRG_2026-06-01__seasonal_no_ml_baseline_2026-06-15_v2.xlsx,30070-011-XL,16,2026-09-27,0.9230555555555555,False
seasonal_no_ml_baseline_2026-06-15_v2,Product Info for BRG_2026-06-01__seasonal_no_ml_baseline_2026-06-15_v2.xlsx,30070-011-XL,17,2026-10-04,0.9775,False
seasonal_no_ml_baseline_2026-06-15_v2,Product Info for BRG_2026-06-01__seasonal_no_ml_baseline_2026-06-15_v2.xlsx,30070-011-XL,18,2026-10-11,1.3041666666666667,False
seasonal_no_ml_baseline_2026-06-15_v2,Product Info for BRG_2026-06-01__seasonal_no_ml_baseline_2026-06-15_v2.xlsx,30070-011-XL,19,2026-10-18,2.0119444444444445,False
seasonal_no_ml_baseline_2026-06-15_v2,Product Info for BRG_2026-06-01__seasonal_no_ml_baseline_2026-06-15_v2.xlsx,30070-011-XL,20,2026-10-25,2.229722222222222,False
seasonal_no_ml_baseline_2026-06-15_v2,Product Info for BRG_2026-06-01__seasonal_no_ml_baseline_2026-06-15_v2.xlsx,30070-011-XL,21,2026-11-01,1.3586111111111112,False
seasonal_no_ml_baseline_2026-06-15_v2,Product Info for BRG_2026-06-01__seasonal_no_ml_baseline_2026-06-15_v2.xlsx,30070-011-XL,22,2026-11-08,1.0319444444444446,False
seasonal_no_ml_baseline_2026-06-15_v2,Product Info for BRG_2026-06-01__seasonal_no_ml_baseline_2026-06-15_v2.xlsx,30070-011-XL,23,2026-11-15,1.3041666666666667,False
seasonal_no_ml_baseline_2026-06-15_v2,Product Info for BRG_2026-06-01__seasonal_no_ml_baseline_2026-06-15_v2.xlsx,30070-011-XL,24,2026-11-22,1.1952777777777777,False
seasonal_no_ml_baseline_2026-06-15_v2,Product Info for BRG_2026-06-01__seasonal_no_ml_baseline_2026-06-15_v2.xlsx,30070-011-XL,25,2026-11-29,1.848611111111111,False
seasonal_no_ml_baseline_2026-06-15_v2,Product Info for BRG_2026-06-01__seasonal_no_ml_baseline_2026-06-15_v2.xlsx,30070-011-XL,26,2026-12-06,2.2841666666666667,False
seasonal_no_ml_baseline_2026-06-15_v2,Product Info for BRG_2026-06-01__seasonal_no_ml_baseline_2026-06-15_v2.xlsx,30070-011-XS,1,2026-06-14,10.0,True
seasonal_no_ml_baseline_2026-06-15_v2,Product Info for BRG_2026-06-01__seasonal_no_ml_baseline_2026-06-15_v2.xlsx,30070-011-XS,2,2026-06-21,1.4356944444444446,True
seasonal_no_ml_baseline_2026-06-15_v2,Product Info for BRG_2026-06-01__seasonal_no_ml_baseline_2026-06-15_v2.xlsx,30070-011-XS,3,2026-06-28,1.599027777777778,True
seasonal_no_ml_baseline_2026-06-15_v2,Product Info for BRG_2026-06-01__seasonal_no_ml_baseline_2026-06-15_v2.xlsx,30070-011-XS,4,2026-07-05,1.599027777777778,True
seasonal_no_ml_baseline_2026-06-15_v2,Product Info for BRG_2026-06-01__seasonal_no_ml_baseline_2026-06-15_v2.xlsx,30070-011-XS,5,2026-07-12,1.5445833333333334,True
seasonal_no_ml_baseline_2026-06-15_v2,Product Info for BRG_2026-06-01__seasonal_no_ml_baseline_2026-06-15_v2.xlsx,30070-011-XS,6,2026-07-19,1.4356944444444446,True
seasonal_no_ml_baseline_2026-06-15_v2,Product Info for BRG_2026-06-01__seasonal_no_ml_baseline_2026-06-15_v2.xlsx,30070-011-XS,7,2026-07-26,1.4356944444444446,True
seasonal_no_ml_baseline_2026-06-15_v2,Product Info for BRG_2026-06-01__seasonal_no_ml_baseline_2026-06-15_v2.xlsx,30070-011-XS,8,2026-08-02,1.5445833333333334,True
seasonal_no_ml_baseline_2026-06-15_v2,Product Info for BRG_2026-06-01__seasonal_no_ml_baseline_2026-06-15_v2.xlsx,30070-011-XS,9,2026-08-09,1.7623611111111113,True
seasonal_no_ml_baseline_2026-06-15_v2,Product Info for BRG_2026-06-01__seasonal_no_ml_baseline_2026-06-15_v2.xlsx,30070-011-XS,10,2026-08-16,1.7623611111111113,True
seasonal_no_ml_baseline_2026-06-15_v2,Product Info for BRG_2026-06-01__seasonal_no_ml_baseline_2026-06-15_v2.xlsx,30070-011-XS,11,2026-08-23,1.599027777777778,True
seasonal_no_ml_baseline_2026-06-15_v2,Product Info for BRG_2026-06-01__seasonal_no_ml_baseline_2026-06-15_v2.xlsx,30070-011-XS,12,2026-08-30,1.7623611111111113,True
seasonal_no_ml_baseline_2026-06-15_v2,Product Info for BRG_2026-06-01__seasonal_no_ml_baseline_2026-06-15_v2.xlsx,30070-011-XS,13,2026-09-06,2.1979166666666665,True
seasonal_no_ml_baseline_2026-06-15_v2,Product Info for BRG_2026-06-01__seasonal_no_ml_baseline_2026-06-15_v2.xlsx,30070-011-XS,14,2026-09-13,2.143472222222222,False
seasonal_no_ml_baseline_2026-06-15_v2,Product Info for BRG_2026-06-01__seasonal_no_ml_baseline_2026-06-15_v2.xlsx,30070-011-XS,15,2026-09-20,1.7623611111111113,False
seasonal_no_ml_baseline_2026-06-15_v2,Product Info for BRG_2026-06-01__seasonal_no_ml_baseline_2026-06-15_v2.xlsx,30070-011-XS,16,2026-09-27,1.5445833333333334,False
seasonal_no_ml_baseline_2026-06-15_v2,Product Info for BRG_2026-06-01__seasonal_no_ml_baseline_2026-06-15_v2.xlsx,30070-011-XS,17,2026-10-04,1.490138888888889,False
seasonal_no_ml_baseline_2026-06-15_v2,Product Info for BRG_2026-06-01__seasonal_no_ml_baseline_2026-06-15_v2.xlsx,30070-011-XS,18,2026-10-11,1.490138888888889,False
seasonal_no_ml_baseline_2026-06-15_v2,Product Info for BRG_2026-06-01__seasonal_no_ml_baseline_2026-06-15_v2.xlsx,30070-011-XS,19,2026-10-18,1.599027777777778,False
seasonal_no_ml_baseline_2026-06-15_v2,Product Info for BRG_2026-06-01__seasonal_no_ml_baseline_2026-06-15_v2.xlsx,30070-011-XS,20,2026-10-25,1.87125,False
seasonal_no_ml_baseline_2026-06-15_v2,Product Info for BRG_2026-06-01__seasonal_no_ml_baseline_2026-06-15_v2.xlsx,30070-011-XS,21,2026-11-01,2.1979166666666665,False
seasonal_no_ml_baseline_2026-06-15_v2,Product Info for BRG_2026-06-01__seasonal_no_ml_baseline_2026-06-15_v2.xlsx,30070-011-XS,22,2026-11-08,2.0345833333333334,False
seasonal_no_ml_baseline_2026-06-15_v2,Product Info for BRG_2026-06-01__seasonal_no_ml_baseline_2026-06-15_v2.xlsx,30070-011-XS,23,2026-11-15,2.0345833333333334,False
seasonal_no_ml_baseline_2026-06-15_v2,Product Info for BRG_2026-06-01__seasonal_no_ml_baseline_2026-06-15_v2.xlsx,30070-011-XS,24,2026-11-22,2.415694444444444,False
seasonal_no_ml_baseline_2026-06-15_v2,Product Info for BRG_2026-06-01__seasonal_no_ml_baseline_2026-06-15_v2.xlsx,30070-011-XS,25,2026-11-29,2.8512500000000003,False
seasonal_no_ml_baseline_2026-06-15_v2,Product Info for BRG_2026-06-01__seasonal_no_ml_baseline_2026-06-15_v2.xlsx,30070-011-XS,26,2026-12-06,2.5790277777777777,False
seasonal_no_ml_baseline_2026-06-15_v2,Product Info for BRG_2026-06-01__seasonal_no_ml_baseline_2026-06-15_v2.xlsx,30070-011-XXL,1,2026-06-14,10.0,True
seasonal_no_ml_baseline_2026-06-15_v2,Product Info for BRG_2026-06-01__seasonal_no_ml_baseline_2026-06-15_v2.xlsx,30070-011-XXL,2,2026-06-21,0.625,True
seasonal_no_ml_baseline_2026-06-15_v2,Product Info for BRG_2026-06-01__seasonal_no_ml_baseline_2026-06-15_v2.xlsx,30070-011-XXL,3,2026-06-28,0.46069444444444446,True
seasonal_no_ml_baseline_2026-06-15_v2,Product Info for BRG_2026-06-01__seasonal_no_ml_baseline_2026-06-15_v2.xlsx,30070-011-XXL,4,2026-07-05,0.5151388888888889,True
seasonal_no_ml_baseline_2026-06-15_v2,Product Info for BRG_2026-06-01__seasonal_no_ml_baseline_2026-06-15_v2.xlsx,30070-011-XXL,5,2026-07-12,0.5151388888888889,True
seasonal_no_ml_baseline_2026-06-15_v2,Product Info for BRG_2026-06-01__seasonal_no_ml_baseline_2026-06-15_v2.xlsx,30070-011-XXL,6,2026-07-19,0.46069444444444446,True
seasonal_no_ml_baseline_2026-06-15_v2,Product Info for BRG_2026-06-01__seasonal_no_ml_baseline_2026-06-15_v2.xlsx,30070-011-XXL,7,2026-07-26,0.46069444444444446,True
seasonal_no_ml_baseline_2026-06-15_v2,Product Info for BRG_2026-06-01__seasonal_no_ml_baseline_2026-06-15_v2.xlsx,30070-011-XXL,8,2026-08-02,0.5151388888888889,True
seasonal_no_ml_baseline_2026-06-15_v2,Product Info for BRG_2026-06-01__seasonal_no_ml_baseline_2026-06-15_v2.xlsx,30070-011-XXL,9,2026-08-09,0.5151388888888889,True
seasonal_no_ml_baseline_2026-06-15_v2,Product Info for BRG_2026-06-01__seasonal_no_ml_baseline_2026-06-15_v2.xlsx,30070-011-XXL,10,2026-08-16,0.46069444444444446,True
seasonal_no_ml_baseline_2026-06-15_v2,Product Info for BRG_2026-06-01__seasonal_no_ml_baseline_2026-06-15_v2.xlsx,30070-011-XXL,11,2026-08-23,0.46069444444444446,True
seasonal_no_ml_baseline_2026-06-15_v2,Product Info for BRG_2026-06-01__seasonal_no_ml_baseline_2026-06-15_v2.xlsx,30070-011-XXL,12,2026-08-30,0.6784722222222221,True
seasonal_no_ml_baseline_2026-06-15_v2,Product Info for BRG_2026-06-01__seasonal_no_ml_baseline_2026-06-15_v2.xlsx,30070-011-XXL,13,2026-09-06,1.277361111111111,True
seasonal_no_ml_baseline_2026-06-15_v2,Product Info for BRG_2026-06-01__seasonal_no_ml_baseline_2026-06-15_v2.xlsx,30070-011-XXL,14,2026-09-13,1.2229166666666664,False
seasonal_no_ml_baseline_2026-06-15_v2,Product Info for BRG_2026-06-01__seasonal_no_ml_baseline_2026-06-15_v2.xlsx,30070-011-XXL,15,2026-09-20,0.6240277777777777,False
seasonal_no_ml_baseline_2026-06-15_v2,Product Info for BRG_2026-06-01__seasonal_no_ml_baseline_2026-06-15_v2.xlsx,30070-011-XXL,16,2026-09-27,0.46069444444444446,False
seasonal_no_ml_baseline_2026-06-15_v2,Product Info for BRG_2026-06-01__seasonal_no_ml_baseline_2026-06-15_v2.xlsx,30070-011-XXL,17,2026-10-04,0.5695833333333333,False
seasonal_no_ml_baseline_2026-06-15_v2,Product Info for BRG_2026-06-01__seasonal_no_ml_baseline_2026-06-15_v2.xlsx,30070-011-XXL,18,2026-10-11,0.5695833333333333,False
seasonal_no_ml_baseline_2026-06-15_v2,Product Info for BRG_2026-06-01__seasonal_no_ml_baseline_2026-06-15_v2.xlsx,30070-011-XXL,19,2026-10-18,0.7873611111111111,False
seasonal_no_ml_baseline_2026-06-15_v2,Product Info for BRG_2026-06-01__seasonal_no_ml_baseline_2026-06-15_v2.xlsx,30070-011-XXL,20,2026-10-25,0.89625,False
seasonal_no_ml_baseline_2026-06-15_v2,Product Info for BRG_2026-06-01__seasonal_no_ml_baseline_2026-06-15_v2.xlsx,30070-011-XXL,21,2026-11-01,0.9506944444444444,False
seasonal_no_ml_baseline_2026-06-15_v2,Product Info for BRG_2026-06-01__seasonal_no_ml_baseline_2026-06-15_v2.xlsx,30070-011-XXL,22,2026-11-08,0.9506944444444444,False
seasonal_no_ml_baseline_2026-06-15_v2,Product Info for BRG_2026-06-01__seasonal_no_ml_baseline_2026-06-15_v2.xlsx,30070-011-XXL,23,2026-11-15,0.5695833333333333,False
seasonal_no_ml_baseline_2026-06-15_v2,Product Info for BRG_2026-06-01__seasonal_no_ml_baseline_2026-06-15_v2.xlsx,30070-011-XXL,24,2026-11-22,0.6784722222222221,False
seasonal_no_ml_baseline_2026-06-15_v2,Product Info for BRG_2026-06-01__seasonal_no_ml_baseline_2026-06-15_v2.xlsx,30070-011-XXL,25,2026-11-29,0.89625,False
seasonal_no_ml_baseline_2026-06-15_v2,Product Info for BRG_2026-06-01__seasonal_no_ml_baseline_2026-06-15_v2.xlsx,30070-011-XXL,26,2026-12-06,0.7873611111111111,False
seasonal_no_ml_baseline_2026-06-15_v2,Product Info for BRG_2026-06-01__seasonal_no_ml_baseline_2026-06-15_v2.xlsx,30070-1AY-L,1,2026-06-14,4.231111111111111,True
seasonal_no_ml_baseline_2026-06-15_v2,Product Info for BRG_2026-06-01__seasonal_no_ml_baseline_2026-06-15_v2.xlsx,30070-1AY-L,2,2026-06-21,2.9555555555555553,True
seasonal_no_ml_baseline_2026-06-15_v2,Product Info for BRG_2026-06-01__seasonal_no_ml_baseline_2026-06-15_v2.xlsx,30070-1AY-L,3,2026-06-28,3.422222222222222,True
seasonal_no_ml_baseline_2026-06-15_v2,Product Info for BRG_2026-06-01__seasonal_no_ml_baseline_2026-06-15_v2.xlsx,30070-1AY-L,4,2026-07-05,4.044444444444444,True
seasonal_no_ml_baseline_2026-06-15_v2,Product Info for BRG_2026-06-01__seasonal_no_ml_baseline_2026-06-15_v2.xlsx,30070-1AY-L,5,2026-07-12,6.533333333333333,True
seasonal_no_ml_baseline_2026-06-15_v2,Product Info for BRG_2026-06-01__seasonal_no_ml_baseline_2026-06-15_v2.xlsx,30070-1AY-L,6,2026-07-19,4.822222222222222,True
seasonal_no_ml_baseline_2026-06-15_v2,Product Info for BRG_2026-06-01__seasonal_no_ml_baseline_2026-06-15_v2.xlsx,30070-1AY-L,7,2026-07-26,1.2444444444444445,True
seasonal_no_ml_baseline_2026-06-15_v2,Product Info for BRG_2026-06-01__seasonal_no_ml_baseline_2026-06-15_v2.xlsx,30070-1AY-L,8,2026-08-02,2.1777777777777776,True
seasonal_no_ml_baseline_2026-06-15_v2,Product Info for BRG_2026-06-01__seasonal_no_ml_baseline_2026-06-15_v2.xlsx,30070-1AY-L,9,2026-08-09,1.8666666666666667,True
seasonal_no_ml_baseline_2026-06-15_v2,Product Info for BRG_2026-06-01__seasonal_no_ml_baseline_2026-06-15_v2.xlsx,30070-1AY-L,10,2026-08-16,0.9333333333333333,True
seasonal_no_ml_baseline_2026-06-15_v2,Product Info for BRG_2026-06-01__seasonal_no_ml_baseline_2026-06-15_v2.xlsx,30070-1AY-L,11,2026-08-23,2.1777777777777776,True
seasonal_no_ml_baseline_2026-06-15_v2,Product Info for BRG_2026-06-01__seasonal_no_ml_baseline_2026-06-15_v2.xlsx,30070-1AY-L,12,2026-08-30,2.6444444444444444,True
seasonal_no_ml_baseline_2026-06-15_v2,Product Info for BRG_2026-06-01__seasonal_no_ml_baseline_2026-06-15_v2.xlsx,30070-1AY-L,13,2026-09-06,2.333333333333333,True
seasonal_no_ml_baseline_2026-06-15_v2,Product Info for BRG_2026-06-01__seasonal_no_ml_baseline_2026-06-15_v2.xlsx,30070-1AY-L,14,2026-09-13,1.8666666666666667,False
seasonal_no_ml_baseline_2026-06-15_v2,Product Info for BRG_2026-06-01__seasonal_no_ml_baseline_2026-06-15_v2.xlsx,30070-1AY-L,15,2026-09-20,1.711111111111111,False
seasonal_no_ml_baseline_2026-06-15_v2,Product Info for BRG_2026-06-01__seasonal_no_ml_baseline_2026-06-15_v2.xlsx,30070-1AY-L,16,2026-09-27,1.8666666666666667,False
seasonal_no_ml_baseline_2026-06-15_v2,Product Info for BRG_2026-06-01__seasonal_no_ml_baseline_2026-06-15_v2.xlsx,30070-1AY-L,17,2026-10-04,2.488888888888889,False
seasonal_no_ml_baseline_2026-06-15_v2,Product Info for BRG_2026-06-01__seasonal_no_ml_baseline_2026-06-15_v2.xlsx,30070-1AY-L,18,2026-10-11,4.666666666666666,False
seasonal_no_ml_baseline_2026-06-15_v2,Product Info for BRG_2026-06-01__seasonal_no_ml_baseline_2026-06-15_v2.xlsx,30070-1AY-L,19,2026-10-18,5.9111111111111105,False
seasonal_no_ml_baseline_2026-06-15_v2,Product Info for BRG_2026-06-01__seasonal_no_ml_baseline_2026-06-15_v2.xlsx,30070-1AY-L,20,2026-10-25,4.2,False
seasonal_no_ml_baseline_2026-06-15_v2,Product Info for BRG_2026-06-01__seasonal_no_ml_baseline_2026-06-15_v2.xlsx,30070-1AY-L,21,2026-11-01,4.666666666666666,False
seasonal_no_ml_baseline_2026-06-15_v2,Product Info for BRG_2026-06-01__seasonal_no_ml_baseline_2026-06-15_v2.xlsx,30070-1AY-L,22,2026-11-08,4.822222222222222,False
seasonal_no_ml_baseline_2026-06-15_v2,Product Info for BRG_2026-06-01__seasonal_no_ml_baseline_2026-06-15_v2.xlsx,30070-1AY-L,23,2026-11-15,3.888888888888889,False
seasonal_no_ml_baseline_2026-06-15_v2,Product Info for BRG_2026-06-01__seasonal_no_ml_baseline_2026-06-15_v2.xlsx,30070-1AY-L,24,2026-11-22,6.377777777777777,False
seasonal_no_ml_baseline_2026-06-15_v2,Product Info for BRG_2026-06-01__seasonal_no_ml_baseline_2026-06-15_v2.xlsx,30070-1AY-L,25,2026-11-29,9.488888888888889,False
seasonal_no_ml_baseline_2026-06-15_v2,Product Info for BRG_2026-06-01__seasonal_no_ml_baseline_2026-06-15_v2.xlsx,30070-1AY-L,26,2026-12-06,6.844444444444444,False
seasonal_no_ml_baseline_2026-06-15_v2,Product Info for BRG_2026-06-01__seasonal_no_ml_baseline_2026-06-15_v2.xlsx,30070-1AY-M,1,2026-06-14,5.475555555555555,True
seasonal_no_ml_baseline_2026-06-15_v2,Product Info for BRG_2026-06-01__seasonal_no_ml_baseline_2026-06-15_v2.xlsx,30070-1AY-M,2,2026-06-21,3.5777777777777775,True
seasonal_no_ml_baseline_2026-06-15_v2,Product Info for BRG_2026-06-01__seasonal_no_ml_baseline_2026-06-15_v2.xlsx,30070-1AY-M,3,2026-06-28,4.666666666666666,True
seasonal_no_ml_baseline_2026-06-15_v2,Product Info for BRG_2026-06-01__seasonal_no_ml_baseline_2026-06-15_v2.xlsx,30070-1AY-M,4,2026-07-05,4.977777777777778,True
seasonal_no_ml_baseline_2026-06-15_v2,Product Info for BRG_2026-06-01__seasonal_no_ml_baseline_2026-06-15_v2.xlsx,30070-1AY-M,5,2026-07-12,4.355555555555555,True
seasonal_no_ml_baseline_2026-06-15_v2,Product Info for BRG_2026-06-01__seasonal_no_ml_baseline_2026-06-15_v2.xlsx,30070-1AY-M,6,2026-07-19,3.422222222222222,True
seasonal_no_ml_baseline_2026-06-15_v2,Product Info for BRG_2026-06-01__seasonal_no_ml_baseline_2026-06-15_v2.xlsx,30070-1AY-M,7,2026-07-26,1.4,True
seasonal_no_ml_baseline_2026-06-15_v2,Product Info for BRG_2026-06-01__seasonal_no_ml_baseline_2026-06-15_v2.xlsx,30070-1AY-M,8,2026-08-02,2.1777777777777776,True
seasonal_no_ml_baseline_2026-06-15_v2,Product Info for BRG_2026-06-01__seasonal_no_ml_baseline_2026-06-15_v2.xlsx,30070-1AY-M,9,2026-08-09,2.6444444444444444,True
seasonal_no_ml_baseline_2026-06-15_v2,Product Info for BRG_2026-06-01__seasonal_no_ml_baseline_2026-06-15_v2.xlsx,30070-1AY-M,10,2026-08-16,3.2666666666666666,True
seasonal_no_ml_baseline_2026-06-15_v2,Product Info for BRG_2026-06-01__seasonal_no_ml_baseline_2026-06-15_v2.xlsx,30070-1AY-M,11,2026-08-23,2.8,True
seasonal_no_ml_baseline_2026-06-15_v2,Product Info for BRG_2026-06-01__seasonal_no_ml_baseline_2026-06-15_v2.xlsx,30070-1AY-M,12,2026-08-30,2.022222222222222,True
seasonal_no_ml_baseline_2026-06-15_v2,Product Info for BRG_2026-06-01__seasonal_no_ml_baseline_2026-06-15_v2.xlsx,30070-1AY-M,13,2026-09-06,2.1777777777777776,True
seasonal_no_ml_baseline_2026-06-15_v2,Product Info for BRG_2026-06-01__seasonal_no_ml_baseline_2026-06-15_v2.xlsx,30070-1AY-M,14,2026-09-13,2.1777777777777776,False
seasonal_no_ml_baseline_2026-06-15_v2,Product Info for BRG_2026-06-01__seasonal_no_ml_baseline_2026-06-15_v2.xlsx,30070-1AY-M,15,2026-09-20,3.422222222222222,False
seasonal_no_ml_baseline_2026-06-15_v2,Product Info for BRG_2026-06-01__seasonal_no_ml_baseline_2026-06-15_v2.xlsx,30070-1AY-M,16,2026-09-27,2.9555555555555553,False
seasonal_no_ml_baseline_2026-06-15_v2,Product Info for BRG_2026-06-01__seasonal_no_ml_baseline_2026-06-15_v2.xlsx,30070-1AY-M,17,2026-10-04,3.2666666666666666,False
seasonal_no_ml_baseline_2026-06-15_v2,Product Info for BRG_2026-06-01__seasonal_no_ml_baseline_2026-06-15_v2.xlsx,30070-1AY-M,18,2026-10-11,5.6,False
seasonal_no_ml_baseline_2026-06-15_v2,Product Info for BRG_2026-06-01__seasonal_no_ml_baseline_2026-06-15_v2.xlsx,30070-1AY-M,19,2026-10-18,6.688888888888888,False
seasonal_no_ml_baseline_2026-06-15_v2,Product Info for BRG_2026-06-01__seasonal_no_ml_baseline_2026-06-15_v2.xlsx,30070-1AY-M,20,2026-10-25,5.7555555555555555,False
seasonal_no_ml_baseline_2026-06-15_v2,Product Info for BRG_2026-06-01__seasonal_no_ml_baseline_2026-06-15_v2.xlsx,30070-1AY-M,21,2026-11-01,4.355555555555555,False
seasonal_no_ml_baseline_2026-06-15_v2,Product Info for BRG_2026-06-01__seasonal_no_ml_baseline_2026-06-15_v2.xlsx,30070-1AY-M,22,2026-11-08,3.888888888888889,False
seasonal_no_ml_baseline_2026-06-15_v2,Product Info for BRG_2026-06-01__seasonal_no_ml_baseline_2026-06-15_v2.xlsx,30070-1AY-M,23,2026-11-15,4.355555555555555,False
seasonal_no_ml_baseline_2026-06-15_v2,Product Info for BRG_2026-06-01__seasonal_no_ml_baseline_2026-06-15_v2.xlsx,30070-1AY-M,24,2026-11-22,7.155555555555555,False
seasonal_no_ml_baseline_2026-06-15_v2,Product Info for BRG_2026-06-01__seasonal_no_ml_baseline_2026-06-15_v2.xlsx,30070-1AY-M,25,2026-11-29,12.444444444444445,False
seasonal_no_ml_baseline_2026-06-15_v2,Product Info for BRG_2026-06-01__seasonal_no_ml_baseline_2026-06-15_v2.xlsx,30070-1AY-M,26,2026-12-06,10.11111111111111,False
seasonal_no_ml_baseline_2026-06-15_v2,Product Info for BRG_2026-06-01__seasonal_no_ml_baseline_2026-06-15_v2.xlsx,30070-1AY-S,1,2026-06-14,4.231111111111111,True
seasonal_no_ml_baseline_2026-06-15_v2,Product Info for BRG_2026-06-01__seasonal_no_ml_baseline_2026-06-15_v2.xlsx,30070-1AY-S,2,2026-06-21,2.8,True
seasonal_no_ml_baseline_2026-06-15_v2,Product Info for BRG_2026-06-01__seasonal_no_ml_baseline_2026-06-15_v2.xlsx,30070-1AY-S,3,2026-06-28,3.422222222222222,True
seasonal_no_ml_baseline_2026-06-15_v2,Product Info for BRG_2026-06-01__seasonal_no_ml_baseline_2026-06-15_v2.xlsx,30070-1AY-S,4,2026-07-05,4.355555555555555,True
seasonal_no_ml_baseline_2026-06-15_v2,Product Info for BRG_2026-06-01__seasonal_no_ml_baseline_2026-06-15_v2.xlsx,30070-1AY-S,5,2026-07-12,4.666666666666666,True
seasonal_no_ml_baseline_2026-06-15_v2,Product Info for BRG_2026-06-01__seasonal_no_ml_baseline_2026-06-15_v2.xlsx,30070-1AY-S,6,2026-07-19,3.111111111111111,True
seasonal_no_ml_baseline_2026-06-15_v2,Product Info for BRG_2026-06-01__seasonal_no_ml_baseline_2026-06-15_v2.xlsx,30070-1AY-S,7,2026-07-26,2.1777777777777776,True
seasonal_no_ml_baseline_2026-06-15_v2,Product Info for BRG_2026-06-01__seasonal_no_ml_baseline_2026-06-15_v2.xlsx,30070-1AY-S,8,2026-08-02,1.711111111111111,True
seasonal_no_ml_baseline_2026-06-15_v2,Product Info for BRG_2026-06-01__seasonal_no_ml_baseline_2026-06-15_v2.xlsx,30070-1AY-S,9,2026-08-09,1.8666666666666667,True
seasonal_no_ml_baseline_2026-06-15_v2,Product Info for BRG_2026-06-01__seasonal_no_ml_baseline_2026-06-15_v2.xlsx,30070-1AY-S,10,2026-08-16,2.1777777777777776,True
seasonal_no_ml_baseline_2026-06-15_v2,Product Info for BRG_2026-06-01__seasonal_no_ml_baseline_2026-06-15_v2.xlsx,30070-1AY-S,11,2026-08-23,1.8666666666666667,True
seasonal_no_ml_baseline_2026-06-15_v2,Product Info for BRG_2026-06-01__seasonal_no_ml_baseline_2026-06-15_v2.xlsx,30070-1AY-S,12,2026-08-30,2.1777777777777776,True
seasonal_no_ml_baseline_2026-06-15_v2,Product Info for BRG_2026-06-01__seasonal_no_ml_baseline_2026-06-15_v2.xlsx,30070-1AY-S,13,2026-09-06,1.5555555555555556,True
seasonal_no_ml_baseline_2026-06-15_v2,Product Info for BRG_2026-06-01__seasonal_no_ml_baseline_2026-06-15_v2.xlsx,30070-1AY-S,14,2026-09-13,0.3111111111111111,False
seasonal_no_ml_baseline_2026-06-15_v2,Product Info for BRG_2026-06-01__seasonal_no_ml_baseline_2026-06-15_v2.xlsx,30070-1AY-S,15,2026-09-20,0.6222222222222222,False
seasonal_no_ml_baseline_2026-06-15_v2,Product Info for BRG_2026-06-01__seasonal_no_ml_baseline_2026-06-15_v2.xlsx,30070-1AY-S,16,2026-09-27,1.4,False
seasonal_no_ml_baseline_2026-06-15_v2,Product Info for BRG_2026-06-01__seasonal_no_ml_baseline_2026-06-15_v2.xlsx,30070-1AY-S,17,2026-10-04,2.022222222222222,False
seasonal_no_ml_baseline_2026-06-15_v2,Product Info for BRG_2026-06-01__seasonal_no_ml_baseline_2026-06-15_v2.xlsx,30070-1AY-S,18,2026-10-11,5.444444444444445,False
seasonal_no_ml_baseline_2026-06-15_v2,Product Info for BRG_2026-06-01__seasonal_no_ml_baseline_2026-06-15_v2.xlsx,30070-1AY-S,19,2026-10-18,6.533333333333333,False
seasonal_no_ml_baseline_2026-06-15_v2,Product Info for BRG_2026-06-01__seasonal_no_ml_baseline_2026-06-15_v2.xlsx,30070-1AY-S,20,2026-10-25,3.7333333333333334,False
seasonal_no_ml_baseline_2026-06-15_v2,Product Info for BRG_2026-06-01__seasonal_no_ml_baseline_2026-06-15_v2.xlsx,30070-1AY-S,21,2026-11-01,2.333333333333333,False
seasonal_no_ml_baseline_2026-06-15_v2,Product Info for BRG_2026-06-01__seasonal_no_ml_baseline_2026-06-15_v2.xlsx,30070-1AY-S,22,2026-11-08,3.422222222222222,False
seasonal_no_ml_baseline_2026-06-15_v2,Product Info for BRG_2026-06-01__seasonal_no_ml_baseline_2026-06-15_v2.xlsx,30070-1AY-S,23,2026-11-15,5.288888888888889,False
seasonal_no_ml_baseline_2026-06-15_v2,Product Info for BRG_2026-06-01__seasonal_no_ml_baseline_2026-06-15_v2.xlsx,30070-1AY-S,24,2026-11-22,10.11111111111111,False
seasonal_no_ml_baseline_2026-06-15_v2,Product Info for BRG_2026-06-01__seasonal_no_ml_baseline_2026-06-15_v2.xlsx,30070-1AY-S,25,2026-11-29,10.577777777777778,False
seasonal_no_ml_baseline_2026-06-15_v2,Product Info for BRG_2026-06-01__seasonal_no_ml_baseline_2026-06-15_v2.xlsx,30070-1AY-S,26,2026-12-06,5.133333333333333,False
seasonal_no_ml_baseline_2026-06-15_v2,Product Info for BRG_2026-06-01__seasonal_no_ml_baseline_2026-06-15_v2.xlsx,30070-1AY-XL,1,2026-06-14,2.2399999999999998,True
seasonal_no_ml_baseline_2026-06-15_v2,Product Info for BRG_2026-06-01__seasonal_no_ml_baseline_2026-06-15_v2.xlsx,30070-1AY-XL,2,2026-06-21,1.711111111111111,True
seasonal_no_ml_baseline_2026-06-15_v2,Product Info for BRG_2026-06-01__seasonal_no_ml_baseline_2026-06-15_v2.xlsx,30070-1AY-XL,3,2026-06-28,2.022222222222222,True
seasonal_no_ml_baseline_2026-06-15_v2,Product Info for BRG_2026-06-01__seasonal_no_ml_baseline_2026-06-15_v2.xlsx,30070-1AY-XL,4,2026-07-05,3.111111111111111,True
seasonal_no_ml_baseline_2026-06-15_v2,Product Info for BRG_2026-06-01__seasonal_no_ml_baseline_2026-06-15_v2.xlsx,30070-1AY-XL,5,2026-07-12,3.888888888888889,True
seasonal_no_ml_baseline_2026-06-15_v2,Product Info for BRG_2026-06-01__seasonal_no_ml_baseline_2026-06-15_v2.xlsx,30070-1AY-XL,6,2026-07-19,2.6444444444444444,True
seasonal_no_ml_baseline_2026-06-15_v2,Product Info for BRG_2026-06-01__seasonal_no_ml_baseline_2026-06-15_v2.xlsx,30070-1AY-XL,7,2026-07-26,0.9333333333333333,True
seasonal_no_ml_baseline_2026-06-15_v2,Product Info for BRG_2026-06-01__seasonal_no_ml_baseline_2026-06-15_v2.xlsx,30070-1AY-XL,8,2026-08-02,1.0888888888888888,True
seasonal_no_ml_baseline_2026-06-15_v2,Product Info for BRG_2026-06-01__seasonal_no_ml_baseline_2026-06-15_v2.xlsx,30070-1AY-XL,9,2026-08-09,1.4,True
seasonal_no_ml_baseline_2026-06-15_v2,Product Info for BRG_2026-06-01__seasonal_no_ml_baseline_2026-06-15_v2.xlsx,30070-1AY-XL,10,2026-08-16,1.2444444444444445,True
seasonal_no_ml_baseline_2026-06-15_v2,Product Info for BRG_2026-06-01__seasonal_no_ml_baseline_2026-06-15_v2.xlsx,30070-1AY-XL,11,2026-08-23,1.2444444444444445,True
seasonal_no_ml_baseline_2026-06-15_v2,Product Info for BRG_2026-06-01__seasonal_no_ml_baseline_2026-06-15_v2.xlsx,30070-1AY-XL,12,2026-08-30,1.5555555555555556,True
seasonal_no_ml_baseline_2026-06-15_v2,Product Info for BRG_2026-06-01__seasonal_no_ml_baseline_2026-06-15_v2.xlsx,30070-1AY-XL,13,2026-09-06,1.0888888888888888,True
seasonal_no_ml_baseline_2026-06-15_v2,Product Info for BRG_2026-06-01__seasonal_no_ml_baseline_2026-06-15_v2.xlsx,30070-1AY-XL,14,2026-09-13,0.9333333333333333,False
seasonal_no_ml_baseline_2026-06-15_v2,Product Info for BRG_2026-06-01__seasonal_no_ml_baseline_2026-06-15_v2.xlsx,30070-1AY-XL,15,2026-09-20,0.6222222222222222,False
seasonal_no_ml_baseline_2026-06-15_v2,Product Info for BRG_2026-06-01__seasonal_no_ml_baseline_2026-06-15_v2.xlsx,30070-1AY-XL,16,2026-09-27,1.5555555555555556,False
seasonal_no_ml_baseline_2026-06-15_v2,Product Info for BRG_2026-06-01__seasonal_no_ml_baseline_2026-06-15_v2.xlsx,30070-1AY-XL,17,2026-10-04,2.333333333333333,False
seasonal_no_ml_baseline_2026-06-15_v2,Product Info for BRG_2026-06-01__seasonal_no_ml_baseline_2026-06-15_v2.xlsx,30070-1AY-XL,18,2026-10-11,3.5777777777777775,False
seasonal_no_ml_baseline_2026-06-15_v2,Product Info for BRG_2026-06-01__seasonal_no_ml_baseline_2026-06-15_v2.xlsx,30070-1AY-XL,19,2026-10-18,3.888888888888889,False
seasonal_no_ml_baseline_2026-06-15_v2,Product Info for BRG_2026-06-01__seasonal_no_ml_baseline_2026-06-15_v2.xlsx,30070-1AY-XL,20,2026-10-25,2.1777777777777776,False
seasonal_no_ml_baseline_2026-06-15_v2,Product Info for BRG_2026-06-01__seasonal_no_ml_baseline_2026-06-15_v2.xlsx,30070-1AY-XL,21,2026-11-01,1.0888888888888888,False
seasonal_no_ml_baseline_2026-06-15_v2,Product Info for BRG_2026-06-01__seasonal_no_ml_baseline_2026-06-15_v2.xlsx,30070-1AY-XL,22,2026-11-08,1.5555555555555556,False
seasonal_no_ml_baseline_2026-06-15_v2,Product Info for BRG_2026-06-01__seasonal_no_ml_baseline_2026-06-15_v2.xlsx,30070-1AY-XL,23,2026-11-15,1.4,False
seasonal_no_ml_baseline_2026-06-15_v2,Product Info for BRG_2026-06-01__seasonal_no_ml_baseline_2026-06-15_v2.xlsx,30070-1AY-XL,24,2026-11-22,1.2444444444444445,False
seasonal_no_ml_baseline_2026-06-15_v2,Product Info for BRG_2026-06-01__seasonal_no_ml_baseline_2026-06-15_v2.xlsx,30070-1AY-XL,25,2026-11-29,2.333333333333333,False
seasonal_no_ml_baseline_2026-06-15_v2,Product Info for BRG_2026-06-01__seasonal_no_ml_baseline_2026-06-15_v2.xlsx,30070-1AY-XL,26,2026-12-06,2.488888888888889,False
seasonal_no_ml_baseline_2026-06-15_v2,Product Info for BRG_2026-06-01__seasonal_no_ml_baseline_2026-06-15_v2.xlsx,30070-1AY-XS,1,2026-06-14,0.7466666666666667,True
seasonal_no_ml_baseline_2026-06-15_v2,Product Info for BRG_2026-06-01__seasonal_no_ml_baseline_2026-06-15_v2.xlsx,30070-1AY-XS,2,2026-06-21,0.6222222222222222,True
seasonal_no_ml_baseline_2026-06-15_v2,Product Info for BRG_2026-06-01__seasonal_no_ml_baseline_2026-06-15_v2.xlsx,30070-1AY-XS,3,2026-06-28,0.9333333333333333,True
seasonal_no_ml_baseline_2026-06-15_v2,Product Info for BRG_2026-06-01__seasonal_no_ml_baseline_2026-06-15_v2.xlsx,30070-1AY-XS,4,2026-07-05,2.1777777777777776,True
seasonal_no_ml_baseline_2026-06-15_v2,Product Info for BRG_2026-06-01__seasonal_no_ml_baseline_2026-06-15_v2.xlsx,30070-1AY-XS,5,2026-07-12,3.5777777777777775,True
seasonal_no_ml_baseline_2026-06-15_v2,Product Info for BRG_2026-06-01__seasonal_no_ml_baseline_2026-06-15_v2.xlsx,30070-1AY-XS,6,2026-07-19,2.6444444444444444,True
seasonal_no_ml_baseline_2026-06-15_v2,Product Info for BRG_2026-06-01__seasonal_no_ml_baseline_2026-06-15_v2.xlsx,30070-1AY-XS,7,2026-07-26,0.6222222222222222,True
seasonal_no_ml_baseline_2026-06-15_v2,Product Info for BRG_2026-06-01__seasonal_no_ml_baseline_2026-06-15_v2.xlsx,30070-1AY-XS,8,2026-08-02,0.7777777777777778,True
seasonal_no_ml_baseline_2026-06-15_v2,Product Info for BRG_2026-06-01__seasonal_no_ml_baseline_2026-06-15_v2.xlsx,30070-1AY-XS,9,2026-08-09,1.0888888888888888,True
seasonal_no_ml_baseline_2026-06-15_v2,Product Info for BRG_2026-06-01__seasonal_no_ml_baseline_2026-06-15_v2.xlsx,30070-1AY-XS,10,2026-08-16,0.9333333333333333,True
seasonal_no_ml_baseline_2026-06-15_v2,Product Info for BRG_2026-06-01__seasonal_no_ml_baseline_2026-06-15_v2.xlsx,30070-1AY-XS,11,2026-08-23,0.3111111111111111,True
seasonal_no_ml_baseline_2026-06-15_v2,Product Info for BRG_2026-06-01__seasonal_no_ml_baseline_2026-06-15_v2.xlsx,30070-1AY-XS,12,2026-08-30,0.7777777777777778,True
seasonal_no_ml_baseline_2026-06-15_v2,Product Info for BRG_2026-06-01__seasonal_no_ml_baseline_2026-06-15_v2.xlsx,30070-1AY-XS,13,2026-09-06,0.9333333333333333,True
seasonal_no_ml_baseline_2026-06-15_v2,Product Info for BRG_2026-06-01__seasonal_no_ml_baseline_2026-06-15_v2.xlsx,30070-1AY-XS,14,2026-09-13,0.9333333333333333,False
seasonal_no_ml_baseline_2026-06-15_v2,Product Info for BRG_2026-06-01__seasonal_no_ml_baseline_2026-06-15_v2.xlsx,30070-1AY-XS,15,2026-09-20,0.9333333333333333,False
seasonal_no_ml_baseline_2026-06-15_v2,Product Info for BRG_2026-06-01__seasonal_no_ml_baseline_2026-06-15_v2.xlsx,30070-1AY-XS,16,2026-09-27,0.9333333333333333,False
seasonal_no_ml_baseline_2026-06-15_v2,Product Info for BRG_2026-06-01__seasonal_no_ml_baseline_2026-06-15_v2.xlsx,30070-1AY-XS,17,2026-10-04,1.2444444444444445,False
seasonal_no_ml_baseline_2026-06-15_v2,Product Info for BRG_2026-06-01__seasonal_no_ml_baseline_2026-06-15_v2.xlsx,30070-1AY-XS,18,2026-10-11,1.4,False
seasonal_no_ml_baseline_2026-06-15_v2,Product Info for BRG_2026-06-01__seasonal_no_ml_baseline_2026-06-15_v2.xlsx,30070-1AY-XS,19,2026-10-18,1.8666666666666667,False
seasonal_no_ml_baseline_2026-06-15_v2,Product Info for BRG_2026-06-01__seasonal_no_ml_baseline_2026-06-15_v2.xlsx,30070-1AY-XS,20,2026-10-25,1.711111111111111,False
seasonal_no_ml_baseline_2026-06-15_v2,Product Info for BRG_2026-06-01__seasonal_no_ml_baseline_2026-06-15_v2.xlsx,30070-1AY-XS,21,2026-11-01,1.2444444444444445,False
seasonal_no_ml_baseline_2026-06-15_v2,Product Info for BRG_2026-06-01__seasonal_no_ml_baseline_2026-06-15_v2.xlsx,30070-1AY-XS,22,2026-11-08,1.711111111111111,False
seasonal_no_ml_baseline_2026-06-15_v2,Product Info for BRG_2026-06-01__seasonal_no_ml_baseline_2026-06-15_v2.xlsx,30070-1AY-XS,23,2026-11-15,2.333333333333333,False
seasonal_no_ml_baseline_2026-06-15_v2,Product Info for BRG_2026-06-01__seasonal_no_ml_baseline_2026-06-15_v2.xlsx,30070-1AY-XS,24,2026-11-22,3.5777777777777775,False
seasonal_no_ml_baseline_2026-06-15_v2,Product Info for BRG_2026-06-01__seasonal_no_ml_baseline_2026-06-15_v2.xlsx,30070-1AY-XS,25,2026-11-29,4.822222222222222,False
seasonal_no_ml_baseline_2026-06-15_v2,Product Info for BRG_2026-06-01__seasonal_no_ml_baseline_2026-06-15_v2.xlsx,30070-1AY-XS,26,2026-12-06,3.888888888888889,False
seasonal_no_ml_baseline_2026-06-15_v2,Product Info for BRG_2026-06-01__seasonal_no_ml_baseline_2026-06-15_v2.xlsx,30070-1AY-XXL,1,2026-06-14,0.9955555555555556,True
seasonal_no_ml_baseline_2026-06-15_v2,Product Info for BRG_2026-06-01__seasonal_no_ml_baseline_2026-06-15_v2.xlsx,30070-1AY-XXL,2,2026-06-21,0.0,True
seasonal_no_ml_baseline_2026-06-15_v2,Product Info for BRG_2026-06-01__seasonal_no_ml_baseline_2026-06-15_v2.xlsx,30070-1AY-XXL,3,2026-06-28,0.0,True
seasonal_no_ml_baseline_2026-06-15_v2,Product Info for BRG_2026-06-01__seasonal_no_ml_baseline_2026-06-15_v2.xlsx,30070-1AY-XXL,4,2026-07-05,0.3111111111111111,True
seasonal_no_ml_baseline_2026-06-15_v2,Product Info for BRG_2026-06-01__seasonal_no_ml_baseline_2026-06-15_v2.xlsx,30070-1AY-XXL,5,2026-07-12,1.4,True
seasonal_no_ml_baseline_2026-06-15_v2,Product Info for BRG_2026-06-01__seasonal_no_ml_baseline_2026-06-15_v2.xlsx,30070-1AY-XXL,6,2026-07-19,1.4,True
seasonal_no_ml_baseline_2026-06-15_v2,Product Info for BRG_2026-06-01__seasonal_no_ml_baseline_2026-06-15_v2.xlsx,30070-1AY-XXL,7,2026-07-26,0.4666666666666667,True
seasonal_no_ml_baseline_2026-06-15_v2,Product Info for BRG_2026-06-01__seasonal_no_ml_baseline_2026-06-15_v2.xlsx,30070-1AY-XXL,8,2026-08-02,0.7777777777777778,True
seasonal_no_ml_baseline_2026-06-15_v2,Product Info for BRG_2026-06-01__seasonal_no_ml_baseline_2026-06-15_v2.xlsx,30070-1AY-XXL,9,2026-08-09,0.6222222222222222,True
seasonal_no_ml_baseline_2026-06-15_v2,Product Info for BRG_2026-06-01__seasonal_no_ml_baseline_2026-06-15_v2.xlsx,30070-1AY-XXL,10,2026-08-16,0.4666666666666667,True
seasonal_no_ml_baseline_2026-06-15_v2,Product Info for BRG_2026-06-01__seasonal_no_ml_baseline_2026-06-15_v2.xlsx,30070-1AY-XXL,11,2026-08-23,1.0888888888888888,True
seasonal_no_ml_baseline_2026-06-15_v2,Product Info for BRG_2026-06-01__seasonal_no_ml_baseline_2026-06-15_v2.xlsx,30070-1AY-XXL,12,2026-08-30,1.4,True
seasonal_no_ml_baseline_2026-06-15_v2,Product Info for BRG_2026-06-01__seasonal_no_ml_baseline_2026-06-15_v2.xlsx,30070-1AY-XXL,13,2026-09-06,1.2444444444444445,True
seasonal_no_ml_baseline_2026-06-15_v2,Product Info for BRG_2026-06-01__seasonal_no_ml_baseline_2026-06-15_v2.xlsx,30070-1AY-XXL,14,2026-09-13,1.4,False
seasonal_no_ml_baseline_2026-06-15_v2,Product Info for BRG_2026-06-01__seasonal_no_ml_baseline_2026-06-15_v2.xlsx,30070-1AY-XXL,15,2026-09-20,0.4666666666666667,False
seasonal_no_ml_baseline_2026-06-15_v2,Product Info for BRG_2026-06-01__seasonal_no_ml_baseline_2026-06-15_v2.xlsx,30070-1AY-XXL,16,2026-09-27,0.0,False
seasonal_no_ml_baseline_2026-06-15_v2,Product Info for BRG_2026-06-01__seasonal_no_ml_baseline_2026-06-15_v2.xlsx,30070-1AY-XXL,17,2026-10-04,0.0,False
seasonal_no_ml_baseline_2026-06-15_v2,Product Info for BRG_2026-06-01__seasonal_no_ml_baseline_2026-06-15_v2.xlsx,30070-1AY-XXL,18,2026-10-11,0.4666666666666667,False
seasonal_no_ml_baseline_2026-06-15_v2,Product Info for BRG_2026-06-01__seasonal_no_ml_baseline_2026-06-15_v2.xlsx,30070-1AY-XXL,19,2026-10-18,0.6222222222222222,False
seasonal_no_ml_baseline_2026-06-15_v2,Product Info for BRG_2026-06-01__seasonal_no_ml_baseline_2026-06-15_v2.xlsx,30070-1AY-XXL,20,2026-10-25,0.6222222222222222,False
seasonal_no_ml_baseline_2026-06-15_v2,Product Info for BRG_2026-06-01__seasonal_no_ml_baseline_2026-06-15_v2.xlsx,30070-1AY-XXL,21,2026-11-01,0.7777777777777778,False
seasonal_no_ml_baseline_2026-06-15_v2,Product Info for BRG_2026-06-01__seasonal_no_ml_baseline_2026-06-15_v2.xlsx,30070-1AY-XXL,22,2026-11-08,0.4666666666666667,False
seasonal_no_ml_baseline_2026-06-15_v2,Product Info for BRG_2026-06-01__seasonal_no_ml_baseline_2026-06-15_v2.xlsx,30070-1AY-XXL,23,2026-11-15,0.4666666666666667,False
seasonal_no_ml_baseline_2026-06-15_v2,Product Info for BRG_2026-06-01__seasonal_no_ml_baseline_2026-06-15_v2.xlsx,30070-1AY-XXL,24,2026-11-22,1.4,False
seasonal_no_ml_baseline_2026-06-15_v2,Product Info for BRG_2026-06-01__seasonal_no_ml_baseline_2026-06-15_v2.xlsx,30070-1AY-XXL,25,2026-11-29,1.8666666666666667,False
seasonal_no_ml_baseline_2026-06-15_v2,Product Info for BRG_2026-06-01__seasonal_no_ml_baseline_2026-06-15_v2.xlsx,30070-1AY-XXL,26,2026-12-06,1.2444444444444445,False
seasonal_no_ml_baseline_2026-06-15_v2,Product Info for BRG_2026-06-01__seasonal_no_ml_baseline_2026-06-15_v2.xlsx,30070-1FL-L,1,2026-06-14,1.2444444444444445,True
seasonal_no_ml_baseline_2026-06-15_v2,Product Info for BRG_2026-06-01__seasonal_no_ml_baseline_2026-06-15_v2.xlsx,30070-1FL-L,2,2026-06-21,0.9333333333333333,True
seasonal_no_ml_baseline_2026-06-15_v2,Product Info for BRG_2026-06-01__seasonal_no_ml_baseline_2026-06-15_v2.xlsx,30070-1FL-L,3,2026-06-28,1.711111111111111,True
seasonal_no_ml_baseline_2026-06-15_v2,Product Info for BRG_2026-06-01__seasonal_no_ml_baseline_2026-06-15_v2.xlsx,30070-1FL-L,4,2026-07-05,1.5555555555555556,True
seasonal_no_ml_baseline_2026-06-15_v2,Product Info for BRG_2026-06-01__seasonal_no_ml_baseline_2026-06-15_v2.xlsx,30070-1FL-L,5,2026-07-12,1.8666666666666667,True
seasonal_no_ml_baseline_2026-06-15_v2,Product Info for BRG_2026-06-01__seasonal_no_ml_baseline_2026-06-15_v2.xlsx,30070-1FL-L,6,2026-07-19,1.711111111111111,True
seasonal_no_ml_baseline_2026-06-15_v2,Product Info for BRG_2026-06-01__seasonal_no_ml_baseline_2026-06-15_v2.xlsx,30070-1FL-L,7,2026-07-26,1.4,True
seasonal_no_ml_baseline_2026-06-15_v2,Product Info for BRG_2026-06-01__seasonal_no_ml_baseline_2026-06-15_v2.xlsx,30070-1FL-L,8,2026-08-02,1.711111111111111,True
seasonal_no_ml_baseline_2026-06-15_v2,Product Info for BRG_2026-06-01__seasonal_no_ml_baseline_2026-06-15_v2.xlsx,30070-1FL-L,9,2026-08-09,2.022222222222222,True
seasonal_no_ml_baseline_2026-06-15_v2,Product Info for BRG_2026-06-01__seasonal_no_ml_baseline_2026-06-15_v2.xlsx,30070-1FL-L,10,2026-08-16,2.022222222222222,True
seasonal_no_ml_baseline_2026-06-15_v2,Product Info for BRG_2026-06-01__seasonal_no_ml_baseline_2026-06-15_v2.xlsx,30070-1FL-L,11,2026-08-23,1.8666666666666667,True
seasonal_no_ml_baseline_2026-06-15_v2,Product Info for BRG_2026-06-01__seasonal_no_ml_baseline_2026-06-15_v2.xlsx,30070-1FL-L,12,2026-08-30,3.422222222222222,True
seasonal_no_ml_baseline_2026-06-15_v2,Product Info for BRG_2026-06-01__seasonal_no_ml_baseline_2026-06-15_v2.xlsx,30070-1FL-L,13,2026-09-06,4.355555555555555,True
seasonal_no_ml_baseline_2026-06-15_v2,Product Info for BRG_2026-06-01__seasonal_no_ml_baseline_2026-06-15_v2.xlsx,30070-1FL-L,14,2026-09-13,4.044444444444444,False
seasonal_no_ml_baseline_2026-06-15_v2,Product Info for BRG_2026-06-01__seasonal_no_ml_baseline_2026-06-15_v2.xlsx,30070-1FL-L,15,2026-09-20,3.422222222222222,False
seasonal_no_ml_baseline_2026-06-15_v2,Product Info for BRG_2026-06-01__seasonal_no_ml_baseline_2026-06-15_v2.xlsx,30070-1FL-L,16,2026-09-27,2.9555555555555553,False
seasonal_no_ml_baseline_2026-06-15_v2,Product Info for BRG_2026-06-01__seasonal_no_ml_baseline_2026-06-15_v2.xlsx,30070-1FL-L,17,2026-10-04,1.8666666666666667,False
seasonal_no_ml_baseline_2026-06-15_v2,Product Info for BRG_2026-06-01__seasonal_no_ml_baseline_2026-06-15_v2.xlsx,30070-1FL-L,18,2026-10-11,3.422222222222222,False
seasonal_no_ml_baseline_2026-06-15_v2,Product Info for BRG_2026-06-01__seasonal_no_ml_baseline_2026-06-15_v2.xlsx,30070-1FL-L,19,2026-10-18,5.7555555555555555,False
seasonal_no_ml_baseline_2026-06-15_v2,Product Info for BRG_2026-06-01__seasonal_no_ml_baseline_2026-06-15_v2.xlsx,30070-1FL-L,20,2026-10-25,4.511111111111111,False
seasonal_no_ml_baseline_2026-06-15_v2,Product Info for BRG_2026-06-01__seasonal_no_ml_baseline_2026-06-15_v2.xlsx,30070-1FL-L,21,2026-11-01,3.2666666666666666,False
seasonal_no_ml_baseline_2026-06-15_v2,Product Info for BRG_2026-06-01__seasonal_no_ml_baseline_2026-06-15_v2.xlsx,30070-1FL-L,22,2026-11-08,3.888888888888889,False
seasonal_no_ml_baseline_2026-06-15_v2,Product Info for BRG_2026-06-01__seasonal_no_ml_baseline_2026-06-15_v2.xlsx,30070-1FL-L,23,2026-11-15,5.6,False
seasonal_no_ml_baseline_2026-06-15_v2,Product Info for BRG_2026-06-01__seasonal_no_ml_baseline_2026-06-15_v2.xlsx,30070-1FL-L,24,2026-11-22,9.177777777777777,False
seasonal_no_ml_baseline_2026-06-15_v2,Product Info for BRG_2026-06-01__seasonal_no_ml_baseline_2026-06-15_v2.xlsx,30070-1FL-L,25,2026-11-29,12.288888888888888,False
seasonal_no_ml_baseline_2026-06-15_v2,Product Info for BRG_2026-06-01__seasonal_no_ml_baseline_2026-06-15_v2.xlsx,30070-1FL-L,26,2026-12-06,9.644444444444444,False
seasonal_no_ml_baseline_2026-06-15_v2,Product Info for BRG_2026-06-01__seasonal_no_ml_baseline_2026-06-15_v2.xlsx,30070-1FL-M,1,2026-06-14,2.333333333333333,True
seasonal_no_ml_baseline_2026-06-15_v2,Product Info for BRG_2026-06-01__seasonal_no_ml_baseline_2026-06-15_v2.xlsx,30070-1FL-M,2,2026-06-21,1.5555555555555556,True
seasonal_no_ml_baseline_2026-06-15_v2,Product Info for BRG_2026-06-01__seasonal_no_ml_baseline_2026-06-15_v2.xlsx,30070-1FL-M,3,2026-06-28,1.4,True
seasonal_no_ml_baseline_2026-06-15_v2,Product Info for BRG_2026-06-01__seasonal_no_ml_baseline_2026-06-15_v2.xlsx,30070-1FL-M,4,2026-07-05,1.8666666666666667,True
seasonal_no_ml_baseline_2026-06-15_v2,Product Info for BRG_2026-06-01__seasonal_no_ml_baseline_2026-06-15_v2.xlsx,30070-1FL-M,5,2026-07-12,2.6444444444444444,True
seasonal_no_ml_baseline_2026-06-15_v2,Product Info for BRG_2026-06-01__seasonal_no_ml_baseline_2026-06-15_v2.xlsx,30070-1FL-M,6,2026-07-19,2.333333333333333,True
seasonal_no_ml_baseline_2026-06-15_v2,Product Info for BRG_2026-06-01__seasonal_no_ml_baseline_2026-06-15_v2.xlsx,30070-1FL-M,7,2026-07-26,1.711111111111111,True
seasonal_no_ml_baseline_2026-06-15_v2,Product Info for BRG_2026-06-01__seasonal_no_ml_baseline_2026-06-15_v2.xlsx,30070-1FL-M,8,2026-08-02,2.022222222222222,True
seasonal_no_ml_baseline_2026-06-15_v2,Product Info for BRG_2026-06-01__seasonal_no_ml_baseline_2026-06-15_v2.xlsx,30070-1FL-M,9,2026-08-09,1.8666666666666667,True
seasonal_no_ml_baseline_2026-06-15_v2,Product Info for BRG_2026-06-01__seasonal_no_ml_baseline_2026-06-15_v2.xlsx,30070-1FL-M,10,2026-08-16,2.6444444444444444,True
seasonal_no_ml_baseline_2026-06-15_v2,Product Info for BRG_2026-06-01__seasonal_no_ml_baseline_2026-06-15_v2.xlsx,30070-1FL-M,11,2026-08-23,4.822222222222222,True
seasonal_no_ml_baseline_2026-06-15_v2,Product Info for BRG_2026-06-01__seasonal_no_ml_baseline_2026-06-15_v2.xlsx,30070-1FL-M,12,2026-08-30,5.7555555555555555,True
seasonal_no_ml_baseline_2026-06-15_v2,Product Info for BRG_2026-06-01__seasonal_no_ml_baseline_2026-06-15_v2.xlsx,30070-1FL-M,13,2026-09-06,5.133333333333333,True
seasonal_no_ml_baseline_2026-06-15_v2,Product Info for BRG_2026-06-01__seasonal_no_ml_baseline_2026-06-15_v2.xlsx,30070-1FL-M,14,2026-09-13,7.155555555555555,False
seasonal_no_ml_baseline_2026-06-15_v2,Product Info for BRG_2026-06-01__seasonal_no_ml_baseline_2026-06-15_v2.xlsx,30070-1FL-M,15,2026-09-20,7.777777777777778,False
seasonal_no_ml_baseline_2026-06-15_v2,Product Info for BRG_2026-06-01__seasonal_no_ml_baseline_2026-06-15_v2.xlsx,30070-1FL-M,16,2026-09-27,5.288888888888889,False
seasonal_no_ml_baseline_2026-06-15_v2,Product Info for BRG_2026-06-01__seasonal_no_ml_baseline_2026-06-15_v2.xlsx,30070-1FL-M,17,2026-10-04,3.5777777777777775,False
seasonal_no_ml_baseline_2026-06-15_v2,Product Info for BRG_2026-06-01__seasonal_no_ml_baseline_2026-06-15_v2.xlsx,30070-1FL-M,18,2026-10-11,4.666666666666666,False
seasonal_no_ml_baseline_2026-06-15_v2,Product Info for BRG_2026-06-01__seasonal_no_ml_baseline_2026-06-15_v2.xlsx,30070-1FL-M,19,2026-10-18,6.066666666666666,False
seasonal_no_ml_baseline_2026-06-15_v2,Product Info for BRG_2026-06-01__seasonal_no_ml_baseline_2026-06-15_v2.xlsx,30070-1FL-M,20,2026-10-25,5.6,False
seasonal_no_ml_baseline_2026-06-15_v2,Product Info for BRG_2026-06-01__seasonal_no_ml_baseline_2026-06-15_v2.xlsx,30070-1FL-M,21,2026-11-01,3.2666666666666666,False
seasonal_no_ml_baseline_2026-06-15_v2,Product Info for BRG_2026-06-01__seasonal_no_ml_baseline_2026-06-15_v2.xlsx,30070-1FL-M,22,2026-11-08,2.488888888888889,False
seasonal_no_ml_baseline_2026-06-15_v2,Product Info for BRG_2026-06-01__seasonal_no_ml_baseline_2026-06-15_v2.xlsx,30070-1FL-M,23,2026-11-15,3.7333333333333334,False
seasonal_no_ml_baseline_2026-06-15_v2,Product Info for BRG_2026-06-01__seasonal_no_ml_baseline_2026-06-15_v2.xlsx,30070-1FL-M,24,2026-11-22,7.777777777777778,False
seasonal_no_ml_baseline_2026-06-15_v2,Product Info for BRG_2026-06-01__seasonal_no_ml_baseline_2026-06-15_v2.xlsx,30070-1FL-M,25,2026-11-29,12.755555555555555,False
seasonal_no_ml_baseline_2026-06-15_v2,Product Info for BRG_2026-06-01__seasonal_no_ml_baseline_2026-06-15_v2.xlsx,30070-1FL-M,26,2026-12-06,9.644444444444444,False
seasonal_no_ml_baseline_2026-06-15_v2,Product Info for BRG_2026-06-01__seasonal_no_ml_baseline_2026-06-15_v2.xlsx,30070-1FL-S,1,2026-06-14,0.6222222222222222,True
seasonal_no_ml_baseline_2026-06-15_v2,Product Info for BRG_2026-06-01__seasonal_no_ml_baseline_2026-06-15_v2.xlsx,30070-1FL-S,2,2026-06-21,0.6222222222222222,True
seasonal_no_ml_baseline_2026-06-15_v2,Product Info for BRG_2026-06-01__seasonal_no_ml_baseline_2026-06-15_v2.xlsx,30070-1FL-S,3,2026-06-28,0.9333333333333333,True
seasonal_no_ml_baseline_2026-06-15_v2,Product Info for BRG_2026-06-01__seasonal_no_ml_baseline_2026-06-15_v2.xlsx,30070-1FL-S,4,2026-07-05,0.9333333333333333,True
seasonal_no_ml_baseline_2026-06-15_v2,Product Info for BRG_2026-06-01__seasonal_no_ml_baseline_2026-06-15_v2.xlsx,30070-1FL-S,5,2026-07-12,2.1777777777777776,True
seasonal_no_ml_baseline_2026-06-15_v2,Product Info for BRG_2026-06-01__seasonal_no_ml_baseline_2026-06-15_v2.xlsx,30070-1FL-S,6,2026-07-19,2.9555555555555553,True
seasonal_no_ml_baseline_2026-06-15_v2,Product Info for BRG_2026-06-01__seasonal_no_ml_baseline_2026-06-15_v2.xlsx,30070-1FL-S,7,2026-07-26,2.1777777777777776,True
seasonal_no_ml_baseline_2026-06-15_v2,Product Info for BRG_2026-06-01__seasonal_no_ml_baseline_2026-06-15_v2.xlsx,30070-1FL-S,8,2026-08-02,1.5555555555555556,True
seasonal_no_ml_baseline_2026-06-15_v2,Product Info for BRG_2026-06-01__seasonal_no_ml_baseline_2026-06-15_v2.xlsx,30070-1FL-S,9,2026-08-09,0.6222222222222222,True
seasonal_no_ml_baseline_2026-06-15_v2,Product Info for BRG_2026-06-01__seasonal_no_ml_baseline_2026-06-15_v2.xlsx,30070-1FL-S,10,2026-08-16,0.9333333333333333,True
seasonal_no_ml_baseline_2026-06-15_v2,Product Info for BRG_2026-06-01__seasonal_no_ml_baseline_2026-06-15_v2.xlsx,30070-1FL-S,11,2026-08-23,2.8,True
seasonal_no_ml_baseline_2026-06-15_v2,Product Info for BRG_2026-06-01__seasonal_no_ml_baseline_2026-06-15_v2.xlsx,30070-1FL-S,12,2026-08-30,4.355555555555555,True
seasonal_no_ml_baseline_2026-06-15_v2,Product Info for BRG_2026-06-01__seasonal_no_ml_baseline_2026-06-15_v2.xlsx,30070-1FL-S,13,2026-09-06,3.111111111111111,True
seasonal_no_ml_baseline_2026-06-15_v2,Product Info for BRG_2026-06-01__seasonal_no_ml_baseline_2026-06-15_v2.xlsx,30070-1FL-S,14,2026-09-13,2.6444444444444444,False
seasonal_no_ml_baseline_2026-06-15_v2,Product Info for BRG_2026-06-01__seasonal_no_ml_baseline_2026-06-15_v2.xlsx,30070-1FL-S,15,2026-09-20,1.711111111111111,False
seasonal_no_ml_baseline_2026-06-15_v2,Product Info for BRG_2026-06-01__seasonal_no_ml_baseline_2026-06-15_v2.xlsx,30070-1FL-S,16,2026-09-27,1.8666666666666667,False
seasonal_no_ml_baseline_2026-06-15_v2,Product Info for BRG_2026-06-01__seasonal_no_ml_baseline_2026-06-15_v2.xlsx,30070-1FL-S,17,2026-10-04,2.1777777777777776,False
seasonal_no_ml_baseline_2026-06-15_v2,Product Info for BRG_2026-06-01__seasonal_no_ml_baseline_2026-06-15_v2.xlsx,30070-1FL-S,18,2026-10-11,2.8,False
seasonal_no_ml_baseline_2026-06-15_v2,Product Info for BRG_2026-06-01__seasonal_no_ml_baseline_2026-06-15_v2.xlsx,30070-1FL-S,19,2026-10-18,4.666666666666666,False
seasonal_no_ml_baseline_2026-06-15_v2,Product Info for BRG_2026-06-01__seasonal_no_ml_baseline_2026-06-15_v2.xlsx,30070-1FL-S,20,2026-10-25,4.2,False
seasonal_no_ml_baseline_2026-06-15_v2,Product Info for BRG_2026-06-01__seasonal_no_ml_baseline_2026-06-15_v2.xlsx,30070-1FL-S,21,2026-11-01,2.488888888888889,False
seasonal_no_ml_baseline_2026-06-15_v2,Product Info for BRG_2026-06-01__seasonal_no_ml_baseline_2026-06-15_v2.xlsx,30070-1FL-S,22,2026-11-08,2.9555555555555553,False
seasonal_no_ml_baseline_2026-06-15_v2,Product Info for BRG_2026-06-01__seasonal_no_ml_baseline_2026-06-15_v2.xlsx,30070-1FL-S,23,2026-11-15,4.355555555555555,False
seasonal_no_ml_baseline_2026-06-15_v2,Product Info for BRG_2026-06-01__seasonal_no_ml_baseline_2026-06-15_v2.xlsx,30070-1FL-S,24,2026-11-22,7.155555555555555,False
seasonal_no_ml_baseline_2026-06-15_v2,Product Info for BRG_2026-06-01__seasonal_no_ml_baseline_2026-06-15_v2.xlsx,30070-1FL-S,25,2026-11-29,11.2,False
seasonal_no_ml_baseline_2026-06-15_v2,Product Info for BRG_2026-06-01__seasonal_no_ml_baseline_2026-06-15_v2.xlsx,30070-1FL-S,26,2026-12-06,10.733333333333333,False
seasonal_no_ml_baseline_2026-06-15_v2,Product Info for BRG_2026-06-01__seasonal_no_ml_baseline_2026-06-15_v2.xlsx,30070-1FL-XL,1,2026-06-14,1.0888888888888888,True
seasonal_no_ml_baseline_2026-06-15_v2,Product Info for BRG_2026-06-01__seasonal_no_ml_baseline_2026-06-15_v2.xlsx,30070-1FL-XL,2,2026-06-21,1.0888888888888888,True
seasonal_no_ml_baseline_2026-06-15_v2,Product Info for BRG_2026-06-01__seasonal_no_ml_baseline_2026-06-15_v2.xlsx,30070-1FL-XL,3,2026-06-28,1.4,True
seasonal_no_ml_baseline_2026-06-15_v2,Product Info for BRG_2026-06-01__seasonal_no_ml_baseline_2026-06-15_v2.xlsx,30070-1FL-XL,4,2026-07-05,0.9333333333333333,True
seasonal_no_ml_baseline_2026-06-15_v2,Product Info for BRG_2026-06-01__seasonal_no_ml_baseline_2026-06-15_v2.xlsx,30070-1FL-XL,5,2026-07-12,1.0888888888888888,True
seasonal_no_ml_baseline_2026-06-15_v2,Product Info for BRG_2026-06-01__seasonal_no_ml_baseline_2026-06-15_v2.xlsx,30070-1FL-XL,6,2026-07-19,1.0888888888888888,True
seasonal_no_ml_baseline_2026-06-15_v2,Product Info for BRG_2026-06-01__seasonal_no_ml_baseline_2026-06-15_v2.xlsx,30070-1FL-XL,7,2026-07-26,0.3111111111111111,True
seasonal_no_ml_baseline_2026-06-15_v2,Product Info for BRG_2026-06-01__seasonal_no_ml_baseline_2026-06-15_v2.xlsx,30070-1FL-XL,8,2026-08-02,0.7777777777777778,True
seasonal_no_ml_baseline_2026-06-15_v2,Product Info for BRG_2026-06-01__seasonal_no_ml_baseline_2026-06-15_v2.xlsx,30070-1FL-XL,9,2026-08-09,1.2444444444444445,True
seasonal_no_ml_baseline_2026-06-15_v2,Product Info for BRG_2026-06-01__seasonal_no_ml_baseline_2026-06-15_v2.xlsx,30070-1FL-XL,10,2026-08-16,1.8666666666666667,True
seasonal_no_ml_baseline_2026-06-15_v2,Product Info for BRG_2026-06-01__seasonal_no_ml_baseline_2026-06-15_v2.xlsx,30070-1FL-XL,11,2026-08-23,3.2666666666666666,True
seasonal_no_ml_baseline_2026-06-15_v2,Product Info for BRG_2026-06-01__seasonal_no_ml_baseline_2026-06-15_v2.xlsx,30070-1FL-XL,12,2026-08-30,3.422222222222222,True
seasonal_no_ml_baseline_2026-06-15_v2,Product Info for BRG_2026-06-01__seasonal_no_ml_baseline_2026-06-15_v2.xlsx,30070-1FL-XL,13,2026-09-06,2.6444444444444444,True
seasonal_no_ml_baseline_2026-06-15_v2,Product Info for BRG_2026-06-01__seasonal_no_ml_baseline_2026-06-15_v2.xlsx,30070-1FL-XL,14,2026-09-13,2.8,False
seasonal_no_ml_baseline_2026-06-15_v2,Product Info for BRG_2026-06-01__seasonal_no_ml_baseline_2026-06-15_v2.xlsx,30070-1FL-XL,15,2026-09-20,2.8,False
seasonal_no_ml_baseline_2026-06-15_v2,Product Info for BRG_2026-06-01__seasonal_no_ml_baseline_2026-06-15_v2.xlsx,30070-1FL-XL,16,2026-09-27,1.4,False
seasonal_no_ml_baseline_2026-06-15_v2,Product Info for BRG_2026-06-01__seasonal_no_ml_baseline_2026-06-15_v2.xlsx,30070-1FL-XL,17,2026-10-04,1.4,False
seasonal_no_ml_baseline_2026-06-15_v2,Product Info for BRG_2026-06-01__seasonal_no_ml_baseline_2026-06-15_v2.xlsx,30070-1FL-XL,18,2026-10-11,2.9555555555555553,False
seasonal_no_ml_baseline_2026-06-15_v2,Product Info for BRG_2026-06-01__seasonal_no_ml_baseline_2026-06-15_v2.xlsx,30070-1FL-XL,19,2026-10-18,3.111111111111111,False
seasonal_no_ml_baseline_2026-06-15_v2,Product Info for BRG_2026-06-01__seasonal_no_ml_baseline_2026-06-15_v2.xlsx,30070-1FL-XL,20,2026-10-25,1.2444444444444445,False
seasonal_no_ml_baseline_2026-06-15_v2,Product Info for BRG_2026-06-01__seasonal_no_ml_baseline_2026-06-15_v2.xlsx,30070-1FL-XL,21,2026-11-01,0.15555555555555556,False
seasonal_no_ml_baseline_2026-06-15_v2,Product Info for BRG_2026-06-01__seasonal_no_ml_baseline_2026-06-15_v2.xlsx,30070-1FL-XL,22,2026-11-08,0.7777777777777778,False
seasonal_no_ml_baseline_2026-06-15_v2,Product Info for BRG_2026-06-01__seasonal_no_ml_baseline_2026-06-15_v2.xlsx,30070-1FL-XL,23,2026-11-15,0.9333333333333333,False
seasonal_no_ml_baseline_2026-06-15_v2,Product Info for BRG_2026-06-01__seasonal_no_ml_baseline_2026-06-15_v2.xlsx,30070-1FL-XL,24,2026-11-22,1.8666666666666667,False
seasonal_no_ml_baseline_2026-06-15_v2,Product Info for BRG_2026-06-01__seasonal_no_ml_baseline_2026-06-15_v2.xlsx,30070-1FL-XL,25,2026-11-29,3.5777777777777775,False
seasonal_no_ml_baseline_2026-06-15_v2,Product Info for BRG_2026-06-01__seasonal_no_ml_baseline_2026-06-15_v2.xlsx,30070-1FL-XL,26,2026-12-06,3.111111111111111,False
seasonal_no_ml_baseline_2026-06-15_v2,Product Info for BRG_2026-06-01__seasonal_no_ml_baseline_2026-06-15_v2.xlsx,30070-1FL-XS,1,2026-06-14,0.15555555555555556,True
seasonal_no_ml_baseline_2026-06-15_v2,Product Info for BRG_2026-06-01__seasonal_no_ml_baseline_2026-06-15_v2.xlsx,30070-1FL-XS,2,2026-06-21,0.6222222222222222,True
seasonal_no_ml_baseline_2026-06-15_v2,Product Info for BRG_2026-06-01__seasonal_no_ml_baseline_2026-06-15_v2.xlsx,30070-1FL-XS,3,2026-06-28,0.6222222222222222,True
seasonal_no_ml_baseline_2026-06-15_v2,Product Info for BRG_2026-06-01__seasonal_no_ml_baseline_2026-06-15_v2.xlsx,30070-1FL-XS,4,2026-07-05,0.3111111111111111,True
seasonal_no_ml_baseline_2026-06-15_v2,Product Info for BRG_2026-06-01__seasonal_no_ml_baseline_2026-06-15_v2.xlsx,30070-1FL-XS,5,2026-07-12,1.2444444444444445,True
seasonal_no_ml_baseline_2026-06-15_v2,Product Info for BRG_2026-06-01__seasonal_no_ml_baseline_2026-06-15_v2.xlsx,30070-1FL-XS,6,2026-07-19,1.2444444444444445,True
seasonal_no_ml_baseline_2026-06-15_v2,Product Info for BRG_2026-06-01__seasonal_no_ml_baseline_2026-06-15_v2.xlsx,30070-1FL-XS,7,2026-07-26,0.3111111111111111,True
seasonal_no_ml_baseline_2026-06-15_v2,Product Info for BRG_2026-06-01__seasonal_no_ml_baseline_2026-06-15_v2.xlsx,30070-1FL-XS,8,2026-08-02,0.7777777777777778,True
seasonal_no_ml_baseline_2026-06-15_v2,Product Info for BRG_2026-06-01__seasonal_no_ml_baseline_2026-06-15_v2.xlsx,30070-1FL-XS,9,2026-08-09,0.9333333333333333,True
seasonal_no_ml_baseline_2026-06-15_v2,Product Info for BRG_2026-06-01__seasonal_no_ml_baseline_2026-06-15_v2.xlsx,30070-1FL-XS,10,2026-08-16,0.9333333333333333,True
seasonal_no_ml_baseline_2026-06-15_v2,Product Info for BRG_2026-06-01__seasonal_no_ml_baseline_2026-06-15_v2.xlsx,30070-1FL-XS,11,2026-08-23,1.2444444444444445,True
seasonal_no_ml_baseline_2026-06-15_v2,Product Info for BRG_2026-06-01__seasonal_no_ml_baseline_2026-06-15_v2.xlsx,30070-1FL-XS,12,2026-08-30,2.333333333333333,True
seasonal_no_ml_baseline_2026-06-15_v2,Product Info for BRG_2026-06-01__seasonal_no_ml_baseline_2026-06-15_v2.xlsx,30070-1FL-XS,13,2026-09-06,2.333333333333333,True
seasonal_no_ml_baseline_2026-06-15_v2,Product Info for BRG_2026-06-01__seasonal_no_ml_baseline_2026-06-15_v2.xlsx,30070-1FL-XS,14,2026-09-13,1.5555555555555556,False
seasonal_no_ml_baseline_2026-06-15_v2,Product Info for BRG_2026-06-01__seasonal_no_ml_baseline_2026-06-15_v2.xlsx,30070-1FL-XS,15,2026-09-20,1.0888888888888888,False
seasonal_no_ml_baseline_2026-06-15_v2,Product Info for BRG_2026-06-01__seasonal_no_ml_baseline_2026-06-15_v2.xlsx,30070-1FL-XS,16,2026-09-27,0.7777777777777778,False
seasonal_no_ml_baseline_2026-06-15_v2,Product Info for BRG_2026-06-01__seasonal_no_ml_baseline_2026-06-15_v2.xlsx,30070-1FL-XS,17,2026-10-04,1.8666666666666667,False
seasonal_no_ml_baseline_2026-06-15_v2,Product Info for BRG_2026-06-01__seasonal_no_ml_baseline_2026-06-15_v2.xlsx,30070-1FL-XS,18,2026-10-11,2.6444444444444444,False
seasonal_no_ml_baseline_2026-06-15_v2,Product Info for BRG_2026-06-01__seasonal_no_ml_baseline_2026-06-15_v2.xlsx,30070-1FL-XS,19,2026-10-18,2.488888888888889,False
seasonal_no_ml_baseline_2026-06-15_v2,Product Info for BRG_2026-06-01__seasonal_no_ml_baseline_2026-06-15_v2.xlsx,30070-1FL-XS,20,2026-10-25,2.022222222222222,False
seasonal_no_ml_baseline_2026-06-15_v2,Product Info for BRG_2026-06-01__seasonal_no_ml_baseline_2026-06-15_v2.xlsx,30070-1FL-XS,21,2026-11-01,1.8666666666666667,False
seasonal_no_ml_baseline_2026-06-15_v2,Product Info for BRG_2026-06-01__seasonal_no_ml_baseline_2026-06-15_v2.xlsx,30070-1FL-XS,22,2026-11-08,2.1777777777777776,False
seasonal_no_ml_baseline_2026-06-15_v2,Product Info for BRG_2026-06-01__seasonal_no_ml_baseline_2026-06-15_v2.xlsx,30070-1FL-XS,23,2026-11-15,2.022222222222222,False
seasonal_no_ml_baseline_2026-06-15_v2,Product Info for BRG_2026-06-01__seasonal_no_ml_baseline_2026-06-15_v2.xlsx,30070-1FL-XS,24,2026-11-22,2.488888888888889,False
seasonal_no_ml_baseline_2026-06-15_v2,Product Info for BRG_2026-06-01__seasonal_no_ml_baseline_2026-06-15_v2.xlsx,30070-1FL-XS,25,2026-11-29,5.6,False
seasonal_no_ml_baseline_2026-06-15_v2,Product Info for BRG_2026-06-01__seasonal_no_ml_baseline_2026-06-15_v2.xlsx,30070-1FL-XS,26,2026-12-06,6.066666666666666,False
seasonal_no_ml_baseline_2026-06-15_v2,Product Info for BRG_2026-06-01__seasonal_no_ml_baseline_2026-06-15_v2.xlsx,30070-1FL-XXL,1,2026-06-14,0.6222222222222222,True
seasonal_no_ml_baseline_2026-06-15_v2,Product Info for BRG_2026-06-01__seasonal_no_ml_baseline_2026-06-15_v2.xlsx,30070-1FL-XXL,2,2026-06-21,0.3111111111111111,True
seasonal_no_ml_baseline_2026-06-15_v2,Product Info for BRG_2026-06-01__seasonal_no_ml_baseline_2026-06-15_v2.xlsx,30070-1FL-XXL,3,2026-06-28,0.4666666666666667,True
seasonal_no_ml_baseline_2026-06-15_v2,Product Info for BRG_2026-06-01__seasonal_no_ml_baseline_2026-06-15_v2.xlsx,30070-1FL-XXL,4,2026-07-05,0.3111111111111111,True
seasonal_no_ml_baseline_2026-06-15_v2,Product Info for BRG_2026-06-01__seasonal_no_ml_baseline_2026-06-15_v2.xlsx,30070-1FL-XXL,5,2026-07-12,0.3111111111111111,True
seasonal_no_ml_baseline_2026-06-15_v2,Product Info for BRG_2026-06-01__seasonal_no_ml_baseline_2026-06-15_v2.xlsx,30070-1FL-XXL,6,2026-07-19,0.3111111111111111,True
seasonal_no_ml_baseline_2026-06-15_v2,Product Info for BRG_2026-06-01__seasonal_no_ml_baseline_2026-06-15_v2.xlsx,30070-1FL-XXL,7,2026-07-26,0.4666666666666667,True
seasonal_no_ml_baseline_2026-06-15_v2,Product Info for BRG_2026-06-01__seasonal_no_ml_baseline_2026-06-15_v2.xlsx,30070-1FL-XXL,8,2026-08-02,1.4,True
seasonal_no_ml_baseline_2026-06-15_v2,Product Info for BRG_2026-06-01__seasonal_no_ml_baseline_2026-06-15_v2.xlsx,30070-1FL-XXL,9,2026-08-09,1.2444444444444445,True
seasonal_no_ml_baseline_2026-06-15_v2,Product Info for BRG_2026-06-01__seasonal_no_ml_baseline_2026-06-15_v2.xlsx,30070-1FL-XXL,10,2026-08-16,0.15555555555555556,True
seasonal_no_ml_baseline_2026-06-15_v2,Product Info for BRG_2026-06-01__seasonal_no_ml_baseline_2026-06-15_v2.xlsx,30070-1FL-XXL,11,2026-08-23,0.15555555555555556,True
seasonal_no_ml_baseline_2026-06-15_v2,Product Info for BRG_2026-06-01__seasonal_no_ml_baseline_2026-06-15_v2.xlsx,30070-1FL-XXL,12,2026-08-30,0.9333333333333333,True
seasonal_no_ml_baseline_2026-06-15_v2,Product Info for BRG_2026-06-01__seasonal_no_ml_baseline_2026-06-15_v2.xlsx,30070-1FL-XXL,13,2026-09-06,1.5555555555555556,True
seasonal_no_ml_baseline_2026-06-15_v2,Product Info for BRG_2026-06-01__seasonal_no_ml_baseline_2026-06-15_v2.xlsx,30070-1FL-XXL,14,2026-09-13,1.4,False
seasonal_no_ml_baseline_2026-06-15_v2,Product Info for BRG_2026-06-01__seasonal_no_ml_baseline_2026-06-15_v2.xlsx,30070-1FL-XXL,15,2026-09-20,0.9333333333333333,False
seasonal_no_ml_baseline_2026-06-15_v2,Product Info for BRG_2026-06-01__seasonal_no_ml_baseline_2026-06-15_v2.xlsx,30070-1FL-XXL,16,2026-09-27,0.7777777777777778,False
seasonal_no_ml_baseline_2026-06-15_v2,Product Info for BRG_2026-06-01__seasonal_no_ml_baseline_2026-06-15_v2.xlsx,30070-1FL-XXL,17,2026-10-04,0.9333333333333333,False
seasonal_no_ml_baseline_2026-06-15_v2,Product Info for BRG_2026-06-01__seasonal_no_ml_baseline_2026-06-15_v2.xlsx,30070-1FL-XXL,18,2026-10-11,0.9333333333333333,False
seasonal_no_ml_baseline_2026-06-15_v2,Product Info for BRG_2026-06-01__seasonal_no_ml_baseline_2026-06-15_v2.xlsx,30070-1FL-XXL,19,2026-10-18,1.4,False
seasonal_no_ml_baseline_2026-06-15_v2,Product Info for BRG_2026-06-01__seasonal_no_ml_baseline_2026-06-15_v2.xlsx,30070-1FL-XXL,20,2026-10-25,1.5555555555555556,False
seasonal_no_ml_baseline_2026-06-15_v2,Product Info for BRG_2026-06-01__seasonal_no_ml_baseline_2026-06-15_v2.xlsx,30070-1FL-XXL,21,2026-11-01,0.7777777777777778,False
seasonal_no_ml_baseline_2026-06-15_v2,Product Info for BRG_2026-06-01__seasonal_no_ml_baseline_2026-06-15_v2.xlsx,30070-1FL-XXL,22,2026-11-08,0.4666666666666667,False
seasonal_no_ml_baseline_2026-06-15_v2,Product Info for BRG_2026-06-01__seasonal_no_ml_baseline_2026-06-15_v2.xlsx,30070-1FL-XXL,23,2026-11-15,0.7777777777777778,False
seasonal_no_ml_baseline_2026-06-15_v2,Product Info for BRG_2026-06-01__seasonal_no_ml_baseline_2026-06-15_v2.xlsx,30070-1FL-XXL,24,2026-11-22,0.9333333333333333,False
seasonal_no_ml_baseline_2026-06-15_v2,Product Info for BRG_2026-06-01__seasonal_no_ml_baseline_2026-06-15_v2.xlsx,30070-1FL-XXL,25,2026-11-29,1.2444444444444445,False
seasonal_no_ml_baseline_2026-06-15_v2,Product Info for BRG_2026-06-01__seasonal_no_ml_baseline_2026-06-15_v2.xlsx,30070-1FL-XXL,26,2026-12-06,1.5555555555555556,False
seasonal_no_ml_baseline_2026-06-15_v2,Product Info for BRG_2026-06-01__seasonal_no_ml_baseline_2026-06-15_v2.xlsx,30070-S74-L,1,2026-06-14,1.0,True
seasonal_no_ml_baseline_2026-06-15_v2,Product Info for BRG_2026-06-01__seasonal_no_ml_baseline_2026-06-15_v2.xlsx,30070-S74-L,2,2026-06-21,0.0,True
seasonal_no_ml_baseline_2026-06-15_v2,Product Info for BRG_2026-06-01__seasonal_no_ml_baseline_2026-06-15_v2.xlsx,30070-S74-L,3,2026-06-28,0.0,True
seasonal_no_ml_baseline_2026-06-15_v2,Product Info for BRG_2026-06-01__seasonal_no_ml_baseline_2026-06-15_v2.xlsx,30070-S74-L,4,2026-07-05,0.0,True
seasonal_no_ml_baseline_2026-06-15_v2,Product Info for BRG_2026-06-01__seasonal_no_ml_baseline_2026-06-15_v2.xlsx,30070-S74-L,5,2026-07-12,0.0,True
seasonal_no_ml_baseline_2026-06-15_v2,Product Info for BRG_2026-06-01__seasonal_no_ml_baseline_2026-06-15_v2.xlsx,30070-S74-L,6,2026-07-19,0.0,True
seasonal_no_ml_baseline_2026-06-15_v2,Product Info for BRG_2026-06-01__seasonal_no_ml_baseline_2026-06-15_v2.xlsx,30070-S74-L,7,2026-07-26,0.0,True
seasonal_no_ml_baseline_2026-06-15_v2,Product Info for BRG_2026-06-01__seasonal_no_ml_baseline_2026-06-15_v2.xlsx,30070-S74-L,8,2026-08-02,0.0,True
seasonal_no_ml_baseline_2026-06-15_v2,Product Info for BRG_2026-06-01__seasonal_no_ml_baseline_2026-06-15_v2.xlsx,30070-S74-L,9,2026-08-09,0.0,True
seasonal_no_ml_baseline_2026-06-15_v2,Product Info for BRG_2026-06-01__seasonal_no_ml_baseline_2026-06-15_v2.xlsx,30070-S74-L,10,2026-08-16,0.3111111111111111,True
seasonal_no_ml_baseline_2026-06-15_v2,Product Info for BRG_2026-06-01__seasonal_no_ml_baseline_2026-06-15_v2.xlsx,30070-S74-L,11,2026-08-23,0.3111111111111111,True
seasonal_no_ml_baseline_2026-06-15_v2,Product Info for BRG_2026-06-01__seasonal_no_ml_baseline_2026-06-15_v2.xlsx,30070-S74-L,12,2026-08-30,0.6222222222222222,True
seasonal_no_ml_baseline_2026-06-15_v2,Product Info for BRG_2026-06-01__seasonal_no_ml_baseline_2026-06-15_v2.xlsx,30070-S74-L,13,2026-09-06,0.6222222222222222,True
seasonal_no_ml_baseline_2026-06-15_v2,Product Info for BRG_2026-06-01__seasonal_no_ml_baseline_2026-06-15_v2.xlsx,30070-S74-L,14,2026-09-13,1.0888888888888888,False
seasonal_no_ml_baseline_2026-06-15_v2,Product Info for BRG_2026-06-01__seasonal_no_ml_baseline_2026-06-15_v2.xlsx,30070-S74-L,15,2026-09-20,1.5555555555555556,False
seasonal_no_ml_baseline_2026-06-15_v2,Product Info for BRG_2026-06-01__seasonal_no_ml_baseline_2026-06-15_v2.xlsx,30070-S74-L,16,2026-09-27,16.644444444444442,False
seasonal_no_ml_baseline_2026-06-15_v2,Product Info for BRG_2026-06-01__seasonal_no_ml_baseline_2026-06-15_v2.xlsx,30070-S74-L,17,2026-10-04,18.355555555555554,False
seasonal_no_ml_baseline_2026-06-15_v2,Product Info for BRG_2026-06-01__seasonal_no_ml_baseline_2026-06-15_v2.xlsx,30070-S74-L,18,2026-10-11,11.666666666666666,False
seasonal_no_ml_baseline_2026-06-15_v2,Product Info for BRG_2026-06-01__seasonal_no_ml_baseline_2026-06-15_v2.xlsx,30070-S74-L,19,2026-10-18,22.4,False
seasonal_no_ml_baseline_2026-06-15_v2,Product Info for BRG_2026-06-01__seasonal_no_ml_baseline_2026-06-15_v2.xlsx,30070-S74-L,20,2026-10-25,21.466666666666665,False
seasonal_no_ml_baseline_2026-06-15_v2,Product Info for BRG_2026-06-01__seasonal_no_ml_baseline_2026-06-15_v2.xlsx,30070-S74-L,21,2026-11-01,24.577777777777776,False
seasonal_no_ml_baseline_2026-06-15_v2,Product Info for BRG_2026-06-01__seasonal_no_ml_baseline_2026-06-15_v2.xlsx,30070-S74-L,22,2026-11-08,37.644444444444446,False
seasonal_no_ml_baseline_2026-06-15_v2,Product Info for BRG_2026-06-01__seasonal_no_ml_baseline_2026-06-15_v2.xlsx,30070-S74-L,23,2026-11-15,44.02222222222222,False
seasonal_no_ml_baseline_2026-06-15_v2,Product Info for BRG_2026-06-01__seasonal_no_ml_baseline_2026-06-15_v2.xlsx,30070-S74-L,24,2026-11-22,49.77777777777778,False
seasonal_no_ml_baseline_2026-06-15_v2,Product Info for BRG_2026-06-01__seasonal_no_ml_baseline_2026-06-15_v2.xlsx,30070-S74-L,25,2026-11-29,62.06666666666666,False
seasonal_no_ml_baseline_2026-06-15_v2,Product Info for BRG_2026-06-01__seasonal_no_ml_baseline_2026-06-15_v2.xlsx,30070-S74-L,26,2026-12-06,61.288888888888884,False
seasonal_no_ml_baseline_2026-06-15_v2,Product Info for BRG_2026-06-01__seasonal_no_ml_baseline_2026-06-15_v2.xlsx,30070-S74-S,1,2026-06-14,0.0,True
seasonal_no_ml_baseline_2026-06-15_v2,Product Info for BRG_2026-06-01__seasonal_no_ml_baseline_2026-06-15_v2.xlsx,30070-S74-S,2,2026-06-21,0.15555555555555556,True
seasonal_no_ml_baseline_2026-06-15_v2,Product Info for BRG_2026-06-01__seasonal_no_ml_baseline_2026-06-15_v2.xlsx,30070-S74-S,3,2026-06-28,0.4666666666666667,True
seasonal_no_ml_baseline_2026-06-15_v2,Product Info for BRG_2026-06-01__seasonal_no_ml_baseline_2026-06-15_v2.xlsx,30070-S74-S,4,2026-07-05,0.6222222222222222,True
seasonal_no_ml_baseline_2026-06-15_v2,Product Info for BRG_2026-06-01__seasonal_no_ml_baseline_2026-06-15_v2.xlsx,30070-S74-S,5,2026-07-12,0.4666666666666667,True
seasonal_no_ml_baseline_2026-06-15_v2,Product Info for BRG_2026-06-01__seasonal_no_ml_baseline_2026-06-15_v2.xlsx,30070-S74-S,6,2026-07-19,0.3111111111111111,True
seasonal_no_ml_baseline_2026-06-15_v2,Product Info for BRG_2026-06-01__seasonal_no_ml_baseline_2026-06-15_v2.xlsx,30070-S74-S,7,2026-07-26,0.4666666666666667,True
seasonal_no_ml_baseline_2026-06-15_v2,Product Info for BRG_2026-06-01__seasonal_no_ml_baseline_2026-06-15_v2.xlsx,30070-S74-S,8,2026-08-02,0.3111111111111111,True
seasonal_no_ml_baseline_2026-06-15_v2,Product Info for BRG_2026-06-01__seasonal_no_ml_baseline_2026-06-15_v2.xlsx,30070-S74-S,9,2026-08-09,0.4666666666666667,True
seasonal_no_ml_baseline_2026-06-15_v2,Product Info for BRG_2026-06-01__seasonal_no_ml_baseline_2026-06-15_v2.xlsx,30070-S74-S,10,2026-08-16,0.6222222222222222,True
seasonal_no_ml_baseline_2026-06-15_v2,Product Info for BRG_2026-06-01__seasonal_no_ml_baseline_2026-06-15_v2.xlsx,30070-S74-S,11,2026-08-23,0.7777777777777778,True
seasonal_no_ml_baseline_2026-06-15_v2,Product Info for BRG_2026-06-01__seasonal_no_ml_baseline_2026-06-15_v2.xlsx,30070-S74-S,12,2026-08-30,3.2666666666666666,True
seasonal_no_ml_baseline_2026-06-15_v2,Product Info for BRG_2026-06-01__seasonal_no_ml_baseline_2026-06-15_v2.xlsx,30070-S74-S,13,2026-09-06,3.2666666666666666,True
seasonal_no_ml_baseline_2026-06-15_v2,Product Info for BRG_2026-06-01__seasonal_no_ml_baseline_2026-06-15_v2.xlsx,30070-S74-S,14,2026-09-13,2.1777777777777776,False
seasonal_no_ml_baseline_2026-06-15_v2,Product Info for BRG_2026-06-01__seasonal_no_ml_baseline_2026-06-15_v2.xlsx,30070-S74-S,15,2026-09-20,2.022222222222222,False
seasonal_no_ml_baseline_2026-06-15_v2,Product Info for BRG_2026-06-01__seasonal_no_ml_baseline_2026-06-15_v2.xlsx,30070-S74-S,16,2026-09-27,5.444444444444445,False
seasonal_no_ml_baseline_2026-06-15_v2,Product Info for BRG_2026-06-01__seasonal_no_ml_baseline_2026-06-15_v2.xlsx,30070-S74-S,17,2026-10-04,5.9111111111111105,False
seasonal_no_ml_baseline_2026-06-15_v2,Product Info for BRG_2026-06-01__seasonal_no_ml_baseline_2026-06-15_v2.xlsx,30070-S74-S,18,2026-10-11,5.6,False
seasonal_no_ml_baseline_2026-06-15_v2,Product Info for BRG_2026-06-01__seasonal_no_ml_baseline_2026-06-15_v2.xlsx,30070-S74-S,19,2026-10-18,11.822222222222221,False
seasonal_no_ml_baseline_2026-06-15_v2,Product Info for BRG_2026-06-01__seasonal_no_ml_baseline_2026-06-15_v2.xlsx,30070-S74-S,20,2026-10-25,12.755555555555555,False
seasonal_no_ml_baseline_2026-06-15_v2,Product Info for BRG_2026-06-01__seasonal_no_ml_baseline_2026-06-15_v2.xlsx,30070-S74-S,21,2026-11-01,12.288888888888888,False
seasonal_no_ml_baseline_2026-06-15_v2,Product Info for BRG_2026-06-01__seasonal_no_ml_baseline_2026-06-15_v2.xlsx,30070-S74-S,22,2026-11-08,15.555555555555555,False
seasonal_no_ml_baseline_2026-06-15_v2,Product Info for BRG_2026-06-01__seasonal_no_ml_baseline_2026-06-15_v2.xlsx,30070-S74-S,23,2026-11-15,19.444444444444443,False
seasonal_no_ml_baseline_2026-06-15_v2,Product Info for BRG_2026-06-01__seasonal_no_ml_baseline_2026-06-15_v2.xlsx,30070-S74-S,24,2026-11-22,23.488888888888887,False
seasonal_no_ml_baseline_2026-06-15_v2,Product Info for BRG_2026-06-01__seasonal_no_ml_baseline_2026-06-15_v2.xlsx,30070-S74-S,25,2026-11-29,24.577777777777776,False
seasonal_no_ml_baseline_2026-06-15_v2,Product Info for BRG_2026-06-01__seasonal_no_ml_baseline_2026-06-15_v2.xlsx,30070-S74-S,26,2026-12-06,16.177777777777777,False
seasonal_no_ml_baseline_2026-06-15_v2,Product Info for BRG_2026-06-01__seasonal_no_ml_baseline_2026-06-15_v2.xlsx,30070-S74-XL,1,2026-06-14,0.0,True
seasonal_no_ml_baseline_2026-06-15_v2,Product Info for BRG_2026-06-01__seasonal_no_ml_baseline_2026-06-15_v2.xlsx,30070-S74-XL,2,2026-06-21,0.0,True
seasonal_no_ml_baseline_2026-06-15_v2,Product Info for BRG_2026-06-01__seasonal_no_ml_baseline_2026-06-15_v2.xlsx,30070-S74-XL,3,2026-06-28,0.0,True
seasonal_no_ml_baseline_2026-06-15_v2,Product Info for BRG_2026-06-01__seasonal_no_ml_baseline_2026-06-15_v2.xlsx,30070-S74-XL,4,2026-07-05,0.0,True
seasonal_no_ml_baseline_2026-06-15_v2,Product Info for BRG_2026-06-01__seasonal_no_ml_baseline_2026-06-15_v2.xlsx,30070-S74-XL,5,2026-07-12,0.0,True
seasonal_no_ml_baseline_2026-06-15_v2,Product Info for BRG_2026-06-01__seasonal_no_ml_baseline_2026-06-15_v2.xlsx,30070-S74-XL,6,2026-07-19,0.4666666666666667,True
seasonal_no_ml_baseline_2026-06-15_v2,Product Info for BRG_2026-06-01__seasonal_no_ml_baseline_2026-06-15_v2.xlsx,30070-S74-XL,7,2026-07-26,0.4666666666666667,True
seasonal_no_ml_baseline_2026-06-15_v2,Product Info for BRG_2026-06-01__seasonal_no_ml_baseline_2026-06-15_v2.xlsx,30070-S74-XL,8,2026-08-02,0.0,True
seasonal_no_ml_baseline_2026-06-15_v2,Product Info for BRG_2026-06-01__seasonal_no_ml_baseline_2026-06-15_v2.xlsx,30070-S74-XL,9,2026-08-09,0.0,True
seasonal_no_ml_baseline_2026-06-15_v2,Product Info for BRG_2026-06-01__seasonal_no_ml_baseline_2026-06-15_v2.xlsx,30070-S74-XL,10,2026-08-16,0.15555555555555556,True
seasonal_no_ml_baseline_2026-06-15_v2,Product Info for BRG_2026-06-01__seasonal_no_ml_baseline_2026-06-15_v2.xlsx,30070-S74-XL,11,2026-08-23,0.15555555555555556,True
seasonal_no_ml_baseline_2026-06-15_v2,Product Info for BRG_2026-06-01__seasonal_no_ml_baseline_2026-06-15_v2.xlsx,30070-S74-XL,12,2026-08-30,0.6222222222222222,True
seasonal_no_ml_baseline_2026-06-15_v2,Product Info for BRG_2026-06-01__seasonal_no_ml_baseline_2026-06-15_v2.xlsx,30070-S74-XL,13,2026-09-06,0.6222222222222222,True
seasonal_no_ml_baseline_2026-06-15_v2,Product Info for BRG_2026-06-01__seasonal_no_ml_baseline_2026-06-15_v2.xlsx,30070-S74-XL,14,2026-09-13,0.9333333333333333,False
seasonal_no_ml_baseline_2026-06-15_v2,Product Info for BRG_2026-06-01__seasonal_no_ml_baseline_2026-06-15_v2.xlsx,30070-S74-XL,15,2026-09-20,1.4,False
seasonal_no_ml_baseline_2026-06-15_v2,Product Info for BRG_2026-06-01__seasonal_no_ml_baseline_2026-06-15_v2.xlsx,30070-S74-XL,16,2026-09-27,8.555555555555555,False
seasonal_no_ml_baseline_2026-06-15_v2,Product Info for BRG_2026-06-01__seasonal_no_ml_baseline_2026-06-15_v2.xlsx,30070-S74-XL,17,2026-10-04,9.333333333333332,False
seasonal_no_ml_baseline_2026-06-15_v2,Product Info for BRG_2026-06-01__seasonal_no_ml_baseline_2026-06-15_v2.xlsx,30070-S74-XL,18,2026-10-11,5.9111111111111105,False
seasonal_no_ml_baseline_2026-06-15_v2,Product Info for BRG_2026-06-01__seasonal_no_ml_baseline_2026-06-15_v2.xlsx,30070-S74-XL,19,2026-10-18,11.822222222222221,False
seasonal_no_ml_baseline_2026-06-15_v2,Product Info for BRG_2026-06-01__seasonal_no_ml_baseline_2026-06-15_v2.xlsx,30070-S74-XL,20,2026-10-25,12.755555555555555,False
seasonal_no_ml_baseline_2026-06-15_v2,Product Info for BRG_2026-06-01__seasonal_no_ml_baseline_2026-06-15_v2.xlsx,30070-S74-XL,21,2026-11-01,15.71111111111111,False
seasonal_no_ml_baseline_2026-06-15_v2,Product Info for BRG_2026-06-01__seasonal_no_ml_baseline_2026-06-15_v2.xlsx,30070-S74-XL,22,2026-11-08,26.444444444444443,False
seasonal_no_ml_baseline_2026-06-15_v2,Product Info for BRG_2026-06-01__seasonal_no_ml_baseline_2026-06-15_v2.xlsx,30070-S74-XL,23,2026-11-15,28.0,False
seasonal_no_ml_baseline_2026-06-15_v2,Product Info for BRG_2026-06-01__seasonal_no_ml_baseline_2026-06-15_v2.xlsx,30070-S74-XL,24,2026-11-22,30.644444444444442,False
seasonal_no_ml_baseline_2026-06-15_v2,Product Info for BRG_2026-06-01__seasonal_no_ml_baseline_2026-06-15_v2.xlsx,30070-S74-XL,25,2026-11-29,41.22222222222222,False
seasonal_no_ml_baseline_2026-06-15_v2,Product Info for BRG_2026-06-01__seasonal_no_ml_baseline_2026-06-15_v2.xlsx,30070-S74-XL,26,2026-12-06,37.8,False
seasonal_no_ml_baseline_2026-06-15_v2,Product Info for BRG_2026-06-01__seasonal_no_ml_baseline_2026-06-15_v2.xlsx,30070-S74-XS,1,2026-06-14,1.0,True
seasonal_no_ml_baseline_2026-06-15_v2,Product Info for BRG_2026-06-01__seasonal_no_ml_baseline_2026-06-15_v2.xlsx,30070-S74-XS,2,2026-06-21,0.15555555555555556,True
seasonal_no_ml_baseline_2026-06-15_v2,Product Info for BRG_2026-06-01__seasonal_no_ml_baseline_2026-06-15_v2.xlsx,30070-S74-XS,3,2026-06-28,0.4666666666666667,True
seasonal_no_ml_baseline_2026-06-15_v2,Product Info for BRG_2026-06-01__seasonal_no_ml_baseline_2026-06-15_v2.xlsx,30070-S74-XS,4,2026-07-05,0.4666666666666667,True
seasonal_no_ml_baseline_2026-06-15_v2,Product Info for BRG_2026-06-01__seasonal_no_ml_baseline_2026-06-15_v2.xlsx,30070-S74-XS,5,2026-07-12,0.15555555555555556,True
seasonal_no_ml_baseline_2026-06-15_v2,Product Info for BRG_2026-06-01__seasonal_no_ml_baseline_2026-06-15_v2.xlsx,30070-S74-XS,6,2026-07-19,0.3111111111111111,True
seasonal_no_ml_baseline_2026-06-15_v2,Product Info for BRG_2026-06-01__seasonal_no_ml_baseline_2026-06-15_v2.xlsx,30070-S74-XS,7,2026-07-26,0.3111111111111111,True
seasonal_no_ml_baseline_2026-06-15_v2,Product Info for BRG_2026-06-01__seasonal_no_ml_baseline_2026-06-15_v2.xlsx,30070-S74-XS,8,2026-08-02,0.3111111111111111,True
seasonal_no_ml_baseline_2026-06-15_v2,Product Info for BRG_2026-06-01__seasonal_no_ml_baseline_2026-06-15_v2.xlsx,30070-S74-XS,9,2026-08-09,0.0,True
seasonal_no_ml_baseline_2026-06-15_v2,Product Info for BRG_2026-06-01__seasonal_no_ml_baseline_2026-06-15_v2.xlsx,30070-S74-XS,10,2026-08-16,0.0,True
seasonal_no_ml_baseline_2026-06-15_v2,Product Info for BRG_2026-06-01__seasonal_no_ml_baseline_2026-06-15_v2.xlsx,30070-S74-XS,11,2026-08-23,0.15555555555555556,True
seasonal_no_ml_baseline_2026-06-15_v2,Product Info for BRG_2026-06-01__seasonal_no_ml_baseline_2026-06-15_v2.xlsx,30070-S74-XS,12,2026-08-30,0.6222222222222222,True
seasonal_no_ml_baseline_2026-06-15_v2,Product Info for BRG_2026-06-01__seasonal_no_ml_baseline_2026-06-15_v2.xlsx,30070-S74-XS,13,2026-09-06,0.9333333333333333,True
seasonal_no_ml_baseline_2026-06-15_v2,Product Info for BRG_2026-06-01__seasonal_no_ml_baseline_2026-06-15_v2.xlsx,30070-S74-XS,14,2026-09-13,1.0888888888888888,False
seasonal_no_ml_baseline_2026-06-15_v2,Product Info for BRG_2026-06-01__seasonal_no_ml_baseline_2026-06-15_v2.xlsx,30070-S74-XS,15,2026-09-20,0.4666666666666667,False
seasonal_no_ml_baseline_2026-06-15_v2,Product Info for BRG_2026-06-01__seasonal_no_ml_baseline_2026-06-15_v2.xlsx,30070-S74-XS,16,2026-09-27,1.711111111111111,False
seasonal_no_ml_baseline_2026-06-15_v2,Product Info for BRG_2026-06-01__seasonal_no_ml_baseline_2026-06-15_v2.xlsx,30070-S74-XS,17,2026-10-04,3.422222222222222,False
seasonal_no_ml_baseline_2026-06-15_v2,Product Info for BRG_2026-06-01__seasonal_no_ml_baseline_2026-06-15_v2.xlsx,30070-S74-XS,18,2026-10-11,3.2666666666666666,False
seasonal_no_ml_baseline_2026-06-15_v2,Product Info for BRG_2026-06-01__seasonal_no_ml_baseline_2026-06-15_v2.xlsx,30070-S74-XS,19,2026-10-18,5.133333333333333,False
seasonal_no_ml_baseline_2026-06-15_v2,Product Info for BRG_2026-06-01__seasonal_no_ml_baseline_2026-06-15_v2.xlsx,30070-S74-XS,20,2026-10-25,4.044444444444444,False
seasonal_no_ml_baseline_2026-06-15_v2,Product Info for BRG_2026-06-01__seasonal_no_ml_baseline_2026-06-15_v2.xlsx,30070-S74-XS,21,2026-11-01,2.333333333333333,False
seasonal_no_ml_baseline_2026-06-15_v2,Product Info for BRG_2026-06-01__seasonal_no_ml_baseline_2026-06-15_v2.xlsx,30070-S74-XS,22,2026-11-08,5.133333333333333,False
seasonal_no_ml_baseline_2026-06-15_v2,Product Info for BRG_2026-06-01__seasonal_no_ml_baseline_2026-06-15_v2.xlsx,30070-S74-XS,23,2026-11-15,7.311111111111111,False
seasonal_no_ml_baseline_2026-06-15_v2,Product Info for BRG_2026-06-01__seasonal_no_ml_baseline_2026-06-15_v2.xlsx,30070-S74-XS,24,2026-11-22,11.2,False
seasonal_no_ml_baseline_2026-06-15_v2,Product Info for BRG_2026-06-01__seasonal_no_ml_baseline_2026-06-15_v2.xlsx,30070-S74-XS,25,2026-11-29,14.466666666666667,False
seasonal_no_ml_baseline_2026-06-15_v2,Product Info for BRG_2026-06-01__seasonal_no_ml_baseline_2026-06-15_v2.xlsx,30070-S74-XS,26,2026-12-06,14.466666666666667,False
seasonal_no_ml_baseline_2026-06-15_v2,Product Info for BRG_2026-06-01__seasonal_no_ml_baseline_2026-06-15_v2.xlsx,30070-S74-XXL,1,2026-06-14,0.0,True
seasonal_no_ml_baseline_2026-06-15_v2,Product Info for BRG_2026-06-01__seasonal_no_ml_baseline_2026-06-15_v2.xlsx,30070-S74-XXL,2,2026-06-21,0.0,True
seasonal_no_ml_baseline_2026-06-15_v2,Product Info for BRG_2026-06-01__seasonal_no_ml_baseline_2026-06-15_v2.xlsx,30070-S74-XXL,3,2026-06-28,0.0,True
seasonal_no_ml_baseline_2026-06-15_v2,Product Info for BRG_2026-06-01__seasonal_no_ml_baseline_2026-06-15_v2.xlsx,30070-S74-XXL,4,2026-07-05,0.0,True
seasonal_no_ml_baseline_2026-06-15_v2,Product Info for BRG_2026-06-01__seasonal_no_ml_baseline_2026-06-15_v2.xlsx,30070-S74-XXL,5,2026-07-12,0.0,True
seasonal_no_ml_baseline_2026-06-15_v2,Product Info for BRG_2026-06-01__seasonal_no_ml_baseline_2026-06-15_v2.xlsx,30070-S74-XXL,6,2026-07-19,0.15555555555555556,True
seasonal_no_ml_baseline_2026-06-15_v2,Product Info for BRG_2026-06-01__seasonal_no_ml_baseline_2026-06-15_v2.xlsx,30070-S74-XXL,7,2026-07-26,0.15555555555555556,True
seasonal_no_ml_baseline_2026-06-15_v2,Product Info for BRG_2026-06-01__seasonal_no_ml_baseline_2026-06-15_v2.xlsx,30070-S74-XXL,8,2026-08-02,0.0,True
seasonal_no_ml_baseline_2026-06-15_v2,Product Info for BRG_2026-06-01__seasonal_no_ml_baseline_2026-06-15_v2.xlsx,30070-S74-XXL,9,2026-08-09,0.0,True
seasonal_no_ml_baseline_2026-06-15_v2,Product Info for BRG_2026-06-01__seasonal_no_ml_baseline_2026-06-15_v2.xlsx,30070-S74-XXL,10,2026-08-16,0.0,True
seasonal_no_ml_baseline_2026-06-15_v2,Product Info for BRG_2026-06-01__seasonal_no_ml_baseline_2026-06-15_v2.xlsx,30070-S74-XXL,11,2026-08-23,0.0,True
seasonal_no_ml_baseline_2026-06-15_v2,Product Info for BRG_2026-06-01__seasonal_no_ml_baseline_2026-06-15_v2.xlsx,30070-S74-XXL,12,2026-08-30,0.15555555555555556,True
seasonal_no_ml_baseline_2026-06-15_v2,Product Info for BRG_2026-06-01__seasonal_no_ml_baseline_2026-06-15_v2.xlsx,30070-S74-XXL,13,2026-09-06,0.3111111111111111,True
seasonal_no_ml_baseline_2026-06-15_v2,Product Info for BRG_2026-06-01__seasonal_no_ml_baseline_2026-06-15_v2.xlsx,30070-S74-XXL,14,2026-09-13,0.4666666666666667,False
seasonal_no_ml_baseline_2026-06-15_v2,Product Info for BRG_2026-06-01__seasonal_no_ml_baseline_2026-06-15_v2.xlsx,30070-S74-XXL,15,2026-09-20,1.0888888888888888,False
seasonal_no_ml_baseline_2026-06-15_v2,Product Info for BRG_2026-06-01__seasonal_no_ml_baseline_2026-06-15_v2.xlsx,30070-S74-XXL,16,2026-09-27,4.822222222222222,False
seasonal_no_ml_baseline_2026-06-15_v2,Product Info for BRG_2026-06-01__seasonal_no_ml_baseline_2026-06-15_v2.xlsx,30070-S74-XXL,17,2026-10-04,4.511111111111111,False
seasonal_no_ml_baseline_2026-06-15_v2,Product Info for BRG_2026-06-01__seasonal_no_ml_baseline_2026-06-15_v2.xlsx,30070-S74-XXL,18,2026-10-11,2.9555555555555553,False
seasonal_no_ml_baseline_2026-06-15_v2,Product Info for BRG_2026-06-01__seasonal_no_ml_baseline_2026-06-15_v2.xlsx,30070-S74-XXL,19,2026-10-18,3.888888888888889,False
seasonal_no_ml_baseline_2026-06-15_v2,Product Info for BRG_2026-06-01__seasonal_no_ml_baseline_2026-06-15_v2.xlsx,30070-S74-XXL,20,2026-10-25,4.355555555555555,False
seasonal_no_ml_baseline_2026-06-15_v2,Product Info for BRG_2026-06-01__seasonal_no_ml_baseline_2026-06-15_v2.xlsx,30070-S74-XXL,21,2026-11-01,7.155555555555555,False
seasonal_no_ml_baseline_2026-06-15_v2,Product Info for BRG_2026-06-01__seasonal_no_ml_baseline_2026-06-15_v2.xlsx,30070-S74-XXL,22,2026-11-08,9.022222222222222,False
seasonal_no_ml_baseline_2026-06-15_v2,Product Info for BRG_2026-06-01__seasonal_no_ml_baseline_2026-06-15_v2.xlsx,30070-S74-XXL,23,2026-11-15,11.044444444444444,False
seasonal_no_ml_baseline_2026-06-15_v2,Product Info for BRG_2026-06-01__seasonal_no_ml_baseline_2026-06-15_v2.xlsx,30070-S74-XXL,24,2026-11-22,15.088888888888889,False
seasonal_no_ml_baseline_2026-06-15_v2,Product Info for BRG_2026-06-01__seasonal_no_ml_baseline_2026-06-15_v2.xlsx,30070-S74-XXL,25,2026-11-29,17.11111111111111,False
seasonal_no_ml_baseline_2026-06-15_v2,Product Info for BRG_2026-06-01__seasonal_no_ml_baseline_2026-06-15_v2.xlsx,30070-S74-XXL,26,2026-12-06,10.88888888888889,False
seasonal_no_ml_baseline_2026-06-15_v2,Product Info for BRG_2026-06-01__seasonal_no_ml_baseline_2026-06-15_v2.xlsx,30070-SR4-L,1,2026-06-14,4.328652777777778,True
seasonal_no_ml_baseline_2026-06-15_v2,Product Info for BRG_2026-06-01__seasonal_no_ml_baseline_2026-06-15_v2.xlsx,30070-SR4-L,2,2026-06-21,2.3319444444444444,True
seasonal_no_ml_baseline_2026-06-15_v2,Product Info for BRG_2026-06-01__seasonal_no_ml_baseline_2026-06-15_v2.xlsx,30070-SR4-L,3,2026-06-28,3.039722222222222,True
seasonal_no_ml_baseline_2026-06-15_v2,Product Info for BRG_2026-06-01__seasonal_no_ml_baseline_2026-06-15_v2.xlsx,30070-SR4-L,4,2026-07-05,3.4752777777777775,True
seasonal_no_ml_baseline_2026-06-15_v2,Product Info for BRG_2026-06-01__seasonal_no_ml_baseline_2026-06-15_v2.xlsx,30070-SR4-L,5,2026-07-12,3.366388888888889,True
seasonal_no_ml_baseline_2026-06-15_v2,Product Info for BRG_2026-06-01__seasonal_no_ml_baseline_2026-06-15_v2.xlsx,30070-SR4-L,6,2026-07-19,2.930833333333333,True
seasonal_no_ml_baseline_2026-06-15_v2,Product Info for BRG_2026-06-01__seasonal_no_ml_baseline_2026-06-15_v2.xlsx,30070-SR4-L,7,2026-07-26,2.1141666666666667,True
seasonal_no_ml_baseline_2026-06-15_v2,Product Info for BRG_2026-06-01__seasonal_no_ml_baseline_2026-06-15_v2.xlsx,30070-SR4-L,8,2026-08-02,2.658611111111111,True
seasonal_no_ml_baseline_2026-06-15_v2,Product Info for BRG_2026-06-01__seasonal_no_ml_baseline_2026-06-15_v2.xlsx,30070-SR4-L,9,2026-08-09,3.2575000000000003,True
seasonal_no_ml_baseline_2026-06-15_v2,Product Info for BRG_2026-06-01__seasonal_no_ml_baseline_2026-06-15_v2.xlsx,30070-SR4-L,10,2026-08-16,2.876388888888889,True
seasonal_no_ml_baseline_2026-06-15_v2,Product Info for BRG_2026-06-01__seasonal_no_ml_baseline_2026-06-15_v2.xlsx,30070-SR4-L,11,2026-08-23,2.495277777777778,True
seasonal_no_ml_baseline_2026-06-15_v2,Product Info for BRG_2026-06-01__seasonal_no_ml_baseline_2026-06-15_v2.xlsx,30070-SR4-L,12,2026-08-30,3.2030555555555553,True
seasonal_no_ml_baseline_2026-06-15_v2,Product Info for BRG_2026-06-01__seasonal_no_ml_baseline_2026-06-15_v2.xlsx,30070-SR4-L,13,2026-09-06,4.019722222222223,True
seasonal_no_ml_baseline_2026-06-15_v2,Product Info for BRG_2026-06-01__seasonal_no_ml_baseline_2026-06-15_v2.xlsx,30070-SR4-L,14,2026-09-13,4.074166666666667,False
seasonal_no_ml_baseline_2026-06-15_v2,Product Info for BRG_2026-06-01__seasonal_no_ml_baseline_2026-06-15_v2.xlsx,30070-SR4-L,15,2026-09-20,3.7474999999999996,False
seasonal_no_ml_baseline_2026-06-15_v2,Product Info for BRG_2026-06-01__seasonal_no_ml_baseline_2026-06-15_v2.xlsx,30070-SR4-L,16,2026-09-27,3.2030555555555553,False
seasonal_no_ml_baseline_2026-06-15_v2,Product Info for BRG_2026-06-01__seasonal_no_ml_baseline_2026-06-15_v2.xlsx,30070-SR4-L,17,2026-10-04,2.821944444444444,False
seasonal_no_ml_baseline_2026-06-15_v2,Product Info for BRG_2026-06-01__seasonal_no_ml_baseline_2026-06-15_v2.xlsx,30070-SR4-L,18,2026-10-11,2.9852777777777777,False
seasonal_no_ml_baseline_2026-06-15_v2,Product Info for BRG_2026-06-01__seasonal_no_ml_baseline_2026-06-15_v2.xlsx,30070-SR4-L,19,2026-10-18,3.8019444444444446,False
seasonal_no_ml_baseline_2026-06-15_v2,Product Info for BRG_2026-06-01__seasonal_no_ml_baseline_2026-06-15_v2.xlsx,30070-SR4-L,20,2026-10-25,3.8019444444444446,False
seasonal_no_ml_baseline_2026-06-15_v2,Product Info for BRG_2026-06-01__seasonal_no_ml_baseline_2026-06-15_v2.xlsx,30070-SR4-L,21,2026-11-01,3.0941666666666667,False
seasonal_no_ml_baseline_2026-06-15_v2,Product Info for BRG_2026-06-01__seasonal_no_ml_baseline_2026-06-15_v2.xlsx,30070-SR4-L,22,2026-11-08,2.821944444444444,False
seasonal_no_ml_baseline_2026-06-15_v2,Product Info for BRG_2026-06-01__seasonal_no_ml_baseline_2026-06-15_v2.xlsx,30070-SR4-L,23,2026-11-15,4.183055555555555,False
seasonal_no_ml_baseline_2026-06-15_v2,Product Info for BRG_2026-06-01__seasonal_no_ml_baseline_2026-06-15_v2.xlsx,30070-SR4-L,24,2026-11-22,5.4897222222222215,False
seasonal_no_ml_baseline_2026-06-15_v2,Product Info for BRG_2026-06-01__seasonal_no_ml_baseline_2026-06-15_v2.xlsx,30070-SR4-L,25,2026-11-29,6.1975,False
seasonal_no_ml_baseline_2026-06-15_v2,Product Info for BRG_2026-06-01__seasonal_no_ml_baseline_2026-06-15_v2.xlsx,30070-SR4-L,26,2026-12-06,4.999722222222221,False
seasonal_no_ml_baseline_2026-06-15_v2,Product Info for BRG_2026-06-01__seasonal_no_ml_baseline_2026-06-15_v2.xlsx,30070-SR4-M,1,2026-06-14,2.6027500000000003,True
seasonal_no_ml_baseline_2026-06-15_v2,Product Info for BRG_2026-06-01__seasonal_no_ml_baseline_2026-06-15_v2.xlsx,30070-SR4-M,2,2026-06-21,1.2505555555555554,True
seasonal_no_ml_baseline_2026-06-15_v2,Product Info for BRG_2026-06-01__seasonal_no_ml_baseline_2026-06-15_v2.xlsx,30070-SR4-M,3,2026-06-28,1.7405555555555554,True
seasonal_no_ml_baseline_2026-06-15_v2,Product Info for BRG_2026-06-01__seasonal_no_ml_baseline_2026-06-15_v2.xlsx,30070-SR4-M,4,2026-07-05,2.2849999999999997,True
seasonal_no_ml_baseline_2026-06-15_v2,Product Info for BRG_2026-06-01__seasonal_no_ml_baseline_2026-06-15_v2.xlsx,30070-SR4-M,5,2026-07-12,1.795,True
seasonal_no_ml_baseline_2026-06-15_v2,Product Info for BRG_2026-06-01__seasonal_no_ml_baseline_2026-06-15_v2.xlsx,30070-SR4-M,6,2026-07-19,1.087222222222222,True
seasonal_no_ml_baseline_2026-06-15_v2,Product Info for BRG_2026-06-01__seasonal_no_ml_baseline_2026-06-15_v2.xlsx,30070-SR4-M,7,2026-07-26,0.8694444444444445,True
seasonal_no_ml_baseline_2026-06-15_v2,Product Info for BRG_2026-06-01__seasonal_no_ml_baseline_2026-06-15_v2.xlsx,30070-SR4-M,8,2026-08-02,1.5227777777777776,True
seasonal_no_ml_baseline_2026-06-15_v2,Product Info for BRG_2026-06-01__seasonal_no_ml_baseline_2026-06-15_v2.xlsx,30070-SR4-M,9,2026-08-09,2.0127777777777776,True
seasonal_no_ml_baseline_2026-06-15_v2,Product Info for BRG_2026-06-01__seasonal_no_ml_baseline_2026-06-15_v2.xlsx,30070-SR4-M,10,2026-08-16,2.067222222222222,True
seasonal_no_ml_baseline_2026-06-15_v2,Product Info for BRG_2026-06-01__seasonal_no_ml_baseline_2026-06-15_v2.xlsx,30070-SR4-M,11,2026-08-23,2.5027777777777778,True
seasonal_no_ml_baseline_2026-06-15_v2,Product Info for BRG_2026-06-01__seasonal_no_ml_baseline_2026-06-15_v2.xlsx,30070-SR4-M,12,2026-08-30,3.1016666666666666,True
seasonal_no_ml_baseline_2026-06-15_v2,Product Info for BRG_2026-06-01__seasonal_no_ml_baseline_2026-06-15_v2.xlsx,30070-SR4-M,13,2026-09-06,2.9927777777777775,True
seasonal_no_ml_baseline_2026-06-15_v2,Product Info for BRG_2026-06-01__seasonal_no_ml_baseline_2026-06-15_v2.xlsx,30070-SR4-M,14,2026-09-13,3.265,False
seasonal_no_ml_baseline_2026-06-15_v2,Product Info for BRG_2026-06-01__seasonal_no_ml_baseline_2026-06-15_v2.xlsx,30070-SR4-M,15,2026-09-20,2.9383333333333335,False
seasonal_no_ml_baseline_2026-06-15_v2,Product Info for BRG_2026-06-01__seasonal_no_ml_baseline_2026-06-15_v2.xlsx,30070-SR4-M,16,2026-09-27,2.4483333333333333,False
seasonal_no_ml_baseline_2026-06-15_v2,Product Info for BRG_2026-06-01__seasonal_no_ml_baseline_2026-06-15_v2.xlsx,30070-SR4-M,17,2026-10-04,2.1216666666666666,False
seasonal_no_ml_baseline_2026-06-15_v2,Product Info for BRG_2026-06-01__seasonal_no_ml_baseline_2026-06-15_v2.xlsx,30070-SR4-M,18,2026-10-11,1.795,False
seasonal_no_ml_baseline_2026-06-15_v2,Product Info for BRG_2026-06-01__seasonal_no_ml_baseline_2026-06-15_v2.xlsx,30070-SR4-M,19,2026-10-18,2.775,False
seasonal_no_ml_baseline_2026-06-15_v2,Product Info for BRG_2026-06-01__seasonal_no_ml_baseline_2026-06-15_v2.xlsx,30070-SR4-M,20,2026-10-25,2.666111111111111,False
seasonal_no_ml_baseline_2026-06-15_v2,Product Info for BRG_2026-06-01__seasonal_no_ml_baseline_2026-06-15_v2.xlsx,30070-SR4-M,21,2026-11-01,1.6316666666666666,False
seasonal_no_ml_baseline_2026-06-15_v2,Product Info for BRG_2026-06-01__seasonal_no_ml_baseline_2026-06-15_v2.xlsx,30070-SR4-M,22,2026-11-08,2.611666666666667,False
seasonal_no_ml_baseline_2026-06-15_v2,Product Info for BRG_2026-06-01__seasonal_no_ml_baseline_2026-06-15_v2.xlsx,30070-SR4-M,23,2026-11-15,3.265,False
seasonal_no_ml_baseline_2026-06-15_v2,Product Info for BRG_2026-06-01__seasonal_no_ml_baseline_2026-06-15_v2.xlsx,30070-SR4-M,24,2026-11-22,3.6461111111111113,False
seasonal_no_ml_baseline_2026-06-15_v2,Product Info for BRG_2026-06-01__seasonal_no_ml_baseline_2026-06-15_v2.xlsx,30070-SR4-M,25,2026-11-29,3.3738888888888887,False
seasonal_no_ml_baseline_2026-06-15_v2,Product Info for BRG_2026-06-01__seasonal_no_ml_baseline_2026-06-15_v2.xlsx,30070-SR4-M,26,2026-12-06,2.611666666666667,False
seasonal_no_ml_baseline_2026-06-15_v2,Product Info for BRG_2026-06-01__seasonal_no_ml_baseline_2026-06-15_v2.xlsx,30070-SR4-S,1,2026-06-14,2.4811111111111113,True
seasonal_no_ml_baseline_2026-06-15_v2,Product Info for BRG_2026-06-01__seasonal_no_ml_baseline_2026-06-15_v2.xlsx,30070-SR4-S,2,2026-06-21,1.5555555555555556,True
seasonal_no_ml_baseline_2026-06-15_v2,Product Info for BRG_2026-06-01__seasonal_no_ml_baseline_2026-06-15_v2.xlsx,30070-SR4-S,3,2026-06-28,2.333333333333333,True
seasonal_no_ml_baseline_2026-06-15_v2,Product Info for BRG_2026-06-01__seasonal_no_ml_baseline_2026-06-15_v2.xlsx,30070-SR4-S,4,2026-07-05,3.888888888888889,True
seasonal_no_ml_baseline_2026-06-15_v2,Product Info for BRG_2026-06-01__seasonal_no_ml_baseline_2026-06-15_v2.xlsx,30070-SR4-S,5,2026-07-12,5.288888888888889,True
seasonal_no_ml_baseline_2026-06-15_v2,Product Info for BRG_2026-06-01__seasonal_no_ml_baseline_2026-06-15_v2.xlsx,30070-SR4-S,6,2026-07-19,4.044444444444444,True
seasonal_no_ml_baseline_2026-06-15_v2,Product Info for BRG_2026-06-01__seasonal_no_ml_baseline_2026-06-15_v2.xlsx,30070-SR4-S,7,2026-07-26,2.1777777777777776,True
seasonal_no_ml_baseline_2026-06-15_v2,Product Info for BRG_2026-06-01__seasonal_no_ml_baseline_2026-06-15_v2.xlsx,30070-SR4-S,8,2026-08-02,2.022222222222222,True
seasonal_no_ml_baseline_2026-06-15_v2,Product Info for BRG_2026-06-01__seasonal_no_ml_baseline_2026-06-15_v2.xlsx,30070-SR4-S,9,2026-08-09,2.333333333333333,True
seasonal_no_ml_baseline_2026-06-15_v2,Product Info for BRG_2026-06-01__seasonal_no_ml_baseline_2026-06-15_v2.xlsx,30070-SR4-S,10,2026-08-16,2.333333333333333,True
seasonal_no_ml_baseline_2026-06-15_v2,Product Info for BRG_2026-06-01__seasonal_no_ml_baseline_2026-06-15_v2.xlsx,30070-SR4-S,11,2026-08-23,2.333333333333333,True
seasonal_no_ml_baseline_2026-06-15_v2,Product Info for BRG_2026-06-01__seasonal_no_ml_baseline_2026-06-15_v2.xlsx,30070-SR4-S,12,2026-08-30,5.6,True
seasonal_no_ml_baseline_2026-06-15_v2,Product Info for BRG_2026-06-01__seasonal_no_ml_baseline_2026-06-15_v2.xlsx,30070-SR4-S,13,2026-09-06,5.7555555555555555,True
seasonal_no_ml_baseline_2026-06-15_v2,Product Info for BRG_2026-06-01__seasonal_no_ml_baseline_2026-06-15_v2.xlsx,30070-SR4-S,14,2026-09-13,4.666666666666666,False
seasonal_no_ml_baseline_2026-06-15_v2,Product Info for BRG_2026-06-01__seasonal_no_ml_baseline_2026-06-15_v2.xlsx,30070-SR4-S,15,2026-09-20,4.2,False
seasonal_no_ml_baseline_2026-06-15_v2,Product Info for BRG_2026-06-01__seasonal_no_ml_baseline_2026-06-15_v2.xlsx,30070-SR4-S,16,2026-09-27,3.422222222222222,False
seasonal_no_ml_baseline_2026-06-15_v2,Product Info for BRG_2026-06-01__seasonal_no_ml_baseline_2026-06-15_v2.xlsx,30070-SR4-S,17,2026-10-04,3.111111111111111,False
seasonal_no_ml_baseline_2026-06-15_v2,Product Info for BRG_2026-06-01__seasonal_no_ml_baseline_2026-06-15_v2.xlsx,30070-SR4-S,18,2026-10-11,3.111111111111111,False
seasonal_no_ml_baseline_2026-06-15_v2,Product Info for BRG_2026-06-01__seasonal_no_ml_baseline_2026-06-15_v2.xlsx,30070-SR4-S,19,2026-10-18,5.133333333333333,False
seasonal_no_ml_baseline_2026-06-15_v2,Product Info for BRG_2026-06-01__seasonal_no_ml_baseline_2026-06-15_v2.xlsx,30070-SR4-S,20,2026-10-25,4.666666666666666,False
seasonal_no_ml_baseline_2026-06-15_v2,Product Info for BRG_2026-06-01__seasonal_no_ml_baseline_2026-06-15_v2.xlsx,30070-SR4-S,21,2026-11-01,2.333333333333333,False
seasonal_no_ml_baseline_2026-06-15_v2,Product Info for BRG_2026-06-01__seasonal_no_ml_baseline_2026-06-15_v2.xlsx,30070-SR4-S,22,2026-11-08,2.6444444444444444,False
seasonal_no_ml_baseline_2026-06-15_v2,Product Info for BRG_2026-06-01__seasonal_no_ml_baseline_2026-06-15_v2.xlsx,30070-SR4-S,23,2026-11-15,3.888888888888889,False
seasonal_no_ml_baseline_2026-06-15_v2,Product Info for BRG_2026-06-01__seasonal_no_ml_baseline_2026-06-15_v2.xlsx,30070-SR4-S,24,2026-11-22,4.044444444444444,False
seasonal_no_ml_baseline_2026-06-15_v2,Product Info for BRG_2026-06-01__seasonal_no_ml_baseline_2026-06-15_v2.xlsx,30070-SR4-S,25,2026-11-29,3.7333333333333334,False
seasonal_no_ml_baseline_2026-06-15_v2,Product Info for BRG_2026-06-01__seasonal_no_ml_baseline_2026-06-15_v2.xlsx,30070-SR4-S,26,2026-12-06,3.5777777777777775,False
seasonal_no_ml_baseline_2026-06-15_v2,Product Info for BRG_2026-06-01__seasonal_no_ml_baseline_2026-06-15_v2.xlsx,30070-SR4-XL,1,2026-06-14,2.0865902777777783,True
seasonal_no_ml_baseline_2026-06-15_v2,Product Info for BRG_2026-06-01__seasonal_no_ml_baseline_2026-06-15_v2.xlsx,30070-SR4-XL,2,2026-06-21,1.0579166666666668,True
seasonal_no_ml_baseline_2026-06-15_v2,Product Info for BRG_2026-06-01__seasonal_no_ml_baseline_2026-06-15_v2.xlsx,30070-SR4-XL,3,2026-06-28,0.8945833333333334,True
seasonal_no_ml_baseline_2026-06-15_v2,Product Info for BRG_2026-06-01__seasonal_no_ml_baseline_2026-06-15_v2.xlsx,30070-SR4-XL,4,2026-07-05,1.0034722222222223,True
seasonal_no_ml_baseline_2026-06-15_v2,Product Info for BRG_2026-06-01__seasonal_no_ml_baseline_2026-06-15_v2.xlsx,30070-SR4-XL,5,2026-07-12,1.1123611111111111,True
seasonal_no_ml_baseline_2026-06-15_v2,Product Info for BRG_2026-06-01__seasonal_no_ml_baseline_2026-06-15_v2.xlsx,30070-SR4-XL,6,2026-07-19,0.9490277777777778,True
seasonal_no_ml_baseline_2026-06-15_v2,Product Info for BRG_2026-06-01__seasonal_no_ml_baseline_2026-06-15_v2.xlsx,30070-SR4-XL,7,2026-07-26,0.8945833333333334,True
seasonal_no_ml_baseline_2026-06-15_v2,Product Info for BRG_2026-06-01__seasonal_no_ml_baseline_2026-06-15_v2.xlsx,30070-SR4-XL,8,2026-08-02,1.2756944444444445,True
seasonal_no_ml_baseline_2026-06-15_v2,Product Info for BRG_2026-06-01__seasonal_no_ml_baseline_2026-06-15_v2.xlsx,30070-SR4-XL,9,2026-08-09,1.493472222222222,True
seasonal_no_ml_baseline_2026-06-15_v2,Product Info for BRG_2026-06-01__seasonal_no_ml_baseline_2026-06-15_v2.xlsx,30070-SR4-XL,10,2026-08-16,1.330138888888889,True
seasonal_no_ml_baseline_2026-06-15_v2,Product Info for BRG_2026-06-01__seasonal_no_ml_baseline_2026-06-15_v2.xlsx,30070-SR4-XL,11,2026-08-23,1.1123611111111111,True
seasonal_no_ml_baseline_2026-06-15_v2,Product Info for BRG_2026-06-01__seasonal_no_ml_baseline_2026-06-15_v2.xlsx,30070-SR4-XL,12,2026-08-30,1.330138888888889,True
seasonal_no_ml_baseline_2026-06-15_v2,Product Info for BRG_2026-06-01__seasonal_no_ml_baseline_2026-06-15_v2.xlsx,30070-SR4-XL,13,2026-09-06,1.6568055555555556,True
seasonal_no_ml_baseline_2026-06-15_v2,Product Info for BRG_2026-06-01__seasonal_no_ml_baseline_2026-06-15_v2.xlsx,30070-SR4-XL,14,2026-09-13,2.9634722222222223,False
seasonal_no_ml_baseline_2026-06-15_v2,Product Info for BRG_2026-06-01__seasonal_no_ml_baseline_2026-06-15_v2.xlsx,30070-SR4-XL,15,2026-09-20,2.8545833333333333,False
seasonal_no_ml_baseline_2026-06-15_v2,Product Info for BRG_2026-06-01__seasonal_no_ml_baseline_2026-06-15_v2.xlsx,30070-SR4-XL,16,2026-09-27,1.6568055555555556,False
seasonal_no_ml_baseline_2026-06-15_v2,Product Info for BRG_2026-06-01__seasonal_no_ml_baseline_2026-06-15_v2.xlsx,30070-SR4-XL,17,2026-10-04,1.6568055555555556,False
seasonal_no_ml_baseline_2026-06-15_v2,Product Info for BRG_2026-06-01__seasonal_no_ml_baseline_2026-06-15_v2.xlsx,30070-SR4-XL,18,2026-10-11,1.6568055555555556,False
seasonal_no_ml_baseline_2026-06-15_v2,Product Info for BRG_2026-06-01__seasonal_no_ml_baseline_2026-06-15_v2.xlsx,30070-SR4-XL,19,2026-10-18,1.8745833333333333,False
seasonal_no_ml_baseline_2026-06-15_v2,Product Info for BRG_2026-06-01__seasonal_no_ml_baseline_2026-06-15_v2.xlsx,30070-SR4-XL,20,2026-10-25,1.6568055555555556,False
seasonal_no_ml_baseline_2026-06-15_v2,Product Info for BRG_2026-06-01__seasonal_no_ml_baseline_2026-06-15_v2.xlsx,30070-SR4-XL,21,2026-11-01,1.330138888888889,False
seasonal_no_ml_baseline_2026-06-15_v2,Product Info for BRG_2026-06-01__seasonal_no_ml_baseline_2026-06-15_v2.xlsx,30070-SR4-XL,22,2026-11-08,1.493472222222222,False
seasonal_no_ml_baseline_2026-06-15_v2,Product Info for BRG_2026-06-01__seasonal_no_ml_baseline_2026-06-15_v2.xlsx,30070-SR4-XL,23,2026-11-15,1.8201388888888888,False
seasonal_no_ml_baseline_2026-06-15_v2,Product Info for BRG_2026-06-01__seasonal_no_ml_baseline_2026-06-15_v2.xlsx,30070-SR4-XL,24,2026-11-22,2.1468055555555554,False
seasonal_no_ml_baseline_2026-06-15_v2,Product Info for BRG_2026-06-01__seasonal_no_ml_baseline_2026-06-15_v2.xlsx,30070-SR4-XL,25,2026-11-29,2.1468055555555554,False
seasonal_no_ml_baseline_2026-06-15_v2,Product Info for BRG_2026-06-01__seasonal_no_ml_baseline_2026-06-15_v2.xlsx,30070-SR4-XL,26,2026-12-06,1.9290277777777778,False
seasonal_no_ml_baseline_2026-06-15_v2,Product Info for BRG_2026-06-01__seasonal_no_ml_baseline_2026-06-15_v2.xlsx,30070-SR4-XS,1,2026-06-14,2.163118055555556,True
seasonal_no_ml_baseline_2026-06-15_v2,Product Info for BRG_2026-06-01__seasonal_no_ml_baseline_2026-06-15_v2.xlsx,30070-SR4-XS,2,2026-06-21,1.3284722222222223,True
seasonal_no_ml_baseline_2026-06-15_v2,Product Info for BRG_2026-06-01__seasonal_no_ml_baseline_2026-06-15_v2.xlsx,30070-SR4-XS,3,2026-06-28,1.3829166666666668,True
seasonal_no_ml_baseline_2026-06-15_v2,Product Info for BRG_2026-06-01__seasonal_no_ml_baseline_2026-06-15_v2.xlsx,30070-SR4-XS,4,2026-07-05,1.7095833333333335,True
seasonal_no_ml_baseline_2026-06-15_v2,Product Info for BRG_2026-06-01__seasonal_no_ml_baseline_2026-06-15_v2.xlsx,30070-SR4-XS,5,2026-07-12,2.145138888888889,True
seasonal_no_ml_baseline_2026-06-15_v2,Product Info for BRG_2026-06-01__seasonal_no_ml_baseline_2026-06-15_v2.xlsx,30070-SR4-XS,6,2026-07-19,2.03625,True
seasonal_no_ml_baseline_2026-06-15_v2,Product Info for BRG_2026-06-01__seasonal_no_ml_baseline_2026-06-15_v2.xlsx,30070-SR4-XS,7,2026-07-26,1.274027777777778,True
seasonal_no_ml_baseline_2026-06-15_v2,Product Info for BRG_2026-06-01__seasonal_no_ml_baseline_2026-06-15_v2.xlsx,30070-SR4-XS,8,2026-08-02,1.5462500000000001,True
seasonal_no_ml_baseline_2026-06-15_v2,Product Info for BRG_2026-06-01__seasonal_no_ml_baseline_2026-06-15_v2.xlsx,30070-SR4-XS,9,2026-08-09,2.0906944444444444,True
seasonal_no_ml_baseline_2026-06-15_v2,Product Info for BRG_2026-06-01__seasonal_no_ml_baseline_2026-06-15_v2.xlsx,30070-SR4-XS,10,2026-08-16,1.7640277777777778,True
seasonal_no_ml_baseline_2026-06-15_v2,Product Info for BRG_2026-06-01__seasonal_no_ml_baseline_2026-06-15_v2.xlsx,30070-SR4-XS,11,2026-08-23,1.274027777777778,True
seasonal_no_ml_baseline_2026-06-15_v2,Product Info for BRG_2026-06-01__seasonal_no_ml_baseline_2026-06-15_v2.xlsx,30070-SR4-XS,12,2026-08-30,1.3284722222222223,True
seasonal_no_ml_baseline_2026-06-15_v2,Product Info for BRG_2026-06-01__seasonal_no_ml_baseline_2026-06-15_v2.xlsx,30070-SR4-XS,13,2026-09-06,1.9818055555555556,True
seasonal_no_ml_baseline_2026-06-15_v2,Product Info for BRG_2026-06-01__seasonal_no_ml_baseline_2026-06-15_v2.xlsx,30070-SR4-XS,14,2026-09-13,2.1995833333333334,False
seasonal_no_ml_baseline_2026-06-15_v2,Product Info for BRG_2026-06-01__seasonal_no_ml_baseline_2026-06-15_v2.xlsx,30070-SR4-XS,15,2026-09-20,1.4918055555555556,False
seasonal_no_ml_baseline_2026-06-15_v2,Product Info for BRG_2026-06-01__seasonal_no_ml_baseline_2026-06-15_v2.xlsx,30070-SR4-XS,16,2026-09-27,1.2195833333333335,False
seasonal_no_ml_baseline_2026-06-15_v2,Product Info for BRG_2026-06-01__seasonal_no_ml_baseline_2026-06-15_v2.xlsx,30070-SR4-XS,17,2026-10-04,1.6006944444444446,False
seasonal_no_ml_baseline_2026-06-15_v2,Product Info for BRG_2026-06-01__seasonal_no_ml_baseline_2026-06-15_v2.xlsx,30070-SR4-XS,18,2026-10-11,1.7095833333333335,False
seasonal_no_ml_baseline_2026-06-15_v2,Product Info for BRG_2026-06-01__seasonal_no_ml_baseline_2026-06-15_v2.xlsx,30070-SR4-XS,19,2026-10-18,2.03625,False
seasonal_no_ml_baseline_2026-06-15_v2,Product Info for BRG_2026-06-01__seasonal_no_ml_baseline_2026-06-15_v2.xlsx,30070-SR4-XS,20,2026-10-25,1.9818055555555556,False
seasonal_no_ml_baseline_2026-06-15_v2,Product Info for BRG_2026-06-01__seasonal_no_ml_baseline_2026-06-15_v2.xlsx,30070-SR4-XS,21,2026-11-01,1.6006944444444446,False
seasonal_no_ml_baseline_2026-06-15_v2,Product Info for BRG_2026-06-01__seasonal_no_ml_baseline_2026-06-15_v2.xlsx,30070-SR4-XS,22,2026-11-08,1.6006944444444446,False
seasonal_no_ml_baseline_2026-06-15_v2,Product Info for BRG_2026-06-01__seasonal_no_ml_baseline_2026-06-15_v2.xlsx,30070-SR4-XS,23,2026-11-15,1.7095833333333335,False
seasonal_no_ml_baseline_2026-06-15_v2,Product Info for BRG_2026-06-01__seasonal_no_ml_baseline_2026-06-15_v2.xlsx,30070-SR4-XS,24,2026-11-22,2.308472222222222,False
seasonal_no_ml_baseline_2026-06-15_v2,Product Info for BRG_2026-06-01__seasonal_no_ml_baseline_2026-06-15_v2.xlsx,30070-SR4-XS,25,2026-11-29,2.689583333333333,False
seasonal_no_ml_baseline_2026-06-15_v2,Product Info for BRG_2026-06-01__seasonal_no_ml_baseline_2026-06-15_v2.xlsx,30070-SR4-XS,26,2026-12-06,2.254027777777778,False
seasonal_no_ml_baseline_2026-06-15_v2,Product Info for BRG_2026-06-01__seasonal_no_ml_baseline_2026-06-15_v2.xlsx,30070-SR4-XXL,1,2026-06-14,2.0,True
seasonal_no_ml_baseline_2026-06-15_v2,Product Info for BRG_2026-06-01__seasonal_no_ml_baseline_2026-06-15_v2.xlsx,30070-SR4-XXL,2,2026-06-21,0.5419444444444445,True
seasonal_no_ml_baseline_2026-06-15_v2,Product Info for BRG_2026-06-01__seasonal_no_ml_baseline_2026-06-15_v2.xlsx,30070-SR4-XXL,3,2026-06-28,0.596388888888889,True
seasonal_no_ml_baseline_2026-06-15_v2,Product Info for BRG_2026-06-01__seasonal_no_ml_baseline_2026-06-15_v2.xlsx,30070-SR4-XXL,4,2026-07-05,0.7052777777777778,True
seasonal_no_ml_baseline_2026-06-15_v2,Product Info for BRG_2026-06-01__seasonal_no_ml_baseline_2026-06-15_v2.xlsx,30070-SR4-XXL,5,2026-07-12,0.7052777777777778,True
seasonal_no_ml_baseline_2026-06-15_v2,Product Info for BRG_2026-06-01__seasonal_no_ml_baseline_2026-06-15_v2.xlsx,30070-SR4-XXL,6,2026-07-19,0.5419444444444445,True
seasonal_no_ml_baseline_2026-06-15_v2,Product Info for BRG_2026-06-01__seasonal_no_ml_baseline_2026-06-15_v2.xlsx,30070-SR4-XXL,7,2026-07-26,0.75,True
seasonal_no_ml_baseline_2026-06-15_v2,Product Info for BRG_2026-06-01__seasonal_no_ml_baseline_2026-06-15_v2.xlsx,30070-SR4-XXL,8,2026-08-02,0.596388888888889,True
seasonal_no_ml_baseline_2026-06-15_v2,Product Info for BRG_2026-06-01__seasonal_no_ml_baseline_2026-06-15_v2.xlsx,30070-SR4-XXL,9,2026-08-09,0.7052777777777778,True
seasonal_no_ml_baseline_2026-06-15_v2,Product Info for BRG_2026-06-01__seasonal_no_ml_baseline_2026-06-15_v2.xlsx,30070-SR4-XXL,10,2026-08-16,0.6508333333333334,True
seasonal_no_ml_baseline_2026-06-15_v2,Product Info for BRG_2026-06-01__seasonal_no_ml_baseline_2026-06-15_v2.xlsx,30070-SR4-XXL,11,2026-08-23,0.7597222222222222,True
seasonal_no_ml_baseline_2026-06-15_v2,Product Info for BRG_2026-06-01__seasonal_no_ml_baseline_2026-06-15_v2.xlsx,30070-SR4-XXL,12,2026-08-30,0.9230555555555555,True
seasonal_no_ml_baseline_2026-06-15_v2,Product Info for BRG_2026-06-01__seasonal_no_ml_baseline_2026-06-15_v2.xlsx,30070-SR4-XXL,13,2026-09-06,1.1408333333333334,True
seasonal_no_ml_baseline_2026-06-15_v2,Product Info for BRG_2026-06-01__seasonal_no_ml_baseline_2026-06-15_v2.xlsx,30070-SR4-XXL,14,2026-09-13,1.1952777777777777,False
seasonal_no_ml_baseline_2026-06-15_v2,Product Info for BRG_2026-06-01__seasonal_no_ml_baseline_2026-06-15_v2.xlsx,30070-SR4-XXL,15,2026-09-20,0.9230555555555555,False
seasonal_no_ml_baseline_2026-06-15_v2,Product Info for BRG_2026-06-01__seasonal_no_ml_baseline_2026-06-15_v2.xlsx,30070-SR4-XXL,16,2026-09-27,0.6508333333333334,False
seasonal_no_ml_baseline_2026-06-15_v2,Product Info for BRG_2026-06-01__seasonal_no_ml_baseline_2026-06-15_v2.xlsx,30070-SR4-XXL,17,2026-10-04,0.7597222222222222,False
seasonal_no_ml_baseline_2026-06-15_v2,Product Info for BRG_2026-06-01__seasonal_no_ml_baseline_2026-06-15_v2.xlsx,30070-SR4-XXL,18,2026-10-11,0.8141666666666667,False
seasonal_no_ml_baseline_2026-06-15_v2,Product Info for BRG_2026-06-01__seasonal_no_ml_baseline_2026-06-15_v2.xlsx,30070-SR4-XXL,19,2026-10-18,1.0319444444444446,False
seasonal_no_ml_baseline_2026-06-15_v2,Product Info for BRG_2026-06-01__seasonal_no_ml_baseline_2026-06-15_v2.xlsx,30070-SR4-XXL,20,2026-10-25,1.0319444444444446,False
seasonal_no_ml_baseline_2026-06-15_v2,Product Info for BRG_2026-06-01__seasonal_no_ml_baseline_2026-06-15_v2.xlsx,30070-SR4-XXL,21,2026-11-01,0.7597222222222222,False
seasonal_no_ml_baseline_2026-06-15_v2,Product Info for BRG_2026-06-01__seasonal_no_ml_baseline_2026-06-15_v2.xlsx,30070-SR4-XXL,22,2026-11-08,0.8141666666666667,False
seasonal_no_ml_baseline_2026-06-15_v2,Product Info for BRG_2026-06-01__seasonal_no_ml_baseline_2026-06-15_v2.xlsx,30070-SR4-XXL,23,2026-11-15,0.7597222222222222,False
seasonal_no_ml_baseline_2026-06-15_v2,Product Info for BRG_2026-06-01__seasonal_no_ml_baseline_2026-06-15_v2.xlsx,30070-SR4-XXL,24,2026-11-22,0.9230555555555555,False
seasonal_no_ml_baseline_2026-06-15_v2,Product Info for BRG_2026-06-01__seasonal_no_ml_baseline_2026-06-15_v2.xlsx,30070-SR4-XXL,25,2026-11-29,0.9775,False
seasonal_no_ml_baseline_2026-06-15_v2,Product Info for BRG_2026-06-01__seasonal_no_ml_baseline_2026-06-15_v2.xlsx,30070-SR4-XXL,26,2026-12-06,0.7597222222222222,False
seasonal_no_ml_baseline_2026-06-15_v2,Product Info for BRG_2026-06-01__seasonal_no_ml_baseline_2026-06-15_v2.xlsx,30070-U74-L,1,2026-06-14,2.0,True
seasonal_no_ml_baseline_2026-06-15_v2,Product Info for BRG_2026-06-01__seasonal_no_ml_baseline_2026-06-15_v2.xlsx,30070-U74-L,2,2026-06-21,0.0,True
seasonal_no_ml_baseline_2026-06-15_v2,Product Info for BRG_2026-06-01__seasonal_no_ml_baseline_2026-06-15_v2.xlsx,30070-U74-L,3,2026-06-28,0.0,True
seasonal_no_ml_baseline_2026-06-15_v2,Product Info for BRG_2026-06-01__seasonal_no_ml_baseline_2026-06-15_v2.xlsx,30070-U74-L,4,2026-07-05,0.0,True
seasonal_no_ml_baseline_2026-06-15_v2,Product Info for BRG_2026-06-01__seasonal_no_ml_baseline_2026-06-15_v2.xlsx,30070-U74-L,5,2026-07-12,0.0,True
seasonal_no_ml_baseline_2026-06-15_v2,Product Info for BRG_2026-06-01__seasonal_no_ml_baseline_2026-06-15_v2.xlsx,30070-U74-L,6,2026-07-19,0.0,True
seasonal_no_ml_baseline_2026-06-15_v2,Product Info for BRG_2026-06-01__seasonal_no_ml_baseline_2026-06-15_v2.xlsx,30070-U74-L,7,2026-07-26,0.0,True
seasonal_no_ml_baseline_2026-06-15_v2,Product Info for BRG_2026-06-01__seasonal_no_ml_baseline_2026-06-15_v2.xlsx,30070-U74-L,8,2026-08-02,0.3111111111111111,True
seasonal_no_ml_baseline_2026-06-15_v2,Product Info for BRG_2026-06-01__seasonal_no_ml_baseline_2026-06-15_v2.xlsx,30070-U74-L,9,2026-08-09,0.3111111111111111,True
seasonal_no_ml_baseline_2026-06-15_v2,Product Info for BRG_2026-06-01__seasonal_no_ml_baseline_2026-06-15_v2.xlsx,30070-U74-L,10,2026-08-16,0.0,True
seasonal_no_ml_baseline_2026-06-15_v2,Product Info for BRG_2026-06-01__seasonal_no_ml_baseline_2026-06-15_v2.xlsx,30070-U74-L,11,2026-08-23,0.0,True
seasonal_no_ml_baseline_2026-06-15_v2,Product Info for BRG_2026-06-01__seasonal_no_ml_baseline_2026-06-15_v2.xlsx,30070-U74-L,12,2026-08-30,0.6222222222222222,True
seasonal_no_ml_baseline_2026-06-15_v2,Product Info for BRG_2026-06-01__seasonal_no_ml_baseline_2026-06-15_v2.xlsx,30070-U74-L,13,2026-09-06,0.7777777777777778,True
seasonal_no_ml_baseline_2026-06-15_v2,Product Info for BRG_2026-06-01__seasonal_no_ml_baseline_2026-06-15_v2.xlsx,30070-U74-L,14,2026-09-13,0.6222222222222222,False
seasonal_no_ml_baseline_2026-06-15_v2,Product Info for BRG_2026-06-01__seasonal_no_ml_baseline_2026-06-15_v2.xlsx,30070-U74-L,15,2026-09-20,1.5555555555555556,False
seasonal_no_ml_baseline_2026-06-15_v2,Product Info for BRG_2026-06-01__seasonal_no_ml_baseline_2026-06-15_v2.xlsx,30070-U74-L,16,2026-09-27,17.733333333333334,False
seasonal_no_ml_baseline_2026-06-15_v2,Product Info for BRG_2026-06-01__seasonal_no_ml_baseline_2026-06-15_v2.xlsx,30070-U74-L,17,2026-10-04,19.599999999999998,False
seasonal_no_ml_baseline_2026-06-15_v2,Product Info for BRG_2026-06-01__seasonal_no_ml_baseline_2026-06-15_v2.xlsx,30070-U74-L,18,2026-10-11,12.133333333333333,False
seasonal_no_ml_baseline_2026-06-15_v2,Product Info for BRG_2026-06-01__seasonal_no_ml_baseline_2026-06-15_v2.xlsx,30070-U74-L,19,2026-10-18,23.333333333333332,False
seasonal_no_ml_baseline_2026-06-15_v2,Product Info for BRG_2026-06-01__seasonal_no_ml_baseline_2026-06-15_v2.xlsx,30070-U74-L,20,2026-10-25,25.044444444444444,False
seasonal_no_ml_baseline_2026-06-15_v2,Product Info for BRG_2026-06-01__seasonal_no_ml_baseline_2026-06-15_v2.xlsx,30070-U74-L,21,2026-11-01,27.066666666666666,False
seasonal_no_ml_baseline_2026-06-15_v2,Product Info for BRG_2026-06-01__seasonal_no_ml_baseline_2026-06-15_v2.xlsx,30070-U74-L,22,2026-11-08,44.17777777777778,False
seasonal_no_ml_baseline_2026-06-15_v2,Product Info for BRG_2026-06-01__seasonal_no_ml_baseline_2026-06-15_v2.xlsx,30070-U74-L,23,2026-11-15,60.355555555555554,False
seasonal_no_ml_baseline_2026-06-15_v2,Product Info for BRG_2026-06-01__seasonal_no_ml_baseline_2026-06-15_v2.xlsx,30070-U74-L,24,2026-11-22,63.77777777777778,False
seasonal_no_ml_baseline_2026-06-15_v2,Product Info for BRG_2026-06-01__seasonal_no_ml_baseline_2026-06-15_v2.xlsx,30070-U74-L,25,2026-11-29,52.42222222222222,False
seasonal_no_ml_baseline_2026-06-15_v2,Product Info for BRG_2026-06-01__seasonal_no_ml_baseline_2026-06-15_v2.xlsx,30070-U74-L,26,2026-12-06,37.8,False
seasonal_no_ml_baseline_2026-06-15_v2,Product Info for BRG_2026-06-01__seasonal_no_ml_baseline_2026-06-15_v2.xlsx,30070-U74-M,1,2026-06-14,2.0,True
seasonal_no_ml_baseline_2026-06-15_v2,Product Info for BRG_2026-06-01__seasonal_no_ml_baseline_2026-06-15_v2.xlsx,30070-U74-M,2,2026-06-21,0.15555555555555556,True
seasonal_no_ml_baseline_2026-06-15_v2,Product Info for BRG_2026-06-01__seasonal_no_ml_baseline_2026-06-15_v2.xlsx,30070-U74-M,3,2026-06-28,0.9333333333333333,True
seasonal_no_ml_baseline_2026-06-15_v2,Product Info for BRG_2026-06-01__seasonal_no_ml_baseline_2026-06-15_v2.xlsx,30070-U74-M,4,2026-07-05,2.1777777777777776,True
seasonal_no_ml_baseline_2026-06-15_v2,Product Info for BRG_2026-06-01__seasonal_no_ml_baseline_2026-06-15_v2.xlsx,30070-U74-M,5,2026-07-12,1.8666666666666667,True
seasonal_no_ml_baseline_2026-06-15_v2,Product Info for BRG_2026-06-01__seasonal_no_ml_baseline_2026-06-15_v2.xlsx,30070-U74-M,6,2026-07-19,0.4666666666666667,True
seasonal_no_ml_baseline_2026-06-15_v2,Product Info for BRG_2026-06-01__seasonal_no_ml_baseline_2026-06-15_v2.xlsx,30070-U74-M,7,2026-07-26,0.3111111111111111,True
seasonal_no_ml_baseline_2026-06-15_v2,Product Info for BRG_2026-06-01__seasonal_no_ml_baseline_2026-06-15_v2.xlsx,30070-U74-M,8,2026-08-02,0.15555555555555556,True
seasonal_no_ml_baseline_2026-06-15_v2,Product Info for BRG_2026-06-01__seasonal_no_ml_baseline_2026-06-15_v2.xlsx,30070-U74-M,9,2026-08-09,0.15555555555555556,True
seasonal_no_ml_baseline_2026-06-15_v2,Product Info for BRG_2026-06-01__seasonal_no_ml_baseline_2026-06-15_v2.xlsx,30070-U74-M,10,2026-08-16,1.2444444444444445,True
seasonal_no_ml_baseline_2026-06-15_v2,Product Info for BRG_2026-06-01__seasonal_no_ml_baseline_2026-06-15_v2.xlsx,30070-U74-M,11,2026-08-23,1.4,True
seasonal_no_ml_baseline_2026-06-15_v2,Product Info for BRG_2026-06-01__seasonal_no_ml_baseline_2026-06-15_v2.xlsx,30070-U74-M,12,2026-08-30,0.7777777777777778,True
seasonal_no_ml_baseline_2026-06-15_v2,Product Info for BRG_2026-06-01__seasonal_no_ml_baseline_2026-06-15_v2.xlsx,30070-U74-M,13,2026-09-06,2.1777777777777776,True
seasonal_no_ml_baseline_2026-06-15_v2,Product Info for BRG_2026-06-01__seasonal_no_ml_baseline_2026-06-15_v2.xlsx,30070-U74-M,14,2026-09-13,2.9555555555555553,False
seasonal_no_ml_baseline_2026-06-15_v2,Product Info for BRG_2026-06-01__seasonal_no_ml_baseline_2026-06-15_v2.xlsx,30070-U74-M,15,2026-09-20,2.1777777777777776,False
seasonal_no_ml_baseline_2026-06-15_v2,Product Info for BRG_2026-06-01__seasonal_no_ml_baseline_2026-06-15_v2.xlsx,30070-U74-M,16,2026-09-27,13.844444444444443,False
seasonal_no_ml_baseline_2026-06-15_v2,Product Info for BRG_2026-06-01__seasonal_no_ml_baseline_2026-06-15_v2.xlsx,30070-U74-M,17,2026-10-04,15.555555555555555,False
seasonal_no_ml_baseline_2026-06-15_v2,Product Info for BRG_2026-06-01__seasonal_no_ml_baseline_2026-06-15_v2.xlsx,30070-U74-M,18,2026-10-11,15.088888888888889,False
seasonal_no_ml_baseline_2026-06-15_v2,Product Info for BRG_2026-06-01__seasonal_no_ml_baseline_2026-06-15_v2.xlsx,30070-U74-M,19,2026-10-18,19.133333333333333,False
seasonal_no_ml_baseline_2026-06-15_v2,Product Info for BRG_2026-06-01__seasonal_no_ml_baseline_2026-06-15_v2.xlsx,30070-U74-M,20,2026-10-25,17.733333333333334,False
seasonal_no_ml_baseline_2026-06-15_v2,Product Info for BRG_2026-06-01__seasonal_no_ml_baseline_2026-06-15_v2.xlsx,30070-U74-M,21,2026-11-01,21.62222222222222,False
seasonal_no_ml_baseline_2026-06-15_v2,Product Info for BRG_2026-06-01__seasonal_no_ml_baseline_2026-06-15_v2.xlsx,30070-U74-M,22,2026-11-08,30.488888888888887,False
seasonal_no_ml_baseline_2026-06-15_v2,Product Info for BRG_2026-06-01__seasonal_no_ml_baseline_2026-06-15_v2.xlsx,30070-U74-M,23,2026-11-15,39.82222222222222,False
seasonal_no_ml_baseline_2026-06-15_v2,Product Info for BRG_2026-06-01__seasonal_no_ml_baseline_2026-06-15_v2.xlsx,30070-U74-M,24,2026-11-22,48.06666666666666,False
seasonal_no_ml_baseline_2026-06-15_v2,Product Info for BRG_2026-06-01__seasonal_no_ml_baseline_2026-06-15_v2.xlsx,30070-U74-M,25,2026-11-29,47.288888888888884,False
seasonal_no_ml_baseline_2026-06-15_v2,Product Info for BRG_2026-06-01__seasonal_no_ml_baseline_2026-06-15_v2.xlsx,30070-U74-M,26,2026-12-06,33.75555555555555,False
seasonal_no_ml_baseline_2026-06-15_v2,Product Info for BRG_2026-06-01__seasonal_no_ml_baseline_2026-06-15_v2.xlsx,30070-U74-S,1,2026-06-14,2.0,True
seasonal_no_ml_baseline_2026-06-15_v2,Product Info for BRG_2026-06-01__seasonal_no_ml_baseline_2026-06-15_v2.xlsx,30070-U74-S,2,2026-06-21,0.15555555555555556,True
seasonal_no_ml_baseline_2026-06-15_v2,Product Info for BRG_2026-06-01__seasonal_no_ml_baseline_2026-06-15_v2.xlsx,30070-U74-S,3,2026-06-28,0.9333333333333333,True
seasonal_no_ml_baseline_2026-06-15_v2,Product Info for BRG_2026-06-01__seasonal_no_ml_baseline_2026-06-15_v2.xlsx,30070-U74-S,4,2026-07-05,1.2444444444444445,True
seasonal_no_ml_baseline_2026-06-15_v2,Product Info for BRG_2026-06-01__seasonal_no_ml_baseline_2026-06-15_v2.xlsx,30070-U74-S,5,2026-07-12,1.0888888888888888,True
seasonal_no_ml_baseline_2026-06-15_v2,Product Info for BRG_2026-06-01__seasonal_no_ml_baseline_2026-06-15_v2.xlsx,30070-U74-S,6,2026-07-19,0.4666666666666667,True
seasonal_no_ml_baseline_2026-06-15_v2,Product Info for BRG_2026-06-01__seasonal_no_ml_baseline_2026-06-15_v2.xlsx,30070-U74-S,7,2026-07-26,0.4666666666666667,True
seasonal_no_ml_baseline_2026-06-15_v2,Product Info for BRG_2026-06-01__seasonal_no_ml_baseline_2026-06-15_v2.xlsx,30070-U74-S,8,2026-08-02,0.7777777777777778,True
seasonal_no_ml_baseline_2026-06-15_v2,Product Info for BRG_2026-06-01__seasonal_no_ml_baseline_2026-06-15_v2.xlsx,30070-U74-S,9,2026-08-09,1.0888888888888888,True
seasonal_no_ml_baseline_2026-06-15_v2,Product Info for BRG_2026-06-01__seasonal_no_ml_baseline_2026-06-15_v2.xlsx,30070-U74-S,10,2026-08-16,1.0888888888888888,True
seasonal_no_ml_baseline_2026-06-15_v2,Product Info for BRG_2026-06-01__seasonal_no_ml_baseline_2026-06-15_v2.xlsx,30070-U74-S,11,2026-08-23,0.7777777777777778,True
seasonal_no_ml_baseline_2026-06-15_v2,Product Info for BRG_2026-06-01__seasonal_no_ml_baseline_2026-06-15_v2.xlsx,30070-U74-S,12,2026-08-30,2.1777777777777776,True
seasonal_no_ml_baseline_2026-06-15_v2,Product Info for BRG_2026-06-01__seasonal_no_ml_baseline_2026-06-15_v2.xlsx,30070-U74-S,13,2026-09-06,2.9555555555555553,True
seasonal_no_ml_baseline_2026-06-15_v2,Product Info for BRG_2026-06-01__seasonal_no_ml_baseline_2026-06-15_v2.xlsx,30070-U74-S,14,2026-09-13,2.6444444444444444,False
seasonal_no_ml_baseline_2026-06-15_v2,Product Info for BRG_2026-06-01__seasonal_no_ml_baseline_2026-06-15_v2.xlsx,30070-U74-S,15,2026-09-20,3.111111111111111,False
seasonal_no_ml_baseline_2026-06-15_v2,Product Info for BRG_2026-06-01__seasonal_no_ml_baseline_2026-06-15_v2.xlsx,30070-U74-S,16,2026-09-27,10.422222222222222,False
seasonal_no_ml_baseline_2026-06-15_v2,Product Info for BRG_2026-06-01__seasonal_no_ml_baseline_2026-06-15_v2.xlsx,30070-U74-S,17,2026-10-04,10.577777777777778,False
seasonal_no_ml_baseline_2026-06-15_v2,Product Info for BRG_2026-06-01__seasonal_no_ml_baseline_2026-06-15_v2.xlsx,30070-U74-S,18,2026-10-11,6.377777777777777,False
seasonal_no_ml_baseline_2026-06-15_v2,Product Info for BRG_2026-06-01__seasonal_no_ml_baseline_2026-06-15_v2.xlsx,30070-U74-S,19,2026-10-18,8.866666666666667,False
seasonal_no_ml_baseline_2026-06-15_v2,Product Info for BRG_2026-06-01__seasonal_no_ml_baseline_2026-06-15_v2.xlsx,30070-U74-S,20,2026-10-25,9.022222222222222,False
seasonal_no_ml_baseline_2026-06-15_v2,Product Info for BRG_2026-06-01__seasonal_no_ml_baseline_2026-06-15_v2.xlsx,30070-U74-S,21,2026-11-01,11.666666666666666,False
seasonal_no_ml_baseline_2026-06-15_v2,Product Info for BRG_2026-06-01__seasonal_no_ml_baseline_2026-06-15_v2.xlsx,30070-U74-S,22,2026-11-08,14.0,False
seasonal_no_ml_baseline_2026-06-15_v2,Product Info for BRG_2026-06-01__seasonal_no_ml_baseline_2026-06-15_v2.xlsx,30070-U74-S,23,2026-11-15,17.42222222222222,False
seasonal_no_ml_baseline_2026-06-15_v2,Product Info for BRG_2026-06-01__seasonal_no_ml_baseline_2026-06-15_v2.xlsx,30070-U74-S,24,2026-11-22,23.488888888888887,False
seasonal_no_ml_baseline_2026-06-15_v2,Product Info for BRG_2026-06-01__seasonal_no_ml_baseline_2026-06-15_v2.xlsx,30070-U74-S,25,2026-11-29,34.22222222222222,False
seasonal_no_ml_baseline_2026-06-15_v2,Product Info for BRG_2026-06-01__seasonal_no_ml_baseline_2026-06-15_v2.xlsx,30070-U74-S,26,2026-12-06,38.888888888888886,False
seasonal_no_ml_baseline_2026-06-15_v2,Product Info for BRG_2026-06-01__seasonal_no_ml_baseline_2026-06-15_v2.xlsx,30070-U74-XL,1,2026-06-14,2.0,True
seasonal_no_ml_baseline_2026-06-15_v2,Product Info for BRG_2026-06-01__seasonal_no_ml_baseline_2026-06-15_v2.xlsx,30070-U74-XL,2,2026-06-21,0.0,True
seasonal_no_ml_baseline_2026-06-15_v2,Product Info for BRG_2026-06-01__seasonal_no_ml_baseline_2026-06-15_v2.xlsx,30070-U74-XL,3,2026-06-28,0.0,True
seasonal_no_ml_baseline_2026-06-15_v2,Product Info for BRG_2026-06-01__seasonal_no_ml_baseline_2026-06-15_v2.xlsx,30070-U74-XL,4,2026-07-05,0.0,True
seasonal_no_ml_baseline_2026-06-15_v2,Product Info for BRG_2026-06-01__seasonal_no_ml_baseline_2026-06-15_v2.xlsx,30070-U74-XL,5,2026-07-12,0.0,True
seasonal_no_ml_baseline_2026-06-15_v2,Product Info for BRG_2026-06-01__seasonal_no_ml_baseline_2026-06-15_v2.xlsx,30070-U74-XL,6,2026-07-19,0.0,True
seasonal_no_ml_baseline_2026-06-15_v2,Product Info for BRG_2026-06-01__seasonal_no_ml_baseline_2026-06-15_v2.xlsx,30070-U74-XL,7,2026-07-26,0.0,True
seasonal_no_ml_baseline_2026-06-15_v2,Product Info for BRG_2026-06-01__seasonal_no_ml_baseline_2026-06-15_v2.xlsx,30070-U74-XL,8,2026-08-02,0.15555555555555556,True
seasonal_no_ml_baseline_2026-06-15_v2,Product Info for BRG_2026-06-01__seasonal_no_ml_baseline_2026-06-15_v2.xlsx,30070-U74-XL,9,2026-08-09,0.15555555555555556,True
seasonal_no_ml_baseline_2026-06-15_v2,Product Info for BRG_2026-06-01__seasonal_no_ml_baseline_2026-06-15_v2.xlsx,30070-U74-XL,10,2026-08-16,0.0,True
seasonal_no_ml_baseline_2026-06-15_v2,Product Info for BRG_2026-06-01__seasonal_no_ml_baseline_2026-06-15_v2.xlsx,30070-U74-XL,11,2026-08-23,0.0,True
seasonal_no_ml_baseline_2026-06-15_v2,Product Info for BRG_2026-06-01__seasonal_no_ml_baseline_2026-06-15_v2.xlsx,30070-U74-XL,12,2026-08-30,0.6222222222222222,True
seasonal_no_ml_baseline_2026-06-15_v2,Product Info for BRG_2026-06-01__seasonal_no_ml_baseline_2026-06-15_v2.xlsx,30070-U74-XL,13,2026-09-06,0.6222222222222222,True
seasonal_no_ml_baseline_2026-06-15_v2,Product Info for BRG_2026-06-01__seasonal_no_ml_baseline_2026-06-15_v2.xlsx,30070-U74-XL,14,2026-09-13,0.4666666666666667,False
seasonal_no_ml_baseline_2026-06-15_v2,Product Info for BRG_2026-06-01__seasonal_no_ml_baseline_2026-06-15_v2.xlsx,30070-U74-XL,15,2026-09-20,0.6222222222222222,False
seasonal_no_ml_baseline_2026-06-15_v2,Product Info for BRG_2026-06-01__seasonal_no_ml_baseline_2026-06-15_v2.xlsx,30070-U74-XL,16,2026-09-27,7.155555555555555,False
seasonal_no_ml_baseline_2026-06-15_v2,Product Info for BRG_2026-06-01__seasonal_no_ml_baseline_2026-06-15_v2.xlsx,30070-U74-XL,17,2026-10-04,8.244444444444444,False
seasonal_no_ml_baseline_2026-06-15_v2,Product Info for BRG_2026-06-01__seasonal_no_ml_baseline_2026-06-15_v2.xlsx,30070-U74-XL,18,2026-10-11,6.066666666666666,False
seasonal_no_ml_baseline_2026-06-15_v2,Product Info for BRG_2026-06-01__seasonal_no_ml_baseline_2026-06-15_v2.xlsx,30070-U74-XL,19,2026-10-18,13.533333333333333,False
seasonal_no_ml_baseline_2026-06-15_v2,Product Info for BRG_2026-06-01__seasonal_no_ml_baseline_2026-06-15_v2.xlsx,30070-U74-XL,20,2026-10-25,15.088888888888889,False
seasonal_no_ml_baseline_2026-06-15_v2,Product Info for BRG_2026-06-01__seasonal_no_ml_baseline_2026-06-15_v2.xlsx,30070-U74-XL,21,2026-11-01,18.044444444444444,False
seasonal_no_ml_baseline_2026-06-15_v2,Product Info for BRG_2026-06-01__seasonal_no_ml_baseline_2026-06-15_v2.xlsx,30070-U74-XL,22,2026-11-08,27.066666666666666,False
seasonal_no_ml_baseline_2026-06-15_v2,Product Info for BRG_2026-06-01__seasonal_no_ml_baseline_2026-06-15_v2.xlsx,30070-U74-XL,23,2026-11-15,37.48888888888889,False
seasonal_no_ml_baseline_2026-06-15_v2,Product Info for BRG_2026-06-01__seasonal_no_ml_baseline_2026-06-15_v2.xlsx,30070-U74-XL,24,2026-11-22,37.955555555555556,False
seasonal_no_ml_baseline_2026-06-15_v2,Product Info for BRG_2026-06-01__seasonal_no_ml_baseline_2026-06-15_v2.xlsx,30070-U74-XL,25,2026-11-29,29.555555555555554,False
seasonal_no_ml_baseline_2026-06-15_v2,Product Info for BRG_2026-06-01__seasonal_no_ml_baseline_2026-06-15_v2.xlsx,30070-U74-XL,26,2026-12-06,23.8,False
seasonal_no_ml_baseline_2026-06-15_v2,Product Info for BRG_2026-06-01__seasonal_no_ml_baseline_2026-06-15_v2.xlsx,30070-U74-XS,1,2026-06-14,2.8000000000000003,True
seasonal_no_ml_baseline_2026-06-15_v2,Product Info for BRG_2026-06-01__seasonal_no_ml_baseline_2026-06-15_v2.xlsx,30070-U74-XS,2,2026-06-21,1.75,True
seasonal_no_ml_baseline_2026-06-15_v2,Product Info for BRG_2026-06-01__seasonal_no_ml_baseline_2026-06-15_v2.xlsx,30070-U74-XS,3,2026-06-28,1.4641666666666666,True
seasonal_no_ml_baseline_2026-06-15_v2,Product Info for BRG_2026-06-01__seasonal_no_ml_baseline_2026-06-15_v2.xlsx,30070-U74-XS,4,2026-07-05,1.5730555555555554,True
seasonal_no_ml_baseline_2026-06-15_v2,Product Info for BRG_2026-06-01__seasonal_no_ml_baseline_2026-06-15_v2.xlsx,30070-U74-XS,5,2026-07-12,1.3552777777777778,True
seasonal_no_ml_baseline_2026-06-15_v2,Product Info for BRG_2026-06-01__seasonal_no_ml_baseline_2026-06-15_v2.xlsx,30070-U74-XS,6,2026-07-19,1.2463888888888888,True
seasonal_no_ml_baseline_2026-06-15_v2,Product Info for BRG_2026-06-01__seasonal_no_ml_baseline_2026-06-15_v2.xlsx,30070-U74-XS,7,2026-07-26,1.1919444444444445,True
seasonal_no_ml_baseline_2026-06-15_v2,Product Info for BRG_2026-06-01__seasonal_no_ml_baseline_2026-06-15_v2.xlsx,30070-U74-XS,8,2026-08-02,1.1919444444444445,True
seasonal_no_ml_baseline_2026-06-15_v2,Product Info for BRG_2026-06-01__seasonal_no_ml_baseline_2026-06-15_v2.xlsx,30070-U74-XS,9,2026-08-09,1.2463888888888888,True
seasonal_no_ml_baseline_2026-06-15_v2,Product Info for BRG_2026-06-01__seasonal_no_ml_baseline_2026-06-15_v2.xlsx,30070-U74-XS,10,2026-08-16,1.3552777777777778,True
seasonal_no_ml_baseline_2026-06-15_v2,Product Info for BRG_2026-06-01__seasonal_no_ml_baseline_2026-06-15_v2.xlsx,30070-U74-XS,11,2026-08-23,1.409722222222222,True
seasonal_no_ml_baseline_2026-06-15_v2,Product Info for BRG_2026-06-01__seasonal_no_ml_baseline_2026-06-15_v2.xlsx,30070-U74-XS,12,2026-08-30,1.4641666666666666,True
seasonal_no_ml_baseline_2026-06-15_v2,Product Info for BRG_2026-06-01__seasonal_no_ml_baseline_2026-06-15_v2.xlsx,30070-U74-XS,13,2026-09-06,1.409722222222222,True
seasonal_no_ml_baseline_2026-06-15_v2,Product Info for BRG_2026-06-01__seasonal_no_ml_baseline_2026-06-15_v2.xlsx,30070-U74-XS,14,2026-09-13,1.3552777777777778,False
seasonal_no_ml_baseline_2026-06-15_v2,Product Info for BRG_2026-06-01__seasonal_no_ml_baseline_2026-06-15_v2.xlsx,30070-U74-XS,15,2026-09-20,1.3552777777777778,False
seasonal_no_ml_baseline_2026-06-15_v2,Product Info for BRG_2026-06-01__seasonal_no_ml_baseline_2026-06-15_v2.xlsx,30070-U74-XS,16,2026-09-27,2.1719444444444442,False
seasonal_no_ml_baseline_2026-06-15_v2,Product Info for BRG_2026-06-01__seasonal_no_ml_baseline_2026-06-15_v2.xlsx,30070-U74-XS,17,2026-10-04,2.2263888888888888,False
seasonal_no_ml_baseline_2026-06-15_v2,Product Info for BRG_2026-06-01__seasonal_no_ml_baseline_2026-06-15_v2.xlsx,30070-U74-XS,18,2026-10-11,1.9541666666666666,False
seasonal_no_ml_baseline_2026-06-15_v2,Product Info for BRG_2026-06-01__seasonal_no_ml_baseline_2026-06-15_v2.xlsx,30070-U74-XS,19,2026-10-18,2.498611111111111,False
seasonal_no_ml_baseline_2026-06-15_v2,Product Info for BRG_2026-06-01__seasonal_no_ml_baseline_2026-06-15_v2.xlsx,30070-U74-XS,20,2026-10-25,2.1174999999999997,False
seasonal_no_ml_baseline_2026-06-15_v2,Product Info for BRG_2026-06-01__seasonal_no_ml_baseline_2026-06-15_v2.xlsx,30070-U74-XS,21,2026-11-01,2.2808333333333333,False
seasonal_no_ml_baseline_2026-06-15_v2,Product Info for BRG_2026-06-01__seasonal_no_ml_baseline_2026-06-15_v2.xlsx,30070-U74-XS,22,2026-11-08,2.988611111111111,False
seasonal_no_ml_baseline_2026-06-15_v2,Product Info for BRG_2026-06-01__seasonal_no_ml_baseline_2026-06-15_v2.xlsx,30070-U74-XS,23,2026-11-15,3.5874999999999995,False
seasonal_no_ml_baseline_2026-06-15_v2,Product Info for BRG_2026-06-01__seasonal_no_ml_baseline_2026-06-15_v2.xlsx,30070-U74-XS,24,2026-11-22,4.295277777777778,False
seasonal_no_ml_baseline_2026-06-15_v2,Product Info for BRG_2026-06-01__seasonal_no_ml_baseline_2026-06-15_v2.xlsx,30070-U74-XS,25,2026-11-29,4.730833333333333,False
seasonal_no_ml_baseline_2026-06-15_v2,Product Info for BRG_2026-06-01__seasonal_no_ml_baseline_2026-06-15_v2.xlsx,30070-U74-XS,26,2026-12-06,3.8052777777777775,False
seasonal_no_ml_baseline_2026-06-15_v2,Product Info for BRG_2026-06-01__seasonal_no_ml_baseline_2026-06-15_v2.xlsx,30070-U74-XXL,1,2026-06-14,2.0,True
seasonal_no_ml_baseline_2026-06-15_v2,Product Info for BRG_2026-06-01__seasonal_no_ml_baseline_2026-06-15_v2.xlsx,30070-U74-XXL,2,2026-06-21,0.0,True
seasonal_no_ml_baseline_2026-06-15_v2,Product Info for BRG_2026-06-01__seasonal_no_ml_baseline_2026-06-15_v2.xlsx,30070-U74-XXL,3,2026-06-28,0.0,True
seasonal_no_ml_baseline_2026-06-15_v2,Product Info for BRG_2026-06-01__seasonal_no_ml_baseline_2026-06-15_v2.xlsx,30070-U74-XXL,4,2026-07-05,0.0,True
seasonal_no_ml_baseline_2026-06-15_v2,Product Info for BRG_2026-06-01__seasonal_no_ml_baseline_2026-06-15_v2.xlsx,30070-U74-XXL,5,2026-07-12,0.0,True
seasonal_no_ml_baseline_2026-06-15_v2,Product Info for BRG_2026-06-01__seasonal_no_ml_baseline_2026-06-15_v2.xlsx,30070-U74-XXL,6,2026-07-19,0.0,True
seasonal_no_ml_baseline_2026-06-15_v2,Product Info for BRG_2026-06-01__seasonal_no_ml_baseline_2026-06-15_v2.xlsx,30070-U74-XXL,7,2026-07-26,0.15555555555555556,True
seasonal_no_ml_baseline_2026-06-15_v2,Product Info for BRG_2026-06-01__seasonal_no_ml_baseline_2026-06-15_v2.xlsx,30070-U74-XXL,8,2026-08-02,0.3111111111111111,True
seasonal_no_ml_baseline_2026-06-15_v2,Product Info for BRG_2026-06-01__seasonal_no_ml_baseline_2026-06-15_v2.xlsx,30070-U74-XXL,9,2026-08-09,0.15555555555555556,True
seasonal_no_ml_baseline_2026-06-15_v2,Product Info for BRG_2026-06-01__seasonal_no_ml_baseline_2026-06-15_v2.xlsx,30070-U74-XXL,10,2026-08-16,0.0,True
seasonal_no_ml_baseline_2026-06-15_v2,Product Info for BRG_2026-06-01__seasonal_no_ml_baseline_2026-06-15_v2.xlsx,30070-U74-XXL,11,2026-08-23,0.0,True
seasonal_no_ml_baseline_2026-06-15_v2,Product Info for BRG_2026-06-01__seasonal_no_ml_baseline_2026-06-15_v2.xlsx,30070-U74-XXL,12,2026-08-30,0.0,True
seasonal_no_ml_baseline_2026-06-15_v2,Product Info for BRG_2026-06-01__seasonal_no_ml_baseline_2026-06-15_v2.xlsx,30070-U74-XXL,13,2026-09-06,0.0,True
seasonal_no_ml_baseline_2026-06-15_v2,Product Info for BRG_2026-06-01__seasonal_no_ml_baseline_2026-06-15_v2.xlsx,30070-U74-XXL,14,2026-09-13,0.3111111111111111,False
seasonal_no_ml_baseline_2026-06-15_v2,Product Info for BRG_2026-06-01__seasonal_no_ml_baseline_2026-06-15_v2.xlsx,30070-U74-XXL,15,2026-09-20,0.3111111111111111,False
seasonal_no_ml_baseline_2026-06-15_v2,Product Info for BRG_2026-06-01__seasonal_no_ml_baseline_2026-06-15_v2.xlsx,30070-U74-XXL,16,2026-09-27,4.511111111111111,False
seasonal_no_ml_baseline_2026-06-15_v2,Product Info for BRG_2026-06-01__seasonal_no_ml_baseline_2026-06-15_v2.xlsx,30070-U74-XXL,17,2026-10-04,4.977777777777778,False
seasonal_no_ml_baseline_2026-06-15_v2,Product Info for BRG_2026-06-01__seasonal_no_ml_baseline_2026-06-15_v2.xlsx,30070-U74-XXL,18,2026-10-11,1.5555555555555556,False
seasonal_no_ml_baseline_2026-06-15_v2,Product Info for BRG_2026-06-01__seasonal_no_ml_baseline_2026-06-15_v2.xlsx,30070-U74-XXL,19,2026-10-18,4.044444444444444,False
seasonal_no_ml_baseline_2026-06-15_v2,Product Info for BRG_2026-06-01__seasonal_no_ml_baseline_2026-06-15_v2.xlsx,30070-U74-XXL,20,2026-10-25,5.7555555555555555,False
seasonal_no_ml_baseline_2026-06-15_v2,Product Info for BRG_2026-06-01__seasonal_no_ml_baseline_2026-06-15_v2.xlsx,30070-U74-XXL,21,2026-11-01,7.311111111111111,False
seasonal_no_ml_baseline_2026-06-15_v2,Product Info for BRG_2026-06-01__seasonal_no_ml_baseline_2026-06-15_v2.xlsx,30070-U74-XXL,22,2026-11-08,11.666666666666666,False
seasonal_no_ml_baseline_2026-06-15_v2,Product Info for BRG_2026-06-01__seasonal_no_ml_baseline_2026-06-15_v2.xlsx,30070-U74-XXL,23,2026-11-15,14.466666666666667,False
seasonal_no_ml_baseline_2026-06-15_v2,Product Info for BRG_2026-06-01__seasonal_no_ml_baseline_2026-06-15_v2.xlsx,30070-U74-XXL,24,2026-11-22,14.777777777777777,False
seasonal_no_ml_baseline_2026-06-15_v2,Product Info for BRG_2026-06-01__seasonal_no_ml_baseline_2026-06-15_v2.xlsx,30070-U74-XXL,25,2026-11-29,14.933333333333334,False
seasonal_no_ml_baseline_2026-06-15_v2,Product Info for BRG_2026-06-01__seasonal_no_ml_baseline_2026-06-15_v2.xlsx,30070-U74-XXL,26,2026-12-06,11.822222222222221,False
seasonal_no_ml_baseline_2026-06-15_v2,Product Info for BRG_2026-06-01__seasonal_no_ml_baseline_2026-06-15_v2.xlsx,30071-GN1-L,1,2026-06-14,0.0,True
seasonal_no_ml_baseline_2026-06-15_v2,Product Info for BRG_2026-06-01__seasonal_no_ml_baseline_2026-06-15_v2.xlsx,30071-GN1-L,2,2026-06-21,0.0,True
seasonal_no_ml_baseline_2026-06-15_v2,Product Info for BRG_2026-06-01__seasonal_no_ml_baseline_2026-06-15_v2.xlsx,30071-GN1-L,3,2026-06-28,0.0,True
seasonal_no_ml_baseline_2026-06-15_v2,Product Info for BRG_2026-06-01__seasonal_no_ml_baseline_2026-06-15_v2.xlsx,30071-GN1-L,4,2026-07-05,0.0,True
seasonal_no_ml_baseline_2026-06-15_v2,Product Info for BRG_2026-06-01__seasonal_no_ml_baseline_2026-06-15_v2.xlsx,30071-GN1-L,5,2026-07-12,0.0,True
seasonal_no_ml_baseline_2026-06-15_v2,Product Info for BRG_2026-06-01__seasonal_no_ml_baseline_2026-06-15_v2.xlsx,30071-GN1-L,6,2026-07-19,0.0,True
seasonal_no_ml_baseline_2026-06-15_v2,Product Info for BRG_2026-06-01__seasonal_no_ml_baseline_2026-06-15_v2.xlsx,30071-GN1-L,7,2026-07-26,0.0,True
seasonal_no_ml_baseline_2026-06-15_v2,Product Info for BRG_2026-06-01__seasonal_no_ml_baseline_2026-06-15_v2.xlsx,30071-GN1-L,8,2026-08-02,0.0,True
seasonal_no_ml_baseline_2026-06-15_v2,Product Info for BRG_2026-06-01__seasonal_no_ml_baseline_2026-06-15_v2.xlsx,30071-GN1-L,9,2026-08-09,0.0,True
seasonal_no_ml_baseline_2026-06-15_v2,Product Info for BRG_2026-06-01__seasonal_no_ml_baseline_2026-06-15_v2.xlsx,30071-GN1-L,10,2026-08-16,0.0,True
seasonal_no_ml_baseline_2026-06-15_v2,Product Info for BRG_2026-06-01__seasonal_no_ml_baseline_2026-06-15_v2.xlsx,30071-GN1-L,11,2026-08-23,0.0,True
seasonal_no_ml_baseline_2026-06-15_v2,Product Info for BRG_2026-06-01__seasonal_no_ml_baseline_2026-06-15_v2.xlsx,30071-GN1-L,12,2026-08-30,0.0,True
