CandidateID,SourceWorkbook,SKU,WeekIndex,WeekStartDate,ForecastUnits,IsFirst13Weeks
no_ml_baseline_2026-06-15_v2,Product Info for BRG_2026-06-01__no_ml_baseline_2026-06-15_v2.xlsx,15233-EH2-30,1,2026-06-14,1.0,True
no_ml_baseline_2026-06-15_v2,Product Info for BRG_2026-06-01__no_ml_baseline_2026-06-15_v2.xlsx,15233-EH2-30,2,2026-06-21,0.0,True
no_ml_baseline_2026-06-15_v2,Product Info for BRG_2026-06-01__no_ml_baseline_2026-06-15_v2.xlsx,15233-EH2-30,3,2026-06-28,0.0,True
no_ml_baseline_2026-06-15_v2,Product Info for BRG_2026-06-01__no_ml_baseline_2026-06-15_v2.xlsx,15233-EH2-30,4,2026-07-05,0.0,True
no_ml_baseline_2026-06-15_v2,Product Info for BRG_2026-06-01__no_ml_baseline_2026-06-15_v2.xlsx,15233-EH2-30,5,2026-07-12,0.0,True
no_ml_baseline_2026-06-15_v2,Product Info for BRG_2026-06-01__no_ml_baseline_2026-06-15_v2.xlsx,15233-EH2-30,6,2026-07-19,0.0,True
no_ml_baseline_2026-06-15_v2,Product Info for BRG_2026-06-01__no_ml_baseline_2026-06-15_v2.xlsx,15233-EH2-30,7,2026-07-26,0.0,True
no_ml_baseline_2026-06-15_v2,Product Info for BRG_2026-06-01__no_ml_baseline_2026-06-15_v2.xlsx,15233-EH2-30,8,2026-08-02,0.0,True
no_ml_baseline_2026-06-15_v2,Product Info for BRG_2026-06-01__no_ml_baseline_2026-06-15_v2.xlsx,15233-EH2-30,9,2026-08-09,0.0,True
no_ml_baseline_2026-06-15_v2,Product Info for BRG_2026-06-01__no_ml_baseline_2026-06-15_v2.xlsx,15233-EH2-30,10,2026-08-16,0.0,True
no_ml_baseline_2026-06-15_v2,Product Info for BRG_2026-06-01__no_ml_baseline_2026-06-15_v2.xlsx,15233-EH2-30,11,2026-08-23,0.0,True
no_ml_baseline_2026-06-15_v2,Product Info for BRG_2026-06-01__no_ml_baseline_2026-06-15_v2.xlsx,15233-EH2-30,12,2026-08-30,0.0,True
no_ml_baseline_2026-06-15_v2,Product Info for BRG_2026-06-01__no_ml_baseline_2026-06-15_v2.xlsx,15233-EH2-30,13,2026-09-06,0.0,True
no_ml_baseline_2026-06-15_v2,Product Info for BRG_2026-06-01__no_ml_baseline_2026-06-15_v2.xlsx,15233-EH2-30,14,2026-09-13,0.0,False
no_ml_baseline_2026-06-15_v2,Product Info for BRG_2026-06-01__no_ml_baseline_2026-06-15_v2.xlsx,15233-EH2-30,15,2026-09-20,0.0,False
no_ml_baseline_2026-06-15_v2,Product Info for BRG_2026-06-01__no_ml_baseline_2026-06-15_v2.xlsx,15233-EH2-30,16,2026-09-27,0.0,False
no_ml_baseline_2026-06-15_v2,Product Info for BRG_2026-06-01__no_ml_baseline_2026-06-15_v2.xlsx,15233-EH2-30,17,2026-10-04,0.0,False
no_ml_baseline_2026-06-15_v2,Product Info for BRG_2026-06-01__no_ml_baseline_2026-06-15_v2.xlsx,15233-EH2-30,18,2026-10-11,0.0,False
no_ml_baseline_2026-06-15_v2,Product Info for BRG_2026-06-01__no_ml_baseline_2026-06-15_v2.xlsx,15233-EH2-30,19,2026-10-18,0.0,False
no_ml_baseline_2026-06-15_v2,Product Info for BRG_2026-06-01__no_ml_baseline_2026-06-15_v2.xlsx,15233-EH2-30,20,2026-10-25,0.0,False
no_ml_baseline_2026-06-15_v2,Product Info for BRG_2026-06-01__no_ml_baseline_2026-06-15_v2.xlsx,15233-EH2-30,21,2026-11-01,0.0,False
no_ml_baseline_2026-06-15_v2,Product Info for BRG_2026-06-01__no_ml_baseline_2026-06-15_v2.xlsx,15233-EH2-30,22,2026-11-08,0.0,False
no_ml_baseline_2026-06-15_v2,Product Info for BRG_2026-06-01__no_ml_baseline_2026-06-15_v2.xlsx,15233-EH2-30,23,2026-11-15,0.0,False
no_ml_baseline_2026-06-15_v2,Product Info for BRG_2026-06-01__no_ml_baseline_2026-06-15_v2.xlsx,15233-EH2-30,24,2026-11-22,0.0,False
no_ml_baseline_2026-06-15_v2,Product Info for BRG_2026-06-01__no_ml_baseline_2026-06-15_v2.xlsx,15233-EH2-30,25,2026-11-29,0.0,False
no_ml_baseline_2026-06-15_v2,Product Info for BRG_2026-06-01__no_ml_baseline_2026-06-15_v2.xlsx,15233-EH2-30,26,2026-12-06,0.0,False
no_ml_baseline_2026-06-15_v2,Product Info for BRG_2026-06-01__no_ml_baseline_2026-06-15_v2.xlsx,28554-011-1,1,2026-06-14,1.0,True
no_ml_baseline_2026-06-15_v2,Product Info for BRG_2026-06-01__no_ml_baseline_2026-06-15_v2.xlsx,28554-011-1,2,2026-06-21,0.0,True
no_ml_baseline_2026-06-15_v2,Product Info for BRG_2026-06-01__no_ml_baseline_2026-06-15_v2.xlsx,28554-011-1,3,2026-06-28,0.0,True
no_ml_baseline_2026-06-15_v2,Product Info for BRG_2026-06-01__no_ml_baseline_2026-06-15_v2.xlsx,28554-011-1,4,2026-07-05,0.0,True
no_ml_baseline_2026-06-15_v2,Product Info for BRG_2026-06-01__no_ml_baseline_2026-06-15_v2.xlsx,28554-011-1,5,2026-07-12,0.0,True
no_ml_baseline_2026-06-15_v2,Product Info for BRG_2026-06-01__no_ml_baseline_2026-06-15_v2.xlsx,28554-011-1,6,2026-07-19,0.0,True
no_ml_baseline_2026-06-15_v2,Product Info for BRG_2026-06-01__no_ml_baseline_2026-06-15_v2.xlsx,28554-011-1,7,2026-07-26,0.0,True
no_ml_baseline_2026-06-15_v2,Product Info for BRG_2026-06-01__no_ml_baseline_2026-06-15_v2.xlsx,28554-011-1,8,2026-08-02,0.0,True
no_ml_baseline_2026-06-15_v2,Product Info for BRG_2026-06-01__no_ml_baseline_2026-06-15_v2.xlsx,28554-011-1,9,2026-08-09,0.0,True
no_ml_baseline_2026-06-15_v2,Product Info for BRG_2026-06-01__no_ml_baseline_2026-06-15_v2.xlsx,28554-011-1,10,2026-08-16,0.0,True
no_ml_baseline_2026-06-15_v2,Product Info for BRG_2026-06-01__no_ml_baseline_2026-06-15_v2.xlsx,28554-011-1,11,2026-08-23,0.0,True
no_ml_baseline_2026-06-15_v2,Product Info for BRG_2026-06-01__no_ml_baseline_2026-06-15_v2.xlsx,28554-011-1,12,2026-08-30,0.0,True
no_ml_baseline_2026-06-15_v2,Product Info for BRG_2026-06-01__no_ml_baseline_2026-06-15_v2.xlsx,28554-011-1,13,2026-09-06,0.0,True
no_ml_baseline_2026-06-15_v2,Product Info for BRG_2026-06-01__no_ml_baseline_2026-06-15_v2.xlsx,28554-011-1,14,2026-09-13,0.0,False
no_ml_baseline_2026-06-15_v2,Product Info for BRG_2026-06-01__no_ml_baseline_2026-06-15_v2.xlsx,28554-011-1,15,2026-09-20,0.0,False
no_ml_baseline_2026-06-15_v2,Product Info for BRG_2026-06-01__no_ml_baseline_2026-06-15_v2.xlsx,28554-011-1,16,2026-09-27,0.0,False
no_ml_baseline_2026-06-15_v2,Product Info for BRG_2026-06-01__no_ml_baseline_2026-06-15_v2.xlsx,28554-011-1,17,2026-10-04,0.0,False
no_ml_baseline_2026-06-15_v2,Product Info for BRG_2026-06-01__no_ml_baseline_2026-06-15_v2.xlsx,28554-011-1,18,2026-10-11,0.0,False
no_ml_baseline_2026-06-15_v2,Product Info for BRG_2026-06-01__no_ml_baseline_2026-06-15_v2.xlsx,28554-011-1,19,2026-10-18,0.0,False
no_ml_baseline_2026-06-15_v2,Product Info for BRG_2026-06-01__no_ml_baseline_2026-06-15_v2.xlsx,28554-011-1,20,2026-10-25,0.0,False
no_ml_baseline_2026-06-15_v2,Product Info for BRG_2026-06-01__no_ml_baseline_2026-06-15_v2.xlsx,28554-011-1,21,2026-11-01,0.0,False
no_ml_baseline_2026-06-15_v2,Product Info for BRG_2026-06-01__no_ml_baseline_2026-06-15_v2.xlsx,28554-011-1,22,2026-11-08,0.0,False
no_ml_baseline_2026-06-15_v2,Product Info for BRG_2026-06-01__no_ml_baseline_2026-06-15_v2.xlsx,28554-011-1,23,2026-11-15,0.0,False
no_ml_baseline_2026-06-15_v2,Product Info for BRG_2026-06-01__no_ml_baseline_2026-06-15_v2.xlsx,28554-011-1,24,2026-11-22,0.0,False
no_ml_baseline_2026-06-15_v2,Product Info for BRG_2026-06-01__no_ml_baseline_2026-06-15_v2.xlsx,28554-011-1,25,2026-11-29,0.0,False
no_ml_baseline_2026-06-15_v2,Product Info for BRG_2026-06-01__no_ml_baseline_2026-06-15_v2.xlsx,28554-011-1,26,2026-12-06,0.0,False
no_ml_baseline_2026-06-15_v2,Product Info for BRG_2026-06-01__no_ml_baseline_2026-06-15_v2.xlsx,28554-M23-1,1,2026-06-14,1.0,True
no_ml_baseline_2026-06-15_v2,Product Info for BRG_2026-06-01__no_ml_baseline_2026-06-15_v2.xlsx,28554-M23-1,2,2026-06-21,0.0,True
no_ml_baseline_2026-06-15_v2,Product Info for BRG_2026-06-01__no_ml_baseline_2026-06-15_v2.xlsx,28554-M23-1,3,2026-06-28,0.0,True
no_ml_baseline_2026-06-15_v2,Product Info for BRG_2026-06-01__no_ml_baseline_2026-06-15_v2.xlsx,28554-M23-1,4,2026-07-05,0.0,True
no_ml_baseline_2026-06-15_v2,Product Info for BRG_2026-06-01__no_ml_baseline_2026-06-15_v2.xlsx,28554-M23-1,5,2026-07-12,0.0,True
no_ml_baseline_2026-06-15_v2,Product Info for BRG_2026-06-01__no_ml_baseline_2026-06-15_v2.xlsx,28554-M23-1,6,2026-07-19,0.0,True
no_ml_baseline_2026-06-15_v2,Product Info for BRG_2026-06-01__no_ml_baseline_2026-06-15_v2.xlsx,28554-M23-1,7,2026-07-26,0.0,True
no_ml_baseline_2026-06-15_v2,Product Info for BRG_2026-06-01__no_ml_baseline_2026-06-15_v2.xlsx,28554-M23-1,8,2026-08-02,0.0,True
no_ml_baseline_2026-06-15_v2,Product Info for BRG_2026-06-01__no_ml_baseline_2026-06-15_v2.xlsx,28554-M23-1,9,2026-08-09,0.0,True
no_ml_baseline_2026-06-15_v2,Product Info for BRG_2026-06-01__no_ml_baseline_2026-06-15_v2.xlsx,28554-M23-1,10,2026-08-16,0.0,True
no_ml_baseline_2026-06-15_v2,Product Info for BRG_2026-06-01__no_ml_baseline_2026-06-15_v2.xlsx,28554-M23-1,11,2026-08-23,0.0,True
no_ml_baseline_2026-06-15_v2,Product Info for BRG_2026-06-01__no_ml_baseline_2026-06-15_v2.xlsx,28554-M23-1,12,2026-08-30,0.0,True
no_ml_baseline_2026-06-15_v2,Product Info for BRG_2026-06-01__no_ml_baseline_2026-06-15_v2.xlsx,28554-M23-1,13,2026-09-06,0.0,True
no_ml_baseline_2026-06-15_v2,Product Info for BRG_2026-06-01__no_ml_baseline_2026-06-15_v2.xlsx,28554-M23-1,14,2026-09-13,0.0,False
no_ml_baseline_2026-06-15_v2,Product Info for BRG_2026-06-01__no_ml_baseline_2026-06-15_v2.xlsx,28554-M23-1,15,2026-09-20,0.0,False
no_ml_baseline_2026-06-15_v2,Product Info for BRG_2026-06-01__no_ml_baseline_2026-06-15_v2.xlsx,28554-M23-1,16,2026-09-27,0.0,False
no_ml_baseline_2026-06-15_v2,Product Info for BRG_2026-06-01__no_ml_baseline_2026-06-15_v2.xlsx,28554-M23-1,17,2026-10-04,0.0,False
no_ml_baseline_2026-06-15_v2,Product Info for BRG_2026-06-01__no_ml_baseline_2026-06-15_v2.xlsx,28554-M23-1,18,2026-10-11,0.0,False
no_ml_baseline_2026-06-15_v2,Product Info for BRG_2026-06-01__no_ml_baseline_2026-06-15_v2.xlsx,28554-M23-1,19,2026-10-18,0.0,False
no_ml_baseline_2026-06-15_v2,Product Info for BRG_2026-06-01__no_ml_baseline_2026-06-15_v2.xlsx,28554-M23-1,20,2026-10-25,0.0,False
no_ml_baseline_2026-06-15_v2,Product Info for BRG_2026-06-01__no_ml_baseline_2026-06-15_v2.xlsx,28554-M23-1,21,2026-11-01,0.0,False
no_ml_baseline_2026-06-15_v2,Product Info for BRG_2026-06-01__no_ml_baseline_2026-06-15_v2.xlsx,28554-M23-1,22,2026-11-08,0.0,False
no_ml_baseline_2026-06-15_v2,Product Info for BRG_2026-06-01__no_ml_baseline_2026-06-15_v2.xlsx,28554-M23-1,23,2026-11-15,0.0,False
no_ml_baseline_2026-06-15_v2,Product Info for BRG_2026-06-01__no_ml_baseline_2026-06-15_v2.xlsx,28554-M23-1,24,2026-11-22,0.0,False
no_ml_baseline_2026-06-15_v2,Product Info for BRG_2026-06-01__no_ml_baseline_2026-06-15_v2.xlsx,28554-M23-1,25,2026-11-29,0.0,False
no_ml_baseline_2026-06-15_v2,Product Info for BRG_2026-06-01__no_ml_baseline_2026-06-15_v2.xlsx,28554-M23-1,26,2026-12-06,0.0,False
no_ml_baseline_2026-06-15_v2,Product Info for BRG_2026-06-01__no_ml_baseline_2026-06-15_v2.xlsx,30070-011-L,1,2026-06-14,10.0,True
no_ml_baseline_2026-06-15_v2,Product Info for BRG_2026-06-01__no_ml_baseline_2026-06-15_v2.xlsx,30070-011-L,2,2026-06-21,2.25,True
no_ml_baseline_2026-06-15_v2,Product Info for BRG_2026-06-01__no_ml_baseline_2026-06-15_v2.xlsx,30070-011-L,3,2026-06-28,2.25,True
no_ml_baseline_2026-06-15_v2,Product Info for BRG_2026-06-01__no_ml_baseline_2026-06-15_v2.xlsx,30070-011-L,4,2026-07-05,2.25,True
no_ml_baseline_2026-06-15_v2,Product Info for BRG_2026-06-01__no_ml_baseline_2026-06-15_v2.xlsx,30070-011-L,5,2026-07-12,2.25,True
no_ml_baseline_2026-06-15_v2,Product Info for BRG_2026-06-01__no_ml_baseline_2026-06-15_v2.xlsx,30070-011-L,6,2026-07-19,2.25,True
no_ml_baseline_2026-06-15_v2,Product Info for BRG_2026-06-01__no_ml_baseline_2026-06-15_v2.xlsx,30070-011-L,7,2026-07-26,2.25,True
no_ml_baseline_2026-06-15_v2,Product Info for BRG_2026-06-01__no_ml_baseline_2026-06-15_v2.xlsx,30070-011-L,8,2026-08-02,2.25,True
no_ml_baseline_2026-06-15_v2,Product Info for BRG_2026-06-01__no_ml_baseline_2026-06-15_v2.xlsx,30070-011-L,9,2026-08-09,2.25,True
no_ml_baseline_2026-06-15_v2,Product Info for BRG_2026-06-01__no_ml_baseline_2026-06-15_v2.xlsx,30070-011-L,10,2026-08-16,2.25,True
no_ml_baseline_2026-06-15_v2,Product Info for BRG_2026-06-01__no_ml_baseline_2026-06-15_v2.xlsx,30070-011-L,11,2026-08-23,2.25,True
no_ml_baseline_2026-06-15_v2,Product Info for BRG_2026-06-01__no_ml_baseline_2026-06-15_v2.xlsx,30070-011-L,12,2026-08-30,2.25,True
no_ml_baseline_2026-06-15_v2,Product Info for BRG_2026-06-01__no_ml_baseline_2026-06-15_v2.xlsx,30070-011-L,13,2026-09-06,2.25,True
no_ml_baseline_2026-06-15_v2,Product Info for BRG_2026-06-01__no_ml_baseline_2026-06-15_v2.xlsx,30070-011-L,14,2026-09-13,2.25,False
no_ml_baseline_2026-06-15_v2,Product Info for BRG_2026-06-01__no_ml_baseline_2026-06-15_v2.xlsx,30070-011-L,15,2026-09-20,2.25,False
no_ml_baseline_2026-06-15_v2,Product Info for BRG_2026-06-01__no_ml_baseline_2026-06-15_v2.xlsx,30070-011-L,16,2026-09-27,2.25,False
no_ml_baseline_2026-06-15_v2,Product Info for BRG_2026-06-01__no_ml_baseline_2026-06-15_v2.xlsx,30070-011-L,17,2026-10-04,2.25,False
no_ml_baseline_2026-06-15_v2,Product Info for BRG_2026-06-01__no_ml_baseline_2026-06-15_v2.xlsx,30070-011-L,18,2026-10-11,2.25,False
no_ml_baseline_2026-06-15_v2,Product Info for BRG_2026-06-01__no_ml_baseline_2026-06-15_v2.xlsx,30070-011-L,19,2026-10-18,2.25,False
no_ml_baseline_2026-06-15_v2,Product Info for BRG_2026-06-01__no_ml_baseline_2026-06-15_v2.xlsx,30070-011-L,20,2026-10-25,2.25,False
no_ml_baseline_2026-06-15_v2,Product Info for BRG_2026-06-01__no_ml_baseline_2026-06-15_v2.xlsx,30070-011-L,21,2026-11-01,2.25,False
no_ml_baseline_2026-06-15_v2,Product Info for BRG_2026-06-01__no_ml_baseline_2026-06-15_v2.xlsx,30070-011-L,22,2026-11-08,2.25,False
no_ml_baseline_2026-06-15_v2,Product Info for BRG_2026-06-01__no_ml_baseline_2026-06-15_v2.xlsx,30070-011-L,23,2026-11-15,2.25,False
no_ml_baseline_2026-06-15_v2,Product Info for BRG_2026-06-01__no_ml_baseline_2026-06-15_v2.xlsx,30070-011-L,24,2026-11-22,2.25,False
no_ml_baseline_2026-06-15_v2,Product Info for BRG_2026-06-01__no_ml_baseline_2026-06-15_v2.xlsx,30070-011-L,25,2026-11-29,2.25,False
no_ml_baseline_2026-06-15_v2,Product Info for BRG_2026-06-01__no_ml_baseline_2026-06-15_v2.xlsx,30070-011-L,26,2026-12-06,2.25,False
no_ml_baseline_2026-06-15_v2,Product Info for BRG_2026-06-01__no_ml_baseline_2026-06-15_v2.xlsx,30070-011-M,1,2026-06-14,10.0,True
no_ml_baseline_2026-06-15_v2,Product Info for BRG_2026-06-01__no_ml_baseline_2026-06-15_v2.xlsx,30070-011-M,2,2026-06-21,2.75,True
no_ml_baseline_2026-06-15_v2,Product Info for BRG_2026-06-01__no_ml_baseline_2026-06-15_v2.xlsx,30070-011-M,3,2026-06-28,2.75,True
no_ml_baseline_2026-06-15_v2,Product Info for BRG_2026-06-01__no_ml_baseline_2026-06-15_v2.xlsx,30070-011-M,4,2026-07-05,2.75,True
no_ml_baseline_2026-06-15_v2,Product Info for BRG_2026-06-01__no_ml_baseline_2026-06-15_v2.xlsx,30070-011-M,5,2026-07-12,2.75,True
no_ml_baseline_2026-06-15_v2,Product Info for BRG_2026-06-01__no_ml_baseline_2026-06-15_v2.xlsx,30070-011-M,6,2026-07-19,2.75,True
no_ml_baseline_2026-06-15_v2,Product Info for BRG_2026-06-01__no_ml_baseline_2026-06-15_v2.xlsx,30070-011-M,7,2026-07-26,2.75,True
no_ml_baseline_2026-06-15_v2,Product Info for BRG_2026-06-01__no_ml_baseline_2026-06-15_v2.xlsx,30070-011-M,8,2026-08-02,2.75,True
no_ml_baseline_2026-06-15_v2,Product Info for BRG_2026-06-01__no_ml_baseline_2026-06-15_v2.xlsx,30070-011-M,9,2026-08-09,2.75,True
no_ml_baseline_2026-06-15_v2,Product Info for BRG_2026-06-01__no_ml_baseline_2026-06-15_v2.xlsx,30070-011-M,10,2026-08-16,2.75,True
no_ml_baseline_2026-06-15_v2,Product Info for BRG_2026-06-01__no_ml_baseline_2026-06-15_v2.xlsx,30070-011-M,11,2026-08-23,2.75,True
no_ml_baseline_2026-06-15_v2,Product Info for BRG_2026-06-01__no_ml_baseline_2026-06-15_v2.xlsx,30070-011-M,12,2026-08-30,2.75,True
no_ml_baseline_2026-06-15_v2,Product Info for BRG_2026-06-01__no_ml_baseline_2026-06-15_v2.xlsx,30070-011-M,13,2026-09-06,2.75,True
no_ml_baseline_2026-06-15_v2,Product Info for BRG_2026-06-01__no_ml_baseline_2026-06-15_v2.xlsx,30070-011-M,14,2026-09-13,2.75,False
no_ml_baseline_2026-06-15_v2,Product Info for BRG_2026-06-01__no_ml_baseline_2026-06-15_v2.xlsx,30070-011-M,15,2026-09-20,2.75,False
no_ml_baseline_2026-06-15_v2,Product Info for BRG_2026-06-01__no_ml_baseline_2026-06-15_v2.xlsx,30070-011-M,16,2026-09-27,2.75,False
no_ml_baseline_2026-06-15_v2,Product Info for BRG_2026-06-01__no_ml_baseline_2026-06-15_v2.xlsx,30070-011-M,17,2026-10-04,2.75,False
no_ml_baseline_2026-06-15_v2,Product Info for BRG_2026-06-01__no_ml_baseline_2026-06-15_v2.xlsx,30070-011-M,18,2026-10-11,2.75,False
no_ml_baseline_2026-06-15_v2,Product Info for BRG_2026-06-01__no_ml_baseline_2026-06-15_v2.xlsx,30070-011-M,19,2026-10-18,2.75,False
no_ml_baseline_2026-06-15_v2,Product Info for BRG_2026-06-01__no_ml_baseline_2026-06-15_v2.xlsx,30070-011-M,20,2026-10-25,2.75,False
no_ml_baseline_2026-06-15_v2,Product Info for BRG_2026-06-01__no_ml_baseline_2026-06-15_v2.xlsx,30070-011-M,21,2026-11-01,2.75,False
no_ml_baseline_2026-06-15_v2,Product Info for BRG_2026-06-01__no_ml_baseline_2026-06-15_v2.xlsx,30070-011-M,22,2026-11-08,2.75,False
no_ml_baseline_2026-06-15_v2,Product Info for BRG_2026-06-01__no_ml_baseline_2026-06-15_v2.xlsx,30070-011-M,23,2026-11-15,2.75,False
no_ml_baseline_2026-06-15_v2,Product Info for BRG_2026-06-01__no_ml_baseline_2026-06-15_v2.xlsx,30070-011-M,24,2026-11-22,2.75,False
no_ml_baseline_2026-06-15_v2,Product Info for BRG_2026-06-01__no_ml_baseline_2026-06-15_v2.xlsx,30070-011-M,25,2026-11-29,2.75,False
no_ml_baseline_2026-06-15_v2,Product Info for BRG_2026-06-01__no_ml_baseline_2026-06-15_v2.xlsx,30070-011-M,26,2026-12-06,2.75,False
no_ml_baseline_2026-06-15_v2,Product Info for BRG_2026-06-01__no_ml_baseline_2026-06-15_v2.xlsx,30070-011-S,1,2026-06-14,10.0,True
no_ml_baseline_2026-06-15_v2,Product Info for BRG_2026-06-01__no_ml_baseline_2026-06-15_v2.xlsx,30070-011-S,2,2026-06-21,0.0,True
no_ml_baseline_2026-06-15_v2,Product Info for BRG_2026-06-01__no_ml_baseline_2026-06-15_v2.xlsx,30070-011-S,3,2026-06-28,0.0,True
no_ml_baseline_2026-06-15_v2,Product Info for BRG_2026-06-01__no_ml_baseline_2026-06-15_v2.xlsx,30070-011-S,4,2026-07-05,0.0,True
no_ml_baseline_2026-06-15_v2,Product Info for BRG_2026-06-01__no_ml_baseline_2026-06-15_v2.xlsx,30070-011-S,5,2026-07-12,0.0,True
no_ml_baseline_2026-06-15_v2,Product Info for BRG_2026-06-01__no_ml_baseline_2026-06-15_v2.xlsx,30070-011-S,6,2026-07-19,0.0,True
no_ml_baseline_2026-06-15_v2,Product Info for BRG_2026-06-01__no_ml_baseline_2026-06-15_v2.xlsx,30070-011-S,7,2026-07-26,0.0,True
no_ml_baseline_2026-06-15_v2,Product Info for BRG_2026-06-01__no_ml_baseline_2026-06-15_v2.xlsx,30070-011-S,8,2026-08-02,0.0,True
no_ml_baseline_2026-06-15_v2,Product Info for BRG_2026-06-01__no_ml_baseline_2026-06-15_v2.xlsx,30070-011-S,9,2026-08-09,0.0,True
no_ml_baseline_2026-06-15_v2,Product Info for BRG_2026-06-01__no_ml_baseline_2026-06-15_v2.xlsx,30070-011-S,10,2026-08-16,0.0,True
no_ml_baseline_2026-06-15_v2,Product Info for BRG_2026-06-01__no_ml_baseline_2026-06-15_v2.xlsx,30070-011-S,11,2026-08-23,0.0,True
no_ml_baseline_2026-06-15_v2,Product Info for BRG_2026-06-01__no_ml_baseline_2026-06-15_v2.xlsx,30070-011-S,12,2026-08-30,0.0,True
no_ml_baseline_2026-06-15_v2,Product Info for BRG_2026-06-01__no_ml_baseline_2026-06-15_v2.xlsx,30070-011-S,13,2026-09-06,0.0,True
no_ml_baseline_2026-06-15_v2,Product Info for BRG_2026-06-01__no_ml_baseline_2026-06-15_v2.xlsx,30070-011-S,14,2026-09-13,0.0,False
no_ml_baseline_2026-06-15_v2,Product Info for BRG_2026-06-01__no_ml_baseline_2026-06-15_v2.xlsx,30070-011-S,15,2026-09-20,0.0,False
no_ml_baseline_2026-06-15_v2,Product Info for BRG_2026-06-01__no_ml_baseline_2026-06-15_v2.xlsx,30070-011-S,16,2026-09-27,0.0,False
no_ml_baseline_2026-06-15_v2,Product Info for BRG_2026-06-01__no_ml_baseline_2026-06-15_v2.xlsx,30070-011-S,17,2026-10-04,0.0,False
no_ml_baseline_2026-06-15_v2,Product Info for BRG_2026-06-01__no_ml_baseline_2026-06-15_v2.xlsx,30070-011-S,18,2026-10-11,0.0,False
no_ml_baseline_2026-06-15_v2,Product Info for BRG_2026-06-01__no_ml_baseline_2026-06-15_v2.xlsx,30070-011-S,19,2026-10-18,0.0,False
no_ml_baseline_2026-06-15_v2,Product Info for BRG_2026-06-01__no_ml_baseline_2026-06-15_v2.xlsx,30070-011-S,20,2026-10-25,0.0,False
no_ml_baseline_2026-06-15_v2,Product Info for BRG_2026-06-01__no_ml_baseline_2026-06-15_v2.xlsx,30070-011-S,21,2026-11-01,0.0,False
no_ml_baseline_2026-06-15_v2,Product Info for BRG_2026-06-01__no_ml_baseline_2026-06-15_v2.xlsx,30070-011-S,22,2026-11-08,0.0,False
no_ml_baseline_2026-06-15_v2,Product Info for BRG_2026-06-01__no_ml_baseline_2026-06-15_v2.xlsx,30070-011-S,23,2026-11-15,0.0,False
no_ml_baseline_2026-06-15_v2,Product Info for BRG_2026-06-01__no_ml_baseline_2026-06-15_v2.xlsx,30070-011-S,24,2026-11-22,0.0,False
no_ml_baseline_2026-06-15_v2,Product Info for BRG_2026-06-01__no_ml_baseline_2026-06-15_v2.xlsx,30070-011-S,25,2026-11-29,0.0,False
no_ml_baseline_2026-06-15_v2,Product Info for BRG_2026-06-01__no_ml_baseline_2026-06-15_v2.xlsx,30070-011-S,26,2026-12-06,0.0,False
no_ml_baseline_2026-06-15_v2,Product Info for BRG_2026-06-01__no_ml_baseline_2026-06-15_v2.xlsx,30070-011-XL,1,2026-06-14,10.0,True
no_ml_baseline_2026-06-15_v2,Product Info for BRG_2026-06-01__no_ml_baseline_2026-06-15_v2.xlsx,30070-011-XL,2,2026-06-21,0.75,True
no_ml_baseline_2026-06-15_v2,Product Info for BRG_2026-06-01__no_ml_baseline_2026-06-15_v2.xlsx,30070-011-XL,3,2026-06-28,0.75,True
no_ml_baseline_2026-06-15_v2,Product Info for BRG_2026-06-01__no_ml_baseline_2026-06-15_v2.xlsx,30070-011-XL,4,2026-07-05,0.75,True
no_ml_baseline_2026-06-15_v2,Product Info for BRG_2026-06-01__no_ml_baseline_2026-06-15_v2.xlsx,30070-011-XL,5,2026-07-12,0.75,True
no_ml_baseline_2026-06-15_v2,Product Info for BRG_2026-06-01__no_ml_baseline_2026-06-15_v2.xlsx,30070-011-XL,6,2026-07-19,0.75,True
no_ml_baseline_2026-06-15_v2,Product Info for BRG_2026-06-01__no_ml_baseline_2026-06-15_v2.xlsx,30070-011-XL,7,2026-07-26,0.75,True
no_ml_baseline_2026-06-15_v2,Product Info for BRG_2026-06-01__no_ml_baseline_2026-06-15_v2.xlsx,30070-011-XL,8,2026-08-02,0.75,True
no_ml_baseline_2026-06-15_v2,Product Info for BRG_2026-06-01__no_ml_baseline_2026-06-15_v2.xlsx,30070-011-XL,9,2026-08-09,0.75,True
no_ml_baseline_2026-06-15_v2,Product Info for BRG_2026-06-01__no_ml_baseline_2026-06-15_v2.xlsx,30070-011-XL,10,2026-08-16,0.75,True
no_ml_baseline_2026-06-15_v2,Product Info for BRG_2026-06-01__no_ml_baseline_2026-06-15_v2.xlsx,30070-011-XL,11,2026-08-23,0.75,True
no_ml_baseline_2026-06-15_v2,Product Info for BRG_2026-06-01__no_ml_baseline_2026-06-15_v2.xlsx,30070-011-XL,12,2026-08-30,0.75,True
no_ml_baseline_2026-06-15_v2,Product Info for BRG_2026-06-01__no_ml_baseline_2026-06-15_v2.xlsx,30070-011-XL,13,2026-09-06,0.75,True
no_ml_baseline_2026-06-15_v2,Product Info for BRG_2026-06-01__no_ml_baseline_2026-06-15_v2.xlsx,30070-011-XL,14,2026-09-13,0.75,False
no_ml_baseline_2026-06-15_v2,Product Info for BRG_2026-06-01__no_ml_baseline_2026-06-15_v2.xlsx,30070-011-XL,15,2026-09-20,0.75,False
no_ml_baseline_2026-06-15_v2,Product Info for BRG_2026-06-01__no_ml_baseline_2026-06-15_v2.xlsx,30070-011-XL,16,2026-09-27,0.75,False
no_ml_baseline_2026-06-15_v2,Product Info for BRG_2026-06-01__no_ml_baseline_2026-06-15_v2.xlsx,30070-011-XL,17,2026-10-04,0.75,False
no_ml_baseline_2026-06-15_v2,Product Info for BRG_2026-06-01__no_ml_baseline_2026-06-15_v2.xlsx,30070-011-XL,18,2026-10-11,0.75,False
no_ml_baseline_2026-06-15_v2,Product Info for BRG_2026-06-01__no_ml_baseline_2026-06-15_v2.xlsx,30070-011-XL,19,2026-10-18,0.75,False
no_ml_baseline_2026-06-15_v2,Product Info for BRG_2026-06-01__no_ml_baseline_2026-06-15_v2.xlsx,30070-011-XL,20,2026-10-25,0.75,False
no_ml_baseline_2026-06-15_v2,Product Info for BRG_2026-06-01__no_ml_baseline_2026-06-15_v2.xlsx,30070-011-XL,21,2026-11-01,0.75,False
no_ml_baseline_2026-06-15_v2,Product Info for BRG_2026-06-01__no_ml_baseline_2026-06-15_v2.xlsx,30070-011-XL,22,2026-11-08,0.75,False
no_ml_baseline_2026-06-15_v2,Product Info for BRG_2026-06-01__no_ml_baseline_2026-06-15_v2.xlsx,30070-011-XL,23,2026-11-15,0.75,False
no_ml_baseline_2026-06-15_v2,Product Info for BRG_2026-06-01__no_ml_baseline_2026-06-15_v2.xlsx,30070-011-XL,24,2026-11-22,0.75,False
no_ml_baseline_2026-06-15_v2,Product Info for BRG_2026-06-01__no_ml_baseline_2026-06-15_v2.xlsx,30070-011-XL,25,2026-11-29,0.75,False
no_ml_baseline_2026-06-15_v2,Product Info for BRG_2026-06-01__no_ml_baseline_2026-06-15_v2.xlsx,30070-011-XL,26,2026-12-06,0.75,False
no_ml_baseline_2026-06-15_v2,Product Info for BRG_2026-06-01__no_ml_baseline_2026-06-15_v2.xlsx,30070-011-XS,1,2026-06-14,10.0,True
no_ml_baseline_2026-06-15_v2,Product Info for BRG_2026-06-01__no_ml_baseline_2026-06-15_v2.xlsx,30070-011-XS,2,2026-06-21,2.125,True
no_ml_baseline_2026-06-15_v2,Product Info for BRG_2026-06-01__no_ml_baseline_2026-06-15_v2.xlsx,30070-011-XS,3,2026-06-28,2.125,True
no_ml_baseline_2026-06-15_v2,Product Info for BRG_2026-06-01__no_ml_baseline_2026-06-15_v2.xlsx,30070-011-XS,4,2026-07-05,2.125,True
no_ml_baseline_2026-06-15_v2,Product Info for BRG_2026-06-01__no_ml_baseline_2026-06-15_v2.xlsx,30070-011-XS,5,2026-07-12,2.125,True
no_ml_baseline_2026-06-15_v2,Product Info for BRG_2026-06-01__no_ml_baseline_2026-06-15_v2.xlsx,30070-011-XS,6,2026-07-19,2.125,True
no_ml_baseline_2026-06-15_v2,Product Info for BRG_2026-06-01__no_ml_baseline_2026-06-15_v2.xlsx,30070-011-XS,7,2026-07-26,2.125,True
no_ml_baseline_2026-06-15_v2,Product Info for BRG_2026-06-01__no_ml_baseline_2026-06-15_v2.xlsx,30070-011-XS,8,2026-08-02,2.125,True
no_ml_baseline_2026-06-15_v2,Product Info for BRG_2026-06-01__no_ml_baseline_2026-06-15_v2.xlsx,30070-011-XS,9,2026-08-09,2.125,True
no_ml_baseline_2026-06-15_v2,Product Info for BRG_2026-06-01__no_ml_baseline_2026-06-15_v2.xlsx,30070-011-XS,10,2026-08-16,2.125,True
no_ml_baseline_2026-06-15_v2,Product Info for BRG_2026-06-01__no_ml_baseline_2026-06-15_v2.xlsx,30070-011-XS,11,2026-08-23,2.125,True
no_ml_baseline_2026-06-15_v2,Product Info for BRG_2026-06-01__no_ml_baseline_2026-06-15_v2.xlsx,30070-011-XS,12,2026-08-30,2.125,True
no_ml_baseline_2026-06-15_v2,Product Info for BRG_2026-06-01__no_ml_baseline_2026-06-15_v2.xlsx,30070-011-XS,13,2026-09-06,2.125,True
no_ml_baseline_2026-06-15_v2,Product Info for BRG_2026-06-01__no_ml_baseline_2026-06-15_v2.xlsx,30070-011-XS,14,2026-09-13,2.125,False
no_ml_baseline_2026-06-15_v2,Product Info for BRG_2026-06-01__no_ml_baseline_2026-06-15_v2.xlsx,30070-011-XS,15,2026-09-20,2.125,False
no_ml_baseline_2026-06-15_v2,Product Info for BRG_2026-06-01__no_ml_baseline_2026-06-15_v2.xlsx,30070-011-XS,16,2026-09-27,2.125,False
no_ml_baseline_2026-06-15_v2,Product Info for BRG_2026-06-01__no_ml_baseline_2026-06-15_v2.xlsx,30070-011-XS,17,2026-10-04,2.125,False
no_ml_baseline_2026-06-15_v2,Product Info for BRG_2026-06-01__no_ml_baseline_2026-06-15_v2.xlsx,30070-011-XS,18,2026-10-11,2.125,False
no_ml_baseline_2026-06-15_v2,Product Info for BRG_2026-06-01__no_ml_baseline_2026-06-15_v2.xlsx,30070-011-XS,19,2026-10-18,2.125,False
no_ml_baseline_2026-06-15_v2,Product Info for BRG_2026-06-01__no_ml_baseline_2026-06-15_v2.xlsx,30070-011-XS,20,2026-10-25,2.125,False
no_ml_baseline_2026-06-15_v2,Product Info for BRG_2026-06-01__no_ml_baseline_2026-06-15_v2.xlsx,30070-011-XS,21,2026-11-01,2.125,False
no_ml_baseline_2026-06-15_v2,Product Info for BRG_2026-06-01__no_ml_baseline_2026-06-15_v2.xlsx,30070-011-XS,22,2026-11-08,2.125,False
no_ml_baseline_2026-06-15_v2,Product Info for BRG_2026-06-01__no_ml_baseline_2026-06-15_v2.xlsx,30070-011-XS,23,2026-11-15,2.125,False
no_ml_baseline_2026-06-15_v2,Product Info for BRG_2026-06-01__no_ml_baseline_2026-06-15_v2.xlsx,30070-011-XS,24,2026-11-22,2.125,False
no_ml_baseline_2026-06-15_v2,Product Info for BRG_2026-06-01__no_ml_baseline_2026-06-15_v2.xlsx,30070-011-XS,25,2026-11-29,2.125,False
no_ml_baseline_2026-06-15_v2,Product Info for BRG_2026-06-01__no_ml_baseline_2026-06-15_v2.xlsx,30070-011-XS,26,2026-12-06,2.125,False
no_ml_baseline_2026-06-15_v2,Product Info for BRG_2026-06-01__no_ml_baseline_2026-06-15_v2.xlsx,30070-011-XXL,1,2026-06-14,10.0,True
no_ml_baseline_2026-06-15_v2,Product Info for BRG_2026-06-01__no_ml_baseline_2026-06-15_v2.xlsx,30070-011-XXL,2,2026-06-21,0.625,True
no_ml_baseline_2026-06-15_v2,Product Info for BRG_2026-06-01__no_ml_baseline_2026-06-15_v2.xlsx,30070-011-XXL,3,2026-06-28,0.625,True
no_ml_baseline_2026-06-15_v2,Product Info for BRG_2026-06-01__no_ml_baseline_2026-06-15_v2.xlsx,30070-011-XXL,4,2026-07-05,0.625,True
no_ml_baseline_2026-06-15_v2,Product Info for BRG_2026-06-01__no_ml_baseline_2026-06-15_v2.xlsx,30070-011-XXL,5,2026-07-12,0.625,True
no_ml_baseline_2026-06-15_v2,Product Info for BRG_2026-06-01__no_ml_baseline_2026-06-15_v2.xlsx,30070-011-XXL,6,2026-07-19,0.625,True
no_ml_baseline_2026-06-15_v2,Product Info for BRG_2026-06-01__no_ml_baseline_2026-06-15_v2.xlsx,30070-011-XXL,7,2026-07-26,0.625,True
no_ml_baseline_2026-06-15_v2,Product Info for BRG_2026-06-01__no_ml_baseline_2026-06-15_v2.xlsx,30070-011-XXL,8,2026-08-02,0.625,True
no_ml_baseline_2026-06-15_v2,Product Info for BRG_2026-06-01__no_ml_baseline_2026-06-15_v2.xlsx,30070-011-XXL,9,2026-08-09,0.625,True
no_ml_baseline_2026-06-15_v2,Product Info for BRG_2026-06-01__no_ml_baseline_2026-06-15_v2.xlsx,30070-011-XXL,10,2026-08-16,0.625,True
no_ml_baseline_2026-06-15_v2,Product Info for BRG_2026-06-01__no_ml_baseline_2026-06-15_v2.xlsx,30070-011-XXL,11,2026-08-23,0.625,True
no_ml_baseline_2026-06-15_v2,Product Info for BRG_2026-06-01__no_ml_baseline_2026-06-15_v2.xlsx,30070-011-XXL,12,2026-08-30,0.625,True
no_ml_baseline_2026-06-15_v2,Product Info for BRG_2026-06-01__no_ml_baseline_2026-06-15_v2.xlsx,30070-011-XXL,13,2026-09-06,0.625,True
no_ml_baseline_2026-06-15_v2,Product Info for BRG_2026-06-01__no_ml_baseline_2026-06-15_v2.xlsx,30070-011-XXL,14,2026-09-13,0.625,False
no_ml_baseline_2026-06-15_v2,Product Info for BRG_2026-06-01__no_ml_baseline_2026-06-15_v2.xlsx,30070-011-XXL,15,2026-09-20,0.625,False
no_ml_baseline_2026-06-15_v2,Product Info for BRG_2026-06-01__no_ml_baseline_2026-06-15_v2.xlsx,30070-011-XXL,16,2026-09-27,0.625,False
no_ml_baseline_2026-06-15_v2,Product Info for BRG_2026-06-01__no_ml_baseline_2026-06-15_v2.xlsx,30070-011-XXL,17,2026-10-04,0.625,False
no_ml_baseline_2026-06-15_v2,Product Info for BRG_2026-06-01__no_ml_baseline_2026-06-15_v2.xlsx,30070-011-XXL,18,2026-10-11,0.625,False
no_ml_baseline_2026-06-15_v2,Product Info for BRG_2026-06-01__no_ml_baseline_2026-06-15_v2.xlsx,30070-011-XXL,19,2026-10-18,0.625,False
no_ml_baseline_2026-06-15_v2,Product Info for BRG_2026-06-01__no_ml_baseline_2026-06-15_v2.xlsx,30070-011-XXL,20,2026-10-25,0.625,False
no_ml_baseline_2026-06-15_v2,Product Info for BRG_2026-06-01__no_ml_baseline_2026-06-15_v2.xlsx,30070-011-XXL,21,2026-11-01,0.625,False
no_ml_baseline_2026-06-15_v2,Product Info for BRG_2026-06-01__no_ml_baseline_2026-06-15_v2.xlsx,30070-011-XXL,22,2026-11-08,0.625,False
no_ml_baseline_2026-06-15_v2,Product Info for BRG_2026-06-01__no_ml_baseline_2026-06-15_v2.xlsx,30070-011-XXL,23,2026-11-15,0.625,False
no_ml_baseline_2026-06-15_v2,Product Info for BRG_2026-06-01__no_ml_baseline_2026-06-15_v2.xlsx,30070-011-XXL,24,2026-11-22,0.625,False
no_ml_baseline_2026-06-15_v2,Product Info for BRG_2026-06-01__no_ml_baseline_2026-06-15_v2.xlsx,30070-011-XXL,25,2026-11-29,0.625,False
no_ml_baseline_2026-06-15_v2,Product Info for BRG_2026-06-01__no_ml_baseline_2026-06-15_v2.xlsx,30070-011-XXL,26,2026-12-06,0.625,False
no_ml_baseline_2026-06-15_v2,Product Info for BRG_2026-06-01__no_ml_baseline_2026-06-15_v2.xlsx,30070-1AY-L,1,2026-06-14,0.0,True
no_ml_baseline_2026-06-15_v2,Product Info for BRG_2026-06-01__no_ml_baseline_2026-06-15_v2.xlsx,30070-1AY-L,2,2026-06-21,0.0,True
no_ml_baseline_2026-06-15_v2,Product Info for BRG_2026-06-01__no_ml_baseline_2026-06-15_v2.xlsx,30070-1AY-L,3,2026-06-28,0.0,True
no_ml_baseline_2026-06-15_v2,Product Info for BRG_2026-06-01__no_ml_baseline_2026-06-15_v2.xlsx,30070-1AY-L,4,2026-07-05,0.0,True
no_ml_baseline_2026-06-15_v2,Product Info for BRG_2026-06-01__no_ml_baseline_2026-06-15_v2.xlsx,30070-1AY-L,5,2026-07-12,0.0,True
no_ml_baseline_2026-06-15_v2,Product Info for BRG_2026-06-01__no_ml_baseline_2026-06-15_v2.xlsx,30070-1AY-L,6,2026-07-19,0.0,True
no_ml_baseline_2026-06-15_v2,Product Info for BRG_2026-06-01__no_ml_baseline_2026-06-15_v2.xlsx,30070-1AY-L,7,2026-07-26,0.0,True
no_ml_baseline_2026-06-15_v2,Product Info for BRG_2026-06-01__no_ml_baseline_2026-06-15_v2.xlsx,30070-1AY-L,8,2026-08-02,0.0,True
no_ml_baseline_2026-06-15_v2,Product Info for BRG_2026-06-01__no_ml_baseline_2026-06-15_v2.xlsx,30070-1AY-L,9,2026-08-09,0.0,True
no_ml_baseline_2026-06-15_v2,Product Info for BRG_2026-06-01__no_ml_baseline_2026-06-15_v2.xlsx,30070-1AY-L,10,2026-08-16,0.0,True
no_ml_baseline_2026-06-15_v2,Product Info for BRG_2026-06-01__no_ml_baseline_2026-06-15_v2.xlsx,30070-1AY-L,11,2026-08-23,0.0,True
no_ml_baseline_2026-06-15_v2,Product Info for BRG_2026-06-01__no_ml_baseline_2026-06-15_v2.xlsx,30070-1AY-L,12,2026-08-30,0.0,True
no_ml_baseline_2026-06-15_v2,Product Info for BRG_2026-06-01__no_ml_baseline_2026-06-15_v2.xlsx,30070-1AY-L,13,2026-09-06,0.0,True
no_ml_baseline_2026-06-15_v2,Product Info for BRG_2026-06-01__no_ml_baseline_2026-06-15_v2.xlsx,30070-1AY-L,14,2026-09-13,0.0,False
no_ml_baseline_2026-06-15_v2,Product Info for BRG_2026-06-01__no_ml_baseline_2026-06-15_v2.xlsx,30070-1AY-L,15,2026-09-20,0.0,False
no_ml_baseline_2026-06-15_v2,Product Info for BRG_2026-06-01__no_ml_baseline_2026-06-15_v2.xlsx,30070-1AY-L,16,2026-09-27,0.0,False
no_ml_baseline_2026-06-15_v2,Product Info for BRG_2026-06-01__no_ml_baseline_2026-06-15_v2.xlsx,30070-1AY-L,17,2026-10-04,0.0,False
no_ml_baseline_2026-06-15_v2,Product Info for BRG_2026-06-01__no_ml_baseline_2026-06-15_v2.xlsx,30070-1AY-L,18,2026-10-11,0.0,False
no_ml_baseline_2026-06-15_v2,Product Info for BRG_2026-06-01__no_ml_baseline_2026-06-15_v2.xlsx,30070-1AY-L,19,2026-10-18,0.0,False
no_ml_baseline_2026-06-15_v2,Product Info for BRG_2026-06-01__no_ml_baseline_2026-06-15_v2.xlsx,30070-1AY-L,20,2026-10-25,0.0,False
no_ml_baseline_2026-06-15_v2,Product Info for BRG_2026-06-01__no_ml_baseline_2026-06-15_v2.xlsx,30070-1AY-L,21,2026-11-01,0.0,False
no_ml_baseline_2026-06-15_v2,Product Info for BRG_2026-06-01__no_ml_baseline_2026-06-15_v2.xlsx,30070-1AY-L,22,2026-11-08,0.0,False
no_ml_baseline_2026-06-15_v2,Product Info for BRG_2026-06-01__no_ml_baseline_2026-06-15_v2.xlsx,30070-1AY-L,23,2026-11-15,0.0,False
no_ml_baseline_2026-06-15_v2,Product Info for BRG_2026-06-01__no_ml_baseline_2026-06-15_v2.xlsx,30070-1AY-L,24,2026-11-22,0.0,False
no_ml_baseline_2026-06-15_v2,Product Info for BRG_2026-06-01__no_ml_baseline_2026-06-15_v2.xlsx,30070-1AY-L,25,2026-11-29,0.0,False
no_ml_baseline_2026-06-15_v2,Product Info for BRG_2026-06-01__no_ml_baseline_2026-06-15_v2.xlsx,30070-1AY-L,26,2026-12-06,0.0,False
no_ml_baseline_2026-06-15_v2,Product Info for BRG_2026-06-01__no_ml_baseline_2026-06-15_v2.xlsx,30070-1AY-M,1,2026-06-14,0.0,True
no_ml_baseline_2026-06-15_v2,Product Info for BRG_2026-06-01__no_ml_baseline_2026-06-15_v2.xlsx,30070-1AY-M,2,2026-06-21,0.0,True
no_ml_baseline_2026-06-15_v2,Product Info for BRG_2026-06-01__no_ml_baseline_2026-06-15_v2.xlsx,30070-1AY-M,3,2026-06-28,0.0,True
no_ml_baseline_2026-06-15_v2,Product Info for BRG_2026-06-01__no_ml_baseline_2026-06-15_v2.xlsx,30070-1AY-M,4,2026-07-05,0.0,True
no_ml_baseline_2026-06-15_v2,Product Info for BRG_2026-06-01__no_ml_baseline_2026-06-15_v2.xlsx,30070-1AY-M,5,2026-07-12,0.0,True
no_ml_baseline_2026-06-15_v2,Product Info for BRG_2026-06-01__no_ml_baseline_2026-06-15_v2.xlsx,30070-1AY-M,6,2026-07-19,0.0,True
no_ml_baseline_2026-06-15_v2,Product Info for BRG_2026-06-01__no_ml_baseline_2026-06-15_v2.xlsx,30070-1AY-M,7,2026-07-26,0.0,True
no_ml_baseline_2026-06-15_v2,Product Info for BRG_2026-06-01__no_ml_baseline_2026-06-15_v2.xlsx,30070-1AY-M,8,2026-08-02,0.0,True
no_ml_baseline_2026-06-15_v2,Product Info for BRG_2026-06-01__no_ml_baseline_2026-06-15_v2.xlsx,30070-1AY-M,9,2026-08-09,0.0,True
no_ml_baseline_2026-06-15_v2,Product Info for BRG_2026-06-01__no_ml_baseline_2026-06-15_v2.xlsx,30070-1AY-M,10,2026-08-16,0.0,True
no_ml_baseline_2026-06-15_v2,Product Info for BRG_2026-06-01__no_ml_baseline_2026-06-15_v2.xlsx,30070-1AY-M,11,2026-08-23,0.0,True
no_ml_baseline_2026-06-15_v2,Product Info for BRG_2026-06-01__no_ml_baseline_2026-06-15_v2.xlsx,30070-1AY-M,12,2026-08-30,0.0,True
no_ml_baseline_2026-06-15_v2,Product Info for BRG_2026-06-01__no_ml_baseline_2026-06-15_v2.xlsx,30070-1AY-M,13,2026-09-06,0.0,True
no_ml_baseline_2026-06-15_v2,Product Info for BRG_2026-06-01__no_ml_baseline_2026-06-15_v2.xlsx,30070-1AY-M,14,2026-09-13,0.0,False
no_ml_baseline_2026-06-15_v2,Product Info for BRG_2026-06-01__no_ml_baseline_2026-06-15_v2.xlsx,30070-1AY-M,15,2026-09-20,0.0,False
no_ml_baseline_2026-06-15_v2,Product Info for BRG_2026-06-01__no_ml_baseline_2026-06-15_v2.xlsx,30070-1AY-M,16,2026-09-27,0.0,False
no_ml_baseline_2026-06-15_v2,Product Info for BRG_2026-06-01__no_ml_baseline_2026-06-15_v2.xlsx,30070-1AY-M,17,2026-10-04,0.0,False
no_ml_baseline_2026-06-15_v2,Product Info for BRG_2026-06-01__no_ml_baseline_2026-06-15_v2.xlsx,30070-1AY-M,18,2026-10-11,0.0,False
no_ml_baseline_2026-06-15_v2,Product Info for BRG_2026-06-01__no_ml_baseline_2026-06-15_v2.xlsx,30070-1AY-M,19,2026-10-18,0.0,False
no_ml_baseline_2026-06-15_v2,Product Info for BRG_2026-06-01__no_ml_baseline_2026-06-15_v2.xlsx,30070-1AY-M,20,2026-10-25,0.0,False
no_ml_baseline_2026-06-15_v2,Product Info for BRG_2026-06-01__no_ml_baseline_2026-06-15_v2.xlsx,30070-1AY-M,21,2026-11-01,0.0,False
no_ml_baseline_2026-06-15_v2,Product Info for BRG_2026-06-01__no_ml_baseline_2026-06-15_v2.xlsx,30070-1AY-M,22,2026-11-08,0.0,False
no_ml_baseline_2026-06-15_v2,Product Info for BRG_2026-06-01__no_ml_baseline_2026-06-15_v2.xlsx,30070-1AY-M,23,2026-11-15,0.0,False
no_ml_baseline_2026-06-15_v2,Product Info for BRG_2026-06-01__no_ml_baseline_2026-06-15_v2.xlsx,30070-1AY-M,24,2026-11-22,0.0,False
no_ml_baseline_2026-06-15_v2,Product Info for BRG_2026-06-01__no_ml_baseline_2026-06-15_v2.xlsx,30070-1AY-M,25,2026-11-29,0.0,False
no_ml_baseline_2026-06-15_v2,Product Info for BRG_2026-06-01__no_ml_baseline_2026-06-15_v2.xlsx,30070-1AY-M,26,2026-12-06,0.0,False
no_ml_baseline_2026-06-15_v2,Product Info for BRG_2026-06-01__no_ml_baseline_2026-06-15_v2.xlsx,30070-1AY-S,1,2026-06-14,0.0,True
no_ml_baseline_2026-06-15_v2,Product Info for BRG_2026-06-01__no_ml_baseline_2026-06-15_v2.xlsx,30070-1AY-S,2,2026-06-21,0.0,True
no_ml_baseline_2026-06-15_v2,Product Info for BRG_2026-06-01__no_ml_baseline_2026-06-15_v2.xlsx,30070-1AY-S,3,2026-06-28,0.0,True
no_ml_baseline_2026-06-15_v2,Product Info for BRG_2026-06-01__no_ml_baseline_2026-06-15_v2.xlsx,30070-1AY-S,4,2026-07-05,0.0,True
no_ml_baseline_2026-06-15_v2,Product Info for BRG_2026-06-01__no_ml_baseline_2026-06-15_v2.xlsx,30070-1AY-S,5,2026-07-12,0.0,True
no_ml_baseline_2026-06-15_v2,Product Info for BRG_2026-06-01__no_ml_baseline_2026-06-15_v2.xlsx,30070-1AY-S,6,2026-07-19,0.0,True
no_ml_baseline_2026-06-15_v2,Product Info for BRG_2026-06-01__no_ml_baseline_2026-06-15_v2.xlsx,30070-1AY-S,7,2026-07-26,0.0,True
no_ml_baseline_2026-06-15_v2,Product Info for BRG_2026-06-01__no_ml_baseline_2026-06-15_v2.xlsx,30070-1AY-S,8,2026-08-02,0.0,True
no_ml_baseline_2026-06-15_v2,Product Info for BRG_2026-06-01__no_ml_baseline_2026-06-15_v2.xlsx,30070-1AY-S,9,2026-08-09,0.0,True
no_ml_baseline_2026-06-15_v2,Product Info for BRG_2026-06-01__no_ml_baseline_2026-06-15_v2.xlsx,30070-1AY-S,10,2026-08-16,0.0,True
no_ml_baseline_2026-06-15_v2,Product Info for BRG_2026-06-01__no_ml_baseline_2026-06-15_v2.xlsx,30070-1AY-S,11,2026-08-23,0.0,True
no_ml_baseline_2026-06-15_v2,Product Info for BRG_2026-06-01__no_ml_baseline_2026-06-15_v2.xlsx,30070-1AY-S,12,2026-08-30,0.0,True
no_ml_baseline_2026-06-15_v2,Product Info for BRG_2026-06-01__no_ml_baseline_2026-06-15_v2.xlsx,30070-1AY-S,13,2026-09-06,0.0,True
no_ml_baseline_2026-06-15_v2,Product Info for BRG_2026-06-01__no_ml_baseline_2026-06-15_v2.xlsx,30070-1AY-S,14,2026-09-13,0.0,False
no_ml_baseline_2026-06-15_v2,Product Info for BRG_2026-06-01__no_ml_baseline_2026-06-15_v2.xlsx,30070-1AY-S,15,2026-09-20,0.0,False
no_ml_baseline_2026-06-15_v2,Product Info for BRG_2026-06-01__no_ml_baseline_2026-06-15_v2.xlsx,30070-1AY-S,16,2026-09-27,0.0,False
no_ml_baseline_2026-06-15_v2,Product Info for BRG_2026-06-01__no_ml_baseline_2026-06-15_v2.xlsx,30070-1AY-S,17,2026-10-04,0.0,False
no_ml_baseline_2026-06-15_v2,Product Info for BRG_2026-06-01__no_ml_baseline_2026-06-15_v2.xlsx,30070-1AY-S,18,2026-10-11,0.0,False
no_ml_baseline_2026-06-15_v2,Product Info for BRG_2026-06-01__no_ml_baseline_2026-06-15_v2.xlsx,30070-1AY-S,19,2026-10-18,0.0,False
no_ml_baseline_2026-06-15_v2,Product Info for BRG_2026-06-01__no_ml_baseline_2026-06-15_v2.xlsx,30070-1AY-S,20,2026-10-25,0.0,False
no_ml_baseline_2026-06-15_v2,Product Info for BRG_2026-06-01__no_ml_baseline_2026-06-15_v2.xlsx,30070-1AY-S,21,2026-11-01,0.0,False
no_ml_baseline_2026-06-15_v2,Product Info for BRG_2026-06-01__no_ml_baseline_2026-06-15_v2.xlsx,30070-1AY-S,22,2026-11-08,0.0,False
no_ml_baseline_2026-06-15_v2,Product Info for BRG_2026-06-01__no_ml_baseline_2026-06-15_v2.xlsx,30070-1AY-S,23,2026-11-15,0.0,False
no_ml_baseline_2026-06-15_v2,Product Info for BRG_2026-06-01__no_ml_baseline_2026-06-15_v2.xlsx,30070-1AY-S,24,2026-11-22,0.0,False
no_ml_baseline_2026-06-15_v2,Product Info for BRG_2026-06-01__no_ml_baseline_2026-06-15_v2.xlsx,30070-1AY-S,25,2026-11-29,0.0,False
no_ml_baseline_2026-06-15_v2,Product Info for BRG_2026-06-01__no_ml_baseline_2026-06-15_v2.xlsx,30070-1AY-S,26,2026-12-06,0.0,False
no_ml_baseline_2026-06-15_v2,Product Info for BRG_2026-06-01__no_ml_baseline_2026-06-15_v2.xlsx,30070-1AY-XL,1,2026-06-14,0.0,True
no_ml_baseline_2026-06-15_v2,Product Info for BRG_2026-06-01__no_ml_baseline_2026-06-15_v2.xlsx,30070-1AY-XL,2,2026-06-21,0.0,True
no_ml_baseline_2026-06-15_v2,Product Info for BRG_2026-06-01__no_ml_baseline_2026-06-15_v2.xlsx,30070-1AY-XL,3,2026-06-28,0.0,True
no_ml_baseline_2026-06-15_v2,Product Info for BRG_2026-06-01__no_ml_baseline_2026-06-15_v2.xlsx,30070-1AY-XL,4,2026-07-05,0.0,True
no_ml_baseline_2026-06-15_v2,Product Info for BRG_2026-06-01__no_ml_baseline_2026-06-15_v2.xlsx,30070-1AY-XL,5,2026-07-12,0.0,True
no_ml_baseline_2026-06-15_v2,Product Info for BRG_2026-06-01__no_ml_baseline_2026-06-15_v2.xlsx,30070-1AY-XL,6,2026-07-19,0.0,True
no_ml_baseline_2026-06-15_v2,Product Info for BRG_2026-06-01__no_ml_baseline_2026-06-15_v2.xlsx,30070-1AY-XL,7,2026-07-26,0.0,True
no_ml_baseline_2026-06-15_v2,Product Info for BRG_2026-06-01__no_ml_baseline_2026-06-15_v2.xlsx,30070-1AY-XL,8,2026-08-02,0.0,True
no_ml_baseline_2026-06-15_v2,Product Info for BRG_2026-06-01__no_ml_baseline_2026-06-15_v2.xlsx,30070-1AY-XL,9,2026-08-09,0.0,True
no_ml_baseline_2026-06-15_v2,Product Info for BRG_2026-06-01__no_ml_baseline_2026-06-15_v2.xlsx,30070-1AY-XL,10,2026-08-16,0.0,True
no_ml_baseline_2026-06-15_v2,Product Info for BRG_2026-06-01__no_ml_baseline_2026-06-15_v2.xlsx,30070-1AY-XL,11,2026-08-23,0.0,True
no_ml_baseline_2026-06-15_v2,Product Info for BRG_2026-06-01__no_ml_baseline_2026-06-15_v2.xlsx,30070-1AY-XL,12,2026-08-30,0.0,True
no_ml_baseline_2026-06-15_v2,Product Info for BRG_2026-06-01__no_ml_baseline_2026-06-15_v2.xlsx,30070-1AY-XL,13,2026-09-06,0.0,True
no_ml_baseline_2026-06-15_v2,Product Info for BRG_2026-06-01__no_ml_baseline_2026-06-15_v2.xlsx,30070-1AY-XL,14,2026-09-13,0.0,False
no_ml_baseline_2026-06-15_v2,Product Info for BRG_2026-06-01__no_ml_baseline_2026-06-15_v2.xlsx,30070-1AY-XL,15,2026-09-20,0.0,False
no_ml_baseline_2026-06-15_v2,Product Info for BRG_2026-06-01__no_ml_baseline_2026-06-15_v2.xlsx,30070-1AY-XL,16,2026-09-27,0.0,False
no_ml_baseline_2026-06-15_v2,Product Info for BRG_2026-06-01__no_ml_baseline_2026-06-15_v2.xlsx,30070-1AY-XL,17,2026-10-04,0.0,False
no_ml_baseline_2026-06-15_v2,Product Info for BRG_2026-06-01__no_ml_baseline_2026-06-15_v2.xlsx,30070-1AY-XL,18,2026-10-11,0.0,False
no_ml_baseline_2026-06-15_v2,Product Info for BRG_2026-06-01__no_ml_baseline_2026-06-15_v2.xlsx,30070-1AY-XL,19,2026-10-18,0.0,False
no_ml_baseline_2026-06-15_v2,Product Info for BRG_2026-06-01__no_ml_baseline_2026-06-15_v2.xlsx,30070-1AY-XL,20,2026-10-25,0.0,False
no_ml_baseline_2026-06-15_v2,Product Info for BRG_2026-06-01__no_ml_baseline_2026-06-15_v2.xlsx,30070-1AY-XL,21,2026-11-01,0.0,False
no_ml_baseline_2026-06-15_v2,Product Info for BRG_2026-06-01__no_ml_baseline_2026-06-15_v2.xlsx,30070-1AY-XL,22,2026-11-08,0.0,False
no_ml_baseline_2026-06-15_v2,Product Info for BRG_2026-06-01__no_ml_baseline_2026-06-15_v2.xlsx,30070-1AY-XL,23,2026-11-15,0.0,False
no_ml_baseline_2026-06-15_v2,Product Info for BRG_2026-06-01__no_ml_baseline_2026-06-15_v2.xlsx,30070-1AY-XL,24,2026-11-22,0.0,False
no_ml_baseline_2026-06-15_v2,Product Info for BRG_2026-06-01__no_ml_baseline_2026-06-15_v2.xlsx,30070-1AY-XL,25,2026-11-29,0.0,False
no_ml_baseline_2026-06-15_v2,Product Info for BRG_2026-06-01__no_ml_baseline_2026-06-15_v2.xlsx,30070-1AY-XL,26,2026-12-06,0.0,False
no_ml_baseline_2026-06-15_v2,Product Info for BRG_2026-06-01__no_ml_baseline_2026-06-15_v2.xlsx,30070-1AY-XS,1,2026-06-14,0.0,True
no_ml_baseline_2026-06-15_v2,Product Info for BRG_2026-06-01__no_ml_baseline_2026-06-15_v2.xlsx,30070-1AY-XS,2,2026-06-21,0.0,True
no_ml_baseline_2026-06-15_v2,Product Info for BRG_2026-06-01__no_ml_baseline_2026-06-15_v2.xlsx,30070-1AY-XS,3,2026-06-28,0.0,True
no_ml_baseline_2026-06-15_v2,Product Info for BRG_2026-06-01__no_ml_baseline_2026-06-15_v2.xlsx,30070-1AY-XS,4,2026-07-05,0.0,True
no_ml_baseline_2026-06-15_v2,Product Info for BRG_2026-06-01__no_ml_baseline_2026-06-15_v2.xlsx,30070-1AY-XS,5,2026-07-12,0.0,True
no_ml_baseline_2026-06-15_v2,Product Info for BRG_2026-06-01__no_ml_baseline_2026-06-15_v2.xlsx,30070-1AY-XS,6,2026-07-19,0.0,True
no_ml_baseline_2026-06-15_v2,Product Info for BRG_2026-06-01__no_ml_baseline_2026-06-15_v2.xlsx,30070-1AY-XS,7,2026-07-26,0.0,True
no_ml_baseline_2026-06-15_v2,Product Info for BRG_2026-06-01__no_ml_baseline_2026-06-15_v2.xlsx,30070-1AY-XS,8,2026-08-02,0.0,True
no_ml_baseline_2026-06-15_v2,Product Info for BRG_2026-06-01__no_ml_baseline_2026-06-15_v2.xlsx,30070-1AY-XS,9,2026-08-09,0.0,True
no_ml_baseline_2026-06-15_v2,Product Info for BRG_2026-06-01__no_ml_baseline_2026-06-15_v2.xlsx,30070-1AY-XS,10,2026-08-16,0.0,True
no_ml_baseline_2026-06-15_v2,Product Info for BRG_2026-06-01__no_ml_baseline_2026-06-15_v2.xlsx,30070-1AY-XS,11,2026-08-23,0.0,True
no_ml_baseline_2026-06-15_v2,Product Info for BRG_2026-06-01__no_ml_baseline_2026-06-15_v2.xlsx,30070-1AY-XS,12,2026-08-30,0.0,True
no_ml_baseline_2026-06-15_v2,Product Info for BRG_2026-06-01__no_ml_baseline_2026-06-15_v2.xlsx,30070-1AY-XS,13,2026-09-06,0.0,True
no_ml_baseline_2026-06-15_v2,Product Info for BRG_2026-06-01__no_ml_baseline_2026-06-15_v2.xlsx,30070-1AY-XS,14,2026-09-13,0.0,False
no_ml_baseline_2026-06-15_v2,Product Info for BRG_2026-06-01__no_ml_baseline_2026-06-15_v2.xlsx,30070-1AY-XS,15,2026-09-20,0.0,False
no_ml_baseline_2026-06-15_v2,Product Info for BRG_2026-06-01__no_ml_baseline_2026-06-15_v2.xlsx,30070-1AY-XS,16,2026-09-27,0.0,False
no_ml_baseline_2026-06-15_v2,Product Info for BRG_2026-06-01__no_ml_baseline_2026-06-15_v2.xlsx,30070-1AY-XS,17,2026-10-04,0.0,False
no_ml_baseline_2026-06-15_v2,Product Info for BRG_2026-06-01__no_ml_baseline_2026-06-15_v2.xlsx,30070-1AY-XS,18,2026-10-11,0.0,False
no_ml_baseline_2026-06-15_v2,Product Info for BRG_2026-06-01__no_ml_baseline_2026-06-15_v2.xlsx,30070-1AY-XS,19,2026-10-18,0.0,False
no_ml_baseline_2026-06-15_v2,Product Info for BRG_2026-06-01__no_ml_baseline_2026-06-15_v2.xlsx,30070-1AY-XS,20,2026-10-25,0.0,False
no_ml_baseline_2026-06-15_v2,Product Info for BRG_2026-06-01__no_ml_baseline_2026-06-15_v2.xlsx,30070-1AY-XS,21,2026-11-01,0.0,False
no_ml_baseline_2026-06-15_v2,Product Info for BRG_2026-06-01__no_ml_baseline_2026-06-15_v2.xlsx,30070-1AY-XS,22,2026-11-08,0.0,False
no_ml_baseline_2026-06-15_v2,Product Info for BRG_2026-06-01__no_ml_baseline_2026-06-15_v2.xlsx,30070-1AY-XS,23,2026-11-15,0.0,False
no_ml_baseline_2026-06-15_v2,Product Info for BRG_2026-06-01__no_ml_baseline_2026-06-15_v2.xlsx,30070-1AY-XS,24,2026-11-22,0.0,False
no_ml_baseline_2026-06-15_v2,Product Info for BRG_2026-06-01__no_ml_baseline_2026-06-15_v2.xlsx,30070-1AY-XS,25,2026-11-29,0.0,False
no_ml_baseline_2026-06-15_v2,Product Info for BRG_2026-06-01__no_ml_baseline_2026-06-15_v2.xlsx,30070-1AY-XS,26,2026-12-06,0.0,False
no_ml_baseline_2026-06-15_v2,Product Info for BRG_2026-06-01__no_ml_baseline_2026-06-15_v2.xlsx,30070-1AY-XXL,1,2026-06-14,0.0,True
no_ml_baseline_2026-06-15_v2,Product Info for BRG_2026-06-01__no_ml_baseline_2026-06-15_v2.xlsx,30070-1AY-XXL,2,2026-06-21,0.0,True
no_ml_baseline_2026-06-15_v2,Product Info for BRG_2026-06-01__no_ml_baseline_2026-06-15_v2.xlsx,30070-1AY-XXL,3,2026-06-28,0.0,True
no_ml_baseline_2026-06-15_v2,Product Info for BRG_2026-06-01__no_ml_baseline_2026-06-15_v2.xlsx,30070-1AY-XXL,4,2026-07-05,0.0,True
no_ml_baseline_2026-06-15_v2,Product Info for BRG_2026-06-01__no_ml_baseline_2026-06-15_v2.xlsx,30070-1AY-XXL,5,2026-07-12,0.0,True
no_ml_baseline_2026-06-15_v2,Product Info for BRG_2026-06-01__no_ml_baseline_2026-06-15_v2.xlsx,30070-1AY-XXL,6,2026-07-19,0.0,True
no_ml_baseline_2026-06-15_v2,Product Info for BRG_2026-06-01__no_ml_baseline_2026-06-15_v2.xlsx,30070-1AY-XXL,7,2026-07-26,0.0,True
no_ml_baseline_2026-06-15_v2,Product Info for BRG_2026-06-01__no_ml_baseline_2026-06-15_v2.xlsx,30070-1AY-XXL,8,2026-08-02,0.0,True
no_ml_baseline_2026-06-15_v2,Product Info for BRG_2026-06-01__no_ml_baseline_2026-06-15_v2.xlsx,30070-1AY-XXL,9,2026-08-09,0.0,True
no_ml_baseline_2026-06-15_v2,Product Info for BRG_2026-06-01__no_ml_baseline_2026-06-15_v2.xlsx,30070-1AY-XXL,10,2026-08-16,0.0,True
no_ml_baseline_2026-06-15_v2,Product Info for BRG_2026-06-01__no_ml_baseline_2026-06-15_v2.xlsx,30070-1AY-XXL,11,2026-08-23,0.0,True
no_ml_baseline_2026-06-15_v2,Product Info for BRG_2026-06-01__no_ml_baseline_2026-06-15_v2.xlsx,30070-1AY-XXL,12,2026-08-30,0.0,True
no_ml_baseline_2026-06-15_v2,Product Info for BRG_2026-06-01__no_ml_baseline_2026-06-15_v2.xlsx,30070-1AY-XXL,13,2026-09-06,0.0,True
no_ml_baseline_2026-06-15_v2,Product Info for BRG_2026-06-01__no_ml_baseline_2026-06-15_v2.xlsx,30070-1AY-XXL,14,2026-09-13,0.0,False
no_ml_baseline_2026-06-15_v2,Product Info for BRG_2026-06-01__no_ml_baseline_2026-06-15_v2.xlsx,30070-1AY-XXL,15,2026-09-20,0.0,False
no_ml_baseline_2026-06-15_v2,Product Info for BRG_2026-06-01__no_ml_baseline_2026-06-15_v2.xlsx,30070-1AY-XXL,16,2026-09-27,0.0,False
no_ml_baseline_2026-06-15_v2,Product Info for BRG_2026-06-01__no_ml_baseline_2026-06-15_v2.xlsx,30070-1AY-XXL,17,2026-10-04,0.0,False
no_ml_baseline_2026-06-15_v2,Product Info for BRG_2026-06-01__no_ml_baseline_2026-06-15_v2.xlsx,30070-1AY-XXL,18,2026-10-11,0.0,False
no_ml_baseline_2026-06-15_v2,Product Info for BRG_2026-06-01__no_ml_baseline_2026-06-15_v2.xlsx,30070-1AY-XXL,19,2026-10-18,0.0,False
no_ml_baseline_2026-06-15_v2,Product Info for BRG_2026-06-01__no_ml_baseline_2026-06-15_v2.xlsx,30070-1AY-XXL,20,2026-10-25,0.0,False
no_ml_baseline_2026-06-15_v2,Product Info for BRG_2026-06-01__no_ml_baseline_2026-06-15_v2.xlsx,30070-1AY-XXL,21,2026-11-01,0.0,False
no_ml_baseline_2026-06-15_v2,Product Info for BRG_2026-06-01__no_ml_baseline_2026-06-15_v2.xlsx,30070-1AY-XXL,22,2026-11-08,0.0,False
no_ml_baseline_2026-06-15_v2,Product Info for BRG_2026-06-01__no_ml_baseline_2026-06-15_v2.xlsx,30070-1AY-XXL,23,2026-11-15,0.0,False
no_ml_baseline_2026-06-15_v2,Product Info for BRG_2026-06-01__no_ml_baseline_2026-06-15_v2.xlsx,30070-1AY-XXL,24,2026-11-22,0.0,False
no_ml_baseline_2026-06-15_v2,Product Info for BRG_2026-06-01__no_ml_baseline_2026-06-15_v2.xlsx,30070-1AY-XXL,25,2026-11-29,0.0,False
no_ml_baseline_2026-06-15_v2,Product Info for BRG_2026-06-01__no_ml_baseline_2026-06-15_v2.xlsx,30070-1AY-XXL,26,2026-12-06,0.0,False
no_ml_baseline_2026-06-15_v2,Product Info for BRG_2026-06-01__no_ml_baseline_2026-06-15_v2.xlsx,30070-S74-L,1,2026-06-14,1.0,True
no_ml_baseline_2026-06-15_v2,Product Info for BRG_2026-06-01__no_ml_baseline_2026-06-15_v2.xlsx,30070-S74-L,2,2026-06-21,0.0,True
no_ml_baseline_2026-06-15_v2,Product Info for BRG_2026-06-01__no_ml_baseline_2026-06-15_v2.xlsx,30070-S74-L,3,2026-06-28,0.0,True
no_ml_baseline_2026-06-15_v2,Product Info for BRG_2026-06-01__no_ml_baseline_2026-06-15_v2.xlsx,30070-S74-L,4,2026-07-05,0.0,True
no_ml_baseline_2026-06-15_v2,Product Info for BRG_2026-06-01__no_ml_baseline_2026-06-15_v2.xlsx,30070-S74-L,5,2026-07-12,0.0,True
no_ml_baseline_2026-06-15_v2,Product Info for BRG_2026-06-01__no_ml_baseline_2026-06-15_v2.xlsx,30070-S74-L,6,2026-07-19,0.0,True
no_ml_baseline_2026-06-15_v2,Product Info for BRG_2026-06-01__no_ml_baseline_2026-06-15_v2.xlsx,30070-S74-L,7,2026-07-26,0.0,True
no_ml_baseline_2026-06-15_v2,Product Info for BRG_2026-06-01__no_ml_baseline_2026-06-15_v2.xlsx,30070-S74-L,8,2026-08-02,0.0,True
no_ml_baseline_2026-06-15_v2,Product Info for BRG_2026-06-01__no_ml_baseline_2026-06-15_v2.xlsx,30070-S74-L,9,2026-08-09,0.0,True
no_ml_baseline_2026-06-15_v2,Product Info for BRG_2026-06-01__no_ml_baseline_2026-06-15_v2.xlsx,30070-S74-L,10,2026-08-16,0.0,True
no_ml_baseline_2026-06-15_v2,Product Info for BRG_2026-06-01__no_ml_baseline_2026-06-15_v2.xlsx,30070-S74-L,11,2026-08-23,0.0,True
no_ml_baseline_2026-06-15_v2,Product Info for BRG_2026-06-01__no_ml_baseline_2026-06-15_v2.xlsx,30070-S74-L,12,2026-08-30,0.0,True
no_ml_baseline_2026-06-15_v2,Product Info for BRG_2026-06-01__no_ml_baseline_2026-06-15_v2.xlsx,30070-S74-L,13,2026-09-06,0.0,True
no_ml_baseline_2026-06-15_v2,Product Info for BRG_2026-06-01__no_ml_baseline_2026-06-15_v2.xlsx,30070-S74-L,14,2026-09-13,0.0,False
no_ml_baseline_2026-06-15_v2,Product Info for BRG_2026-06-01__no_ml_baseline_2026-06-15_v2.xlsx,30070-S74-L,15,2026-09-20,0.0,False
no_ml_baseline_2026-06-15_v2,Product Info for BRG_2026-06-01__no_ml_baseline_2026-06-15_v2.xlsx,30070-S74-L,16,2026-09-27,0.0,False
no_ml_baseline_2026-06-15_v2,Product Info for BRG_2026-06-01__no_ml_baseline_2026-06-15_v2.xlsx,30070-S74-L,17,2026-10-04,0.0,False
no_ml_baseline_2026-06-15_v2,Product Info for BRG_2026-06-01__no_ml_baseline_2026-06-15_v2.xlsx,30070-S74-L,18,2026-10-11,0.0,False
no_ml_baseline_2026-06-15_v2,Product Info for BRG_2026-06-01__no_ml_baseline_2026-06-15_v2.xlsx,30070-S74-L,19,2026-10-18,0.0,False
no_ml_baseline_2026-06-15_v2,Product Info for BRG_2026-06-01__no_ml_baseline_2026-06-15_v2.xlsx,30070-S74-L,20,2026-10-25,0.0,False
no_ml_baseline_2026-06-15_v2,Product Info for BRG_2026-06-01__no_ml_baseline_2026-06-15_v2.xlsx,30070-S74-L,21,2026-11-01,0.0,False
no_ml_baseline_2026-06-15_v2,Product Info for BRG_2026-06-01__no_ml_baseline_2026-06-15_v2.xlsx,30070-S74-L,22,2026-11-08,0.0,False
no_ml_baseline_2026-06-15_v2,Product Info for BRG_2026-06-01__no_ml_baseline_2026-06-15_v2.xlsx,30070-S74-L,23,2026-11-15,0.0,False
no_ml_baseline_2026-06-15_v2,Product Info for BRG_2026-06-01__no_ml_baseline_2026-06-15_v2.xlsx,30070-S74-L,24,2026-11-22,0.0,False
no_ml_baseline_2026-06-15_v2,Product Info for BRG_2026-06-01__no_ml_baseline_2026-06-15_v2.xlsx,30070-S74-L,25,2026-11-29,0.0,False
no_ml_baseline_2026-06-15_v2,Product Info for BRG_2026-06-01__no_ml_baseline_2026-06-15_v2.xlsx,30070-S74-L,26,2026-12-06,0.0,False
no_ml_baseline_2026-06-15_v2,Product Info for BRG_2026-06-01__no_ml_baseline_2026-06-15_v2.xlsx,30070-S74-XS,1,2026-06-14,1.0,True
no_ml_baseline_2026-06-15_v2,Product Info for BRG_2026-06-01__no_ml_baseline_2026-06-15_v2.xlsx,30070-S74-XS,2,2026-06-21,0.0,True
no_ml_baseline_2026-06-15_v2,Product Info for BRG_2026-06-01__no_ml_baseline_2026-06-15_v2.xlsx,30070-S74-XS,3,2026-06-28,0.0,True
no_ml_baseline_2026-06-15_v2,Product Info for BRG_2026-06-01__no_ml_baseline_2026-06-15_v2.xlsx,30070-S74-XS,4,2026-07-05,0.0,True
no_ml_baseline_2026-06-15_v2,Product Info for BRG_2026-06-01__no_ml_baseline_2026-06-15_v2.xlsx,30070-S74-XS,5,2026-07-12,0.0,True
no_ml_baseline_2026-06-15_v2,Product Info for BRG_2026-06-01__no_ml_baseline_2026-06-15_v2.xlsx,30070-S74-XS,6,2026-07-19,0.0,True
no_ml_baseline_2026-06-15_v2,Product Info for BRG_2026-06-01__no_ml_baseline_2026-06-15_v2.xlsx,30070-S74-XS,7,2026-07-26,0.0,True
no_ml_baseline_2026-06-15_v2,Product Info for BRG_2026-06-01__no_ml_baseline_2026-06-15_v2.xlsx,30070-S74-XS,8,2026-08-02,0.0,True
no_ml_baseline_2026-06-15_v2,Product Info for BRG_2026-06-01__no_ml_baseline_2026-06-15_v2.xlsx,30070-S74-XS,9,2026-08-09,0.0,True
no_ml_baseline_2026-06-15_v2,Product Info for BRG_2026-06-01__no_ml_baseline_2026-06-15_v2.xlsx,30070-S74-XS,10,2026-08-16,0.0,True
no_ml_baseline_2026-06-15_v2,Product Info for BRG_2026-06-01__no_ml_baseline_2026-06-15_v2.xlsx,30070-S74-XS,11,2026-08-23,0.0,True
no_ml_baseline_2026-06-15_v2,Product Info for BRG_2026-06-01__no_ml_baseline_2026-06-15_v2.xlsx,30070-S74-XS,12,2026-08-30,0.0,True
no_ml_baseline_2026-06-15_v2,Product Info for BRG_2026-06-01__no_ml_baseline_2026-06-15_v2.xlsx,30070-S74-XS,13,2026-09-06,0.0,True
no_ml_baseline_2026-06-15_v2,Product Info for BRG_2026-06-01__no_ml_baseline_2026-06-15_v2.xlsx,30070-S74-XS,14,2026-09-13,0.0,False
no_ml_baseline_2026-06-15_v2,Product Info for BRG_2026-06-01__no_ml_baseline_2026-06-15_v2.xlsx,30070-S74-XS,15,2026-09-20,0.0,False
no_ml_baseline_2026-06-15_v2,Product Info for BRG_2026-06-01__no_ml_baseline_2026-06-15_v2.xlsx,30070-S74-XS,16,2026-09-27,0.0,False
no_ml_baseline_2026-06-15_v2,Product Info for BRG_2026-06-01__no_ml_baseline_2026-06-15_v2.xlsx,30070-S74-XS,17,2026-10-04,0.0,False
no_ml_baseline_2026-06-15_v2,Product Info for BRG_2026-06-01__no_ml_baseline_2026-06-15_v2.xlsx,30070-S74-XS,18,2026-10-11,0.0,False
no_ml_baseline_2026-06-15_v2,Product Info for BRG_2026-06-01__no_ml_baseline_2026-06-15_v2.xlsx,30070-S74-XS,19,2026-10-18,0.0,False
no_ml_baseline_2026-06-15_v2,Product Info for BRG_2026-06-01__no_ml_baseline_2026-06-15_v2.xlsx,30070-S74-XS,20,2026-10-25,0.0,False
no_ml_baseline_2026-06-15_v2,Product Info for BRG_2026-06-01__no_ml_baseline_2026-06-15_v2.xlsx,30070-S74-XS,21,2026-11-01,0.0,False
no_ml_baseline_2026-06-15_v2,Product Info for BRG_2026-06-01__no_ml_baseline_2026-06-15_v2.xlsx,30070-S74-XS,22,2026-11-08,0.0,False
no_ml_baseline_2026-06-15_v2,Product Info for BRG_2026-06-01__no_ml_baseline_2026-06-15_v2.xlsx,30070-S74-XS,23,2026-11-15,0.0,False
no_ml_baseline_2026-06-15_v2,Product Info for BRG_2026-06-01__no_ml_baseline_2026-06-15_v2.xlsx,30070-S74-XS,24,2026-11-22,0.0,False
no_ml_baseline_2026-06-15_v2,Product Info for BRG_2026-06-01__no_ml_baseline_2026-06-15_v2.xlsx,30070-S74-XS,25,2026-11-29,0.0,False
no_ml_baseline_2026-06-15_v2,Product Info for BRG_2026-06-01__no_ml_baseline_2026-06-15_v2.xlsx,30070-S74-XS,26,2026-12-06,0.0,False
no_ml_baseline_2026-06-15_v2,Product Info for BRG_2026-06-01__no_ml_baseline_2026-06-15_v2.xlsx,30070-SR4-L,1,2026-06-14,3.9875000000000007,True
no_ml_baseline_2026-06-15_v2,Product Info for BRG_2026-06-01__no_ml_baseline_2026-06-15_v2.xlsx,30070-SR4-L,2,2026-06-21,2.75,True
no_ml_baseline_2026-06-15_v2,Product Info for BRG_2026-06-01__no_ml_baseline_2026-06-15_v2.xlsx,30070-SR4-L,3,2026-06-28,2.75,True
no_ml_baseline_2026-06-15_v2,Product Info for BRG_2026-06-01__no_ml_baseline_2026-06-15_v2.xlsx,30070-SR4-L,4,2026-07-05,2.75,True
no_ml_baseline_2026-06-15_v2,Product Info for BRG_2026-06-01__no_ml_baseline_2026-06-15_v2.xlsx,30070-SR4-L,5,2026-07-12,2.75,True
no_ml_baseline_2026-06-15_v2,Product Info for BRG_2026-06-01__no_ml_baseline_2026-06-15_v2.xlsx,30070-SR4-L,6,2026-07-19,2.75,True
no_ml_baseline_2026-06-15_v2,Product Info for BRG_2026-06-01__no_ml_baseline_2026-06-15_v2.xlsx,30070-SR4-L,7,2026-07-26,2.75,True
no_ml_baseline_2026-06-15_v2,Product Info for BRG_2026-06-01__no_ml_baseline_2026-06-15_v2.xlsx,30070-SR4-L,8,2026-08-02,2.75,True
no_ml_baseline_2026-06-15_v2,Product Info for BRG_2026-06-01__no_ml_baseline_2026-06-15_v2.xlsx,30070-SR4-L,9,2026-08-09,2.75,True
no_ml_baseline_2026-06-15_v2,Product Info for BRG_2026-06-01__no_ml_baseline_2026-06-15_v2.xlsx,30070-SR4-L,10,2026-08-16,2.75,True
no_ml_baseline_2026-06-15_v2,Product Info for BRG_2026-06-01__no_ml_baseline_2026-06-15_v2.xlsx,30070-SR4-L,11,2026-08-23,2.75,True
no_ml_baseline_2026-06-15_v2,Product Info for BRG_2026-06-01__no_ml_baseline_2026-06-15_v2.xlsx,30070-SR4-L,12,2026-08-30,2.75,True
no_ml_baseline_2026-06-15_v2,Product Info for BRG_2026-06-01__no_ml_baseline_2026-06-15_v2.xlsx,30070-SR4-L,13,2026-09-06,2.75,True
no_ml_baseline_2026-06-15_v2,Product Info for BRG_2026-06-01__no_ml_baseline_2026-06-15_v2.xlsx,30070-SR4-L,14,2026-09-13,2.75,False
no_ml_baseline_2026-06-15_v2,Product Info for BRG_2026-06-01__no_ml_baseline_2026-06-15_v2.xlsx,30070-SR4-L,15,2026-09-20,2.75,False
no_ml_baseline_2026-06-15_v2,Product Info for BRG_2026-06-01__no_ml_baseline_2026-06-15_v2.xlsx,30070-SR4-L,16,2026-09-27,2.75,False
no_ml_baseline_2026-06-15_v2,Product Info for BRG_2026-06-01__no_ml_baseline_2026-06-15_v2.xlsx,30070-SR4-L,17,2026-10-04,2.75,False
no_ml_baseline_2026-06-15_v2,Product Info for BRG_2026-06-01__no_ml_baseline_2026-06-15_v2.xlsx,30070-SR4-L,18,2026-10-11,2.75,False
no_ml_baseline_2026-06-15_v2,Product Info for BRG_2026-06-01__no_ml_baseline_2026-06-15_v2.xlsx,30070-SR4-L,19,2026-10-18,2.75,False
no_ml_baseline_2026-06-15_v2,Product Info for BRG_2026-06-01__no_ml_baseline_2026-06-15_v2.xlsx,30070-SR4-L,20,2026-10-25,2.75,False
no_ml_baseline_2026-06-15_v2,Product Info for BRG_2026-06-01__no_ml_baseline_2026-06-15_v2.xlsx,30070-SR4-L,21,2026-11-01,2.75,False
no_ml_baseline_2026-06-15_v2,Product Info for BRG_2026-06-01__no_ml_baseline_2026-06-15_v2.xlsx,30070-SR4-L,22,2026-11-08,2.75,False
no_ml_baseline_2026-06-15_v2,Product Info for BRG_2026-06-01__no_ml_baseline_2026-06-15_v2.xlsx,30070-SR4-L,23,2026-11-15,2.75,False
no_ml_baseline_2026-06-15_v2,Product Info for BRG_2026-06-01__no_ml_baseline_2026-06-15_v2.xlsx,30070-SR4-L,24,2026-11-22,2.75,False
no_ml_baseline_2026-06-15_v2,Product Info for BRG_2026-06-01__no_ml_baseline_2026-06-15_v2.xlsx,30070-SR4-L,25,2026-11-29,2.75,False
no_ml_baseline_2026-06-15_v2,Product Info for BRG_2026-06-01__no_ml_baseline_2026-06-15_v2.xlsx,30070-SR4-L,26,2026-12-06,2.75,False
no_ml_baseline_2026-06-15_v2,Product Info for BRG_2026-06-01__no_ml_baseline_2026-06-15_v2.xlsx,30070-SR4-M,1,2026-06-14,2.0,True
no_ml_baseline_2026-06-15_v2,Product Info for BRG_2026-06-01__no_ml_baseline_2026-06-15_v2.xlsx,30070-SR4-M,2,2026-06-21,0.5,True
no_ml_baseline_2026-06-15_v2,Product Info for BRG_2026-06-01__no_ml_baseline_2026-06-15_v2.xlsx,30070-SR4-M,3,2026-06-28,0.5,True
no_ml_baseline_2026-06-15_v2,Product Info for BRG_2026-06-01__no_ml_baseline_2026-06-15_v2.xlsx,30070-SR4-M,4,2026-07-05,0.5,True
no_ml_baseline_2026-06-15_v2,Product Info for BRG_2026-06-01__no_ml_baseline_2026-06-15_v2.xlsx,30070-SR4-M,5,2026-07-12,0.5,True
no_ml_baseline_2026-06-15_v2,Product Info for BRG_2026-06-01__no_ml_baseline_2026-06-15_v2.xlsx,30070-SR4-M,6,2026-07-19,0.5,True
no_ml_baseline_2026-06-15_v2,Product Info for BRG_2026-06-01__no_ml_baseline_2026-06-15_v2.xlsx,30070-SR4-M,7,2026-07-26,0.5,True
no_ml_baseline_2026-06-15_v2,Product Info for BRG_2026-06-01__no_ml_baseline_2026-06-15_v2.xlsx,30070-SR4-M,8,2026-08-02,0.5,True
no_ml_baseline_2026-06-15_v2,Product Info for BRG_2026-06-01__no_ml_baseline_2026-06-15_v2.xlsx,30070-SR4-M,9,2026-08-09,0.5,True
no_ml_baseline_2026-06-15_v2,Product Info for BRG_2026-06-01__no_ml_baseline_2026-06-15_v2.xlsx,30070-SR4-M,10,2026-08-16,0.5,True
no_ml_baseline_2026-06-15_v2,Product Info for BRG_2026-06-01__no_ml_baseline_2026-06-15_v2.xlsx,30070-SR4-M,11,2026-08-23,0.5,True
no_ml_baseline_2026-06-15_v2,Product Info for BRG_2026-06-01__no_ml_baseline_2026-06-15_v2.xlsx,30070-SR4-M,12,2026-08-30,0.5,True
no_ml_baseline_2026-06-15_v2,Product Info for BRG_2026-06-01__no_ml_baseline_2026-06-15_v2.xlsx,30070-SR4-M,13,2026-09-06,0.5,True
no_ml_baseline_2026-06-15_v2,Product Info for BRG_2026-06-01__no_ml_baseline_2026-06-15_v2.xlsx,30070-SR4-M,14,2026-09-13,0.5,False
no_ml_baseline_2026-06-15_v2,Product Info for BRG_2026-06-01__no_ml_baseline_2026-06-15_v2.xlsx,30070-SR4-M,15,2026-09-20,0.5,False
no_ml_baseline_2026-06-15_v2,Product Info for BRG_2026-06-01__no_ml_baseline_2026-06-15_v2.xlsx,30070-SR4-M,16,2026-09-27,0.5,False
no_ml_baseline_2026-06-15_v2,Product Info for BRG_2026-06-01__no_ml_baseline_2026-06-15_v2.xlsx,30070-SR4-M,17,2026-10-04,0.5,False
no_ml_baseline_2026-06-15_v2,Product Info for BRG_2026-06-01__no_ml_baseline_2026-06-15_v2.xlsx,30070-SR4-M,18,2026-10-11,0.5,False
no_ml_baseline_2026-06-15_v2,Product Info for BRG_2026-06-01__no_ml_baseline_2026-06-15_v2.xlsx,30070-SR4-M,19,2026-10-18,0.5,False
no_ml_baseline_2026-06-15_v2,Product Info for BRG_2026-06-01__no_ml_baseline_2026-06-15_v2.xlsx,30070-SR4-M,20,2026-10-25,0.5,False
no_ml_baseline_2026-06-15_v2,Product Info for BRG_2026-06-01__no_ml_baseline_2026-06-15_v2.xlsx,30070-SR4-M,21,2026-11-01,0.5,False
no_ml_baseline_2026-06-15_v2,Product Info for BRG_2026-06-01__no_ml_baseline_2026-06-15_v2.xlsx,30070-SR4-M,22,2026-11-08,0.5,False
no_ml_baseline_2026-06-15_v2,Product Info for BRG_2026-06-01__no_ml_baseline_2026-06-15_v2.xlsx,30070-SR4-M,23,2026-11-15,0.5,False
no_ml_baseline_2026-06-15_v2,Product Info for BRG_2026-06-01__no_ml_baseline_2026-06-15_v2.xlsx,30070-SR4-M,24,2026-11-22,0.5,False
no_ml_baseline_2026-06-15_v2,Product Info for BRG_2026-06-01__no_ml_baseline_2026-06-15_v2.xlsx,30070-SR4-M,25,2026-11-29,0.5,False
no_ml_baseline_2026-06-15_v2,Product Info for BRG_2026-06-01__no_ml_baseline_2026-06-15_v2.xlsx,30070-SR4-M,26,2026-12-06,0.5,False
no_ml_baseline_2026-06-15_v2,Product Info for BRG_2026-06-01__no_ml_baseline_2026-06-15_v2.xlsx,30070-SR4-S,1,2026-06-14,2.0,True
no_ml_baseline_2026-06-15_v2,Product Info for BRG_2026-06-01__no_ml_baseline_2026-06-15_v2.xlsx,30070-SR4-S,2,2026-06-21,0.0,True
no_ml_baseline_2026-06-15_v2,Product Info for BRG_2026-06-01__no_ml_baseline_2026-06-15_v2.xlsx,30070-SR4-S,3,2026-06-28,0.0,True
no_ml_baseline_2026-06-15_v2,Product Info for BRG_2026-06-01__no_ml_baseline_2026-06-15_v2.xlsx,30070-SR4-S,4,2026-07-05,0.0,True
no_ml_baseline_2026-06-15_v2,Product Info for BRG_2026-06-01__no_ml_baseline_2026-06-15_v2.xlsx,30070-SR4-S,5,2026-07-12,0.0,True
no_ml_baseline_2026-06-15_v2,Product Info for BRG_2026-06-01__no_ml_baseline_2026-06-15_v2.xlsx,30070-SR4-S,6,2026-07-19,0.0,True
no_ml_baseline_2026-06-15_v2,Product Info for BRG_2026-06-01__no_ml_baseline_2026-06-15_v2.xlsx,30070-SR4-S,7,2026-07-26,0.0,True
no_ml_baseline_2026-06-15_v2,Product Info for BRG_2026-06-01__no_ml_baseline_2026-06-15_v2.xlsx,30070-SR4-S,8,2026-08-02,0.0,True
no_ml_baseline_2026-06-15_v2,Product Info for BRG_2026-06-01__no_ml_baseline_2026-06-15_v2.xlsx,30070-SR4-S,9,2026-08-09,0.0,True
no_ml_baseline_2026-06-15_v2,Product Info for BRG_2026-06-01__no_ml_baseline_2026-06-15_v2.xlsx,30070-SR4-S,10,2026-08-16,0.0,True
no_ml_baseline_2026-06-15_v2,Product Info for BRG_2026-06-01__no_ml_baseline_2026-06-15_v2.xlsx,30070-SR4-S,11,2026-08-23,0.0,True
no_ml_baseline_2026-06-15_v2,Product Info for BRG_2026-06-01__no_ml_baseline_2026-06-15_v2.xlsx,30070-SR4-S,12,2026-08-30,0.0,True
no_ml_baseline_2026-06-15_v2,Product Info for BRG_2026-06-01__no_ml_baseline_2026-06-15_v2.xlsx,30070-SR4-S,13,2026-09-06,0.0,True
no_ml_baseline_2026-06-15_v2,Product Info for BRG_2026-06-01__no_ml_baseline_2026-06-15_v2.xlsx,30070-SR4-S,14,2026-09-13,0.0,False
no_ml_baseline_2026-06-15_v2,Product Info for BRG_2026-06-01__no_ml_baseline_2026-06-15_v2.xlsx,30070-SR4-S,15,2026-09-20,0.0,False
no_ml_baseline_2026-06-15_v2,Product Info for BRG_2026-06-01__no_ml_baseline_2026-06-15_v2.xlsx,30070-SR4-S,16,2026-09-27,0.0,False
no_ml_baseline_2026-06-15_v2,Product Info for BRG_2026-06-01__no_ml_baseline_2026-06-15_v2.xlsx,30070-SR4-S,17,2026-10-04,0.0,False
no_ml_baseline_2026-06-15_v2,Product Info for BRG_2026-06-01__no_ml_baseline_2026-06-15_v2.xlsx,30070-SR4-S,18,2026-10-11,0.0,False
no_ml_baseline_2026-06-15_v2,Product Info for BRG_2026-06-01__no_ml_baseline_2026-06-15_v2.xlsx,30070-SR4-S,19,2026-10-18,0.0,False
no_ml_baseline_2026-06-15_v2,Product Info for BRG_2026-06-01__no_ml_baseline_2026-06-15_v2.xlsx,30070-SR4-S,20,2026-10-25,0.0,False
no_ml_baseline_2026-06-15_v2,Product Info for BRG_2026-06-01__no_ml_baseline_2026-06-15_v2.xlsx,30070-SR4-S,21,2026-11-01,0.0,False
no_ml_baseline_2026-06-15_v2,Product Info for BRG_2026-06-01__no_ml_baseline_2026-06-15_v2.xlsx,30070-SR4-S,22,2026-11-08,0.0,False
no_ml_baseline_2026-06-15_v2,Product Info for BRG_2026-06-01__no_ml_baseline_2026-06-15_v2.xlsx,30070-SR4-S,23,2026-11-15,0.0,False
no_ml_baseline_2026-06-15_v2,Product Info for BRG_2026-06-01__no_ml_baseline_2026-06-15_v2.xlsx,30070-SR4-S,24,2026-11-22,0.0,False
no_ml_baseline_2026-06-15_v2,Product Info for BRG_2026-06-01__no_ml_baseline_2026-06-15_v2.xlsx,30070-SR4-S,25,2026-11-29,0.0,False
no_ml_baseline_2026-06-15_v2,Product Info for BRG_2026-06-01__no_ml_baseline_2026-06-15_v2.xlsx,30070-SR4-S,26,2026-12-06,0.0,False
no_ml_baseline_2026-06-15_v2,Product Info for BRG_2026-06-01__no_ml_baseline_2026-06-15_v2.xlsx,30070-SR4-XL,1,2026-06-14,2.0,True
no_ml_baseline_2026-06-15_v2,Product Info for BRG_2026-06-01__no_ml_baseline_2026-06-15_v2.xlsx,30070-SR4-XL,2,2026-06-21,1.125,True
no_ml_baseline_2026-06-15_v2,Product Info for BRG_2026-06-01__no_ml_baseline_2026-06-15_v2.xlsx,30070-SR4-XL,3,2026-06-28,1.125,True
no_ml_baseline_2026-06-15_v2,Product Info for BRG_2026-06-01__no_ml_baseline_2026-06-15_v2.xlsx,30070-SR4-XL,4,2026-07-05,1.125,True
no_ml_baseline_2026-06-15_v2,Product Info for BRG_2026-06-01__no_ml_baseline_2026-06-15_v2.xlsx,30070-SR4-XL,5,2026-07-12,1.125,True
no_ml_baseline_2026-06-15_v2,Product Info for BRG_2026-06-01__no_ml_baseline_2026-06-15_v2.xlsx,30070-SR4-XL,6,2026-07-19,1.125,True
no_ml_baseline_2026-06-15_v2,Product Info for BRG_2026-06-01__no_ml_baseline_2026-06-15_v2.xlsx,30070-SR4-XL,7,2026-07-26,1.125,True
no_ml_baseline_2026-06-15_v2,Product Info for BRG_2026-06-01__no_ml_baseline_2026-06-15_v2.xlsx,30070-SR4-XL,8,2026-08-02,1.125,True
no_ml_baseline_2026-06-15_v2,Product Info for BRG_2026-06-01__no_ml_baseline_2026-06-15_v2.xlsx,30070-SR4-XL,9,2026-08-09,1.125,True
no_ml_baseline_2026-06-15_v2,Product Info for BRG_2026-06-01__no_ml_baseline_2026-06-15_v2.xlsx,30070-SR4-XL,10,2026-08-16,1.125,True
no_ml_baseline_2026-06-15_v2,Product Info for BRG_2026-06-01__no_ml_baseline_2026-06-15_v2.xlsx,30070-SR4-XL,11,2026-08-23,1.125,True
no_ml_baseline_2026-06-15_v2,Product Info for BRG_2026-06-01__no_ml_baseline_2026-06-15_v2.xlsx,30070-SR4-XL,12,2026-08-30,1.125,True
no_ml_baseline_2026-06-15_v2,Product Info for BRG_2026-06-01__no_ml_baseline_2026-06-15_v2.xlsx,30070-SR4-XL,13,2026-09-06,1.125,True
no_ml_baseline_2026-06-15_v2,Product Info for BRG_2026-06-01__no_ml_baseline_2026-06-15_v2.xlsx,30070-SR4-XL,14,2026-09-13,1.125,False
no_ml_baseline_2026-06-15_v2,Product Info for BRG_2026-06-01__no_ml_baseline_2026-06-15_v2.xlsx,30070-SR4-XL,15,2026-09-20,1.125,False
no_ml_baseline_2026-06-15_v2,Product Info for BRG_2026-06-01__no_ml_baseline_2026-06-15_v2.xlsx,30070-SR4-XL,16,2026-09-27,1.125,False
no_ml_baseline_2026-06-15_v2,Product Info for BRG_2026-06-01__no_ml_baseline_2026-06-15_v2.xlsx,30070-SR4-XL,17,2026-10-04,1.125,False
no_ml_baseline_2026-06-15_v2,Product Info for BRG_2026-06-01__no_ml_baseline_2026-06-15_v2.xlsx,30070-SR4-XL,18,2026-10-11,1.125,False
no_ml_baseline_2026-06-15_v2,Product Info for BRG_2026-06-01__no_ml_baseline_2026-06-15_v2.xlsx,30070-SR4-XL,19,2026-10-18,1.125,False
no_ml_baseline_2026-06-15_v2,Product Info for BRG_2026-06-01__no_ml_baseline_2026-06-15_v2.xlsx,30070-SR4-XL,20,2026-10-25,1.125,False
no_ml_baseline_2026-06-15_v2,Product Info for BRG_2026-06-01__no_ml_baseline_2026-06-15_v2.xlsx,30070-SR4-XL,21,2026-11-01,1.125,False
no_ml_baseline_2026-06-15_v2,Product Info for BRG_2026-06-01__no_ml_baseline_2026-06-15_v2.xlsx,30070-SR4-XL,22,2026-11-08,1.125,False
no_ml_baseline_2026-06-15_v2,Product Info for BRG_2026-06-01__no_ml_baseline_2026-06-15_v2.xlsx,30070-SR4-XL,23,2026-11-15,1.125,False
no_ml_baseline_2026-06-15_v2,Product Info for BRG_2026-06-01__no_ml_baseline_2026-06-15_v2.xlsx,30070-SR4-XL,24,2026-11-22,1.125,False
no_ml_baseline_2026-06-15_v2,Product Info for BRG_2026-06-01__no_ml_baseline_2026-06-15_v2.xlsx,30070-SR4-XL,25,2026-11-29,1.125,False
no_ml_baseline_2026-06-15_v2,Product Info for BRG_2026-06-01__no_ml_baseline_2026-06-15_v2.xlsx,30070-SR4-XL,26,2026-12-06,1.125,False
no_ml_baseline_2026-06-15_v2,Product Info for BRG_2026-06-01__no_ml_baseline_2026-06-15_v2.xlsx,30070-SR4-XS,1,2026-06-14,2.35625,True
no_ml_baseline_2026-06-15_v2,Product Info for BRG_2026-06-01__no_ml_baseline_2026-06-15_v2.xlsx,30070-SR4-XS,2,2026-06-21,1.625,True
no_ml_baseline_2026-06-15_v2,Product Info for BRG_2026-06-01__no_ml_baseline_2026-06-15_v2.xlsx,30070-SR4-XS,3,2026-06-28,1.625,True
no_ml_baseline_2026-06-15_v2,Product Info for BRG_2026-06-01__no_ml_baseline_2026-06-15_v2.xlsx,30070-SR4-XS,4,2026-07-05,1.625,True
no_ml_baseline_2026-06-15_v2,Product Info for BRG_2026-06-01__no_ml_baseline_2026-06-15_v2.xlsx,30070-SR4-XS,5,2026-07-12,1.625,True
no_ml_baseline_2026-06-15_v2,Product Info for BRG_2026-06-01__no_ml_baseline_2026-06-15_v2.xlsx,30070-SR4-XS,6,2026-07-19,1.625,True
no_ml_baseline_2026-06-15_v2,Product Info for BRG_2026-06-01__no_ml_baseline_2026-06-15_v2.xlsx,30070-SR4-XS,7,2026-07-26,1.625,True
no_ml_baseline_2026-06-15_v2,Product Info for BRG_2026-06-01__no_ml_baseline_2026-06-15_v2.xlsx,30070-SR4-XS,8,2026-08-02,1.625,True
no_ml_baseline_2026-06-15_v2,Product Info for BRG_2026-06-01__no_ml_baseline_2026-06-15_v2.xlsx,30070-SR4-XS,9,2026-08-09,1.625,True
no_ml_baseline_2026-06-15_v2,Product Info for BRG_2026-06-01__no_ml_baseline_2026-06-15_v2.xlsx,30070-SR4-XS,10,2026-08-16,1.625,True
no_ml_baseline_2026-06-15_v2,Product Info for BRG_2026-06-01__no_ml_baseline_2026-06-15_v2.xlsx,30070-SR4-XS,11,2026-08-23,1.625,True
no_ml_baseline_2026-06-15_v2,Product Info for BRG_2026-06-01__no_ml_baseline_2026-06-15_v2.xlsx,30070-SR4-XS,12,2026-08-30,1.625,True
no_ml_baseline_2026-06-15_v2,Product Info for BRG_2026-06-01__no_ml_baseline_2026-06-15_v2.xlsx,30070-SR4-XS,13,2026-09-06,1.625,True
no_ml_baseline_2026-06-15_v2,Product Info for BRG_2026-06-01__no_ml_baseline_2026-06-15_v2.xlsx,30070-SR4-XS,14,2026-09-13,1.625,False
no_ml_baseline_2026-06-15_v2,Product Info for BRG_2026-06-01__no_ml_baseline_2026-06-15_v2.xlsx,30070-SR4-XS,15,2026-09-20,1.625,False
no_ml_baseline_2026-06-15_v2,Product Info for BRG_2026-06-01__no_ml_baseline_2026-06-15_v2.xlsx,30070-SR4-XS,16,2026-09-27,1.625,False
no_ml_baseline_2026-06-15_v2,Product Info for BRG_2026-06-01__no_ml_baseline_2026-06-15_v2.xlsx,30070-SR4-XS,17,2026-10-04,1.625,False
no_ml_baseline_2026-06-15_v2,Product Info for BRG_2026-06-01__no_ml_baseline_2026-06-15_v2.xlsx,30070-SR4-XS,18,2026-10-11,1.625,False
no_ml_baseline_2026-06-15_v2,Product Info for BRG_2026-06-01__no_ml_baseline_2026-06-15_v2.xlsx,30070-SR4-XS,19,2026-10-18,1.625,False
no_ml_baseline_2026-06-15_v2,Product Info for BRG_2026-06-01__no_ml_baseline_2026-06-15_v2.xlsx,30070-SR4-XS,20,2026-10-25,1.625,False
no_ml_baseline_2026-06-15_v2,Product Info for BRG_2026-06-01__no_ml_baseline_2026-06-15_v2.xlsx,30070-SR4-XS,21,2026-11-01,1.625,False
no_ml_baseline_2026-06-15_v2,Product Info for BRG_2026-06-01__no_ml_baseline_2026-06-15_v2.xlsx,30070-SR4-XS,22,2026-11-08,1.625,False
no_ml_baseline_2026-06-15_v2,Product Info for BRG_2026-06-01__no_ml_baseline_2026-06-15_v2.xlsx,30070-SR4-XS,23,2026-11-15,1.625,False
no_ml_baseline_2026-06-15_v2,Product Info for BRG_2026-06-01__no_ml_baseline_2026-06-15_v2.xlsx,30070-SR4-XS,24,2026-11-22,1.625,False
no_ml_baseline_2026-06-15_v2,Product Info for BRG_2026-06-01__no_ml_baseline_2026-06-15_v2.xlsx,30070-SR4-XS,25,2026-11-29,1.625,False
no_ml_baseline_2026-06-15_v2,Product Info for BRG_2026-06-01__no_ml_baseline_2026-06-15_v2.xlsx,30070-SR4-XS,26,2026-12-06,1.625,False
no_ml_baseline_2026-06-15_v2,Product Info for BRG_2026-06-01__no_ml_baseline_2026-06-15_v2.xlsx,30070-SR4-XXL,1,2026-06-14,2.0,True
no_ml_baseline_2026-06-15_v2,Product Info for BRG_2026-06-01__no_ml_baseline_2026-06-15_v2.xlsx,30070-SR4-XXL,2,2026-06-21,0.75,True
no_ml_baseline_2026-06-15_v2,Product Info for BRG_2026-06-01__no_ml_baseline_2026-06-15_v2.xlsx,30070-SR4-XXL,3,2026-06-28,0.75,True
no_ml_baseline_2026-06-15_v2,Product Info for BRG_2026-06-01__no_ml_baseline_2026-06-15_v2.xlsx,30070-SR4-XXL,4,2026-07-05,0.75,True
no_ml_baseline_2026-06-15_v2,Product Info for BRG_2026-06-01__no_ml_baseline_2026-06-15_v2.xlsx,30070-SR4-XXL,5,2026-07-12,0.75,True
no_ml_baseline_2026-06-15_v2,Product Info for BRG_2026-06-01__no_ml_baseline_2026-06-15_v2.xlsx,30070-SR4-XXL,6,2026-07-19,0.75,True
no_ml_baseline_2026-06-15_v2,Product Info for BRG_2026-06-01__no_ml_baseline_2026-06-15_v2.xlsx,30070-SR4-XXL,7,2026-07-26,0.75,True
no_ml_baseline_2026-06-15_v2,Product Info for BRG_2026-06-01__no_ml_baseline_2026-06-15_v2.xlsx,30070-SR4-XXL,8,2026-08-02,0.75,True
no_ml_baseline_2026-06-15_v2,Product Info for BRG_2026-06-01__no_ml_baseline_2026-06-15_v2.xlsx,30070-SR4-XXL,9,2026-08-09,0.75,True
no_ml_baseline_2026-06-15_v2,Product Info for BRG_2026-06-01__no_ml_baseline_2026-06-15_v2.xlsx,30070-SR4-XXL,10,2026-08-16,0.75,True
no_ml_baseline_2026-06-15_v2,Product Info for BRG_2026-06-01__no_ml_baseline_2026-06-15_v2.xlsx,30070-SR4-XXL,11,2026-08-23,0.75,True
no_ml_baseline_2026-06-15_v2,Product Info for BRG_2026-06-01__no_ml_baseline_2026-06-15_v2.xlsx,30070-SR4-XXL,12,2026-08-30,0.75,True
no_ml_baseline_2026-06-15_v2,Product Info for BRG_2026-06-01__no_ml_baseline_2026-06-15_v2.xlsx,30070-SR4-XXL,13,2026-09-06,0.75,True
no_ml_baseline_2026-06-15_v2,Product Info for BRG_2026-06-01__no_ml_baseline_2026-06-15_v2.xlsx,30070-SR4-XXL,14,2026-09-13,0.75,False
no_ml_baseline_2026-06-15_v2,Product Info for BRG_2026-06-01__no_ml_baseline_2026-06-15_v2.xlsx,30070-SR4-XXL,15,2026-09-20,0.75,False
no_ml_baseline_2026-06-15_v2,Product Info for BRG_2026-06-01__no_ml_baseline_2026-06-15_v2.xlsx,30070-SR4-XXL,16,2026-09-27,0.75,False
no_ml_baseline_2026-06-15_v2,Product Info for BRG_2026-06-01__no_ml_baseline_2026-06-15_v2.xlsx,30070-SR4-XXL,17,2026-10-04,0.75,False
no_ml_baseline_2026-06-15_v2,Product Info for BRG_2026-06-01__no_ml_baseline_2026-06-15_v2.xlsx,30070-SR4-XXL,18,2026-10-11,0.75,False
no_ml_baseline_2026-06-15_v2,Product Info for BRG_2026-06-01__no_ml_baseline_2026-06-15_v2.xlsx,30070-SR4-XXL,19,2026-10-18,0.75,False
no_ml_baseline_2026-06-15_v2,Product Info for BRG_2026-06-01__no_ml_baseline_2026-06-15_v2.xlsx,30070-SR4-XXL,20,2026-10-25,0.75,False
no_ml_baseline_2026-06-15_v2,Product Info for BRG_2026-06-01__no_ml_baseline_2026-06-15_v2.xlsx,30070-SR4-XXL,21,2026-11-01,0.75,False
no_ml_baseline_2026-06-15_v2,Product Info for BRG_2026-06-01__no_ml_baseline_2026-06-15_v2.xlsx,30070-SR4-XXL,22,2026-11-08,0.75,False
no_ml_baseline_2026-06-15_v2,Product Info for BRG_2026-06-01__no_ml_baseline_2026-06-15_v2.xlsx,30070-SR4-XXL,23,2026-11-15,0.75,False
no_ml_baseline_2026-06-15_v2,Product Info for BRG_2026-06-01__no_ml_baseline_2026-06-15_v2.xlsx,30070-SR4-XXL,24,2026-11-22,0.75,False
no_ml_baseline_2026-06-15_v2,Product Info for BRG_2026-06-01__no_ml_baseline_2026-06-15_v2.xlsx,30070-SR4-XXL,25,2026-11-29,0.75,False
no_ml_baseline_2026-06-15_v2,Product Info for BRG_2026-06-01__no_ml_baseline_2026-06-15_v2.xlsx,30070-SR4-XXL,26,2026-12-06,0.75,False
no_ml_baseline_2026-06-15_v2,Product Info for BRG_2026-06-01__no_ml_baseline_2026-06-15_v2.xlsx,30070-U74-L,1,2026-06-14,2.0,True
no_ml_baseline_2026-06-15_v2,Product Info for BRG_2026-06-01__no_ml_baseline_2026-06-15_v2.xlsx,30070-U74-L,2,2026-06-21,0.0,True
no_ml_baseline_2026-06-15_v2,Product Info for BRG_2026-06-01__no_ml_baseline_2026-06-15_v2.xlsx,30070-U74-L,3,2026-06-28,0.0,True
no_ml_baseline_2026-06-15_v2,Product Info for BRG_2026-06-01__no_ml_baseline_2026-06-15_v2.xlsx,30070-U74-L,4,2026-07-05,0.0,True
no_ml_baseline_2026-06-15_v2,Product Info for BRG_2026-06-01__no_ml_baseline_2026-06-15_v2.xlsx,30070-U74-L,5,2026-07-12,0.0,True
no_ml_baseline_2026-06-15_v2,Product Info for BRG_2026-06-01__no_ml_baseline_2026-06-15_v2.xlsx,30070-U74-L,6,2026-07-19,0.0,True
no_ml_baseline_2026-06-15_v2,Product Info for BRG_2026-06-01__no_ml_baseline_2026-06-15_v2.xlsx,30070-U74-L,7,2026-07-26,0.0,True
no_ml_baseline_2026-06-15_v2,Product Info for BRG_2026-06-01__no_ml_baseline_2026-06-15_v2.xlsx,30070-U74-L,8,2026-08-02,0.0,True
no_ml_baseline_2026-06-15_v2,Product Info for BRG_2026-06-01__no_ml_baseline_2026-06-15_v2.xlsx,30070-U74-L,9,2026-08-09,0.0,True
no_ml_baseline_2026-06-15_v2,Product Info for BRG_2026-06-01__no_ml_baseline_2026-06-15_v2.xlsx,30070-U74-L,10,2026-08-16,0.0,True
no_ml_baseline_2026-06-15_v2,Product Info for BRG_2026-06-01__no_ml_baseline_2026-06-15_v2.xlsx,30070-U74-L,11,2026-08-23,0.0,True
no_ml_baseline_2026-06-15_v2,Product Info for BRG_2026-06-01__no_ml_baseline_2026-06-15_v2.xlsx,30070-U74-L,12,2026-08-30,0.0,True
no_ml_baseline_2026-06-15_v2,Product Info for BRG_2026-06-01__no_ml_baseline_2026-06-15_v2.xlsx,30070-U74-L,13,2026-09-06,0.0,True
no_ml_baseline_2026-06-15_v2,Product Info for BRG_2026-06-01__no_ml_baseline_2026-06-15_v2.xlsx,30070-U74-L,14,2026-09-13,0.0,False
no_ml_baseline_2026-06-15_v2,Product Info for BRG_2026-06-01__no_ml_baseline_2026-06-15_v2.xlsx,30070-U74-L,15,2026-09-20,0.0,False
no_ml_baseline_2026-06-15_v2,Product Info for BRG_2026-06-01__no_ml_baseline_2026-06-15_v2.xlsx,30070-U74-L,16,2026-09-27,0.0,False
no_ml_baseline_2026-06-15_v2,Product Info for BRG_2026-06-01__no_ml_baseline_2026-06-15_v2.xlsx,30070-U74-L,17,2026-10-04,0.0,False
no_ml_baseline_2026-06-15_v2,Product Info for BRG_2026-06-01__no_ml_baseline_2026-06-15_v2.xlsx,30070-U74-L,18,2026-10-11,0.0,False
no_ml_baseline_2026-06-15_v2,Product Info for BRG_2026-06-01__no_ml_baseline_2026-06-15_v2.xlsx,30070-U74-L,19,2026-10-18,0.0,False
no_ml_baseline_2026-06-15_v2,Product Info for BRG_2026-06-01__no_ml_baseline_2026-06-15_v2.xlsx,30070-U74-L,20,2026-10-25,0.0,False
no_ml_baseline_2026-06-15_v2,Product Info for BRG_2026-06-01__no_ml_baseline_2026-06-15_v2.xlsx,30070-U74-L,21,2026-11-01,0.0,False
no_ml_baseline_2026-06-15_v2,Product Info for BRG_2026-06-01__no_ml_baseline_2026-06-15_v2.xlsx,30070-U74-L,22,2026-11-08,0.0,False
no_ml_baseline_2026-06-15_v2,Product Info for BRG_2026-06-01__no_ml_baseline_2026-06-15_v2.xlsx,30070-U74-L,23,2026-11-15,0.0,False
no_ml_baseline_2026-06-15_v2,Product Info for BRG_2026-06-01__no_ml_baseline_2026-06-15_v2.xlsx,30070-U74-L,24,2026-11-22,0.0,False
no_ml_baseline_2026-06-15_v2,Product Info for BRG_2026-06-01__no_ml_baseline_2026-06-15_v2.xlsx,30070-U74-L,25,2026-11-29,0.0,False
no_ml_baseline_2026-06-15_v2,Product Info for BRG_2026-06-01__no_ml_baseline_2026-06-15_v2.xlsx,30070-U74-L,26,2026-12-06,0.0,False
no_ml_baseline_2026-06-15_v2,Product Info for BRG_2026-06-01__no_ml_baseline_2026-06-15_v2.xlsx,30070-U74-M,1,2026-06-14,2.0,True
no_ml_baseline_2026-06-15_v2,Product Info for BRG_2026-06-01__no_ml_baseline_2026-06-15_v2.xlsx,30070-U74-M,2,2026-06-21,0.0,True
no_ml_baseline_2026-06-15_v2,Product Info for BRG_2026-06-01__no_ml_baseline_2026-06-15_v2.xlsx,30070-U74-M,3,2026-06-28,0.0,True
no_ml_baseline_2026-06-15_v2,Product Info for BRG_2026-06-01__no_ml_baseline_2026-06-15_v2.xlsx,30070-U74-M,4,2026-07-05,0.0,True
no_ml_baseline_2026-06-15_v2,Product Info for BRG_2026-06-01__no_ml_baseline_2026-06-15_v2.xlsx,30070-U74-M,5,2026-07-12,0.0,True
no_ml_baseline_2026-06-15_v2,Product Info for BRG_2026-06-01__no_ml_baseline_2026-06-15_v2.xlsx,30070-U74-M,6,2026-07-19,0.0,True
no_ml_baseline_2026-06-15_v2,Product Info for BRG_2026-06-01__no_ml_baseline_2026-06-15_v2.xlsx,30070-U74-M,7,2026-07-26,0.0,True
no_ml_baseline_2026-06-15_v2,Product Info for BRG_2026-06-01__no_ml_baseline_2026-06-15_v2.xlsx,30070-U74-M,8,2026-08-02,0.0,True
no_ml_baseline_2026-06-15_v2,Product Info for BRG_2026-06-01__no_ml_baseline_2026-06-15_v2.xlsx,30070-U74-M,9,2026-08-09,0.0,True
no_ml_baseline_2026-06-15_v2,Product Info for BRG_2026-06-01__no_ml_baseline_2026-06-15_v2.xlsx,30070-U74-M,10,2026-08-16,0.0,True
no_ml_baseline_2026-06-15_v2,Product Info for BRG_2026-06-01__no_ml_baseline_2026-06-15_v2.xlsx,30070-U74-M,11,2026-08-23,0.0,True
no_ml_baseline_2026-06-15_v2,Product Info for BRG_2026-06-01__no_ml_baseline_2026-06-15_v2.xlsx,30070-U74-M,12,2026-08-30,0.0,True
no_ml_baseline_2026-06-15_v2,Product Info for BRG_2026-06-01__no_ml_baseline_2026-06-15_v2.xlsx,30070-U74-M,13,2026-09-06,0.0,True
no_ml_baseline_2026-06-15_v2,Product Info for BRG_2026-06-01__no_ml_baseline_2026-06-15_v2.xlsx,30070-U74-M,14,2026-09-13,0.0,False
no_ml_baseline_2026-06-15_v2,Product Info for BRG_2026-06-01__no_ml_baseline_2026-06-15_v2.xlsx,30070-U74-M,15,2026-09-20,0.0,False
no_ml_baseline_2026-06-15_v2,Product Info for BRG_2026-06-01__no_ml_baseline_2026-06-15_v2.xlsx,30070-U74-M,16,2026-09-27,0.0,False
no_ml_baseline_2026-06-15_v2,Product Info for BRG_2026-06-01__no_ml_baseline_2026-06-15_v2.xlsx,30070-U74-M,17,2026-10-04,0.0,False
no_ml_baseline_2026-06-15_v2,Product Info for BRG_2026-06-01__no_ml_baseline_2026-06-15_v2.xlsx,30070-U74-M,18,2026-10-11,0.0,False
no_ml_baseline_2026-06-15_v2,Product Info for BRG_2026-06-01__no_ml_baseline_2026-06-15_v2.xlsx,30070-U74-M,19,2026-10-18,0.0,False
no_ml_baseline_2026-06-15_v2,Product Info for BRG_2026-06-01__no_ml_baseline_2026-06-15_v2.xlsx,30070-U74-M,20,2026-10-25,0.0,False
no_ml_baseline_2026-06-15_v2,Product Info for BRG_2026-06-01__no_ml_baseline_2026-06-15_v2.xlsx,30070-U74-M,21,2026-11-01,0.0,False
no_ml_baseline_2026-06-15_v2,Product Info for BRG_2026-06-01__no_ml_baseline_2026-06-15_v2.xlsx,30070-U74-M,22,2026-11-08,0.0,False
no_ml_baseline_2026-06-15_v2,Product Info for BRG_2026-06-01__no_ml_baseline_2026-06-15_v2.xlsx,30070-U74-M,23,2026-11-15,0.0,False
no_ml_baseline_2026-06-15_v2,Product Info for BRG_2026-06-01__no_ml_baseline_2026-06-15_v2.xlsx,30070-U74-M,24,2026-11-22,0.0,False
no_ml_baseline_2026-06-15_v2,Product Info for BRG_2026-06-01__no_ml_baseline_2026-06-15_v2.xlsx,30070-U74-M,25,2026-11-29,0.0,False
no_ml_baseline_2026-06-15_v2,Product Info for BRG_2026-06-01__no_ml_baseline_2026-06-15_v2.xlsx,30070-U74-M,26,2026-12-06,0.0,False
no_ml_baseline_2026-06-15_v2,Product Info for BRG_2026-06-01__no_ml_baseline_2026-06-15_v2.xlsx,30070-U74-S,1,2026-06-14,2.0,True
no_ml_baseline_2026-06-15_v2,Product Info for BRG_2026-06-01__no_ml_baseline_2026-06-15_v2.xlsx,30070-U74-S,2,2026-06-21,0.0,True
no_ml_baseline_2026-06-15_v2,Product Info for BRG_2026-06-01__no_ml_baseline_2026-06-15_v2.xlsx,30070-U74-S,3,2026-06-28,0.0,True
no_ml_baseline_2026-06-15_v2,Product Info for BRG_2026-06-01__no_ml_baseline_2026-06-15_v2.xlsx,30070-U74-S,4,2026-07-05,0.0,True
no_ml_baseline_2026-06-15_v2,Product Info for BRG_2026-06-01__no_ml_baseline_2026-06-15_v2.xlsx,30070-U74-S,5,2026-07-12,0.0,True
no_ml_baseline_2026-06-15_v2,Product Info for BRG_2026-06-01__no_ml_baseline_2026-06-15_v2.xlsx,30070-U74-S,6,2026-07-19,0.0,True
no_ml_baseline_2026-06-15_v2,Product Info for BRG_2026-06-01__no_ml_baseline_2026-06-15_v2.xlsx,30070-U74-S,7,2026-07-26,0.0,True
no_ml_baseline_2026-06-15_v2,Product Info for BRG_2026-06-01__no_ml_baseline_2026-06-15_v2.xlsx,30070-U74-S,8,2026-08-02,0.0,True
no_ml_baseline_2026-06-15_v2,Product Info for BRG_2026-06-01__no_ml_baseline_2026-06-15_v2.xlsx,30070-U74-S,9,2026-08-09,0.0,True
no_ml_baseline_2026-06-15_v2,Product Info for BRG_2026-06-01__no_ml_baseline_2026-06-15_v2.xlsx,30070-U74-S,10,2026-08-16,0.0,True
no_ml_baseline_2026-06-15_v2,Product Info for BRG_2026-06-01__no_ml_baseline_2026-06-15_v2.xlsx,30070-U74-S,11,2026-08-23,0.0,True
no_ml_baseline_2026-06-15_v2,Product Info for BRG_2026-06-01__no_ml_baseline_2026-06-15_v2.xlsx,30070-U74-S,12,2026-08-30,0.0,True
no_ml_baseline_2026-06-15_v2,Product Info for BRG_2026-06-01__no_ml_baseline_2026-06-15_v2.xlsx,30070-U74-S,13,2026-09-06,0.0,True
no_ml_baseline_2026-06-15_v2,Product Info for BRG_2026-06-01__no_ml_baseline_2026-06-15_v2.xlsx,30070-U74-S,14,2026-09-13,0.0,False
no_ml_baseline_2026-06-15_v2,Product Info for BRG_2026-06-01__no_ml_baseline_2026-06-15_v2.xlsx,30070-U74-S,15,2026-09-20,0.0,False
no_ml_baseline_2026-06-15_v2,Product Info for BRG_2026-06-01__no_ml_baseline_2026-06-15_v2.xlsx,30070-U74-S,16,2026-09-27,0.0,False
no_ml_baseline_2026-06-15_v2,Product Info for BRG_2026-06-01__no_ml_baseline_2026-06-15_v2.xlsx,30070-U74-S,17,2026-10-04,0.0,False
no_ml_baseline_2026-06-15_v2,Product Info for BRG_2026-06-01__no_ml_baseline_2026-06-15_v2.xlsx,30070-U74-S,18,2026-10-11,0.0,False
no_ml_baseline_2026-06-15_v2,Product Info for BRG_2026-06-01__no_ml_baseline_2026-06-15_v2.xlsx,30070-U74-S,19,2026-10-18,0.0,False
no_ml_baseline_2026-06-15_v2,Product Info for BRG_2026-06-01__no_ml_baseline_2026-06-15_v2.xlsx,30070-U74-S,20,2026-10-25,0.0,False
no_ml_baseline_2026-06-15_v2,Product Info for BRG_2026-06-01__no_ml_baseline_2026-06-15_v2.xlsx,30070-U74-S,21,2026-11-01,0.0,False
no_ml_baseline_2026-06-15_v2,Product Info for BRG_2026-06-01__no_ml_baseline_2026-06-15_v2.xlsx,30070-U74-S,22,2026-11-08,0.0,False
no_ml_baseline_2026-06-15_v2,Product Info for BRG_2026-06-01__no_ml_baseline_2026-06-15_v2.xlsx,30070-U74-S,23,2026-11-15,0.0,False
no_ml_baseline_2026-06-15_v2,Product Info for BRG_2026-06-01__no_ml_baseline_2026-06-15_v2.xlsx,30070-U74-S,24,2026-11-22,0.0,False
no_ml_baseline_2026-06-15_v2,Product Info for BRG_2026-06-01__no_ml_baseline_2026-06-15_v2.xlsx,30070-U74-S,25,2026-11-29,0.0,False
no_ml_baseline_2026-06-15_v2,Product Info for BRG_2026-06-01__no_ml_baseline_2026-06-15_v2.xlsx,30070-U74-S,26,2026-12-06,0.0,False
no_ml_baseline_2026-06-15_v2,Product Info for BRG_2026-06-01__no_ml_baseline_2026-06-15_v2.xlsx,30070-U74-XL,1,2026-06-14,2.0,True
no_ml_baseline_2026-06-15_v2,Product Info for BRG_2026-06-01__no_ml_baseline_2026-06-15_v2.xlsx,30070-U74-XL,2,2026-06-21,0.0,True
no_ml_baseline_2026-06-15_v2,Product Info for BRG_2026-06-01__no_ml_baseline_2026-06-15_v2.xlsx,30070-U74-XL,3,2026-06-28,0.0,True
no_ml_baseline_2026-06-15_v2,Product Info for BRG_2026-06-01__no_ml_baseline_2026-06-15_v2.xlsx,30070-U74-XL,4,2026-07-05,0.0,True
no_ml_baseline_2026-06-15_v2,Product Info for BRG_2026-06-01__no_ml_baseline_2026-06-15_v2.xlsx,30070-U74-XL,5,2026-07-12,0.0,True
no_ml_baseline_2026-06-15_v2,Product Info for BRG_2026-06-01__no_ml_baseline_2026-06-15_v2.xlsx,30070-U74-XL,6,2026-07-19,0.0,True
no_ml_baseline_2026-06-15_v2,Product Info for BRG_2026-06-01__no_ml_baseline_2026-06-15_v2.xlsx,30070-U74-XL,7,2026-07-26,0.0,True
no_ml_baseline_2026-06-15_v2,Product Info for BRG_2026-06-01__no_ml_baseline_2026-06-15_v2.xlsx,30070-U74-XL,8,2026-08-02,0.0,True
no_ml_baseline_2026-06-15_v2,Product Info for BRG_2026-06-01__no_ml_baseline_2026-06-15_v2.xlsx,30070-U74-XL,9,2026-08-09,0.0,True
no_ml_baseline_2026-06-15_v2,Product Info for BRG_2026-06-01__no_ml_baseline_2026-06-15_v2.xlsx,30070-U74-XL,10,2026-08-16,0.0,True
no_ml_baseline_2026-06-15_v2,Product Info for BRG_2026-06-01__no_ml_baseline_2026-06-15_v2.xlsx,30070-U74-XL,11,2026-08-23,0.0,True
no_ml_baseline_2026-06-15_v2,Product Info for BRG_2026-06-01__no_ml_baseline_2026-06-15_v2.xlsx,30070-U74-XL,12,2026-08-30,0.0,True
no_ml_baseline_2026-06-15_v2,Product Info for BRG_2026-06-01__no_ml_baseline_2026-06-15_v2.xlsx,30070-U74-XL,13,2026-09-06,0.0,True
no_ml_baseline_2026-06-15_v2,Product Info for BRG_2026-06-01__no_ml_baseline_2026-06-15_v2.xlsx,30070-U74-XL,14,2026-09-13,0.0,False
no_ml_baseline_2026-06-15_v2,Product Info for BRG_2026-06-01__no_ml_baseline_2026-06-15_v2.xlsx,30070-U74-XL,15,2026-09-20,0.0,False
no_ml_baseline_2026-06-15_v2,Product Info for BRG_2026-06-01__no_ml_baseline_2026-06-15_v2.xlsx,30070-U74-XL,16,2026-09-27,0.0,False
no_ml_baseline_2026-06-15_v2,Product Info for BRG_2026-06-01__no_ml_baseline_2026-06-15_v2.xlsx,30070-U74-XL,17,2026-10-04,0.0,False
no_ml_baseline_2026-06-15_v2,Product Info for BRG_2026-06-01__no_ml_baseline_2026-06-15_v2.xlsx,30070-U74-XL,18,2026-10-11,0.0,False
no_ml_baseline_2026-06-15_v2,Product Info for BRG_2026-06-01__no_ml_baseline_2026-06-15_v2.xlsx,30070-U74-XL,19,2026-10-18,0.0,False
no_ml_baseline_2026-06-15_v2,Product Info for BRG_2026-06-01__no_ml_baseline_2026-06-15_v2.xlsx,30070-U74-XL,20,2026-10-25,0.0,False
no_ml_baseline_2026-06-15_v2,Product Info for BRG_2026-06-01__no_ml_baseline_2026-06-15_v2.xlsx,30070-U74-XL,21,2026-11-01,0.0,False
no_ml_baseline_2026-06-15_v2,Product Info for BRG_2026-06-01__no_ml_baseline_2026-06-15_v2.xlsx,30070-U74-XL,22,2026-11-08,0.0,False
no_ml_baseline_2026-06-15_v2,Product Info for BRG_2026-06-01__no_ml_baseline_2026-06-15_v2.xlsx,30070-U74-XL,23,2026-11-15,0.0,False
no_ml_baseline_2026-06-15_v2,Product Info for BRG_2026-06-01__no_ml_baseline_2026-06-15_v2.xlsx,30070-U74-XL,24,2026-11-22,0.0,False
no_ml_baseline_2026-06-15_v2,Product Info for BRG_2026-06-01__no_ml_baseline_2026-06-15_v2.xlsx,30070-U74-XL,25,2026-11-29,0.0,False
no_ml_baseline_2026-06-15_v2,Product Info for BRG_2026-06-01__no_ml_baseline_2026-06-15_v2.xlsx,30070-U74-XL,26,2026-12-06,0.0,False
no_ml_baseline_2026-06-15_v2,Product Info for BRG_2026-06-01__no_ml_baseline_2026-06-15_v2.xlsx,30070-U74-XS,1,2026-06-14,2.8000000000000003,True
no_ml_baseline_2026-06-15_v2,Product Info for BRG_2026-06-01__no_ml_baseline_2026-06-15_v2.xlsx,30070-U74-XS,2,2026-06-21,1.75,True
no_ml_baseline_2026-06-15_v2,Product Info for BRG_2026-06-01__no_ml_baseline_2026-06-15_v2.xlsx,30070-U74-XS,3,2026-06-28,1.75,True
no_ml_baseline_2026-06-15_v2,Product Info for BRG_2026-06-01__no_ml_baseline_2026-06-15_v2.xlsx,30070-U74-XS,4,2026-07-05,1.75,True
no_ml_baseline_2026-06-15_v2,Product Info for BRG_2026-06-01__no_ml_baseline_2026-06-15_v2.xlsx,30070-U74-XS,5,2026-07-12,1.75,True
no_ml_baseline_2026-06-15_v2,Product Info for BRG_2026-06-01__no_ml_baseline_2026-06-15_v2.xlsx,30070-U74-XS,6,2026-07-19,1.75,True
no_ml_baseline_2026-06-15_v2,Product Info for BRG_2026-06-01__no_ml_baseline_2026-06-15_v2.xlsx,30070-U74-XS,7,2026-07-26,1.75,True
no_ml_baseline_2026-06-15_v2,Product Info for BRG_2026-06-01__no_ml_baseline_2026-06-15_v2.xlsx,30070-U74-XS,8,2026-08-02,1.75,True
no_ml_baseline_2026-06-15_v2,Product Info for BRG_2026-06-01__no_ml_baseline_2026-06-15_v2.xlsx,30070-U74-XS,9,2026-08-09,1.75,True
no_ml_baseline_2026-06-15_v2,Product Info for BRG_2026-06-01__no_ml_baseline_2026-06-15_v2.xlsx,30070-U74-XS,10,2026-08-16,1.75,True
no_ml_baseline_2026-06-15_v2,Product Info for BRG_2026-06-01__no_ml_baseline_2026-06-15_v2.xlsx,30070-U74-XS,11,2026-08-23,1.75,True
no_ml_baseline_2026-06-15_v2,Product Info for BRG_2026-06-01__no_ml_baseline_2026-06-15_v2.xlsx,30070-U74-XS,12,2026-08-30,1.75,True
no_ml_baseline_2026-06-15_v2,Product Info for BRG_2026-06-01__no_ml_baseline_2026-06-15_v2.xlsx,30070-U74-XS,13,2026-09-06,1.75,True
no_ml_baseline_2026-06-15_v2,Product Info for BRG_2026-06-01__no_ml_baseline_2026-06-15_v2.xlsx,30070-U74-XS,14,2026-09-13,1.75,False
no_ml_baseline_2026-06-15_v2,Product Info for BRG_2026-06-01__no_ml_baseline_2026-06-15_v2.xlsx,30070-U74-XS,15,2026-09-20,1.75,False
no_ml_baseline_2026-06-15_v2,Product Info for BRG_2026-06-01__no_ml_baseline_2026-06-15_v2.xlsx,30070-U74-XS,16,2026-09-27,1.75,False
no_ml_baseline_2026-06-15_v2,Product Info for BRG_2026-06-01__no_ml_baseline_2026-06-15_v2.xlsx,30070-U74-XS,17,2026-10-04,1.75,False
no_ml_baseline_2026-06-15_v2,Product Info for BRG_2026-06-01__no_ml_baseline_2026-06-15_v2.xlsx,30070-U74-XS,18,2026-10-11,1.75,False
no_ml_baseline_2026-06-15_v2,Product Info for BRG_2026-06-01__no_ml_baseline_2026-06-15_v2.xlsx,30070-U74-XS,19,2026-10-18,1.75,False
no_ml_baseline_2026-06-15_v2,Product Info for BRG_2026-06-01__no_ml_baseline_2026-06-15_v2.xlsx,30070-U74-XS,20,2026-10-25,1.75,False
no_ml_baseline_2026-06-15_v2,Product Info for BRG_2026-06-01__no_ml_baseline_2026-06-15_v2.xlsx,30070-U74-XS,21,2026-11-01,1.75,False
no_ml_baseline_2026-06-15_v2,Product Info for BRG_2026-06-01__no_ml_baseline_2026-06-15_v2.xlsx,30070-U74-XS,22,2026-11-08,1.75,False
no_ml_baseline_2026-06-15_v2,Product Info for BRG_2026-06-01__no_ml_baseline_2026-06-15_v2.xlsx,30070-U74-XS,23,2026-11-15,1.75,False
no_ml_baseline_2026-06-15_v2,Product Info for BRG_2026-06-01__no_ml_baseline_2026-06-15_v2.xlsx,30070-U74-XS,24,2026-11-22,1.75,False
no_ml_baseline_2026-06-15_v2,Product Info for BRG_2026-06-01__no_ml_baseline_2026-06-15_v2.xlsx,30070-U74-XS,25,2026-11-29,1.75,False
no_ml_baseline_2026-06-15_v2,Product Info for BRG_2026-06-01__no_ml_baseline_2026-06-15_v2.xlsx,30070-U74-XS,26,2026-12-06,1.75,False
no_ml_baseline_2026-06-15_v2,Product Info for BRG_2026-06-01__no_ml_baseline_2026-06-15_v2.xlsx,30070-U74-XXL,1,2026-06-14,2.0,True
no_ml_baseline_2026-06-15_v2,Product Info for BRG_2026-06-01__no_ml_baseline_2026-06-15_v2.xlsx,30070-U74-XXL,2,2026-06-21,0.0,True
no_ml_baseline_2026-06-15_v2,Product Info for BRG_2026-06-01__no_ml_baseline_2026-06-15_v2.xlsx,30070-U74-XXL,3,2026-06-28,0.0,True
no_ml_baseline_2026-06-15_v2,Product Info for BRG_2026-06-01__no_ml_baseline_2026-06-15_v2.xlsx,30070-U74-XXL,4,2026-07-05,0.0,True
no_ml_baseline_2026-06-15_v2,Product Info for BRG_2026-06-01__no_ml_baseline_2026-06-15_v2.xlsx,30070-U74-XXL,5,2026-07-12,0.0,True
no_ml_baseline_2026-06-15_v2,Product Info for BRG_2026-06-01__no_ml_baseline_2026-06-15_v2.xlsx,30070-U74-XXL,6,2026-07-19,0.0,True
no_ml_baseline_2026-06-15_v2,Product Info for BRG_2026-06-01__no_ml_baseline_2026-06-15_v2.xlsx,30070-U74-XXL,7,2026-07-26,0.0,True
no_ml_baseline_2026-06-15_v2,Product Info for BRG_2026-06-01__no_ml_baseline_2026-06-15_v2.xlsx,30070-U74-XXL,8,2026-08-02,0.0,True
no_ml_baseline_2026-06-15_v2,Product Info for BRG_2026-06-01__no_ml_baseline_2026-06-15_v2.xlsx,30070-U74-XXL,9,2026-08-09,0.0,True
no_ml_baseline_2026-06-15_v2,Product Info for BRG_2026-06-01__no_ml_baseline_2026-06-15_v2.xlsx,30070-U74-XXL,10,2026-08-16,0.0,True
no_ml_baseline_2026-06-15_v2,Product Info for BRG_2026-06-01__no_ml_baseline_2026-06-15_v2.xlsx,30070-U74-XXL,11,2026-08-23,0.0,True
no_ml_baseline_2026-06-15_v2,Product Info for BRG_2026-06-01__no_ml_baseline_2026-06-15_v2.xlsx,30070-U74-XXL,12,2026-08-30,0.0,True
no_ml_baseline_2026-06-15_v2,Product Info for BRG_2026-06-01__no_ml_baseline_2026-06-15_v2.xlsx,30070-U74-XXL,13,2026-09-06,0.0,True
no_ml_baseline_2026-06-15_v2,Product Info for BRG_2026-06-01__no_ml_baseline_2026-06-15_v2.xlsx,30070-U74-XXL,14,2026-09-13,0.0,False
no_ml_baseline_2026-06-15_v2,Product Info for BRG_2026-06-01__no_ml_baseline_2026-06-15_v2.xlsx,30070-U74-XXL,15,2026-09-20,0.0,False
no_ml_baseline_2026-06-15_v2,Product Info for BRG_2026-06-01__no_ml_baseline_2026-06-15_v2.xlsx,30070-U74-XXL,16,2026-09-27,0.0,False
no_ml_baseline_2026-06-15_v2,Product Info for BRG_2026-06-01__no_ml_baseline_2026-06-15_v2.xlsx,30070-U74-XXL,17,2026-10-04,0.0,False
no_ml_baseline_2026-06-15_v2,Product Info for BRG_2026-06-01__no_ml_baseline_2026-06-15_v2.xlsx,30070-U74-XXL,18,2026-10-11,0.0,False
no_ml_baseline_2026-06-15_v2,Product Info for BRG_2026-06-01__no_ml_baseline_2026-06-15_v2.xlsx,30070-U74-XXL,19,2026-10-18,0.0,False
no_ml_baseline_2026-06-15_v2,Product Info for BRG_2026-06-01__no_ml_baseline_2026-06-15_v2.xlsx,30070-U74-XXL,20,2026-10-25,0.0,False
no_ml_baseline_2026-06-15_v2,Product Info for BRG_2026-06-01__no_ml_baseline_2026-06-15_v2.xlsx,30070-U74-XXL,21,2026-11-01,0.0,False
no_ml_baseline_2026-06-15_v2,Product Info for BRG_2026-06-01__no_ml_baseline_2026-06-15_v2.xlsx,30070-U74-XXL,22,2026-11-08,0.0,False
no_ml_baseline_2026-06-15_v2,Product Info for BRG_2026-06-01__no_ml_baseline_2026-06-15_v2.xlsx,30070-U74-XXL,23,2026-11-15,0.0,False
no_ml_baseline_2026-06-15_v2,Product Info for BRG_2026-06-01__no_ml_baseline_2026-06-15_v2.xlsx,30070-U74-XXL,24,2026-11-22,0.0,False
no_ml_baseline_2026-06-15_v2,Product Info for BRG_2026-06-01__no_ml_baseline_2026-06-15_v2.xlsx,30070-U74-XXL,25,2026-11-29,0.0,False
no_ml_baseline_2026-06-15_v2,Product Info for BRG_2026-06-01__no_ml_baseline_2026-06-15_v2.xlsx,30070-U74-XXL,26,2026-12-06,0.0,False
no_ml_baseline_2026-06-15_v2,Product Info for BRG_2026-06-01__no_ml_baseline_2026-06-15_v2.xlsx,30071-GN1-L,1,2026-06-14,0.0,True
no_ml_baseline_2026-06-15_v2,Product Info for BRG_2026-06-01__no_ml_baseline_2026-06-15_v2.xlsx,30071-GN1-L,2,2026-06-21,0.0,True
no_ml_baseline_2026-06-15_v2,Product Info for BRG_2026-06-01__no_ml_baseline_2026-06-15_v2.xlsx,30071-GN1-L,3,2026-06-28,0.0,True
no_ml_baseline_2026-06-15_v2,Product Info for BRG_2026-06-01__no_ml_baseline_2026-06-15_v2.xlsx,30071-GN1-L,4,2026-07-05,0.0,True
no_ml_baseline_2026-06-15_v2,Product Info for BRG_2026-06-01__no_ml_baseline_2026-06-15_v2.xlsx,30071-GN1-L,5,2026-07-12,0.0,True
no_ml_baseline_2026-06-15_v2,Product Info for BRG_2026-06-01__no_ml_baseline_2026-06-15_v2.xlsx,30071-GN1-L,6,2026-07-19,0.0,True
no_ml_baseline_2026-06-15_v2,Product Info for BRG_2026-06-01__no_ml_baseline_2026-06-15_v2.xlsx,30071-GN1-L,7,2026-07-26,0.0,True
no_ml_baseline_2026-06-15_v2,Product Info for BRG_2026-06-01__no_ml_baseline_2026-06-15_v2.xlsx,30071-GN1-L,8,2026-08-02,0.0,True
no_ml_baseline_2026-06-15_v2,Product Info for BRG_2026-06-01__no_ml_baseline_2026-06-15_v2.xlsx,30071-GN1-L,9,2026-08-09,0.0,True
no_ml_baseline_2026-06-15_v2,Product Info for BRG_2026-06-01__no_ml_baseline_2026-06-15_v2.xlsx,30071-GN1-L,10,2026-08-16,0.0,True
no_ml_baseline_2026-06-15_v2,Product Info for BRG_2026-06-01__no_ml_baseline_2026-06-15_v2.xlsx,30071-GN1-L,11,2026-08-23,0.0,True
no_ml_baseline_2026-06-15_v2,Product Info for BRG_2026-06-01__no_ml_baseline_2026-06-15_v2.xlsx,30071-GN1-L,12,2026-08-30,0.0,True
no_ml_baseline_2026-06-15_v2,Product Info for BRG_2026-06-01__no_ml_baseline_2026-06-15_v2.xlsx,30071-GN1-L,13,2026-09-06,0.0,True
no_ml_baseline_2026-06-15_v2,Product Info for BRG_2026-06-01__no_ml_baseline_2026-06-15_v2.xlsx,30071-GN1-L,14,2026-09-13,0.0,False
no_ml_baseline_2026-06-15_v2,Product Info for BRG_2026-06-01__no_ml_baseline_2026-06-15_v2.xlsx,30071-GN1-L,15,2026-09-20,0.0,False
no_ml_baseline_2026-06-15_v2,Product Info for BRG_2026-06-01__no_ml_baseline_2026-06-15_v2.xlsx,30071-GN1-L,16,2026-09-27,0.0,False
no_ml_baseline_2026-06-15_v2,Product Info for BRG_2026-06-01__no_ml_baseline_2026-06-15_v2.xlsx,30071-GN1-L,17,2026-10-04,0.0,False
no_ml_baseline_2026-06-15_v2,Product Info for BRG_2026-06-01__no_ml_baseline_2026-06-15_v2.xlsx,30071-GN1-L,18,2026-10-11,0.0,False
no_ml_baseline_2026-06-15_v2,Product Info for BRG_2026-06-01__no_ml_baseline_2026-06-15_v2.xlsx,30071-GN1-L,19,2026-10-18,0.0,False
no_ml_baseline_2026-06-15_v2,Product Info for BRG_2026-06-01__no_ml_baseline_2026-06-15_v2.xlsx,30071-GN1-L,20,2026-10-25,0.0,False
no_ml_baseline_2026-06-15_v2,Product Info for BRG_2026-06-01__no_ml_baseline_2026-06-15_v2.xlsx,30071-GN1-L,21,2026-11-01,0.0,False
no_ml_baseline_2026-06-15_v2,Product Info for BRG_2026-06-01__no_ml_baseline_2026-06-15_v2.xlsx,30071-GN1-L,22,2026-11-08,0.0,False
no_ml_baseline_2026-06-15_v2,Product Info for BRG_2026-06-01__no_ml_baseline_2026-06-15_v2.xlsx,30071-GN1-L,23,2026-11-15,0.0,False
no_ml_baseline_2026-06-15_v2,Product Info for BRG_2026-06-01__no_ml_baseline_2026-06-15_v2.xlsx,30071-GN1-L,24,2026-11-22,0.0,False
no_ml_baseline_2026-06-15_v2,Product Info for BRG_2026-06-01__no_ml_baseline_2026-06-15_v2.xlsx,30071-GN1-L,25,2026-11-29,0.0,False
no_ml_baseline_2026-06-15_v2,Product Info for BRG_2026-06-01__no_ml_baseline_2026-06-15_v2.xlsx,30071-GN1-L,26,2026-12-06,0.0,False
no_ml_baseline_2026-06-15_v2,Product Info for BRG_2026-06-01__no_ml_baseline_2026-06-15_v2.xlsx,30071-GN1-S,1,2026-06-14,0.0,True
no_ml_baseline_2026-06-15_v2,Product Info for BRG_2026-06-01__no_ml_baseline_2026-06-15_v2.xlsx,30071-GN1-S,2,2026-06-21,0.0,True
no_ml_baseline_2026-06-15_v2,Product Info for BRG_2026-06-01__no_ml_baseline_2026-06-15_v2.xlsx,30071-GN1-S,3,2026-06-28,0.0,True
no_ml_baseline_2026-06-15_v2,Product Info for BRG_2026-06-01__no_ml_baseline_2026-06-15_v2.xlsx,30071-GN1-S,4,2026-07-05,0.0,True
no_ml_baseline_2026-06-15_v2,Product Info for BRG_2026-06-01__no_ml_baseline_2026-06-15_v2.xlsx,30071-GN1-S,5,2026-07-12,0.0,True
no_ml_baseline_2026-06-15_v2,Product Info for BRG_2026-06-01__no_ml_baseline_2026-06-15_v2.xlsx,30071-GN1-S,6,2026-07-19,0.0,True
no_ml_baseline_2026-06-15_v2,Product Info for BRG_2026-06-01__no_ml_baseline_2026-06-15_v2.xlsx,30071-GN1-S,7,2026-07-26,0.0,True
no_ml_baseline_2026-06-15_v2,Product Info for BRG_2026-06-01__no_ml_baseline_2026-06-15_v2.xlsx,30071-GN1-S,8,2026-08-02,0.0,True
no_ml_baseline_2026-06-15_v2,Product Info for BRG_2026-06-01__no_ml_baseline_2026-06-15_v2.xlsx,30071-GN1-S,9,2026-08-09,0.0,True
no_ml_baseline_2026-06-15_v2,Product Info for BRG_2026-06-01__no_ml_baseline_2026-06-15_v2.xlsx,30071-GN1-S,10,2026-08-16,0.0,True
no_ml_baseline_2026-06-15_v2,Product Info for BRG_2026-06-01__no_ml_baseline_2026-06-15_v2.xlsx,30071-GN1-S,11,2026-08-23,0.0,True
no_ml_baseline_2026-06-15_v2,Product Info for BRG_2026-06-01__no_ml_baseline_2026-06-15_v2.xlsx,30071-GN1-S,12,2026-08-30,0.0,True
no_ml_baseline_2026-06-15_v2,Product Info for BRG_2026-06-01__no_ml_baseline_2026-06-15_v2.xlsx,30071-GN1-S,13,2026-09-06,0.0,True
no_ml_baseline_2026-06-15_v2,Product Info for BRG_2026-06-01__no_ml_baseline_2026-06-15_v2.xlsx,30071-GN1-S,14,2026-09-13,0.0,False
no_ml_baseline_2026-06-15_v2,Product Info for BRG_2026-06-01__no_ml_baseline_2026-06-15_v2.xlsx,30071-GN1-S,15,2026-09-20,0.0,False
no_ml_baseline_2026-06-15_v2,Product Info for BRG_2026-06-01__no_ml_baseline_2026-06-15_v2.xlsx,30071-GN1-S,16,2026-09-27,0.0,False
no_ml_baseline_2026-06-15_v2,Product Info for BRG_2026-06-01__no_ml_baseline_2026-06-15_v2.xlsx,30071-GN1-S,17,2026-10-04,0.0,False
no_ml_baseline_2026-06-15_v2,Product Info for BRG_2026-06-01__no_ml_baseline_2026-06-15_v2.xlsx,30071-GN1-S,18,2026-10-11,0.0,False
no_ml_baseline_2026-06-15_v2,Product Info for BRG_2026-06-01__no_ml_baseline_2026-06-15_v2.xlsx,30071-GN1-S,19,2026-10-18,0.0,False
no_ml_baseline_2026-06-15_v2,Product Info for BRG_2026-06-01__no_ml_baseline_2026-06-15_v2.xlsx,30071-GN1-S,20,2026-10-25,0.0,False
no_ml_baseline_2026-06-15_v2,Product Info for BRG_2026-06-01__no_ml_baseline_2026-06-15_v2.xlsx,30071-GN1-S,21,2026-11-01,0.0,False
no_ml_baseline_2026-06-15_v2,Product Info for BRG_2026-06-01__no_ml_baseline_2026-06-15_v2.xlsx,30071-GN1-S,22,2026-11-08,0.0,False
no_ml_baseline_2026-06-15_v2,Product Info for BRG_2026-06-01__no_ml_baseline_2026-06-15_v2.xlsx,30071-GN1-S,23,2026-11-15,0.0,False
no_ml_baseline_2026-06-15_v2,Product Info for BRG_2026-06-01__no_ml_baseline_2026-06-15_v2.xlsx,30071-GN1-S,24,2026-11-22,0.0,False
no_ml_baseline_2026-06-15_v2,Product Info for BRG_2026-06-01__no_ml_baseline_2026-06-15_v2.xlsx,30071-GN1-S,25,2026-11-29,0.0,False
no_ml_baseline_2026-06-15_v2,Product Info for BRG_2026-06-01__no_ml_baseline_2026-06-15_v2.xlsx,30071-GN1-S,26,2026-12-06,0.0,False
no_ml_baseline_2026-06-15_v2,Product Info for BRG_2026-06-01__no_ml_baseline_2026-06-15_v2.xlsx,30071-GN1-XS,1,2026-06-14,0.0,True
no_ml_baseline_2026-06-15_v2,Product Info for BRG_2026-06-01__no_ml_baseline_2026-06-15_v2.xlsx,30071-GN1-XS,2,2026-06-21,0.0,True
no_ml_baseline_2026-06-15_v2,Product Info for BRG_2026-06-01__no_ml_baseline_2026-06-15_v2.xlsx,30071-GN1-XS,3,2026-06-28,0.0,True
no_ml_baseline_2026-06-15_v2,Product Info for BRG_2026-06-01__no_ml_baseline_2026-06-15_v2.xlsx,30071-GN1-XS,4,2026-07-05,0.0,True
no_ml_baseline_2026-06-15_v2,Product Info for BRG_2026-06-01__no_ml_baseline_2026-06-15_v2.xlsx,30071-GN1-XS,5,2026-07-12,0.0,True
no_ml_baseline_2026-06-15_v2,Product Info for BRG_2026-06-01__no_ml_baseline_2026-06-15_v2.xlsx,30071-GN1-XS,6,2026-07-19,0.0,True
no_ml_baseline_2026-06-15_v2,Product Info for BRG_2026-06-01__no_ml_baseline_2026-06-15_v2.xlsx,30071-GN1-XS,7,2026-07-26,0.0,True
no_ml_baseline_2026-06-15_v2,Product Info for BRG_2026-06-01__no_ml_baseline_2026-06-15_v2.xlsx,30071-GN1-XS,8,2026-08-02,0.0,True
no_ml_baseline_2026-06-15_v2,Product Info for BRG_2026-06-01__no_ml_baseline_2026-06-15_v2.xlsx,30071-GN1-XS,9,2026-08-09,0.0,True
no_ml_baseline_2026-06-15_v2,Product Info for BRG_2026-06-01__no_ml_baseline_2026-06-15_v2.xlsx,30071-GN1-XS,10,2026-08-16,0.0,True
no_ml_baseline_2026-06-15_v2,Product Info for BRG_2026-06-01__no_ml_baseline_2026-06-15_v2.xlsx,30071-GN1-XS,11,2026-08-23,0.0,True
no_ml_baseline_2026-06-15_v2,Product Info for BRG_2026-06-01__no_ml_baseline_2026-06-15_v2.xlsx,30071-GN1-XS,12,2026-08-30,0.0,True
no_ml_baseline_2026-06-15_v2,Product Info for BRG_2026-06-01__no_ml_baseline_2026-06-15_v2.xlsx,30071-GN1-XS,13,2026-09-06,0.0,True
no_ml_baseline_2026-06-15_v2,Product Info for BRG_2026-06-01__no_ml_baseline_2026-06-15_v2.xlsx,30071-GN1-XS,14,2026-09-13,0.0,False
no_ml_baseline_2026-06-15_v2,Product Info for BRG_2026-06-01__no_ml_baseline_2026-06-15_v2.xlsx,30071-GN1-XS,15,2026-09-20,0.0,False
no_ml_baseline_2026-06-15_v2,Product Info for BRG_2026-06-01__no_ml_baseline_2026-06-15_v2.xlsx,30071-GN1-XS,16,2026-09-27,0.0,False
no_ml_baseline_2026-06-15_v2,Product Info for BRG_2026-06-01__no_ml_baseline_2026-06-15_v2.xlsx,30071-GN1-XS,17,2026-10-04,0.0,False
no_ml_baseline_2026-06-15_v2,Product Info for BRG_2026-06-01__no_ml_baseline_2026-06-15_v2.xlsx,30071-GN1-XS,18,2026-10-11,0.0,False
no_ml_baseline_2026-06-15_v2,Product Info for BRG_2026-06-01__no_ml_baseline_2026-06-15_v2.xlsx,30071-GN1-XS,19,2026-10-18,0.0,False
no_ml_baseline_2026-06-15_v2,Product Info for BRG_2026-06-01__no_ml_baseline_2026-06-15_v2.xlsx,30071-GN1-XS,20,2026-10-25,0.0,False
no_ml_baseline_2026-06-15_v2,Product Info for BRG_2026-06-01__no_ml_baseline_2026-06-15_v2.xlsx,30071-GN1-XS,21,2026-11-01,0.0,False
no_ml_baseline_2026-06-15_v2,Product Info for BRG_2026-06-01__no_ml_baseline_2026-06-15_v2.xlsx,30071-GN1-XS,22,2026-11-08,0.0,False
no_ml_baseline_2026-06-15_v2,Product Info for BRG_2026-06-01__no_ml_baseline_2026-06-15_v2.xlsx,30071-GN1-XS,23,2026-11-15,0.0,False
no_ml_baseline_2026-06-15_v2,Product Info for BRG_2026-06-01__no_ml_baseline_2026-06-15_v2.xlsx,30071-GN1-XS,24,2026-11-22,0.0,False
no_ml_baseline_2026-06-15_v2,Product Info for BRG_2026-06-01__no_ml_baseline_2026-06-15_v2.xlsx,30071-GN1-XS,25,2026-11-29,0.0,False
no_ml_baseline_2026-06-15_v2,Product Info for BRG_2026-06-01__no_ml_baseline_2026-06-15_v2.xlsx,30071-GN1-XS,26,2026-12-06,0.0,False
no_ml_baseline_2026-06-15_v2,Product Info for BRG_2026-06-01__no_ml_baseline_2026-06-15_v2.xlsx,30071-QN6-L,1,2026-06-14,0.0,True
no_ml_baseline_2026-06-15_v2,Product Info for BRG_2026-06-01__no_ml_baseline_2026-06-15_v2.xlsx,30071-QN6-L,2,2026-06-21,0.0,True
no_ml_baseline_2026-06-15_v2,Product Info for BRG_2026-06-01__no_ml_baseline_2026-06-15_v2.xlsx,30071-QN6-L,3,2026-06-28,0.0,True
no_ml_baseline_2026-06-15_v2,Product Info for BRG_2026-06-01__no_ml_baseline_2026-06-15_v2.xlsx,30071-QN6-L,4,2026-07-05,0.0,True
no_ml_baseline_2026-06-15_v2,Product Info for BRG_2026-06-01__no_ml_baseline_2026-06-15_v2.xlsx,30071-QN6-L,5,2026-07-12,0.0,True
no_ml_baseline_2026-06-15_v2,Product Info for BRG_2026-06-01__no_ml_baseline_2026-06-15_v2.xlsx,30071-QN6-L,6,2026-07-19,0.0,True
no_ml_baseline_2026-06-15_v2,Product Info for BRG_2026-06-01__no_ml_baseline_2026-06-15_v2.xlsx,30071-QN6-L,7,2026-07-26,0.0,True
no_ml_baseline_2026-06-15_v2,Product Info for BRG_2026-06-01__no_ml_baseline_2026-06-15_v2.xlsx,30071-QN6-L,8,2026-08-02,0.0,True
no_ml_baseline_2026-06-15_v2,Product Info for BRG_2026-06-01__no_ml_baseline_2026-06-15_v2.xlsx,30071-QN6-L,9,2026-08-09,0.0,True
no_ml_baseline_2026-06-15_v2,Product Info for BRG_2026-06-01__no_ml_baseline_2026-06-15_v2.xlsx,30071-QN6-L,10,2026-08-16,0.0,True
no_ml_baseline_2026-06-15_v2,Product Info for BRG_2026-06-01__no_ml_baseline_2026-06-15_v2.xlsx,30071-QN6-L,11,2026-08-23,0.0,True
no_ml_baseline_2026-06-15_v2,Product Info for BRG_2026-06-01__no_ml_baseline_2026-06-15_v2.xlsx,30071-QN6-L,12,2026-08-30,0.0,True
no_ml_baseline_2026-06-15_v2,Product Info for BRG_2026-06-01__no_ml_baseline_2026-06-15_v2.xlsx,30071-QN6-L,13,2026-09-06,0.0,True
no_ml_baseline_2026-06-15_v2,Product Info for BRG_2026-06-01__no_ml_baseline_2026-06-15_v2.xlsx,30071-QN6-L,14,2026-09-13,0.0,False
no_ml_baseline_2026-06-15_v2,Product Info for BRG_2026-06-01__no_ml_baseline_2026-06-15_v2.xlsx,30071-QN6-L,15,2026-09-20,0.0,False
no_ml_baseline_2026-06-15_v2,Product Info for BRG_2026-06-01__no_ml_baseline_2026-06-15_v2.xlsx,30071-QN6-L,16,2026-09-27,0.0,False
no_ml_baseline_2026-06-15_v2,Product Info for BRG_2026-06-01__no_ml_baseline_2026-06-15_v2.xlsx,30071-QN6-L,17,2026-10-04,0.0,False
no_ml_baseline_2026-06-15_v2,Product Info for BRG_2026-06-01__no_ml_baseline_2026-06-15_v2.xlsx,30071-QN6-L,18,2026-10-11,0.0,False
no_ml_baseline_2026-06-15_v2,Product Info for BRG_2026-06-01__no_ml_baseline_2026-06-15_v2.xlsx,30071-QN6-L,19,2026-10-18,0.0,False
no_ml_baseline_2026-06-15_v2,Product Info for BRG_2026-06-01__no_ml_baseline_2026-06-15_v2.xlsx,30071-QN6-L,20,2026-10-25,0.0,False
no_ml_baseline_2026-06-15_v2,Product Info for BRG_2026-06-01__no_ml_baseline_2026-06-15_v2.xlsx,30071-QN6-L,21,2026-11-01,0.0,False
no_ml_baseline_2026-06-15_v2,Product Info for BRG_2026-06-01__no_ml_baseline_2026-06-15_v2.xlsx,30071-QN6-L,22,2026-11-08,0.0,False
no_ml_baseline_2026-06-15_v2,Product Info for BRG_2026-06-01__no_ml_baseline_2026-06-15_v2.xlsx,30071-QN6-L,23,2026-11-15,0.0,False
no_ml_baseline_2026-06-15_v2,Product Info for BRG_2026-06-01__no_ml_baseline_2026-06-15_v2.xlsx,30071-QN6-L,24,2026-11-22,0.0,False
no_ml_baseline_2026-06-15_v2,Product Info for BRG_2026-06-01__no_ml_baseline_2026-06-15_v2.xlsx,30071-QN6-L,25,2026-11-29,0.0,False
no_ml_baseline_2026-06-15_v2,Product Info for BRG_2026-06-01__no_ml_baseline_2026-06-15_v2.xlsx,30071-QN6-L,26,2026-12-06,0.0,False
no_ml_baseline_2026-06-15_v2,Product Info for BRG_2026-06-01__no_ml_baseline_2026-06-15_v2.xlsx,30071-QN6-M,1,2026-06-14,0.0,True
no_ml_baseline_2026-06-15_v2,Product Info for BRG_2026-06-01__no_ml_baseline_2026-06-15_v2.xlsx,30071-QN6-M,2,2026-06-21,0.0,True
no_ml_baseline_2026-06-15_v2,Product Info for BRG_2026-06-01__no_ml_baseline_2026-06-15_v2.xlsx,30071-QN6-M,3,2026-06-28,0.0,True
no_ml_baseline_2026-06-15_v2,Product Info for BRG_2026-06-01__no_ml_baseline_2026-06-15_v2.xlsx,30071-QN6-M,4,2026-07-05,0.0,True
no_ml_baseline_2026-06-15_v2,Product Info for BRG_2026-06-01__no_ml_baseline_2026-06-15_v2.xlsx,30071-QN6-M,5,2026-07-12,0.0,True
no_ml_baseline_2026-06-15_v2,Product Info for BRG_2026-06-01__no_ml_baseline_2026-06-15_v2.xlsx,30071-QN6-M,6,2026-07-19,0.0,True
no_ml_baseline_2026-06-15_v2,Product Info for BRG_2026-06-01__no_ml_baseline_2026-06-15_v2.xlsx,30071-QN6-M,7,2026-07-26,0.0,True
no_ml_baseline_2026-06-15_v2,Product Info for BRG_2026-06-01__no_ml_baseline_2026-06-15_v2.xlsx,30071-QN6-M,8,2026-08-02,0.0,True
no_ml_baseline_2026-06-15_v2,Product Info for BRG_2026-06-01__no_ml_baseline_2026-06-15_v2.xlsx,30071-QN6-M,9,2026-08-09,0.0,True
no_ml_baseline_2026-06-15_v2,Product Info for BRG_2026-06-01__no_ml_baseline_2026-06-15_v2.xlsx,30071-QN6-M,10,2026-08-16,0.0,True
no_ml_baseline_2026-06-15_v2,Product Info for BRG_2026-06-01__no_ml_baseline_2026-06-15_v2.xlsx,30071-QN6-M,11,2026-08-23,0.0,True
no_ml_baseline_2026-06-15_v2,Product Info for BRG_2026-06-01__no_ml_baseline_2026-06-15_v2.xlsx,30071-QN6-M,12,2026-08-30,0.0,True
no_ml_baseline_2026-06-15_v2,Product Info for BRG_2026-06-01__no_ml_baseline_2026-06-15_v2.xlsx,30071-QN6-M,13,2026-09-06,0.0,True
no_ml_baseline_2026-06-15_v2,Product Info for BRG_2026-06-01__no_ml_baseline_2026-06-15_v2.xlsx,30071-QN6-M,14,2026-09-13,0.0,False
no_ml_baseline_2026-06-15_v2,Product Info for BRG_2026-06-01__no_ml_baseline_2026-06-15_v2.xlsx,30071-QN6-M,15,2026-09-20,0.0,False
no_ml_baseline_2026-06-15_v2,Product Info for BRG_2026-06-01__no_ml_baseline_2026-06-15_v2.xlsx,30071-QN6-M,16,2026-09-27,0.0,False
no_ml_baseline_2026-06-15_v2,Product Info for BRG_2026-06-01__no_ml_baseline_2026-06-15_v2.xlsx,30071-QN6-M,17,2026-10-04,0.0,False
no_ml_baseline_2026-06-15_v2,Product Info for BRG_2026-06-01__no_ml_baseline_2026-06-15_v2.xlsx,30071-QN6-M,18,2026-10-11,0.0,False
no_ml_baseline_2026-06-15_v2,Product Info for BRG_2026-06-01__no_ml_baseline_2026-06-15_v2.xlsx,30071-QN6-M,19,2026-10-18,0.0,False
no_ml_baseline_2026-06-15_v2,Product Info for BRG_2026-06-01__no_ml_baseline_2026-06-15_v2.xlsx,30071-QN6-M,20,2026-10-25,0.0,False
no_ml_baseline_2026-06-15_v2,Product Info for BRG_2026-06-01__no_ml_baseline_2026-06-15_v2.xlsx,30071-QN6-M,21,2026-11-01,0.0,False
no_ml_baseline_2026-06-15_v2,Product Info for BRG_2026-06-01__no_ml_baseline_2026-06-15_v2.xlsx,30071-QN6-M,22,2026-11-08,0.0,False
no_ml_baseline_2026-06-15_v2,Product Info for BRG_2026-06-01__no_ml_baseline_2026-06-15_v2.xlsx,30071-QN6-M,23,2026-11-15,0.0,False
no_ml_baseline_2026-06-15_v2,Product Info for BRG_2026-06-01__no_ml_baseline_2026-06-15_v2.xlsx,30071-QN6-M,24,2026-11-22,0.0,False
no_ml_baseline_2026-06-15_v2,Product Info for BRG_2026-06-01__no_ml_baseline_2026-06-15_v2.xlsx,30071-QN6-M,25,2026-11-29,0.0,False
no_ml_baseline_2026-06-15_v2,Product Info for BRG_2026-06-01__no_ml_baseline_2026-06-15_v2.xlsx,30071-QN6-M,26,2026-12-06,0.0,False
no_ml_baseline_2026-06-15_v2,Product Info for BRG_2026-06-01__no_ml_baseline_2026-06-15_v2.xlsx,30071-QN6-XL,1,2026-06-14,0.0,True
no_ml_baseline_2026-06-15_v2,Product Info for BRG_2026-06-01__no_ml_baseline_2026-06-15_v2.xlsx,30071-QN6-XL,2,2026-06-21,0.0,True
no_ml_baseline_2026-06-15_v2,Product Info for BRG_2026-06-01__no_ml_baseline_2026-06-15_v2.xlsx,30071-QN6-XL,3,2026-06-28,0.0,True
no_ml_baseline_2026-06-15_v2,Product Info for BRG_2026-06-01__no_ml_baseline_2026-06-15_v2.xlsx,30071-QN6-XL,4,2026-07-05,0.0,True
no_ml_baseline_2026-06-15_v2,Product Info for BRG_2026-06-01__no_ml_baseline_2026-06-15_v2.xlsx,30071-QN6-XL,5,2026-07-12,0.0,True
no_ml_baseline_2026-06-15_v2,Product Info for BRG_2026-06-01__no_ml_baseline_2026-06-15_v2.xlsx,30071-QN6-XL,6,2026-07-19,0.0,True
no_ml_baseline_2026-06-15_v2,Product Info for BRG_2026-06-01__no_ml_baseline_2026-06-15_v2.xlsx,30071-QN6-XL,7,2026-07-26,0.0,True
no_ml_baseline_2026-06-15_v2,Product Info for BRG_2026-06-01__no_ml_baseline_2026-06-15_v2.xlsx,30071-QN6-XL,8,2026-08-02,0.0,True
no_ml_baseline_2026-06-15_v2,Product Info for BRG_2026-06-01__no_ml_baseline_2026-06-15_v2.xlsx,30071-QN6-XL,9,2026-08-09,0.0,True
no_ml_baseline_2026-06-15_v2,Product Info for BRG_2026-06-01__no_ml_baseline_2026-06-15_v2.xlsx,30071-QN6-XL,10,2026-08-16,0.0,True
no_ml_baseline_2026-06-15_v2,Product Info for BRG_2026-06-01__no_ml_baseline_2026-06-15_v2.xlsx,30071-QN6-XL,11,2026-08-23,0.0,True
no_ml_baseline_2026-06-15_v2,Product Info for BRG_2026-06-01__no_ml_baseline_2026-06-15_v2.xlsx,30071-QN6-XL,12,2026-08-30,0.0,True
no_ml_baseline_2026-06-15_v2,Product Info for BRG_2026-06-01__no_ml_baseline_2026-06-15_v2.xlsx,30071-QN6-XL,13,2026-09-06,0.0,True
no_ml_baseline_2026-06-15_v2,Product Info for BRG_2026-06-01__no_ml_baseline_2026-06-15_v2.xlsx,30071-QN6-XL,14,2026-09-13,0.0,False
no_ml_baseline_2026-06-15_v2,Product Info for BRG_2026-06-01__no_ml_baseline_2026-06-15_v2.xlsx,30071-QN6-XL,15,2026-09-20,0.0,False
no_ml_baseline_2026-06-15_v2,Product Info for BRG_2026-06-01__no_ml_baseline_2026-06-15_v2.xlsx,30071-QN6-XL,16,2026-09-27,0.0,False
no_ml_baseline_2026-06-15_v2,Product Info for BRG_2026-06-01__no_ml_baseline_2026-06-15_v2.xlsx,30071-QN6-XL,17,2026-10-04,0.0,False
no_ml_baseline_2026-06-15_v2,Product Info for BRG_2026-06-01__no_ml_baseline_2026-06-15_v2.xlsx,30071-QN6-XL,18,2026-10-11,0.0,False
no_ml_baseline_2026-06-15_v2,Product Info for BRG_2026-06-01__no_ml_baseline_2026-06-15_v2.xlsx,30071-QN6-XL,19,2026-10-18,0.0,False
no_ml_baseline_2026-06-15_v2,Product Info for BRG_2026-06-01__no_ml_baseline_2026-06-15_v2.xlsx,30071-QN6-XL,20,2026-10-25,0.0,False
no_ml_baseline_2026-06-15_v2,Product Info for BRG_2026-06-01__no_ml_baseline_2026-06-15_v2.xlsx,30071-QN6-XL,21,2026-11-01,0.0,False
no_ml_baseline_2026-06-15_v2,Product Info for BRG_2026-06-01__no_ml_baseline_2026-06-15_v2.xlsx,30071-QN6-XL,22,2026-11-08,0.0,False
no_ml_baseline_2026-06-15_v2,Product Info for BRG_2026-06-01__no_ml_baseline_2026-06-15_v2.xlsx,30071-QN6-XL,23,2026-11-15,0.0,False
no_ml_baseline_2026-06-15_v2,Product Info for BRG_2026-06-01__no_ml_baseline_2026-06-15_v2.xlsx,30071-QN6-XL,24,2026-11-22,0.0,False
no_ml_baseline_2026-06-15_v2,Product Info for BRG_2026-06-01__no_ml_baseline_2026-06-15_v2.xlsx,30071-QN6-XL,25,2026-11-29,0.0,False
no_ml_baseline_2026-06-15_v2,Product Info for BRG_2026-06-01__no_ml_baseline_2026-06-15_v2.xlsx,30071-QN6-XL,26,2026-12-06,0.0,False
no_ml_baseline_2026-06-15_v2,Product Info for BRG_2026-06-01__no_ml_baseline_2026-06-15_v2.xlsx,30071-QN6-XS,1,2026-06-14,0.0,True
no_ml_baseline_2026-06-15_v2,Product Info for BRG_2026-06-01__no_ml_baseline_2026-06-15_v2.xlsx,30071-QN6-XS,2,2026-06-21,0.0,True
no_ml_baseline_2026-06-15_v2,Product Info for BRG_2026-06-01__no_ml_baseline_2026-06-15_v2.xlsx,30071-QN6-XS,3,2026-06-28,0.0,True
no_ml_baseline_2026-06-15_v2,Product Info for BRG_2026-06-01__no_ml_baseline_2026-06-15_v2.xlsx,30071-QN6-XS,4,2026-07-05,0.0,True
no_ml_baseline_2026-06-15_v2,Product Info for BRG_2026-06-01__no_ml_baseline_2026-06-15_v2.xlsx,30071-QN6-XS,5,2026-07-12,0.0,True
no_ml_baseline_2026-06-15_v2,Product Info for BRG_2026-06-01__no_ml_baseline_2026-06-15_v2.xlsx,30071-QN6-XS,6,2026-07-19,0.0,True
no_ml_baseline_2026-06-15_v2,Product Info for BRG_2026-06-01__no_ml_baseline_2026-06-15_v2.xlsx,30071-QN6-XS,7,2026-07-26,0.0,True
no_ml_baseline_2026-06-15_v2,Product Info for BRG_2026-06-01__no_ml_baseline_2026-06-15_v2.xlsx,30071-QN6-XS,8,2026-08-02,0.0,True
no_ml_baseline_2026-06-15_v2,Product Info for BRG_2026-06-01__no_ml_baseline_2026-06-15_v2.xlsx,30071-QN6-XS,9,2026-08-09,0.0,True
no_ml_baseline_2026-06-15_v2,Product Info for BRG_2026-06-01__no_ml_baseline_2026-06-15_v2.xlsx,30071-QN6-XS,10,2026-08-16,0.0,True
no_ml_baseline_2026-06-15_v2,Product Info for BRG_2026-06-01__no_ml_baseline_2026-06-15_v2.xlsx,30071-QN6-XS,11,2026-08-23,0.0,True
no_ml_baseline_2026-06-15_v2,Product Info for BRG_2026-06-01__no_ml_baseline_2026-06-15_v2.xlsx,30071-QN6-XS,12,2026-08-30,0.0,True
no_ml_baseline_2026-06-15_v2,Product Info for BRG_2026-06-01__no_ml_baseline_2026-06-15_v2.xlsx,30071-QN6-XS,13,2026-09-06,0.0,True
no_ml_baseline_2026-06-15_v2,Product Info for BRG_2026-06-01__no_ml_baseline_2026-06-15_v2.xlsx,30071-QN6-XS,14,2026-09-13,0.0,False
no_ml_baseline_2026-06-15_v2,Product Info for BRG_2026-06-01__no_ml_baseline_2026-06-15_v2.xlsx,30071-QN6-XS,15,2026-09-20,0.0,False
no_ml_baseline_2026-06-15_v2,Product Info for BRG_2026-06-01__no_ml_baseline_2026-06-15_v2.xlsx,30071-QN6-XS,16,2026-09-27,0.0,False
no_ml_baseline_2026-06-15_v2,Product Info for BRG_2026-06-01__no_ml_baseline_2026-06-15_v2.xlsx,30071-QN6-XS,17,2026-10-04,0.0,False
no_ml_baseline_2026-06-15_v2,Product Info for BRG_2026-06-01__no_ml_baseline_2026-06-15_v2.xlsx,30071-QN6-XS,18,2026-10-11,0.0,False
no_ml_baseline_2026-06-15_v2,Product Info for BRG_2026-06-01__no_ml_baseline_2026-06-15_v2.xlsx,30071-QN6-XS,19,2026-10-18,0.0,False
no_ml_baseline_2026-06-15_v2,Product Info for BRG_2026-06-01__no_ml_baseline_2026-06-15_v2.xlsx,30071-QN6-XS,20,2026-10-25,0.0,False
no_ml_baseline_2026-06-15_v2,Product Info for BRG_2026-06-01__no_ml_baseline_2026-06-15_v2.xlsx,30071-QN6-XS,21,2026-11-01,0.0,False
no_ml_baseline_2026-06-15_v2,Product Info for BRG_2026-06-01__no_ml_baseline_2026-06-15_v2.xlsx,30071-QN6-XS,22,2026-11-08,0.0,False
no_ml_baseline_2026-06-15_v2,Product Info for BRG_2026-06-01__no_ml_baseline_2026-06-15_v2.xlsx,30071-QN6-XS,23,2026-11-15,0.0,False
no_ml_baseline_2026-06-15_v2,Product Info for BRG_2026-06-01__no_ml_baseline_2026-06-15_v2.xlsx,30071-QN6-XS,24,2026-11-22,0.0,False
no_ml_baseline_2026-06-15_v2,Product Info for BRG_2026-06-01__no_ml_baseline_2026-06-15_v2.xlsx,30071-QN6-XS,25,2026-11-29,0.0,False
no_ml_baseline_2026-06-15_v2,Product Info for BRG_2026-06-01__no_ml_baseline_2026-06-15_v2.xlsx,30071-QN6-XS,26,2026-12-06,0.0,False
no_ml_baseline_2026-06-15_v2,Product Info for BRG_2026-06-01__no_ml_baseline_2026-06-15_v2.xlsx,30071-S74-XS,1,2026-06-14,1.0,True
no_ml_baseline_2026-06-15_v2,Product Info for BRG_2026-06-01__no_ml_baseline_2026-06-15_v2.xlsx,30071-S74-XS,2,2026-06-21,0.0,True
no_ml_baseline_2026-06-15_v2,Product Info for BRG_2026-06-01__no_ml_baseline_2026-06-15_v2.xlsx,30071-S74-XS,3,2026-06-28,0.0,True
no_ml_baseline_2026-06-15_v2,Product Info for BRG_2026-06-01__no_ml_baseline_2026-06-15_v2.xlsx,30071-S74-XS,4,2026-07-05,0.0,True
no_ml_baseline_2026-06-15_v2,Product Info for BRG_2026-06-01__no_ml_baseline_2026-06-15_v2.xlsx,30071-S74-XS,5,2026-07-12,0.0,True
no_ml_baseline_2026-06-15_v2,Product Info for BRG_2026-06-01__no_ml_baseline_2026-06-15_v2.xlsx,30071-S74-XS,6,2026-07-19,0.0,True
no_ml_baseline_2026-06-15_v2,Product Info for BRG_2026-06-01__no_ml_baseline_2026-06-15_v2.xlsx,30071-S74-XS,7,2026-07-26,0.0,True
no_ml_baseline_2026-06-15_v2,Product Info for BRG_2026-06-01__no_ml_baseline_2026-06-15_v2.xlsx,30071-S74-XS,8,2026-08-02,0.0,True
no_ml_baseline_2026-06-15_v2,Product Info for BRG_2026-06-01__no_ml_baseline_2026-06-15_v2.xlsx,30071-S74-XS,9,2026-08-09,0.0,True
no_ml_baseline_2026-06-15_v2,Product Info for BRG_2026-06-01__no_ml_baseline_2026-06-15_v2.xlsx,30071-S74-XS,10,2026-08-16,0.0,True
no_ml_baseline_2026-06-15_v2,Product Info for BRG_2026-06-01__no_ml_baseline_2026-06-15_v2.xlsx,30071-S74-XS,11,2026-08-23,0.0,True
no_ml_baseline_2026-06-15_v2,Product Info for BRG_2026-06-01__no_ml_baseline_2026-06-15_v2.xlsx,30071-S74-XS,12,2026-08-30,0.0,True
no_ml_baseline_2026-06-15_v2,Product Info for BRG_2026-06-01__no_ml_baseline_2026-06-15_v2.xlsx,30071-S74-XS,13,2026-09-06,0.0,True
no_ml_baseline_2026-06-15_v2,Product Info for BRG_2026-06-01__no_ml_baseline_2026-06-15_v2.xlsx,30071-S74-XS,14,2026-09-13,0.0,False
no_ml_baseline_2026-06-15_v2,Product Info for BRG_2026-06-01__no_ml_baseline_2026-06-15_v2.xlsx,30071-S74-XS,15,2026-09-20,0.0,False
no_ml_baseline_2026-06-15_v2,Product Info for BRG_2026-06-01__no_ml_baseline_2026-06-15_v2.xlsx,30071-S74-XS,16,2026-09-27,0.0,False
no_ml_baseline_2026-06-15_v2,Product Info for BRG_2026-06-01__no_ml_baseline_2026-06-15_v2.xlsx,30071-S74-XS,17,2026-10-04,0.0,False
no_ml_baseline_2026-06-15_v2,Product Info for BRG_2026-06-01__no_ml_baseline_2026-06-15_v2.xlsx,30071-S74-XS,18,2026-10-11,0.0,False
no_ml_baseline_2026-06-15_v2,Product Info for BRG_2026-06-01__no_ml_baseline_2026-06-15_v2.xlsx,30071-S74-XS,19,2026-10-18,0.0,False
no_ml_baseline_2026-06-15_v2,Product Info for BRG_2026-06-01__no_ml_baseline_2026-06-15_v2.xlsx,30071-S74-XS,20,2026-10-25,0.0,False
no_ml_baseline_2026-06-15_v2,Product Info for BRG_2026-06-01__no_ml_baseline_2026-06-15_v2.xlsx,30071-S74-XS,21,2026-11-01,0.0,False
no_ml_baseline_2026-06-15_v2,Product Info for BRG_2026-06-01__no_ml_baseline_2026-06-15_v2.xlsx,30071-S74-XS,22,2026-11-08,0.0,False
no_ml_baseline_2026-06-15_v2,Product Info for BRG_2026-06-01__no_ml_baseline_2026-06-15_v2.xlsx,30071-S74-XS,23,2026-11-15,0.0,False
no_ml_baseline_2026-06-15_v2,Product Info for BRG_2026-06-01__no_ml_baseline_2026-06-15_v2.xlsx,30071-S74-XS,24,2026-11-22,0.0,False
no_ml_baseline_2026-06-15_v2,Product Info for BRG_2026-06-01__no_ml_baseline_2026-06-15_v2.xlsx,30071-S74-XS,25,2026-11-29,0.0,False
no_ml_baseline_2026-06-15_v2,Product Info for BRG_2026-06-01__no_ml_baseline_2026-06-15_v2.xlsx,30071-S74-XS,26,2026-12-06,0.0,False
no_ml_baseline_2026-06-15_v2,Product Info for BRG_2026-06-01__no_ml_baseline_2026-06-15_v2.xlsx,30071-TB4-L,1,2026-06-14,0.0,True
no_ml_baseline_2026-06-15_v2,Product Info for BRG_2026-06-01__no_ml_baseline_2026-06-15_v2.xlsx,30071-TB4-L,2,2026-06-21,0.0,True
no_ml_baseline_2026-06-15_v2,Product Info for BRG_2026-06-01__no_ml_baseline_2026-06-15_v2.xlsx,30071-TB4-L,3,2026-06-28,0.0,True
no_ml_baseline_2026-06-15_v2,Product Info for BRG_2026-06-01__no_ml_baseline_2026-06-15_v2.xlsx,30071-TB4-L,4,2026-07-05,0.0,True
no_ml_baseline_2026-06-15_v2,Product Info for BRG_2026-06-01__no_ml_baseline_2026-06-15_v2.xlsx,30071-TB4-L,5,2026-07-12,0.0,True
no_ml_baseline_2026-06-15_v2,Product Info for BRG_2026-06-01__no_ml_baseline_2026-06-15_v2.xlsx,30071-TB4-L,6,2026-07-19,0.0,True
no_ml_baseline_2026-06-15_v2,Product Info for BRG_2026-06-01__no_ml_baseline_2026-06-15_v2.xlsx,30071-TB4-L,7,2026-07-26,0.0,True
no_ml_baseline_2026-06-15_v2,Product Info for BRG_2026-06-01__no_ml_baseline_2026-06-15_v2.xlsx,30071-TB4-L,8,2026-08-02,0.0,True
no_ml_baseline_2026-06-15_v2,Product Info for BRG_2026-06-01__no_ml_baseline_2026-06-15_v2.xlsx,30071-TB4-L,9,2026-08-09,0.0,True
no_ml_baseline_2026-06-15_v2,Product Info for BRG_2026-06-01__no_ml_baseline_2026-06-15_v2.xlsx,30071-TB4-L,10,2026-08-16,0.0,True
no_ml_baseline_2026-06-15_v2,Product Info for BRG_2026-06-01__no_ml_baseline_2026-06-15_v2.xlsx,30071-TB4-L,11,2026-08-23,0.0,True
no_ml_baseline_2026-06-15_v2,Product Info for BRG_2026-06-01__no_ml_baseline_2026-06-15_v2.xlsx,30071-TB4-L,12,2026-08-30,0.0,True
no_ml_baseline_2026-06-15_v2,Product Info for BRG_2026-06-01__no_ml_baseline_2026-06-15_v2.xlsx,30071-TB4-L,13,2026-09-06,0.0,True
no_ml_baseline_2026-06-15_v2,Product Info for BRG_2026-06-01__no_ml_baseline_2026-06-15_v2.xlsx,30071-TB4-L,14,2026-09-13,0.0,False
no_ml_baseline_2026-06-15_v2,Product Info for BRG_2026-06-01__no_ml_baseline_2026-06-15_v2.xlsx,30071-TB4-L,15,2026-09-20,0.0,False
no_ml_baseline_2026-06-15_v2,Product Info for BRG_2026-06-01__no_ml_baseline_2026-06-15_v2.xlsx,30071-TB4-L,16,2026-09-27,0.0,False
no_ml_baseline_2026-06-15_v2,Product Info for BRG_2026-06-01__no_ml_baseline_2026-06-15_v2.xlsx,30071-TB4-L,17,2026-10-04,0.0,False
no_ml_baseline_2026-06-15_v2,Product Info for BRG_2026-06-01__no_ml_baseline_2026-06-15_v2.xlsx,30071-TB4-L,18,2026-10-11,0.0,False
no_ml_baseline_2026-06-15_v2,Product Info for BRG_2026-06-01__no_ml_baseline_2026-06-15_v2.xlsx,30071-TB4-L,19,2026-10-18,0.0,False
no_ml_baseline_2026-06-15_v2,Product Info for BRG_2026-06-01__no_ml_baseline_2026-06-15_v2.xlsx,30071-TB4-L,20,2026-10-25,0.0,False
no_ml_baseline_2026-06-15_v2,Product Info for BRG_2026-06-01__no_ml_baseline_2026-06-15_v2.xlsx,30071-TB4-L,21,2026-11-01,0.0,False
no_ml_baseline_2026-06-15_v2,Product Info for BRG_2026-06-01__no_ml_baseline_2026-06-15_v2.xlsx,30071-TB4-L,22,2026-11-08,0.0,False
no_ml_baseline_2026-06-15_v2,Product Info for BRG_2026-06-01__no_ml_baseline_2026-06-15_v2.xlsx,30071-TB4-L,23,2026-11-15,0.0,False
no_ml_baseline_2026-06-15_v2,Product Info for BRG_2026-06-01__no_ml_baseline_2026-06-15_v2.xlsx,30071-TB4-L,24,2026-11-22,0.0,False
no_ml_baseline_2026-06-15_v2,Product Info for BRG_2026-06-01__no_ml_baseline_2026-06-15_v2.xlsx,30071-TB4-L,25,2026-11-29,0.0,False
no_ml_baseline_2026-06-15_v2,Product Info for BRG_2026-06-01__no_ml_baseline_2026-06-15_v2.xlsx,30071-TB4-L,26,2026-12-06,0.0,False
no_ml_baseline_2026-06-15_v2,Product Info for BRG_2026-06-01__no_ml_baseline_2026-06-15_v2.xlsx,30071-TB4-M,1,2026-06-14,0.0,True
no_ml_baseline_2026-06-15_v2,Product Info for BRG_2026-06-01__no_ml_baseline_2026-06-15_v2.xlsx,30071-TB4-M,2,2026-06-21,0.0,True
no_ml_baseline_2026-06-15_v2,Product Info for BRG_2026-06-01__no_ml_baseline_2026-06-15_v2.xlsx,30071-TB4-M,3,2026-06-28,0.0,True
no_ml_baseline_2026-06-15_v2,Product Info for BRG_2026-06-01__no_ml_baseline_2026-06-15_v2.xlsx,30071-TB4-M,4,2026-07-05,0.0,True
no_ml_baseline_2026-06-15_v2,Product Info for BRG_2026-06-01__no_ml_baseline_2026-06-15_v2.xlsx,30071-TB4-M,5,2026-07-12,0.0,True
no_ml_baseline_2026-06-15_v2,Product Info for BRG_2026-06-01__no_ml_baseline_2026-06-15_v2.xlsx,30071-TB4-M,6,2026-07-19,0.0,True
no_ml_baseline_2026-06-15_v2,Product Info for BRG_2026-06-01__no_ml_baseline_2026-06-15_v2.xlsx,30071-TB4-M,7,2026-07-26,0.0,True
no_ml_baseline_2026-06-15_v2,Product Info for BRG_2026-06-01__no_ml_baseline_2026-06-15_v2.xlsx,30071-TB4-M,8,2026-08-02,0.0,True
no_ml_baseline_2026-06-15_v2,Product Info for BRG_2026-06-01__no_ml_baseline_2026-06-15_v2.xlsx,30071-TB4-M,9,2026-08-09,0.0,True
no_ml_baseline_2026-06-15_v2,Product Info for BRG_2026-06-01__no_ml_baseline_2026-06-15_v2.xlsx,30071-TB4-M,10,2026-08-16,0.0,True
no_ml_baseline_2026-06-15_v2,Product Info for BRG_2026-06-01__no_ml_baseline_2026-06-15_v2.xlsx,30071-TB4-M,11,2026-08-23,0.0,True
no_ml_baseline_2026-06-15_v2,Product Info for BRG_2026-06-01__no_ml_baseline_2026-06-15_v2.xlsx,30071-TB4-M,12,2026-08-30,0.0,True
