CandidateID,SourceWorkbook,ForecastStartDate,SKU,ForecastDay,ForecastDate,ForecastUnits
corporate_clone_2026-06-15_v2,Product Info for BRG_2026-06-01__corporate_clone_2026-06-15_v2.xlsx,2026-06-02,33175-145-100,1,2026-06-02,1
corporate_clone_2026-06-15_v2,Product Info for BRG_2026-06-01__corporate_clone_2026-06-15_v2.xlsx,2026-06-02,33175-145-100,2,2026-06-03,1
corporate_clone_2026-06-15_v2,Product Info for BRG_2026-06-01__corporate_clone_2026-06-15_v2.xlsx,2026-06-02,33175-145-100,3,2026-06-04,1
corporate_clone_2026-06-15_v2,Product Info for BRG_2026-06-01__corporate_clone_2026-06-15_v2.xlsx,2026-06-02,33175-145-100,4,2026-06-05,1
corporate_clone_2026-06-15_v2,Product Info for BRG_2026-06-01__corporate_clone_2026-06-15_v2.xlsx,2026-06-02,33175-145-100,5,2026-06-06,2
corporate_clone_2026-06-15_v2,Product Info for BRG_2026-06-01__corporate_clone_2026-06-15_v2.xlsx,2026-06-02,33175-145-100,6,2026-06-07,2
corporate_clone_2026-06-15_v2,Product Info for BRG_2026-06-01__corporate_clone_2026-06-15_v2.xlsx,2026-06-02,33175-145-100,7,2026-06-08,1
corporate_clone_2026-06-15_v2,Product Info for BRG_2026-06-01__corporate_clone_2026-06-15_v2.xlsx,2026-06-02,33175-145-100,8,2026-06-09,1
corporate_clone_2026-06-15_v2,Product Info for BRG_2026-06-01__corporate_clone_2026-06-15_v2.xlsx,2026-06-02,33175-145-100,9,2026-06-10,1
corporate_clone_2026-06-15_v2,Product Info for BRG_2026-06-01__corporate_clone_2026-06-15_v2.xlsx,2026-06-02,33175-145-100,10,2026-06-11,1
corporate_clone_2026-06-15_v2,Product Info for BRG_2026-06-01__corporate_clone_2026-06-15_v2.xlsx,2026-06-02,33175-145-100,11,2026-06-12,1
corporate_clone_2026-06-15_v2,Product Info for BRG_2026-06-01__corporate_clone_2026-06-15_v2.xlsx,2026-06-02,33175-145-100,12,2026-06-13,2
corporate_clone_2026-06-15_v2,Product Info for BRG_2026-06-01__corporate_clone_2026-06-15_v2.xlsx,2026-06-02,33175-145-100,13,2026-06-14,2
corporate_clone_2026-06-15_v2,Product Info for BRG_2026-06-01__corporate_clone_2026-06-15_v2.xlsx,2026-06-02,33175-145-100,14,2026-06-15,2
corporate_clone_2026-06-15_v2,Product Info for BRG_2026-06-01__corporate_clone_2026-06-15_v2.xlsx,2026-06-02,33175-145-110,1,2026-06-02,1
corporate_clone_2026-06-15_v2,Product Info for BRG_2026-06-01__corporate_clone_2026-06-15_v2.xlsx,2026-06-02,33175-145-110,2,2026-06-03,1
corporate_clone_2026-06-15_v2,Product Info for BRG_2026-06-01__corporate_clone_2026-06-15_v2.xlsx,2026-06-02,33175-145-110,3,2026-06-04,1
corporate_clone_2026-06-15_v2,Product Info for BRG_2026-06-01__corporate_clone_2026-06-15_v2.xlsx,2026-06-02,33175-145-110,4,2026-06-05,1
corporate_clone_2026-06-15_v2,Product Info for BRG_2026-06-01__corporate_clone_2026-06-15_v2.xlsx,2026-06-02,33175-145-110,5,2026-06-06,2
corporate_clone_2026-06-15_v2,Product Info for BRG_2026-06-01__corporate_clone_2026-06-15_v2.xlsx,2026-06-02,33175-145-110,6,2026-06-07,2
corporate_clone_2026-06-15_v2,Product Info for BRG_2026-06-01__corporate_clone_2026-06-15_v2.xlsx,2026-06-02,33175-145-110,7,2026-06-08,1
corporate_clone_2026-06-15_v2,Product Info for BRG_2026-06-01__corporate_clone_2026-06-15_v2.xlsx,2026-06-02,33175-145-110,8,2026-06-09,1
corporate_clone_2026-06-15_v2,Product Info for BRG_2026-06-01__corporate_clone_2026-06-15_v2.xlsx,2026-06-02,33175-145-110,9,2026-06-10,1
corporate_clone_2026-06-15_v2,Product Info for BRG_2026-06-01__corporate_clone_2026-06-15_v2.xlsx,2026-06-02,33175-145-110,10,2026-06-11,1
corporate_clone_2026-06-15_v2,Product Info for BRG_2026-06-01__corporate_clone_2026-06-15_v2.xlsx,2026-06-02,33175-145-110,11,2026-06-12,1
corporate_clone_2026-06-15_v2,Product Info for BRG_2026-06-01__corporate_clone_2026-06-15_v2.xlsx,2026-06-02,33175-145-110,12,2026-06-13,2
corporate_clone_2026-06-15_v2,Product Info for BRG_2026-06-01__corporate_clone_2026-06-15_v2.xlsx,2026-06-02,33175-145-110,13,2026-06-14,2
corporate_clone_2026-06-15_v2,Product Info for BRG_2026-06-01__corporate_clone_2026-06-15_v2.xlsx,2026-06-02,33175-145-110,14,2026-06-15,2
corporate_clone_2026-06-15_v2,Product Info for BRG_2026-06-01__corporate_clone_2026-06-15_v2.xlsx,2026-06-02,33175-145-120,1,2026-06-02,2
corporate_clone_2026-06-15_v2,Product Info for BRG_2026-06-01__corporate_clone_2026-06-15_v2.xlsx,2026-06-02,33175-145-120,2,2026-06-03,2
corporate_clone_2026-06-15_v2,Product Info for BRG_2026-06-01__corporate_clone_2026-06-15_v2.xlsx,2026-06-02,33175-145-120,3,2026-06-04,2
corporate_clone_2026-06-15_v2,Product Info for BRG_2026-06-01__corporate_clone_2026-06-15_v2.xlsx,2026-06-02,33175-145-120,4,2026-06-05,2
corporate_clone_2026-06-15_v2,Product Info for BRG_2026-06-01__corporate_clone_2026-06-15_v2.xlsx,2026-06-02,33175-145-120,5,2026-06-06,3
corporate_clone_2026-06-15_v2,Product Info for BRG_2026-06-01__corporate_clone_2026-06-15_v2.xlsx,2026-06-02,33175-145-120,6,2026-06-07,3
corporate_clone_2026-06-15_v2,Product Info for BRG_2026-06-01__corporate_clone_2026-06-15_v2.xlsx,2026-06-02,33175-145-120,7,2026-06-08,2
corporate_clone_2026-06-15_v2,Product Info for BRG_2026-06-01__corporate_clone_2026-06-15_v2.xlsx,2026-06-02,33175-145-120,8,2026-06-09,1
corporate_clone_2026-06-15_v2,Product Info for BRG_2026-06-01__corporate_clone_2026-06-15_v2.xlsx,2026-06-02,33175-145-120,9,2026-06-10,1
corporate_clone_2026-06-15_v2,Product Info for BRG_2026-06-01__corporate_clone_2026-06-15_v2.xlsx,2026-06-02,33175-145-120,10,2026-06-11,1
corporate_clone_2026-06-15_v2,Product Info for BRG_2026-06-01__corporate_clone_2026-06-15_v2.xlsx,2026-06-02,33175-145-120,11,2026-06-12,1
corporate_clone_2026-06-15_v2,Product Info for BRG_2026-06-01__corporate_clone_2026-06-15_v2.xlsx,2026-06-02,33175-145-120,12,2026-06-13,3
corporate_clone_2026-06-15_v2,Product Info for BRG_2026-06-01__corporate_clone_2026-06-15_v2.xlsx,2026-06-02,33175-145-120,13,2026-06-14,3
corporate_clone_2026-06-15_v2,Product Info for BRG_2026-06-01__corporate_clone_2026-06-15_v2.xlsx,2026-06-02,33175-145-120,14,2026-06-15,3
corporate_clone_2026-06-15_v2,Product Info for BRG_2026-06-01__corporate_clone_2026-06-15_v2.xlsx,2026-06-02,33175-145-140,1,2026-06-02,0
corporate_clone_2026-06-15_v2,Product Info for BRG_2026-06-01__corporate_clone_2026-06-15_v2.xlsx,2026-06-02,33175-145-140,2,2026-06-03,0
corporate_clone_2026-06-15_v2,Product Info for BRG_2026-06-01__corporate_clone_2026-06-15_v2.xlsx,2026-06-02,33175-145-140,3,2026-06-04,0
corporate_clone_2026-06-15_v2,Product Info for BRG_2026-06-01__corporate_clone_2026-06-15_v2.xlsx,2026-06-02,33175-145-140,4,2026-06-05,0
corporate_clone_2026-06-15_v2,Product Info for BRG_2026-06-01__corporate_clone_2026-06-15_v2.xlsx,2026-06-02,33175-145-140,5,2026-06-06,0
corporate_clone_2026-06-15_v2,Product Info for BRG_2026-06-01__corporate_clone_2026-06-15_v2.xlsx,2026-06-02,33175-145-140,6,2026-06-07,0
corporate_clone_2026-06-15_v2,Product Info for BRG_2026-06-01__corporate_clone_2026-06-15_v2.xlsx,2026-06-02,33175-145-140,7,2026-06-08,0
corporate_clone_2026-06-15_v2,Product Info for BRG_2026-06-01__corporate_clone_2026-06-15_v2.xlsx,2026-06-02,33175-145-140,8,2026-06-09,0
corporate_clone_2026-06-15_v2,Product Info for BRG_2026-06-01__corporate_clone_2026-06-15_v2.xlsx,2026-06-02,33175-145-140,9,2026-06-10,0
corporate_clone_2026-06-15_v2,Product Info for BRG_2026-06-01__corporate_clone_2026-06-15_v2.xlsx,2026-06-02,33175-145-140,10,2026-06-11,0
corporate_clone_2026-06-15_v2,Product Info for BRG_2026-06-01__corporate_clone_2026-06-15_v2.xlsx,2026-06-02,33175-145-140,11,2026-06-12,0
corporate_clone_2026-06-15_v2,Product Info for BRG_2026-06-01__corporate_clone_2026-06-15_v2.xlsx,2026-06-02,33175-145-140,12,2026-06-13,0
corporate_clone_2026-06-15_v2,Product Info for BRG_2026-06-01__corporate_clone_2026-06-15_v2.xlsx,2026-06-02,33175-145-140,13,2026-06-14,0
corporate_clone_2026-06-15_v2,Product Info for BRG_2026-06-01__corporate_clone_2026-06-15_v2.xlsx,2026-06-02,33175-145-140,14,2026-06-15,0
corporate_clone_2026-06-15_v2,Product Info for BRG_2026-06-01__corporate_clone_2026-06-15_v2.xlsx,2026-06-02,33175-145-85,1,2026-06-02,1
corporate_clone_2026-06-15_v2,Product Info for BRG_2026-06-01__corporate_clone_2026-06-15_v2.xlsx,2026-06-02,33175-145-85,2,2026-06-03,1
corporate_clone_2026-06-15_v2,Product Info for BRG_2026-06-01__corporate_clone_2026-06-15_v2.xlsx,2026-06-02,33175-145-85,3,2026-06-04,1
corporate_clone_2026-06-15_v2,Product Info for BRG_2026-06-01__corporate_clone_2026-06-15_v2.xlsx,2026-06-02,33175-145-85,4,2026-06-05,1
corporate_clone_2026-06-15_v2,Product Info for BRG_2026-06-01__corporate_clone_2026-06-15_v2.xlsx,2026-06-02,33175-145-85,5,2026-06-06,1
corporate_clone_2026-06-15_v2,Product Info for BRG_2026-06-01__corporate_clone_2026-06-15_v2.xlsx,2026-06-02,33175-145-85,6,2026-06-07,1
corporate_clone_2026-06-15_v2,Product Info for BRG_2026-06-01__corporate_clone_2026-06-15_v2.xlsx,2026-06-02,33175-145-85,7,2026-06-08,1
corporate_clone_2026-06-15_v2,Product Info for BRG_2026-06-01__corporate_clone_2026-06-15_v2.xlsx,2026-06-02,33175-145-85,8,2026-06-09,0
corporate_clone_2026-06-15_v2,Product Info for BRG_2026-06-01__corporate_clone_2026-06-15_v2.xlsx,2026-06-02,33175-145-85,9,2026-06-10,0
corporate_clone_2026-06-15_v2,Product Info for BRG_2026-06-01__corporate_clone_2026-06-15_v2.xlsx,2026-06-02,33175-145-85,10,2026-06-11,0
corporate_clone_2026-06-15_v2,Product Info for BRG_2026-06-01__corporate_clone_2026-06-15_v2.xlsx,2026-06-02,33175-145-85,11,2026-06-12,0
corporate_clone_2026-06-15_v2,Product Info for BRG_2026-06-01__corporate_clone_2026-06-15_v2.xlsx,2026-06-02,33175-145-85,12,2026-06-13,1
corporate_clone_2026-06-15_v2,Product Info for BRG_2026-06-01__corporate_clone_2026-06-15_v2.xlsx,2026-06-02,33175-145-85,13,2026-06-14,1
corporate_clone_2026-06-15_v2,Product Info for BRG_2026-06-01__corporate_clone_2026-06-15_v2.xlsx,2026-06-02,33175-145-85,14,2026-06-15,1
corporate_clone_2026-06-15_v2,Product Info for BRG_2026-06-01__corporate_clone_2026-06-15_v2.xlsx,2026-06-02,33175-145-90,1,2026-06-02,1
corporate_clone_2026-06-15_v2,Product Info for BRG_2026-06-01__corporate_clone_2026-06-15_v2.xlsx,2026-06-02,33175-145-90,2,2026-06-03,1
corporate_clone_2026-06-15_v2,Product Info for BRG_2026-06-01__corporate_clone_2026-06-15_v2.xlsx,2026-06-02,33175-145-90,3,2026-06-04,1
corporate_clone_2026-06-15_v2,Product Info for BRG_2026-06-01__corporate_clone_2026-06-15_v2.xlsx,2026-06-02,33175-145-90,4,2026-06-05,1
corporate_clone_2026-06-15_v2,Product Info for BRG_2026-06-01__corporate_clone_2026-06-15_v2.xlsx,2026-06-02,33175-145-90,5,2026-06-06,1
corporate_clone_2026-06-15_v2,Product Info for BRG_2026-06-01__corporate_clone_2026-06-15_v2.xlsx,2026-06-02,33175-145-90,6,2026-06-07,1
corporate_clone_2026-06-15_v2,Product Info for BRG_2026-06-01__corporate_clone_2026-06-15_v2.xlsx,2026-06-02,33175-145-90,7,2026-06-08,1
corporate_clone_2026-06-15_v2,Product Info for BRG_2026-06-01__corporate_clone_2026-06-15_v2.xlsx,2026-06-02,33175-145-90,8,2026-06-09,1
corporate_clone_2026-06-15_v2,Product Info for BRG_2026-06-01__corporate_clone_2026-06-15_v2.xlsx,2026-06-02,33175-145-90,9,2026-06-10,1
corporate_clone_2026-06-15_v2,Product Info for BRG_2026-06-01__corporate_clone_2026-06-15_v2.xlsx,2026-06-02,33175-145-90,10,2026-06-11,1
corporate_clone_2026-06-15_v2,Product Info for BRG_2026-06-01__corporate_clone_2026-06-15_v2.xlsx,2026-06-02,33175-145-90,11,2026-06-12,1
corporate_clone_2026-06-15_v2,Product Info for BRG_2026-06-01__corporate_clone_2026-06-15_v2.xlsx,2026-06-02,33175-145-90,12,2026-06-13,1
corporate_clone_2026-06-15_v2,Product Info for BRG_2026-06-01__corporate_clone_2026-06-15_v2.xlsx,2026-06-02,33175-145-90,13,2026-06-14,1
corporate_clone_2026-06-15_v2,Product Info for BRG_2026-06-01__corporate_clone_2026-06-15_v2.xlsx,2026-06-02,33175-145-90,14,2026-06-15,1
corporate_clone_2026-06-15_v2,Product Info for BRG_2026-06-01__corporate_clone_2026-06-15_v2.xlsx,2026-06-02,33175-SR4-100,1,2026-06-02,2
corporate_clone_2026-06-15_v2,Product Info for BRG_2026-06-01__corporate_clone_2026-06-15_v2.xlsx,2026-06-02,33175-SR4-100,2,2026-06-03,2
corporate_clone_2026-06-15_v2,Product Info for BRG_2026-06-01__corporate_clone_2026-06-15_v2.xlsx,2026-06-02,33175-SR4-100,3,2026-06-04,2
corporate_clone_2026-06-15_v2,Product Info for BRG_2026-06-01__corporate_clone_2026-06-15_v2.xlsx,2026-06-02,33175-SR4-100,4,2026-06-05,2
corporate_clone_2026-06-15_v2,Product Info for BRG_2026-06-01__corporate_clone_2026-06-15_v2.xlsx,2026-06-02,33175-SR4-100,5,2026-06-06,3
corporate_clone_2026-06-15_v2,Product Info for BRG_2026-06-01__corporate_clone_2026-06-15_v2.xlsx,2026-06-02,33175-SR4-100,6,2026-06-07,3
corporate_clone_2026-06-15_v2,Product Info for BRG_2026-06-01__corporate_clone_2026-06-15_v2.xlsx,2026-06-02,33175-SR4-100,7,2026-06-08,2
corporate_clone_2026-06-15_v2,Product Info for BRG_2026-06-01__corporate_clone_2026-06-15_v2.xlsx,2026-06-02,33175-SR4-100,8,2026-06-09,1
corporate_clone_2026-06-15_v2,Product Info for BRG_2026-06-01__corporate_clone_2026-06-15_v2.xlsx,2026-06-02,33175-SR4-100,9,2026-06-10,1
corporate_clone_2026-06-15_v2,Product Info for BRG_2026-06-01__corporate_clone_2026-06-15_v2.xlsx,2026-06-02,33175-SR4-100,10,2026-06-11,1
corporate_clone_2026-06-15_v2,Product Info for BRG_2026-06-01__corporate_clone_2026-06-15_v2.xlsx,2026-06-02,33175-SR4-100,11,2026-06-12,1
corporate_clone_2026-06-15_v2,Product Info for BRG_2026-06-01__corporate_clone_2026-06-15_v2.xlsx,2026-06-02,33175-SR4-100,12,2026-06-13,3
corporate_clone_2026-06-15_v2,Product Info for BRG_2026-06-01__corporate_clone_2026-06-15_v2.xlsx,2026-06-02,33175-SR4-100,13,2026-06-14,3
corporate_clone_2026-06-15_v2,Product Info for BRG_2026-06-01__corporate_clone_2026-06-15_v2.xlsx,2026-06-02,33175-SR4-100,14,2026-06-15,3
corporate_clone_2026-06-15_v2,Product Info for BRG_2026-06-01__corporate_clone_2026-06-15_v2.xlsx,2026-06-02,33175-SR4-110,1,2026-06-02,2
corporate_clone_2026-06-15_v2,Product Info for BRG_2026-06-01__corporate_clone_2026-06-15_v2.xlsx,2026-06-02,33175-SR4-110,2,2026-06-03,2
corporate_clone_2026-06-15_v2,Product Info for BRG_2026-06-01__corporate_clone_2026-06-15_v2.xlsx,2026-06-02,33175-SR4-110,3,2026-06-04,2
corporate_clone_2026-06-15_v2,Product Info for BRG_2026-06-01__corporate_clone_2026-06-15_v2.xlsx,2026-06-02,33175-SR4-110,4,2026-06-05,2
corporate_clone_2026-06-15_v2,Product Info for BRG_2026-06-01__corporate_clone_2026-06-15_v2.xlsx,2026-06-02,33175-SR4-110,5,2026-06-06,3
corporate_clone_2026-06-15_v2,Product Info for BRG_2026-06-01__corporate_clone_2026-06-15_v2.xlsx,2026-06-02,33175-SR4-110,6,2026-06-07,3
corporate_clone_2026-06-15_v2,Product Info for BRG_2026-06-01__corporate_clone_2026-06-15_v2.xlsx,2026-06-02,33175-SR4-110,7,2026-06-08,3
corporate_clone_2026-06-15_v2,Product Info for BRG_2026-06-01__corporate_clone_2026-06-15_v2.xlsx,2026-06-02,33175-SR4-110,8,2026-06-09,2
corporate_clone_2026-06-15_v2,Product Info for BRG_2026-06-01__corporate_clone_2026-06-15_v2.xlsx,2026-06-02,33175-SR4-110,9,2026-06-10,2
corporate_clone_2026-06-15_v2,Product Info for BRG_2026-06-01__corporate_clone_2026-06-15_v2.xlsx,2026-06-02,33175-SR4-110,10,2026-06-11,2
corporate_clone_2026-06-15_v2,Product Info for BRG_2026-06-01__corporate_clone_2026-06-15_v2.xlsx,2026-06-02,33175-SR4-110,11,2026-06-12,1
corporate_clone_2026-06-15_v2,Product Info for BRG_2026-06-01__corporate_clone_2026-06-15_v2.xlsx,2026-06-02,33175-SR4-110,12,2026-06-13,3
corporate_clone_2026-06-15_v2,Product Info for BRG_2026-06-01__corporate_clone_2026-06-15_v2.xlsx,2026-06-02,33175-SR4-110,13,2026-06-14,3
corporate_clone_2026-06-15_v2,Product Info for BRG_2026-06-01__corporate_clone_2026-06-15_v2.xlsx,2026-06-02,33175-SR4-110,14,2026-06-15,4
corporate_clone_2026-06-15_v2,Product Info for BRG_2026-06-01__corporate_clone_2026-06-15_v2.xlsx,2026-06-02,33175-SR4-120,1,2026-06-02,4
corporate_clone_2026-06-15_v2,Product Info for BRG_2026-06-01__corporate_clone_2026-06-15_v2.xlsx,2026-06-02,33175-SR4-120,2,2026-06-03,4
corporate_clone_2026-06-15_v2,Product Info for BRG_2026-06-01__corporate_clone_2026-06-15_v2.xlsx,2026-06-02,33175-SR4-120,3,2026-06-04,4
corporate_clone_2026-06-15_v2,Product Info for BRG_2026-06-01__corporate_clone_2026-06-15_v2.xlsx,2026-06-02,33175-SR4-120,4,2026-06-05,4
corporate_clone_2026-06-15_v2,Product Info for BRG_2026-06-01__corporate_clone_2026-06-15_v2.xlsx,2026-06-02,33175-SR4-120,5,2026-06-06,5
corporate_clone_2026-06-15_v2,Product Info for BRG_2026-06-01__corporate_clone_2026-06-15_v2.xlsx,2026-06-02,33175-SR4-120,6,2026-06-07,5
corporate_clone_2026-06-15_v2,Product Info for BRG_2026-06-01__corporate_clone_2026-06-15_v2.xlsx,2026-06-02,33175-SR4-120,7,2026-06-08,5
corporate_clone_2026-06-15_v2,Product Info for BRG_2026-06-01__corporate_clone_2026-06-15_v2.xlsx,2026-06-02,33175-SR4-120,8,2026-06-09,3
corporate_clone_2026-06-15_v2,Product Info for BRG_2026-06-01__corporate_clone_2026-06-15_v2.xlsx,2026-06-02,33175-SR4-120,9,2026-06-10,3
corporate_clone_2026-06-15_v2,Product Info for BRG_2026-06-01__corporate_clone_2026-06-15_v2.xlsx,2026-06-02,33175-SR4-120,10,2026-06-11,3
corporate_clone_2026-06-15_v2,Product Info for BRG_2026-06-01__corporate_clone_2026-06-15_v2.xlsx,2026-06-02,33175-SR4-120,11,2026-06-12,2
corporate_clone_2026-06-15_v2,Product Info for BRG_2026-06-01__corporate_clone_2026-06-15_v2.xlsx,2026-06-02,33175-SR4-120,12,2026-06-13,6
corporate_clone_2026-06-15_v2,Product Info for BRG_2026-06-01__corporate_clone_2026-06-15_v2.xlsx,2026-06-02,33175-SR4-120,13,2026-06-14,6
corporate_clone_2026-06-15_v2,Product Info for BRG_2026-06-01__corporate_clone_2026-06-15_v2.xlsx,2026-06-02,33175-SR4-120,14,2026-06-15,6
corporate_clone_2026-06-15_v2,Product Info for BRG_2026-06-01__corporate_clone_2026-06-15_v2.xlsx,2026-06-02,33175-SR4-130,1,2026-06-02,5
corporate_clone_2026-06-15_v2,Product Info for BRG_2026-06-01__corporate_clone_2026-06-15_v2.xlsx,2026-06-02,33175-SR4-130,2,2026-06-03,6
corporate_clone_2026-06-15_v2,Product Info for BRG_2026-06-01__corporate_clone_2026-06-15_v2.xlsx,2026-06-02,33175-SR4-130,3,2026-06-04,5
corporate_clone_2026-06-15_v2,Product Info for BRG_2026-06-01__corporate_clone_2026-06-15_v2.xlsx,2026-06-02,33175-SR4-130,4,2026-06-05,5
corporate_clone_2026-06-15_v2,Product Info for BRG_2026-06-01__corporate_clone_2026-06-15_v2.xlsx,2026-06-02,33175-SR4-130,5,2026-06-06,8
corporate_clone_2026-06-15_v2,Product Info for BRG_2026-06-01__corporate_clone_2026-06-15_v2.xlsx,2026-06-02,33175-SR4-130,6,2026-06-07,8
corporate_clone_2026-06-15_v2,Product Info for BRG_2026-06-01__corporate_clone_2026-06-15_v2.xlsx,2026-06-02,33175-SR4-130,7,2026-06-08,7
corporate_clone_2026-06-15_v2,Product Info for BRG_2026-06-01__corporate_clone_2026-06-15_v2.xlsx,2026-06-02,33175-SR4-130,8,2026-06-09,4
corporate_clone_2026-06-15_v2,Product Info for BRG_2026-06-01__corporate_clone_2026-06-15_v2.xlsx,2026-06-02,33175-SR4-130,9,2026-06-10,4
corporate_clone_2026-06-15_v2,Product Info for BRG_2026-06-01__corporate_clone_2026-06-15_v2.xlsx,2026-06-02,33175-SR4-130,10,2026-06-11,4
corporate_clone_2026-06-15_v2,Product Info for BRG_2026-06-01__corporate_clone_2026-06-15_v2.xlsx,2026-06-02,33175-SR4-130,11,2026-06-12,4
corporate_clone_2026-06-15_v2,Product Info for BRG_2026-06-01__corporate_clone_2026-06-15_v2.xlsx,2026-06-02,33175-SR4-130,12,2026-06-13,9
corporate_clone_2026-06-15_v2,Product Info for BRG_2026-06-01__corporate_clone_2026-06-15_v2.xlsx,2026-06-02,33175-SR4-130,13,2026-06-14,9
corporate_clone_2026-06-15_v2,Product Info for BRG_2026-06-01__corporate_clone_2026-06-15_v2.xlsx,2026-06-02,33175-SR4-130,14,2026-06-15,10
corporate_clone_2026-06-15_v2,Product Info for BRG_2026-06-01__corporate_clone_2026-06-15_v2.xlsx,2026-06-02,33175-SR4-150,1,2026-06-02,1
corporate_clone_2026-06-15_v2,Product Info for BRG_2026-06-01__corporate_clone_2026-06-15_v2.xlsx,2026-06-02,33175-SR4-150,2,2026-06-03,1
corporate_clone_2026-06-15_v2,Product Info for BRG_2026-06-01__corporate_clone_2026-06-15_v2.xlsx,2026-06-02,33175-SR4-150,3,2026-06-04,1
corporate_clone_2026-06-15_v2,Product Info for BRG_2026-06-01__corporate_clone_2026-06-15_v2.xlsx,2026-06-02,33175-SR4-150,4,2026-06-05,1
corporate_clone_2026-06-15_v2,Product Info for BRG_2026-06-01__corporate_clone_2026-06-15_v2.xlsx,2026-06-02,33175-SR4-150,5,2026-06-06,1
corporate_clone_2026-06-15_v2,Product Info for BRG_2026-06-01__corporate_clone_2026-06-15_v2.xlsx,2026-06-02,33175-SR4-150,6,2026-06-07,1
corporate_clone_2026-06-15_v2,Product Info for BRG_2026-06-01__corporate_clone_2026-06-15_v2.xlsx,2026-06-02,33175-SR4-150,7,2026-06-08,1
corporate_clone_2026-06-15_v2,Product Info for BRG_2026-06-01__corporate_clone_2026-06-15_v2.xlsx,2026-06-02,33175-SR4-150,8,2026-06-09,0
corporate_clone_2026-06-15_v2,Product Info for BRG_2026-06-01__corporate_clone_2026-06-15_v2.xlsx,2026-06-02,33175-SR4-150,9,2026-06-10,0
corporate_clone_2026-06-15_v2,Product Info for BRG_2026-06-01__corporate_clone_2026-06-15_v2.xlsx,2026-06-02,33175-SR4-150,10,2026-06-11,0
corporate_clone_2026-06-15_v2,Product Info for BRG_2026-06-01__corporate_clone_2026-06-15_v2.xlsx,2026-06-02,33175-SR4-150,11,2026-06-12,0
corporate_clone_2026-06-15_v2,Product Info for BRG_2026-06-01__corporate_clone_2026-06-15_v2.xlsx,2026-06-02,33175-SR4-150,12,2026-06-13,1
corporate_clone_2026-06-15_v2,Product Info for BRG_2026-06-01__corporate_clone_2026-06-15_v2.xlsx,2026-06-02,33175-SR4-150,13,2026-06-14,1
corporate_clone_2026-06-15_v2,Product Info for BRG_2026-06-01__corporate_clone_2026-06-15_v2.xlsx,2026-06-02,33175-SR4-150,14,2026-06-15,1
corporate_clone_2026-06-15_v2,Product Info for BRG_2026-06-01__corporate_clone_2026-06-15_v2.xlsx,2026-06-02,33175-SR4-85,1,2026-06-02,1
corporate_clone_2026-06-15_v2,Product Info for BRG_2026-06-01__corporate_clone_2026-06-15_v2.xlsx,2026-06-02,33175-SR4-85,2,2026-06-03,1
corporate_clone_2026-06-15_v2,Product Info for BRG_2026-06-01__corporate_clone_2026-06-15_v2.xlsx,2026-06-02,33175-SR4-85,3,2026-06-04,1
corporate_clone_2026-06-15_v2,Product Info for BRG_2026-06-01__corporate_clone_2026-06-15_v2.xlsx,2026-06-02,33175-SR4-85,4,2026-06-05,1
corporate_clone_2026-06-15_v2,Product Info for BRG_2026-06-01__corporate_clone_2026-06-15_v2.xlsx,2026-06-02,33175-SR4-85,5,2026-06-06,2
corporate_clone_2026-06-15_v2,Product Info for BRG_2026-06-01__corporate_clone_2026-06-15_v2.xlsx,2026-06-02,33175-SR4-85,6,2026-06-07,2
corporate_clone_2026-06-15_v2,Product Info for BRG_2026-06-01__corporate_clone_2026-06-15_v2.xlsx,2026-06-02,33175-SR4-85,7,2026-06-08,1
corporate_clone_2026-06-15_v2,Product Info for BRG_2026-06-01__corporate_clone_2026-06-15_v2.xlsx,2026-06-02,33175-SR4-85,8,2026-06-09,1
corporate_clone_2026-06-15_v2,Product Info for BRG_2026-06-01__corporate_clone_2026-06-15_v2.xlsx,2026-06-02,33175-SR4-85,9,2026-06-10,1
corporate_clone_2026-06-15_v2,Product Info for BRG_2026-06-01__corporate_clone_2026-06-15_v2.xlsx,2026-06-02,33175-SR4-85,10,2026-06-11,1
corporate_clone_2026-06-15_v2,Product Info for BRG_2026-06-01__corporate_clone_2026-06-15_v2.xlsx,2026-06-02,33175-SR4-85,11,2026-06-12,1
corporate_clone_2026-06-15_v2,Product Info for BRG_2026-06-01__corporate_clone_2026-06-15_v2.xlsx,2026-06-02,33175-SR4-85,12,2026-06-13,2
corporate_clone_2026-06-15_v2,Product Info for BRG_2026-06-01__corporate_clone_2026-06-15_v2.xlsx,2026-06-02,33175-SR4-85,13,2026-06-14,2
corporate_clone_2026-06-15_v2,Product Info for BRG_2026-06-01__corporate_clone_2026-06-15_v2.xlsx,2026-06-02,33175-SR4-85,14,2026-06-15,2
corporate_clone_2026-06-15_v2,Product Info for BRG_2026-06-01__corporate_clone_2026-06-15_v2.xlsx,2026-06-02,33175-SR4-90,1,2026-06-02,2
corporate_clone_2026-06-15_v2,Product Info for BRG_2026-06-01__corporate_clone_2026-06-15_v2.xlsx,2026-06-02,33175-SR4-90,2,2026-06-03,2
corporate_clone_2026-06-15_v2,Product Info for BRG_2026-06-01__corporate_clone_2026-06-15_v2.xlsx,2026-06-02,33175-SR4-90,3,2026-06-04,2
corporate_clone_2026-06-15_v2,Product Info for BRG_2026-06-01__corporate_clone_2026-06-15_v2.xlsx,2026-06-02,33175-SR4-90,4,2026-06-05,2
corporate_clone_2026-06-15_v2,Product Info for BRG_2026-06-01__corporate_clone_2026-06-15_v2.xlsx,2026-06-02,33175-SR4-90,5,2026-06-06,2
corporate_clone_2026-06-15_v2,Product Info for BRG_2026-06-01__corporate_clone_2026-06-15_v2.xlsx,2026-06-02,33175-SR4-90,6,2026-06-07,2
corporate_clone_2026-06-15_v2,Product Info for BRG_2026-06-01__corporate_clone_2026-06-15_v2.xlsx,2026-06-02,33175-SR4-90,7,2026-06-08,2
corporate_clone_2026-06-15_v2,Product Info for BRG_2026-06-01__corporate_clone_2026-06-15_v2.xlsx,2026-06-02,33175-SR4-90,8,2026-06-09,1
corporate_clone_2026-06-15_v2,Product Info for BRG_2026-06-01__corporate_clone_2026-06-15_v2.xlsx,2026-06-02,33175-SR4-90,9,2026-06-10,1
corporate_clone_2026-06-15_v2,Product Info for BRG_2026-06-01__corporate_clone_2026-06-15_v2.xlsx,2026-06-02,33175-SR4-90,10,2026-06-11,1
corporate_clone_2026-06-15_v2,Product Info for BRG_2026-06-01__corporate_clone_2026-06-15_v2.xlsx,2026-06-02,33175-SR4-90,11,2026-06-12,1
corporate_clone_2026-06-15_v2,Product Info for BRG_2026-06-01__corporate_clone_2026-06-15_v2.xlsx,2026-06-02,33175-SR4-90,12,2026-06-13,3
corporate_clone_2026-06-15_v2,Product Info for BRG_2026-06-01__corporate_clone_2026-06-15_v2.xlsx,2026-06-02,33175-SR4-90,13,2026-06-14,3
corporate_clone_2026-06-15_v2,Product Info for BRG_2026-06-01__corporate_clone_2026-06-15_v2.xlsx,2026-06-02,33175-SR4-90,14,2026-06-15,3
corporate_clone_2026-06-15_v2,Product Info for BRG_2026-06-01__corporate_clone_2026-06-15_v2.xlsx,2026-06-02,37028-3QB-100,1,2026-06-02,1
corporate_clone_2026-06-15_v2,Product Info for BRG_2026-06-01__corporate_clone_2026-06-15_v2.xlsx,2026-06-02,37028-3QB-100,2,2026-06-03,1
corporate_clone_2026-06-15_v2,Product Info for BRG_2026-06-01__corporate_clone_2026-06-15_v2.xlsx,2026-06-02,37028-3QB-100,3,2026-06-04,1
corporate_clone_2026-06-15_v2,Product Info for BRG_2026-06-01__corporate_clone_2026-06-15_v2.xlsx,2026-06-02,37028-3QB-100,4,2026-06-05,1
corporate_clone_2026-06-15_v2,Product Info for BRG_2026-06-01__corporate_clone_2026-06-15_v2.xlsx,2026-06-02,37028-3QB-100,5,2026-06-06,1
corporate_clone_2026-06-15_v2,Product Info for BRG_2026-06-01__corporate_clone_2026-06-15_v2.xlsx,2026-06-02,37028-3QB-100,6,2026-06-07,1
corporate_clone_2026-06-15_v2,Product Info for BRG_2026-06-01__corporate_clone_2026-06-15_v2.xlsx,2026-06-02,37028-3QB-100,7,2026-06-08,1
corporate_clone_2026-06-15_v2,Product Info for BRG_2026-06-01__corporate_clone_2026-06-15_v2.xlsx,2026-06-02,37028-3QB-100,8,2026-06-09,0
corporate_clone_2026-06-15_v2,Product Info for BRG_2026-06-01__corporate_clone_2026-06-15_v2.xlsx,2026-06-02,37028-3QB-100,9,2026-06-10,0
corporate_clone_2026-06-15_v2,Product Info for BRG_2026-06-01__corporate_clone_2026-06-15_v2.xlsx,2026-06-02,37028-3QB-100,10,2026-06-11,0
corporate_clone_2026-06-15_v2,Product Info for BRG_2026-06-01__corporate_clone_2026-06-15_v2.xlsx,2026-06-02,37028-3QB-100,11,2026-06-12,0
corporate_clone_2026-06-15_v2,Product Info for BRG_2026-06-01__corporate_clone_2026-06-15_v2.xlsx,2026-06-02,37028-3QB-100,12,2026-06-13,1
corporate_clone_2026-06-15_v2,Product Info for BRG_2026-06-01__corporate_clone_2026-06-15_v2.xlsx,2026-06-02,37028-3QB-100,13,2026-06-14,1
corporate_clone_2026-06-15_v2,Product Info for BRG_2026-06-01__corporate_clone_2026-06-15_v2.xlsx,2026-06-02,37028-3QB-100,14,2026-06-15,1
corporate_clone_2026-06-15_v2,Product Info for BRG_2026-06-01__corporate_clone_2026-06-15_v2.xlsx,2026-06-02,37028-3QB-120,1,2026-06-02,1
corporate_clone_2026-06-15_v2,Product Info for BRG_2026-06-01__corporate_clone_2026-06-15_v2.xlsx,2026-06-02,37028-3QB-120,2,2026-06-03,1
corporate_clone_2026-06-15_v2,Product Info for BRG_2026-06-01__corporate_clone_2026-06-15_v2.xlsx,2026-06-02,37028-3QB-120,3,2026-06-04,1
corporate_clone_2026-06-15_v2,Product Info for BRG_2026-06-01__corporate_clone_2026-06-15_v2.xlsx,2026-06-02,37028-3QB-120,4,2026-06-05,1
corporate_clone_2026-06-15_v2,Product Info for BRG_2026-06-01__corporate_clone_2026-06-15_v2.xlsx,2026-06-02,37028-3QB-120,5,2026-06-06,1
corporate_clone_2026-06-15_v2,Product Info for BRG_2026-06-01__corporate_clone_2026-06-15_v2.xlsx,2026-06-02,37028-3QB-120,6,2026-06-07,1
corporate_clone_2026-06-15_v2,Product Info for BRG_2026-06-01__corporate_clone_2026-06-15_v2.xlsx,2026-06-02,37028-3QB-120,7,2026-06-08,1
corporate_clone_2026-06-15_v2,Product Info for BRG_2026-06-01__corporate_clone_2026-06-15_v2.xlsx,2026-06-02,37028-3QB-120,8,2026-06-09,0
corporate_clone_2026-06-15_v2,Product Info for BRG_2026-06-01__corporate_clone_2026-06-15_v2.xlsx,2026-06-02,37028-3QB-120,9,2026-06-10,0
corporate_clone_2026-06-15_v2,Product Info for BRG_2026-06-01__corporate_clone_2026-06-15_v2.xlsx,2026-06-02,37028-3QB-120,10,2026-06-11,0
corporate_clone_2026-06-15_v2,Product Info for BRG_2026-06-01__corporate_clone_2026-06-15_v2.xlsx,2026-06-02,37028-3QB-120,11,2026-06-12,0
corporate_clone_2026-06-15_v2,Product Info for BRG_2026-06-01__corporate_clone_2026-06-15_v2.xlsx,2026-06-02,37028-3QB-120,12,2026-06-13,1
corporate_clone_2026-06-15_v2,Product Info for BRG_2026-06-01__corporate_clone_2026-06-15_v2.xlsx,2026-06-02,37028-3QB-120,13,2026-06-14,1
corporate_clone_2026-06-15_v2,Product Info for BRG_2026-06-01__corporate_clone_2026-06-15_v2.xlsx,2026-06-02,37028-3QB-120,14,2026-06-15,1
corporate_clone_2026-06-15_v2,Product Info for BRG_2026-06-01__corporate_clone_2026-06-15_v2.xlsx,2026-06-02,37028-3QB-130,1,2026-06-02,0
corporate_clone_2026-06-15_v2,Product Info for BRG_2026-06-01__corporate_clone_2026-06-15_v2.xlsx,2026-06-02,37028-3QB-130,2,2026-06-03,0
corporate_clone_2026-06-15_v2,Product Info for BRG_2026-06-01__corporate_clone_2026-06-15_v2.xlsx,2026-06-02,37028-3QB-130,3,2026-06-04,0
corporate_clone_2026-06-15_v2,Product Info for BRG_2026-06-01__corporate_clone_2026-06-15_v2.xlsx,2026-06-02,37028-3QB-130,4,2026-06-05,0
corporate_clone_2026-06-15_v2,Product Info for BRG_2026-06-01__corporate_clone_2026-06-15_v2.xlsx,2026-06-02,37028-3QB-130,5,2026-06-06,0
corporate_clone_2026-06-15_v2,Product Info for BRG_2026-06-01__corporate_clone_2026-06-15_v2.xlsx,2026-06-02,37028-3QB-130,6,2026-06-07,0
corporate_clone_2026-06-15_v2,Product Info for BRG_2026-06-01__corporate_clone_2026-06-15_v2.xlsx,2026-06-02,37028-3QB-130,7,2026-06-08,0
corporate_clone_2026-06-15_v2,Product Info for BRG_2026-06-01__corporate_clone_2026-06-15_v2.xlsx,2026-06-02,37028-3QB-130,8,2026-06-09,0
corporate_clone_2026-06-15_v2,Product Info for BRG_2026-06-01__corporate_clone_2026-06-15_v2.xlsx,2026-06-02,37028-3QB-130,9,2026-06-10,0
corporate_clone_2026-06-15_v2,Product Info for BRG_2026-06-01__corporate_clone_2026-06-15_v2.xlsx,2026-06-02,37028-3QB-130,10,2026-06-11,0
corporate_clone_2026-06-15_v2,Product Info for BRG_2026-06-01__corporate_clone_2026-06-15_v2.xlsx,2026-06-02,37028-3QB-130,11,2026-06-12,0
corporate_clone_2026-06-15_v2,Product Info for BRG_2026-06-01__corporate_clone_2026-06-15_v2.xlsx,2026-06-02,37028-3QB-130,12,2026-06-13,0
corporate_clone_2026-06-15_v2,Product Info for BRG_2026-06-01__corporate_clone_2026-06-15_v2.xlsx,2026-06-02,37028-3QB-130,13,2026-06-14,0
corporate_clone_2026-06-15_v2,Product Info for BRG_2026-06-01__corporate_clone_2026-06-15_v2.xlsx,2026-06-02,37028-3QB-130,14,2026-06-15,0
corporate_clone_2026-06-15_v2,Product Info for BRG_2026-06-01__corporate_clone_2026-06-15_v2.xlsx,2026-06-02,37028-3QB-140,1,2026-06-02,0
corporate_clone_2026-06-15_v2,Product Info for BRG_2026-06-01__corporate_clone_2026-06-15_v2.xlsx,2026-06-02,37028-3QB-140,2,2026-06-03,0
corporate_clone_2026-06-15_v2,Product Info for BRG_2026-06-01__corporate_clone_2026-06-15_v2.xlsx,2026-06-02,37028-3QB-140,3,2026-06-04,0
corporate_clone_2026-06-15_v2,Product Info for BRG_2026-06-01__corporate_clone_2026-06-15_v2.xlsx,2026-06-02,37028-3QB-140,4,2026-06-05,0
corporate_clone_2026-06-15_v2,Product Info for BRG_2026-06-01__corporate_clone_2026-06-15_v2.xlsx,2026-06-02,37028-3QB-140,5,2026-06-06,0
corporate_clone_2026-06-15_v2,Product Info for BRG_2026-06-01__corporate_clone_2026-06-15_v2.xlsx,2026-06-02,37028-3QB-140,6,2026-06-07,0
corporate_clone_2026-06-15_v2,Product Info for BRG_2026-06-01__corporate_clone_2026-06-15_v2.xlsx,2026-06-02,37028-3QB-140,7,2026-06-08,0
corporate_clone_2026-06-15_v2,Product Info for BRG_2026-06-01__corporate_clone_2026-06-15_v2.xlsx,2026-06-02,37028-3QB-140,8,2026-06-09,0
corporate_clone_2026-06-15_v2,Product Info for BRG_2026-06-01__corporate_clone_2026-06-15_v2.xlsx,2026-06-02,37028-3QB-140,9,2026-06-10,0
corporate_clone_2026-06-15_v2,Product Info for BRG_2026-06-01__corporate_clone_2026-06-15_v2.xlsx,2026-06-02,37028-3QB-140,10,2026-06-11,0
corporate_clone_2026-06-15_v2,Product Info for BRG_2026-06-01__corporate_clone_2026-06-15_v2.xlsx,2026-06-02,37028-3QB-140,11,2026-06-12,0
corporate_clone_2026-06-15_v2,Product Info for BRG_2026-06-01__corporate_clone_2026-06-15_v2.xlsx,2026-06-02,37028-3QB-140,12,2026-06-13,0
corporate_clone_2026-06-15_v2,Product Info for BRG_2026-06-01__corporate_clone_2026-06-15_v2.xlsx,2026-06-02,37028-3QB-140,13,2026-06-14,0
corporate_clone_2026-06-15_v2,Product Info for BRG_2026-06-01__corporate_clone_2026-06-15_v2.xlsx,2026-06-02,37028-3QB-140,14,2026-06-15,0
corporate_clone_2026-06-15_v2,Product Info for BRG_2026-06-01__corporate_clone_2026-06-15_v2.xlsx,2026-06-02,37028-3QB-85,1,2026-06-02,0
corporate_clone_2026-06-15_v2,Product Info for BRG_2026-06-01__corporate_clone_2026-06-15_v2.xlsx,2026-06-02,37028-3QB-85,2,2026-06-03,0
corporate_clone_2026-06-15_v2,Product Info for BRG_2026-06-01__corporate_clone_2026-06-15_v2.xlsx,2026-06-02,37028-3QB-85,3,2026-06-04,0
corporate_clone_2026-06-15_v2,Product Info for BRG_2026-06-01__corporate_clone_2026-06-15_v2.xlsx,2026-06-02,37028-3QB-85,4,2026-06-05,0
corporate_clone_2026-06-15_v2,Product Info for BRG_2026-06-01__corporate_clone_2026-06-15_v2.xlsx,2026-06-02,37028-3QB-85,5,2026-06-06,0
corporate_clone_2026-06-15_v2,Product Info for BRG_2026-06-01__corporate_clone_2026-06-15_v2.xlsx,2026-06-02,37028-3QB-85,6,2026-06-07,0
corporate_clone_2026-06-15_v2,Product Info for BRG_2026-06-01__corporate_clone_2026-06-15_v2.xlsx,2026-06-02,37028-3QB-85,7,2026-06-08,0
corporate_clone_2026-06-15_v2,Product Info for BRG_2026-06-01__corporate_clone_2026-06-15_v2.xlsx,2026-06-02,37028-3QB-85,8,2026-06-09,0
corporate_clone_2026-06-15_v2,Product Info for BRG_2026-06-01__corporate_clone_2026-06-15_v2.xlsx,2026-06-02,37028-3QB-85,9,2026-06-10,0
corporate_clone_2026-06-15_v2,Product Info for BRG_2026-06-01__corporate_clone_2026-06-15_v2.xlsx,2026-06-02,37028-3QB-85,10,2026-06-11,0
corporate_clone_2026-06-15_v2,Product Info for BRG_2026-06-01__corporate_clone_2026-06-15_v2.xlsx,2026-06-02,37028-3QB-85,11,2026-06-12,0
corporate_clone_2026-06-15_v2,Product Info for BRG_2026-06-01__corporate_clone_2026-06-15_v2.xlsx,2026-06-02,37028-3QB-85,12,2026-06-13,0
corporate_clone_2026-06-15_v2,Product Info for BRG_2026-06-01__corporate_clone_2026-06-15_v2.xlsx,2026-06-02,37028-3QB-85,13,2026-06-14,0
corporate_clone_2026-06-15_v2,Product Info for BRG_2026-06-01__corporate_clone_2026-06-15_v2.xlsx,2026-06-02,37028-3QB-85,14,2026-06-15,0
corporate_clone_2026-06-15_v2,Product Info for BRG_2026-06-01__corporate_clone_2026-06-15_v2.xlsx,2026-06-02,37028-3QB-90,1,2026-06-02,0
corporate_clone_2026-06-15_v2,Product Info for BRG_2026-06-01__corporate_clone_2026-06-15_v2.xlsx,2026-06-02,37028-3QB-90,2,2026-06-03,0
corporate_clone_2026-06-15_v2,Product Info for BRG_2026-06-01__corporate_clone_2026-06-15_v2.xlsx,2026-06-02,37028-3QB-90,3,2026-06-04,0
corporate_clone_2026-06-15_v2,Product Info for BRG_2026-06-01__corporate_clone_2026-06-15_v2.xlsx,2026-06-02,37028-3QB-90,4,2026-06-05,0
corporate_clone_2026-06-15_v2,Product Info for BRG_2026-06-01__corporate_clone_2026-06-15_v2.xlsx,2026-06-02,37028-3QB-90,5,2026-06-06,0
corporate_clone_2026-06-15_v2,Product Info for BRG_2026-06-01__corporate_clone_2026-06-15_v2.xlsx,2026-06-02,37028-3QB-90,6,2026-06-07,0
corporate_clone_2026-06-15_v2,Product Info for BRG_2026-06-01__corporate_clone_2026-06-15_v2.xlsx,2026-06-02,37028-3QB-90,7,2026-06-08,0
corporate_clone_2026-06-15_v2,Product Info for BRG_2026-06-01__corporate_clone_2026-06-15_v2.xlsx,2026-06-02,37028-3QB-90,8,2026-06-09,0
corporate_clone_2026-06-15_v2,Product Info for BRG_2026-06-01__corporate_clone_2026-06-15_v2.xlsx,2026-06-02,37028-3QB-90,9,2026-06-10,0
corporate_clone_2026-06-15_v2,Product Info for BRG_2026-06-01__corporate_clone_2026-06-15_v2.xlsx,2026-06-02,37028-3QB-90,10,2026-06-11,0
corporate_clone_2026-06-15_v2,Product Info for BRG_2026-06-01__corporate_clone_2026-06-15_v2.xlsx,2026-06-02,37028-3QB-90,11,2026-06-12,0
corporate_clone_2026-06-15_v2,Product Info for BRG_2026-06-01__corporate_clone_2026-06-15_v2.xlsx,2026-06-02,37028-3QB-90,12,2026-06-13,0
corporate_clone_2026-06-15_v2,Product Info for BRG_2026-06-01__corporate_clone_2026-06-15_v2.xlsx,2026-06-02,37028-3QB-90,13,2026-06-14,0
corporate_clone_2026-06-15_v2,Product Info for BRG_2026-06-01__corporate_clone_2026-06-15_v2.xlsx,2026-06-02,37028-3QB-90,14,2026-06-15,0
corporate_clone_2026-06-15_v2,Product Info for BRG_2026-06-01__corporate_clone_2026-06-15_v2.xlsx,2026-06-02,37028-4KZ-100,1,2026-06-02,2
corporate_clone_2026-06-15_v2,Product Info for BRG_2026-06-01__corporate_clone_2026-06-15_v2.xlsx,2026-06-02,37028-4KZ-100,2,2026-06-03,2
corporate_clone_2026-06-15_v2,Product Info for BRG_2026-06-01__corporate_clone_2026-06-15_v2.xlsx,2026-06-02,37028-4KZ-100,3,2026-06-04,2
corporate_clone_2026-06-15_v2,Product Info for BRG_2026-06-01__corporate_clone_2026-06-15_v2.xlsx,2026-06-02,37028-4KZ-100,4,2026-06-05,2
corporate_clone_2026-06-15_v2,Product Info for BRG_2026-06-01__corporate_clone_2026-06-15_v2.xlsx,2026-06-02,37028-4KZ-100,5,2026-06-06,2
corporate_clone_2026-06-15_v2,Product Info for BRG_2026-06-01__corporate_clone_2026-06-15_v2.xlsx,2026-06-02,37028-4KZ-100,6,2026-06-07,2
corporate_clone_2026-06-15_v2,Product Info for BRG_2026-06-01__corporate_clone_2026-06-15_v2.xlsx,2026-06-02,37028-4KZ-100,7,2026-06-08,2
corporate_clone_2026-06-15_v2,Product Info for BRG_2026-06-01__corporate_clone_2026-06-15_v2.xlsx,2026-06-02,37028-4KZ-100,8,2026-06-09,1
corporate_clone_2026-06-15_v2,Product Info for BRG_2026-06-01__corporate_clone_2026-06-15_v2.xlsx,2026-06-02,37028-4KZ-100,9,2026-06-10,1
corporate_clone_2026-06-15_v2,Product Info for BRG_2026-06-01__corporate_clone_2026-06-15_v2.xlsx,2026-06-02,37028-4KZ-100,10,2026-06-11,1
corporate_clone_2026-06-15_v2,Product Info for BRG_2026-06-01__corporate_clone_2026-06-15_v2.xlsx,2026-06-02,37028-4KZ-100,11,2026-06-12,1
corporate_clone_2026-06-15_v2,Product Info for BRG_2026-06-01__corporate_clone_2026-06-15_v2.xlsx,2026-06-02,37028-4KZ-100,12,2026-06-13,3
corporate_clone_2026-06-15_v2,Product Info for BRG_2026-06-01__corporate_clone_2026-06-15_v2.xlsx,2026-06-02,37028-4KZ-100,13,2026-06-14,3
corporate_clone_2026-06-15_v2,Product Info for BRG_2026-06-01__corporate_clone_2026-06-15_v2.xlsx,2026-06-02,37028-4KZ-100,14,2026-06-15,3
corporate_clone_2026-06-15_v2,Product Info for BRG_2026-06-01__corporate_clone_2026-06-15_v2.xlsx,2026-06-02,37028-4KZ-110,1,2026-06-02,2
corporate_clone_2026-06-15_v2,Product Info for BRG_2026-06-01__corporate_clone_2026-06-15_v2.xlsx,2026-06-02,37028-4KZ-110,2,2026-06-03,2
corporate_clone_2026-06-15_v2,Product Info for BRG_2026-06-01__corporate_clone_2026-06-15_v2.xlsx,2026-06-02,37028-4KZ-110,3,2026-06-04,2
corporate_clone_2026-06-15_v2,Product Info for BRG_2026-06-01__corporate_clone_2026-06-15_v2.xlsx,2026-06-02,37028-4KZ-110,4,2026-06-05,2
corporate_clone_2026-06-15_v2,Product Info for BRG_2026-06-01__corporate_clone_2026-06-15_v2.xlsx,2026-06-02,37028-4KZ-110,5,2026-06-06,3
corporate_clone_2026-06-15_v2,Product Info for BRG_2026-06-01__corporate_clone_2026-06-15_v2.xlsx,2026-06-02,37028-4KZ-110,6,2026-06-07,3
corporate_clone_2026-06-15_v2,Product Info for BRG_2026-06-01__corporate_clone_2026-06-15_v2.xlsx,2026-06-02,37028-4KZ-110,7,2026-06-08,3
corporate_clone_2026-06-15_v2,Product Info for BRG_2026-06-01__corporate_clone_2026-06-15_v2.xlsx,2026-06-02,37028-4KZ-110,8,2026-06-09,2
corporate_clone_2026-06-15_v2,Product Info for BRG_2026-06-01__corporate_clone_2026-06-15_v2.xlsx,2026-06-02,37028-4KZ-110,9,2026-06-10,2
corporate_clone_2026-06-15_v2,Product Info for BRG_2026-06-01__corporate_clone_2026-06-15_v2.xlsx,2026-06-02,37028-4KZ-110,10,2026-06-11,2
corporate_clone_2026-06-15_v2,Product Info for BRG_2026-06-01__corporate_clone_2026-06-15_v2.xlsx,2026-06-02,37028-4KZ-110,11,2026-06-12,1
corporate_clone_2026-06-15_v2,Product Info for BRG_2026-06-01__corporate_clone_2026-06-15_v2.xlsx,2026-06-02,37028-4KZ-110,12,2026-06-13,3
corporate_clone_2026-06-15_v2,Product Info for BRG_2026-06-01__corporate_clone_2026-06-15_v2.xlsx,2026-06-02,37028-4KZ-110,13,2026-06-14,3
corporate_clone_2026-06-15_v2,Product Info for BRG_2026-06-01__corporate_clone_2026-06-15_v2.xlsx,2026-06-02,37028-4KZ-110,14,2026-06-15,4
corporate_clone_2026-06-15_v2,Product Info for BRG_2026-06-01__corporate_clone_2026-06-15_v2.xlsx,2026-06-02,37028-4KZ-120,1,2026-06-02,0
corporate_clone_2026-06-15_v2,Product Info for BRG_2026-06-01__corporate_clone_2026-06-15_v2.xlsx,2026-06-02,37028-4KZ-120,2,2026-06-03,0
corporate_clone_2026-06-15_v2,Product Info for BRG_2026-06-01__corporate_clone_2026-06-15_v2.xlsx,2026-06-02,37028-4KZ-120,3,2026-06-04,0
corporate_clone_2026-06-15_v2,Product Info for BRG_2026-06-01__corporate_clone_2026-06-15_v2.xlsx,2026-06-02,37028-4KZ-120,4,2026-06-05,0
corporate_clone_2026-06-15_v2,Product Info for BRG_2026-06-01__corporate_clone_2026-06-15_v2.xlsx,2026-06-02,37028-4KZ-120,5,2026-06-06,0
corporate_clone_2026-06-15_v2,Product Info for BRG_2026-06-01__corporate_clone_2026-06-15_v2.xlsx,2026-06-02,37028-4KZ-120,6,2026-06-07,0
corporate_clone_2026-06-15_v2,Product Info for BRG_2026-06-01__corporate_clone_2026-06-15_v2.xlsx,2026-06-02,37028-4KZ-120,7,2026-06-08,0
corporate_clone_2026-06-15_v2,Product Info for BRG_2026-06-01__corporate_clone_2026-06-15_v2.xlsx,2026-06-02,37028-4KZ-120,8,2026-06-09,0
corporate_clone_2026-06-15_v2,Product Info for BRG_2026-06-01__corporate_clone_2026-06-15_v2.xlsx,2026-06-02,37028-4KZ-120,9,2026-06-10,0
corporate_clone_2026-06-15_v2,Product Info for BRG_2026-06-01__corporate_clone_2026-06-15_v2.xlsx,2026-06-02,37028-4KZ-120,10,2026-06-11,0
corporate_clone_2026-06-15_v2,Product Info for BRG_2026-06-01__corporate_clone_2026-06-15_v2.xlsx,2026-06-02,37028-4KZ-120,11,2026-06-12,0
corporate_clone_2026-06-15_v2,Product Info for BRG_2026-06-01__corporate_clone_2026-06-15_v2.xlsx,2026-06-02,37028-4KZ-120,12,2026-06-13,0
corporate_clone_2026-06-15_v2,Product Info for BRG_2026-06-01__corporate_clone_2026-06-15_v2.xlsx,2026-06-02,37028-4KZ-120,13,2026-06-14,0
corporate_clone_2026-06-15_v2,Product Info for BRG_2026-06-01__corporate_clone_2026-06-15_v2.xlsx,2026-06-02,37028-4KZ-120,14,2026-06-15,0
corporate_clone_2026-06-15_v2,Product Info for BRG_2026-06-01__corporate_clone_2026-06-15_v2.xlsx,2026-06-02,37028-4KZ-130,1,2026-06-02,1
corporate_clone_2026-06-15_v2,Product Info for BRG_2026-06-01__corporate_clone_2026-06-15_v2.xlsx,2026-06-02,37028-4KZ-130,2,2026-06-03,1
corporate_clone_2026-06-15_v2,Product Info for BRG_2026-06-01__corporate_clone_2026-06-15_v2.xlsx,2026-06-02,37028-4KZ-130,3,2026-06-04,1
corporate_clone_2026-06-15_v2,Product Info for BRG_2026-06-01__corporate_clone_2026-06-15_v2.xlsx,2026-06-02,37028-4KZ-130,4,2026-06-05,1
corporate_clone_2026-06-15_v2,Product Info for BRG_2026-06-01__corporate_clone_2026-06-15_v2.xlsx,2026-06-02,37028-4KZ-130,5,2026-06-06,1
corporate_clone_2026-06-15_v2,Product Info for BRG_2026-06-01__corporate_clone_2026-06-15_v2.xlsx,2026-06-02,37028-4KZ-130,6,2026-06-07,1
corporate_clone_2026-06-15_v2,Product Info for BRG_2026-06-01__corporate_clone_2026-06-15_v2.xlsx,2026-06-02,37028-4KZ-130,7,2026-06-08,1
corporate_clone_2026-06-15_v2,Product Info for BRG_2026-06-01__corporate_clone_2026-06-15_v2.xlsx,2026-06-02,37028-4KZ-130,8,2026-06-09,0
corporate_clone_2026-06-15_v2,Product Info for BRG_2026-06-01__corporate_clone_2026-06-15_v2.xlsx,2026-06-02,37028-4KZ-130,9,2026-06-10,0
corporate_clone_2026-06-15_v2,Product Info for BRG_2026-06-01__corporate_clone_2026-06-15_v2.xlsx,2026-06-02,37028-4KZ-130,10,2026-06-11,0
corporate_clone_2026-06-15_v2,Product Info for BRG_2026-06-01__corporate_clone_2026-06-15_v2.xlsx,2026-06-02,37028-4KZ-130,11,2026-06-12,0
corporate_clone_2026-06-15_v2,Product Info for BRG_2026-06-01__corporate_clone_2026-06-15_v2.xlsx,2026-06-02,37028-4KZ-130,12,2026-06-13,1
corporate_clone_2026-06-15_v2,Product Info for BRG_2026-06-01__corporate_clone_2026-06-15_v2.xlsx,2026-06-02,37028-4KZ-130,13,2026-06-14,1
corporate_clone_2026-06-15_v2,Product Info for BRG_2026-06-01__corporate_clone_2026-06-15_v2.xlsx,2026-06-02,37028-4KZ-130,14,2026-06-15,1
corporate_clone_2026-06-15_v2,Product Info for BRG_2026-06-01__corporate_clone_2026-06-15_v2.xlsx,2026-06-02,37028-4KZ-150,1,2026-06-02,0
corporate_clone_2026-06-15_v2,Product Info for BRG_2026-06-01__corporate_clone_2026-06-15_v2.xlsx,2026-06-02,37028-4KZ-150,2,2026-06-03,0
corporate_clone_2026-06-15_v2,Product Info for BRG_2026-06-01__corporate_clone_2026-06-15_v2.xlsx,2026-06-02,37028-4KZ-150,3,2026-06-04,0
corporate_clone_2026-06-15_v2,Product Info for BRG_2026-06-01__corporate_clone_2026-06-15_v2.xlsx,2026-06-02,37028-4KZ-150,4,2026-06-05,0
corporate_clone_2026-06-15_v2,Product Info for BRG_2026-06-01__corporate_clone_2026-06-15_v2.xlsx,2026-06-02,37028-4KZ-150,5,2026-06-06,0
corporate_clone_2026-06-15_v2,Product Info for BRG_2026-06-01__corporate_clone_2026-06-15_v2.xlsx,2026-06-02,37028-4KZ-150,6,2026-06-07,0
corporate_clone_2026-06-15_v2,Product Info for BRG_2026-06-01__corporate_clone_2026-06-15_v2.xlsx,2026-06-02,37028-4KZ-150,7,2026-06-08,0
corporate_clone_2026-06-15_v2,Product Info for BRG_2026-06-01__corporate_clone_2026-06-15_v2.xlsx,2026-06-02,37028-4KZ-150,8,2026-06-09,0
corporate_clone_2026-06-15_v2,Product Info for BRG_2026-06-01__corporate_clone_2026-06-15_v2.xlsx,2026-06-02,37028-4KZ-150,9,2026-06-10,0
corporate_clone_2026-06-15_v2,Product Info for BRG_2026-06-01__corporate_clone_2026-06-15_v2.xlsx,2026-06-02,37028-4KZ-150,10,2026-06-11,0
corporate_clone_2026-06-15_v2,Product Info for BRG_2026-06-01__corporate_clone_2026-06-15_v2.xlsx,2026-06-02,37028-4KZ-150,11,2026-06-12,0
corporate_clone_2026-06-15_v2,Product Info for BRG_2026-06-01__corporate_clone_2026-06-15_v2.xlsx,2026-06-02,37028-4KZ-150,12,2026-06-13,0
corporate_clone_2026-06-15_v2,Product Info for BRG_2026-06-01__corporate_clone_2026-06-15_v2.xlsx,2026-06-02,37028-4KZ-150,13,2026-06-14,0
corporate_clone_2026-06-15_v2,Product Info for BRG_2026-06-01__corporate_clone_2026-06-15_v2.xlsx,2026-06-02,37028-4KZ-150,14,2026-06-15,0
corporate_clone_2026-06-15_v2,Product Info for BRG_2026-06-01__corporate_clone_2026-06-15_v2.xlsx,2026-06-02,37028-4KZ-160,1,2026-06-02,0
corporate_clone_2026-06-15_v2,Product Info for BRG_2026-06-01__corporate_clone_2026-06-15_v2.xlsx,2026-06-02,37028-4KZ-160,2,2026-06-03,0
corporate_clone_2026-06-15_v2,Product Info for BRG_2026-06-01__corporate_clone_2026-06-15_v2.xlsx,2026-06-02,37028-4KZ-160,3,2026-06-04,0
corporate_clone_2026-06-15_v2,Product Info for BRG_2026-06-01__corporate_clone_2026-06-15_v2.xlsx,2026-06-02,37028-4KZ-160,4,2026-06-05,0
corporate_clone_2026-06-15_v2,Product Info for BRG_2026-06-01__corporate_clone_2026-06-15_v2.xlsx,2026-06-02,37028-4KZ-160,5,2026-06-06,0
corporate_clone_2026-06-15_v2,Product Info for BRG_2026-06-01__corporate_clone_2026-06-15_v2.xlsx,2026-06-02,37028-4KZ-160,6,2026-06-07,0
corporate_clone_2026-06-15_v2,Product Info for BRG_2026-06-01__corporate_clone_2026-06-15_v2.xlsx,2026-06-02,37028-4KZ-160,7,2026-06-08,0
corporate_clone_2026-06-15_v2,Product Info for BRG_2026-06-01__corporate_clone_2026-06-15_v2.xlsx,2026-06-02,37028-4KZ-160,8,2026-06-09,0
corporate_clone_2026-06-15_v2,Product Info for BRG_2026-06-01__corporate_clone_2026-06-15_v2.xlsx,2026-06-02,37028-4KZ-160,9,2026-06-10,0
corporate_clone_2026-06-15_v2,Product Info for BRG_2026-06-01__corporate_clone_2026-06-15_v2.xlsx,2026-06-02,37028-4KZ-160,10,2026-06-11,0
corporate_clone_2026-06-15_v2,Product Info for BRG_2026-06-01__corporate_clone_2026-06-15_v2.xlsx,2026-06-02,37028-4KZ-160,11,2026-06-12,0
corporate_clone_2026-06-15_v2,Product Info for BRG_2026-06-01__corporate_clone_2026-06-15_v2.xlsx,2026-06-02,37028-4KZ-160,12,2026-06-13,0
corporate_clone_2026-06-15_v2,Product Info for BRG_2026-06-01__corporate_clone_2026-06-15_v2.xlsx,2026-06-02,37028-4KZ-160,13,2026-06-14,0
corporate_clone_2026-06-15_v2,Product Info for BRG_2026-06-01__corporate_clone_2026-06-15_v2.xlsx,2026-06-02,37028-4KZ-160,14,2026-06-15,0
corporate_clone_2026-06-15_v2,Product Info for BRG_2026-06-01__corporate_clone_2026-06-15_v2.xlsx,2026-06-02,37028-4KZ-85,1,2026-06-02,1
corporate_clone_2026-06-15_v2,Product Info for BRG_2026-06-01__corporate_clone_2026-06-15_v2.xlsx,2026-06-02,37028-4KZ-85,2,2026-06-03,1
corporate_clone_2026-06-15_v2,Product Info for BRG_2026-06-01__corporate_clone_2026-06-15_v2.xlsx,2026-06-02,37028-4KZ-85,3,2026-06-04,1
corporate_clone_2026-06-15_v2,Product Info for BRG_2026-06-01__corporate_clone_2026-06-15_v2.xlsx,2026-06-02,37028-4KZ-85,4,2026-06-05,1
corporate_clone_2026-06-15_v2,Product Info for BRG_2026-06-01__corporate_clone_2026-06-15_v2.xlsx,2026-06-02,37028-4KZ-85,5,2026-06-06,1
corporate_clone_2026-06-15_v2,Product Info for BRG_2026-06-01__corporate_clone_2026-06-15_v2.xlsx,2026-06-02,37028-4KZ-85,6,2026-06-07,1
corporate_clone_2026-06-15_v2,Product Info for BRG_2026-06-01__corporate_clone_2026-06-15_v2.xlsx,2026-06-02,37028-4KZ-85,7,2026-06-08,1
corporate_clone_2026-06-15_v2,Product Info for BRG_2026-06-01__corporate_clone_2026-06-15_v2.xlsx,2026-06-02,37028-4KZ-85,8,2026-06-09,0
corporate_clone_2026-06-15_v2,Product Info for BRG_2026-06-01__corporate_clone_2026-06-15_v2.xlsx,2026-06-02,37028-4KZ-85,9,2026-06-10,0
corporate_clone_2026-06-15_v2,Product Info for BRG_2026-06-01__corporate_clone_2026-06-15_v2.xlsx,2026-06-02,37028-4KZ-85,10,2026-06-11,0
corporate_clone_2026-06-15_v2,Product Info for BRG_2026-06-01__corporate_clone_2026-06-15_v2.xlsx,2026-06-02,37028-4KZ-85,11,2026-06-12,0
corporate_clone_2026-06-15_v2,Product Info for BRG_2026-06-01__corporate_clone_2026-06-15_v2.xlsx,2026-06-02,37028-4KZ-85,12,2026-06-13,1
corporate_clone_2026-06-15_v2,Product Info for BRG_2026-06-01__corporate_clone_2026-06-15_v2.xlsx,2026-06-02,37028-4KZ-85,13,2026-06-14,1
corporate_clone_2026-06-15_v2,Product Info for BRG_2026-06-01__corporate_clone_2026-06-15_v2.xlsx,2026-06-02,37028-4KZ-85,14,2026-06-15,1
corporate_clone_2026-06-15_v2,Product Info for BRG_2026-06-01__corporate_clone_2026-06-15_v2.xlsx,2026-06-02,37028-4KZ-90,1,2026-06-02,1
corporate_clone_2026-06-15_v2,Product Info for BRG_2026-06-01__corporate_clone_2026-06-15_v2.xlsx,2026-06-02,37028-4KZ-90,2,2026-06-03,1
corporate_clone_2026-06-15_v2,Product Info for BRG_2026-06-01__corporate_clone_2026-06-15_v2.xlsx,2026-06-02,37028-4KZ-90,3,2026-06-04,1
corporate_clone_2026-06-15_v2,Product Info for BRG_2026-06-01__corporate_clone_2026-06-15_v2.xlsx,2026-06-02,37028-4KZ-90,4,2026-06-05,1
corporate_clone_2026-06-15_v2,Product Info for BRG_2026-06-01__corporate_clone_2026-06-15_v2.xlsx,2026-06-02,37028-4KZ-90,5,2026-06-06,2
corporate_clone_2026-06-15_v2,Product Info for BRG_2026-06-01__corporate_clone_2026-06-15_v2.xlsx,2026-06-02,37028-4KZ-90,6,2026-06-07,2
corporate_clone_2026-06-15_v2,Product Info for BRG_2026-06-01__corporate_clone_2026-06-15_v2.xlsx,2026-06-02,37028-4KZ-90,7,2026-06-08,2
corporate_clone_2026-06-15_v2,Product Info for BRG_2026-06-01__corporate_clone_2026-06-15_v2.xlsx,2026-06-02,37028-4KZ-90,8,2026-06-09,1
corporate_clone_2026-06-15_v2,Product Info for BRG_2026-06-01__corporate_clone_2026-06-15_v2.xlsx,2026-06-02,37028-4KZ-90,9,2026-06-10,1
corporate_clone_2026-06-15_v2,Product Info for BRG_2026-06-01__corporate_clone_2026-06-15_v2.xlsx,2026-06-02,37028-4KZ-90,10,2026-06-11,1
corporate_clone_2026-06-15_v2,Product Info for BRG_2026-06-01__corporate_clone_2026-06-15_v2.xlsx,2026-06-02,37028-4KZ-90,11,2026-06-12,1
corporate_clone_2026-06-15_v2,Product Info for BRG_2026-06-01__corporate_clone_2026-06-15_v2.xlsx,2026-06-02,37028-4KZ-90,12,2026-06-13,2
corporate_clone_2026-06-15_v2,Product Info for BRG_2026-06-01__corporate_clone_2026-06-15_v2.xlsx,2026-06-02,37028-4KZ-90,13,2026-06-14,2
corporate_clone_2026-06-15_v2,Product Info for BRG_2026-06-01__corporate_clone_2026-06-15_v2.xlsx,2026-06-02,37028-4KZ-90,14,2026-06-15,2
corporate_clone_2026-06-15_v2,Product Info for BRG_2026-06-01__corporate_clone_2026-06-15_v2.xlsx,2026-06-02,37028-69U-70,1,2026-06-02,2
corporate_clone_2026-06-15_v2,Product Info for BRG_2026-06-01__corporate_clone_2026-06-15_v2.xlsx,2026-06-02,37028-69U-70,2,2026-06-03,2
corporate_clone_2026-06-15_v2,Product Info for BRG_2026-06-01__corporate_clone_2026-06-15_v2.xlsx,2026-06-02,37028-69U-70,3,2026-06-04,2
corporate_clone_2026-06-15_v2,Product Info for BRG_2026-06-01__corporate_clone_2026-06-15_v2.xlsx,2026-06-02,37028-69U-70,4,2026-06-05,2
corporate_clone_2026-06-15_v2,Product Info for BRG_2026-06-01__corporate_clone_2026-06-15_v2.xlsx,2026-06-02,37028-69U-70,5,2026-06-06,3
corporate_clone_2026-06-15_v2,Product Info for BRG_2026-06-01__corporate_clone_2026-06-15_v2.xlsx,2026-06-02,37028-69U-70,6,2026-06-07,3
corporate_clone_2026-06-15_v2,Product Info for BRG_2026-06-01__corporate_clone_2026-06-15_v2.xlsx,2026-06-02,37028-69U-70,7,2026-06-08,3
corporate_clone_2026-06-15_v2,Product Info for BRG_2026-06-01__corporate_clone_2026-06-15_v2.xlsx,2026-06-02,37028-69U-70,8,2026-06-09,2
corporate_clone_2026-06-15_v2,Product Info for BRG_2026-06-01__corporate_clone_2026-06-15_v2.xlsx,2026-06-02,37028-69U-70,9,2026-06-10,2
corporate_clone_2026-06-15_v2,Product Info for BRG_2026-06-01__corporate_clone_2026-06-15_v2.xlsx,2026-06-02,37028-69U-70,10,2026-06-11,2
corporate_clone_2026-06-15_v2,Product Info for BRG_2026-06-01__corporate_clone_2026-06-15_v2.xlsx,2026-06-02,37028-69U-70,11,2026-06-12,2
corporate_clone_2026-06-15_v2,Product Info for BRG_2026-06-01__corporate_clone_2026-06-15_v2.xlsx,2026-06-02,37028-69U-70,12,2026-06-13,4
corporate_clone_2026-06-15_v2,Product Info for BRG_2026-06-01__corporate_clone_2026-06-15_v2.xlsx,2026-06-02,37028-69U-70,13,2026-06-14,4
corporate_clone_2026-06-15_v2,Product Info for BRG_2026-06-01__corporate_clone_2026-06-15_v2.xlsx,2026-06-02,37028-69U-70,14,2026-06-15,4
corporate_clone_2026-06-15_v2,Product Info for BRG_2026-06-01__corporate_clone_2026-06-15_v2.xlsx,2026-06-02,37028-69U-75,1,2026-06-02,2
corporate_clone_2026-06-15_v2,Product Info for BRG_2026-06-01__corporate_clone_2026-06-15_v2.xlsx,2026-06-02,37028-69U-75,2,2026-06-03,2
corporate_clone_2026-06-15_v2,Product Info for BRG_2026-06-01__corporate_clone_2026-06-15_v2.xlsx,2026-06-02,37028-69U-75,3,2026-06-04,2
corporate_clone_2026-06-15_v2,Product Info for BRG_2026-06-01__corporate_clone_2026-06-15_v2.xlsx,2026-06-02,37028-69U-75,4,2026-06-05,2
corporate_clone_2026-06-15_v2,Product Info for BRG_2026-06-01__corporate_clone_2026-06-15_v2.xlsx,2026-06-02,37028-69U-75,5,2026-06-06,2
corporate_clone_2026-06-15_v2,Product Info for BRG_2026-06-01__corporate_clone_2026-06-15_v2.xlsx,2026-06-02,37028-69U-75,6,2026-06-07,2
corporate_clone_2026-06-15_v2,Product Info for BRG_2026-06-01__corporate_clone_2026-06-15_v2.xlsx,2026-06-02,37028-69U-75,7,2026-06-08,2
corporate_clone_2026-06-15_v2,Product Info for BRG_2026-06-01__corporate_clone_2026-06-15_v2.xlsx,2026-06-02,37028-69U-75,8,2026-06-09,1
corporate_clone_2026-06-15_v2,Product Info for BRG_2026-06-01__corporate_clone_2026-06-15_v2.xlsx,2026-06-02,37028-69U-75,9,2026-06-10,1
corporate_clone_2026-06-15_v2,Product Info for BRG_2026-06-01__corporate_clone_2026-06-15_v2.xlsx,2026-06-02,37028-69U-75,10,2026-06-11,1
corporate_clone_2026-06-15_v2,Product Info for BRG_2026-06-01__corporate_clone_2026-06-15_v2.xlsx,2026-06-02,37028-69U-75,11,2026-06-12,1
corporate_clone_2026-06-15_v2,Product Info for BRG_2026-06-01__corporate_clone_2026-06-15_v2.xlsx,2026-06-02,37028-69U-75,12,2026-06-13,3
corporate_clone_2026-06-15_v2,Product Info for BRG_2026-06-01__corporate_clone_2026-06-15_v2.xlsx,2026-06-02,37028-69U-75,13,2026-06-14,3
corporate_clone_2026-06-15_v2,Product Info for BRG_2026-06-01__corporate_clone_2026-06-15_v2.xlsx,2026-06-02,37028-69U-75,14,2026-06-15,3
corporate_clone_2026-06-15_v2,Product Info for BRG_2026-06-01__corporate_clone_2026-06-15_v2.xlsx,2026-06-02,39973-48Q-110,1,2026-06-02,2
corporate_clone_2026-06-15_v2,Product Info for BRG_2026-06-01__corporate_clone_2026-06-15_v2.xlsx,2026-06-02,39973-48Q-110,2,2026-06-03,2
corporate_clone_2026-06-15_v2,Product Info for BRG_2026-06-01__corporate_clone_2026-06-15_v2.xlsx,2026-06-02,39973-48Q-110,3,2026-06-04,2
corporate_clone_2026-06-15_v2,Product Info for BRG_2026-06-01__corporate_clone_2026-06-15_v2.xlsx,2026-06-02,39973-48Q-110,4,2026-06-05,2
corporate_clone_2026-06-15_v2,Product Info for BRG_2026-06-01__corporate_clone_2026-06-15_v2.xlsx,2026-06-02,39973-48Q-110,5,2026-06-06,2
corporate_clone_2026-06-15_v2,Product Info for BRG_2026-06-01__corporate_clone_2026-06-15_v2.xlsx,2026-06-02,39973-48Q-110,6,2026-06-07,2
corporate_clone_2026-06-15_v2,Product Info for BRG_2026-06-01__corporate_clone_2026-06-15_v2.xlsx,2026-06-02,39973-48Q-110,7,2026-06-08,2
corporate_clone_2026-06-15_v2,Product Info for BRG_2026-06-01__corporate_clone_2026-06-15_v2.xlsx,2026-06-02,39973-48Q-110,8,2026-06-09,1
corporate_clone_2026-06-15_v2,Product Info for BRG_2026-06-01__corporate_clone_2026-06-15_v2.xlsx,2026-06-02,39973-48Q-110,9,2026-06-10,1
corporate_clone_2026-06-15_v2,Product Info for BRG_2026-06-01__corporate_clone_2026-06-15_v2.xlsx,2026-06-02,39973-48Q-110,10,2026-06-11,1
corporate_clone_2026-06-15_v2,Product Info for BRG_2026-06-01__corporate_clone_2026-06-15_v2.xlsx,2026-06-02,39973-48Q-110,11,2026-06-12,1
corporate_clone_2026-06-15_v2,Product Info for BRG_2026-06-01__corporate_clone_2026-06-15_v2.xlsx,2026-06-02,39973-48Q-110,12,2026-06-13,1
corporate_clone_2026-06-15_v2,Product Info for BRG_2026-06-01__corporate_clone_2026-06-15_v2.xlsx,2026-06-02,39973-48Q-110,13,2026-06-14,1
corporate_clone_2026-06-15_v2,Product Info for BRG_2026-06-01__corporate_clone_2026-06-15_v2.xlsx,2026-06-02,39973-48Q-110,14,2026-06-15,1
corporate_clone_2026-06-15_v2,Product Info for BRG_2026-06-01__corporate_clone_2026-06-15_v2.xlsx,2026-06-02,39973-48Q-120,1,2026-06-02,3
corporate_clone_2026-06-15_v2,Product Info for BRG_2026-06-01__corporate_clone_2026-06-15_v2.xlsx,2026-06-02,39973-48Q-120,2,2026-06-03,3
corporate_clone_2026-06-15_v2,Product Info for BRG_2026-06-01__corporate_clone_2026-06-15_v2.xlsx,2026-06-02,39973-48Q-120,3,2026-06-04,3
corporate_clone_2026-06-15_v2,Product Info for BRG_2026-06-01__corporate_clone_2026-06-15_v2.xlsx,2026-06-02,39973-48Q-120,4,2026-06-05,3
corporate_clone_2026-06-15_v2,Product Info for BRG_2026-06-01__corporate_clone_2026-06-15_v2.xlsx,2026-06-02,39973-48Q-120,5,2026-06-06,4
corporate_clone_2026-06-15_v2,Product Info for BRG_2026-06-01__corporate_clone_2026-06-15_v2.xlsx,2026-06-02,39973-48Q-120,6,2026-06-07,4
corporate_clone_2026-06-15_v2,Product Info for BRG_2026-06-01__corporate_clone_2026-06-15_v2.xlsx,2026-06-02,39973-48Q-120,7,2026-06-08,3
corporate_clone_2026-06-15_v2,Product Info for BRG_2026-06-01__corporate_clone_2026-06-15_v2.xlsx,2026-06-02,39973-48Q-120,8,2026-06-09,1
corporate_clone_2026-06-15_v2,Product Info for BRG_2026-06-01__corporate_clone_2026-06-15_v2.xlsx,2026-06-02,39973-48Q-120,9,2026-06-10,1
corporate_clone_2026-06-15_v2,Product Info for BRG_2026-06-01__corporate_clone_2026-06-15_v2.xlsx,2026-06-02,39973-48Q-120,10,2026-06-11,1
corporate_clone_2026-06-15_v2,Product Info for BRG_2026-06-01__corporate_clone_2026-06-15_v2.xlsx,2026-06-02,39973-48Q-120,11,2026-06-12,1
corporate_clone_2026-06-15_v2,Product Info for BRG_2026-06-01__corporate_clone_2026-06-15_v2.xlsx,2026-06-02,39973-48Q-120,12,2026-06-13,2
corporate_clone_2026-06-15_v2,Product Info for BRG_2026-06-01__corporate_clone_2026-06-15_v2.xlsx,2026-06-02,39973-48Q-120,13,2026-06-14,2
corporate_clone_2026-06-15_v2,Product Info for BRG_2026-06-01__corporate_clone_2026-06-15_v2.xlsx,2026-06-02,39973-48Q-120,14,2026-06-15,2
corporate_clone_2026-06-15_v2,Product Info for BRG_2026-06-01__corporate_clone_2026-06-15_v2.xlsx,2026-06-02,39973-48Q-130,1,2026-06-02,3
corporate_clone_2026-06-15_v2,Product Info for BRG_2026-06-01__corporate_clone_2026-06-15_v2.xlsx,2026-06-02,39973-48Q-130,2,2026-06-03,3
corporate_clone_2026-06-15_v2,Product Info for BRG_2026-06-01__corporate_clone_2026-06-15_v2.xlsx,2026-06-02,39973-48Q-130,3,2026-06-04,3
corporate_clone_2026-06-15_v2,Product Info for BRG_2026-06-01__corporate_clone_2026-06-15_v2.xlsx,2026-06-02,39973-48Q-130,4,2026-06-05,3
corporate_clone_2026-06-15_v2,Product Info for BRG_2026-06-01__corporate_clone_2026-06-15_v2.xlsx,2026-06-02,39973-48Q-130,5,2026-06-06,4
corporate_clone_2026-06-15_v2,Product Info for BRG_2026-06-01__corporate_clone_2026-06-15_v2.xlsx,2026-06-02,39973-48Q-130,6,2026-06-07,4
corporate_clone_2026-06-15_v2,Product Info for BRG_2026-06-01__corporate_clone_2026-06-15_v2.xlsx,2026-06-02,39973-48Q-130,7,2026-06-08,3
corporate_clone_2026-06-15_v2,Product Info for BRG_2026-06-01__corporate_clone_2026-06-15_v2.xlsx,2026-06-02,39973-48Q-130,8,2026-06-09,1
corporate_clone_2026-06-15_v2,Product Info for BRG_2026-06-01__corporate_clone_2026-06-15_v2.xlsx,2026-06-02,39973-48Q-130,9,2026-06-10,1
corporate_clone_2026-06-15_v2,Product Info for BRG_2026-06-01__corporate_clone_2026-06-15_v2.xlsx,2026-06-02,39973-48Q-130,10,2026-06-11,1
corporate_clone_2026-06-15_v2,Product Info for BRG_2026-06-01__corporate_clone_2026-06-15_v2.xlsx,2026-06-02,39973-48Q-130,11,2026-06-12,1
corporate_clone_2026-06-15_v2,Product Info for BRG_2026-06-01__corporate_clone_2026-06-15_v2.xlsx,2026-06-02,39973-48Q-130,12,2026-06-13,2
corporate_clone_2026-06-15_v2,Product Info for BRG_2026-06-01__corporate_clone_2026-06-15_v2.xlsx,2026-06-02,39973-48Q-130,13,2026-06-14,2
corporate_clone_2026-06-15_v2,Product Info for BRG_2026-06-01__corporate_clone_2026-06-15_v2.xlsx,2026-06-02,39973-48Q-130,14,2026-06-15,2
corporate_clone_2026-06-15_v2,Product Info for BRG_2026-06-01__corporate_clone_2026-06-15_v2.xlsx,2026-06-02,39973-48Q-140,1,2026-06-02,0
corporate_clone_2026-06-15_v2,Product Info for BRG_2026-06-01__corporate_clone_2026-06-15_v2.xlsx,2026-06-02,39973-48Q-140,2,2026-06-03,0
corporate_clone_2026-06-15_v2,Product Info for BRG_2026-06-01__corporate_clone_2026-06-15_v2.xlsx,2026-06-02,39973-48Q-140,3,2026-06-04,0
corporate_clone_2026-06-15_v2,Product Info for BRG_2026-06-01__corporate_clone_2026-06-15_v2.xlsx,2026-06-02,39973-48Q-140,4,2026-06-05,0
corporate_clone_2026-06-15_v2,Product Info for BRG_2026-06-01__corporate_clone_2026-06-15_v2.xlsx,2026-06-02,39973-48Q-140,5,2026-06-06,0
corporate_clone_2026-06-15_v2,Product Info for BRG_2026-06-01__corporate_clone_2026-06-15_v2.xlsx,2026-06-02,39973-48Q-140,6,2026-06-07,0
corporate_clone_2026-06-15_v2,Product Info for BRG_2026-06-01__corporate_clone_2026-06-15_v2.xlsx,2026-06-02,39973-48Q-140,7,2026-06-08,0
corporate_clone_2026-06-15_v2,Product Info for BRG_2026-06-01__corporate_clone_2026-06-15_v2.xlsx,2026-06-02,39973-48Q-140,8,2026-06-09,0
corporate_clone_2026-06-15_v2,Product Info for BRG_2026-06-01__corporate_clone_2026-06-15_v2.xlsx,2026-06-02,39973-48Q-140,9,2026-06-10,0
corporate_clone_2026-06-15_v2,Product Info for BRG_2026-06-01__corporate_clone_2026-06-15_v2.xlsx,2026-06-02,39973-48Q-140,10,2026-06-11,0
corporate_clone_2026-06-15_v2,Product Info for BRG_2026-06-01__corporate_clone_2026-06-15_v2.xlsx,2026-06-02,39973-48Q-140,11,2026-06-12,0
corporate_clone_2026-06-15_v2,Product Info for BRG_2026-06-01__corporate_clone_2026-06-15_v2.xlsx,2026-06-02,39973-48Q-140,12,2026-06-13,0
corporate_clone_2026-06-15_v2,Product Info for BRG_2026-06-01__corporate_clone_2026-06-15_v2.xlsx,2026-06-02,39973-48Q-140,13,2026-06-14,0
corporate_clone_2026-06-15_v2,Product Info for BRG_2026-06-01__corporate_clone_2026-06-15_v2.xlsx,2026-06-02,39973-48Q-140,14,2026-06-15,0
corporate_clone_2026-06-15_v2,Product Info for BRG_2026-06-01__corporate_clone_2026-06-15_v2.xlsx,2026-06-02,39973-48Q-85,1,2026-06-02,0
corporate_clone_2026-06-15_v2,Product Info for BRG_2026-06-01__corporate_clone_2026-06-15_v2.xlsx,2026-06-02,39973-48Q-85,2,2026-06-03,0
corporate_clone_2026-06-15_v2,Product Info for BRG_2026-06-01__corporate_clone_2026-06-15_v2.xlsx,2026-06-02,39973-48Q-85,3,2026-06-04,0
corporate_clone_2026-06-15_v2,Product Info for BRG_2026-06-01__corporate_clone_2026-06-15_v2.xlsx,2026-06-02,39973-48Q-85,4,2026-06-05,0
corporate_clone_2026-06-15_v2,Product Info for BRG_2026-06-01__corporate_clone_2026-06-15_v2.xlsx,2026-06-02,39973-48Q-85,5,2026-06-06,0
corporate_clone_2026-06-15_v2,Product Info for BRG_2026-06-01__corporate_clone_2026-06-15_v2.xlsx,2026-06-02,39973-48Q-85,6,2026-06-07,0
corporate_clone_2026-06-15_v2,Product Info for BRG_2026-06-01__corporate_clone_2026-06-15_v2.xlsx,2026-06-02,39973-48Q-85,7,2026-06-08,0
corporate_clone_2026-06-15_v2,Product Info for BRG_2026-06-01__corporate_clone_2026-06-15_v2.xlsx,2026-06-02,39973-48Q-85,8,2026-06-09,0
corporate_clone_2026-06-15_v2,Product Info for BRG_2026-06-01__corporate_clone_2026-06-15_v2.xlsx,2026-06-02,39973-48Q-85,9,2026-06-10,0
corporate_clone_2026-06-15_v2,Product Info for BRG_2026-06-01__corporate_clone_2026-06-15_v2.xlsx,2026-06-02,39973-48Q-85,10,2026-06-11,0
corporate_clone_2026-06-15_v2,Product Info for BRG_2026-06-01__corporate_clone_2026-06-15_v2.xlsx,2026-06-02,39973-48Q-85,11,2026-06-12,0
corporate_clone_2026-06-15_v2,Product Info for BRG_2026-06-01__corporate_clone_2026-06-15_v2.xlsx,2026-06-02,39973-48Q-85,12,2026-06-13,0
corporate_clone_2026-06-15_v2,Product Info for BRG_2026-06-01__corporate_clone_2026-06-15_v2.xlsx,2026-06-02,39973-48Q-85,13,2026-06-14,0
corporate_clone_2026-06-15_v2,Product Info for BRG_2026-06-01__corporate_clone_2026-06-15_v2.xlsx,2026-06-02,39973-48Q-85,14,2026-06-15,0
corporate_clone_2026-06-15_v2,Product Info for BRG_2026-06-01__corporate_clone_2026-06-15_v2.xlsx,2026-06-02,39973-AH1-100,1,2026-06-02,1
corporate_clone_2026-06-15_v2,Product Info for BRG_2026-06-01__corporate_clone_2026-06-15_v2.xlsx,2026-06-02,39973-AH1-100,2,2026-06-03,1
corporate_clone_2026-06-15_v2,Product Info for BRG_2026-06-01__corporate_clone_2026-06-15_v2.xlsx,2026-06-02,39973-AH1-100,3,2026-06-04,1
corporate_clone_2026-06-15_v2,Product Info for BRG_2026-06-01__corporate_clone_2026-06-15_v2.xlsx,2026-06-02,39973-AH1-100,4,2026-06-05,1
corporate_clone_2026-06-15_v2,Product Info for BRG_2026-06-01__corporate_clone_2026-06-15_v2.xlsx,2026-06-02,39973-AH1-100,5,2026-06-06,1
corporate_clone_2026-06-15_v2,Product Info for BRG_2026-06-01__corporate_clone_2026-06-15_v2.xlsx,2026-06-02,39973-AH1-100,6,2026-06-07,1
corporate_clone_2026-06-15_v2,Product Info for BRG_2026-06-01__corporate_clone_2026-06-15_v2.xlsx,2026-06-02,39973-AH1-100,7,2026-06-08,1
corporate_clone_2026-06-15_v2,Product Info for BRG_2026-06-01__corporate_clone_2026-06-15_v2.xlsx,2026-06-02,39973-AH1-100,8,2026-06-09,0
corporate_clone_2026-06-15_v2,Product Info for BRG_2026-06-01__corporate_clone_2026-06-15_v2.xlsx,2026-06-02,39973-AH1-100,9,2026-06-10,0
corporate_clone_2026-06-15_v2,Product Info for BRG_2026-06-01__corporate_clone_2026-06-15_v2.xlsx,2026-06-02,39973-AH1-100,10,2026-06-11,0
corporate_clone_2026-06-15_v2,Product Info for BRG_2026-06-01__corporate_clone_2026-06-15_v2.xlsx,2026-06-02,39973-AH1-100,11,2026-06-12,0
corporate_clone_2026-06-15_v2,Product Info for BRG_2026-06-01__corporate_clone_2026-06-15_v2.xlsx,2026-06-02,39973-AH1-100,12,2026-06-13,1
corporate_clone_2026-06-15_v2,Product Info for BRG_2026-06-01__corporate_clone_2026-06-15_v2.xlsx,2026-06-02,39973-AH1-100,13,2026-06-14,1
corporate_clone_2026-06-15_v2,Product Info for BRG_2026-06-01__corporate_clone_2026-06-15_v2.xlsx,2026-06-02,39973-AH1-100,14,2026-06-15,1
corporate_clone_2026-06-15_v2,Product Info for BRG_2026-06-01__corporate_clone_2026-06-15_v2.xlsx,2026-06-02,39973-AH1-110,1,2026-06-02,1
corporate_clone_2026-06-15_v2,Product Info for BRG_2026-06-01__corporate_clone_2026-06-15_v2.xlsx,2026-06-02,39973-AH1-110,2,2026-06-03,1
corporate_clone_2026-06-15_v2,Product Info for BRG_2026-06-01__corporate_clone_2026-06-15_v2.xlsx,2026-06-02,39973-AH1-110,3,2026-06-04,1
corporate_clone_2026-06-15_v2,Product Info for BRG_2026-06-01__corporate_clone_2026-06-15_v2.xlsx,2026-06-02,39973-AH1-110,4,2026-06-05,1
corporate_clone_2026-06-15_v2,Product Info for BRG_2026-06-01__corporate_clone_2026-06-15_v2.xlsx,2026-06-02,39973-AH1-110,5,2026-06-06,2
corporate_clone_2026-06-15_v2,Product Info for BRG_2026-06-01__corporate_clone_2026-06-15_v2.xlsx,2026-06-02,39973-AH1-110,6,2026-06-07,2
corporate_clone_2026-06-15_v2,Product Info for BRG_2026-06-01__corporate_clone_2026-06-15_v2.xlsx,2026-06-02,39973-AH1-110,7,2026-06-08,1
corporate_clone_2026-06-15_v2,Product Info for BRG_2026-06-01__corporate_clone_2026-06-15_v2.xlsx,2026-06-02,39973-AH1-110,8,2026-06-09,1
corporate_clone_2026-06-15_v2,Product Info for BRG_2026-06-01__corporate_clone_2026-06-15_v2.xlsx,2026-06-02,39973-AH1-110,9,2026-06-10,1
corporate_clone_2026-06-15_v2,Product Info for BRG_2026-06-01__corporate_clone_2026-06-15_v2.xlsx,2026-06-02,39973-AH1-110,10,2026-06-11,1
corporate_clone_2026-06-15_v2,Product Info for BRG_2026-06-01__corporate_clone_2026-06-15_v2.xlsx,2026-06-02,39973-AH1-110,11,2026-06-12,1
corporate_clone_2026-06-15_v2,Product Info for BRG_2026-06-01__corporate_clone_2026-06-15_v2.xlsx,2026-06-02,39973-AH1-110,12,2026-06-13,1
corporate_clone_2026-06-15_v2,Product Info for BRG_2026-06-01__corporate_clone_2026-06-15_v2.xlsx,2026-06-02,39973-AH1-110,13,2026-06-14,1
corporate_clone_2026-06-15_v2,Product Info for BRG_2026-06-01__corporate_clone_2026-06-15_v2.xlsx,2026-06-02,39973-AH1-110,14,2026-06-15,1
corporate_clone_2026-06-15_v2,Product Info for BRG_2026-06-01__corporate_clone_2026-06-15_v2.xlsx,2026-06-02,39973-AH1-120,1,2026-06-02,3
corporate_clone_2026-06-15_v2,Product Info for BRG_2026-06-01__corporate_clone_2026-06-15_v2.xlsx,2026-06-02,39973-AH1-120,2,2026-06-03,3
corporate_clone_2026-06-15_v2,Product Info for BRG_2026-06-01__corporate_clone_2026-06-15_v2.xlsx,2026-06-02,39973-AH1-120,3,2026-06-04,3
corporate_clone_2026-06-15_v2,Product Info for BRG_2026-06-01__corporate_clone_2026-06-15_v2.xlsx,2026-06-02,39973-AH1-120,4,2026-06-05,3
corporate_clone_2026-06-15_v2,Product Info for BRG_2026-06-01__corporate_clone_2026-06-15_v2.xlsx,2026-06-02,39973-AH1-120,5,2026-06-06,4
corporate_clone_2026-06-15_v2,Product Info for BRG_2026-06-01__corporate_clone_2026-06-15_v2.xlsx,2026-06-02,39973-AH1-120,6,2026-06-07,4
corporate_clone_2026-06-15_v2,Product Info for BRG_2026-06-01__corporate_clone_2026-06-15_v2.xlsx,2026-06-02,39973-AH1-120,7,2026-06-08,3
corporate_clone_2026-06-15_v2,Product Info for BRG_2026-06-01__corporate_clone_2026-06-15_v2.xlsx,2026-06-02,39973-AH1-120,8,2026-06-09,1
corporate_clone_2026-06-15_v2,Product Info for BRG_2026-06-01__corporate_clone_2026-06-15_v2.xlsx,2026-06-02,39973-AH1-120,9,2026-06-10,1
corporate_clone_2026-06-15_v2,Product Info for BRG_2026-06-01__corporate_clone_2026-06-15_v2.xlsx,2026-06-02,39973-AH1-120,10,2026-06-11,1
corporate_clone_2026-06-15_v2,Product Info for BRG_2026-06-01__corporate_clone_2026-06-15_v2.xlsx,2026-06-02,39973-AH1-120,11,2026-06-12,1
corporate_clone_2026-06-15_v2,Product Info for BRG_2026-06-01__corporate_clone_2026-06-15_v2.xlsx,2026-06-02,39973-AH1-120,12,2026-06-13,3
corporate_clone_2026-06-15_v2,Product Info for BRG_2026-06-01__corporate_clone_2026-06-15_v2.xlsx,2026-06-02,39973-AH1-120,13,2026-06-14,3
corporate_clone_2026-06-15_v2,Product Info for BRG_2026-06-01__corporate_clone_2026-06-15_v2.xlsx,2026-06-02,39973-AH1-120,14,2026-06-15,3
corporate_clone_2026-06-15_v2,Product Info for BRG_2026-06-01__corporate_clone_2026-06-15_v2.xlsx,2026-06-02,39973-AH1-140,1,2026-06-02,0
corporate_clone_2026-06-15_v2,Product Info for BRG_2026-06-01__corporate_clone_2026-06-15_v2.xlsx,2026-06-02,39973-AH1-140,2,2026-06-03,0
corporate_clone_2026-06-15_v2,Product Info for BRG_2026-06-01__corporate_clone_2026-06-15_v2.xlsx,2026-06-02,39973-AH1-140,3,2026-06-04,0
corporate_clone_2026-06-15_v2,Product Info for BRG_2026-06-01__corporate_clone_2026-06-15_v2.xlsx,2026-06-02,39973-AH1-140,4,2026-06-05,0
corporate_clone_2026-06-15_v2,Product Info for BRG_2026-06-01__corporate_clone_2026-06-15_v2.xlsx,2026-06-02,39973-AH1-140,5,2026-06-06,0
corporate_clone_2026-06-15_v2,Product Info for BRG_2026-06-01__corporate_clone_2026-06-15_v2.xlsx,2026-06-02,39973-AH1-140,6,2026-06-07,0
corporate_clone_2026-06-15_v2,Product Info for BRG_2026-06-01__corporate_clone_2026-06-15_v2.xlsx,2026-06-02,39973-AH1-140,7,2026-06-08,0
corporate_clone_2026-06-15_v2,Product Info for BRG_2026-06-01__corporate_clone_2026-06-15_v2.xlsx,2026-06-02,39973-AH1-140,8,2026-06-09,0
corporate_clone_2026-06-15_v2,Product Info for BRG_2026-06-01__corporate_clone_2026-06-15_v2.xlsx,2026-06-02,39973-AH1-140,9,2026-06-10,0
corporate_clone_2026-06-15_v2,Product Info for BRG_2026-06-01__corporate_clone_2026-06-15_v2.xlsx,2026-06-02,39973-AH1-140,10,2026-06-11,0
corporate_clone_2026-06-15_v2,Product Info for BRG_2026-06-01__corporate_clone_2026-06-15_v2.xlsx,2026-06-02,39973-AH1-140,11,2026-06-12,0
corporate_clone_2026-06-15_v2,Product Info for BRG_2026-06-01__corporate_clone_2026-06-15_v2.xlsx,2026-06-02,39973-AH1-140,12,2026-06-13,0
corporate_clone_2026-06-15_v2,Product Info for BRG_2026-06-01__corporate_clone_2026-06-15_v2.xlsx,2026-06-02,39973-AH1-140,13,2026-06-14,0
corporate_clone_2026-06-15_v2,Product Info for BRG_2026-06-01__corporate_clone_2026-06-15_v2.xlsx,2026-06-02,39973-AH1-140,14,2026-06-15,0
corporate_clone_2026-06-15_v2,Product Info for BRG_2026-06-01__corporate_clone_2026-06-15_v2.xlsx,2026-06-02,39973-AH1-150,1,2026-06-02,0
corporate_clone_2026-06-15_v2,Product Info for BRG_2026-06-01__corporate_clone_2026-06-15_v2.xlsx,2026-06-02,39973-AH1-150,2,2026-06-03,0
corporate_clone_2026-06-15_v2,Product Info for BRG_2026-06-01__corporate_clone_2026-06-15_v2.xlsx,2026-06-02,39973-AH1-150,3,2026-06-04,0
corporate_clone_2026-06-15_v2,Product Info for BRG_2026-06-01__corporate_clone_2026-06-15_v2.xlsx,2026-06-02,39973-AH1-150,4,2026-06-05,0
corporate_clone_2026-06-15_v2,Product Info for BRG_2026-06-01__corporate_clone_2026-06-15_v2.xlsx,2026-06-02,39973-AH1-150,5,2026-06-06,0
corporate_clone_2026-06-15_v2,Product Info for BRG_2026-06-01__corporate_clone_2026-06-15_v2.xlsx,2026-06-02,39973-AH1-150,6,2026-06-07,0
corporate_clone_2026-06-15_v2,Product Info for BRG_2026-06-01__corporate_clone_2026-06-15_v2.xlsx,2026-06-02,39973-AH1-150,7,2026-06-08,0
corporate_clone_2026-06-15_v2,Product Info for BRG_2026-06-01__corporate_clone_2026-06-15_v2.xlsx,2026-06-02,39973-AH1-150,8,2026-06-09,0
corporate_clone_2026-06-15_v2,Product Info for BRG_2026-06-01__corporate_clone_2026-06-15_v2.xlsx,2026-06-02,39973-AH1-150,9,2026-06-10,0
corporate_clone_2026-06-15_v2,Product Info for BRG_2026-06-01__corporate_clone_2026-06-15_v2.xlsx,2026-06-02,39973-AH1-150,10,2026-06-11,0
corporate_clone_2026-06-15_v2,Product Info for BRG_2026-06-01__corporate_clone_2026-06-15_v2.xlsx,2026-06-02,39973-AH1-150,11,2026-06-12,0
corporate_clone_2026-06-15_v2,Product Info for BRG_2026-06-01__corporate_clone_2026-06-15_v2.xlsx,2026-06-02,39973-AH1-150,12,2026-06-13,0
corporate_clone_2026-06-15_v2,Product Info for BRG_2026-06-01__corporate_clone_2026-06-15_v2.xlsx,2026-06-02,39973-AH1-150,13,2026-06-14,0
corporate_clone_2026-06-15_v2,Product Info for BRG_2026-06-01__corporate_clone_2026-06-15_v2.xlsx,2026-06-02,39973-AH1-150,14,2026-06-15,0
corporate_clone_2026-06-15_v2,Product Info for BRG_2026-06-01__corporate_clone_2026-06-15_v2.xlsx,2026-06-02,39973-AH1-60,1,2026-06-02,0
corporate_clone_2026-06-15_v2,Product Info for BRG_2026-06-01__corporate_clone_2026-06-15_v2.xlsx,2026-06-02,39973-AH1-60,2,2026-06-03,0
corporate_clone_2026-06-15_v2,Product Info for BRG_2026-06-01__corporate_clone_2026-06-15_v2.xlsx,2026-06-02,39973-AH1-60,3,2026-06-04,0
corporate_clone_2026-06-15_v2,Product Info for BRG_2026-06-01__corporate_clone_2026-06-15_v2.xlsx,2026-06-02,39973-AH1-60,4,2026-06-05,0
corporate_clone_2026-06-15_v2,Product Info for BRG_2026-06-01__corporate_clone_2026-06-15_v2.xlsx,2026-06-02,39973-AH1-60,5,2026-06-06,0
corporate_clone_2026-06-15_v2,Product Info for BRG_2026-06-01__corporate_clone_2026-06-15_v2.xlsx,2026-06-02,39973-AH1-60,6,2026-06-07,0
corporate_clone_2026-06-15_v2,Product Info for BRG_2026-06-01__corporate_clone_2026-06-15_v2.xlsx,2026-06-02,39973-AH1-60,7,2026-06-08,0
corporate_clone_2026-06-15_v2,Product Info for BRG_2026-06-01__corporate_clone_2026-06-15_v2.xlsx,2026-06-02,39973-AH1-60,8,2026-06-09,0
corporate_clone_2026-06-15_v2,Product Info for BRG_2026-06-01__corporate_clone_2026-06-15_v2.xlsx,2026-06-02,39973-AH1-60,9,2026-06-10,0
corporate_clone_2026-06-15_v2,Product Info for BRG_2026-06-01__corporate_clone_2026-06-15_v2.xlsx,2026-06-02,39973-AH1-60,10,2026-06-11,0
corporate_clone_2026-06-15_v2,Product Info for BRG_2026-06-01__corporate_clone_2026-06-15_v2.xlsx,2026-06-02,39973-AH1-60,11,2026-06-12,0
corporate_clone_2026-06-15_v2,Product Info for BRG_2026-06-01__corporate_clone_2026-06-15_v2.xlsx,2026-06-02,39973-AH1-60,12,2026-06-13,0
corporate_clone_2026-06-15_v2,Product Info for BRG_2026-06-01__corporate_clone_2026-06-15_v2.xlsx,2026-06-02,39973-AH1-60,13,2026-06-14,0
corporate_clone_2026-06-15_v2,Product Info for BRG_2026-06-01__corporate_clone_2026-06-15_v2.xlsx,2026-06-02,39973-AH1-60,14,2026-06-15,0
corporate_clone_2026-06-15_v2,Product Info for BRG_2026-06-01__corporate_clone_2026-06-15_v2.xlsx,2026-06-02,39973-AH1-85,1,2026-06-02,0
corporate_clone_2026-06-15_v2,Product Info for BRG_2026-06-01__corporate_clone_2026-06-15_v2.xlsx,2026-06-02,39973-AH1-85,2,2026-06-03,0
corporate_clone_2026-06-15_v2,Product Info for BRG_2026-06-01__corporate_clone_2026-06-15_v2.xlsx,2026-06-02,39973-AH1-85,3,2026-06-04,0
corporate_clone_2026-06-15_v2,Product Info for BRG_2026-06-01__corporate_clone_2026-06-15_v2.xlsx,2026-06-02,39973-AH1-85,4,2026-06-05,0
corporate_clone_2026-06-15_v2,Product Info for BRG_2026-06-01__corporate_clone_2026-06-15_v2.xlsx,2026-06-02,39973-AH1-85,5,2026-06-06,0
corporate_clone_2026-06-15_v2,Product Info for BRG_2026-06-01__corporate_clone_2026-06-15_v2.xlsx,2026-06-02,39973-AH1-85,6,2026-06-07,0
corporate_clone_2026-06-15_v2,Product Info for BRG_2026-06-01__corporate_clone_2026-06-15_v2.xlsx,2026-06-02,39973-AH1-85,7,2026-06-08,0
corporate_clone_2026-06-15_v2,Product Info for BRG_2026-06-01__corporate_clone_2026-06-15_v2.xlsx,2026-06-02,39973-AH1-85,8,2026-06-09,0
corporate_clone_2026-06-15_v2,Product Info for BRG_2026-06-01__corporate_clone_2026-06-15_v2.xlsx,2026-06-02,39973-AH1-85,9,2026-06-10,0
corporate_clone_2026-06-15_v2,Product Info for BRG_2026-06-01__corporate_clone_2026-06-15_v2.xlsx,2026-06-02,39973-AH1-85,10,2026-06-11,0
corporate_clone_2026-06-15_v2,Product Info for BRG_2026-06-01__corporate_clone_2026-06-15_v2.xlsx,2026-06-02,39973-AH1-85,11,2026-06-12,0
corporate_clone_2026-06-15_v2,Product Info for BRG_2026-06-01__corporate_clone_2026-06-15_v2.xlsx,2026-06-02,39973-AH1-85,12,2026-06-13,0
corporate_clone_2026-06-15_v2,Product Info for BRG_2026-06-01__corporate_clone_2026-06-15_v2.xlsx,2026-06-02,39973-AH1-85,13,2026-06-14,0
corporate_clone_2026-06-15_v2,Product Info for BRG_2026-06-01__corporate_clone_2026-06-15_v2.xlsx,2026-06-02,39973-AH1-85,14,2026-06-15,0
corporate_clone_2026-06-15_v2,Product Info for BRG_2026-06-01__corporate_clone_2026-06-15_v2.xlsx,2026-06-02,39973-AH1-90,1,2026-06-02,1
corporate_clone_2026-06-15_v2,Product Info for BRG_2026-06-01__corporate_clone_2026-06-15_v2.xlsx,2026-06-02,39973-AH1-90,2,2026-06-03,1
corporate_clone_2026-06-15_v2,Product Info for BRG_2026-06-01__corporate_clone_2026-06-15_v2.xlsx,2026-06-02,39973-AH1-90,3,2026-06-04,1
corporate_clone_2026-06-15_v2,Product Info for BRG_2026-06-01__corporate_clone_2026-06-15_v2.xlsx,2026-06-02,39973-AH1-90,4,2026-06-05,1
corporate_clone_2026-06-15_v2,Product Info for BRG_2026-06-01__corporate_clone_2026-06-15_v2.xlsx,2026-06-02,39973-AH1-90,5,2026-06-06,1
corporate_clone_2026-06-15_v2,Product Info for BRG_2026-06-01__corporate_clone_2026-06-15_v2.xlsx,2026-06-02,39973-AH1-90,6,2026-06-07,1
corporate_clone_2026-06-15_v2,Product Info for BRG_2026-06-01__corporate_clone_2026-06-15_v2.xlsx,2026-06-02,39973-AH1-90,7,2026-06-08,1
corporate_clone_2026-06-15_v2,Product Info for BRG_2026-06-01__corporate_clone_2026-06-15_v2.xlsx,2026-06-02,39973-AH1-90,8,2026-06-09,0
corporate_clone_2026-06-15_v2,Product Info for BRG_2026-06-01__corporate_clone_2026-06-15_v2.xlsx,2026-06-02,39973-AH1-90,9,2026-06-10,0
corporate_clone_2026-06-15_v2,Product Info for BRG_2026-06-01__corporate_clone_2026-06-15_v2.xlsx,2026-06-02,39973-AH1-90,10,2026-06-11,0
corporate_clone_2026-06-15_v2,Product Info for BRG_2026-06-01__corporate_clone_2026-06-15_v2.xlsx,2026-06-02,39973-AH1-90,11,2026-06-12,0
corporate_clone_2026-06-15_v2,Product Info for BRG_2026-06-01__corporate_clone_2026-06-15_v2.xlsx,2026-06-02,39973-AH1-90,12,2026-06-13,0
corporate_clone_2026-06-15_v2,Product Info for BRG_2026-06-01__corporate_clone_2026-06-15_v2.xlsx,2026-06-02,39973-AH1-90,13,2026-06-14,0
corporate_clone_2026-06-15_v2,Product Info for BRG_2026-06-01__corporate_clone_2026-06-15_v2.xlsx,2026-06-02,39973-AH1-90,14,2026-06-15,0
corporate_clone_2026-06-15_v2,Product Info for BRG_2026-06-01__corporate_clone_2026-06-15_v2.xlsx,2026-06-02,43205-015-100,1,2026-06-02,1
corporate_clone_2026-06-15_v2,Product Info for BRG_2026-06-01__corporate_clone_2026-06-15_v2.xlsx,2026-06-02,43205-015-100,2,2026-06-03,1
corporate_clone_2026-06-15_v2,Product Info for BRG_2026-06-01__corporate_clone_2026-06-15_v2.xlsx,2026-06-02,43205-015-100,3,2026-06-04,1
corporate_clone_2026-06-15_v2,Product Info for BRG_2026-06-01__corporate_clone_2026-06-15_v2.xlsx,2026-06-02,43205-015-100,4,2026-06-05,1
corporate_clone_2026-06-15_v2,Product Info for BRG_2026-06-01__corporate_clone_2026-06-15_v2.xlsx,2026-06-02,43205-015-100,5,2026-06-06,1
corporate_clone_2026-06-15_v2,Product Info for BRG_2026-06-01__corporate_clone_2026-06-15_v2.xlsx,2026-06-02,43205-015-100,6,2026-06-07,1
corporate_clone_2026-06-15_v2,Product Info for BRG_2026-06-01__corporate_clone_2026-06-15_v2.xlsx,2026-06-02,43205-015-100,7,2026-06-08,1
corporate_clone_2026-06-15_v2,Product Info for BRG_2026-06-01__corporate_clone_2026-06-15_v2.xlsx,2026-06-02,43205-015-100,8,2026-06-09,1
corporate_clone_2026-06-15_v2,Product Info for BRG_2026-06-01__corporate_clone_2026-06-15_v2.xlsx,2026-06-02,43205-015-100,9,2026-06-10,1
corporate_clone_2026-06-15_v2,Product Info for BRG_2026-06-01__corporate_clone_2026-06-15_v2.xlsx,2026-06-02,43205-015-100,10,2026-06-11,1
corporate_clone_2026-06-15_v2,Product Info for BRG_2026-06-01__corporate_clone_2026-06-15_v2.xlsx,2026-06-02,43205-015-100,11,2026-06-12,1
corporate_clone_2026-06-15_v2,Product Info for BRG_2026-06-01__corporate_clone_2026-06-15_v2.xlsx,2026-06-02,43205-015-100,12,2026-06-13,1
corporate_clone_2026-06-15_v2,Product Info for BRG_2026-06-01__corporate_clone_2026-06-15_v2.xlsx,2026-06-02,43205-015-100,13,2026-06-14,1
corporate_clone_2026-06-15_v2,Product Info for BRG_2026-06-01__corporate_clone_2026-06-15_v2.xlsx,2026-06-02,43205-015-100,14,2026-06-15,1
corporate_clone_2026-06-15_v2,Product Info for BRG_2026-06-01__corporate_clone_2026-06-15_v2.xlsx,2026-06-02,43205-015-110,1,2026-06-02,10
corporate_clone_2026-06-15_v2,Product Info for BRG_2026-06-01__corporate_clone_2026-06-15_v2.xlsx,2026-06-02,43205-015-110,2,2026-06-03,10
corporate_clone_2026-06-15_v2,Product Info for BRG_2026-06-01__corporate_clone_2026-06-15_v2.xlsx,2026-06-02,43205-015-110,3,2026-06-04,10
corporate_clone_2026-06-15_v2,Product Info for BRG_2026-06-01__corporate_clone_2026-06-15_v2.xlsx,2026-06-02,43205-015-110,4,2026-06-05,10
corporate_clone_2026-06-15_v2,Product Info for BRG_2026-06-01__corporate_clone_2026-06-15_v2.xlsx,2026-06-02,43205-015-110,5,2026-06-06,15
corporate_clone_2026-06-15_v2,Product Info for BRG_2026-06-01__corporate_clone_2026-06-15_v2.xlsx,2026-06-02,43205-015-110,6,2026-06-07,15
corporate_clone_2026-06-15_v2,Product Info for BRG_2026-06-01__corporate_clone_2026-06-15_v2.xlsx,2026-06-02,43205-015-110,7,2026-06-08,13
corporate_clone_2026-06-15_v2,Product Info for BRG_2026-06-01__corporate_clone_2026-06-15_v2.xlsx,2026-06-02,43205-015-110,8,2026-06-09,8
corporate_clone_2026-06-15_v2,Product Info for BRG_2026-06-01__corporate_clone_2026-06-15_v2.xlsx,2026-06-02,43205-015-110,9,2026-06-10,8
corporate_clone_2026-06-15_v2,Product Info for BRG_2026-06-01__corporate_clone_2026-06-15_v2.xlsx,2026-06-02,43205-015-110,10,2026-06-11,8
corporate_clone_2026-06-15_v2,Product Info for BRG_2026-06-01__corporate_clone_2026-06-15_v2.xlsx,2026-06-02,43205-015-110,11,2026-06-12,7
corporate_clone_2026-06-15_v2,Product Info for BRG_2026-06-01__corporate_clone_2026-06-15_v2.xlsx,2026-06-02,43205-015-110,12,2026-06-13,16
corporate_clone_2026-06-15_v2,Product Info for BRG_2026-06-01__corporate_clone_2026-06-15_v2.xlsx,2026-06-02,43205-015-110,13,2026-06-14,16
corporate_clone_2026-06-15_v2,Product Info for BRG_2026-06-01__corporate_clone_2026-06-15_v2.xlsx,2026-06-02,43205-015-110,14,2026-06-15,18
corporate_clone_2026-06-15_v2,Product Info for BRG_2026-06-01__corporate_clone_2026-06-15_v2.xlsx,2026-06-02,43205-015-120,1,2026-06-02,15
corporate_clone_2026-06-15_v2,Product Info for BRG_2026-06-01__corporate_clone_2026-06-15_v2.xlsx,2026-06-02,43205-015-120,2,2026-06-03,16
corporate_clone_2026-06-15_v2,Product Info for BRG_2026-06-01__corporate_clone_2026-06-15_v2.xlsx,2026-06-02,43205-015-120,3,2026-06-04,15
corporate_clone_2026-06-15_v2,Product Info for BRG_2026-06-01__corporate_clone_2026-06-15_v2.xlsx,2026-06-02,43205-015-120,4,2026-06-05,15
corporate_clone_2026-06-15_v2,Product Info for BRG_2026-06-01__corporate_clone_2026-06-15_v2.xlsx,2026-06-02,43205-015-120,5,2026-06-06,23
corporate_clone_2026-06-15_v2,Product Info for BRG_2026-06-01__corporate_clone_2026-06-15_v2.xlsx,2026-06-02,43205-015-120,6,2026-06-07,23
corporate_clone_2026-06-15_v2,Product Info for BRG_2026-06-01__corporate_clone_2026-06-15_v2.xlsx,2026-06-02,43205-015-120,7,2026-06-08,20
corporate_clone_2026-06-15_v2,Product Info for BRG_2026-06-01__corporate_clone_2026-06-15_v2.xlsx,2026-06-02,43205-015-120,8,2026-06-09,13
corporate_clone_2026-06-15_v2,Product Info for BRG_2026-06-01__corporate_clone_2026-06-15_v2.xlsx,2026-06-02,43205-015-120,9,2026-06-10,12
corporate_clone_2026-06-15_v2,Product Info for BRG_2026-06-01__corporate_clone_2026-06-15_v2.xlsx,2026-06-02,43205-015-120,10,2026-06-11,11
corporate_clone_2026-06-15_v2,Product Info for BRG_2026-06-01__corporate_clone_2026-06-15_v2.xlsx,2026-06-02,43205-015-120,11,2026-06-12,10
corporate_clone_2026-06-15_v2,Product Info for BRG_2026-06-01__corporate_clone_2026-06-15_v2.xlsx,2026-06-02,43205-015-120,12,2026-06-13,25
corporate_clone_2026-06-15_v2,Product Info for BRG_2026-06-01__corporate_clone_2026-06-15_v2.xlsx,2026-06-02,43205-015-120,13,2026-06-14,25
corporate_clone_2026-06-15_v2,Product Info for BRG_2026-06-01__corporate_clone_2026-06-15_v2.xlsx,2026-06-02,43205-015-120,14,2026-06-15,27
corporate_clone_2026-06-15_v2,Product Info for BRG_2026-06-01__corporate_clone_2026-06-15_v2.xlsx,2026-06-02,43205-015-130,1,2026-06-02,14
corporate_clone_2026-06-15_v2,Product Info for BRG_2026-06-01__corporate_clone_2026-06-15_v2.xlsx,2026-06-02,43205-015-130,2,2026-06-03,14
corporate_clone_2026-06-15_v2,Product Info for BRG_2026-06-01__corporate_clone_2026-06-15_v2.xlsx,2026-06-02,43205-015-130,3,2026-06-04,13
corporate_clone_2026-06-15_v2,Product Info for BRG_2026-06-01__corporate_clone_2026-06-15_v2.xlsx,2026-06-02,43205-015-130,4,2026-06-05,13
corporate_clone_2026-06-15_v2,Product Info for BRG_2026-06-01__corporate_clone_2026-06-15_v2.xlsx,2026-06-02,43205-015-130,5,2026-06-06,20
corporate_clone_2026-06-15_v2,Product Info for BRG_2026-06-01__corporate_clone_2026-06-15_v2.xlsx,2026-06-02,43205-015-130,6,2026-06-07,20
corporate_clone_2026-06-15_v2,Product Info for BRG_2026-06-01__corporate_clone_2026-06-15_v2.xlsx,2026-06-02,43205-015-130,7,2026-06-08,18
corporate_clone_2026-06-15_v2,Product Info for BRG_2026-06-01__corporate_clone_2026-06-15_v2.xlsx,2026-06-02,43205-015-130,8,2026-06-09,11
corporate_clone_2026-06-15_v2,Product Info for BRG_2026-06-01__corporate_clone_2026-06-15_v2.xlsx,2026-06-02,43205-015-130,9,2026-06-10,11
corporate_clone_2026-06-15_v2,Product Info for BRG_2026-06-01__corporate_clone_2026-06-15_v2.xlsx,2026-06-02,43205-015-130,10,2026-06-11,10
corporate_clone_2026-06-15_v2,Product Info for BRG_2026-06-01__corporate_clone_2026-06-15_v2.xlsx,2026-06-02,43205-015-130,11,2026-06-12,9
corporate_clone_2026-06-15_v2,Product Info for BRG_2026-06-01__corporate_clone_2026-06-15_v2.xlsx,2026-06-02,43205-015-130,12,2026-06-13,22
corporate_clone_2026-06-15_v2,Product Info for BRG_2026-06-01__corporate_clone_2026-06-15_v2.xlsx,2026-06-02,43205-015-130,13,2026-06-14,22
corporate_clone_2026-06-15_v2,Product Info for BRG_2026-06-01__corporate_clone_2026-06-15_v2.xlsx,2026-06-02,43205-015-130,14,2026-06-15,24
corporate_clone_2026-06-15_v2,Product Info for BRG_2026-06-01__corporate_clone_2026-06-15_v2.xlsx,2026-06-02,43205-015-140,1,2026-06-02,9
corporate_clone_2026-06-15_v2,Product Info for BRG_2026-06-01__corporate_clone_2026-06-15_v2.xlsx,2026-06-02,43205-015-140,2,2026-06-03,10
corporate_clone_2026-06-15_v2,Product Info for BRG_2026-06-01__corporate_clone_2026-06-15_v2.xlsx,2026-06-02,43205-015-140,3,2026-06-04,9
corporate_clone_2026-06-15_v2,Product Info for BRG_2026-06-01__corporate_clone_2026-06-15_v2.xlsx,2026-06-02,43205-015-140,4,2026-06-05,9
corporate_clone_2026-06-15_v2,Product Info for BRG_2026-06-01__corporate_clone_2026-06-15_v2.xlsx,2026-06-02,43205-015-140,5,2026-06-06,14
corporate_clone_2026-06-15_v2,Product Info for BRG_2026-06-01__corporate_clone_2026-06-15_v2.xlsx,2026-06-02,43205-015-140,6,2026-06-07,14
corporate_clone_2026-06-15_v2,Product Info for BRG_2026-06-01__corporate_clone_2026-06-15_v2.xlsx,2026-06-02,43205-015-140,7,2026-06-08,13
corporate_clone_2026-06-15_v2,Product Info for BRG_2026-06-01__corporate_clone_2026-06-15_v2.xlsx,2026-06-02,43205-015-140,8,2026-06-09,8
corporate_clone_2026-06-15_v2,Product Info for BRG_2026-06-01__corporate_clone_2026-06-15_v2.xlsx,2026-06-02,43205-015-140,9,2026-06-10,8
corporate_clone_2026-06-15_v2,Product Info for BRG_2026-06-01__corporate_clone_2026-06-15_v2.xlsx,2026-06-02,43205-015-140,10,2026-06-11,7
corporate_clone_2026-06-15_v2,Product Info for BRG_2026-06-01__corporate_clone_2026-06-15_v2.xlsx,2026-06-02,43205-015-140,11,2026-06-12,6
corporate_clone_2026-06-15_v2,Product Info for BRG_2026-06-01__corporate_clone_2026-06-15_v2.xlsx,2026-06-02,43205-015-140,12,2026-06-13,15
corporate_clone_2026-06-15_v2,Product Info for BRG_2026-06-01__corporate_clone_2026-06-15_v2.xlsx,2026-06-02,43205-015-140,13,2026-06-14,15
corporate_clone_2026-06-15_v2,Product Info for BRG_2026-06-01__corporate_clone_2026-06-15_v2.xlsx,2026-06-02,43205-015-140,14,2026-06-15,17
corporate_clone_2026-06-15_v2,Product Info for BRG_2026-06-01__corporate_clone_2026-06-15_v2.xlsx,2026-06-02,43205-015-150,1,2026-06-02,7
corporate_clone_2026-06-15_v2,Product Info for BRG_2026-06-01__corporate_clone_2026-06-15_v2.xlsx,2026-06-02,43205-015-150,2,2026-06-03,7
corporate_clone_2026-06-15_v2,Product Info for BRG_2026-06-01__corporate_clone_2026-06-15_v2.xlsx,2026-06-02,43205-015-150,3,2026-06-04,7
corporate_clone_2026-06-15_v2,Product Info for BRG_2026-06-01__corporate_clone_2026-06-15_v2.xlsx,2026-06-02,43205-015-150,4,2026-06-05,7
corporate_clone_2026-06-15_v2,Product Info for BRG_2026-06-01__corporate_clone_2026-06-15_v2.xlsx,2026-06-02,43205-015-150,5,2026-06-06,10
corporate_clone_2026-06-15_v2,Product Info for BRG_2026-06-01__corporate_clone_2026-06-15_v2.xlsx,2026-06-02,43205-015-150,6,2026-06-07,10
corporate_clone_2026-06-15_v2,Product Info for BRG_2026-06-01__corporate_clone_2026-06-15_v2.xlsx,2026-06-02,43205-015-150,7,2026-06-08,9
corporate_clone_2026-06-15_v2,Product Info for BRG_2026-06-01__corporate_clone_2026-06-15_v2.xlsx,2026-06-02,43205-015-150,8,2026-06-09,6
corporate_clone_2026-06-15_v2,Product Info for BRG_2026-06-01__corporate_clone_2026-06-15_v2.xlsx,2026-06-02,43205-015-150,9,2026-06-10,6
corporate_clone_2026-06-15_v2,Product Info for BRG_2026-06-01__corporate_clone_2026-06-15_v2.xlsx,2026-06-02,43205-015-150,10,2026-06-11,5
corporate_clone_2026-06-15_v2,Product Info for BRG_2026-06-01__corporate_clone_2026-06-15_v2.xlsx,2026-06-02,43205-015-150,11,2026-06-12,5
corporate_clone_2026-06-15_v2,Product Info for BRG_2026-06-01__corporate_clone_2026-06-15_v2.xlsx,2026-06-02,43205-015-150,12,2026-06-13,11
corporate_clone_2026-06-15_v2,Product Info for BRG_2026-06-01__corporate_clone_2026-06-15_v2.xlsx,2026-06-02,43205-015-150,13,2026-06-14,11
corporate_clone_2026-06-15_v2,Product Info for BRG_2026-06-01__corporate_clone_2026-06-15_v2.xlsx,2026-06-02,43205-015-150,14,2026-06-15,12
corporate_clone_2026-06-15_v2,Product Info for BRG_2026-06-01__corporate_clone_2026-06-15_v2.xlsx,2026-06-02,43205-015-85,1,2026-06-02,1
corporate_clone_2026-06-15_v2,Product Info for BRG_2026-06-01__corporate_clone_2026-06-15_v2.xlsx,2026-06-02,43205-015-85,2,2026-06-03,1
corporate_clone_2026-06-15_v2,Product Info for BRG_2026-06-01__corporate_clone_2026-06-15_v2.xlsx,2026-06-02,43205-015-85,3,2026-06-04,1
corporate_clone_2026-06-15_v2,Product Info for BRG_2026-06-01__corporate_clone_2026-06-15_v2.xlsx,2026-06-02,43205-015-85,4,2026-06-05,1
corporate_clone_2026-06-15_v2,Product Info for BRG_2026-06-01__corporate_clone_2026-06-15_v2.xlsx,2026-06-02,43205-015-85,5,2026-06-06,2
corporate_clone_2026-06-15_v2,Product Info for BRG_2026-06-01__corporate_clone_2026-06-15_v2.xlsx,2026-06-02,43205-015-85,6,2026-06-07,2
corporate_clone_2026-06-15_v2,Product Info for BRG_2026-06-01__corporate_clone_2026-06-15_v2.xlsx,2026-06-02,43205-015-85,7,2026-06-08,1
corporate_clone_2026-06-15_v2,Product Info for BRG_2026-06-01__corporate_clone_2026-06-15_v2.xlsx,2026-06-02,43205-015-85,8,2026-06-09,1
corporate_clone_2026-06-15_v2,Product Info for BRG_2026-06-01__corporate_clone_2026-06-15_v2.xlsx,2026-06-02,43205-015-85,9,2026-06-10,1
corporate_clone_2026-06-15_v2,Product Info for BRG_2026-06-01__corporate_clone_2026-06-15_v2.xlsx,2026-06-02,43205-015-85,10,2026-06-11,1
corporate_clone_2026-06-15_v2,Product Info for BRG_2026-06-01__corporate_clone_2026-06-15_v2.xlsx,2026-06-02,43205-015-85,11,2026-06-12,1
corporate_clone_2026-06-15_v2,Product Info for BRG_2026-06-01__corporate_clone_2026-06-15_v2.xlsx,2026-06-02,43205-015-85,12,2026-06-13,2
corporate_clone_2026-06-15_v2,Product Info for BRG_2026-06-01__corporate_clone_2026-06-15_v2.xlsx,2026-06-02,43205-015-85,13,2026-06-14,2
corporate_clone_2026-06-15_v2,Product Info for BRG_2026-06-01__corporate_clone_2026-06-15_v2.xlsx,2026-06-02,43205-015-85,14,2026-06-15,2
corporate_clone_2026-06-15_v2,Product Info for BRG_2026-06-01__corporate_clone_2026-06-15_v2.xlsx,2026-06-02,43205-015-90,1,2026-06-02,5
corporate_clone_2026-06-15_v2,Product Info for BRG_2026-06-01__corporate_clone_2026-06-15_v2.xlsx,2026-06-02,43205-015-90,2,2026-06-03,6
corporate_clone_2026-06-15_v2,Product Info for BRG_2026-06-01__corporate_clone_2026-06-15_v2.xlsx,2026-06-02,43205-015-90,3,2026-06-04,5
corporate_clone_2026-06-15_v2,Product Info for BRG_2026-06-01__corporate_clone_2026-06-15_v2.xlsx,2026-06-02,43205-015-90,4,2026-06-05,5
corporate_clone_2026-06-15_v2,Product Info for BRG_2026-06-01__corporate_clone_2026-06-15_v2.xlsx,2026-06-02,43205-015-90,5,2026-06-06,8
corporate_clone_2026-06-15_v2,Product Info for BRG_2026-06-01__corporate_clone_2026-06-15_v2.xlsx,2026-06-02,43205-015-90,6,2026-06-07,8
corporate_clone_2026-06-15_v2,Product Info for BRG_2026-06-01__corporate_clone_2026-06-15_v2.xlsx,2026-06-02,43205-015-90,7,2026-06-08,7
corporate_clone_2026-06-15_v2,Product Info for BRG_2026-06-01__corporate_clone_2026-06-15_v2.xlsx,2026-06-02,43205-015-90,8,2026-06-09,4
corporate_clone_2026-06-15_v2,Product Info for BRG_2026-06-01__corporate_clone_2026-06-15_v2.xlsx,2026-06-02,43205-015-90,9,2026-06-10,4
corporate_clone_2026-06-15_v2,Product Info for BRG_2026-06-01__corporate_clone_2026-06-15_v2.xlsx,2026-06-02,43205-015-90,10,2026-06-11,4
corporate_clone_2026-06-15_v2,Product Info for BRG_2026-06-01__corporate_clone_2026-06-15_v2.xlsx,2026-06-02,43205-015-90,11,2026-06-12,4
corporate_clone_2026-06-15_v2,Product Info for BRG_2026-06-01__corporate_clone_2026-06-15_v2.xlsx,2026-06-02,43205-015-90,12,2026-06-13,9
corporate_clone_2026-06-15_v2,Product Info for BRG_2026-06-01__corporate_clone_2026-06-15_v2.xlsx,2026-06-02,43205-015-90,13,2026-06-14,9
corporate_clone_2026-06-15_v2,Product Info for BRG_2026-06-01__corporate_clone_2026-06-15_v2.xlsx,2026-06-02,43205-015-90,14,2026-06-15,10
corporate_clone_2026-06-15_v2,Product Info for BRG_2026-06-01__corporate_clone_2026-06-15_v2.xlsx,2026-06-02,43205-5HC-100,1,2026-06-02,27
corporate_clone_2026-06-15_v2,Product Info for BRG_2026-06-01__corporate_clone_2026-06-15_v2.xlsx,2026-06-02,43205-5HC-100,2,2026-06-03,28
corporate_clone_2026-06-15_v2,Product Info for BRG_2026-06-01__corporate_clone_2026-06-15_v2.xlsx,2026-06-02,43205-5HC-100,3,2026-06-04,26
corporate_clone_2026-06-15_v2,Product Info for BRG_2026-06-01__corporate_clone_2026-06-15_v2.xlsx,2026-06-02,43205-5HC-100,4,2026-06-05,26
corporate_clone_2026-06-15_v2,Product Info for BRG_2026-06-01__corporate_clone_2026-06-15_v2.xlsx,2026-06-02,43205-5HC-100,5,2026-06-06,40
corporate_clone_2026-06-15_v2,Product Info for BRG_2026-06-01__corporate_clone_2026-06-15_v2.xlsx,2026-06-02,43205-5HC-100,6,2026-06-07,40
corporate_clone_2026-06-15_v2,Product Info for BRG_2026-06-01__corporate_clone_2026-06-15_v2.xlsx,2026-06-02,43205-5HC-100,7,2026-06-08,36
corporate_clone_2026-06-15_v2,Product Info for BRG_2026-06-01__corporate_clone_2026-06-15_v2.xlsx,2026-06-02,43205-5HC-100,8,2026-06-09,22
corporate_clone_2026-06-15_v2,Product Info for BRG_2026-06-01__corporate_clone_2026-06-15_v2.xlsx,2026-06-02,43205-5HC-100,9,2026-06-10,21
corporate_clone_2026-06-15_v2,Product Info for BRG_2026-06-01__corporate_clone_2026-06-15_v2.xlsx,2026-06-02,43205-5HC-100,10,2026-06-11,20
corporate_clone_2026-06-15_v2,Product Info for BRG_2026-06-01__corporate_clone_2026-06-15_v2.xlsx,2026-06-02,43205-5HC-100,11,2026-06-12,18
corporate_clone_2026-06-15_v2,Product Info for BRG_2026-06-01__corporate_clone_2026-06-15_v2.xlsx,2026-06-02,43205-5HC-100,12,2026-06-13,44
corporate_clone_2026-06-15_v2,Product Info for BRG_2026-06-01__corporate_clone_2026-06-15_v2.xlsx,2026-06-02,43205-5HC-100,13,2026-06-14,44
corporate_clone_2026-06-15_v2,Product Info for BRG_2026-06-01__corporate_clone_2026-06-15_v2.xlsx,2026-06-02,43205-5HC-100,14,2026-06-15,48
corporate_clone_2026-06-15_v2,Product Info for BRG_2026-06-01__corporate_clone_2026-06-15_v2.xlsx,2026-06-02,43205-5HC-110,1,2026-06-02,34
corporate_clone_2026-06-15_v2,Product Info for BRG_2026-06-01__corporate_clone_2026-06-15_v2.xlsx,2026-06-02,43205-5HC-110,2,2026-06-03,35
corporate_clone_2026-06-15_v2,Product Info for BRG_2026-06-01__corporate_clone_2026-06-15_v2.xlsx,2026-06-02,43205-5HC-110,3,2026-06-04,33
corporate_clone_2026-06-15_v2,Product Info for BRG_2026-06-01__corporate_clone_2026-06-15_v2.xlsx,2026-06-02,43205-5HC-110,4,2026-06-05,33
corporate_clone_2026-06-15_v2,Product Info for BRG_2026-06-01__corporate_clone_2026-06-15_v2.xlsx,2026-06-02,43205-5HC-110,5,2026-06-06,51
corporate_clone_2026-06-15_v2,Product Info for BRG_2026-06-01__corporate_clone_2026-06-15_v2.xlsx,2026-06-02,43205-5HC-110,6,2026-06-07,51
corporate_clone_2026-06-15_v2,Product Info for BRG_2026-06-01__corporate_clone_2026-06-15_v2.xlsx,2026-06-02,43205-5HC-110,7,2026-06-08,46
corporate_clone_2026-06-15_v2,Product Info for BRG_2026-06-01__corporate_clone_2026-06-15_v2.xlsx,2026-06-02,43205-5HC-110,8,2026-06-09,28
corporate_clone_2026-06-15_v2,Product Info for BRG_2026-06-01__corporate_clone_2026-06-15_v2.xlsx,2026-06-02,43205-5HC-110,9,2026-06-10,27
corporate_clone_2026-06-15_v2,Product Info for BRG_2026-06-01__corporate_clone_2026-06-15_v2.xlsx,2026-06-02,43205-5HC-110,10,2026-06-11,25
corporate_clone_2026-06-15_v2,Product Info for BRG_2026-06-01__corporate_clone_2026-06-15_v2.xlsx,2026-06-02,43205-5HC-110,11,2026-06-12,22
corporate_clone_2026-06-15_v2,Product Info for BRG_2026-06-01__corporate_clone_2026-06-15_v2.xlsx,2026-06-02,43205-5HC-110,12,2026-06-13,55
corporate_clone_2026-06-15_v2,Product Info for BRG_2026-06-01__corporate_clone_2026-06-15_v2.xlsx,2026-06-02,43205-5HC-110,13,2026-06-14,55
corporate_clone_2026-06-15_v2,Product Info for BRG_2026-06-01__corporate_clone_2026-06-15_v2.xlsx,2026-06-02,43205-5HC-110,14,2026-06-15,60
corporate_clone_2026-06-15_v2,Product Info for BRG_2026-06-01__corporate_clone_2026-06-15_v2.xlsx,2026-06-02,43205-5HC-120,1,2026-06-02,39
corporate_clone_2026-06-15_v2,Product Info for BRG_2026-06-01__corporate_clone_2026-06-15_v2.xlsx,2026-06-02,43205-5HC-120,2,2026-06-03,40
corporate_clone_2026-06-15_v2,Product Info for BRG_2026-06-01__corporate_clone_2026-06-15_v2.xlsx,2026-06-02,43205-5HC-120,3,2026-06-04,38
corporate_clone_2026-06-15_v2,Product Info for BRG_2026-06-01__corporate_clone_2026-06-15_v2.xlsx,2026-06-02,43205-5HC-120,4,2026-06-05,38
corporate_clone_2026-06-15_v2,Product Info for BRG_2026-06-01__corporate_clone_2026-06-15_v2.xlsx,2026-06-02,43205-5HC-120,5,2026-06-06,58
corporate_clone_2026-06-15_v2,Product Info for BRG_2026-06-01__corporate_clone_2026-06-15_v2.xlsx,2026-06-02,43205-5HC-120,6,2026-06-07,58
corporate_clone_2026-06-15_v2,Product Info for BRG_2026-06-01__corporate_clone_2026-06-15_v2.xlsx,2026-06-02,43205-5HC-120,7,2026-06-08,52
corporate_clone_2026-06-15_v2,Product Info for BRG_2026-06-01__corporate_clone_2026-06-15_v2.xlsx,2026-06-02,43205-5HC-120,8,2026-06-09,32
corporate_clone_2026-06-15_v2,Product Info for BRG_2026-06-01__corporate_clone_2026-06-15_v2.xlsx,2026-06-02,43205-5HC-120,9,2026-06-10,31
corporate_clone_2026-06-15_v2,Product Info for BRG_2026-06-01__corporate_clone_2026-06-15_v2.xlsx,2026-06-02,43205-5HC-120,10,2026-06-11,29
corporate_clone_2026-06-15_v2,Product Info for BRG_2026-06-01__corporate_clone_2026-06-15_v2.xlsx,2026-06-02,43205-5HC-120,11,2026-06-12,25
corporate_clone_2026-06-15_v2,Product Info for BRG_2026-06-01__corporate_clone_2026-06-15_v2.xlsx,2026-06-02,43205-5HC-120,12,2026-06-13,63
corporate_clone_2026-06-15_v2,Product Info for BRG_2026-06-01__corporate_clone_2026-06-15_v2.xlsx,2026-06-02,43205-5HC-120,13,2026-06-14,63
corporate_clone_2026-06-15_v2,Product Info for BRG_2026-06-01__corporate_clone_2026-06-15_v2.xlsx,2026-06-02,43205-5HC-120,14,2026-06-15,69
corporate_clone_2026-06-15_v2,Product Info for BRG_2026-06-01__corporate_clone_2026-06-15_v2.xlsx,2026-06-02,43205-5HC-130,1,2026-06-02,22
corporate_clone_2026-06-15_v2,Product Info for BRG_2026-06-01__corporate_clone_2026-06-15_v2.xlsx,2026-06-02,43205-5HC-130,2,2026-06-03,23
corporate_clone_2026-06-15_v2,Product Info for BRG_2026-06-01__corporate_clone_2026-06-15_v2.xlsx,2026-06-02,43205-5HC-130,3,2026-06-04,22
corporate_clone_2026-06-15_v2,Product Info for BRG_2026-06-01__corporate_clone_2026-06-15_v2.xlsx,2026-06-02,43205-5HC-130,4,2026-06-05,22
corporate_clone_2026-06-15_v2,Product Info for BRG_2026-06-01__corporate_clone_2026-06-15_v2.xlsx,2026-06-02,43205-5HC-130,5,2026-06-06,33
corporate_clone_2026-06-15_v2,Product Info for BRG_2026-06-01__corporate_clone_2026-06-15_v2.xlsx,2026-06-02,43205-5HC-130,6,2026-06-07,33
corporate_clone_2026-06-15_v2,Product Info for BRG_2026-06-01__corporate_clone_2026-06-15_v2.xlsx,2026-06-02,43205-5HC-130,7,2026-06-08,30
corporate_clone_2026-06-15_v2,Product Info for BRG_2026-06-01__corporate_clone_2026-06-15_v2.xlsx,2026-06-02,43205-5HC-130,8,2026-06-09,18
corporate_clone_2026-06-15_v2,Product Info for BRG_2026-06-01__corporate_clone_2026-06-15_v2.xlsx,2026-06-02,43205-5HC-130,9,2026-06-10,18
corporate_clone_2026-06-15_v2,Product Info for BRG_2026-06-01__corporate_clone_2026-06-15_v2.xlsx,2026-06-02,43205-5HC-130,10,2026-06-11,17
corporate_clone_2026-06-15_v2,Product Info for BRG_2026-06-01__corporate_clone_2026-06-15_v2.xlsx,2026-06-02,43205-5HC-130,11,2026-06-12,14
corporate_clone_2026-06-15_v2,Product Info for BRG_2026-06-01__corporate_clone_2026-06-15_v2.xlsx,2026-06-02,43205-5HC-130,12,2026-06-13,36
corporate_clone_2026-06-15_v2,Product Info for BRG_2026-06-01__corporate_clone_2026-06-15_v2.xlsx,2026-06-02,43205-5HC-130,13,2026-06-14,36
corporate_clone_2026-06-15_v2,Product Info for BRG_2026-06-01__corporate_clone_2026-06-15_v2.xlsx,2026-06-02,43205-5HC-130,14,2026-06-15,39
corporate_clone_2026-06-15_v2,Product Info for BRG_2026-06-01__corporate_clone_2026-06-15_v2.xlsx,2026-06-02,43205-5HC-140,1,2026-06-02,12
corporate_clone_2026-06-15_v2,Product Info for BRG_2026-06-01__corporate_clone_2026-06-15_v2.xlsx,2026-06-02,43205-5HC-140,2,2026-06-03,12
corporate_clone_2026-06-15_v2,Product Info for BRG_2026-06-01__corporate_clone_2026-06-15_v2.xlsx,2026-06-02,43205-5HC-140,3,2026-06-04,11
corporate_clone_2026-06-15_v2,Product Info for BRG_2026-06-01__corporate_clone_2026-06-15_v2.xlsx,2026-06-02,43205-5HC-140,4,2026-06-05,11
corporate_clone_2026-06-15_v2,Product Info for BRG_2026-06-01__corporate_clone_2026-06-15_v2.xlsx,2026-06-02,43205-5HC-140,5,2026-06-06,17
corporate_clone_2026-06-15_v2,Product Info for BRG_2026-06-01__corporate_clone_2026-06-15_v2.xlsx,2026-06-02,43205-5HC-140,6,2026-06-07,17
corporate_clone_2026-06-15_v2,Product Info for BRG_2026-06-01__corporate_clone_2026-06-15_v2.xlsx,2026-06-02,43205-5HC-140,7,2026-06-08,16
corporate_clone_2026-06-15_v2,Product Info for BRG_2026-06-01__corporate_clone_2026-06-15_v2.xlsx,2026-06-02,43205-5HC-140,8,2026-06-09,10
corporate_clone_2026-06-15_v2,Product Info for BRG_2026-06-01__corporate_clone_2026-06-15_v2.xlsx,2026-06-02,43205-5HC-140,9,2026-06-10,9
corporate_clone_2026-06-15_v2,Product Info for BRG_2026-06-01__corporate_clone_2026-06-15_v2.xlsx,2026-06-02,43205-5HC-140,10,2026-06-11,9
corporate_clone_2026-06-15_v2,Product Info for BRG_2026-06-01__corporate_clone_2026-06-15_v2.xlsx,2026-06-02,43205-5HC-140,11,2026-06-12,8
corporate_clone_2026-06-15_v2,Product Info for BRG_2026-06-01__corporate_clone_2026-06-15_v2.xlsx,2026-06-02,43205-5HC-140,12,2026-06-13,19
corporate_clone_2026-06-15_v2,Product Info for BRG_2026-06-01__corporate_clone_2026-06-15_v2.xlsx,2026-06-02,43205-5HC-140,13,2026-06-14,19
corporate_clone_2026-06-15_v2,Product Info for BRG_2026-06-01__corporate_clone_2026-06-15_v2.xlsx,2026-06-02,43205-5HC-140,14,2026-06-15,20
corporate_clone_2026-06-15_v2,Product Info for BRG_2026-06-01__corporate_clone_2026-06-15_v2.xlsx,2026-06-02,43205-5HC-150,1,2026-06-02,6
corporate_clone_2026-06-15_v2,Product Info for BRG_2026-06-01__corporate_clone_2026-06-15_v2.xlsx,2026-06-02,43205-5HC-150,2,2026-06-03,7
corporate_clone_2026-06-15_v2,Product Info for BRG_2026-06-01__corporate_clone_2026-06-15_v2.xlsx,2026-06-02,43205-5HC-150,3,2026-06-04,6
corporate_clone_2026-06-15_v2,Product Info for BRG_2026-06-01__corporate_clone_2026-06-15_v2.xlsx,2026-06-02,43205-5HC-150,4,2026-06-05,6
corporate_clone_2026-06-15_v2,Product Info for BRG_2026-06-01__corporate_clone_2026-06-15_v2.xlsx,2026-06-02,43205-5HC-150,5,2026-06-06,10
corporate_clone_2026-06-15_v2,Product Info for BRG_2026-06-01__corporate_clone_2026-06-15_v2.xlsx,2026-06-02,43205-5HC-150,6,2026-06-07,10
corporate_clone_2026-06-15_v2,Product Info for BRG_2026-06-01__corporate_clone_2026-06-15_v2.xlsx,2026-06-02,43205-5HC-150,7,2026-06-08,9
corporate_clone_2026-06-15_v2,Product Info for BRG_2026-06-01__corporate_clone_2026-06-15_v2.xlsx,2026-06-02,43205-5HC-150,8,2026-06-09,5
corporate_clone_2026-06-15_v2,Product Info for BRG_2026-06-01__corporate_clone_2026-06-15_v2.xlsx,2026-06-02,43205-5HC-150,9,2026-06-10,5
corporate_clone_2026-06-15_v2,Product Info for BRG_2026-06-01__corporate_clone_2026-06-15_v2.xlsx,2026-06-02,43205-5HC-150,10,2026-06-11,5
corporate_clone_2026-06-15_v2,Product Info for BRG_2026-06-01__corporate_clone_2026-06-15_v2.xlsx,2026-06-02,43205-5HC-150,11,2026-06-12,4
corporate_clone_2026-06-15_v2,Product Info for BRG_2026-06-01__corporate_clone_2026-06-15_v2.xlsx,2026-06-02,43205-5HC-150,12,2026-06-13,10
corporate_clone_2026-06-15_v2,Product Info for BRG_2026-06-01__corporate_clone_2026-06-15_v2.xlsx,2026-06-02,43205-5HC-150,13,2026-06-14,10
corporate_clone_2026-06-15_v2,Product Info for BRG_2026-06-01__corporate_clone_2026-06-15_v2.xlsx,2026-06-02,43205-5HC-150,14,2026-06-15,11
corporate_clone_2026-06-15_v2,Product Info for BRG_2026-06-01__corporate_clone_2026-06-15_v2.xlsx,2026-06-02,43205-5HC-85,1,2026-06-02,10
corporate_clone_2026-06-15_v2,Product Info for BRG_2026-06-01__corporate_clone_2026-06-15_v2.xlsx,2026-06-02,43205-5HC-85,2,2026-06-03,11
corporate_clone_2026-06-15_v2,Product Info for BRG_2026-06-01__corporate_clone_2026-06-15_v2.xlsx,2026-06-02,43205-5HC-85,3,2026-06-04,10
corporate_clone_2026-06-15_v2,Product Info for BRG_2026-06-01__corporate_clone_2026-06-15_v2.xlsx,2026-06-02,43205-5HC-85,4,2026-06-05,10
corporate_clone_2026-06-15_v2,Product Info for BRG_2026-06-01__corporate_clone_2026-06-15_v2.xlsx,2026-06-02,43205-5HC-85,5,2026-06-06,15
corporate_clone_2026-06-15_v2,Product Info for BRG_2026-06-01__corporate_clone_2026-06-15_v2.xlsx,2026-06-02,43205-5HC-85,6,2026-06-07,15
corporate_clone_2026-06-15_v2,Product Info for BRG_2026-06-01__corporate_clone_2026-06-15_v2.xlsx,2026-06-02,43205-5HC-85,7,2026-06-08,14
corporate_clone_2026-06-15_v2,Product Info for BRG_2026-06-01__corporate_clone_2026-06-15_v2.xlsx,2026-06-02,43205-5HC-85,8,2026-06-09,9
corporate_clone_2026-06-15_v2,Product Info for BRG_2026-06-01__corporate_clone_2026-06-15_v2.xlsx,2026-06-02,43205-5HC-85,9,2026-06-10,8
corporate_clone_2026-06-15_v2,Product Info for BRG_2026-06-01__corporate_clone_2026-06-15_v2.xlsx,2026-06-02,43205-5HC-85,10,2026-06-11,8
corporate_clone_2026-06-15_v2,Product Info for BRG_2026-06-01__corporate_clone_2026-06-15_v2.xlsx,2026-06-02,43205-5HC-85,11,2026-06-12,7
corporate_clone_2026-06-15_v2,Product Info for BRG_2026-06-01__corporate_clone_2026-06-15_v2.xlsx,2026-06-02,43205-5HC-85,12,2026-06-13,17
corporate_clone_2026-06-15_v2,Product Info for BRG_2026-06-01__corporate_clone_2026-06-15_v2.xlsx,2026-06-02,43205-5HC-85,13,2026-06-14,17
corporate_clone_2026-06-15_v2,Product Info for BRG_2026-06-01__corporate_clone_2026-06-15_v2.xlsx,2026-06-02,43205-5HC-85,14,2026-06-15,18
corporate_clone_2026-06-15_v2,Product Info for BRG_2026-06-01__corporate_clone_2026-06-15_v2.xlsx,2026-06-02,43205-5HC-90,1,2026-06-02,19
corporate_clone_2026-06-15_v2,Product Info for BRG_2026-06-01__corporate_clone_2026-06-15_v2.xlsx,2026-06-02,43205-5HC-90,2,2026-06-03,20
corporate_clone_2026-06-15_v2,Product Info for BRG_2026-06-01__corporate_clone_2026-06-15_v2.xlsx,2026-06-02,43205-5HC-90,3,2026-06-04,19
corporate_clone_2026-06-15_v2,Product Info for BRG_2026-06-01__corporate_clone_2026-06-15_v2.xlsx,2026-06-02,43205-5HC-90,4,2026-06-05,19
corporate_clone_2026-06-15_v2,Product Info for BRG_2026-06-01__corporate_clone_2026-06-15_v2.xlsx,2026-06-02,43205-5HC-90,5,2026-06-06,29
corporate_clone_2026-06-15_v2,Product Info for BRG_2026-06-01__corporate_clone_2026-06-15_v2.xlsx,2026-06-02,43205-5HC-90,6,2026-06-07,29
corporate_clone_2026-06-15_v2,Product Info for BRG_2026-06-01__corporate_clone_2026-06-15_v2.xlsx,2026-06-02,43205-5HC-90,7,2026-06-08,26
corporate_clone_2026-06-15_v2,Product Info for BRG_2026-06-01__corporate_clone_2026-06-15_v2.xlsx,2026-06-02,43205-5HC-90,8,2026-06-09,16
corporate_clone_2026-06-15_v2,Product Info for BRG_2026-06-01__corporate_clone_2026-06-15_v2.xlsx,2026-06-02,43205-5HC-90,9,2026-06-10,16
corporate_clone_2026-06-15_v2,Product Info for BRG_2026-06-01__corporate_clone_2026-06-15_v2.xlsx,2026-06-02,43205-5HC-90,10,2026-06-11,15
corporate_clone_2026-06-15_v2,Product Info for BRG_2026-06-01__corporate_clone_2026-06-15_v2.xlsx,2026-06-02,43205-5HC-90,11,2026-06-12,13
corporate_clone_2026-06-15_v2,Product Info for BRG_2026-06-01__corporate_clone_2026-06-15_v2.xlsx,2026-06-02,43205-5HC-90,12,2026-06-13,32
corporate_clone_2026-06-15_v2,Product Info for BRG_2026-06-01__corporate_clone_2026-06-15_v2.xlsx,2026-06-02,43205-5HC-90,13,2026-06-14,32
corporate_clone_2026-06-15_v2,Product Info for BRG_2026-06-01__corporate_clone_2026-06-15_v2.xlsx,2026-06-02,43205-5HC-90,14,2026-06-15,35
corporate_clone_2026-06-15_v2,Product Info for BRG_2026-06-01__corporate_clone_2026-06-15_v2.xlsx,2026-06-02,43205-5HV-110,1,2026-06-02,9
corporate_clone_2026-06-15_v2,Product Info for BRG_2026-06-01__corporate_clone_2026-06-15_v2.xlsx,2026-06-02,43205-5HV-110,2,2026-06-03,9
corporate_clone_2026-06-15_v2,Product Info for BRG_2026-06-01__corporate_clone_2026-06-15_v2.xlsx,2026-06-02,43205-5HV-110,3,2026-06-04,9
corporate_clone_2026-06-15_v2,Product Info for BRG_2026-06-01__corporate_clone_2026-06-15_v2.xlsx,2026-06-02,43205-5HV-110,4,2026-06-05,9
corporate_clone_2026-06-15_v2,Product Info for BRG_2026-06-01__corporate_clone_2026-06-15_v2.xlsx,2026-06-02,43205-5HV-110,5,2026-06-06,14
corporate_clone_2026-06-15_v2,Product Info for BRG_2026-06-01__corporate_clone_2026-06-15_v2.xlsx,2026-06-02,43205-5HV-110,6,2026-06-07,14
corporate_clone_2026-06-15_v2,Product Info for BRG_2026-06-01__corporate_clone_2026-06-15_v2.xlsx,2026-06-02,43205-5HV-110,7,2026-06-08,12
corporate_clone_2026-06-15_v2,Product Info for BRG_2026-06-01__corporate_clone_2026-06-15_v2.xlsx,2026-06-02,43205-5HV-110,8,2026-06-09,8
corporate_clone_2026-06-15_v2,Product Info for BRG_2026-06-01__corporate_clone_2026-06-15_v2.xlsx,2026-06-02,43205-5HV-110,9,2026-06-10,7
corporate_clone_2026-06-15_v2,Product Info for BRG_2026-06-01__corporate_clone_2026-06-15_v2.xlsx,2026-06-02,43205-5HV-110,10,2026-06-11,7
corporate_clone_2026-06-15_v2,Product Info for BRG_2026-06-01__corporate_clone_2026-06-15_v2.xlsx,2026-06-02,43205-5HV-110,11,2026-06-12,6
corporate_clone_2026-06-15_v2,Product Info for BRG_2026-06-01__corporate_clone_2026-06-15_v2.xlsx,2026-06-02,43205-5HV-110,12,2026-06-13,15
corporate_clone_2026-06-15_v2,Product Info for BRG_2026-06-01__corporate_clone_2026-06-15_v2.xlsx,2026-06-02,43205-5HV-110,13,2026-06-14,15
corporate_clone_2026-06-15_v2,Product Info for BRG_2026-06-01__corporate_clone_2026-06-15_v2.xlsx,2026-06-02,43205-5HV-110,14,2026-06-15,16
corporate_clone_2026-06-15_v2,Product Info for BRG_2026-06-01__corporate_clone_2026-06-15_v2.xlsx,2026-06-02,43205-5HV-120,1,2026-06-02,10
corporate_clone_2026-06-15_v2,Product Info for BRG_2026-06-01__corporate_clone_2026-06-15_v2.xlsx,2026-06-02,43205-5HV-120,2,2026-06-03,10
corporate_clone_2026-06-15_v2,Product Info for BRG_2026-06-01__corporate_clone_2026-06-15_v2.xlsx,2026-06-02,43205-5HV-120,3,2026-06-04,10
corporate_clone_2026-06-15_v2,Product Info for BRG_2026-06-01__corporate_clone_2026-06-15_v2.xlsx,2026-06-02,43205-5HV-120,4,2026-06-05,10
corporate_clone_2026-06-15_v2,Product Info for BRG_2026-06-01__corporate_clone_2026-06-15_v2.xlsx,2026-06-02,43205-5HV-120,5,2026-06-06,15
corporate_clone_2026-06-15_v2,Product Info for BRG_2026-06-01__corporate_clone_2026-06-15_v2.xlsx,2026-06-02,43205-5HV-120,6,2026-06-07,15
corporate_clone_2026-06-15_v2,Product Info for BRG_2026-06-01__corporate_clone_2026-06-15_v2.xlsx,2026-06-02,43205-5HV-120,7,2026-06-08,13
corporate_clone_2026-06-15_v2,Product Info for BRG_2026-06-01__corporate_clone_2026-06-15_v2.xlsx,2026-06-02,43205-5HV-120,8,2026-06-09,8
corporate_clone_2026-06-15_v2,Product Info for BRG_2026-06-01__corporate_clone_2026-06-15_v2.xlsx,2026-06-02,43205-5HV-120,9,2026-06-10,8
corporate_clone_2026-06-15_v2,Product Info for BRG_2026-06-01__corporate_clone_2026-06-15_v2.xlsx,2026-06-02,43205-5HV-120,10,2026-06-11,7
corporate_clone_2026-06-15_v2,Product Info for BRG_2026-06-01__corporate_clone_2026-06-15_v2.xlsx,2026-06-02,43205-5HV-120,11,2026-06-12,6
corporate_clone_2026-06-15_v2,Product Info for BRG_2026-06-01__corporate_clone_2026-06-15_v2.xlsx,2026-06-02,43205-5HV-120,12,2026-06-13,16
corporate_clone_2026-06-15_v2,Product Info for BRG_2026-06-01__corporate_clone_2026-06-15_v2.xlsx,2026-06-02,43205-5HV-120,13,2026-06-14,16
corporate_clone_2026-06-15_v2,Product Info for BRG_2026-06-01__corporate_clone_2026-06-15_v2.xlsx,2026-06-02,43205-5HV-120,14,2026-06-15,17
corporate_clone_2026-06-15_v2,Product Info for BRG_2026-06-01__corporate_clone_2026-06-15_v2.xlsx,2026-06-02,43205-5HV-130,1,2026-06-02,7
corporate_clone_2026-06-15_v2,Product Info for BRG_2026-06-01__corporate_clone_2026-06-15_v2.xlsx,2026-06-02,43205-5HV-130,2,2026-06-03,7
corporate_clone_2026-06-15_v2,Product Info for BRG_2026-06-01__corporate_clone_2026-06-15_v2.xlsx,2026-06-02,43205-5HV-130,3,2026-06-04,7
corporate_clone_2026-06-15_v2,Product Info for BRG_2026-06-01__corporate_clone_2026-06-15_v2.xlsx,2026-06-02,43205-5HV-130,4,2026-06-05,7
corporate_clone_2026-06-15_v2,Product Info for BRG_2026-06-01__corporate_clone_2026-06-15_v2.xlsx,2026-06-02,43205-5HV-130,5,2026-06-06,10
corporate_clone_2026-06-15_v2,Product Info for BRG_2026-06-01__corporate_clone_2026-06-15_v2.xlsx,2026-06-02,43205-5HV-130,6,2026-06-07,10
corporate_clone_2026-06-15_v2,Product Info for BRG_2026-06-01__corporate_clone_2026-06-15_v2.xlsx,2026-06-02,43205-5HV-130,7,2026-06-08,9
corporate_clone_2026-06-15_v2,Product Info for BRG_2026-06-01__corporate_clone_2026-06-15_v2.xlsx,2026-06-02,43205-5HV-130,8,2026-06-09,6
corporate_clone_2026-06-15_v2,Product Info for BRG_2026-06-01__corporate_clone_2026-06-15_v2.xlsx,2026-06-02,43205-5HV-130,9,2026-06-10,5
corporate_clone_2026-06-15_v2,Product Info for BRG_2026-06-01__corporate_clone_2026-06-15_v2.xlsx,2026-06-02,43205-5HV-130,10,2026-06-11,5
corporate_clone_2026-06-15_v2,Product Info for BRG_2026-06-01__corporate_clone_2026-06-15_v2.xlsx,2026-06-02,43205-5HV-130,11,2026-06-12,4
corporate_clone_2026-06-15_v2,Product Info for BRG_2026-06-01__corporate_clone_2026-06-15_v2.xlsx,2026-06-02,43205-5HV-130,12,2026-06-13,11
corporate_clone_2026-06-15_v2,Product Info for BRG_2026-06-01__corporate_clone_2026-06-15_v2.xlsx,2026-06-02,43205-5HV-130,13,2026-06-14,11
corporate_clone_2026-06-15_v2,Product Info for BRG_2026-06-01__corporate_clone_2026-06-15_v2.xlsx,2026-06-02,43205-5HV-130,14,2026-06-15,12
corporate_clone_2026-06-15_v2,Product Info for BRG_2026-06-01__corporate_clone_2026-06-15_v2.xlsx,2026-06-02,43205-5HV-140,1,2026-06-02,4
corporate_clone_2026-06-15_v2,Product Info for BRG_2026-06-01__corporate_clone_2026-06-15_v2.xlsx,2026-06-02,43205-5HV-140,2,2026-06-03,4
corporate_clone_2026-06-15_v2,Product Info for BRG_2026-06-01__corporate_clone_2026-06-15_v2.xlsx,2026-06-02,43205-5HV-140,3,2026-06-04,4
corporate_clone_2026-06-15_v2,Product Info for BRG_2026-06-01__corporate_clone_2026-06-15_v2.xlsx,2026-06-02,43205-5HV-140,4,2026-06-05,4
corporate_clone_2026-06-15_v2,Product Info for BRG_2026-06-01__corporate_clone_2026-06-15_v2.xlsx,2026-06-02,43205-5HV-140,5,2026-06-06,6
corporate_clone_2026-06-15_v2,Product Info for BRG_2026-06-01__corporate_clone_2026-06-15_v2.xlsx,2026-06-02,43205-5HV-140,6,2026-06-07,6
corporate_clone_2026-06-15_v2,Product Info for BRG_2026-06-01__corporate_clone_2026-06-15_v2.xlsx,2026-06-02,43205-5HV-140,7,2026-06-08,5
corporate_clone_2026-06-15_v2,Product Info for BRG_2026-06-01__corporate_clone_2026-06-15_v2.xlsx,2026-06-02,43205-5HV-140,8,2026-06-09,3
corporate_clone_2026-06-15_v2,Product Info for BRG_2026-06-01__corporate_clone_2026-06-15_v2.xlsx,2026-06-02,43205-5HV-140,9,2026-06-10,3
corporate_clone_2026-06-15_v2,Product Info for BRG_2026-06-01__corporate_clone_2026-06-15_v2.xlsx,2026-06-02,43205-5HV-140,10,2026-06-11,3
corporate_clone_2026-06-15_v2,Product Info for BRG_2026-06-01__corporate_clone_2026-06-15_v2.xlsx,2026-06-02,43205-5HV-140,11,2026-06-12,3
corporate_clone_2026-06-15_v2,Product Info for BRG_2026-06-01__corporate_clone_2026-06-15_v2.xlsx,2026-06-02,43205-5HV-140,12,2026-06-13,6
corporate_clone_2026-06-15_v2,Product Info for BRG_2026-06-01__corporate_clone_2026-06-15_v2.xlsx,2026-06-02,43205-5HV-140,13,2026-06-14,6
corporate_clone_2026-06-15_v2,Product Info for BRG_2026-06-01__corporate_clone_2026-06-15_v2.xlsx,2026-06-02,43205-5HV-140,14,2026-06-15,7
corporate_clone_2026-06-15_v2,Product Info for BRG_2026-06-01__corporate_clone_2026-06-15_v2.xlsx,2026-06-02,43205-5HV-150,1,2026-06-02,3
corporate_clone_2026-06-15_v2,Product Info for BRG_2026-06-01__corporate_clone_2026-06-15_v2.xlsx,2026-06-02,43205-5HV-150,2,2026-06-03,3
corporate_clone_2026-06-15_v2,Product Info for BRG_2026-06-01__corporate_clone_2026-06-15_v2.xlsx,2026-06-02,43205-5HV-150,3,2026-06-04,3
corporate_clone_2026-06-15_v2,Product Info for BRG_2026-06-01__corporate_clone_2026-06-15_v2.xlsx,2026-06-02,43205-5HV-150,4,2026-06-05,3
corporate_clone_2026-06-15_v2,Product Info for BRG_2026-06-01__corporate_clone_2026-06-15_v2.xlsx,2026-06-02,43205-5HV-150,5,2026-06-06,4
corporate_clone_2026-06-15_v2,Product Info for BRG_2026-06-01__corporate_clone_2026-06-15_v2.xlsx,2026-06-02,43205-5HV-150,6,2026-06-07,4
corporate_clone_2026-06-15_v2,Product Info for BRG_2026-06-01__corporate_clone_2026-06-15_v2.xlsx,2026-06-02,43205-5HV-150,7,2026-06-08,3
corporate_clone_2026-06-15_v2,Product Info for BRG_2026-06-01__corporate_clone_2026-06-15_v2.xlsx,2026-06-02,43205-5HV-150,8,2026-06-09,2
corporate_clone_2026-06-15_v2,Product Info for BRG_2026-06-01__corporate_clone_2026-06-15_v2.xlsx,2026-06-02,43205-5HV-150,9,2026-06-10,2
corporate_clone_2026-06-15_v2,Product Info for BRG_2026-06-01__corporate_clone_2026-06-15_v2.xlsx,2026-06-02,43205-5HV-150,10,2026-06-11,2
corporate_clone_2026-06-15_v2,Product Info for BRG_2026-06-01__corporate_clone_2026-06-15_v2.xlsx,2026-06-02,43205-5HV-150,11,2026-06-12,2
corporate_clone_2026-06-15_v2,Product Info for BRG_2026-06-01__corporate_clone_2026-06-15_v2.xlsx,2026-06-02,43205-5HV-150,12,2026-06-13,4
corporate_clone_2026-06-15_v2,Product Info for BRG_2026-06-01__corporate_clone_2026-06-15_v2.xlsx,2026-06-02,43205-5HV-150,13,2026-06-14,4
corporate_clone_2026-06-15_v2,Product Info for BRG_2026-06-01__corporate_clone_2026-06-15_v2.xlsx,2026-06-02,43205-5HV-150,14,2026-06-15,5
corporate_clone_2026-06-15_v2,Product Info for BRG_2026-06-01__corporate_clone_2026-06-15_v2.xlsx,2026-06-02,43205-GK3-100,1,2026-06-02,15
corporate_clone_2026-06-15_v2,Product Info for BRG_2026-06-01__corporate_clone_2026-06-15_v2.xlsx,2026-06-02,43205-GK3-100,2,2026-06-03,16
corporate_clone_2026-06-15_v2,Product Info for BRG_2026-06-01__corporate_clone_2026-06-15_v2.xlsx,2026-06-02,43205-GK3-100,3,2026-06-04,15
corporate_clone_2026-06-15_v2,Product Info for BRG_2026-06-01__corporate_clone_2026-06-15_v2.xlsx,2026-06-02,43205-GK3-100,4,2026-06-05,15
corporate_clone_2026-06-15_v2,Product Info for BRG_2026-06-01__corporate_clone_2026-06-15_v2.xlsx,2026-06-02,43205-GK3-100,5,2026-06-06,23
corporate_clone_2026-06-15_v2,Product Info for BRG_2026-06-01__corporate_clone_2026-06-15_v2.xlsx,2026-06-02,43205-GK3-100,6,2026-06-07,23
corporate_clone_2026-06-15_v2,Product Info for BRG_2026-06-01__corporate_clone_2026-06-15_v2.xlsx,2026-06-02,43205-GK3-100,7,2026-06-08,21
corporate_clone_2026-06-15_v2,Product Info for BRG_2026-06-01__corporate_clone_2026-06-15_v2.xlsx,2026-06-02,43205-GK3-100,8,2026-06-09,13
corporate_clone_2026-06-15_v2,Product Info for BRG_2026-06-01__corporate_clone_2026-06-15_v2.xlsx,2026-06-02,43205-GK3-100,9,2026-06-10,12
corporate_clone_2026-06-15_v2,Product Info for BRG_2026-06-01__corporate_clone_2026-06-15_v2.xlsx,2026-06-02,43205-GK3-100,10,2026-06-11,12
corporate_clone_2026-06-15_v2,Product Info for BRG_2026-06-01__corporate_clone_2026-06-15_v2.xlsx,2026-06-02,43205-GK3-100,11,2026-06-12,10
corporate_clone_2026-06-15_v2,Product Info for BRG_2026-06-01__corporate_clone_2026-06-15_v2.xlsx,2026-06-02,43205-GK3-100,12,2026-06-13,25
corporate_clone_2026-06-15_v2,Product Info for BRG_2026-06-01__corporate_clone_2026-06-15_v2.xlsx,2026-06-02,43205-GK3-100,13,2026-06-14,25
corporate_clone_2026-06-15_v2,Product Info for BRG_2026-06-01__corporate_clone_2026-06-15_v2.xlsx,2026-06-02,43205-GK3-100,14,2026-06-15,27
corporate_clone_2026-06-15_v2,Product Info for BRG_2026-06-01__corporate_clone_2026-06-15_v2.xlsx,2026-06-02,43205-GK3-110,1,2026-06-02,19
corporate_clone_2026-06-15_v2,Product Info for BRG_2026-06-01__corporate_clone_2026-06-15_v2.xlsx,2026-06-02,43205-GK3-110,2,2026-06-03,20
corporate_clone_2026-06-15_v2,Product Info for BRG_2026-06-01__corporate_clone_2026-06-15_v2.xlsx,2026-06-02,43205-GK3-110,3,2026-06-04,19
corporate_clone_2026-06-15_v2,Product Info for BRG_2026-06-01__corporate_clone_2026-06-15_v2.xlsx,2026-06-02,43205-GK3-110,4,2026-06-05,19
corporate_clone_2026-06-15_v2,Product Info for BRG_2026-06-01__corporate_clone_2026-06-15_v2.xlsx,2026-06-02,43205-GK3-110,5,2026-06-06,29
corporate_clone_2026-06-15_v2,Product Info for BRG_2026-06-01__corporate_clone_2026-06-15_v2.xlsx,2026-06-02,43205-GK3-110,6,2026-06-07,29
corporate_clone_2026-06-15_v2,Product Info for BRG_2026-06-01__corporate_clone_2026-06-15_v2.xlsx,2026-06-02,43205-GK3-110,7,2026-06-08,26
corporate_clone_2026-06-15_v2,Product Info for BRG_2026-06-01__corporate_clone_2026-06-15_v2.xlsx,2026-06-02,43205-GK3-110,8,2026-06-09,16
corporate_clone_2026-06-15_v2,Product Info for BRG_2026-06-01__corporate_clone_2026-06-15_v2.xlsx,2026-06-02,43205-GK3-110,9,2026-06-10,16
corporate_clone_2026-06-15_v2,Product Info for BRG_2026-06-01__corporate_clone_2026-06-15_v2.xlsx,2026-06-02,43205-GK3-110,10,2026-06-11,15
corporate_clone_2026-06-15_v2,Product Info for BRG_2026-06-01__corporate_clone_2026-06-15_v2.xlsx,2026-06-02,43205-GK3-110,11,2026-06-12,13
corporate_clone_2026-06-15_v2,Product Info for BRG_2026-06-01__corporate_clone_2026-06-15_v2.xlsx,2026-06-02,43205-GK3-110,12,2026-06-13,32
corporate_clone_2026-06-15_v2,Product Info for BRG_2026-06-01__corporate_clone_2026-06-15_v2.xlsx,2026-06-02,43205-GK3-110,13,2026-06-14,32
corporate_clone_2026-06-15_v2,Product Info for BRG_2026-06-01__corporate_clone_2026-06-15_v2.xlsx,2026-06-02,43205-GK3-110,14,2026-06-15,35
corporate_clone_2026-06-15_v2,Product Info for BRG_2026-06-01__corporate_clone_2026-06-15_v2.xlsx,2026-06-02,43205-GK3-120,1,2026-06-02,25
corporate_clone_2026-06-15_v2,Product Info for BRG_2026-06-01__corporate_clone_2026-06-15_v2.xlsx,2026-06-02,43205-GK3-120,2,2026-06-03,26
corporate_clone_2026-06-15_v2,Product Info for BRG_2026-06-01__corporate_clone_2026-06-15_v2.xlsx,2026-06-02,43205-GK3-120,3,2026-06-04,25
corporate_clone_2026-06-15_v2,Product Info for BRG_2026-06-01__corporate_clone_2026-06-15_v2.xlsx,2026-06-02,43205-GK3-120,4,2026-06-05,25
corporate_clone_2026-06-15_v2,Product Info for BRG_2026-06-01__corporate_clone_2026-06-15_v2.xlsx,2026-06-02,43205-GK3-120,5,2026-06-06,38
corporate_clone_2026-06-15_v2,Product Info for BRG_2026-06-01__corporate_clone_2026-06-15_v2.xlsx,2026-06-02,43205-GK3-120,6,2026-06-07,38
corporate_clone_2026-06-15_v2,Product Info for BRG_2026-06-01__corporate_clone_2026-06-15_v2.xlsx,2026-06-02,43205-GK3-120,7,2026-06-08,34
corporate_clone_2026-06-15_v2,Product Info for BRG_2026-06-01__corporate_clone_2026-06-15_v2.xlsx,2026-06-02,43205-GK3-120,8,2026-06-09,21
corporate_clone_2026-06-15_v2,Product Info for BRG_2026-06-01__corporate_clone_2026-06-15_v2.xlsx,2026-06-02,43205-GK3-120,9,2026-06-10,20
corporate_clone_2026-06-15_v2,Product Info for BRG_2026-06-01__corporate_clone_2026-06-15_v2.xlsx,2026-06-02,43205-GK3-120,10,2026-06-11,19
corporate_clone_2026-06-15_v2,Product Info for BRG_2026-06-01__corporate_clone_2026-06-15_v2.xlsx,2026-06-02,43205-GK3-120,11,2026-06-12,17
corporate_clone_2026-06-15_v2,Product Info for BRG_2026-06-01__corporate_clone_2026-06-15_v2.xlsx,2026-06-02,43205-GK3-120,12,2026-06-13,41
corporate_clone_2026-06-15_v2,Product Info for BRG_2026-06-01__corporate_clone_2026-06-15_v2.xlsx,2026-06-02,43205-GK3-120,13,2026-06-14,41
corporate_clone_2026-06-15_v2,Product Info for BRG_2026-06-01__corporate_clone_2026-06-15_v2.xlsx,2026-06-02,43205-GK3-120,14,2026-06-15,45
corporate_clone_2026-06-15_v2,Product Info for BRG_2026-06-01__corporate_clone_2026-06-15_v2.xlsx,2026-06-02,43205-GK3-130,1,2026-06-02,19
corporate_clone_2026-06-15_v2,Product Info for BRG_2026-06-01__corporate_clone_2026-06-15_v2.xlsx,2026-06-02,43205-GK3-130,2,2026-06-03,20
corporate_clone_2026-06-15_v2,Product Info for BRG_2026-06-01__corporate_clone_2026-06-15_v2.xlsx,2026-06-02,43205-GK3-130,3,2026-06-04,19
corporate_clone_2026-06-15_v2,Product Info for BRG_2026-06-01__corporate_clone_2026-06-15_v2.xlsx,2026-06-02,43205-GK3-130,4,2026-06-05,19
corporate_clone_2026-06-15_v2,Product Info for BRG_2026-06-01__corporate_clone_2026-06-15_v2.xlsx,2026-06-02,43205-GK3-130,5,2026-06-06,29
corporate_clone_2026-06-15_v2,Product Info for BRG_2026-06-01__corporate_clone_2026-06-15_v2.xlsx,2026-06-02,43205-GK3-130,6,2026-06-07,29
corporate_clone_2026-06-15_v2,Product Info for BRG_2026-06-01__corporate_clone_2026-06-15_v2.xlsx,2026-06-02,43205-GK3-130,7,2026-06-08,26
corporate_clone_2026-06-15_v2,Product Info for BRG_2026-06-01__corporate_clone_2026-06-15_v2.xlsx,2026-06-02,43205-GK3-130,8,2026-06-09,16
corporate_clone_2026-06-15_v2,Product Info for BRG_2026-06-01__corporate_clone_2026-06-15_v2.xlsx,2026-06-02,43205-GK3-130,9,2026-06-10,16
corporate_clone_2026-06-15_v2,Product Info for BRG_2026-06-01__corporate_clone_2026-06-15_v2.xlsx,2026-06-02,43205-GK3-130,10,2026-06-11,15
corporate_clone_2026-06-15_v2,Product Info for BRG_2026-06-01__corporate_clone_2026-06-15_v2.xlsx,2026-06-02,43205-GK3-130,11,2026-06-12,13
corporate_clone_2026-06-15_v2,Product Info for BRG_2026-06-01__corporate_clone_2026-06-15_v2.xlsx,2026-06-02,43205-GK3-130,12,2026-06-13,32
corporate_clone_2026-06-15_v2,Product Info for BRG_2026-06-01__corporate_clone_2026-06-15_v2.xlsx,2026-06-02,43205-GK3-130,13,2026-06-14,32
corporate_clone_2026-06-15_v2,Product Info for BRG_2026-06-01__corporate_clone_2026-06-15_v2.xlsx,2026-06-02,43205-GK3-130,14,2026-06-15,35
corporate_clone_2026-06-15_v2,Product Info for BRG_2026-06-01__corporate_clone_2026-06-15_v2.xlsx,2026-06-02,43205-GK3-140,1,2026-06-02,13
corporate_clone_2026-06-15_v2,Product Info for BRG_2026-06-01__corporate_clone_2026-06-15_v2.xlsx,2026-06-02,43205-GK3-140,2,2026-06-03,13
corporate_clone_2026-06-15_v2,Product Info for BRG_2026-06-01__corporate_clone_2026-06-15_v2.xlsx,2026-06-02,43205-GK3-140,3,2026-06-04,12
corporate_clone_2026-06-15_v2,Product Info for BRG_2026-06-01__corporate_clone_2026-06-15_v2.xlsx,2026-06-02,43205-GK3-140,4,2026-06-05,12
corporate_clone_2026-06-15_v2,Product Info for BRG_2026-06-01__corporate_clone_2026-06-15_v2.xlsx,2026-06-02,43205-GK3-140,5,2026-06-06,19
corporate_clone_2026-06-15_v2,Product Info for BRG_2026-06-01__corporate_clone_2026-06-15_v2.xlsx,2026-06-02,43205-GK3-140,6,2026-06-07,19
corporate_clone_2026-06-15_v2,Product Info for BRG_2026-06-01__corporate_clone_2026-06-15_v2.xlsx,2026-06-02,43205-GK3-140,7,2026-06-08,17
corporate_clone_2026-06-15_v2,Product Info for BRG_2026-06-01__corporate_clone_2026-06-15_v2.xlsx,2026-06-02,43205-GK3-140,8,2026-06-09,10
corporate_clone_2026-06-15_v2,Product Info for BRG_2026-06-01__corporate_clone_2026-06-15_v2.xlsx,2026-06-02,43205-GK3-140,9,2026-06-10,10
corporate_clone_2026-06-15_v2,Product Info for BRG_2026-06-01__corporate_clone_2026-06-15_v2.xlsx,2026-06-02,43205-GK3-140,10,2026-06-11,9
corporate_clone_2026-06-15_v2,Product Info for BRG_2026-06-01__corporate_clone_2026-06-15_v2.xlsx,2026-06-02,43205-GK3-140,11,2026-06-12,8
corporate_clone_2026-06-15_v2,Product Info for BRG_2026-06-01__corporate_clone_2026-06-15_v2.xlsx,2026-06-02,43205-GK3-140,12,2026-06-13,20
corporate_clone_2026-06-15_v2,Product Info for BRG_2026-06-01__corporate_clone_2026-06-15_v2.xlsx,2026-06-02,43205-GK3-140,13,2026-06-14,20
corporate_clone_2026-06-15_v2,Product Info for BRG_2026-06-01__corporate_clone_2026-06-15_v2.xlsx,2026-06-02,43205-GK3-140,14,2026-06-15,22
corporate_clone_2026-06-15_v2,Product Info for BRG_2026-06-01__corporate_clone_2026-06-15_v2.xlsx,2026-06-02,43205-GK3-150,1,2026-06-02,8
corporate_clone_2026-06-15_v2,Product Info for BRG_2026-06-01__corporate_clone_2026-06-15_v2.xlsx,2026-06-02,43205-GK3-150,2,2026-06-03,8
corporate_clone_2026-06-15_v2,Product Info for BRG_2026-06-01__corporate_clone_2026-06-15_v2.xlsx,2026-06-02,43205-GK3-150,3,2026-06-04,8
corporate_clone_2026-06-15_v2,Product Info for BRG_2026-06-01__corporate_clone_2026-06-15_v2.xlsx,2026-06-02,43205-GK3-150,4,2026-06-05,8
corporate_clone_2026-06-15_v2,Product Info for BRG_2026-06-01__corporate_clone_2026-06-15_v2.xlsx,2026-06-02,43205-GK3-150,5,2026-06-06,12
corporate_clone_2026-06-15_v2,Product Info for BRG_2026-06-01__corporate_clone_2026-06-15_v2.xlsx,2026-06-02,43205-GK3-150,6,2026-06-07,12
corporate_clone_2026-06-15_v2,Product Info for BRG_2026-06-01__corporate_clone_2026-06-15_v2.xlsx,2026-06-02,43205-GK3-150,7,2026-06-08,11
corporate_clone_2026-06-15_v2,Product Info for BRG_2026-06-01__corporate_clone_2026-06-15_v2.xlsx,2026-06-02,43205-GK3-150,8,2026-06-09,7
corporate_clone_2026-06-15_v2,Product Info for BRG_2026-06-01__corporate_clone_2026-06-15_v2.xlsx,2026-06-02,43205-GK3-150,9,2026-06-10,7
corporate_clone_2026-06-15_v2,Product Info for BRG_2026-06-01__corporate_clone_2026-06-15_v2.xlsx,2026-06-02,43205-GK3-150,10,2026-06-11,6
corporate_clone_2026-06-15_v2,Product Info for BRG_2026-06-01__corporate_clone_2026-06-15_v2.xlsx,2026-06-02,43205-GK3-150,11,2026-06-12,5
corporate_clone_2026-06-15_v2,Product Info for BRG_2026-06-01__corporate_clone_2026-06-15_v2.xlsx,2026-06-02,43205-GK3-150,12,2026-06-13,13
corporate_clone_2026-06-15_v2,Product Info for BRG_2026-06-01__corporate_clone_2026-06-15_v2.xlsx,2026-06-02,43205-GK3-150,13,2026-06-14,13
corporate_clone_2026-06-15_v2,Product Info for BRG_2026-06-01__corporate_clone_2026-06-15_v2.xlsx,2026-06-02,43205-GK3-150,14,2026-06-15,15
corporate_clone_2026-06-15_v2,Product Info for BRG_2026-06-01__corporate_clone_2026-06-15_v2.xlsx,2026-06-02,43205-GK3-85,1,2026-06-02,5
corporate_clone_2026-06-15_v2,Product Info for BRG_2026-06-01__corporate_clone_2026-06-15_v2.xlsx,2026-06-02,43205-GK3-85,2,2026-06-03,5
corporate_clone_2026-06-15_v2,Product Info for BRG_2026-06-01__corporate_clone_2026-06-15_v2.xlsx,2026-06-02,43205-GK3-85,3,2026-06-04,5
corporate_clone_2026-06-15_v2,Product Info for BRG_2026-06-01__corporate_clone_2026-06-15_v2.xlsx,2026-06-02,43205-GK3-85,4,2026-06-05,5
corporate_clone_2026-06-15_v2,Product Info for BRG_2026-06-01__corporate_clone_2026-06-15_v2.xlsx,2026-06-02,43205-GK3-85,5,2026-06-06,7
corporate_clone_2026-06-15_v2,Product Info for BRG_2026-06-01__corporate_clone_2026-06-15_v2.xlsx,2026-06-02,43205-GK3-85,6,2026-06-07,7
corporate_clone_2026-06-15_v2,Product Info for BRG_2026-06-01__corporate_clone_2026-06-15_v2.xlsx,2026-06-02,43205-GK3-85,7,2026-06-08,7
corporate_clone_2026-06-15_v2,Product Info for BRG_2026-06-01__corporate_clone_2026-06-15_v2.xlsx,2026-06-02,43205-GK3-85,8,2026-06-09,4
corporate_clone_2026-06-15_v2,Product Info for BRG_2026-06-01__corporate_clone_2026-06-15_v2.xlsx,2026-06-02,43205-GK3-85,9,2026-06-10,4
corporate_clone_2026-06-15_v2,Product Info for BRG_2026-06-01__corporate_clone_2026-06-15_v2.xlsx,2026-06-02,43205-GK3-85,10,2026-06-11,4
corporate_clone_2026-06-15_v2,Product Info for BRG_2026-06-01__corporate_clone_2026-06-15_v2.xlsx,2026-06-02,43205-GK3-85,11,2026-06-12,3
corporate_clone_2026-06-15_v2,Product Info for BRG_2026-06-01__corporate_clone_2026-06-15_v2.xlsx,2026-06-02,43205-GK3-85,12,2026-06-13,8
corporate_clone_2026-06-15_v2,Product Info for BRG_2026-06-01__corporate_clone_2026-06-15_v2.xlsx,2026-06-02,43205-GK3-85,13,2026-06-14,8
corporate_clone_2026-06-15_v2,Product Info for BRG_2026-06-01__corporate_clone_2026-06-15_v2.xlsx,2026-06-02,43205-GK3-85,14,2026-06-15,9
corporate_clone_2026-06-15_v2,Product Info for BRG_2026-06-01__corporate_clone_2026-06-15_v2.xlsx,2026-06-02,43205-GK3-90,1,2026-06-02,11
corporate_clone_2026-06-15_v2,Product Info for BRG_2026-06-01__corporate_clone_2026-06-15_v2.xlsx,2026-06-02,43205-GK3-90,2,2026-06-03,12
corporate_clone_2026-06-15_v2,Product Info for BRG_2026-06-01__corporate_clone_2026-06-15_v2.xlsx,2026-06-02,43205-GK3-90,3,2026-06-04,11
corporate_clone_2026-06-15_v2,Product Info for BRG_2026-06-01__corporate_clone_2026-06-15_v2.xlsx,2026-06-02,43205-GK3-90,4,2026-06-05,11
corporate_clone_2026-06-15_v2,Product Info for BRG_2026-06-01__corporate_clone_2026-06-15_v2.xlsx,2026-06-02,43205-GK3-90,5,2026-06-06,17
corporate_clone_2026-06-15_v2,Product Info for BRG_2026-06-01__corporate_clone_2026-06-15_v2.xlsx,2026-06-02,43205-GK3-90,6,2026-06-07,17
corporate_clone_2026-06-15_v2,Product Info for BRG_2026-06-01__corporate_clone_2026-06-15_v2.xlsx,2026-06-02,43205-GK3-90,7,2026-06-08,15
corporate_clone_2026-06-15_v2,Product Info for BRG_2026-06-01__corporate_clone_2026-06-15_v2.xlsx,2026-06-02,43205-GK3-90,8,2026-06-09,9
corporate_clone_2026-06-15_v2,Product Info for BRG_2026-06-01__corporate_clone_2026-06-15_v2.xlsx,2026-06-02,43205-GK3-90,9,2026-06-10,9
corporate_clone_2026-06-15_v2,Product Info for BRG_2026-06-01__corporate_clone_2026-06-15_v2.xlsx,2026-06-02,43205-GK3-90,10,2026-06-11,8
corporate_clone_2026-06-15_v2,Product Info for BRG_2026-06-01__corporate_clone_2026-06-15_v2.xlsx,2026-06-02,43205-GK3-90,11,2026-06-12,7
corporate_clone_2026-06-15_v2,Product Info for BRG_2026-06-01__corporate_clone_2026-06-15_v2.xlsx,2026-06-02,43205-GK3-90,12,2026-06-13,18
corporate_clone_2026-06-15_v2,Product Info for BRG_2026-06-01__corporate_clone_2026-06-15_v2.xlsx,2026-06-02,43205-GK3-90,13,2026-06-14,18
corporate_clone_2026-06-15_v2,Product Info for BRG_2026-06-01__corporate_clone_2026-06-15_v2.xlsx,2026-06-02,43205-GK3-90,14,2026-06-15,20
corporate_clone_2026-06-15_v2,Product Info for BRG_2026-06-01__corporate_clone_2026-06-15_v2.xlsx,2026-06-02,44403-2CF-L,1,2026-06-02,1
corporate_clone_2026-06-15_v2,Product Info for BRG_2026-06-01__corporate_clone_2026-06-15_v2.xlsx,2026-06-02,44403-2CF-L,2,2026-06-03,1
corporate_clone_2026-06-15_v2,Product Info for BRG_2026-06-01__corporate_clone_2026-06-15_v2.xlsx,2026-06-02,44403-2CF-L,3,2026-06-04,1
corporate_clone_2026-06-15_v2,Product Info for BRG_2026-06-01__corporate_clone_2026-06-15_v2.xlsx,2026-06-02,44403-2CF-L,4,2026-06-05,1
corporate_clone_2026-06-15_v2,Product Info for BRG_2026-06-01__corporate_clone_2026-06-15_v2.xlsx,2026-06-02,44403-2CF-L,5,2026-06-06,2
corporate_clone_2026-06-15_v2,Product Info for BRG_2026-06-01__corporate_clone_2026-06-15_v2.xlsx,2026-06-02,44403-2CF-L,6,2026-06-07,2
